INSERT INTO OKM_USER (USR_ID, USR_NAME, USR_PASSWORD, USR_EMAIL, USR_ACTIVE) VALUES ('okmAdmin', 'Administrator', '21232f297a57a5a743894a0e4a801fc3', 'admin@noreply.com', true);
INSERT INTO OKM_ROLE (ROL_ID, ROL_ACTIVE) VALUES ('AdminRole', true);
INSERT INTO OKM_ROLE (ROL_ID, ROL_ACTIVE) VALUES ('UserRole', true);
INSERT INTO OKM_USER_ROLE (UR_USER, UR_ROLE) VALUES ('okmAdmin', 'AdminRole');
INSERT INTO OKM_PROFILE (PRF_ID, PRF_NAME, PRF_ACTIVE) VALUES (1, 'Default', true);
INSERT INTO OKM_MIME_TYPE (MT_ID, MT_NAME, MT_IMAGE_CONTENT, MT_IMAGE_MIME) VALUES ('1', 'application/vnd.oasis.opendocument.text', 'R0lGODlhFwAQAOeeABUyQBkyPxc2Rhg5SRg6Sh84RR05Rxk7Sxk7TCE6SBk9Tho9Tho+Txo+UBtAUhtBUxxEVx1FWB5GWSVLXSZOYTVWZzpVYkJVYkNXYz5ZZj5aZ0VYYjpdb0Jeb0JfbUNgbklebEhfa0Bic0pfbUxicUZlc01jckpqeVFpeUtsfFNqelRreFhuflJxgFZvgFl0hVl0hlp1hl52hl55i155jF56jF97jWB7jWR6iGV9iGl/jmiAkG9/h2uAjWiElnWDjG+GlXaEjniIkHeOmHmNmnaPoHeQoYGSnHyUn32UoICUooWTnIaWoYyVmo+Xm4yZoI+Yn4qbp46bo4mdq4qeq5GcpI6eqo+gq5Kgpo2isI6ir5WhqZGlrpakrZeosaGlqJmos56nraGnqZ2or5ypsp6ttpyuuaWsr6CutqGwuqKyvaOzu6KzvqO0v6S0v6izvKe1vq20t6e2wai2wLK1tqi4w7K4u7W4urK7wba6vLe7vbe8vrPBy77Bw7nEy7/Dxb/ExbrGzMXHyMbJysPKzcLN1MfMzsPP1tDR0tHS087T1tHT09DV2NTV1tTW1tTb39Tc39fd4Nzi5tzj597k5+Lm6uHn6uPo6+fn5+Pp7Onq6/Dx8fv7+/3+/v///////////////////////////////////////////////////////////////////////////////////////////////////////////////////////////////////////////////////////////////////////////////////////////////////////////////////////////////////////////////////////////////////////////////////////////////////////////////////////////////////////////////////////////////////////////////////////////////////////yH5BAEKAP8ALAAAAAAXABAAAAjlAP8J/HeCAgEATpwI+cHjR5OBECO+0ADAghM9mDh5MkTpzJ2IEV2EeORJo0InPyRx4uEE5EATK2QACMCDRxNHTlR64uFSoIUEAGZiKqmJxwoTX1b0/Oekk6ennpzQGRSpUZ8fP3pG8gToDI9OPJ6kqcNn0yYhPQcN+hm0hI8iRqZMycSp5VISEwAU2MRJI1RND3vGOJHXRKHDhfwaCuzyRokIAErIlZvpKZ2l/26IeADgTKfPoDt9wayZMxHEiDmNXppjc2QjsGFP2fRx6YwSnFmY3W12EGOXFIIGaFLli3HjxUEGBAA7', 'image/gif');
INSERT INTO OKM_MIME_TYPE_EXTENSION (MTE_ID, MTE_NAME) VALUES ('1', 'ott');
INSERT INTO OKM_MIME_TYPE_EXTENSION (MTE_ID, MTE_NAME) VALUES ('1', 'odt');
INSERT INTO OKM_MIME_TYPE (MT_ID, MT_NAME, MT_IMAGE_CONTENT, MT_IMAGE_MIME) VALUES ('2', 'application/vnd.oasis.opendocument.presentation', 'R0lGODlhFwAQAOesABQwPSgwMhg3Rhg5SRg6Shg7TBk7TBk8TS43OBo+Tzo1LRo/URs/UBxBUz03MBxCVBxCVR1EWB5HWiVLXSZOYTVWZ0VTVz5ZZj9baTpdb0Fea0tdZT9hcUNgbqtFAJZNGk1kb0dmdXJZRkpqektsfLxLAL1MAMFNAMJNAFJxgMlQANdWAMhcFNNaCWV9iOJaAG5+huldAOleAupeAOxeANtkFe1fAO5fAPViAORnFPdjAHiJkHeOmbl6UcV3Q+5rFLKBXutxIP5sCd12MnyTn/ZvFX2UoKKNfoyVmYuZoNGGVP55IP95IOKDRK6Vg8KRcN6JUOmGQ5OgptONXpGlrvGJQ82UbeOOVeCPWfiKQviLQ5eosdSWbfeMROWTXeaUXaSoqv+PRLmklv+QRuyWXeqYYdaeeKCvt9ChgvOZXeadbe6bY6iws+SfcPyYVaSzu+ygbayztvOha7G3usGzqf+iZP+iZfqla8m0pv2la/ymbOishP2mbLa7vci3rPyocOmvif+pcOC0lu2yir/CxL3Dxcy/tvK0i/2xfrrGzNK/s/a2i/K6lfu4i87GwcTKzv26jODIudTNyc7Pz/3DnNXPy/3EndbQy//EnejOvdvSzOvRv9Tc3/XVwPLYxt7k5/3cx//dx+fl5Ofo6Pzi0f3i0P/j0f/k0fPw7vP09Pj49/z8/P///////////////////////////////////////////////////////////////////////////////////////////////////////////////////////////////////////////////////////////////////////////////////////////////////////////////////////////////////////////////////////////////////////////////////////////////////////////////////////////////////////////////yH5BAEKAP8ALAAAAAAXABAAAAjeAP8J/BeCAgEASJDs2AFjB5KBECOmuCDAgpQ+o1StmiSKTZ+IEjtwWkVSoRQYn1TBeAhSIAgQLgAEgLGSE5KUq2C0FGihAQCZolapQgXjJRgQO/8lIckUSZxHnCYRarhzZCEwMFZJIcRpVKpVqHbsfPTIAoOfH1jUCBJkiKVVLHeCmCAT0CBGeOEEGRUXZIoRdEUwJckoyqS+EV2EiABA8ODCcZL+c8EBAoAjg1cVBiOZsk8geEPDycQ5KeUHjdmqbkJqTucQPlOgmk0b1SPEESn8DIBECpjfv6VIARkQADs=', 'image/gif');
INSERT INTO OKM_MIME_TYPE_EXTENSION (MTE_ID, MTE_NAME) VALUES ('2', 'odp');
INSERT INTO OKM_MIME_TYPE_EXTENSION (MTE_ID, MTE_NAME) VALUES ('2', 'otp');
INSERT INTO OKM_MIME_TYPE (MT_ID, MT_NAME, MT_IMAGE_CONTENT, MT_IMAGE_MIME) VALUES ('3', 'application/vnd.oasis.opendocument.spreadsheet', 'R0lGODlhFwAQAOfAABQwPRg3Rh85Mxg5SRg6Shg7TBk7TBk8TRo+Txo/URs/UBxBUyRCOhxCVBxCVSlFMR1EWB5HWitIMyVLXSZOYTVWZz5aWD5ZZkVZYj9baTpdb0Feaz9hcUNgbkhga0dmdUpqelNyRUtsfFJxgGCFJGmIDGqIDGV9iG5+h3SVDnSWDnaZDneaDniIkHyfDneOmYSqD3yUn32UoIWrD4apGIyWmY6jVY2wH4uZoI2hgZCyJJOqTJC4EI+5EpC5EZKqbpKgppK8EZqlgpe1O5Glrpm0T5fCEZjEEpeosZ25RqKwc53BLp+7SaKoqaK4X57GIaOqrqDHJp+utaPAS6mvlqDLG6e4cqbCUKXIPKm+aqOzuqyztq2/dKzEY6zFXqrLR6nQMKnRMLC+ha7FZqzMS67GZ7PDgK7TO7O5u7LKZ7DRS7i8q7a7vbLST7PSUbLVRbTOa7bPZ7fMd7zBrbjOdrjOd7u/wbnOd7nOeLfTZLnRbbrOfrfYUb7EqrnUZ7nUaLvRdr3Td73Sfr/ExrrGzL7UeL/Ve8PIuMDXdcHWfsTRm8PJzMPXgsbMtcPXg8bJysjKwcPcdcXWksTbf8XedsfYkcXed8bfeMbfesfef8bgesfge8jhesnhgMvdk8rig8vihdDWutHTy9HS0s3gk9LUzM/gnM/jktTWz9HmlNfaz9ffwNTc39riwtjppNjqo9rrpN7k5+HpyeHqxOfn5erq6+jyy+nzy+r0y+vz0+vz1O311O311fDx7fz9/P7+/v///////////////////////////////////////////////////////////////////////////////////////////////////////////////////////////////////////////////////////////////////////////////////////////////////////////////////////////////////////////////////////////////yH5BAEKAP8ALAAAAAAXABAAAAjhAP8J/PeBAgEANWq0aIGiRY2BECOOuBDAAhA2tHwBe0RrC5qIEj2wAqZRIRAUsXyheAhS4AcQJwAIQLFSVY2UwFC0FGhhAQCZtEjWQuHBQxMPO//V0AisaY0tj1iNGtRw58hBUFD4AmKHVa1evnq12PnokQUFP4GMqsWUJMudHybIpHHjho67smq9BTkChFwJsoDpCDxY1N6IJz5AAECCsOMtSf+d4OCA8d3LOmw1iTzZJ4lZvm6AvsFrc9LJDRi3Cr36hq6Ppz/4lECjdu0htB4djkjhp4AaQJoIFw4ECMiAADs=', 'image/gif');
INSERT INTO OKM_MIME_TYPE_EXTENSION (MTE_ID, MTE_NAME) VALUES ('3', 'ots');
INSERT INTO OKM_MIME_TYPE_EXTENSION (MTE_ID, MTE_NAME) VALUES ('3', 'ods');
INSERT INTO OKM_MIME_TYPE (MT_ID, MT_NAME, MT_IMAGE_CONTENT, MT_IMAGE_MIME) VALUES ('4', 'application/vnd.oasis.opendocument.graphics', 'R0lGODlhFwAQAOegAAoYHwwcJAwdJRAnMhInMR4lKB4mKhIqNhIrNxMsORMtOhQvPRUxPhYzQRY0QyExORg6Sic4QBxBVCY+ShxCVBxCVR1EWDBDTSJJXSdJWS9OXCxQYjxMUz5OVj5SWzpZaD9hcUZgbUBic0Jjc0pjcUVnd0doeE9mb2JjZEtremRkZFZrdWZmZlhxf1h1gmRxd1t3g2R1fVx6iGp3fnB3e2F9iWB9jHZ2dmJ/jXp6enp7e3p8fX5+foCAgJmAQYGBgYODg4SEhIaGhoSHh4mJiYuLi46Ojo+Pj5CQkI2Wmo2Xm5WVlZWWlpaWlpSYmpOanJmZmZebnJqampubm5ycnJ2dndSbEp6enqGgoaSkpKWlpaOpraSrr+unBqWtsO6pBq2trrCwsPavBrKysvuyBvazFfyzBre3t/61Bv+1Bri4uLu7u/+6Fu67QL6+vva8M8LCwvbBQsDFx//DNfvFQ8jIx8jIyMnJyf/IRMrKysvLy83NzfzNY/7QZNXV1dPY29fX1/7Xc//Xc9ra2v/Zg9zc3O7ctN3d3fbfq+Hh4fzgoOPj4+Xl5ejo6Orq6uzs7O3t7e7u7vDw8P/x0PPz8/b29v/24Pn5+f757vr6+v/67/v7+/z8/Pz9/f39/f7+/v///////////////////////////////////////////////////////////////////////////////////////////////////////////////////////////////////////////////////////////////////////////////////////////////////////////////////////////////////////////////////////////////////////////////////////////////////////////////////////////////////////////////////////////////////////////////////////////////yH5BAEKAP8ALAAAAAAXABAAAAj+AP8J/GdiAwQETpgMAZLjR5GBECO6+OCAQ5Q1jS6B0rMIjJqIEVuE+AOKEygoRKb0SHRpRxOQA0+siBHAwI0cRwBJYQlKB0yBHS4QAFCAEahLkG6wQKFFxc9/TzqBmgpqyZg7h/zA4RHkZyFQcrbQ8HTFzSBHlDZJEvIzjx0PEw4I8GGlCxlBUzO9fEoiQ4MIX8rQYZNmEqhHR57CSIGhwQxCmjTNKQxqj5GnOEpYWKAElCXCeKaGefoPh4gKCrh8CoSmD6ZPn7KQtgFCQgIvnPiYUcSpNxbSNUZQUJCkEiIxYt7EeXOGtIwSEhi8iBTJUJsv2OtcfqphwYAHSKoJaBk/nsoVkAEBADs=', 'image/gif');
INSERT INTO OKM_MIME_TYPE_EXTENSION (MTE_ID, MTE_NAME) VALUES ('4', 'odg');
INSERT INTO OKM_MIME_TYPE (MT_ID, MT_NAME, MT_IMAGE_CONTENT, MT_IMAGE_MIME) VALUES ('5', 'application/vnd.oasis.opendocument.database', 'R0lGODlhFwAQAOfOABQwPSMuMhg3RjAwLSg0OBg5SRg6SjIyMBg7TBk7TBk8TRo+Txo/URs/UBxBUxxCVBxCVR1EWB5HWiVLXSZOYYQyAYQzAVtCMXY+GpE4AUFRV5Q5AZU5ATVXZ5c8BJs7AYlBFD5ZZp89AT9baUZZYjpdb6I+AaI/AUFea6ZAAT9hcUNgbqdCBKRFCkphbK5DAa5EAq5EA7NEAUdmdbRFAaVKEbJGBLNGA7ZGAbdGAbBJCbdIBEpqerdJBbFLDEtsfL5JAcFLAapTHcJMBK1UHlJxgMZSCsVUD7JaJMdUDq9cKbxcIbldJLFhMLViLsBfJMpcGrRjMcVeIGV8iKdpRLxkLsZhJKBtTm1+hsliIstiIcdjJ8NnLsxlJsloLsxqLc9tMXiIkLt2S7V5VXeOmc52QJWIfs54Q855RXyTn32UoMN/Va6GbdR7Rch/UryFY6KNgbeKb8SHYpCYnMaIYYyaoNeEUr2MbtSHWc6MZJOgptmMXbyWfsmScdiOYcuSb5Glrs6SbtqPYNqPYcKXfdSTa9STbK+flJeosdmVbNuWbKKoqtuXbdCbedOad9CcfNuZcdebddCeft6acdicd5+utt+ddKeustGihN+edaSzu+Chetujgdukgqyzt9ymhbyxquGmgt+nhM+slr+xqeKng8Syp7O4u+Oqh+Gsi7a7vd2xlce9tsu8s73CxbrGzMHExue5nOe5nem6ncvEwNXDt8TKzt7KvdPOy8/Q0OHMv9XQzdnSztjT0OnPwOjTx9Tc3/HXx/LXx/Pd0N7k5/Le0fXe0ePk5fXf0efl5O/s6vr6+v39/f7+/v///////////////////////////////////////////////////////////////////////////////////////////////////////////////////////////////////////////////////////////////////////////////////////////////////////yH5BAEKAP8ALAAAAAAXABAAAAjxAP8J/DeDggEAc+aECYMljJmBECMWCSFAwxxVyZY1s3Xs0qmIElcAa8as2RwzCo8twzIH5EAXPKYECICFZa85KpthcSlQgwMAM481W6YMiwsXi1zw/DenZLOnczzZAtYLVkOeI2EtwsLsitdRGZU9dGnLloYGQDGAUNLEQ5OMLZe6mAA0wy+NujxgUhbXZREedAd4IHTrVh8Pj3L1BTllRgQAFzzU8CBZr6el/6aogAAAA5VkxYola9JnEWbNPzE0YcaaGWnTSzU/gJxh1K9fmCqM+hh7xk8XYzKAAJGBTTJbi0FSAACAwBw9i6JHfw4yIAA7', 'image/gif');
INSERT INTO OKM_MIME_TYPE_EXTENSION (MTE_ID, MTE_NAME) VALUES ('5', 'odb');
INSERT INTO OKM_MIME_TYPE (MT_ID, MT_NAME, MT_IMAGE_CONTENT, MT_IMAGE_MIME) VALUES ('6', 'application/msword', 'R0lGODlhFwAQAMQfAJSt6Ofq99Xc57rK8mR5rfn6/fP1+3CT6RM6VydNjylWpKSyu6e77HuX1xVGkVV3yWaI23OTykR13DRgse3v+Yij30ZswICc1QY4gnmNnVh91HKN0maBwV2C1v///////yH5BAEAAB8ALAAAAAAXABAAAAW/4PcdJAlBXac9j+VOYiweQ20zOAPsACzPA49wWCgWDb0fcCg0FgxQgEI5GjQ2mwejoCiwNJbKVAmx7ggeSGIA4EwuYmonWCEEKoA1Y4KgVBJyWw0cDBwSCQAWCRkUFw5UGlsbBBeHFm4IAo2PSloFHAeHAhqHjAGOVJ4PhwEUipkBAQ2cPxYMBgoJCwYUCggLsQERGFQWAFBQFMoUwcLESsbIy8zNw8U8ABXaFxcNEd/WShPjCuUJDugOGOvrPyEAOw==', 'image/gif');
INSERT INTO OKM_MIME_TYPE_EXTENSION (MTE_ID, MTE_NAME) VALUES ('6', 'doc');
INSERT INTO OKM_MIME_TYPE_EXTENSION (MTE_ID, MTE_NAME) VALUES ('6', 'dot');
INSERT INTO OKM_MIME_TYPE (MT_ID, MT_NAME, MT_IMAGE_CONTENT, MT_IMAGE_MIME) VALUES ('7', 'application/vnd.ms-excel', 'R0lGODlhFwAQAMQfAPz9/ISsddvp2+v06425gHijaFGLOg1uDfX59URpL+Lu4nS1ay1QHFmkVJzHlGeVWHGbXufw51mCVqfQnbLWqjSHMVh8QkuVSPD38GGHTGarXy9RKzdcJUtyOV6TSP///yH5BAEAAB8ALAAAAAAXABAAAAW94PcRRBAUBfQ8WWa9XSfOIkFR0+TsZGkWMlqNAigaEUgMZgAUigJEIwCJUA6YQWFgAlhoNA+kZCwZQBLOT4F7oSwWHsmiUTkozumCo3iZeA10BxEKD2hOEHtIFQ4aDQl2CoSGQg8EVHQEHhccKwoeHGmVVQ1zB5mbAQKfaRmWDRuwGwdwm6qgThYBS1eDAbEbAgYMabm8g5ECycnCxAUDEccKysrMTh0oKSoPHtwG3tVCMR0J5OUc5wzpwzQhADs=', 'image/gif');
INSERT INTO OKM_MIME_TYPE_EXTENSION (MTE_ID, MTE_NAME) VALUES ('7', 'xls');
INSERT INTO OKM_MIME_TYPE (MT_ID, MT_NAME, MT_IMAGE_CONTENT, MT_IMAGE_MIME) VALUES ('8', 'application/vnd.ms-powerpoint', 'R0lGODlhFwAQAMQfAK5JMvqnbOtyM//695E0Kv7ayGoVE+iSbPy5h7RcQ//m2f7z7f3RufDDjdVkLu2IVb1bK//u5dN4Wf3DpsNjSfmVV8ttUfeISeKGZfN/Qe6RSdqAYO+XXsFzWv///////yH5BAEAAB8ALAAAAAAXABAAAAXJ4PcdJIZtkmRRVJIAsCiLB2IHeFBV15VlAsBMVvMYj4PBYhkJDmkIz+GkWrUSTeETEzUmlcyIQkB4fjYBIyNBICQQEfG4/JSkGYDFwNBGMAwKDnRDdgMJeh4GEA8JCgoFgmYWFQMEGQ8HAA8cBBMGBRCDMxSUBA0NCA+bBAWtEAZmFBcLCRoNAaoZCZ6gsE8JGQt4GhwPGQAIrQyvZsBxDB1tHckFDHi+QwACco6tytYA2DPaAuUCDugQ6hAw4jIwAG3yBAb19u4hADs=', 'image/gif');
INSERT INTO OKM_MIME_TYPE_EXTENSION (MTE_ID, MTE_NAME) VALUES ('8', 'pps');
INSERT INTO OKM_MIME_TYPE_EXTENSION (MTE_ID, MTE_NAME) VALUES ('8', 'ppt');
INSERT INTO OKM_MIME_TYPE (MT_ID, MT_NAME, MT_IMAGE_CONTENT, MT_IMAGE_MIME) VALUES ('9', 'application/vnd.ms-project', 'R0lGODlhFwAQAMQfALTGs9Pb0+T45Ki0qfv++lBpT9jr2IyajXWVcoakhZukmpu1l2N3ZHiJeWyCab/QvkhaR/D38KbDoYCcf4+qjeTw5aK6nztUN+3+7JWvk4CUgEBZPVl1VmSAYW+Kb////yH5BAEAAB8ALAAAAAAXABAAAAXd4PdJ0jAoVJJoiOc4XMeJtEg+OCBZgLVYmQViVhMtHoSk4GEJJCMYTIZYXACSBJzmEKhEIgIKtZa5EgxMRiDw6GIohaIocY3gOo12ADAwwOUfdARsFB0BCicDBwsZcXITEhEDABwLGA8UGgweAH9yCBIADQ0doWiaCAYJEICgFgwaexkWFBkNAxirgA4LFQoKXQCaDA0GAhOscrwYEYcDAQMeDAMVBhMbgB0UXxEVAAcHEx4G5NeAHBkYAgJRBhYIANXHF+ceCRP4LC2jLwX0ch1kFBg4EILBgwaLhAAAOw==', 'image/gif');
INSERT INTO OKM_MIME_TYPE_EXTENSION (MTE_ID, MTE_NAME) VALUES ('9', 'mpp');
INSERT INTO OKM_MIME_TYPE (MT_ID, MT_NAME, MT_IMAGE_CONTENT, MT_IMAGE_MIME) VALUES ('10', 'application/vnd.ms-access', 'R0lGODlhFwAQAMQfALeQpcqYrnAhT6hykclokv77/te5xc+nuYxddujK1+OpwZdqhP/r+oQzYf/z/d/D0PHX6FETPPTr8t+Wsvbl631RZZdggvjn9bCBnu7o76Vgguny9c5+nff0+////////yH5BAEAAB8ALAAAAAAXABAAAAXP4PdNymEGAIANrIVYjSiLypM8j6GbR4AOsRkt4Sl6CgWH5OIoYoLCA9FYoOhSjwJGIBQdHkaPNRHQDBaJbfcTyB4LNgWBw6mkuN2AofA2TDgEgQIqeEIYBlQHdIENEQ9qXYdGZBMEDQIRAB0LhTMYB0cPAXQCFQsGDgwDEWsDBw4GAROXCBQOHRQMC6xdGgEQPhUVEA4UEscOu2u+EhWlCR0bFxIZErq8QggAHhAPGQUdHQzjDMnYMxYDGBgqLCwL8AuNaw31Avf4Efr75x8hADs=', 'image/gif');
INSERT INTO OKM_MIME_TYPE_EXTENSION (MTE_ID, MTE_NAME) VALUES ('10', 'mdb');
INSERT INTO OKM_MIME_TYPE (MT_ID, MT_NAME, MT_IMAGE_CONTENT, MT_IMAGE_MIME) VALUES ('11', 'application/vnd.visio', 'R0lGODlhFwAQAOfAABcZRBwkZBwlZB8maCIpbSIpbiUrcyUrdCcteSkvfywyhSwyhi4ziy40jDA1kTE2kTI3ljM5mzQ5mzY8nzc8oDg9ozs/pzZMpjRNrzRNsENQvENRu0BWtj9ZukFav05enENfy0dhxUtlzkxmyktmzk9i31NpwFVn4FVo4FFs2VNt2FBu4Ftu4lx102J142N44WJ63WN54WV82HN+sHN+sWh75XN/s3SAtnWBtm2B0XWCuHWCuXaEvHeEvXeFv2+C52+F23iGwHCD53uGwXmHw3mHxHuJx36KxHyLyn2LzHeK6X2Nz4GNyn6O0HuO2X6P0n+P0oOS0H+R6nuS83yT7H2T64GT4YCS636V7n+V7H6W84OX5oCX8oKY8YaY7YeY7Yeb6oma7Yec7Ymb7Yic8oud7o2d7Yye7o6f7o6g6Yyg74+g7pCi75yl0pOk8JSk8JSl8JWl8Jio8Zmo8qCr35ur8Jyr85ys8Z2s852t8p+v8aGw86Cx9qCy96Ky8qKy86Oy8qKz9qez6qyz4ay04q204KW19Ka19Ka19aO1/qW29qW4/6m49ay57qq59a2797G/9rW/8Le/7LTA87PB97jB67vE87rG9bvH+LvI+MPP/8vR8c3T9c3T9tPX+Nzg+N7g+eDg9eHl++Pl++bm+efm+efn+ebq/Ovq+urs++vt++7s+uvu/O7t+u7u+u/u++/v/PDw/PHw++/y/fDy/fLy/fPz/fTz/fP1/fX0/fb1/ff2/ff3/fn4/vr6/v3+/////////////////////////////////////////////////////////////////////////////////////////////////////////////////////////////////////////////////////////////////////////////////////////////////////////////////////////////////////////////////////////////////yH5BAEAAP8ALAAAAAAXABAAAAj+AP/9MwNIz504aL5cUfKjhgsWKEpoEEhRoB9FlCA9cnToD545cNicCRPDQkWKeij9wjWL1SlRvnqp2pLrFpQKJwXWgYTrEqZAXFb04pWKjq1aTSbk/Pfm0axMmhJhIbFLF6xJtWQlibAUDSNWfBZpkdFBV65ROWS9QgJhqRdDp7pMgWHiQs1Yn161MvJgqZQ9tBo5aRGlzdFPIFytKsJgqRI7MSuJ2XRUFihOq1AFUbBUiJyhlsh0yuoJkRpJpnokWFrDDS9dkaiASWMlT58sIwjtQLDUxRqzglSI8MABSJUUGZjgMLCURZlclV8pHhQCw5BQNggsPTHmVla9mUkxFToSqtSMAUtLvHiyJAkSI0R88NBxwwaNDwKWbrBQgYIECA40sEACCBxQwAABAHBSQAA7', 'image/gif');
INSERT INTO OKM_MIME_TYPE_EXTENSION (MTE_ID, MTE_NAME) VALUES ('11', 'vsd');
INSERT INTO OKM_MIME_TYPE (MT_ID, MT_NAME, MT_IMAGE_CONTENT, MT_IMAGE_MIME) VALUES ('12', 'application/x-mspublisher', 'R0lGODlhFwAQAOfpABIlLBY7RBY8RRg9Rho+SBo/SB1BSh1BSyBFUCFFTyRIVCZKViZLVidOWihPWyxRXS1RXi9SXy9TXzJUYTZaZjZbZjpfajtfajJmcjljbzRmbylwfUJqdDJ0gTd3hDd5hj1+ij99ikN/i0CBjFB+hkOEj1d9hFh+hFh+hUKHk1l/hVp/hVeBiFuAhlyBiEuIk12BiFCHk16CilKHklOIk0+KlVGKlF+FjFeIkleIk2GGjGKGjmGHj16Jj1iMlFiMmFSPmWOKkFyNl2SLkVuPml6OmWaMkmSOlV2RnGaOlF6RmmCRm2iPlFSXommPlVqVn2mQlV6UnmKTmlmXoGuQlmaTmmuSmFyYomySmGeUm2GXoWyTmmSWoGeVn26Um2WYomiYomuXoGqYomWapWeapG2YoWmapGSdpmacpmWdpmKfqGWeqHCaom6bpGWgqmegqXKcpGahqnCdpnGdpm+ep3qaoWuirHaepnGhqmqkrm2krHWhqnKjq3GkrXmhqHiiq3uhqnyhqnyiqXqjrHujrIKhp3imroWiqXmpsoijq4qjqn2ptICrtH6stnuvuYGut4Stt4KvuH+xuoWwuIWxuoeyuoO1vIizu4W2v4u0vJWwuIi2vou1vou2vYu3vo+3vo64wJK3voy6wpC5wJK4wJG5wJC6xJW6wJa7wpS9wpa8w5C/xpa9xZi+xpbAx5q/xZu/x5bCyZzAyKa9wqHAxZ3DyZ7DyKTCyaXFyqPIzqjIz6nIzafK0K/HzKzJzavL0qzM0q7L067N0rPP1LnU2LrU2LvV2r/W2b/Y3cbd4c/e5M/i5NTj6Nbj6Njn69vn7N3r7OHs7eLu8OTu7uXu9efv7+fv9Ofv9efx8uz09+r29+729+/39/D4+fX3/PX7+/f6+/j7+/T9/fn7/Pf9//v9/ff///j///z//////////////////////////////////////////////////////////////////////////////////////////////yH5BAEAAP8ALAAAAAAXABAAAAj+AP/9MxIIkJ87cNiUCdNlSREhOXBwEEhRICFTrViVGvWp0yZKkR41WjTmQkWKg2SVGxeuJbhw38SZI+dtS4WTAv/AwmXLlShHeZo84ZTMGzcrE3D+m4PK2CtkdiypWZMimKpQy5xEUCoHVTphv/Sck+YGBClnZHwxgaC0zal0vGq90XbszAZawEIU6uFAqZhS6XJhmhInzYcYxLT4qBNkgVIwoNDFQjRiD51byzy9IKGMhwKlXDKZW9VHRDFs0IYBUXKI2o0ESpFc6iYJjQczeHbxscGCmTUXBpQSqZTqSo0OGLJEKSEl0bVqKwgo/TFJFyNDghT1OlJFR7Nq004+DFBKA5JRbty2ZXumaRb4aCYEKJ3xxQsWKlCSDNkhA0YLFShoEIBSGVhAwQQSPNAAAwogcEABAwgQAAAnBQQAOw==', 'image/gif');
INSERT INTO OKM_MIME_TYPE_EXTENSION (MTE_ID, MTE_NAME) VALUES ('12', 'pub');
INSERT INTO OKM_MIME_TYPE (MT_ID, MT_NAME, MT_IMAGE_CONTENT, MT_IMAGE_MIME) VALUES ('13', 'application/vnd.openxmlformats-officedocument.wordprocessingml.document', 'R0lGODlhFwAQAOeOAAAugQUzmBRGpyREoDVJYzZKZCtKqCRPnSFTxSVVpjNSsExUX0hXazpZuTBcwEBdmD5eo0JiwSxqz0lqyk1urkhvxVFx01NzwVJ10Ft2snR3fnR4flh52nd6fnl7fzuF2Xl8f3p8fl9/xFx/4F+CyV6C1mWKvniXznyY14GW4H+X4Xej63uk6ZOit3ql6JWkuX+n54Cn54+k2Zamu5movpWm5ISr5piqvIWs5oit5ZyrwIqu5JCu1pWs3Zytx4yv5I+x45Gx4pWz4p+w5pW04pyz66W0ypm24Ka2y6i2zZ243p6436e16KG63aq5z6u60aS73aW83K290q286a6+1LDA1rHB17LC2LbD67rF1MDW7Mfa+Mnb+crb+Mzd+M7e+M7e+dDg+dbh7dLh+tLi+tPi+tPi+9bk+tbk+9fl+tfl+9jl+tnm+9rm+9rn+93n9Nbq89zo+9Tr9d3p+9/q++Hq++Hr+9ru9uHs/OLs++Ls/Nvv9+Tt/OXt/Obu/Ofv/OLx+Ojw/ePy+enw/Onw/enx/ezx+e30/e/0/ez2++/1/fP3/vT3/vT6/P///////////////////////////////////////////////////////////////////////////////////////////////////////////////////////////////////////////////////////////////////////////////////////////////////////////////////////////////////////////////////////////////////////////////////////////////////////////////////////////////////////////////////////////////////////////////////////////////////////////////////////////////////////////////////////////////////////yH5BAEKAP8ALAAAAAAXABAAAAj8AP8JFHjFShUqUp44SYLEyMCHEEdInDhi0aJDOgpAhKhiCpaPHzkwYoToRRaNG/9ZGMLEkcuXjkIoalGgZsoJNWoUKfEGhaEMJxjwKBQFCkqIEVKkaIRBBokeFG6A4DEITxMCKRsgQJCowoUDDh6I8cDDDx0lWDcqkCBBEAQRCQD4ANSBB585R9JCNPDhw54AWkwIgHNHaJ02QvQ+HMBYjuPHcjToiXMGiOKNCzZsYMCZMw81Y3ZchkgjEKFAf/rYiZOmDBgcox/OyKOHh+3bX7rEiD3wRRs3bNagMRPGC5ctLHgLbEFmyREiQX7ksAHDxQrl/who3859O8SAADs=', 'image/gif');
INSERT INTO OKM_MIME_TYPE_EXTENSION (MTE_ID, MTE_NAME) VALUES ('13', 'docx');
INSERT INTO OKM_MIME_TYPE (MT_ID, MT_NAME, MT_IMAGE_CONTENT, MT_IMAGE_MIME) VALUES ('14', 'application/vnd.openxmlformats-officedocument.wordprocessingml.template', 'R0lGODlhFwAQAOerAAAugQUzmBRGpyREoDZJZDVKYzZKZDZLZTdLZjhMZitKqDhNaDlNZzlNaCRPnTpOaDpOaTtPajxQa0pPVz1SbSFTxSVVpj9UbjNSsEFVcEJWcUhXa0RYc0ZadEZcdjpZuTBcwEBdmEhed0leeD5eo1BheVJke0JiwSxqz1Vofllqgklqyk1urkhvxV1wh2tvdV9yil5zjmFzjFFx01NzwVJ10Ft2snF2fmV4kHR4fmZ7lml7k1h52mp9ljuF2Xt8f19/xH1+f1x/4F+CyV6C1neDk2+FoXiElHmFlXqGlmWKvtJ7In2JmYKOnYaSoX+XtniXzouXpXyY14GW4H+X4YObuY+aqJSeq4mgvZSfruyXO+2XO4+mwo+k2e2ZPO2aPO2cPJWm5O6dPJiqvO2ePe+gPJesyZStzpCu1pWs3e6iPZytx/CkPvCnP5+w5p+zzpu00/GqPpyz6/KuQKe16PKwQK+3wqa51POzQaa71/O0Qau+2K286bbBz6/C27bD67fI3r3N4fvMdfvOesDW7PvRgfvTivvWlMvd+czd+dbe6s7f+tDf+dbh7dPi+tXk+tbk+tfm+t3n9Nvn+9bq89zo+9Tr9d3o+uDr++Hr/Nru9tvv9+Xu++bv/eLx+OPy+enw/Onw/erx/ezx+e7z/e70/ez2+/L2/fT4/vT6/Pf6/v///////////////////////////////////////////////////////////////////////////////////////////////////////////////////////////////////////////////////////////////////////////////////////////////////////////////////////////////////////////////////////////////////////////////////////////////////////////////////////////////////////////////////yH5BAEKAP8ALAAAAAAXABAAAAj+AP8JHKgHT505cdqwKSPmy5YlAyMKFEKxopBDhwwVGiQIokSBVPj8GTmShxo1ZMB40eJR4gw3dFbJnLkqiCpUpQJB+PhvRZgwcohIkjLKBpQNaNCIAvSA54kpU1LV6DIkDYsxP06h6eSnAc8PFSqYakHDAYgQjTaQQpMpDwOeGFCg+EQCiAUAazxtCIWmEpwFPBX48LEpACElAihpQorm0ZkEPAdItkS5sqUbkyAxegKZp8AJL3JsGD06aaIYCDwLzKIIFCdMlyI5WoQohpEDnu1csRLFSRMmSZAcKVKEiw4DnvvAMPKkChYuZt7c2cMlhh8CqkuUMJFChQsZOHYY9Ojx5EwB1QL7jBDhoQMHDRkuUJAQQWJAADs=', 'image/gif');
INSERT INTO OKM_MIME_TYPE_EXTENSION (MTE_ID, MTE_NAME) VALUES ('14', 'dotx');
INSERT INTO OKM_MIME_TYPE (MT_ID, MT_NAME, MT_IMAGE_CONTENT, MT_IMAGE_MIME) VALUES ('15', 'application/vnd.openxmlformats-officedocument.presentationml.template', 'R0lGODlhFwAQAOeVAKQXCMcSANUWAK4iEDZJZDVKYzZKZDZLZTdLZjhMZrouGDhNaDlNZzlNaDpOaDpOaTtPajxQa0pPV9EuGD1SbT9UbkFVcEJWcUhXa0RYc8U6IkZadEZcdkhed0leeFBhedRENlJke9NIK1Vofu9GG1lqgl1wh2tvdd5UNd9UN19yimlxfV5zjmFzjGtzfW1zfW50fXB1fdxbSmV4kHJ3fXR4fmZ7lml7k+pfPWp9lnl7fv1hK3eDk2+FoXiElHmFlehsTHqGlvRrRdJ7In2JmYKOnfx0S4aSoe59Wn+XtouXpYObuY+aqNaLhpSeq4mgve6OdvGPd+yXO+2XO4+mwu2ZPO2aPO2cPO6dPO2ePe+gPJesyZStzpCu1u6iPfKcgt2gnPCkPvCnP5+zzpu00/GqPvKuQPKwQK+3wuaqpKa51POzQaa716u+2OWyrrbBz6/C2+65s7fI3u3Avr3N4fvMdfvOevvRgfvTivvTjPvUj/vVkfrRz8vd+czd+c7f+tDf+frZ19Xk+tbk+tvn+/vh4Nzo++Hr/OLs/P3q6ebv/enw/erx/ezz/e70/f7z8vL2/fT4/vf6/vn7/v76+v///////////////////////////////////////////////////////////////////////////////////////////////////////////////////////////////////////////////////////////////////////////////////////////////////////////////////////////////////////////////////////////////////////////////////////////////////////////////////////////////////////////////////////////////////////////////////////////////////////////////////////////////////////////yH5BAEKAP8ALAAAAAAXABAAAAj+AP8JHOhlzRkzZcSE0YLFypQhAyNG9LJHTx48GPHcsVMHosSBRkKKNJKl5JUqUjx+jBJnjkuXQiZJkhTJEZ0HH//hSOOmks+flTB06cJIjoOcKMCAoUTpCxJKT3VAaqQIToOcIpo0eQQFCJBHYIV2OcSGQU4NAgQkSsGWbaIaixAZIrMgpwISJArJmMBXRiGxgrgkyDlgx45AgUAEAIH4BaFBgJIM/gigMp/LmPmI9cMCQc6BEk7UoBEDhosVf/qw6HHgMxonTJQcKUIkyA8fPHhQsWHg8xsVPZIseUJlyxg1baiwgEPg878PH0KMKGGixYwbOXIk4VLAucA3HjoNcNiQ4YKFChQiQJAYEAA7', 'image/gif');
INSERT INTO OKM_MIME_TYPE_EXTENSION (MTE_ID, MTE_NAME) VALUES ('15', 'potx');
INSERT INTO OKM_MIME_TYPE (MT_ID, MT_NAME, MT_IMAGE_CONTENT, MT_IMAGE_MIME) VALUES ('16', 'application/vnd.openxmlformats-officedocument.presentationml.slideshow', 'R0lGODlhFwAQAOeFACFEjCJHkjVJYzZKZDdNaCdQpTxQaXw4sDxSby5YrUBZeUZZckZZc0Vgg1FifDpjt8FMGsFNG0tojT5ou0BpvVdpgkVuwFFvljly4lV2n1l7p0p+41x/rGOP5W+X54eWs3Ga6Hac6Hec6Haf7Hej63uk6ZOit5WkuYCn54Sm6pinvYCq7mTJGIWs5pyrwJyswIqu5JCu1oiu9Y+x4+WigpWz4oy086W0yqa2y6i2zZ243qG63aq5zzzqLqu60aS73bG6xq290pq/+KPA+LDA1rHB17LC2LrCzKjE+rrF1KfK/MTK0rDQ/83T2MLV9sPV9rXkmsfY99PY3Lvnmsfa+Mnb+crb+Mzd+M7e+dDg+dHg/9Lh+tPi+tPi+9bk+tbk+9fl+trm+9vn/9zo+93p+9/q++Hr++Hs/OLs/OTt/OXt/Ofv/Ojv/Onw/Onw/erx/ezz/O3z/e30/e/0/e/1/fD1/fL3/vP3/vP4/vT4/fT4/vX4/vb6/vf6/vj7/vn7/vr8/vv8/vv8//z9//7+/////////////////////////////////////////////////////////////////////////////////////////////////////////////////////////////////////////////////////////////////////////////////////////////////////////////////////////////////////////////////////////////////////////////////////////////////////////////////////////////////////////////////////////////////////////////////////////////////////////////////////////////////////////////////////////////////////////////////////////////////////////////yH5BAEKAP8ALAAAAAAXABAAAAjuAP8JHGikCJEgPnjkwHFjoMOHAo0UIjQIEJ87clwMgDhwgcePH/3koXMiyUaO/1RIabLkCJAFgWLINDGgJkoVU3pA+fBhgaA+eOa0OfPjJEQVB1hEEKPFwB+ZMsvsEHDzHwQagwYJ6KNnzps0ZHRQRVnBAQMDW6HKDFNjLMp/DPbssVMHDhs0Y7zMcMuRwQsGdOKojbEFBl+OIaK4WaPGzBgwXLC0OPwwxRAPT8oMtoKC8kARSGSA6ODkS5csV6pQKeH5X4gHFEZMSFCACRMlQmysINFa4AYLAThw0JDhgoQGChAQePsPQwAAzB8GBAA7', 'image/gif');
INSERT INTO OKM_MIME_TYPE_EXTENSION (MTE_ID, MTE_NAME) VALUES ('16', 'ppsx');
INSERT INTO OKM_MIME_TYPE (MT_ID, MT_NAME, MT_IMAGE_CONTENT, MT_IMAGE_MIME) VALUES ('17', 'application/vnd.openxmlformats-officedocument.presentationml.presentation', 'R0lGODlhFwAQAMZwAKQXCMcSANUWAK4iEDVJYzZKZLouGNEuGExUX0hXa8U6ItRENtNIK+9GG95UNd9UN9xbSnR3fupfPXp7fnp8fv1hK+hsTPRrRfx0S+59WtaLhnej63uk6ZOit+6Odnql6PGPd5WkuX+n54Cn55amu5movoSr5oWs5oit5ZyrwIqu5JCu1oyv5PKcgt2gnI+x45Gx4pWz4pW04qW0ypm24Ka2y6i2zZ243p643+aqpKG63aq5z6u60aS73aW83K290q6+1OWyrrDA1rHB17rF1O65s+3Avsfa+Mnb+crb+PrRz8zd+M7e+dDg+dLh+vrZ19Li+tPi+tPi+9bk+tbk+9fl+tjl+tnm+9rm+9rn+/vh4Nzo+93p+9/q++Hr++Hs/OLs++Ls/OTt/OXt/P3q6enw/Orx/e30/e/0/e/1/f7z8vP3/vT3/PT3/vT4/f76+v///////////////////////////////////////////////////////////////yH5BAEKAH8ALAAAAAAXABAAAAfggH+CgiVDQkA/PDs2NTODj5AYkpMYa2tnKQWQkCBFRp+fF21taCFEmpt/EjlBcK6vcBRpHQW1qQ4uLm9vLRlvvgkrKz49qJAMGhpqHhYWas8TaGVfOgSpCgICZA/c3GTBK1031psGDQ1aEAfrEFoTZmJcNOSQAxUVT08LAQv54Fgx6D0CQFCJwYNKIoTZMuWFwE0IJkxIMDEBOCcqHkIq4aYjmzFetlSJwuSExkckwIQJJ6xlkhEnB4XAkuWKFSpSmixBcoRDTEEdoOCgIQMGCxQmRHzY8PMPgadQo0KFFAgAOw==', 'image/gif');
INSERT INTO OKM_MIME_TYPE_EXTENSION (MTE_ID, MTE_NAME) VALUES ('17', 'pptx');
INSERT INTO OKM_MIME_TYPE (MT_ID, MT_NAME, MT_IMAGE_CONTENT, MT_IMAGE_MIME) VALUES ('18', 'application/vnd.openxmlformats-officedocument.spreadsheetml.sheet', 'R0lGODlhFwAQAOeEADVJYzZKZBdjFxJlEx1sHRZ5GSN3I0tvOkh2NiqDKmdscmZtdkx8PUx8PxqRGzKOMk+FP3B1fXF2fnJ2fnN3fnR3fnR4fkOOPz+QP1WJTHd6fnl8f3p8fjmaOj+lP26bZEWuRVymW12rYV2sY0u3S2OuZ26ra3ej63uk6ZOit3ql6HG0cZWkuX+n54Cn55amu3G5epmovoSr5oWs5oit5ZyrwIqu5JCu1nDCcIe5iYyv5I+x45Gx4pWz4pW04pK+jYbEhqW0ypm24Ka2y6i2zZ243p6436G63aq5z6u60aS73aW83K290q6+1JLOkrDA1rHB17LC2JrSmrrF1KTZpa3ersPdvsfa+Mnb+crb+Mzd+M7e+czmwdDg+dLh+tLi+tPi+9bk+tbk+9fl+tjl+tnm+9rm+9rn+trn+9zo+93o+93p+9/q+9bx0uHr++Hs/OLs++Ls/OXt/N7z3Ofv/Ojw/enw/erx/ef24+30/e/0/d3/x+/1/eL/0PP3/vT3/un/2/D/5vb/8fz/+f///////////////////////////////////////////////////////////////////////////////////////////////////////////////////////////////////////////////////////////////////////////////////////////////////////////////////////////////////////////////////////////////////////////////////////////////////////////////////////////////////////////////////////////////////////////////////////////////////////////////////////////////////////////////////////////////////////////////////////////////////////////////yH5BAEKAP8ALAAAAAAXABAAAAj5AP8JFBgFypMmTJIgITIkyMCHEElInEjCj588NQJAhIiDSpWPH0H8+aOHxRSNG/95cCKFkMuXhDjwSRGgZsoOQIAMEmFiUA4MgxbcuLFECUqID1asEISnxIUMcwRt0HPjzREAKRMMGBCoDYwRCKwEEnqDTRGsGw0UKAAIQoMfIRgA0nDnxhohaCEScOCgj18uHw70IWumR96HAhLvWcx4T4U4acLsOLxRgYXLFCZEkKDmhhcblCHGqGOnDh05bm6MubFlRuiHL+AMHXpmdhYXrweyMIOmDBkxYLpowXIFRW6BKb4YEeKDhw4aMlqoOHH8H4Dr2LNjhxgQADs=', 'image/gif');
INSERT INTO OKM_MIME_TYPE_EXTENSION (MTE_ID, MTE_NAME) VALUES ('18', 'xlsx');
INSERT INTO OKM_MIME_TYPE (MT_ID, MT_NAME, MT_IMAGE_CONTENT, MT_IMAGE_MIME) VALUES ('19', 'application/vnd.openxmlformats-officedocument.spreadsheetml.template', 'R0lGODlhFwAQAOejADZJZDVKYzZKZDZLZTdLZjhMZjhNaDlNZzlNaDpOaDpOaTtPahdjFxJlEzxQaz1SbT9UbkFVcEJWcR1sHURYc0ZadEZcdkhed0leeBZ5GSN3I1BheVJke0tvOlVofkh2NllqgiqDKmpsb0x8PUx8P11wh2lvd2tvdRqRG19yil5zjmFzjGtzfW1zfW50fTKOMk+FP3B1fWV4kHJ3fXR4fkOOP2Z7lml7kz+QP1WJTGp9lnl7fnt9fzmaOneDk2+FoXiElHmFlXqGltJ7In2JmT+lP4KOnW6bZEWuRYaSoVymW3+Xtl2rYYuXpV2sY4ObuUu3S4+aqGOuZ26ra5Seq4mgvZSfrnG0ceyXO+2XO4+mwu2ZPO2aPHG5eu2cPO6dPO2ePe+gPJesyZStzpCu1nDCcIe5ifCkPvCnP5+zzpu005K+jfGqPobEhvKuQPKwQK+3wqa51POzQaa71/O0Qau+2JLOkrbBz6/C25rSmrfI3qTZpb3N4fvMda3ervvOevvRgcPdvvvTisvd+czd+dbe6s7f+tDf+czmwdPi+tXk+tfm+tvn+9zo+93o+tbx0uDr++Hr/N7z3OXu++bv/enw/Onw/erx/ef24+70/d3/x+L/0PL2/fT4/un/2/f6/vD/5vb/8fz/+f///////////////////////////////////////////////////////////////////////////////////////////////////////////////////////////////////////////////////////////////////////////////////////////////////////////////////////////////////////////////////////////////////////////////////////////////////////////////////////////////////////////////////////////////////////////////////yH5BAEKAP8ALAAAAAAXABAAAAj+AP8JHEhHzhs3bNCcCfOFS5YhAyMKhEKxIhRBGAH96QNRosAye/yIFIkEjEkvW7B0lFjETp5RMGOO4vGpUyY+Cjz+69GmjSgmU0SZwSHKBBkyl/Qk0PniypVQmKTUyCEp1A5OZCjhQaAzRIMGoB51cfIhECijZCLNOaBTQ4YMnmCQWKNkhCcalsg0UmNA5wQUKDYJRnSkwya0isYU0MmgsabHkDW1YETm0JLFOgWKOEFjRgwXLNASUkEgs0ArhSpNguRoUSJDg1T8GJAZDpUoTZIYISIkCBAfPrTYEJD5ToofS55U0SImTZw6WlTgAWB6wwYOHkCUWCHjhg4dS8YUBDAt8A6GCxYqUJAQAcIDBwskBgQAOw==', 'image/gif');
INSERT INTO OKM_MIME_TYPE_EXTENSION (MTE_ID, MTE_NAME) VALUES ('19', 'xltx');
INSERT INTO OKM_MIME_TYPE (MT_ID, MT_NAME, MT_IMAGE_CONTENT, MT_IMAGE_MIME) VALUES ('20', 'image/gif', 'R0lGODlhFwAQAMZlAFWGLFqLMaF4MWCRNk6XTmaXPHCLuGudQnWSwF6oL3mTuXCiR3iVwniVw2OqMXqVwHqVwXiWw3mWw32XwWymZX6ZxGqtOX6axX+axn+bxH+bxX+bxoedw4Sex4SfxXeuWISfx4WfyIefw4afx4Wgx3W0OcyeT4mqy4mu0ovAQJC8Xo2y1o3CSJXERZG32pq30pnHT5zISKm40Z/KSp3KU5u93p6+3K691r6+vqjPWq7H37HI3LvP4cjZ58zb6ebm5ufn5+np6erq6urr6+vr6+zs7Obt9+bu9u3t7eju8ufu9uru8uzu8Ofv9e/v7+nw9+zx9+3x9vHx8fLy8u7z9+/z9/Pz8+/09/D09/D0+PH0+PT09PD19/T19/X19fb29vj4+Pn5+fr6+vv7+/z8/P///////////////////////////////////////////////////////////////////////////////////////////////////////////yH5BAEKAH8ALAIAAAAQABAAAAe+gH9/OISFhoKIg2BjZI2OYDiJg2NbXpZSTkFkQJF/ChwIGxEYpBkyQmRfW5EiQ12vsEkeRI5kOA1dPiozLR87TyFSRUI/thJcPTE5NCUvTRleU05Itg1XPCkwLA4nSiRgX1ZT1VQ6FBYJBCjeYmFfX7YRUDY1JgIuK0caY2FhYLYMoiw4UGBAAABGLogRA+YfjgdMtGTBUqXikhELF9oyMAECiAogOnTwcGOMSUadcNRa6ShlGJa1wqQ0RNNQIAA7', 'image/gif');
INSERT INTO OKM_MIME_TYPE_EXTENSION (MTE_ID, MTE_NAME) VALUES ('20', 'gif');
INSERT INTO OKM_MIME_TYPE (MT_ID, MT_NAME, MT_IMAGE_CONTENT, MT_IMAGE_MIME) VALUES ('21', 'image/jpeg', 'R0lGODlhFwAQAMZlAFWGLFqLMaF4MWCRNk6XTmaXPHCLuGudQnWSwF6oL3mTuXCiR3iVwniVw2OqMXqVwHqVwXiWw3mWw32XwWymZX6ZxGqtOX6axX+axn+bxH+bxX+bxoedw4Sex4SfxXeuWISfx4WfyIefw4afx4Wgx3W0OcyeT4mqy4mu0ovAQJC8Xo2y1o3CSJXERZG32pq30pnHT5zISKm40Z/KSp3KU5u93p6+3K691r6+vqjPWq7H37HI3LvP4cjZ58zb6ebm5ufn5+np6erq6urr6+vr6+zs7Obt9+bu9u3t7eju8ufu9uru8uzu8Ofv9e/v7+nw9+zx9+3x9vHx8fLy8u7z9+/z9/Pz8+/09/D09/D0+PH0+PT09PD19/T19/X19fb29vj4+Pn5+fr6+vv7+/z8/P///////////////////////////////////////////////////////////////////////////////////////////////////////////yH5BAEKAH8ALAIAAAAQABAAAAe+gH9/OISFhoKIg2BjZI2OYDiJg2NbXpZSTkFkQJF/ChwIGxEYpBkyQmRfW5EiQ12vsEkeRI5kOA1dPiozLR87TyFSRUI/thJcPTE5NCUvTRleU05Itg1XPCkwLA4nSiRgX1ZT1VQ6FBYJBCjeYmFfX7YRUDY1JgIuK0caY2FhYLYMoiw4UGBAAABGLogRA+YfjgdMtGTBUqXikhELF9oyMAECiAogOnTwcGOMSUadcNRa6ShlGJa1wqQ0RNNQIAA7', 'image/gif');
INSERT INTO OKM_MIME_TYPE_EXTENSION (MTE_ID, MTE_NAME) VALUES ('21', 'jpg');
INSERT INTO OKM_MIME_TYPE (MT_ID, MT_NAME, MT_IMAGE_CONTENT, MT_IMAGE_MIME) VALUES ('22', 'image/png', 'R0lGODlhFwAQAMZlAFWGLFqLMaF4MWCRNk6XTmaXPHCLuGudQnWSwF6oL3mTuXCiR3iVwniVw2OqMXqVwHqVwXiWw3mWw32XwWymZX6ZxGqtOX6axX+axn+bxH+bxX+bxoedw4Sex4SfxXeuWISfx4WfyIefw4afx4Wgx3W0OcyeT4mqy4mu0ovAQJC8Xo2y1o3CSJXERZG32pq30pnHT5zISKm40Z/KSp3KU5u93p6+3K691r6+vqjPWq7H37HI3LvP4cjZ58zb6ebm5ufn5+np6erq6urr6+vr6+zs7Obt9+bu9u3t7eju8ufu9uru8uzu8Ofv9e/v7+nw9+zx9+3x9vHx8fLy8u7z9+/z9/Pz8+/09/D09/D0+PH0+PT09PD19/T19/X19fb29vj4+Pn5+fr6+vv7+/z8/P///////////////////////////////////////////////////////////////////////////////////////////////////////////yH5BAEKAH8ALAIAAAAQABAAAAe+gH9/OISFhoKIg2BjZI2OYDiJg2NbXpZSTkFkQJF/ChwIGxEYpBkyQmRfW5EiQ12vsEkeRI5kOA1dPiozLR87TyFSRUI/thJcPTE5NCUvTRleU05Itg1XPCkwLA4nSiRgX1ZT1VQ6FBYJBCjeYmFfX7YRUDY1JgIuK0caY2FhYLYMoiw4UGBAAABGLogRA+YfjgdMtGTBUqXikhELF9oyMAECiAogOnTwcGOMSUadcNRa6ShlGJa1wqQ0RNNQIAA7', 'image/gif');
INSERT INTO OKM_MIME_TYPE_EXTENSION (MTE_ID, MTE_NAME) VALUES ('22', 'png');
INSERT INTO OKM_MIME_TYPE (MT_ID, MT_NAME, MT_IMAGE_CONTENT, MT_IMAGE_MIME) VALUES ('23', 'image/tiff', 'R0lGODlhFwAQAMZlAFWGLFqLMaF4MWCRNk6XTmaXPHCLuGudQnWSwF6oL3mTuXCiR3iVwniVw2OqMXqVwHqVwXiWw3mWw32XwWymZX6ZxGqtOX6axX+axn+bxH+bxX+bxoedw4Sex4SfxXeuWISfx4WfyIefw4afx4Wgx3W0OcyeT4mqy4mu0ovAQJC8Xo2y1o3CSJXERZG32pq30pnHT5zISKm40Z/KSp3KU5u93p6+3K691r6+vqjPWq7H37HI3LvP4cjZ58zb6ebm5ufn5+np6erq6urr6+vr6+zs7Obt9+bu9u3t7eju8ufu9uru8uzu8Ofv9e/v7+nw9+zx9+3x9vHx8fLy8u7z9+/z9/Pz8+/09/D09/D0+PH0+PT09PD19/T19/X19fb29vj4+Pn5+fr6+vv7+/z8/P///////////////////////////////////////////////////////////////////////////////////////////////////////////yH5BAEKAH8ALAIAAAAQABAAAAe+gH9/OISFhoKIg2BjZI2OYDiJg2NbXpZSTkFkQJF/ChwIGxEYpBkyQmRfW5EiQ12vsEkeRI5kOA1dPiozLR87TyFSRUI/thJcPTE5NCUvTRleU05Itg1XPCkwLA4nSiRgX1ZT1VQ6FBYJBCjeYmFfX7YRUDY1JgIuK0caY2FhYLYMoiw4UGBAAABGLogRA+YfjgdMtGTBUqXikhELF9oyMAECiAogOnTwcGOMSUadcNRa6ShlGJa1wqQ0RNNQIAA7', 'image/gif');
INSERT INTO OKM_MIME_TYPE_EXTENSION (MTE_ID, MTE_NAME) VALUES ('23', 'tif');
INSERT INTO OKM_MIME_TYPE_EXTENSION (MTE_ID, MTE_NAME) VALUES ('23', 'tiff');
INSERT INTO OKM_MIME_TYPE (MT_ID, MT_NAME, MT_IMAGE_CONTENT, MT_IMAGE_MIME) VALUES ('24', 'image/bmp', 'R0lGODlhFwAQAMZlAFWGLFqLMaF4MWCRNk6XTmaXPHCLuGudQnWSwF6oL3mTuXCiR3iVwniVw2OqMXqVwHqVwXiWw3mWw32XwWymZX6ZxGqtOX6axX+axn+bxH+bxX+bxoedw4Sex4SfxXeuWISfx4WfyIefw4afx4Wgx3W0OcyeT4mqy4mu0ovAQJC8Xo2y1o3CSJXERZG32pq30pnHT5zISKm40Z/KSp3KU5u93p6+3K691r6+vqjPWq7H37HI3LvP4cjZ58zb6ebm5ufn5+np6erq6urr6+vr6+zs7Obt9+bu9u3t7eju8ufu9uru8uzu8Ofv9e/v7+nw9+zx9+3x9vHx8fLy8u7z9+/z9/Pz8+/09/D09/D0+PH0+PT09PD19/T19/X19fb29vj4+Pn5+fr6+vv7+/z8/P///////////////////////////////////////////////////////////////////////////////////////////////////////////yH5BAEKAH8ALAIAAAAQABAAAAe+gH9/OISFhoKIg2BjZI2OYDiJg2NbXpZSTkFkQJF/ChwIGxEYpBkyQmRfW5EiQ12vsEkeRI5kOA1dPiozLR87TyFSRUI/thJcPTE5NCUvTRleU05Itg1XPCkwLA4nSiRgX1ZT1VQ6FBYJBCjeYmFfX7YRUDY1JgIuK0caY2FhYLYMoiw4UGBAAABGLogRA+YfjgdMtGTBUqXikhELF9oyMAECiAogOnTwcGOMSUadcNRa6ShlGJa1wqQ0RNNQIAA7', 'image/gif');
INSERT INTO OKM_MIME_TYPE_EXTENSION (MTE_ID, MTE_NAME) VALUES ('24', 'bmp');
INSERT INTO OKM_MIME_TYPE (MT_ID, MT_NAME, MT_IMAGE_CONTENT, MT_IMAGE_MIME) VALUES ('25', 'image/x-ico', 'R0lGODlhFwAQAMZlAFWGLFqLMaF4MWCRNk6XTmaXPHCLuGudQnWSwF6oL3mTuXCiR3iVwniVw2OqMXqVwHqVwXiWw3mWw32XwWymZX6ZxGqtOX6axX+axn+bxH+bxX+bxoedw4Sex4SfxXeuWISfx4WfyIefw4afx4Wgx3W0OcyeT4mqy4mu0ovAQJC8Xo2y1o3CSJXERZG32pq30pnHT5zISKm40Z/KSp3KU5u93p6+3K691r6+vqjPWq7H37HI3LvP4cjZ58zb6ebm5ufn5+np6erq6urr6+vr6+zs7Obt9+bu9u3t7eju8ufu9uru8uzu8Ofv9e/v7+nw9+zx9+3x9vHx8fLy8u7z9+/z9/Pz8+/09/D09/D0+PH0+PT09PD19/T19/X19fb29vj4+Pn5+fr6+vv7+/z8/P///////////////////////////////////////////////////////////////////////////////////////////////////////////yH5BAEKAH8ALAIAAAAQABAAAAe+gH9/OISFhoKIg2BjZI2OYDiJg2NbXpZSTkFkQJF/ChwIGxEYpBkyQmRfW5EiQ12vsEkeRI5kOA1dPiozLR87TyFSRUI/thJcPTE5NCUvTRleU05Itg1XPCkwLA4nSiRgX1ZT1VQ6FBYJBCjeYmFfX7YRUDY1JgIuK0caY2FhYLYMoiw4UGBAAABGLogRA+YfjgdMtGTBUqXikhELF9oyMAECiAogOnTwcGOMSUadcNRa6ShlGJa1wqQ0RNNQIAA7', 'image/gif');
INSERT INTO OKM_MIME_TYPE_EXTENSION (MTE_ID, MTE_NAME) VALUES ('25', 'ico');
INSERT INTO OKM_MIME_TYPE (MT_ID, MT_NAME, MT_IMAGE_CONTENT, MT_IMAGE_MIME) VALUES ('26', 'image/x-psd', 'R0lGODlhFwAQAMZlAFWGLFqLMaF4MWCRNk6XTmaXPHCLuGudQnWSwF6oL3mTuXCiR3iVwniVw2OqMXqVwHqVwXiWw3mWw32XwWymZX6ZxGqtOX6axX+axn+bxH+bxX+bxoedw4Sex4SfxXeuWISfx4WfyIefw4afx4Wgx3W0OcyeT4mqy4mu0ovAQJC8Xo2y1o3CSJXERZG32pq30pnHT5zISKm40Z/KSp3KU5u93p6+3K691r6+vqjPWq7H37HI3LvP4cjZ58zb6ebm5ufn5+np6erq6urr6+vr6+zs7Obt9+bu9u3t7eju8ufu9uru8uzu8Ofv9e/v7+nw9+zx9+3x9vHx8fLy8u7z9+/z9/Pz8+/09/D09/D0+PH0+PT09PD19/T19/X19fb29vj4+Pn5+fr6+vv7+/z8/P///////////////////////////////////////////////////////////////////////////////////////////////////////////yH5BAEKAH8ALAIAAAAQABAAAAe+gH9/OISFhoKIg2BjZI2OYDiJg2NbXpZSTkFkQJF/ChwIGxEYpBkyQmRfW5EiQ12vsEkeRI5kOA1dPiozLR87TyFSRUI/thJcPTE5NCUvTRleU05Itg1XPCkwLA4nSiRgX1ZT1VQ6FBYJBCjeYmFfX7YRUDY1JgIuK0caY2FhYLYMoiw4UGBAAABGLogRA+YfjgdMtGTBUqXikhELF9oyMAECiAogOnTwcGOMSUadcNRa6ShlGJa1wqQ0RNNQIAA7', 'image/gif');
INSERT INTO OKM_MIME_TYPE_EXTENSION (MTE_ID, MTE_NAME) VALUES ('26', 'psd');
INSERT INTO OKM_MIME_TYPE (MT_ID, MT_NAME, MT_IMAGE_CONTENT, MT_IMAGE_MIME) VALUES ('27', 'image/x-freehand', 'R0lGODlhFwAQAMZlAFWGLFqLMaF4MWCRNk6XTmaXPHCLuGudQnWSwF6oL3mTuXCiR3iVwniVw2OqMXqVwHqVwXiWw3mWw32XwWymZX6ZxGqtOX6axX+axn+bxH+bxX+bxoedw4Sex4SfxXeuWISfx4WfyIefw4afx4Wgx3W0OcyeT4mqy4mu0ovAQJC8Xo2y1o3CSJXERZG32pq30pnHT5zISKm40Z/KSp3KU5u93p6+3K691r6+vqjPWq7H37HI3LvP4cjZ58zb6ebm5ufn5+np6erq6urr6+vr6+zs7Obt9+bu9u3t7eju8ufu9uru8uzu8Ofv9e/v7+nw9+zx9+3x9vHx8fLy8u7z9+/z9/Pz8+/09/D09/D0+PH0+PT09PD19/T19/X19fb29vj4+Pn5+fr6+vv7+/z8/P///////////////////////////////////////////////////////////////////////////////////////////////////////////yH5BAEKAH8ALAIAAAAQABAAAAe+gH9/OISFhoKIg2BjZI2OYDiJg2NbXpZSTkFkQJF/ChwIGxEYpBkyQmRfW5EiQ12vsEkeRI5kOA1dPiozLR87TyFSRUI/thJcPTE5NCUvTRleU05Itg1XPCkwLA4nSiRgX1ZT1VQ6FBYJBCjeYmFfX7YRUDY1JgIuK0caY2FhYLYMoiw4UGBAAABGLogRA+YfjgdMtGTBUqXikhELF9oyMAECiAogOnTwcGOMSUadcNRa6ShlGJa1wqQ0RNNQIAA7', 'image/gif');
INSERT INTO OKM_MIME_TYPE_EXTENSION (MTE_ID, MTE_NAME) VALUES ('27', 'fh9');
INSERT INTO OKM_MIME_TYPE_EXTENSION (MTE_ID, MTE_NAME) VALUES ('27', 'fh8');
INSERT INTO OKM_MIME_TYPE_EXTENSION (MTE_ID, MTE_NAME) VALUES ('27', 'fh10');
INSERT INTO OKM_MIME_TYPE_EXTENSION (MTE_ID, MTE_NAME) VALUES ('27', 'fh11');
INSERT INTO OKM_MIME_TYPE_EXTENSION (MTE_ID, MTE_NAME) VALUES ('27', 'fh');
INSERT INTO OKM_MIME_TYPE (MT_ID, MT_NAME, MT_IMAGE_CONTENT, MT_IMAGE_MIME) VALUES ('28', 'application/illustrator', 'R0lGODlhFwAQAIQfAOKSsbGxsapKg/Hx8ZBNcOvr69ZimNfX1/Da5KKioklHQI2Njfv7+8djlL5UkNlamNB1pOGkxON+msxViOzK3MDAwOLh4clEi8dPkfrt9Pfi6uBwmvb29iYmJsfHx////yH5BAEAAB8ALAAAAAAXABAAAAWp4CeKR2CeZjGu7Ocx3DAUVmUFVtt6c+FbCcYtpxvxZL0FQxhQFV0xZCGxqCYOTyhyAEBELJ5FJevhmBsUDARjgBzGz5cZMnFgGhMAJUDmaGITAg4SBhEXfHESFxcQEBsYDxsGBohFLxQQD5EEAgYbG5U6HggNBAQSDgoEBoShOxoRAAICEgQNAA0NriwvGQYNEg0ODg0GD7srL7ACwhizEcdZFSjUJnAjIQA7', 'image/gif');
INSERT INTO OKM_MIME_TYPE_EXTENSION (MTE_ID, MTE_NAME) VALUES ('28', 'ai');
INSERT INTO OKM_MIME_TYPE (MT_ID, MT_NAME, MT_IMAGE_CONTENT, MT_IMAGE_MIME) VALUES ('29', 'application/zip', 'R0lGODlhFwAQAMQfAPveavzxkPzysNq6MIvH9iRgsbF6E3e69/b89pS330yL1WKp6zyC0fv1y9WpHvzUOVun8HSk4Lzd+WW1/9SkC3Wx51GY4s+hDt61AfEZAejRh2+f2gRLsCdpx////////yH5BAEAAB8ALAAAAAAXABAAAAWL4CeOI3Gc1bKQ7KddsLYgUk2YSjteWX91wCADYuHoPpeBcrk0eCoVo84RaAiugSzAmSBIW1SENQAAPDBc75E6Lj/O6S+LLSCb4Z6unMTW3tF5ajoUAQ4OFxSJFIAJUUcGkJBBQRsVEHtHMxMTJwcQDEc6Cx0FpQWYoSwqqUcWERsWCgoMqK02lkUsIQA7', 'image/gif');
INSERT INTO OKM_MIME_TYPE_EXTENSION (MTE_ID, MTE_NAME) VALUES ('29', 'zip');
INSERT INTO OKM_MIME_TYPE (MT_ID, MT_NAME, MT_IMAGE_CONTENT, MT_IMAGE_MIME) VALUES ('30', 'application/x-rar-compressed', 'R0lGODlhFwAQAMQfAPveavzxkPzysNq6MIvH9iRgsbF6E3e69/b89pS330yL1WKp6zyC0fv1y9WpHvzUOVun8HSk4Lzd+WW1/9SkC3Wx51GY4s+hDt61AfEZAejRh2+f2gRLsCdpx////////yH5BAEAAB8ALAAAAAAXABAAAAWL4CeOI3Gc1bKQ7KddsLYgUk2YSjteWX91wCADYuHoPpeBcrk0eCoVo84RaAiugSzAmSBIW1SENQAAPDBc75E6Lj/O6S+LLSCb4Z6unMTW3tF5ajoUAQ4OFxSJFIAJUUcGkJBBQRsVEHtHMxMTJwcQDEc6Cx0FpQWYoSwqqUcWERsWCgoMqK02lkUsIQA7', 'image/gif');
INSERT INTO OKM_MIME_TYPE_EXTENSION (MTE_ID, MTE_NAME) VALUES ('30', 'rar');
INSERT INTO OKM_MIME_TYPE (MT_ID, MT_NAME, MT_IMAGE_CONTENT, MT_IMAGE_MIME) VALUES ('31', 'application/x-tar', 'R0lGODlhFwAQAMQfAPveavzxkPzysNq6MIvH9iRgsbF6E3e69/b89pS330yL1WKp6zyC0fv1y9WpHvzUOVun8HSk4Lzd+WW1/9SkC3Wx51GY4s+hDt61AfEZAejRh2+f2gRLsCdpx////////yH5BAEAAB8ALAAAAAAXABAAAAWL4CeOI3Gc1bKQ7KddsLYgUk2YSjteWX91wCADYuHoPpeBcrk0eCoVo84RaAiugSzAmSBIW1SENQAAPDBc75E6Lj/O6S+LLSCb4Z6unMTW3tF5ajoUAQ4OFxSJFIAJUUcGkJBBQRsVEHtHMxMTJwcQDEc6Cx0FpQWYoSwqqUcWERsWCgoMqK02lkUsIQA7', 'image/gif');
INSERT INTO OKM_MIME_TYPE_EXTENSION (MTE_ID, MTE_NAME) VALUES ('31', 'tar');
INSERT INTO OKM_MIME_TYPE (MT_ID, MT_NAME, MT_IMAGE_CONTENT, MT_IMAGE_MIME) VALUES ('32', 'application/x-gzip', 'R0lGODlhFwAQAMQfAPveavzxkPzysNq6MIvH9iRgsbF6E3e69/b89pS330yL1WKp6zyC0fv1y9WpHvzUOVun8HSk4Lzd+WW1/9SkC3Wx51GY4s+hDt61AfEZAejRh2+f2gRLsCdpx////////yH5BAEAAB8ALAAAAAAXABAAAAWL4CeOI3Gc1bKQ7KddsLYgUk2YSjteWX91wCADYuHoPpeBcrk0eCoVo84RaAiugSzAmSBIW1SENQAAPDBc75E6Lj/O6S+LLSCb4Z6unMTW3tF5ajoUAQ4OFxSJFIAJUUcGkJBBQRsVEHtHMxMTJwcQDEc6Cx0FpQWYoSwqqUcWERsWCgoMqK02lkUsIQA7', 'image/gif');
INSERT INTO OKM_MIME_TYPE_EXTENSION (MTE_ID, MTE_NAME) VALUES ('32', 'gz');
INSERT INTO OKM_MIME_TYPE (MT_ID, MT_NAME, MT_IMAGE_CONTENT, MT_IMAGE_MIME) VALUES ('33', 'application/x-compressed-tar', 'R0lGODlhFwAQAMQfAPveavzxkPzysNq6MIvH9iRgsbF6E3e69/b89pS330yL1WKp6zyC0fv1y9WpHvzUOVun8HSk4Lzd+WW1/9SkC3Wx51GY4s+hDt61AfEZAejRh2+f2gRLsCdpx////////yH5BAEAAB8ALAAAAAAXABAAAAWL4CeOI3Gc1bKQ7KddsLYgUk2YSjteWX91wCADYuHoPpeBcrk0eCoVo84RaAiugSzAmSBIW1SENQAAPDBc75E6Lj/O6S+LLSCb4Z6unMTW3tF5ajoUAQ4OFxSJFIAJUUcGkJBBQRsVEHtHMxMTJwcQDEc6Cx0FpQWYoSwqqUcWERsWCgoMqK02lkUsIQA7', 'image/gif');
INSERT INTO OKM_MIME_TYPE_EXTENSION (MTE_ID, MTE_NAME) VALUES ('33', 'tgz');
INSERT INTO OKM_MIME_TYPE (MT_ID, MT_NAME, MT_IMAGE_CONTENT, MT_IMAGE_MIME) VALUES ('34', 'text/plain', 'R0lGODlhFwAQAKUzAKWlpaqqqqysrK6urq+vr7GxsbS0tLi4uLq6ury8vL29vb6+vsDAwMLCwsPDw8bGxsfHx8jIyMrKysvLy83Nzc7Ozs/Pz9PT09TU1NXV1dbW1tfX19nZ2dvb293d3ebm5ufn5+np6erq6uzs7O3t7e/v7/Dw8PHx8fLy8vPz8/T09PX19fb29vf39/j4+Pn5+fr6+vv7+/z8/P///////////////////////////////////////////////////yH5BAEKAD8ALAIAAAAQABAAAAaKwN9vQSwahciha8ZsylyL5DCmWllPpZAMFEUuZK1Xq5UyiWQsVXcoezEQBkIAIKvLut9YPeZanUYiH3dCXzIQDQsHBgUDAiSDbHZ7LiwpKJCFFRIPDgwKCQgsmJJ2MS8vLqMyGhcWFBMREQ+peJIxMTC5uaoeHRwbGRjCerWkxngvTU52L3hGz0ZBADs=', 'image/gif');
INSERT INTO OKM_MIME_TYPE_EXTENSION (MTE_ID, MTE_NAME) VALUES ('34', 'properties');
INSERT INTO OKM_MIME_TYPE_EXTENSION (MTE_ID, MTE_NAME) VALUES ('34', 'txt');
INSERT INTO OKM_MIME_TYPE (MT_ID, MT_NAME, MT_IMAGE_CONTENT, MT_IMAGE_MIME) VALUES ('35', 'text/html', 'R0lGODlhFwAQAMZ1AEWJwGWVVk+RwGqZWU2YvG2cXGudWWyeWmyeW1KlZGyfWlahim2fW26gXFCh02ajg2elolil1VmmzX+nalap4Ver23yrdICrcoCsbIGrc4GscoGsc4Ksc2OuyISteGis2YWud4WueVW5nIaveG6uzmq1qoiyfIKzhFvDYWq0zIq5bWe8t424eIu1pnC8wI22u5a6e5K6kXzFdEXaX3rA1prDf5vDhZ/CiHfIxYTD2mzPrILGyozD0VvbfaPEkY7Kr3HWk6jFn6nFn729vanIj6LKmqvHoavIoavIonnZlZ/LuoPVsKHRjaPXlJHfi5rV2J/bj8LUu4znoaPb27zaubXc1MfZwcLirtLdzb7k1NPfz6vxu7rsyb3q1dnk1Nrm1ubm5ufn58/yzenp6erq6uvr6+zs7O3t7e/v7/Dw8PHx8fLy8vPz8/T09PX19fb29vj4+Pn5+fr6+vv7+/z8/P///////////////////////////////////////////yH5BAEKAH8ALAAAAAAXABAAAAfXgH+Cf0OFhoeDiYqEcHN0j5BwQ4uLQ3NtbplqaGN0YZOUg0NHGgwbQlppZHRvbaChAz5UVUonI1FlkHSvig1XYllTOTxFIFhmZGC7lAc2W1xPNCtAThhBa2hny4sMTVJdKTg9Myg3GW9sa9uKDFBJOxIuOiIJRAhxb2/riQpMSx0VHAAQ8AAGhzhx4OwbdICFjBIRKBBYYKKAETlwFPJKZKDGDxIfIKiY4MGLnJMLEwWw0OJFjAMhrMyZ6WhjoiFGLiDYgOSLrkc2RcX5+TNOUEGHkiZVFAgAOw==', 'image/gif');
INSERT INTO OKM_MIME_TYPE_EXTENSION (MTE_ID, MTE_NAME) VALUES ('35', 'html');
INSERT INTO OKM_MIME_TYPE_EXTENSION (MTE_ID, MTE_NAME) VALUES ('35', 'htm');
INSERT INTO OKM_MIME_TYPE (MT_ID, MT_NAME, MT_IMAGE_CONTENT, MT_IMAGE_MIME) VALUES ('36', 'text/css', 'R0lGODlhFwAQAKU+AM+oKM+vRL6+vvTBLPPDKfTDMvTDM/XHMPfOUffPTffQTPbQVPbPYfjSUvjSWffTdvfWZ/jXZvjZYvnYavfXhffZcvjac/nZevjadPndgvndg/neg/jei/rgi/rgjPjiqubm5ufn5/novOnp6erq6uvr6+zs7Prtxe3t7fjuy+/v7/Dw8Prw1Pvx0PHx8fLy8vPz8/T09PX19fb29vf39/v47Pz47Pj4+Pn5+fz69Pr6+vv7+/z7+fz8/P///////yH5BAEKAD8ALAAAAAAXABAAAAakwJ/wJygaj8Okknjb9Z7Qm2C5FOxisqxLNeqFptShoEfD0WiwFak3i4HDglYKZ569StDeu1qBPHc3Mi4mJCB6YT8BEQ4cJzmAMi8qKIdLEhMWHRkIBQ89gDMwL5VLDRgeGgsMPE86ODMzpEsKGxcDLFA7dDeySgkHBAYiO8Q6Oje8e0oANjUUH8XGxr1JY3nE2E7K1XndUNtiON55OOBCR+joSkEAOw==', 'image/gif');
INSERT INTO OKM_MIME_TYPE_EXTENSION (MTE_ID, MTE_NAME) VALUES ('36', 'css');
INSERT INTO OKM_MIME_TYPE (MT_ID, MT_NAME, MT_IMAGE_CONTENT, MT_IMAGE_MIME) VALUES ('37', 'text/csv', 'R0lGODlhFwAQAKUzAKWlpaqqqqysrK6urq+vr7GxsbS0tLi4uLq6ury8vL29vb6+vsDAwMLCwsPDw8bGxsfHx8jIyMrKysvLy83Nzc7Ozs/Pz9PT09TU1NXV1dbW1tfX19nZ2dvb293d3ebm5ufn5+np6erq6uzs7O3t7e/v7/Dw8PHx8fLy8vPz8/T09PX19fb29vf39/j4+Pn5+fr6+vv7+/z8/P///////////////////////////////////////////////////yH5BAEKAD8ALAIAAAAQABAAAAaLwN9vQSwahciha8ZsylyL5DCmWllPpZAMFEUuZK1Xq5UyiWQsVXcoezEQMULgJKvLut9YPeZanUYiH3dCXzIQDTIHBi4DAiSDbHZ7LiwpKJCFFRIyDgwxCQgsmJJ2MS8vLqMyGhcyFBMwEQ+peJIxMTC5uaoeHTEbGTIYGHq1pMd4L01Odi94RtBGQQA7', 'image/gif');
INSERT INTO OKM_MIME_TYPE_EXTENSION (MTE_ID, MTE_NAME) VALUES ('37', 'csv');
INSERT INTO OKM_MIME_TYPE (MT_ID, MT_NAME, MT_IMAGE_CONTENT, MT_IMAGE_MIME) VALUES ('38', 'text/xml', 'R0lGODlhFwAQAMZHADl4z0SS2FWQ4F2U4WWV4Vma41ec42eZ41+c5FWf5Vqe5Geb42Gg5Vik5WKi5WWj5Ven51um5l2o6GWn6Fur6Wio52Wp6Gqq6GKv6Gau6XCw6nGz6mq163Wy6We37HG16nK263K363m47Ha77L29va/F7bDJ7dHf9NLh9ebm5ufn5+np6erq6uXr+Ovr6+zs7OXt+O3t7ebv+erv9u/v7+vw+PDw8Ozx9+7x+PHx8fLy8vPz8/T09PD1+vX19fT1+Pb29vf39/j4+Pn5+fr6+vv7+/z8/P///////////////////////////////////////////////////////////////////////////////////////////////////////////////////////////////////////////////////////////////////////////////////////////////////////////////////////////////////yH5BAEKAH8ALAAAAAAXABAAAAe6gH+CfySFhoeDiYqEQkVGj5BCJIuLJEU8Ppk5NCtGKpOUgyRGQUNBQTs2LEZAPKChJD1Ds0FAOi6QRq+VGxhGHiE3PjkvLCm6oX8BIBZGHCMaMz46NDHIlBQfEzBGMhkfEiZAOzrXihAiDSeQKBEdCj9AQOaKCRcILUYwDhcGJbNC6CkC8GCAEQYVFtQgQkRIwF2KSBAQYKTAARwMMwpMNCpXkY8gN4rKRRISRI5DSuYaclLUoZeIEgUCADs=', 'image/gif');
INSERT INTO OKM_MIME_TYPE_EXTENSION (MTE_ID, MTE_NAME) VALUES ('38', 'xml');
INSERT INTO OKM_MIME_TYPE (MT_ID, MT_NAME, MT_IMAGE_CONTENT, MT_IMAGE_MIME) VALUES ('39', 'text/x-sql', 'R0lGODlhFwAQAMZCAJOTk5SUlJaWlpeXl5qamp2dnZ6enqKioqWlpaampqenp6ioqKWqpaurq6urrKysrKysra2tra2urqyvrLCwsLGxsba2tre3t7i4uLy8vL6+vr+/v8DBw8LCwsXFxcbGxsjIyMrKysvLy8/Pz9DQ0NHR0dTU1NXV1dfX19nZ2dvb2+Li4uTk5Obm5ufn5+jo6Onp6erq6uvr6+zs7O3t7e/v7/Dw8PHx8fLy8vPz8/T09PX19fb29vj4+Pn5+fr6+vv7+/z8/P///////////////////////////////////////////////////////////////////////////////////////////////////////////////////////////////////////////////////////////////////////////////////////////////////////////////////////////////////////////////////////yH5BAEKAH8ALAAAAAAXABAAAAfWgH+CfwsDAYeIh4OLjH8DPUBBkpM9CI2NAUA6O5w3NTBBLgmXgxwNGRgbJTM5NjFBPDoLpBImND5ANikXPDgyk0EBlxM7Org8PAs9OzczMS3Blww4KSwrIDcIQMs4NTTRjRE9KjUkJEIHQds8OTjgjA4uJzUiIkIGkj8+yO+LEC6rPHwQQkASEB8+evQbROEFihUhRggBAATIjx89FAprVKFDDBs4ZoQoYPHixYWDLBR4oCCBBhsVY0baeCkAsJuTaDYS4AMnMB8DSP1RICCR0QADFDAKBAA7', 'image/gif');
INSERT INTO OKM_MIME_TYPE_EXTENSION (MTE_ID, MTE_NAME) VALUES ('39', 'sql');
INSERT INTO OKM_MIME_TYPE (MT_ID, MT_NAME, MT_IMAGE_CONTENT, MT_IMAGE_MIME) VALUES ('40', 'text/x-java', 'R0lGODlhFwAQAMZMAI9QNZJVO5RYP5tkTJxlTp1mT55oUXt7e6V0X42NjbKIdraQgKOjo7+ekK6ursWpnbCwsLGxsbW1tbe3t7m5uc21qrq6uru7u7y8vL29vb+/v8LCwsPDw8TExMbGxsjIyNbFvsvLy8zMzM3Nzc7Ozs/Pz9DQ0NHR0dLS0tPT09TU1NfX19vb293d3d7e3uDg4OHh4eLi4uPj4+Tk5OXl5ebm5ufn5+jo6Onp6erq6uvr6+zs7O3t7e7u7u/v7/Dw8PHx8fTx7/Ly8vPz8/T09PX19fb29vj4+Pn5+fr6+vv7+/z8/P///////////////////////////////////////////////////////////////////////////////////////////////////////////////////////////////////////////////////////////////////////////////////////////////////////////////yH5BAEKAH8ALAIAAAAQABAAAAe+gH9/GYSFhoKIg0dKS42ORxmJg0pERZZAPjhLNpGIGSUkIyEhHysxS0ZEnR0tNzc4NzY0JxmajRkaPxUDAQAAAgYPLxk5NUsZDkJBDQoEBQgLIDkSPjzHFElHPkU93Tg0NBZDQscbSzIXMzIxLigyKipGRtdHJB4wLy0rKDsRM0hHjv0hwYJEDRoxWtBAwaHIkYCdGJjgwUNHDBEYeCTZKHAQiQkTJEBIMUSJSUadMjhayTIlEpYskaQ0RNNQIAA7', 'image/gif');
INSERT INTO OKM_MIME_TYPE_EXTENSION (MTE_ID, MTE_NAME) VALUES ('40', 'java');
INSERT INTO OKM_MIME_TYPE (MT_ID, MT_NAME, MT_IMAGE_CONTENT, MT_IMAGE_MIME) VALUES ('41', 'application/pdf', 'R0lGODlhEAAQAMZHAMAWEMoVDs0YEdo4Ld9QRttVT99VTOZeU+JlXeVpYOpoXehqYOFsZeRuZud1bex2bO52aeV5cuR8duR9d+WBeu5/dPF/c/GEeOaHge2cl+mgm+ujn/Kmnu2rp/Otpr6+vu+4tPO/ufHDwPLLyfXQzPTV0/fW1Pba2Pfc2vfd2/je3Obm5ufn5/jl5Onp6erq6uvr6/fp6Ozs7Pnp5+3t7e/v7/Dw8Pnu7fHx8fTx8fLy8vPz8/fz8vT09Pnz8/X19fb29vf39/j4+Pn5+fr6+vv7+/z8/OrXgOrXgOrXgOrXgOrXgOrXgOrXgOrXgOrXgOrXgOrXgOrXgOrXgOrXgOrXgOrXgOrXgOrXgOrXgOrXgOrXgOrXgOrXgOrXgOrXgOrXgOrXgOrXgOrXgOrXgOrXgOrXgOrXgOrXgOrXgOrXgOrXgOrXgOrXgOrXgOrXgOrXgOrXgOrXgOrXgOrXgOrXgOrXgOrXgOrXgOrXgOrXgOrXgOrXgOrXgOrXgOrXgCH5BAEKAH8ALAAAAAAQABAAAAemgH9/H4SFhoKIg0JFRo2OQh+Jg0U5FyE/ODUuRiyRiB9GPBYkQTs2L0ZAPZ6DRkMQHEFAOjCORp6gRRUeRUKYMi8rt4KgRgoPRr0/OjU0w60qBwsmyUJAOzrPoA4ZKQkoRkRDQEDaMwYtJw0DBAgRHULaExQgGyIlGAwSGvGeGwU3GhUpQoRIDB9EhhUoMMLWwIeMPizcYKuiI1xDLNoagsuQR0OBAAA7', 'image/gif');
INSERT INTO OKM_MIME_TYPE_EXTENSION (MTE_ID, MTE_NAME) VALUES ('41', 'pdf');
INSERT INTO OKM_MIME_TYPE (MT_ID, MT_NAME, MT_IMAGE_CONTENT, MT_IMAGE_MIME) VALUES ('42', 'application/rtf', 'R0lGODlhFwAQAKUzAKWlpaqqqqysrK6urq+vr7GxsbS0tLi4uLq6ury8vL29vb6+vsDAwMLCwsPDw8bGxsfHx8jIyMrKysvLy83Nzc7Ozs/Pz9PT09TU1NXV1dbW1tfX19nZ2dvb293d3ebm5ufn5+np6erq6uzs7O3t7e/v7/Dw8PHx8fLy8vPz8/T09PX19fb29vf39/j4+Pn5+fr6+vv7+/z8/P///////////////////////////////////////////////////yH5BAEKAD8ALAIAAAAQABAAAAaKwN9vQSwahciha8ZsylyL5DCmWllPpZAMFEUuZK1Xq5UyiWQsVXcoezEQBkIAIKvLut9YPeZanUYiH3dCXzIQDQsHBgUDAiSDbHZ7LiwpKJCFFRIPDgwKCQgsmJJ2MS8vLqMyGhcWFBMREQ+peJIxMTC5uaoeHRwbGRjCerWkxngvTU52L3hGz0ZBADs=', 'image/gif');
INSERT INTO OKM_MIME_TYPE_EXTENSION (MTE_ID, MTE_NAME) VALUES ('42', 'rtf');
INSERT INTO OKM_MIME_TYPE (MT_ID, MT_NAME, MT_IMAGE_CONTENT, MT_IMAGE_MIME) VALUES ('43', 'application/x-shellscript', 'R0lGODlhFwAQAMZKAFNTU1xcXF5eXmBgYGVlZWlpaW1tbXJycoGBgYKCgoaGhoeHh4iIiIqKiouLi4+Pj5mZmZqampubm5ycnKCgoKGhoaKioqWlpaurq7GxsbS0tLW1tba2tre3t7i4uLq6ur29vb6+vr+/v8DAwMLCwsTExMjIyMnJycrKysvLy9LS0tTU1NXV1dbW1tjY2Nra2t/f3+Dg4OHh4eLi4ubm5ufn5+jo6Onp6erq6uvr6+zs7O3t7e/v7/Dw8PHx8fLy8vPz8/T09PX19fb29vf39/j4+Pn5+fr6+vv7+/z8/P///////////////////////////////////////////////////////////////////////////////////////////////////////////////////////////////////////////////////////////////////////////////////////////////////////////////////////yH5BAEKAH8ALAIAAAAQABAAAAepgH8hg4SFf4eIIUVISY2ORSGIhyFIQUKXPjw3STWRiUlERkREQD04SUNBnoJJRq5EQz85jkmeIUmMuEVCPjo4NLWTtLpCHxo7way0MCE4IyExGQ/CtB8vIi0uHisM1I4tKhgIDRooCd5J5TYKR0URMxwLyo0XHTITR0cSLBAE86gpToCYEGEDiQHoklA4cQEFiQolDEwyQmtDgRYWHJgQAGBSoUIHAkgKBAA7', 'image/gif');
INSERT INTO OKM_MIME_TYPE_EXTENSION (MTE_ID, MTE_NAME) VALUES ('43', 'sh');
INSERT INTO OKM_MIME_TYPE (MT_ID, MT_NAME, MT_IMAGE_CONTENT, MT_IMAGE_MIME) VALUES ('44', 'application/x-perl', 'R0lGODlhFwAQAMZKAFNTU1xcXF5eXmBgYGVlZWlpaW1tbXJycoGBgYKCgoaGhoeHh4iIiIqKiouLi4+Pj5mZmZqampubm5ycnKCgoKGhoaKioqWlpaurq7GxsbS0tLW1tba2tre3t7i4uLq6ur29vb6+vr+/v8DAwMLCwsTExMjIyMnJycrKysvLy9LS0tTU1NXV1dbW1tjY2Nra2t/f3+Dg4OHh4eLi4ubm5ufn5+jo6Onp6erq6uvr6+zs7O3t7e/v7/Dw8PHx8fLy8vPz8/T09PX19fb29vf39/j4+Pn5+fr6+vv7+/z8/P///////////////////////////////////////////////////////////////////////////////////////////////////////////////////////////////////////////////////////////////////////////////////////////////////////////////////////yH5BAEKAH8ALAIAAAAQABAAAAepgH8hg4SFf4eIIUVISY2ORSGIhyFIQUKXPjw3STWRiUlERkREQD04SUNBnoJJRq5EQz85jkmeIUmMuEVCPjo4NLWTtLpCHxo7way0MCE4IyExGQ/CtB8vIi0uHisM1I4tKhgIDRooCd5J5TYKR0URMxwLyo0XHTITR0cSLBAE86gpToCYEGEDiQHoklA4cQEFiQolDEwyQmtDgRYWHJgQAGBSoUIHAkgKBAA7', 'image/gif');
INSERT INTO OKM_MIME_TYPE_EXTENSION (MTE_ID, MTE_NAME) VALUES ('44', 'pl');
INSERT INTO OKM_MIME_TYPE (MT_ID, MT_NAME, MT_IMAGE_CONTENT, MT_IMAGE_MIME) VALUES ('45', 'application/x-revelation', 'R0lGODlhFwAQAMZwAAAAAAAAAQYJCgUKDgcKDAMMEwYNFAcNFAYRHA0XIBEYHQ0eLwofNR0jKB0lLR4nLxgqPBYzURw1TC4yNSk2PzQ9Qzc9QCBCZDs+QTpARDlDSylJaD9FS0NFRi1MZ0BLVENPVzNVc0pQVFBTVV5VMj5deURif1deYUlsi0xwkWtra2lsb11wfVt6lWKCm2mGmX6FiXmXr32Xrn2Yq3ufu4CetoGhuYGju4SkvImnvYunvY6nvJuor42txZKwxJmyxpS1zJu2yZu2yp22yZe40J23yqS5yK+4vqK8zaG90au/z6nB0arC0ra/xb+/v6/E1K3F1a7F063F1qvI26zK3rLP4rvS4LzS4cDR3b7T4LzV58bS3MXW4sLX5sfW4r/Z6cbX48TY5O7WgMjY5MjZ5Mfc6cvc6M3c6NLe5dbg59Xk7Njk7Njl7tnl7dzp8e3t7f///////////////////////////////////////////////////////////////yH5BAEAAH8ALAAAAAAXABAAAAe2gH+Cg4SFhocaJyMdGBwPh5AZK0dtbmZeTRMKkIQWMGlqZV1ha2xbIAKcfxQiaGRZX1pXXGNnRg2qHzxYSVNVVFZgT0pQLACcFTI1PUBEJADQUUEzAZwOOjk3NCRiYm9v0OGQCSlDUjgAAODf307HhwkoP0tMAE4q3+npnAMSLkVIWthz56MEgneQDmwQsiOEOgAxbDCopgqAgRcmLjz0AGGfqj8ACCyIYA9AAY8fBenTl7Ilp0AAOw==', 'image/gif');
INSERT INTO OKM_MIME_TYPE_EXTENSION (MTE_ID, MTE_NAME) VALUES ('45', 'rvl');
INSERT INTO OKM_MIME_TYPE (MT_ID, MT_NAME, MT_IMAGE_CONTENT, MT_IMAGE_MIME) VALUES ('46', 'application/x-argouml', 'R0lGODlhFwAQAOfUACtQfy5TgjFWhDVaiDhdizldizlejDpfjTtgjjZhmzdinTlimjdjnjpjnDxjmjxkmDtknDdloT1lnT5lnDxmnj5mnTtnoj5nnj9nnT9on0Bon0Fonj1po0BpoEBpoUFpoEJpn0Jqn0RroEFspTdvp0VsoTVxqUZtokdtokduokdvpUhvozhzq0lvo0ZwpUlwpEpwo0pwpDx1rExzpk1zpk50p091qEB5rUx2rVB2qFB2qVF3qVF3qk14rlJ3qk54rlN4qFN5q1J6rUd+rlN8r1p7p1R8r05+r1Z8rVd8rFZ9sFh9rVh9rlZ+r1d+sVl+r1KAsVd/sVp/r1t/r2N+tmCBrl2Csl6CsFyDtGGDr1+Es1SJs1aLtXCGpmSJt2WJtnaInlqPuGiLt2eMuXaKoWiMuWmMuWmNummOumqOvGaRt2yQvGyRvnKPwm2RvW6RvWGWv3GSunCSvXKTvHCUv3CUwHGUwHKVwGKawXWVvISUp3SXw3SYwnWYw2udvnaaxHeaxJOaknmdx36dwpGbpnyex32exn+ew3yfyI2cvH+gyX6hyYyftn+iy4ugxYGkzIKkzI6hyIKmvoOmzoSnzoWnz5KkyomoxYaozp+lsqqkn5GpxYmr0Yyrzoyt06GpwZutwZOwzJCw1Z6uwpGy0K2urZKy1q2wsKuwtpO02Kqxt7KzsbKywKq1wZm50q65xbG7xr+/vrvBxsLDwr/Iz8XJysTK0MrMytnIys/R097Nz9fX1tna2Nzc2+na293e3PHb3ODg3ubh0OLi4ePj4vPg3+Xl4+np5+vu1+7u7Pnu1//u7PX23vf44vz49/r74///6///7P//+f//+////////////////////////////////////////////////////////////////////////////////////////////////////////////////////////////////////////////////////////////////////////////////yH+EUNyZWF0ZWQgd2l0aCBHSU1QACH5BAEKAP8ALAAAAAAXABAAAAj+AP8JTLAAQoUMHT4o1HBBQgMGAiNGVOAAQ4gSKVrEiPFiBQoRGyZEkBiRAogTMWbY0MHDx44cNYAUgWGBpEAPK2joCIKEyZMrU4ZsIROoCgeb/1RkSYJEihUtYhiBodLKmTAoI5AuyaRHzRcvZfwok5WLGjVdXEggPcJKmq1EcPAQonZsVbJouMKYQHqjC7VozT61AZYsWSxi1DTFYYFUSB5Uy5JBq1WqcLJTzFTNkYHUiBlJzyzzmjXM2K5br+TgQKpkzCFY0SwnC9br17RRa3ogdXLmziVk0YJDK+aLFqhBbn4gjYLGjqFNjiJZCuWKVCdFfd4ot0nkDB1AizAveTKVShQnSIX4uHGB9AGWNHX+IHpEqdKkRoL2sGmCNCKAAAIMUAACBB5gAAH9BQQAOw==', 'image/gif');
INSERT INTO OKM_MIME_TYPE_EXTENSION (MTE_ID, MTE_NAME) VALUES ('46', 'zargo');
INSERT INTO OKM_MIME_TYPE (MT_ID, MT_NAME, MT_IMAGE_CONTENT, MT_IMAGE_MIME) VALUES ('47', 'application/x-planner', 'R0lGODlhFwAQAIQcAAAAAAoNDg4TFRsjKCErMSg0Oi06QS06Qi07QjE/RzxOWEBUXkZbZkphbUthbkxib0xjcFVvfVVvfmJ/kGKAkWOAkYOqwISswoixyIy2zo240JG91v///////////////yH+EUNyZWF0ZWQgd2l0aCBHSU1QACH5BAEKAB8ALAAAAAAXABAAAAVD4CeOZGmeaEoCbOu2aizPKrXd+AbRSuT/EQTtBBiaFJVkZUIwSi7Qi6Vg/LyKsoejwRBUF5pMBjOofhIHgyFgbrs/IQA7', 'image/gif');
INSERT INTO OKM_MIME_TYPE_EXTENSION (MTE_ID, MTE_NAME) VALUES ('47', 'planner');
INSERT INTO OKM_MIME_TYPE (MT_ID, MT_NAME, MT_IMAGE_CONTENT, MT_IMAGE_MIME) VALUES ('48', 'application/x-php', 'R0lGODlhFwAQAKU0AD0+c1FTmlJUmlZYnVpcn1xeoGxuqW1uqnJzrX1+s4OFt4SFt4WHuJGSvqWmyKanx6ipzKqqyqqrzbOz07i51b6+vsjJ39PU5tzc6t7f7OHh5ubm5ubm6Ofn5+bn8ejo7+np6enp8urq6uvs8u3t7e/v7/Dw8PHx8fLy8vPz8/T09PT0+fX19fb29vf39/j4+Pn5+fr6+vv7+/z8/P///////////////////////////////////////////////yH5BAEKAD8ALAIAAAAQABAAAAaRwN+vQiwahcjhSzZrOl+V5FCmYllPJdCsE0VWZi6Yy5UyiWYtVXcoOSACAYNDw2x24YELHv7gbGZRARYXEyGEgxMBESSAcBkFFh4FGY8WCQQojXmCGHl6FggCLZorFxCJE6UQAQ0vgD+be3oBDB+uXQALA3gDChQjMTGvQ05NMsfIw1/FzHZCFTDNxTBdRtbWQQA7', 'image/gif');
INSERT INTO OKM_MIME_TYPE_EXTENSION (MTE_ID, MTE_NAME) VALUES ('48', 'php');
INSERT INTO OKM_MIME_TYPE (MT_ID, MT_NAME, MT_IMAGE_CONTENT, MT_IMAGE_MIME) VALUES ('49', 'audio/mpeg', 'R0lGODlhFwAQAMZWAFl/tV+EuGSJu2mKu2yLt2mNvmqNvm2Pv3GTw3OUwneUv3SVw3iYxHiYxXuaxnyaxX+cw4CeyX+fyoGgy4yiwYWjzIymy42myZKmw4unz4uoz4ypz5GqzpCq0paqxp+pt5KrzpCs0ZWsy5St0Jity5Wu0Jau0ZuuyJ+wyJix1Z+32KK31LW6wK3A2r6+vrHB2cjT5NTd6dbd6Nff69nh7Nnh7dvi7Nvj7dzj7d7l7d/l7ubm5ufn5+Xp8Onp6eXq8urq6uzs7O3t7ezv9O/v7/Dw8PHx8fLy8vDz9vPz8/T09PX19fb29vb3+fb4+ff4+fj4+Pn5+fr6+vv7+/z8/P///+rXgOrXgOrXgOrXgOrXgOrXgOrXgOrXgOrXgOrXgOrXgOrXgOrXgOrXgOrXgOrXgOrXgOrXgOrXgOrXgOrXgOrXgOrXgOrXgOrXgOrXgOrXgOrXgOrXgOrXgOrXgOrXgOrXgOrXgOrXgOrXgOrXgOrXgOrXgOrXgOrXgOrXgCH5BAEKAH8ALAAAAAAXABAAAAe/gH+Cfy6FhoeDiYqEUFWOj1RQLouLLlNKS5lGRD5UPJOUgyw/OTo4NjJFQFRMSqChKCopIRsZDktGVLpUr4snHSYjIA4LuEFAO7yhfx4VNbolBlNQTElCyqEYETS6HALT1UfYlBQNM043FgFUU1FRTOOLEAkwLQwFA+zuUPGDEhoTHqw4gACACCkIpfDrNQgBAgIvYlxQQKJHQoT9En1oQgXJkCe7dE3JOMhFyJO7GCZyEeURpF1RVJY8RBNRokAAOw==', 'image/gif');
INSERT INTO OKM_MIME_TYPE_EXTENSION (MTE_ID, MTE_NAME) VALUES ('49', 'mp3');
INSERT INTO OKM_MIME_TYPE (MT_ID, MT_NAME, MT_IMAGE_CONTENT, MT_IMAGE_MIME) VALUES ('50', 'audio/x-ogg', 'R0lGODlhFwAQAMZWAFl/tV+EuGSJu2mKu2yLt2mNvmqNvm2Pv3GTw3OUwneUv3SVw3iYxHiYxXuaxnyaxX+cw4CeyX+fyoGgy4yiwYWjzIymy42myZKmw4unz4uoz4ypz5GqzpCq0paqxp+pt5KrzpCs0ZWsy5St0Jity5Wu0Jau0ZuuyJ+wyJix1Z+32KK31LW6wK3A2r6+vrHB2cjT5NTd6dbd6Nff69nh7Nnh7dvi7Nvj7dzj7d7l7d/l7ubm5ufn5+Xp8Onp6eXq8urq6uzs7O3t7ezv9O/v7/Dw8PHx8fLy8vDz9vPz8/T09PX19fb29vb3+fb4+ff4+fj4+Pn5+fr6+vv7+/z8/P///+rXgOrXgOrXgOrXgOrXgOrXgOrXgOrXgOrXgOrXgOrXgOrXgOrXgOrXgOrXgOrXgOrXgOrXgOrXgOrXgOrXgOrXgOrXgOrXgOrXgOrXgOrXgOrXgOrXgOrXgOrXgOrXgOrXgOrXgOrXgOrXgOrXgOrXgOrXgOrXgOrXgOrXgCH5BAEKAH8ALAAAAAAXABAAAAe/gH+Cfy6FhoeDiYqEUFWOj1RQLouLLlNKS5lGRD5UPJOUgyw/OTo4NjJFQFRMSqChKCopIRsZDktGVLpUr4snHSYjIA4LuEFAO7yhfx4VNbolBlNQTElCyqEYETS6HALT1UfYlBQNM043FgFUU1FRTOOLEAkwLQwFA+zuUPGDEhoTHqw4gACACCkIpfDrNQgBAgIvYlxQQKJHQoT9En1oQgXJkCe7dE3JOMhFyJO7GCZyEeURpF1RVJY8RBNRokAAOw==', 'image/gif');
INSERT INTO OKM_MIME_TYPE_EXTENSION (MTE_ID, MTE_NAME) VALUES ('50', 'ogg');
INSERT INTO OKM_MIME_TYPE (MT_ID, MT_NAME, MT_IMAGE_CONTENT, MT_IMAGE_MIME) VALUES ('51', 'video/x-flv', 'R0lGODlhFwAQAMZaACwsLDMzMzs7O0RERE9PT1RUVFhYWFBcTFRfY15eXl9fX2BgYGNjY2VlZWZmZmpqamxsbHBtX2Z0bnR0dG92dnl1aHJ3bnd3d3h4eHp6emqDeWeIemKPUnmIXmuJf4SEhEqbVIGGiV2SkVeYlE+iZ2SncXCpYZqilGyuvGuu0mm2i3uvx6inn6KprlnBpFvEh6SrsHfAZWG+x6auoaiuo2W922W934e3t7GxfYLFYHPJe3i+5HvPZLK+lLu7u76+vtjY2NnZ2ePj4+Xl5ebm5ufn5+jo6Onp6erq6uzs7O3t7e/v7/Dw8PHx8fLy8vPz8/T09PX19fb29vf39/j4+Pn5+fr6+vv7+/z8/P///+rXgOrXgOrXgOrXgOrXgOrXgOrXgOrXgOrXgOrXgOrXgOrXgOrXgOrXgOrXgOrXgOrXgOrXgOrXgOrXgOrXgOrXgOrXgOrXgOrXgOrXgOrXgOrXgOrXgOrXgOrXgOrXgOrXgOrXgOrXgOrXgOrXgOrXgCH5BAEKAH8ALAAAAAAXABAAAAfFgH+Cfz+FhoeDiYqEVFmOj1hUP4uLP1dQUZlNS0dYRZOUgz5YU1WaTEhYUlCglB8TITAtLBMfUU1YuVitihkVIikrOBUZt0lIRLuhGBQkLjY3FBhXVFJPSsqUFxImPDoqEhfU1k7Ziw0EGh4bHQQNWFdXVVLmihARIzU7PREQ8FVVqNRLxAABiBcyUCBgcMWKQ4G8Ei04wCFHjBIHFjjcOHCQggIWaMw4UUCBLngdB/04yVJXxEQ/qjyCpKvKS5WHciJKFAgAOw==', 'image/gif');
INSERT INTO OKM_MIME_TYPE_EXTENSION (MTE_ID, MTE_NAME) VALUES ('51', 'flv');
INSERT INTO OKM_MIME_TYPE (MT_ID, MT_NAME, MT_IMAGE_CONTENT, MT_IMAGE_MIME) VALUES ('52', 'video/mp4', 'R0lGODlhFwAQAMZaACwsLDMzMzs7O0RERE9PT1RUVFhYWFBcTFRfY15eXl9fX2BgYGNjY2VlZWZmZmpqamxsbHBtX2Z0bnR0dG92dnl1aHJ3bnd3d3h4eHp6emqDeWeIemKPUnmIXmuJf4SEhEqbVIGGiV2SkVeYlE+iZ2SncXCpYZqilGyuvGuu0mm2i3uvx6inn6KprlnBpFvEh6SrsHfAZWG+x6auoaiuo2W922W934e3t7GxfYLFYHPJe3i+5HvPZLK+lLu7u76+vtjY2NnZ2ePj4+Xl5ebm5ufn5+jo6Onp6erq6uzs7O3t7e/v7/Dw8PHx8fLy8vPz8/T09PX19fb29vf39/j4+Pn5+fr6+vv7+/z8/P///+rXgOrXgOrXgOrXgOrXgOrXgOrXgOrXgOrXgOrXgOrXgOrXgOrXgOrXgOrXgOrXgOrXgOrXgOrXgOrXgOrXgOrXgOrXgOrXgOrXgOrXgOrXgOrXgOrXgOrXgOrXgOrXgOrXgOrXgOrXgOrXgOrXgOrXgCH5BAEKAH8ALAAAAAAXABAAAAfFgH+Cfz+FhoeDiYqEVFmOj1hUP4uLP1dQUZlNS0dYRZOUgz5YU1WaTEhYUlCglB8TITAtLBMfUU1YuVitihkVIikrOBUZt0lIRLuhGBQkLjY3FBhXVFJPSsqUFxImPDoqEhfU1k7Ziw0EGh4bHQQNWFdXVVLmihARIzU7PREQ8FVVqNRLxAABiBcyUCBgcMWKQ4G8Ei04wCFHjBIHFjjcOHCQggIWaMw4UUCBLngdB/04yVJXxEQ/qjyCpKvKS5WHciJKFAgAOw==', 'image/gif');
INSERT INTO OKM_MIME_TYPE_EXTENSION (MTE_ID, MTE_NAME) VALUES ('52', 'mp4');
INSERT INTO OKM_MIME_TYPE (MT_ID, MT_NAME, MT_IMAGE_CONTENT, MT_IMAGE_MIME) VALUES ('53', 'video/mpeg', 'R0lGODlhFwAQAMZaACwsLDMzMzs7O0RERE9PT1RUVFhYWFBcTFRfY15eXl9fX2BgYGNjY2VlZWZmZmpqamxsbHBtX2Z0bnR0dG92dnl1aHJ3bnd3d3h4eHp6emqDeWeIemKPUnmIXmuJf4SEhEqbVIGGiV2SkVeYlE+iZ2SncXCpYZqilGyuvGuu0mm2i3uvx6inn6KprlnBpFvEh6SrsHfAZWG+x6auoaiuo2W922W934e3t7GxfYLFYHPJe3i+5HvPZLK+lLu7u76+vtjY2NnZ2ePj4+Xl5ebm5ufn5+jo6Onp6erq6uzs7O3t7e/v7/Dw8PHx8fLy8vPz8/T09PX19fb29vf39/j4+Pn5+fr6+vv7+/z8/P///+rXgOrXgOrXgOrXgOrXgOrXgOrXgOrXgOrXgOrXgOrXgOrXgOrXgOrXgOrXgOrXgOrXgOrXgOrXgOrXgOrXgOrXgOrXgOrXgOrXgOrXgOrXgOrXgOrXgOrXgOrXgOrXgOrXgOrXgOrXgOrXgOrXgOrXgCH5BAEKAH8ALAAAAAAXABAAAAfFgH+Cfz+FhoeDiYqEVFmOj1hUP4uLP1dQUZlNS0dYRZOUgz5YU1WaTEhYUlCglB8TITAtLBMfUU1YuVitihkVIikrOBUZt0lIRLuhGBQkLjY3FBhXVFJPSsqUFxImPDoqEhfU1k7Ziw0EGh4bHQQNWFdXVVLmihARIzU7PREQ8FVVqNRLxAABiBcyUCBgcMWKQ4G8Ei04wCFHjBIHFjjcOHCQggIWaMw4UUCBLngdB/04yVJXxEQ/qjyCpKvKS5WHciJKFAgAOw==', 'image/gif');
INSERT INTO OKM_MIME_TYPE_EXTENSION (MTE_ID, MTE_NAME) VALUES ('53', 'mpeg');
INSERT INTO OKM_MIME_TYPE_EXTENSION (MTE_ID, MTE_NAME) VALUES ('53', 'mpg');
INSERT INTO OKM_MIME_TYPE (MT_ID, MT_NAME, MT_IMAGE_CONTENT, MT_IMAGE_MIME) VALUES ('54', 'video/x-msvideo', 'R0lGODlhFwAQAMZaACwsLDMzMzs7O0RERE9PT1RUVFhYWFBcTFRfY15eXl9fX2BgYGNjY2VlZWZmZmpqamxsbHBtX2Z0bnR0dG92dnl1aHJ3bnd3d3h4eHp6emqDeWeIemKPUnmIXmuJf4SEhEqbVIGGiV2SkVeYlE+iZ2SncXCpYZqilGyuvGuu0mm2i3uvx6inn6KprlnBpFvEh6SrsHfAZWG+x6auoaiuo2W922W934e3t7GxfYLFYHPJe3i+5HvPZLK+lLu7u76+vtjY2NnZ2ePj4+Xl5ebm5ufn5+jo6Onp6erq6uzs7O3t7e/v7/Dw8PHx8fLy8vPz8/T09PX19fb29vf39/j4+Pn5+fr6+vv7+/z8/P///+rXgOrXgOrXgOrXgOrXgOrXgOrXgOrXgOrXgOrXgOrXgOrXgOrXgOrXgOrXgOrXgOrXgOrXgOrXgOrXgOrXgOrXgOrXgOrXgOrXgOrXgOrXgOrXgOrXgOrXgOrXgOrXgOrXgOrXgOrXgOrXgOrXgOrXgCH5BAEKAH8ALAAAAAAXABAAAAfFgH+Cfz+FhoeDiYqEVFmOj1hUP4uLP1dQUZlNS0dYRZOUgz5YU1WaTEhYUlCglB8TITAtLBMfUU1YuVitihkVIikrOBUZt0lIRLuhGBQkLjY3FBhXVFJPSsqUFxImPDoqEhfU1k7Ziw0EGh4bHQQNWFdXVVLmihARIzU7PREQ8FVVqNRLxAABiBcyUCBgcMWKQ4G8Ei04wCFHjBIHFjjcOHCQggIWaMw4UUCBLngdB/04yVJXxEQ/qjyCpKvKS5WHciJKFAgAOw==', 'image/gif');
INSERT INTO OKM_MIME_TYPE_EXTENSION (MTE_ID, MTE_NAME) VALUES ('54', 'avi');
INSERT INTO OKM_MIME_TYPE (MT_ID, MT_NAME, MT_IMAGE_CONTENT, MT_IMAGE_MIME) VALUES ('55', 'video/x-ms-wmv', 'R0lGODlhFwAQAMZaACwsLDMzMzs7O0RERE9PT1RUVFhYWFBcTFRfY15eXl9fX2BgYGNjY2VlZWZmZmpqamxsbHBtX2Z0bnR0dG92dnl1aHJ3bnd3d3h4eHp6emqDeWeIemKPUnmIXmuJf4SEhEqbVIGGiV2SkVeYlE+iZ2SncXCpYZqilGyuvGuu0mm2i3uvx6inn6KprlnBpFvEh6SrsHfAZWG+x6auoaiuo2W922W934e3t7GxfYLFYHPJe3i+5HvPZLK+lLu7u76+vtjY2NnZ2ePj4+Xl5ebm5ufn5+jo6Onp6erq6uzs7O3t7e/v7/Dw8PHx8fLy8vPz8/T09PX19fb29vf39/j4+Pn5+fr6+vv7+/z8/P///+rXgOrXgOrXgOrXgOrXgOrXgOrXgOrXgOrXgOrXgOrXgOrXgOrXgOrXgOrXgOrXgOrXgOrXgOrXgOrXgOrXgOrXgOrXgOrXgOrXgOrXgOrXgOrXgOrXgOrXgOrXgOrXgOrXgOrXgOrXgOrXgOrXgOrXgCH5BAEKAH8ALAAAAAAXABAAAAfFgH+Cfz+FhoeDiYqEVFmOj1hUP4uLP1dQUZlNS0dYRZOUgz5YU1WaTEhYUlCglB8TITAtLBMfUU1YuVitihkVIikrOBUZt0lIRLuhGBQkLjY3FBhXVFJPSsqUFxImPDoqEhfU1k7Ziw0EGh4bHQQNWFdXVVLmihARIzU7PREQ8FVVqNRLxAABiBcyUCBgcMWKQ4G8Ei04wCFHjBIHFjjcOHCQggIWaMw4UUCBLngdB/04yVJXxEQ/qjyCpKvKS5WHciJKFAgAOw==', 'image/gif');
INSERT INTO OKM_MIME_TYPE_EXTENSION (MTE_ID, MTE_NAME) VALUES ('55', 'wmv');
INSERT INTO OKM_MIME_TYPE (MT_ID, MT_NAME, MT_IMAGE_CONTENT, MT_IMAGE_MIME) VALUES ('56', 'application/x-shockwave-flash', 'R0lGODlhFwAQAMZIAOItM/E1O/E5P/I6P+Y+QvI7QPE8QfI8QPI8QfJARfNARPNBRfRHSvVJTPFKT/RKTfZXWvdXWfdcW/dgYfhlYvltafpybfV0d/t1cPZ4evt4cvt4c/t8dvx+ePWAhPiBg/WChPWDhvyEfPeIifiNj76+vvm9vfnAwvfHyPnLzfrV1vrW1/vY2frd3ubm5ufn5/rk5enp6erq6uvr6+zs7Pvo6e3t7fvr6+/v7/Dw8Pvu7/Hx8fLy8vPz8/T09PX19fb29vf39/j4+Pn5+fr6+vv7+/z7+/z8/P///////////////////////////////////////////////////////////////////////////////////////////////////////////////////////////////////////////////////////////////////////////////////////////////////////////////////////////////yH5BAEKAH8ALAMAAAAQABAAAAeqgH9/JYSFhoKIg0JFR42OQiWJg0U+P5Y7ODFHL5GIJUdBQygjIDkyR0A+nYNHQyYTIg08M45HnZ8tERgQFz87NDIutoIlRh8cGTdFQj88ODbDgywSDyc6R8tAPTzRJSQbHQcejURDQEDdDxoIAuPYQ0NC0QQWCSkrMEVFRERC8iUMFhigEKKRPn4IbSkoUMFBDUf6IjIqMSAAABW1Mja6NURjrSG3DIk0FAgAOw==', 'image/gif');
INSERT INTO OKM_MIME_TYPE_EXTENSION (MTE_ID, MTE_NAME) VALUES ('56', 'swf');
INSERT INTO OKM_MIME_TYPE (MT_ID, MT_NAME, MT_IMAGE_CONTENT, MT_IMAGE_MIME) VALUES ('57', 'application/octet-stream', 'R0lGODlhFwAQAMZrANldWqxqc+deWliBrtFlZehhXehiXlqEtFmFtOhkYVuGs+hoZmeJs1+LuGGMuOtraa2AX2OOuutua6yCYulvbaqCa+1vbutxbmuQud54cbuEc+12de52dW2VvnSVuJeNpe54d2yefnCfa+Z7duN8du17eXaYvYSVs3SigfB+fJWXr++DgvCEhH2odpWctYmiwOyLieuNjYGweomnxYOwfoWwfoWzfZSqxPSTlI6uzYy3ho+vzpKwz8OmpJOwz/ScnZi/kLG4sKbAmaa/2L69vaXIn76+vqjJoua1svC8ue/CwbrUtO/NzMrY2tTc5dzi6Obm5ufn5+np6fDo5+rq6uzs7O3t7fHs7O/u7+/v7/Dw8PLw8PHx8fbw7/bx8PLy8vPz8/Tz8/T09PX19fb29vj4+Pj4+fn5+fr6+vv7+/z8/P///////////////////////////////////////////////////////////////////////////////////yH5BAEKAH8ALAAAAAAXABAAAAfLgH+Cf0aFhoeDiYqEZWuOj2plRouLRmliY5lcWVJqUZOUg0RdTElKU1taVGpkYqChPTEUDwswSGFcarpqr4saLBYbEhwkV1xVVFC8lC02ED8pIAkGI15lZGBWy4syQBMrOCUFAhlY12Bf24o6S0IVBBcAASceaWlnZOqJNUdFKC4fVJjocODemTL6EomgEcLHkBwRHCBAQxFhL0VBmszgsaOBAgYUKSZMZMSMkxcYBtx4sivNyEFGdsmceZHkmUeQdp2pCfOQT0SJAgEAOw==', 'image/gif');
INSERT INTO OKM_MIME_TYPE_EXTENSION (MTE_ID, MTE_NAME) VALUES ('57', '*');
INSERT INTO OKM_MIME_TYPE (MT_ID, MT_NAME, MT_IMAGE_CONTENT, MT_IMAGE_MIME) VALUES ('58', 'image/vnd.dxf', 'R0lGODlhEAAQAOeuAAFEtQBLyDJAqQhPkRVLrQpOsQBP0hxMsAVUsxhUhhJSrAVS1BZTowtSziVSiQBV3AtZmwBU9Q9Vxwxbnj9OiSFUpxJYrRBV1BBZtyVUrhNbsDJTpCRVvipWpw9dsgFc6y9YjApY+gBc9xNZ3R5cpSVbmyFasThXjShYugRhywBd/yxZqgZc/RpgniVX3CxYwypZwwtf5hFlozZZrQ1e9kBZkiNhnjlZripcvSRdyBhe5DlaqyZevQxg9xxf0jNawSxdujNbuzFbwTNbvQ9g+Adi/0RYsQdm2jpavRxkti5dxypfvw5m0iRf1z1awCpe1hBowRZnwh1h8kJglDRd3SZf9Cpg5ABq/xxrpiBnwzFktxNp4ixlzBFp/xtsyDhnrQhw4zRnwy9qulZimixuoA1y2g1w8iZvtBtwyzJqyyptxiNwzBJw/xpw6z9rskxpoyFyyyts7DZt1FhlwUlrsz1r2lxooiB2zStv9CR1zgt4/yZ04ElvtkNyqkRzqRF88Cx7vieB0TV76iiF1XJ5gHx+gGuCl4CEiIaJjIiguI2iuKi7zdXk88Lr/9/q/5///6D//8z0/8j2/7D//7L//7f+/+Px/7b//7f//8b7/8v6/8j7/7z//8T//8j+/8b//8f//9P8/8r//+P4/9r7/83//9X9/9H//9X//+L8/9j//9n//+P9/93//////////////////////////////////////////////////////////////////////////////////////////////////////////////////////////////////////////////////////////////////////////////////////////////////////////////////////////////////////////////////////////////////////////////////////////////////////////////////////////////////////////yH5BAEKAP8ALAAAAAAQABAAAAj+AP+pgRDIQgdGY/oMuIPon0OHINxkqIMikx8kRtwoOvTw3440DULQoOShyZA7ixIVehhEAqUiKiZBuVCKyaJFhh4WaPOBRYxLWHxwQXmTkEM4TLYsENTJhhwCbpIudSgDECdQnlCtiqTqgJJGTuY4JJPglBgeHITMaAXjiRUqAhxOOYEqjgE0SX6QKtFijYI3D0eZktLlkZcXq0RhmsQplMMbdDSN6EFEB45Ne8xEYLPEIZAKpQDgqeJCi6gAeq6IyOFQDYZKoiSlYqXqE5gHkI6YcEgiTxQGfBxRcHCmzJ8UWb60njBIwwpLdhTeQRBmQw2IEilaxOgmO4p/AQEAOw==', 'image/gif');
INSERT INTO OKM_MIME_TYPE_EXTENSION (MTE_ID, MTE_NAME) VALUES ('58', 'dxf');
INSERT INTO OKM_MIME_TYPE (MT_ID, MT_NAME, MT_IMAGE_CONTENT, MT_IMAGE_MIME) VALUES ('59', 'image/vnd.dwg', 'R0lGODlhEAAQAOZ9AMyZAPjcTOC3F////6i7zT5pkjRbgh9QgDxbe/TMAPfSAPPLAPjUAE1zmfHGAP7+/vXOAPXPAPbQAPLJAPLRQ/LKAICEiCRVhPnVAPTNAPbikld5m/jnn/rcLFtzk/PRNnWPqY2iuEhulJGmu/nXCe/EAEFokBNBbYaJjG+Lpv7+/zFbhf3vmvbRAHCMpx5OfXWOnEBnjTZhi1R3mTpcgytZhfHHABBCc2KCofnWB/DHC+vr62mGpPDFADZXd0VrkvvfOHqRnTljjQw0XXuSnlx9nTxljvfTAAY1Y1F1mH2TniVSff3vmP3wm/LSQfXZXEtwlfjWDsHBwWqIpTBYgPbggHx+gPbffWSDojxbev73y1p7nG+Lp2aEovruv2uCl/fRAPLIAGKBoCNTgvjTAE1xlk9zl/70sv/75V5/nvbPAGCAn32VrnJ5gP39/v73ylV4mgxBdGaFokdtk/LLE/jnovzkVvXNAD5mjvjoqR9PfXaQqoiguAAAAAAAAAAAACH5BAEAAH0ALAAAAAAQABAAAAfOgH19BYQDBRdxNB4ogo19Bg0NAw1jN0hDIRaOjwUDKgM1eic+BHxWjgMDbgUPqTtSBARfjgYjA60ieFRZsQRtjQZsewNiG2UxCMkIQsBdKQMuckVJc0YrSy+CAgHcAUEgU2twUCYyB9pobyzcAkpcWFtmP+d9AlpNJAwK7EQ8aTP0BJwBguGIBAgJ2MHAEZBJDgZgImRYMMEBu4B29B1MUMFGjxIU2NXrQKZFhAQLwjjQ4aRKHQ0A6kVRoOYORTofnlzh4CVPTABAgwodGggAOw==', 'image/gif');
INSERT INTO OKM_MIME_TYPE_EXTENSION (MTE_ID, MTE_NAME) VALUES ('59', 'dwg');
INSERT INTO OKM_LANGUAGE (LG_ID, LG_NAME, LG_IMAGE_CONTENT, LG_IMAGE_MIME) VALUES ('en-GB', 'English', 'R0lGODlhEAALANUAALZXTnqXuP/LxP2GdrQ/L/89Pf/T02J24//r6sfS//8pJv9LSP96dj9Ao7qio/+4tf/Y1T9LpT8/c3V/s7vH/v7z8f9rZv+cmP6xp/7Wz3B6ruTq/qOt5PP1/kFXp/8yL/7h45yhuv/t8f+treDm/r5MPP729v8cGP/3+cLO/212qt7j/pSs/L+alKey7v/AvL+hnb9rX+jt/+3w/7+CeoSd/P/v7v/k7P/p6P9ycP/S2//w9I8/L/75+/+plP9hXyH5BAAAAAAALAAAAAAQAAsAAAabwAkM4NBoQiVASKVyEFqeycaU6ZE6gkxnZcJUEhFpwjbayS6YjciCY1Ea4kSlzPCtbazam4aA+CEMCwsWGQIvDxkEJQIXFww/CwUfHwoKJycDBDE4Bp0gkgofhg8jEAQaJCkpNjkokzcFEAcHLhKoKQg5IjOhCTofLwcctiQVGCYpHQMDKy4gAxnDGi0EDh4NAQQEHhISADwEEkEAOw==', 'image/gif');
INSERT INTO OKM_TRANSLATION (TR_MODULE, TR_KEY, TR_TEXT, TR_LANGUAGE) VALUES ('frontend', 'general.date.pattern', 'dd-MM-yyyy hh:mm:ss', 'en-GB');
INSERT INTO OKM_TRANSLATION (TR_MODULE, TR_KEY, TR_TEXT, TR_LANGUAGE) VALUES ('frontend', 'general.day.pattern', 'dd-MM-yyyy', 'en-GB');
INSERT INTO OKM_TRANSLATION (TR_MODULE, TR_KEY, TR_TEXT, TR_LANGUAGE) VALUES ('frontend', 'general.hour.pattern', 'HH:mm:ss', 'en-GB');
INSERT INTO OKM_TRANSLATION (TR_MODULE, TR_KEY, TR_TEXT, TR_LANGUAGE) VALUES ('frontend', 'startup.openkm', 'Loading OpenKM', 'en-GB');
INSERT INTO OKM_TRANSLATION (TR_MODULE, TR_KEY, TR_TEXT, TR_LANGUAGE) VALUES ('frontend', 'startup.starting.loading', 'Starting loading OpenKM', 'en-GB');
INSERT INTO OKM_TRANSLATION (TR_MODULE, TR_KEY, TR_TEXT, TR_LANGUAGE) VALUES ('frontend', 'startup.taxonomy', 'Getting taxonomy root node', 'en-GB');
INSERT INTO OKM_TRANSLATION (TR_MODULE, TR_KEY, TR_TEXT, TR_LANGUAGE) VALUES ('frontend', 'startup.categories', 'Getting categories root node', 'en-GB');
INSERT INTO OKM_TRANSLATION (TR_MODULE, TR_KEY, TR_TEXT, TR_LANGUAGE) VALUES ('frontend', 'startup.thesaurus', 'Getting thesaurus root node', 'en-GB');
INSERT INTO OKM_TRANSLATION (TR_MODULE, TR_KEY, TR_TEXT, TR_LANGUAGE) VALUES ('frontend', 'startup.template', 'Getting template root node', 'en-GB');
INSERT INTO OKM_TRANSLATION (TR_MODULE, TR_KEY, TR_TEXT, TR_LANGUAGE) VALUES ('frontend', 'startup.personal', 'Getting personal root node', 'en-GB');
INSERT INTO OKM_TRANSLATION (TR_MODULE, TR_KEY, TR_TEXT, TR_LANGUAGE) VALUES ('frontend', 'startup.mail', 'Getting e-mail root node', 'en-GB');
INSERT INTO OKM_TRANSLATION (TR_MODULE, TR_KEY, TR_TEXT, TR_LANGUAGE) VALUES ('frontend', 'startup.trash', 'Getting trash root node', 'en-GB');
INSERT INTO OKM_TRANSLATION (TR_MODULE, TR_KEY, TR_TEXT, TR_LANGUAGE) VALUES ('frontend', 'startup.user.home', 'Getting user home node', 'en-GB');
INSERT INTO OKM_TRANSLATION (TR_MODULE, TR_KEY, TR_TEXT, TR_LANGUAGE) VALUES ('frontend', 'startup.bookmarks', 'Getting bookmarks', 'en-GB');
INSERT INTO OKM_TRANSLATION (TR_MODULE, TR_KEY, TR_TEXT, TR_LANGUAGE) VALUES ('frontend', 'startup.loading.taxonomy', 'Loading taxonomy', 'en-GB');
INSERT INTO OKM_TRANSLATION (TR_MODULE, TR_KEY, TR_TEXT, TR_LANGUAGE) VALUES ('frontend', 'startup.loading.taxonomy.getting.folders', 'Loading taxonomy - getting folders', 'en-GB');
INSERT INTO OKM_TRANSLATION (TR_MODULE, TR_KEY, TR_TEXT, TR_LANGUAGE) VALUES ('frontend', 'startup.loading.taxonomy.eval.params', 'Loading taxonomy - eval browser params', 'en-GB');
INSERT INTO OKM_TRANSLATION (TR_MODULE, TR_KEY, TR_TEXT, TR_LANGUAGE) VALUES ('frontend', 'startup.loading.taxonomy.open.path', 'Loading taxonomy - open path', 'en-GB');
INSERT INTO OKM_TRANSLATION (TR_MODULE, TR_KEY, TR_TEXT, TR_LANGUAGE) VALUES ('frontend', 'startup.loading.taxonomy.getting.filebrowser.folders', 'Loading taxonomy - getting folders', 'en-GB');
INSERT INTO OKM_TRANSLATION (TR_MODULE, TR_KEY, TR_TEXT, TR_LANGUAGE) VALUES ('frontend', 'startup.loading.taxonomy.getting.filebrowser.documents', 'Loading taxonomy - getting documents', 'en-GB');
INSERT INTO OKM_TRANSLATION (TR_MODULE, TR_KEY, TR_TEXT, TR_LANGUAGE) VALUES ('frontend', 'startup.loading.taxonomy.getting.filebrowser.mails', 'Loading taxonomy - getting mails', 'en-GB');
INSERT INTO OKM_TRANSLATION (TR_MODULE, TR_KEY, TR_TEXT, TR_LANGUAGE) VALUES ('frontend', 'startup.loading.personal', 'Loading personal', 'en-GB');
INSERT INTO OKM_TRANSLATION (TR_MODULE, TR_KEY, TR_TEXT, TR_LANGUAGE) VALUES ('frontend', 'startup.loading.mail', 'Loading e-mails', 'en-GB');
INSERT INTO OKM_TRANSLATION (TR_MODULE, TR_KEY, TR_TEXT, TR_LANGUAGE) VALUES ('frontend', 'startup.loading.categories', 'Loading categories', 'en-GB');
INSERT INTO OKM_TRANSLATION (TR_MODULE, TR_KEY, TR_TEXT, TR_LANGUAGE) VALUES ('frontend', 'startup.loading.thesaurus', 'Loading thesaurus', 'en-GB');
INSERT INTO OKM_TRANSLATION (TR_MODULE, TR_KEY, TR_TEXT, TR_LANGUAGE) VALUES ('frontend', 'startup.loading.templates', 'Loading templates', 'en-GB');
INSERT INTO OKM_TRANSLATION (TR_MODULE, TR_KEY, TR_TEXT, TR_LANGUAGE) VALUES ('frontend', 'startup.loading.trash', 'Loading trash', 'en-GB');
INSERT INTO OKM_TRANSLATION (TR_MODULE, TR_KEY, TR_TEXT, TR_LANGUAGE) VALUES ('frontend', 'startup.loading.history.search', 'Loading history search', 'en-GB');
INSERT INTO OKM_TRANSLATION (TR_MODULE, TR_KEY, TR_TEXT, TR_LANGUAGE) VALUES ('frontend', 'startup.loading.user.values', 'Loading user values', 'en-GB');
INSERT INTO OKM_TRANSLATION (TR_MODULE, TR_KEY, TR_TEXT, TR_LANGUAGE) VALUES ('frontend', 'startup.keep.alive', 'Loading keep alive', 'en-GB');
INSERT INTO OKM_TRANSLATION (TR_MODULE, TR_KEY, TR_TEXT, TR_LANGUAGE) VALUES ('frontend', 'propose.subscription.title', 'Send propose subscription', 'en-GB');
INSERT INTO OKM_TRANSLATION (TR_MODULE, TR_KEY, TR_TEXT, TR_LANGUAGE) VALUES ('frontend', 'openkm.update.available', 'OpenKM update available', 'en-GB');
INSERT INTO OKM_TRANSLATION (TR_MODULE, TR_KEY, TR_TEXT, TR_LANGUAGE) VALUES ('frontend', 'leftpanel.label.taxonomy', 'Taxonomy', 'en-GB');
INSERT INTO OKM_TRANSLATION (TR_MODULE, TR_KEY, TR_TEXT, TR_LANGUAGE) VALUES ('frontend', 'leftpanel.label.trash', 'Trash', 'en-GB');
INSERT INTO OKM_TRANSLATION (TR_MODULE, TR_KEY, TR_TEXT, TR_LANGUAGE) VALUES ('frontend', 'leftpanel.label.mail', 'E-mail', 'en-GB');
INSERT INTO OKM_TRANSLATION (TR_MODULE, TR_KEY, TR_TEXT, TR_LANGUAGE) VALUES ('frontend', 'leftpanel.label.stored.search', 'Stored searches', 'en-GB');
INSERT INTO OKM_TRANSLATION (TR_MODULE, TR_KEY, TR_TEXT, TR_LANGUAGE) VALUES ('frontend', 'leftpanel.label.categories', 'Categories', 'en-GB');
INSERT INTO OKM_TRANSLATION (TR_MODULE, TR_KEY, TR_TEXT, TR_LANGUAGE) VALUES ('frontend', 'leftpanel.label.thesaurus', 'Thesaurus', 'en-GB');
INSERT INTO OKM_TRANSLATION (TR_MODULE, TR_KEY, TR_TEXT, TR_LANGUAGE) VALUES ('frontend', 'leftpanel.label.templates', 'Templates', 'en-GB');
INSERT INTO OKM_TRANSLATION (TR_MODULE, TR_KEY, TR_TEXT, TR_LANGUAGE) VALUES ('frontend', 'leftpanel.label.my.documents', 'My documents', 'en-GB');
INSERT INTO OKM_TRANSLATION (TR_MODULE, TR_KEY, TR_TEXT, TR_LANGUAGE) VALUES ('frontend', 'leftpanel.label.user.search', 'User news', 'en-GB');
INSERT INTO OKM_TRANSLATION (TR_MODULE, TR_KEY, TR_TEXT, TR_LANGUAGE) VALUES ('frontend', 'leftpanel.label.all.repository', 'All repository', 'en-GB');
INSERT INTO OKM_TRANSLATION (TR_MODULE, TR_KEY, TR_TEXT, TR_LANGUAGE) VALUES ('frontend', 'tree.menu.directory.create', 'Create folder', 'en-GB');
INSERT INTO OKM_TRANSLATION (TR_MODULE, TR_KEY, TR_TEXT, TR_LANGUAGE) VALUES ('frontend', 'tree.menu.directory.remove', 'Delete', 'en-GB');
INSERT INTO OKM_TRANSLATION (TR_MODULE, TR_KEY, TR_TEXT, TR_LANGUAGE) VALUES ('frontend', 'tree.menu.directory.rename', 'Rename', 'en-GB');
INSERT INTO OKM_TRANSLATION (TR_MODULE, TR_KEY, TR_TEXT, TR_LANGUAGE) VALUES ('frontend', 'tree.menu.directory.refresh', 'Refresh', 'en-GB');
INSERT INTO OKM_TRANSLATION (TR_MODULE, TR_KEY, TR_TEXT, TR_LANGUAGE) VALUES ('frontend', 'tree.menu.directory.move', 'Move', 'en-GB');
INSERT INTO OKM_TRANSLATION (TR_MODULE, TR_KEY, TR_TEXT, TR_LANGUAGE) VALUES ('frontend', 'tree.menu.directory.copy', 'Copy', 'en-GB');
INSERT INTO OKM_TRANSLATION (TR_MODULE, TR_KEY, TR_TEXT, TR_LANGUAGE) VALUES ('frontend', 'tree.menu.directory.add.document', 'Add document', 'en-GB');
INSERT INTO OKM_TRANSLATION (TR_MODULE, TR_KEY, TR_TEXT, TR_LANGUAGE) VALUES ('frontend', 'tree.menu.add.bookmark', 'Add bookmark', 'en-GB');
INSERT INTO OKM_TRANSLATION (TR_MODULE, TR_KEY, TR_TEXT, TR_LANGUAGE) VALUES ('frontend', 'tree.menu.set.home', 'Set default home', 'en-GB');
INSERT INTO OKM_TRANSLATION (TR_MODULE, TR_KEY, TR_TEXT, TR_LANGUAGE) VALUES ('frontend', 'tree.menu.export', 'Export to file', 'en-GB');
INSERT INTO OKM_TRANSLATION (TR_MODULE, TR_KEY, TR_TEXT, TR_LANGUAGE) VALUES ('frontend', 'tree.status.refresh.folder', 'Updating folder tree', 'en-GB');
INSERT INTO OKM_TRANSLATION (TR_MODULE, TR_KEY, TR_TEXT, TR_LANGUAGE) VALUES ('frontend', 'tree.status.refresh.create', 'Creating folder', 'en-GB');
INSERT INTO OKM_TRANSLATION (TR_MODULE, TR_KEY, TR_TEXT, TR_LANGUAGE) VALUES ('frontend', 'tree.status.refresh.delete', 'Deleting folder', 'en-GB');
INSERT INTO OKM_TRANSLATION (TR_MODULE, TR_KEY, TR_TEXT, TR_LANGUAGE) VALUES ('frontend', 'tree.status.refresh.rename', 'Renaming folder', 'en-GB');
INSERT INTO OKM_TRANSLATION (TR_MODULE, TR_KEY, TR_TEXT, TR_LANGUAGE) VALUES ('frontend', 'tree.status.refresh.restore', 'Restoring folder', 'en-GB');
INSERT INTO OKM_TRANSLATION (TR_MODULE, TR_KEY, TR_TEXT, TR_LANGUAGE) VALUES ('frontend', 'tree.status.refresh.purge', 'Purging folder', 'en-GB');
INSERT INTO OKM_TRANSLATION (TR_MODULE, TR_KEY, TR_TEXT, TR_LANGUAGE) VALUES ('frontend', 'tree.status.refresh.get', 'Updating folder', 'en-GB');
INSERT INTO OKM_TRANSLATION (TR_MODULE, TR_KEY, TR_TEXT, TR_LANGUAGE) VALUES ('frontend', 'tree.folder.new', 'New folder', 'en-GB');
INSERT INTO OKM_TRANSLATION (TR_MODULE, TR_KEY, TR_TEXT, TR_LANGUAGE) VALUES ('frontend', 'tree.status.refresh.add.subscription', 'Adding subscription', 'en-GB');
INSERT INTO OKM_TRANSLATION (TR_MODULE, TR_KEY, TR_TEXT, TR_LANGUAGE) VALUES ('frontend', 'tree.status.refresh.remove.subscription', 'Deleting subscription', 'en-GB');
INSERT INTO OKM_TRANSLATION (TR_MODULE, TR_KEY, TR_TEXT, TR_LANGUAGE) VALUES ('frontend', 'tree.status.refresh.get.root', 'Refreshing root folder', 'en-GB');
INSERT INTO OKM_TRANSLATION (TR_MODULE, TR_KEY, TR_TEXT, TR_LANGUAGE) VALUES ('frontend', 'tree.status.refresh.get.keywords', 'Refreshing keywords', 'en-GB');
INSERT INTO OKM_TRANSLATION (TR_MODULE, TR_KEY, TR_TEXT, TR_LANGUAGE) VALUES ('frontend', 'tree.status.refresh.get.user.home', 'Getting user home', 'en-GB');
INSERT INTO OKM_TRANSLATION (TR_MODULE, TR_KEY, TR_TEXT, TR_LANGUAGE) VALUES ('frontend', 'tree.status.refresh.purge.trash', 'Cleaning trash', 'en-GB');
INSERT INTO OKM_TRANSLATION (TR_MODULE, TR_KEY, TR_TEXT, TR_LANGUAGE) VALUES ('frontend', 'tree.menu.directory.find.folder', 'Find folder', 'en-GB');
INSERT INTO OKM_TRANSLATION (TR_MODULE, TR_KEY, TR_TEXT, TR_LANGUAGE) VALUES ('frontend', 'trash.menu.directory.restore', 'Restore', 'en-GB');
INSERT INTO OKM_TRANSLATION (TR_MODULE, TR_KEY, TR_TEXT, TR_LANGUAGE) VALUES ('frontend', 'trash.menu.directory.purge', 'Purge', 'en-GB');
INSERT INTO OKM_TRANSLATION (TR_MODULE, TR_KEY, TR_TEXT, TR_LANGUAGE) VALUES ('frontend', 'trash.menu.directory.purge.trash', 'Purge trash', 'en-GB');
INSERT INTO OKM_TRANSLATION (TR_MODULE, TR_KEY, TR_TEXT, TR_LANGUAGE) VALUES ('frontend', 'trash.directory.select.label', 'Select destination folder', 'en-GB');
INSERT INTO OKM_TRANSLATION (TR_MODULE, TR_KEY, TR_TEXT, TR_LANGUAGE) VALUES ('frontend', 'general.menu.file', 'File', 'en-GB');
INSERT INTO OKM_TRANSLATION (TR_MODULE, TR_KEY, TR_TEXT, TR_LANGUAGE) VALUES ('frontend', 'general.menu.file.exit', 'Exit', 'en-GB');
INSERT INTO OKM_TRANSLATION (TR_MODULE, TR_KEY, TR_TEXT, TR_LANGUAGE) VALUES ('frontend', 'general.menu.file.purge.trash', 'Purge trash', 'en-GB');
INSERT INTO OKM_TRANSLATION (TR_MODULE, TR_KEY, TR_TEXT, TR_LANGUAGE) VALUES ('frontend', 'general.menu.edit', 'Edit', 'en-GB');
INSERT INTO OKM_TRANSLATION (TR_MODULE, TR_KEY, TR_TEXT, TR_LANGUAGE) VALUES ('frontend', 'general.menu.file.create.directory', 'Create folder', 'en-GB');
INSERT INTO OKM_TRANSLATION (TR_MODULE, TR_KEY, TR_TEXT, TR_LANGUAGE) VALUES ('frontend', 'general.menu.file.download.document', 'Download document', 'en-GB');
INSERT INTO OKM_TRANSLATION (TR_MODULE, TR_KEY, TR_TEXT, TR_LANGUAGE) VALUES ('frontend', 'general.menu.file.download.document.pdf', 'Download document as PDF', 'en-GB');
INSERT INTO OKM_TRANSLATION (TR_MODULE, TR_KEY, TR_TEXT, TR_LANGUAGE) VALUES ('frontend', 'general.menu.file.send.link', 'Send document link', 'en-GB');
INSERT INTO OKM_TRANSLATION (TR_MODULE, TR_KEY, TR_TEXT, TR_LANGUAGE) VALUES ('frontend', 'general.menu.file.send.attachment', 'Send document attachment', 'en-GB');
INSERT INTO OKM_TRANSLATION (TR_MODULE, TR_KEY, TR_TEXT, TR_LANGUAGE) VALUES ('frontend', 'general.menu.file.lock', 'Lock', 'en-GB');
INSERT INTO OKM_TRANSLATION (TR_MODULE, TR_KEY, TR_TEXT, TR_LANGUAGE) VALUES ('frontend', 'general.menu.file.unlock', 'Unlock', 'en-GB');
INSERT INTO OKM_TRANSLATION (TR_MODULE, TR_KEY, TR_TEXT, TR_LANGUAGE) VALUES ('frontend', 'general.menu.file.add.document', 'Add document', 'en-GB');
INSERT INTO OKM_TRANSLATION (TR_MODULE, TR_KEY, TR_TEXT, TR_LANGUAGE) VALUES ('frontend', 'general.menu.file.checkout', 'Check out', 'en-GB');
INSERT INTO OKM_TRANSLATION (TR_MODULE, TR_KEY, TR_TEXT, TR_LANGUAGE) VALUES ('frontend', 'general.menu.file.checkin', 'Check in', 'en-GB');
INSERT INTO OKM_TRANSLATION (TR_MODULE, TR_KEY, TR_TEXT, TR_LANGUAGE) VALUES ('frontend', 'general.menu.file.cancel.checkout', 'Cancel check out', 'en-GB');
INSERT INTO OKM_TRANSLATION (TR_MODULE, TR_KEY, TR_TEXT, TR_LANGUAGE) VALUES ('frontend', 'general.menu.file.delete', 'Delete', 'en-GB');
INSERT INTO OKM_TRANSLATION (TR_MODULE, TR_KEY, TR_TEXT, TR_LANGUAGE) VALUES ('frontend', 'general.menu.file.refresh', 'Refresh', 'en-GB');
INSERT INTO OKM_TRANSLATION (TR_MODULE, TR_KEY, TR_TEXT, TR_LANGUAGE) VALUES ('frontend', 'general.menu.file.scanner', 'Scanner', 'en-GB');
INSERT INTO OKM_TRANSLATION (TR_MODULE, TR_KEY, TR_TEXT, TR_LANGUAGE) VALUES ('frontend', 'general.menu.file.uploader', 'File uploader', 'en-GB');
INSERT INTO OKM_TRANSLATION (TR_MODULE, TR_KEY, TR_TEXT, TR_LANGUAGE) VALUES ('frontend', 'general.menu.tools', 'Tools', 'en-GB');
INSERT INTO OKM_TRANSLATION (TR_MODULE, TR_KEY, TR_TEXT, TR_LANGUAGE) VALUES ('frontend', 'general.menu.tools.languages', 'Languages', 'en-GB');
INSERT INTO OKM_TRANSLATION (TR_MODULE, TR_KEY, TR_TEXT, TR_LANGUAGE) VALUES ('frontend', 'general.menu.tools.skin', 'Skin', 'en-GB');
INSERT INTO OKM_TRANSLATION (TR_MODULE, TR_KEY, TR_TEXT, TR_LANGUAGE) VALUES ('frontend', 'general.menu.tools.skin.default', 'By default', 'en-GB');
INSERT INTO OKM_TRANSLATION (TR_MODULE, TR_KEY, TR_TEXT, TR_LANGUAGE) VALUES ('frontend', 'general.menu.tools.skin.default2', 'By default 2', 'en-GB');
INSERT INTO OKM_TRANSLATION (TR_MODULE, TR_KEY, TR_TEXT, TR_LANGUAGE) VALUES ('frontend', 'general.menu.tools.skin.mediumfont', 'Medium font', 'en-GB');
INSERT INTO OKM_TRANSLATION (TR_MODULE, TR_KEY, TR_TEXT, TR_LANGUAGE) VALUES ('frontend', 'general.menu.tools.skin.bigfont', 'Big font', 'en-GB');
INSERT INTO OKM_TRANSLATION (TR_MODULE, TR_KEY, TR_TEXT, TR_LANGUAGE) VALUES ('frontend', 'general.menu.debug.console', 'Debug console', 'en-GB');
INSERT INTO OKM_TRANSLATION (TR_MODULE, TR_KEY, TR_TEXT, TR_LANGUAGE) VALUES ('frontend', 'general.menu.administration', 'Show administration', 'en-GB');
INSERT INTO OKM_TRANSLATION (TR_MODULE, TR_KEY, TR_TEXT, TR_LANGUAGE) VALUES ('frontend', 'general.menu.tools.preferences', 'Preferences', 'en-GB');
INSERT INTO OKM_TRANSLATION (TR_MODULE, TR_KEY, TR_TEXT, TR_LANGUAGE) VALUES ('frontend', 'general.menu.tools.user.preferences', 'User configuration', 'en-GB');
INSERT INTO OKM_TRANSLATION (TR_MODULE, TR_KEY, TR_TEXT, TR_LANGUAGE) VALUES ('frontend', 'general.menu.bookmark', 'Bookmarks', 'en-GB');
INSERT INTO OKM_TRANSLATION (TR_MODULE, TR_KEY, TR_TEXT, TR_LANGUAGE) VALUES ('frontend', 'general.menu.bookmark.home', 'Home', 'en-GB');
INSERT INTO OKM_TRANSLATION (TR_MODULE, TR_KEY, TR_TEXT, TR_LANGUAGE) VALUES ('frontend', 'general.menu.bookmark.default.home', 'Set default home', 'en-GB');
INSERT INTO OKM_TRANSLATION (TR_MODULE, TR_KEY, TR_TEXT, TR_LANGUAGE) VALUES ('frontend', 'general.menu.bookmark.edit', 'Edit bookmarks', 'en-GB');
INSERT INTO OKM_TRANSLATION (TR_MODULE, TR_KEY, TR_TEXT, TR_LANGUAGE) VALUES ('frontend', 'general.menu.help', 'Help', 'en-GB');
INSERT INTO OKM_TRANSLATION (TR_MODULE, TR_KEY, TR_TEXT, TR_LANGUAGE) VALUES ('frontend', 'general.menu.bug.report', 'Bug report', 'en-GB');
INSERT INTO OKM_TRANSLATION (TR_MODULE, TR_KEY, TR_TEXT, TR_LANGUAGE) VALUES ('frontend', 'general.menu.support.request', 'Support request', 'en-GB');
INSERT INTO OKM_TRANSLATION (TR_MODULE, TR_KEY, TR_TEXT, TR_LANGUAGE) VALUES ('frontend', 'general.menu.public.forum', 'Public forum', 'en-GB');
INSERT INTO OKM_TRANSLATION (TR_MODULE, TR_KEY, TR_TEXT, TR_LANGUAGE) VALUES ('frontend', 'general.menu.project.web', 'Project web', 'en-GB');
INSERT INTO OKM_TRANSLATION (TR_MODULE, TR_KEY, TR_TEXT, TR_LANGUAGE) VALUES ('frontend', 'general.menu.version.changes', 'Version notes', 'en-GB');
INSERT INTO OKM_TRANSLATION (TR_MODULE, TR_KEY, TR_TEXT, TR_LANGUAGE) VALUES ('frontend', 'general.menu.documentation', 'Documentation', 'en-GB');
INSERT INTO OKM_TRANSLATION (TR_MODULE, TR_KEY, TR_TEXT, TR_LANGUAGE) VALUES ('frontend', 'general.menu.about', 'About OpenKM', 'en-GB');
INSERT INTO OKM_TRANSLATION (TR_MODULE, TR_KEY, TR_TEXT, TR_LANGUAGE) VALUES ('frontend', 'general.connected', 'Connected as', 'en-GB');
INSERT INTO OKM_TRANSLATION (TR_MODULE, TR_KEY, TR_TEXT, TR_LANGUAGE) VALUES ('frontend', 'filebrowser.name', 'Name', 'en-GB');
INSERT INTO OKM_TRANSLATION (TR_MODULE, TR_KEY, TR_TEXT, TR_LANGUAGE) VALUES ('frontend', 'filebrowser.date.update', 'Update date', 'en-GB');
INSERT INTO OKM_TRANSLATION (TR_MODULE, TR_KEY, TR_TEXT, TR_LANGUAGE) VALUES ('frontend', 'filebrowser.size', 'Size', 'en-GB');
INSERT INTO OKM_TRANSLATION (TR_MODULE, TR_KEY, TR_TEXT, TR_LANGUAGE) VALUES ('frontend', 'filebrowser.path', 'Path', 'en-GB');
INSERT INTO OKM_TRANSLATION (TR_MODULE, TR_KEY, TR_TEXT, TR_LANGUAGE) VALUES ('frontend', 'filebrowser.author', 'Author', 'en-GB');
INSERT INTO OKM_TRANSLATION (TR_MODULE, TR_KEY, TR_TEXT, TR_LANGUAGE) VALUES ('frontend', 'filebrowser.version', 'Version', 'en-GB');
INSERT INTO OKM_TRANSLATION (TR_MODULE, TR_KEY, TR_TEXT, TR_LANGUAGE) VALUES ('frontend', 'filebrowser.menu.checkout', 'Check out', 'en-GB');
INSERT INTO OKM_TRANSLATION (TR_MODULE, TR_KEY, TR_TEXT, TR_LANGUAGE) VALUES ('frontend', 'filebrowser.menu.checkin', 'Check in', 'en-GB');
INSERT INTO OKM_TRANSLATION (TR_MODULE, TR_KEY, TR_TEXT, TR_LANGUAGE) VALUES ('frontend', 'filebrowser.menu.delete', 'Delete', 'en-GB');
INSERT INTO OKM_TRANSLATION (TR_MODULE, TR_KEY, TR_TEXT, TR_LANGUAGE) VALUES ('frontend', 'filebrowser.menu.rename', 'Rename', 'en-GB');
INSERT INTO OKM_TRANSLATION (TR_MODULE, TR_KEY, TR_TEXT, TR_LANGUAGE) VALUES ('frontend', 'filebrowser.menu.checkout.cancel', 'Check out cancel', 'en-GB');
INSERT INTO OKM_TRANSLATION (TR_MODULE, TR_KEY, TR_TEXT, TR_LANGUAGE) VALUES ('frontend', 'filebrowser.menu.lock', 'Lock', 'en-GB');
INSERT INTO OKM_TRANSLATION (TR_MODULE, TR_KEY, TR_TEXT, TR_LANGUAGE) VALUES ('frontend', 'filebrowser.menu.unlock', 'Unlock', 'en-GB');
INSERT INTO OKM_TRANSLATION (TR_MODULE, TR_KEY, TR_TEXT, TR_LANGUAGE) VALUES ('frontend', 'filebrowser.menu.download', 'Download', 'en-GB');
INSERT INTO OKM_TRANSLATION (TR_MODULE, TR_KEY, TR_TEXT, TR_LANGUAGE) VALUES ('frontend', 'filebrowser.menu.move', 'Move', 'en-GB');
INSERT INTO OKM_TRANSLATION (TR_MODULE, TR_KEY, TR_TEXT, TR_LANGUAGE) VALUES ('frontend', 'filebrowser.menu.copy', 'Copy', 'en-GB');
INSERT INTO OKM_TRANSLATION (TR_MODULE, TR_KEY, TR_TEXT, TR_LANGUAGE) VALUES ('frontend', 'filebrowser.menu.create.from.template', 'Create from template', 'en-GB');
INSERT INTO OKM_TRANSLATION (TR_MODULE, TR_KEY, TR_TEXT, TR_LANGUAGE) VALUES ('frontend', 'filebrowser.menu.add.property.group', 'Add property group', 'en-GB');
INSERT INTO OKM_TRANSLATION (TR_MODULE, TR_KEY, TR_TEXT, TR_LANGUAGE) VALUES ('frontend', 'filebrowser.menu.remove.property.group', 'Remove property group', 'en-GB');
INSERT INTO OKM_TRANSLATION (TR_MODULE, TR_KEY, TR_TEXT, TR_LANGUAGE) VALUES ('frontend', 'filebrowser.menu.start.workflow', 'Start workflow', 'en-GB');
INSERT INTO OKM_TRANSLATION (TR_MODULE, TR_KEY, TR_TEXT, TR_LANGUAGE) VALUES ('frontend', 'filebrowser.menu.add.subscription', 'Add subscription', 'en-GB');
INSERT INTO OKM_TRANSLATION (TR_MODULE, TR_KEY, TR_TEXT, TR_LANGUAGE) VALUES ('frontend', 'filebrowser.menu.remove.subscription', 'Remove subscrition', 'en-GB');
INSERT INTO OKM_TRANSLATION (TR_MODULE, TR_KEY, TR_TEXT, TR_LANGUAGE) VALUES ('frontend', 'filebrowser.menu.add.bookmark', 'Add bookmark', 'en-GB');
INSERT INTO OKM_TRANSLATION (TR_MODULE, TR_KEY, TR_TEXT, TR_LANGUAGE) VALUES ('frontend', 'filebrowser.menu.set.home', 'Set default home', 'en-GB');
INSERT INTO OKM_TRANSLATION (TR_MODULE, TR_KEY, TR_TEXT, TR_LANGUAGE) VALUES ('frontend', 'filebrowser.menu.refresh', 'Refresh', 'en-GB');
INSERT INTO OKM_TRANSLATION (TR_MODULE, TR_KEY, TR_TEXT, TR_LANGUAGE) VALUES ('frontend', 'filebrowser.menu.export', 'Export to ZIP', 'en-GB');
INSERT INTO OKM_TRANSLATION (TR_MODULE, TR_KEY, TR_TEXT, TR_LANGUAGE) VALUES ('frontend', 'filebrowser.menu.play', 'Play', 'en-GB');
INSERT INTO OKM_TRANSLATION (TR_MODULE, TR_KEY, TR_TEXT, TR_LANGUAGE) VALUES ('frontend', 'filebrowser.menu.image.viewer', 'Image viewer', 'en-GB');
INSERT INTO OKM_TRANSLATION (TR_MODULE, TR_KEY, TR_TEXT, TR_LANGUAGE) VALUES ('frontend', 'filebrowser.status.refresh.folder', 'Updating folder list', 'en-GB');
INSERT INTO OKM_TRANSLATION (TR_MODULE, TR_KEY, TR_TEXT, TR_LANGUAGE) VALUES ('frontend', 'filebrowser.status.refresh.document', 'Updating document list', 'en-GB');
INSERT INTO OKM_TRANSLATION (TR_MODULE, TR_KEY, TR_TEXT, TR_LANGUAGE) VALUES ('frontend', 'filebrowser.status.refresh.mail', 'Updating mail list', 'en-GB');
INSERT INTO OKM_TRANSLATION (TR_MODULE, TR_KEY, TR_TEXT, TR_LANGUAGE) VALUES ('frontend', 'filebrowser.status.refresh.delete.folder', 'Deleting folder', 'en-GB');
INSERT INTO OKM_TRANSLATION (TR_MODULE, TR_KEY, TR_TEXT, TR_LANGUAGE) VALUES ('frontend', 'filebrowser.status.refresh.delete.document', 'Deleting document', 'en-GB');
INSERT INTO OKM_TRANSLATION (TR_MODULE, TR_KEY, TR_TEXT, TR_LANGUAGE) VALUES ('frontend', 'filebrowser.status.refresh.checkout', 'Checking out document', 'en-GB');
INSERT INTO OKM_TRANSLATION (TR_MODULE, TR_KEY, TR_TEXT, TR_LANGUAGE) VALUES ('frontend', 'filebrowser.status.refresh.lock', 'Locking document', 'en-GB');
INSERT INTO OKM_TRANSLATION (TR_MODULE, TR_KEY, TR_TEXT, TR_LANGUAGE) VALUES ('frontend', 'filebrowser.status.refresh.unlock', 'Unlocking document', 'en-GB');
INSERT INTO OKM_TRANSLATION (TR_MODULE, TR_KEY, TR_TEXT, TR_LANGUAGE) VALUES ('frontend', 'filebrowser.status.refresh.document.rename', 'Renaming document', 'en-GB');
INSERT INTO OKM_TRANSLATION (TR_MODULE, TR_KEY, TR_TEXT, TR_LANGUAGE) VALUES ('frontend', 'filebrowser.status.refresh.folder.rename', 'Renaming folder', 'en-GB');
INSERT INTO OKM_TRANSLATION (TR_MODULE, TR_KEY, TR_TEXT, TR_LANGUAGE) VALUES ('frontend', 'filebrowser.status.refresh.document.purge', 'Deleting document', 'en-GB');
INSERT INTO OKM_TRANSLATION (TR_MODULE, TR_KEY, TR_TEXT, TR_LANGUAGE) VALUES ('frontend', 'filebrowser.status.refresh.folder.purge', 'Deleting folder', 'en-GB');
INSERT INTO OKM_TRANSLATION (TR_MODULE, TR_KEY, TR_TEXT, TR_LANGUAGE) VALUES ('frontend', 'filebrowser.status.refresh.folder.get', 'Updating folder', 'en-GB');
INSERT INTO OKM_TRANSLATION (TR_MODULE, TR_KEY, TR_TEXT, TR_LANGUAGE) VALUES ('frontend', 'filebrowser.status.refresh.document.get', 'Updating document', 'en-GB');
INSERT INTO OKM_TRANSLATION (TR_MODULE, TR_KEY, TR_TEXT, TR_LANGUAGE) VALUES ('frontend', 'filebrowser.status.refresh.add.subscription', 'Adding subscription', 'en-GB');
INSERT INTO OKM_TRANSLATION (TR_MODULE, TR_KEY, TR_TEXT, TR_LANGUAGE) VALUES ('frontend', 'filebrowser.status.refresh.remove.subscription', 'Deleting subscription', 'en-GB');
INSERT INTO OKM_TRANSLATION (TR_MODULE, TR_KEY, TR_TEXT, TR_LANGUAGE) VALUES ('frontend', 'filebrowser.status.refresh.get.user.home', 'Getting user home', 'en-GB');
INSERT INTO OKM_TRANSLATION (TR_MODULE, TR_KEY, TR_TEXT, TR_LANGUAGE) VALUES ('frontend', 'filebrowser.status.refresh.delete.mail', 'Deleting mail', 'en-GB');
INSERT INTO OKM_TRANSLATION (TR_MODULE, TR_KEY, TR_TEXT, TR_LANGUAGE) VALUES ('frontend', 'filebrowser.status.refresh.mail.purge', 'Deleting mail', 'en-GB');
INSERT INTO OKM_TRANSLATION (TR_MODULE, TR_KEY, TR_TEXT, TR_LANGUAGE) VALUES ('frontend', 'fileupload.send', 'Send', 'en-GB');
INSERT INTO OKM_TRANSLATION (TR_MODULE, TR_KEY, TR_TEXT, TR_LANGUAGE) VALUES ('frontend', 'fileupload.status.sending', 'Uploading file...', 'en-GB');
INSERT INTO OKM_TRANSLATION (TR_MODULE, TR_KEY, TR_TEXT, TR_LANGUAGE) VALUES ('frontend', 'fileupload.status.indexing', 'Indexing file...', 'en-GB');
INSERT INTO OKM_TRANSLATION (TR_MODULE, TR_KEY, TR_TEXT, TR_LANGUAGE) VALUES ('frontend', 'fileupload.status.ok', 'File uploaded correctly', 'en-GB');
INSERT INTO OKM_TRANSLATION (TR_MODULE, TR_KEY, TR_TEXT, TR_LANGUAGE) VALUES ('frontend', 'fileupload.upload.status', 'Upload status', 'en-GB');
INSERT INTO OKM_TRANSLATION (TR_MODULE, TR_KEY, TR_TEXT, TR_LANGUAGE) VALUES ('frontend', 'fileupload.upload.uploaded', 'Uploaded', 'en-GB');
INSERT INTO OKM_TRANSLATION (TR_MODULE, TR_KEY, TR_TEXT, TR_LANGUAGE) VALUES ('frontend', 'fileupload.upload.completed', 'Upload completed', 'en-GB');
INSERT INTO OKM_TRANSLATION (TR_MODULE, TR_KEY, TR_TEXT, TR_LANGUAGE) VALUES ('frontend', 'fileupload.upload.runtime', 'Runtime', 'en-GB');
INSERT INTO OKM_TRANSLATION (TR_MODULE, TR_KEY, TR_TEXT, TR_LANGUAGE) VALUES ('frontend', 'fileupload.upload.remaining', 'Remaining', 'en-GB');
INSERT INTO OKM_TRANSLATION (TR_MODULE, TR_KEY, TR_TEXT, TR_LANGUAGE) VALUES ('frontend', 'fileupload.button.close', 'Close', 'en-GB');
INSERT INTO OKM_TRANSLATION (TR_MODULE, TR_KEY, TR_TEXT, TR_LANGUAGE) VALUES ('frontend', 'fileupload.button.add.other.file', 'Add another file', 'en-GB');
INSERT INTO OKM_TRANSLATION (TR_MODULE, TR_KEY, TR_TEXT, TR_LANGUAGE) VALUES ('frontend', 'fileupload.status.move.file', 'Moving file...', 'en-GB');
INSERT INTO OKM_TRANSLATION (TR_MODULE, TR_KEY, TR_TEXT, TR_LANGUAGE) VALUES ('frontend', 'fileupload.status.move.mail', 'Moving mail...', 'en-GB');
INSERT INTO OKM_TRANSLATION (TR_MODULE, TR_KEY, TR_TEXT, TR_LANGUAGE) VALUES ('frontend', 'fileupload.status.copy.file', 'Coping file...', 'en-GB');
INSERT INTO OKM_TRANSLATION (TR_MODULE, TR_KEY, TR_TEXT, TR_LANGUAGE) VALUES ('frontend', 'fileupload.status.copy.mail', 'Coping mail...', 'en-GB');
INSERT INTO OKM_TRANSLATION (TR_MODULE, TR_KEY, TR_TEXT, TR_LANGUAGE) VALUES ('frontend', 'fileupload.status.restore.file', 'Restoring file...', 'en-GB');
INSERT INTO OKM_TRANSLATION (TR_MODULE, TR_KEY, TR_TEXT, TR_LANGUAGE) VALUES ('frontend', 'fileupload.status.restore.mail', 'Restoring mail...', 'en-GB');
INSERT INTO OKM_TRANSLATION (TR_MODULE, TR_KEY, TR_TEXT, TR_LANGUAGE) VALUES ('frontend', 'fileupload.status.move.folder', 'Moving folder...', 'en-GB');
INSERT INTO OKM_TRANSLATION (TR_MODULE, TR_KEY, TR_TEXT, TR_LANGUAGE) VALUES ('frontend', 'fileupload.status.copy.folder', 'Coping folder...', 'en-GB');
INSERT INTO OKM_TRANSLATION (TR_MODULE, TR_KEY, TR_TEXT, TR_LANGUAGE) VALUES ('frontend', 'fileupload.status.restore.folder', 'Restoring folder...', 'en-GB');
INSERT INTO OKM_TRANSLATION (TR_MODULE, TR_KEY, TR_TEXT, TR_LANGUAGE) VALUES ('frontend', 'fileupload.status.create.from.template', 'Creating file from template...', 'en-GB');
INSERT INTO OKM_TRANSLATION (TR_MODULE, TR_KEY, TR_TEXT, TR_LANGUAGE) VALUES ('frontend', 'fileupload.status.of', 'of', 'en-GB');
INSERT INTO OKM_TRANSLATION (TR_MODULE, TR_KEY, TR_TEXT, TR_LANGUAGE) VALUES ('frontend', 'fileupload.label.insert', 'Add new documents', 'en-GB');
INSERT INTO OKM_TRANSLATION (TR_MODULE, TR_KEY, TR_TEXT, TR_LANGUAGE) VALUES ('frontend', 'fileupload.label.update', 'Update documents', 'en-GB');
INSERT INTO OKM_TRANSLATION (TR_MODULE, TR_KEY, TR_TEXT, TR_LANGUAGE) VALUES ('frontend', 'fileupload.label.users.notify', 'Notify to users', 'en-GB');
INSERT INTO OKM_TRANSLATION (TR_MODULE, TR_KEY, TR_TEXT, TR_LANGUAGE) VALUES ('frontend', 'fileupload.label.comment', 'Comment', 'en-GB');
INSERT INTO OKM_TRANSLATION (TR_MODULE, TR_KEY, TR_TEXT, TR_LANGUAGE) VALUES ('frontend', 'fileupload.label.users.to.notify', 'Users to notify', 'en-GB');
INSERT INTO OKM_TRANSLATION (TR_MODULE, TR_KEY, TR_TEXT, TR_LANGUAGE) VALUES ('frontend', 'fileupload.label.users', 'Users', 'en-GB');
INSERT INTO OKM_TRANSLATION (TR_MODULE, TR_KEY, TR_TEXT, TR_LANGUAGE) VALUES ('frontend', 'fileupload.label.groups.to.notify', 'Groups to notify', 'en-GB');
INSERT INTO OKM_TRANSLATION (TR_MODULE, TR_KEY, TR_TEXT, TR_LANGUAGE) VALUES ('frontend', 'fileupload.label.groups', 'Groups', 'en-GB');
INSERT INTO OKM_TRANSLATION (TR_MODULE, TR_KEY, TR_TEXT, TR_LANGUAGE) VALUES ('frontend', 'fileupload.label.must.select.users', 'You must select some user to notify', 'en-GB');
INSERT INTO OKM_TRANSLATION (TR_MODULE, TR_KEY, TR_TEXT, TR_LANGUAGE) VALUES ('frontend', 'fileupload.label.importZip', 'Import Documents from ZIP', 'en-GB');
INSERT INTO OKM_TRANSLATION (TR_MODULE, TR_KEY, TR_TEXT, TR_LANGUAGE) VALUES ('frontend', 'fileupload.label.notify.comment', 'Notification message', 'en-GB');
INSERT INTO OKM_TRANSLATION (TR_MODULE, TR_KEY, TR_TEXT, TR_LANGUAGE) VALUES ('frontend', 'fileupload.label.error.importing.zip', 'Error importing file', 'en-GB');
INSERT INTO OKM_TRANSLATION (TR_MODULE, TR_KEY, TR_TEXT, TR_LANGUAGE) VALUES ('frontend', 'fileupload.label.error.move.file', 'Error moving file', 'en-GB');
INSERT INTO OKM_TRANSLATION (TR_MODULE, TR_KEY, TR_TEXT, TR_LANGUAGE) VALUES ('frontend', 'fileupload.label.error.move.mail', 'Error moving mail', 'en-GB');
INSERT INTO OKM_TRANSLATION (TR_MODULE, TR_KEY, TR_TEXT, TR_LANGUAGE) VALUES ('frontend', 'fileupload.label.error.copy.file', 'Error coping file', 'en-GB');
INSERT INTO OKM_TRANSLATION (TR_MODULE, TR_KEY, TR_TEXT, TR_LANGUAGE) VALUES ('frontend', 'fileupload.label.error.copy.mail', 'Error coping mail', 'en-GB');
INSERT INTO OKM_TRANSLATION (TR_MODULE, TR_KEY, TR_TEXT, TR_LANGUAGE) VALUES ('frontend', 'fileupload.label.error.restore.file', 'Error restoring file', 'en-GB');
INSERT INTO OKM_TRANSLATION (TR_MODULE, TR_KEY, TR_TEXT, TR_LANGUAGE) VALUES ('frontend', 'fileupload.label.error.restore.mail', 'Error restoring mail', 'en-GB');
INSERT INTO OKM_TRANSLATION (TR_MODULE, TR_KEY, TR_TEXT, TR_LANGUAGE) VALUES ('frontend', 'fileupload.label.error.move.folder', 'Error moving folder', 'en-GB');
INSERT INTO OKM_TRANSLATION (TR_MODULE, TR_KEY, TR_TEXT, TR_LANGUAGE) VALUES ('frontend', 'fileupload.label.error.copy.folder', 'Error coping folder', 'en-GB');
INSERT INTO OKM_TRANSLATION (TR_MODULE, TR_KEY, TR_TEXT, TR_LANGUAGE) VALUES ('frontend', 'fileupload.label.error.restore.folder', 'Error restoring folder', 'en-GB');
INSERT INTO OKM_TRANSLATION (TR_MODULE, TR_KEY, TR_TEXT, TR_LANGUAGE) VALUES ('frontend', 'fileupload.label.error.create.from.template', 'Error creating file from template', 'en-GB');
INSERT INTO OKM_TRANSLATION (TR_MODULE, TR_KEY, TR_TEXT, TR_LANGUAGE) VALUES ('frontend', 'fileupload.label.error.not.allowed.move.folder.child', 'Not allowed to move on origin or child folder', 'en-GB');
INSERT INTO OKM_TRANSLATION (TR_MODULE, TR_KEY, TR_TEXT, TR_LANGUAGE) VALUES ('frontend', 'fileupload.label.error.not.allowed.copy.same.folder', 'Not allowed to move on origin folder', 'en-GB');
INSERT INTO OKM_TRANSLATION (TR_MODULE, TR_KEY, TR_TEXT, TR_LANGUAGE) VALUES ('frontend', 'fileupload.label.error.not.allowed.create.from.template.same.folder', 'Not allowed to create a file on origin folder', 'en-GB');
INSERT INTO OKM_TRANSLATION (TR_MODULE, TR_KEY, TR_TEXT, TR_LANGUAGE) VALUES ('frontend', 'tab.document.properties', 'Properties', 'en-GB');
INSERT INTO OKM_TRANSLATION (TR_MODULE, TR_KEY, TR_TEXT, TR_LANGUAGE) VALUES ('frontend', 'tab.document.notes', 'Notes', 'en-GB');
INSERT INTO OKM_TRANSLATION (TR_MODULE, TR_KEY, TR_TEXT, TR_LANGUAGE) VALUES ('frontend', 'tab.document.history', 'History', 'en-GB');
INSERT INTO OKM_TRANSLATION (TR_MODULE, TR_KEY, TR_TEXT, TR_LANGUAGE) VALUES ('frontend', 'tab.document.status.history', 'Updating history', 'en-GB');
INSERT INTO OKM_TRANSLATION (TR_MODULE, TR_KEY, TR_TEXT, TR_LANGUAGE) VALUES ('frontend', 'tab.status.security.role', 'Updating security roles', 'en-GB');
INSERT INTO OKM_TRANSLATION (TR_MODULE, TR_KEY, TR_TEXT, TR_LANGUAGE) VALUES ('frontend', 'tab.status.security.user', 'Updating security users', 'en-GB');
INSERT INTO OKM_TRANSLATION (TR_MODULE, TR_KEY, TR_TEXT, TR_LANGUAGE) VALUES ('frontend', 'tab.document.status.group.properties', 'Updating property group', 'en-GB');
INSERT INTO OKM_TRANSLATION (TR_MODULE, TR_KEY, TR_TEXT, TR_LANGUAGE) VALUES ('frontend', 'tab.document.status.set.keywords', 'Setting keywords', 'en-GB');
INSERT INTO OKM_TRANSLATION (TR_MODULE, TR_KEY, TR_TEXT, TR_LANGUAGE) VALUES ('frontend', 'tab.document.status.set.categories', 'Updating categories', 'en-GB');
INSERT INTO OKM_TRANSLATION (TR_MODULE, TR_KEY, TR_TEXT, TR_LANGUAGE) VALUES ('frontend', 'tab.document.status.get.version.history.size', 'Refreshing document history size', 'en-GB');
INSERT INTO OKM_TRANSLATION (TR_MODULE, TR_KEY, TR_TEXT, TR_LANGUAGE) VALUES ('frontend', 'tab.document.status.purge.version.history', 'Compacting document history', 'en-GB');
INSERT INTO OKM_TRANSLATION (TR_MODULE, TR_KEY, TR_TEXT, TR_LANGUAGE) VALUES ('frontend', 'tab.document.status.restore.version', 'Restoring document version', 'en-GB');
INSERT INTO OKM_TRANSLATION (TR_MODULE, TR_KEY, TR_TEXT, TR_LANGUAGE) VALUES ('frontend', 'tab.document.security', 'Security', 'en-GB');
INSERT INTO OKM_TRANSLATION (TR_MODULE, TR_KEY, TR_TEXT, TR_LANGUAGE) VALUES ('frontend', 'tab.document.preview', 'Preview', 'en-GB');
INSERT INTO OKM_TRANSLATION (TR_MODULE, TR_KEY, TR_TEXT, TR_LANGUAGE) VALUES ('frontend', 'tab.folder.properties', 'Properties', 'en-GB');
INSERT INTO OKM_TRANSLATION (TR_MODULE, TR_KEY, TR_TEXT, TR_LANGUAGE) VALUES ('frontend', 'tab.folder.security', 'Security', 'en-GB');
INSERT INTO OKM_TRANSLATION (TR_MODULE, TR_KEY, TR_TEXT, TR_LANGUAGE) VALUES ('frontend', 'tab.folder.notes', 'Notes', 'en-GB');
INSERT INTO OKM_TRANSLATION (TR_MODULE, TR_KEY, TR_TEXT, TR_LANGUAGE) VALUES ('frontend', 'tab.workspace.desktop', 'Desktop', 'en-GB');
INSERT INTO OKM_TRANSLATION (TR_MODULE, TR_KEY, TR_TEXT, TR_LANGUAGE) VALUES ('frontend', 'tab.workspace.search', 'Search', 'en-GB');
INSERT INTO OKM_TRANSLATION (TR_MODULE, TR_KEY, TR_TEXT, TR_LANGUAGE) VALUES ('frontend', 'tab.workspace.dashboard', 'DashBoard', 'en-GB');
INSERT INTO OKM_TRANSLATION (TR_MODULE, TR_KEY, TR_TEXT, TR_LANGUAGE) VALUES ('frontend', 'tab.workspace.administration', 'Administration', 'en-GB');
INSERT INTO OKM_TRANSLATION (TR_MODULE, TR_KEY, TR_TEXT, TR_LANGUAGE) VALUES ('frontend', 'document.uuid', 'UUID', 'en-GB');
INSERT INTO OKM_TRANSLATION (TR_MODULE, TR_KEY, TR_TEXT, TR_LANGUAGE) VALUES ('frontend', 'document.name', 'Name', 'en-GB');
INSERT INTO OKM_TRANSLATION (TR_MODULE, TR_KEY, TR_TEXT, TR_LANGUAGE) VALUES ('frontend', 'document.folder', 'Folder', 'en-GB');
INSERT INTO OKM_TRANSLATION (TR_MODULE, TR_KEY, TR_TEXT, TR_LANGUAGE) VALUES ('frontend', 'document.size', 'Size', 'en-GB');
INSERT INTO OKM_TRANSLATION (TR_MODULE, TR_KEY, TR_TEXT, TR_LANGUAGE) VALUES ('frontend', 'document.created', 'Created', 'en-GB');
INSERT INTO OKM_TRANSLATION (TR_MODULE, TR_KEY, TR_TEXT, TR_LANGUAGE) VALUES ('frontend', 'document.lastmodified', 'Modified', 'en-GB');
INSERT INTO OKM_TRANSLATION (TR_MODULE, TR_KEY, TR_TEXT, TR_LANGUAGE) VALUES ('frontend', 'document.mimetype', 'MIME type', 'en-GB');
INSERT INTO OKM_TRANSLATION (TR_MODULE, TR_KEY, TR_TEXT, TR_LANGUAGE) VALUES ('frontend', 'document.keywords', 'Keywords', 'en-GB');
INSERT INTO OKM_TRANSLATION (TR_MODULE, TR_KEY, TR_TEXT, TR_LANGUAGE) VALUES ('frontend', 'document.by', 'by', 'en-GB');
INSERT INTO OKM_TRANSLATION (TR_MODULE, TR_KEY, TR_TEXT, TR_LANGUAGE) VALUES ('frontend', 'document.status', 'Status', 'en-GB');
INSERT INTO OKM_TRANSLATION (TR_MODULE, TR_KEY, TR_TEXT, TR_LANGUAGE) VALUES ('frontend', 'document.status.checkout', 'Edited by', 'en-GB');
INSERT INTO OKM_TRANSLATION (TR_MODULE, TR_KEY, TR_TEXT, TR_LANGUAGE) VALUES ('frontend', 'document.status.locked', 'Locked by', 'en-GB');
INSERT INTO OKM_TRANSLATION (TR_MODULE, TR_KEY, TR_TEXT, TR_LANGUAGE) VALUES ('frontend', 'document.status.normal', 'Available', 'en-GB');
INSERT INTO OKM_TRANSLATION (TR_MODULE, TR_KEY, TR_TEXT, TR_LANGUAGE) VALUES ('frontend', 'document.subscribed', 'Subscribed', 'en-GB');
INSERT INTO OKM_TRANSLATION (TR_MODULE, TR_KEY, TR_TEXT, TR_LANGUAGE) VALUES ('frontend', 'document.subscribed.yes', 'Yes', 'en-GB');
INSERT INTO OKM_TRANSLATION (TR_MODULE, TR_KEY, TR_TEXT, TR_LANGUAGE) VALUES ('frontend', 'document.subscribed.no', 'No', 'en-GB');
INSERT INTO OKM_TRANSLATION (TR_MODULE, TR_KEY, TR_TEXT, TR_LANGUAGE) VALUES ('frontend', 'document.history.size', 'History size', 'en-GB');
INSERT INTO OKM_TRANSLATION (TR_MODULE, TR_KEY, TR_TEXT, TR_LANGUAGE) VALUES ('frontend', 'document.subscribed.users', 'Subscribed users', 'en-GB');
INSERT INTO OKM_TRANSLATION (TR_MODULE, TR_KEY, TR_TEXT, TR_LANGUAGE) VALUES ('frontend', 'document.url', 'URL', 'en-GB');
INSERT INTO OKM_TRANSLATION (TR_MODULE, TR_KEY, TR_TEXT, TR_LANGUAGE) VALUES ('frontend', 'document.webdav', 'WebDAV', 'en-GB');
INSERT INTO OKM_TRANSLATION (TR_MODULE, TR_KEY, TR_TEXT, TR_LANGUAGE) VALUES ('frontend', 'document.add.note', 'Add note', 'en-GB');
INSERT INTO OKM_TRANSLATION (TR_MODULE, TR_KEY, TR_TEXT, TR_LANGUAGE) VALUES ('frontend', 'document.keywords.cloud', 'Keywords cloud', 'en-GB');
INSERT INTO OKM_TRANSLATION (TR_MODULE, TR_KEY, TR_TEXT, TR_LANGUAGE) VALUES ('frontend', 'document.categories', 'Categories', 'en-GB');
INSERT INTO OKM_TRANSLATION (TR_MODULE, TR_KEY, TR_TEXT, TR_LANGUAGE) VALUES ('frontend', 'folder.uuid', 'UUID', 'en-GB');
INSERT INTO OKM_TRANSLATION (TR_MODULE, TR_KEY, TR_TEXT, TR_LANGUAGE) VALUES ('frontend', 'folder.name', 'Name', 'en-GB');
INSERT INTO OKM_TRANSLATION (TR_MODULE, TR_KEY, TR_TEXT, TR_LANGUAGE) VALUES ('frontend', 'folder.parent', 'Parent', 'en-GB');
INSERT INTO OKM_TRANSLATION (TR_MODULE, TR_KEY, TR_TEXT, TR_LANGUAGE) VALUES ('frontend', 'folder.created', 'Created', 'en-GB');
INSERT INTO OKM_TRANSLATION (TR_MODULE, TR_KEY, TR_TEXT, TR_LANGUAGE) VALUES ('frontend', 'folder.by', 'by', 'en-GB');
INSERT INTO OKM_TRANSLATION (TR_MODULE, TR_KEY, TR_TEXT, TR_LANGUAGE) VALUES ('frontend', 'folder.subscribed', 'Subscribed', 'en-GB');
INSERT INTO OKM_TRANSLATION (TR_MODULE, TR_KEY, TR_TEXT, TR_LANGUAGE) VALUES ('frontend', 'folder.subscribed.yes', 'Yes', 'en-GB');
INSERT INTO OKM_TRANSLATION (TR_MODULE, TR_KEY, TR_TEXT, TR_LANGUAGE) VALUES ('frontend', 'folder.subscribed.no', 'No', 'en-GB');
INSERT INTO OKM_TRANSLATION (TR_MODULE, TR_KEY, TR_TEXT, TR_LANGUAGE) VALUES ('frontend', 'folder.subscribed.users', 'Subscribed users', 'en-GB');
INSERT INTO OKM_TRANSLATION (TR_MODULE, TR_KEY, TR_TEXT, TR_LANGUAGE) VALUES ('frontend', 'folder.url', 'URL', 'en-GB');
INSERT INTO OKM_TRANSLATION (TR_MODULE, TR_KEY, TR_TEXT, TR_LANGUAGE) VALUES ('frontend', 'folder.webdav', 'WebDAV', 'en-GB');
INSERT INTO OKM_TRANSLATION (TR_MODULE, TR_KEY, TR_TEXT, TR_LANGUAGE) VALUES ('frontend', 'folder.number.folders', 'Folders', 'en-GB');
INSERT INTO OKM_TRANSLATION (TR_MODULE, TR_KEY, TR_TEXT, TR_LANGUAGE) VALUES ('frontend', 'folder.number.documents', 'Documents', 'en-GB');
INSERT INTO OKM_TRANSLATION (TR_MODULE, TR_KEY, TR_TEXT, TR_LANGUAGE) VALUES ('frontend', 'folder.number.mails', 'Mails', 'en-GB');
INSERT INTO OKM_TRANSLATION (TR_MODULE, TR_KEY, TR_TEXT, TR_LANGUAGE) VALUES ('frontend', 'version.name', 'Version', 'en-GB');
INSERT INTO OKM_TRANSLATION (TR_MODULE, TR_KEY, TR_TEXT, TR_LANGUAGE) VALUES ('frontend', 'version.created', 'Date', 'en-GB');
INSERT INTO OKM_TRANSLATION (TR_MODULE, TR_KEY, TR_TEXT, TR_LANGUAGE) VALUES ('frontend', 'version.author', 'Author', 'en-GB');
INSERT INTO OKM_TRANSLATION (TR_MODULE, TR_KEY, TR_TEXT, TR_LANGUAGE) VALUES ('frontend', 'version.size', 'Size', 'en-GB');
INSERT INTO OKM_TRANSLATION (TR_MODULE, TR_KEY, TR_TEXT, TR_LANGUAGE) VALUES ('frontend', 'version.purge.document', 'Compact history', 'en-GB');
INSERT INTO OKM_TRANSLATION (TR_MODULE, TR_KEY, TR_TEXT, TR_LANGUAGE) VALUES ('frontend', 'version.comment', 'Comment', 'en-GB');
INSERT INTO OKM_TRANSLATION (TR_MODULE, TR_KEY, TR_TEXT, TR_LANGUAGE) VALUES ('frontend', 'security.label', 'Security', 'en-GB');
INSERT INTO OKM_TRANSLATION (TR_MODULE, TR_KEY, TR_TEXT, TR_LANGUAGE) VALUES ('frontend', 'security.group.name', 'Group', 'en-GB');
INSERT INTO OKM_TRANSLATION (TR_MODULE, TR_KEY, TR_TEXT, TR_LANGUAGE) VALUES ('frontend', 'security.group.permission.read', 'Read', 'en-GB');
INSERT INTO OKM_TRANSLATION (TR_MODULE, TR_KEY, TR_TEXT, TR_LANGUAGE) VALUES ('frontend', 'security.group.permission.write', 'Write', 'en-GB');
INSERT INTO OKM_TRANSLATION (TR_MODULE, TR_KEY, TR_TEXT, TR_LANGUAGE) VALUES ('frontend', 'security.group.permission.delete', 'Delete', 'en-GB');
INSERT INTO OKM_TRANSLATION (TR_MODULE, TR_KEY, TR_TEXT, TR_LANGUAGE) VALUES ('frontend', 'security.group.permission.security', 'Security', 'en-GB');
INSERT INTO OKM_TRANSLATION (TR_MODULE, TR_KEY, TR_TEXT, TR_LANGUAGE) VALUES ('frontend', 'security.user.name', 'User', 'en-GB');
INSERT INTO OKM_TRANSLATION (TR_MODULE, TR_KEY, TR_TEXT, TR_LANGUAGE) VALUES ('frontend', 'security.user.permission.read', 'Read', 'en-GB');
INSERT INTO OKM_TRANSLATION (TR_MODULE, TR_KEY, TR_TEXT, TR_LANGUAGE) VALUES ('frontend', 'security.user.permission.write', 'Write', 'en-GB');
INSERT INTO OKM_TRANSLATION (TR_MODULE, TR_KEY, TR_TEXT, TR_LANGUAGE) VALUES ('frontend', 'security.user.permission.delete', 'Delete', 'en-GB');
INSERT INTO OKM_TRANSLATION (TR_MODULE, TR_KEY, TR_TEXT, TR_LANGUAGE) VALUES ('frontend', 'security.user.permission.security', 'Security', 'en-GB');
INSERT INTO OKM_TRANSLATION (TR_MODULE, TR_KEY, TR_TEXT, TR_LANGUAGE) VALUES ('frontend', 'security.users', 'Users', 'en-GB');
INSERT INTO OKM_TRANSLATION (TR_MODULE, TR_KEY, TR_TEXT, TR_LANGUAGE) VALUES ('frontend', 'security.groups', 'Groups', 'en-GB');
INSERT INTO OKM_TRANSLATION (TR_MODULE, TR_KEY, TR_TEXT, TR_LANGUAGE) VALUES ('frontend', 'security.recursive', 'Recursive permission changes', 'en-GB');
INSERT INTO OKM_TRANSLATION (TR_MODULE, TR_KEY, TR_TEXT, TR_LANGUAGE) VALUES ('frontend', 'secutiry.filter.by.users', 'Users filter', 'en-GB');
INSERT INTO OKM_TRANSLATION (TR_MODULE, TR_KEY, TR_TEXT, TR_LANGUAGE) VALUES ('frontend', 'secutiry.filter.by.groups', 'Groups filter', 'en-GB');
INSERT INTO OKM_TRANSLATION (TR_MODULE, TR_KEY, TR_TEXT, TR_LANGUAGE) VALUES ('frontend', 'security.status.updating', 'Updating security', 'en-GB');
INSERT INTO OKM_TRANSLATION (TR_MODULE, TR_KEY, TR_TEXT, TR_LANGUAGE) VALUES ('frontend', 'preview.unavailable', 'Preview unavailable', 'en-GB');
INSERT INTO OKM_TRANSLATION (TR_MODULE, TR_KEY, TR_TEXT, TR_LANGUAGE) VALUES ('frontend', 'mail.from', 'From', 'en-GB');
INSERT INTO OKM_TRANSLATION (TR_MODULE, TR_KEY, TR_TEXT, TR_LANGUAGE) VALUES ('frontend', 'mail.reply', 'Reply to', 'en-GB');
INSERT INTO OKM_TRANSLATION (TR_MODULE, TR_KEY, TR_TEXT, TR_LANGUAGE) VALUES ('frontend', 'mail.to', 'To', 'en-GB');
INSERT INTO OKM_TRANSLATION (TR_MODULE, TR_KEY, TR_TEXT, TR_LANGUAGE) VALUES ('frontend', 'mail.subject', 'Subject', 'en-GB');
INSERT INTO OKM_TRANSLATION (TR_MODULE, TR_KEY, TR_TEXT, TR_LANGUAGE) VALUES ('frontend', 'mail.attachment', 'Attachments', 'en-GB');
INSERT INTO OKM_TRANSLATION (TR_MODULE, TR_KEY, TR_TEXT, TR_LANGUAGE) VALUES ('frontend', 'error.label', 'The system has generated an error', 'en-GB');
INSERT INTO OKM_TRANSLATION (TR_MODULE, TR_KEY, TR_TEXT, TR_LANGUAGE) VALUES ('frontend', 'error.invocation', 'Error when communicating with server', 'en-GB');
INSERT INTO OKM_TRANSLATION (TR_MODULE, TR_KEY, TR_TEXT, TR_LANGUAGE) VALUES ('frontend', 'about.label', 'About OpenKM', 'en-GB');
INSERT INTO OKM_TRANSLATION (TR_MODULE, TR_KEY, TR_TEXT, TR_LANGUAGE) VALUES ('frontend', 'about.loading', 'Loading ...', 'en-GB');
INSERT INTO OKM_TRANSLATION (TR_MODULE, TR_KEY, TR_TEXT, TR_LANGUAGE) VALUES ('frontend', 'logout.label', 'Exit', 'en-GB');
INSERT INTO OKM_TRANSLATION (TR_MODULE, TR_KEY, TR_TEXT, TR_LANGUAGE) VALUES ('frontend', 'logout.closed', 'OpenKM has been closed correctly.', 'en-GB');
INSERT INTO OKM_TRANSLATION (TR_MODULE, TR_KEY, TR_TEXT, TR_LANGUAGE) VALUES ('frontend', 'logout.logout', 'OpenKM is logging out,  please wait', 'en-GB');
INSERT INTO OKM_TRANSLATION (TR_MODULE, TR_KEY, TR_TEXT, TR_LANGUAGE) VALUES ('frontend', 'confirm.label', 'Confirmation', 'en-GB');
INSERT INTO OKM_TRANSLATION (TR_MODULE, TR_KEY, TR_TEXT, TR_LANGUAGE) VALUES ('frontend', 'confirm.delete.folder', 'Do you really want to delete folder ?', 'en-GB');
INSERT INTO OKM_TRANSLATION (TR_MODULE, TR_KEY, TR_TEXT, TR_LANGUAGE) VALUES ('frontend', 'confirm.delete.document', 'Do you really want to delete document ?', 'en-GB');
INSERT INTO OKM_TRANSLATION (TR_MODULE, TR_KEY, TR_TEXT, TR_LANGUAGE) VALUES ('frontend', 'confirm.delete.trash', 'Do you really want to empty trash ?', 'en-GB');
INSERT INTO OKM_TRANSLATION (TR_MODULE, TR_KEY, TR_TEXT, TR_LANGUAGE) VALUES ('frontend', 'confirm.purge.folder', 'Do you really want to delete folder ?', 'en-GB');
INSERT INTO OKM_TRANSLATION (TR_MODULE, TR_KEY, TR_TEXT, TR_LANGUAGE) VALUES ('frontend', 'confirm.purge.document', 'Do you really want to delete document ?', 'en-GB');
INSERT INTO OKM_TRANSLATION (TR_MODULE, TR_KEY, TR_TEXT, TR_LANGUAGE) VALUES ('frontend', 'confirm.delete.propety.group', 'Do you really want to delete property group ?', 'en-GB');
INSERT INTO OKM_TRANSLATION (TR_MODULE, TR_KEY, TR_TEXT, TR_LANGUAGE) VALUES ('frontend', 'confirm.purge.version.history.document', 'Do you really want to delete document history ?', 'en-GB');
INSERT INTO OKM_TRANSLATION (TR_MODULE, TR_KEY, TR_TEXT, TR_LANGUAGE) VALUES ('frontend', 'confirm.purge.restore.document', 'Do you really want to restore to this document version ?', 'en-GB');
INSERT INTO OKM_TRANSLATION (TR_MODULE, TR_KEY, TR_TEXT, TR_LANGUAGE) VALUES ('frontend', 'confirm.set.default.home', 'Do you really want to set default home ?', 'en-GB');
INSERT INTO OKM_TRANSLATION (TR_MODULE, TR_KEY, TR_TEXT, TR_LANGUAGE) VALUES ('frontend', 'confirm.delete.saved.search', 'Do you really want to delete saved search ?', 'en-GB');
INSERT INTO OKM_TRANSLATION (TR_MODULE, TR_KEY, TR_TEXT, TR_LANGUAGE) VALUES ('frontend', 'confirm.delete.user.news', 'Do you really want to delete user news ?', 'en-GB');
INSERT INTO OKM_TRANSLATION (TR_MODULE, TR_KEY, TR_TEXT, TR_LANGUAGE) VALUES ('frontend', 'confirm.delete.mail', 'Do you really want to delete mail ?', 'en-GB');
INSERT INTO OKM_TRANSLATION (TR_MODULE, TR_KEY, TR_TEXT, TR_LANGUAGE) VALUES ('frontend', 'confirm.get.pooled.workflow.task', 'Do you want to assign this task to you ?', 'en-GB');
INSERT INTO OKM_TRANSLATION (TR_MODULE, TR_KEY, TR_TEXT, TR_LANGUAGE) VALUES ('frontend', 'confirm.force.unlock', 'Do you really want to force the document unlock ?', 'en-GB');
INSERT INTO OKM_TRANSLATION (TR_MODULE, TR_KEY, TR_TEXT, TR_LANGUAGE) VALUES ('frontend', 'confirm.force.cancel.checkout', 'Do you really want to force the document cancel checkout ?', 'en-GB');
INSERT INTO OKM_TRANSLATION (TR_MODULE, TR_KEY, TR_TEXT, TR_LANGUAGE) VALUES ('frontend', 'search.context', 'Context', 'en-GB');
INSERT INTO OKM_TRANSLATION (TR_MODULE, TR_KEY, TR_TEXT, TR_LANGUAGE) VALUES ('frontend', 'search.content', 'Content', 'en-GB');
INSERT INTO OKM_TRANSLATION (TR_MODULE, TR_KEY, TR_TEXT, TR_LANGUAGE) VALUES ('frontend', 'search.name', 'Name', 'en-GB');
INSERT INTO OKM_TRANSLATION (TR_MODULE, TR_KEY, TR_TEXT, TR_LANGUAGE) VALUES ('frontend', 'search.keywords', 'Keywords', 'en-GB');
INSERT INTO OKM_TRANSLATION (TR_MODULE, TR_KEY, TR_TEXT, TR_LANGUAGE) VALUES ('frontend', 'search.folder', 'Folder', 'en-GB');
INSERT INTO OKM_TRANSLATION (TR_MODULE, TR_KEY, TR_TEXT, TR_LANGUAGE) VALUES ('frontend', 'search.category', 'Category', 'en-GB');
INSERT INTO OKM_TRANSLATION (TR_MODULE, TR_KEY, TR_TEXT, TR_LANGUAGE) VALUES ('frontend', 'search.results', 'Results', 'en-GB');
INSERT INTO OKM_TRANSLATION (TR_MODULE, TR_KEY, TR_TEXT, TR_LANGUAGE) VALUES ('frontend', 'search.to', 'to', 'en-GB');
INSERT INTO OKM_TRANSLATION (TR_MODULE, TR_KEY, TR_TEXT, TR_LANGUAGE) VALUES ('frontend', 'search.page.results', 'Page results', 'en-GB');
INSERT INTO OKM_TRANSLATION (TR_MODULE, TR_KEY, TR_TEXT, TR_LANGUAGE) VALUES ('frontend', 'search.add.property.group', 'Add property group', 'en-GB');
INSERT INTO OKM_TRANSLATION (TR_MODULE, TR_KEY, TR_TEXT, TR_LANGUAGE) VALUES ('frontend', 'search.mimetype', 'Mime type', 'en-GB');
INSERT INTO OKM_TRANSLATION (TR_MODULE, TR_KEY, TR_TEXT, TR_LANGUAGE) VALUES ('frontend', 'search.type', 'Type', 'en-GB');
INSERT INTO OKM_TRANSLATION (TR_MODULE, TR_KEY, TR_TEXT, TR_LANGUAGE) VALUES ('frontend', 'search.type.document', 'Document', 'en-GB');
INSERT INTO OKM_TRANSLATION (TR_MODULE, TR_KEY, TR_TEXT, TR_LANGUAGE) VALUES ('frontend', 'search.type.folder', 'Folder', 'en-GB');
INSERT INTO OKM_TRANSLATION (TR_MODULE, TR_KEY, TR_TEXT, TR_LANGUAGE) VALUES ('frontend', 'search.type.mail', 'Mail', 'en-GB');
INSERT INTO OKM_TRANSLATION (TR_MODULE, TR_KEY, TR_TEXT, TR_LANGUAGE) VALUES ('frontend', 'search.advanced', 'Advanced search', 'en-GB');
INSERT INTO OKM_TRANSLATION (TR_MODULE, TR_KEY, TR_TEXT, TR_LANGUAGE) VALUES ('frontend', 'search.user', 'User', 'en-GB');
INSERT INTO OKM_TRANSLATION (TR_MODULE, TR_KEY, TR_TEXT, TR_LANGUAGE) VALUES ('frontend', 'search.date.and', 'and', 'en-GB');
INSERT INTO OKM_TRANSLATION (TR_MODULE, TR_KEY, TR_TEXT, TR_LANGUAGE) VALUES ('frontend', 'search.date.range', 'Date range between', 'en-GB');
INSERT INTO OKM_TRANSLATION (TR_MODULE, TR_KEY, TR_TEXT, TR_LANGUAGE) VALUES ('frontend', 'search.save.as.news', 'Save as user news', 'en-GB');
INSERT INTO OKM_TRANSLATION (TR_MODULE, TR_KEY, TR_TEXT, TR_LANGUAGE) VALUES ('frontend', 'search.folder.filter', 'Filter by folder', 'en-GB');
INSERT INTO OKM_TRANSLATION (TR_MODULE, TR_KEY, TR_TEXT, TR_LANGUAGE) VALUES ('frontend', 'search.category.filter', 'Filter by category', 'en-GB');
INSERT INTO OKM_TRANSLATION (TR_MODULE, TR_KEY, TR_TEXT, TR_LANGUAGE) VALUES ('frontend', 'search.result.name', 'Name', 'en-GB');
INSERT INTO OKM_TRANSLATION (TR_MODULE, TR_KEY, TR_TEXT, TR_LANGUAGE) VALUES ('frontend', 'search.result.score', 'Relevance', 'en-GB');
INSERT INTO OKM_TRANSLATION (TR_MODULE, TR_KEY, TR_TEXT, TR_LANGUAGE) VALUES ('frontend', 'search.result.size', 'Size', 'en-GB');
INSERT INTO OKM_TRANSLATION (TR_MODULE, TR_KEY, TR_TEXT, TR_LANGUAGE) VALUES ('frontend', 'search.result.date.update', 'Update date', 'en-GB');
INSERT INTO OKM_TRANSLATION (TR_MODULE, TR_KEY, TR_TEXT, TR_LANGUAGE) VALUES ('frontend', 'search.result.author', 'Author', 'en-GB');
INSERT INTO OKM_TRANSLATION (TR_MODULE, TR_KEY, TR_TEXT, TR_LANGUAGE) VALUES ('frontend', 'search.result.version', 'Version', 'en-GB');
INSERT INTO OKM_TRANSLATION (TR_MODULE, TR_KEY, TR_TEXT, TR_LANGUAGE) VALUES ('frontend', 'search.result.path', 'Path', 'en-GB');
INSERT INTO OKM_TRANSLATION (TR_MODULE, TR_KEY, TR_TEXT, TR_LANGUAGE) VALUES ('frontend', 'search.result.menu.download', 'Download', 'en-GB');
INSERT INTO OKM_TRANSLATION (TR_MODULE, TR_KEY, TR_TEXT, TR_LANGUAGE) VALUES ('frontend', 'search.result.menu.go.folder', 'Go to folder', 'en-GB');
INSERT INTO OKM_TRANSLATION (TR_MODULE, TR_KEY, TR_TEXT, TR_LANGUAGE) VALUES ('frontend', 'search.result.menu.go.document', 'Go to document', 'en-GB');
INSERT INTO OKM_TRANSLATION (TR_MODULE, TR_KEY, TR_TEXT, TR_LANGUAGE) VALUES ('frontend', 'search.result.status.findPaginated', 'Updating search', 'en-GB');
INSERT INTO OKM_TRANSLATION (TR_MODULE, TR_KEY, TR_TEXT, TR_LANGUAGE) VALUES ('frontend', 'search.result.status.runsearch', 'Updating saved search', 'en-GB');
INSERT INTO OKM_TRANSLATION (TR_MODULE, TR_KEY, TR_TEXT, TR_LANGUAGE) VALUES ('frontend', 'search.saved.run', 'Run', 'en-GB');
INSERT INTO OKM_TRANSLATION (TR_MODULE, TR_KEY, TR_TEXT, TR_LANGUAGE) VALUES ('frontend', 'search.saved.delete', 'Delete', 'en-GB');
INSERT INTO OKM_TRANSLATION (TR_MODULE, TR_KEY, TR_TEXT, TR_LANGUAGE) VALUES ('frontend', 'search.saved.status.getsearchs', 'Refreshing saved searches', 'en-GB');
INSERT INTO OKM_TRANSLATION (TR_MODULE, TR_KEY, TR_TEXT, TR_LANGUAGE) VALUES ('frontend', 'search.saved.status.savesearch', 'Updating save search', 'en-GB');
INSERT INTO OKM_TRANSLATION (TR_MODULE, TR_KEY, TR_TEXT, TR_LANGUAGE) VALUES ('frontend', 'search.saved.status.deletesearch', 'Deleting saved search', 'en-GB');
INSERT INTO OKM_TRANSLATION (TR_MODULE, TR_KEY, TR_TEXT, TR_LANGUAGE) VALUES ('frontend', 'search.saved.status.getusernews', 'Refreshing user news', 'en-GB');
INSERT INTO OKM_TRANSLATION (TR_MODULE, TR_KEY, TR_TEXT, TR_LANGUAGE) VALUES ('frontend', 'button.close', 'Close', 'en-GB');
INSERT INTO OKM_TRANSLATION (TR_MODULE, TR_KEY, TR_TEXT, TR_LANGUAGE) VALUES ('frontend', 'button.logout', 'Logout', 'en-GB');
INSERT INTO OKM_TRANSLATION (TR_MODULE, TR_KEY, TR_TEXT, TR_LANGUAGE) VALUES ('frontend', 'button.update', 'Update', 'en-GB');
INSERT INTO OKM_TRANSLATION (TR_MODULE, TR_KEY, TR_TEXT, TR_LANGUAGE) VALUES ('frontend', 'button.cancel', 'Cancel', 'en-GB');
INSERT INTO OKM_TRANSLATION (TR_MODULE, TR_KEY, TR_TEXT, TR_LANGUAGE) VALUES ('frontend', 'button.accept', 'Accept', 'en-GB');
INSERT INTO OKM_TRANSLATION (TR_MODULE, TR_KEY, TR_TEXT, TR_LANGUAGE) VALUES ('frontend', 'button.restore', 'Restore', 'en-GB');
INSERT INTO OKM_TRANSLATION (TR_MODULE, TR_KEY, TR_TEXT, TR_LANGUAGE) VALUES ('frontend', 'button.move', 'Move', 'en-GB');
INSERT INTO OKM_TRANSLATION (TR_MODULE, TR_KEY, TR_TEXT, TR_LANGUAGE) VALUES ('frontend', 'button.change', 'Change', 'en-GB');
INSERT INTO OKM_TRANSLATION (TR_MODULE, TR_KEY, TR_TEXT, TR_LANGUAGE) VALUES ('frontend', 'button.search', 'Search', 'en-GB');
INSERT INTO OKM_TRANSLATION (TR_MODULE, TR_KEY, TR_TEXT, TR_LANGUAGE) VALUES ('frontend', 'button.save.search', 'Save search', 'en-GB');
INSERT INTO OKM_TRANSLATION (TR_MODULE, TR_KEY, TR_TEXT, TR_LANGUAGE) VALUES ('frontend', 'button.view', 'View', 'en-GB');
INSERT INTO OKM_TRANSLATION (TR_MODULE, TR_KEY, TR_TEXT, TR_LANGUAGE) VALUES ('frontend', 'button.clean', 'Clean', 'en-GB');
INSERT INTO OKM_TRANSLATION (TR_MODULE, TR_KEY, TR_TEXT, TR_LANGUAGE) VALUES ('frontend', 'button.add', 'Add', 'en-GB');
INSERT INTO OKM_TRANSLATION (TR_MODULE, TR_KEY, TR_TEXT, TR_LANGUAGE) VALUES ('frontend', 'button.delete', 'Delete', 'en-GB');
INSERT INTO OKM_TRANSLATION (TR_MODULE, TR_KEY, TR_TEXT, TR_LANGUAGE) VALUES ('frontend', 'button.copy', 'Copy', 'en-GB');
INSERT INTO OKM_TRANSLATION (TR_MODULE, TR_KEY, TR_TEXT, TR_LANGUAGE) VALUES ('frontend', 'button.create', 'Create', 'en-GB');
INSERT INTO OKM_TRANSLATION (TR_MODULE, TR_KEY, TR_TEXT, TR_LANGUAGE) VALUES ('frontend', 'button.show', 'Show', 'en-GB');
INSERT INTO OKM_TRANSLATION (TR_MODULE, TR_KEY, TR_TEXT, TR_LANGUAGE) VALUES ('frontend', 'button.memory', 'Update', 'en-GB');
INSERT INTO OKM_TRANSLATION (TR_MODULE, TR_KEY, TR_TEXT, TR_LANGUAGE) VALUES ('frontend', 'button.copy.clipboard', 'Copy to clipboard', 'en-GB');
INSERT INTO OKM_TRANSLATION (TR_MODULE, TR_KEY, TR_TEXT, TR_LANGUAGE) VALUES ('frontend', 'button.start', 'Start', 'en-GB');
INSERT INTO OKM_TRANSLATION (TR_MODULE, TR_KEY, TR_TEXT, TR_LANGUAGE) VALUES ('frontend', 'button.select', 'Select', 'en-GB');
INSERT INTO OKM_TRANSLATION (TR_MODULE, TR_KEY, TR_TEXT, TR_LANGUAGE) VALUES ('frontend', 'button.test', 'Test', 'en-GB');
INSERT INTO OKM_TRANSLATION (TR_MODULE, TR_KEY, TR_TEXT, TR_LANGUAGE) VALUES ('frontend', 'button.next', 'Next', 'en-GB');
INSERT INTO OKM_TRANSLATION (TR_MODULE, TR_KEY, TR_TEXT, TR_LANGUAGE) VALUES ('frontend', 'group.label', 'Add property group', 'en-GB');
INSERT INTO OKM_TRANSLATION (TR_MODULE, TR_KEY, TR_TEXT, TR_LANGUAGE) VALUES ('frontend', 'group.group', 'Group', 'en-GB');
INSERT INTO OKM_TRANSLATION (TR_MODULE, TR_KEY, TR_TEXT, TR_LANGUAGE) VALUES ('frontend', 'group.property.group', 'Propertygeneral.menu.file.scanner, Scanner', 'en-GB');
INSERT INTO OKM_TRANSLATION (TR_MODULE, TR_KEY, TR_TEXT, TR_LANGUAGE) VALUES ('frontend', 'bookmark.label', 'Add bookmark', 'en-GB');
INSERT INTO OKM_TRANSLATION (TR_MODULE, TR_KEY, TR_TEXT, TR_LANGUAGE) VALUES ('frontend', 'bookmark.name', 'Name', 'en-GB');
INSERT INTO OKM_TRANSLATION (TR_MODULE, TR_KEY, TR_TEXT, TR_LANGUAGE) VALUES ('frontend', 'bookmark.edit.label', 'Edit bookmarks', 'en-GB');
INSERT INTO OKM_TRANSLATION (TR_MODULE, TR_KEY, TR_TEXT, TR_LANGUAGE) VALUES ('frontend', 'bookmark.path', 'Path', 'en-GB');
INSERT INTO OKM_TRANSLATION (TR_MODULE, TR_KEY, TR_TEXT, TR_LANGUAGE) VALUES ('frontend', 'bookmark.type', 'Type', 'en-GB');
INSERT INTO OKM_TRANSLATION (TR_MODULE, TR_KEY, TR_TEXT, TR_LANGUAGE) VALUES ('frontend', 'bookmark.type.document', 'Document', 'en-GB');
INSERT INTO OKM_TRANSLATION (TR_MODULE, TR_KEY, TR_TEXT, TR_LANGUAGE) VALUES ('frontend', 'bookmark.type.folder', 'Folder', 'en-GB');
INSERT INTO OKM_TRANSLATION (TR_MODULE, TR_KEY, TR_TEXT, TR_LANGUAGE) VALUES ('frontend', 'notify.label', 'Sending document link', 'en-GB');
INSERT INTO OKM_TRANSLATION (TR_MODULE, TR_KEY, TR_TEXT, TR_LANGUAGE) VALUES ('frontend', 'notify.label.attachment', 'Send document attachment', 'en-GB');
INSERT INTO OKM_TRANSLATION (TR_MODULE, TR_KEY, TR_TEXT, TR_LANGUAGE) VALUES ('frontend', 'status.document.copied', 'Document marked to copy', 'en-GB');
INSERT INTO OKM_TRANSLATION (TR_MODULE, TR_KEY, TR_TEXT, TR_LANGUAGE) VALUES ('frontend', 'status.document.cut', 'Document market to cut', 'en-GB');
INSERT INTO OKM_TRANSLATION (TR_MODULE, TR_KEY, TR_TEXT, TR_LANGUAGE) VALUES ('frontend', 'status.folder.copied', 'Folder marked to copy', 'en-GB');
INSERT INTO OKM_TRANSLATION (TR_MODULE, TR_KEY, TR_TEXT, TR_LANGUAGE) VALUES ('frontend', 'status.folder.cut', 'Folder market to cut', 'en-GB');
INSERT INTO OKM_TRANSLATION (TR_MODULE, TR_KEY, TR_TEXT, TR_LANGUAGE) VALUES ('frontend', 'status.keep.alive.error', 'Detected lost connection to server (keep alive)', 'en-GB');
INSERT INTO OKM_TRANSLATION (TR_MODULE, TR_KEY, TR_TEXT, TR_LANGUAGE) VALUES ('frontend', 'status.debug.enabled', 'Debug enabled', 'en-GB');
INSERT INTO OKM_TRANSLATION (TR_MODULE, TR_KEY, TR_TEXT, TR_LANGUAGE) VALUES ('frontend', 'status.debug.disabled', 'Debug disabled', 'en-GB');
INSERT INTO OKM_TRANSLATION (TR_MODULE, TR_KEY, TR_TEXT, TR_LANGUAGE) VALUES ('frontend', 'status.network.error.detected', 'Network error detected', 'en-GB');
INSERT INTO OKM_TRANSLATION (TR_MODULE, TR_KEY, TR_TEXT, TR_LANGUAGE) VALUES ('frontend', 'calendar.day.sunday', 'Sunday', 'en-GB');
INSERT INTO OKM_TRANSLATION (TR_MODULE, TR_KEY, TR_TEXT, TR_LANGUAGE) VALUES ('frontend', 'calendar.day.monday', 'Monday', 'en-GB');
INSERT INTO OKM_TRANSLATION (TR_MODULE, TR_KEY, TR_TEXT, TR_LANGUAGE) VALUES ('frontend', 'calendar.day.tuesday', 'Tuesday', 'en-GB');
INSERT INTO OKM_TRANSLATION (TR_MODULE, TR_KEY, TR_TEXT, TR_LANGUAGE) VALUES ('frontend', 'calendar.day.wednesday', 'Wednesday', 'en-GB');
INSERT INTO OKM_TRANSLATION (TR_MODULE, TR_KEY, TR_TEXT, TR_LANGUAGE) VALUES ('frontend', 'calendar.day.thursday', 'Thursday', 'en-GB');
INSERT INTO OKM_TRANSLATION (TR_MODULE, TR_KEY, TR_TEXT, TR_LANGUAGE) VALUES ('frontend', 'calendar.day.friday', 'Friday', 'en-GB');
INSERT INTO OKM_TRANSLATION (TR_MODULE, TR_KEY, TR_TEXT, TR_LANGUAGE) VALUES ('frontend', 'calendar.day.saturday', 'Saturday', 'en-GB');
INSERT INTO OKM_TRANSLATION (TR_MODULE, TR_KEY, TR_TEXT, TR_LANGUAGE) VALUES ('frontend', 'calendar.month.january', 'January', 'en-GB');
INSERT INTO OKM_TRANSLATION (TR_MODULE, TR_KEY, TR_TEXT, TR_LANGUAGE) VALUES ('frontend', 'calendar.month.february', 'February', 'en-GB');
INSERT INTO OKM_TRANSLATION (TR_MODULE, TR_KEY, TR_TEXT, TR_LANGUAGE) VALUES ('frontend', 'calendar.month.march', 'March', 'en-GB');
INSERT INTO OKM_TRANSLATION (TR_MODULE, TR_KEY, TR_TEXT, TR_LANGUAGE) VALUES ('frontend', 'calendar.month.april', 'April', 'en-GB');
INSERT INTO OKM_TRANSLATION (TR_MODULE, TR_KEY, TR_TEXT, TR_LANGUAGE) VALUES ('frontend', 'calendar.month.may', 'May', 'en-GB');
INSERT INTO OKM_TRANSLATION (TR_MODULE, TR_KEY, TR_TEXT, TR_LANGUAGE) VALUES ('frontend', 'calendar.month.june', 'June', 'en-GB');
INSERT INTO OKM_TRANSLATION (TR_MODULE, TR_KEY, TR_TEXT, TR_LANGUAGE) VALUES ('frontend', 'calendar.month.july', 'July', 'en-GB');
INSERT INTO OKM_TRANSLATION (TR_MODULE, TR_KEY, TR_TEXT, TR_LANGUAGE) VALUES ('frontend', 'calendar.month.august', 'August', 'en-GB');
INSERT INTO OKM_TRANSLATION (TR_MODULE, TR_KEY, TR_TEXT, TR_LANGUAGE) VALUES ('frontend', 'calendar.month.september', 'September', 'en-GB');
INSERT INTO OKM_TRANSLATION (TR_MODULE, TR_KEY, TR_TEXT, TR_LANGUAGE) VALUES ('frontend', 'calendar.month.october', 'October', 'en-GB');
INSERT INTO OKM_TRANSLATION (TR_MODULE, TR_KEY, TR_TEXT, TR_LANGUAGE) VALUES ('frontend', 'calendar.month.november', 'November', 'en-GB');
INSERT INTO OKM_TRANSLATION (TR_MODULE, TR_KEY, TR_TEXT, TR_LANGUAGE) VALUES ('frontend', 'calendar.month.december', 'December', 'en-GB');
INSERT INTO OKM_TRANSLATION (TR_MODULE, TR_KEY, TR_TEXT, TR_LANGUAGE) VALUES ('frontend', 'media.player.label', 'Media player', 'en-GB');
INSERT INTO OKM_TRANSLATION (TR_MODULE, TR_KEY, TR_TEXT, TR_LANGUAGE) VALUES ('frontend', 'image.viewer.label', 'Image viewer', 'en-GB');
INSERT INTO OKM_TRANSLATION (TR_MODULE, TR_KEY, TR_TEXT, TR_LANGUAGE) VALUES ('frontend', 'image.viewer.zoom.in', 'Zoom in', 'en-GB');
INSERT INTO OKM_TRANSLATION (TR_MODULE, TR_KEY, TR_TEXT, TR_LANGUAGE) VALUES ('frontend', 'image.viewer.zoom.out', 'Zoom out', 'en-GB');
INSERT INTO OKM_TRANSLATION (TR_MODULE, TR_KEY, TR_TEXT, TR_LANGUAGE) VALUES ('frontend', 'debug.console.label', 'Debug console', 'en-GB');
INSERT INTO OKM_TRANSLATION (TR_MODULE, TR_KEY, TR_TEXT, TR_LANGUAGE) VALUES ('frontend', 'debug.enable.disable', 'CTRL+Z to enable or disable debug mode', 'en-GB');
INSERT INTO OKM_TRANSLATION (TR_MODULE, TR_KEY, TR_TEXT, TR_LANGUAGE) VALUES ('frontend', 'dashboard.tab.general', 'General', 'en-GB');
INSERT INTO OKM_TRANSLATION (TR_MODULE, TR_KEY, TR_TEXT, TR_LANGUAGE) VALUES ('frontend', 'dashboard.tab.news', 'News', 'en-GB');
INSERT INTO OKM_TRANSLATION (TR_MODULE, TR_KEY, TR_TEXT, TR_LANGUAGE) VALUES ('frontend', 'dashboard.tab.user', 'User', 'en-GB');
INSERT INTO OKM_TRANSLATION (TR_MODULE, TR_KEY, TR_TEXT, TR_LANGUAGE) VALUES ('frontend', 'dashboard.tab.workflow', 'Workflow', 'en-GB');
INSERT INTO OKM_TRANSLATION (TR_MODULE, TR_KEY, TR_TEXT, TR_LANGUAGE) VALUES ('frontend', 'dashboard.tab.mail', 'Mail', 'en-GB');
INSERT INTO OKM_TRANSLATION (TR_MODULE, TR_KEY, TR_TEXT, TR_LANGUAGE) VALUES ('frontend', 'dashboard.tab.keymap', 'Keyword map', 'en-GB');
INSERT INTO OKM_TRANSLATION (TR_MODULE, TR_KEY, TR_TEXT, TR_LANGUAGE) VALUES ('frontend', 'dashboard.new.items', 'New', 'en-GB');
INSERT INTO OKM_TRANSLATION (TR_MODULE, TR_KEY, TR_TEXT, TR_LANGUAGE) VALUES ('frontend', 'dashboard.user.locked.documents', 'Locked documents', 'en-GB');
INSERT INTO OKM_TRANSLATION (TR_MODULE, TR_KEY, TR_TEXT, TR_LANGUAGE) VALUES ('frontend', 'dashboard.user.checkout.documents', 'Checkout documents', 'en-GB');
INSERT INTO OKM_TRANSLATION (TR_MODULE, TR_KEY, TR_TEXT, TR_LANGUAGE) VALUES ('frontend', 'dashboard.user.last.modified.documents', 'Last modified documents', 'en-GB');
INSERT INTO OKM_TRANSLATION (TR_MODULE, TR_KEY, TR_TEXT, TR_LANGUAGE) VALUES ('frontend', 'dashboard.user.last.downloaded.documents', 'Last downloaded documents', 'en-GB');
INSERT INTO OKM_TRANSLATION (TR_MODULE, TR_KEY, TR_TEXT, TR_LANGUAGE) VALUES ('frontend', 'dashboard.user.subscribed.documents', 'Subscribed documents', 'en-GB');
INSERT INTO OKM_TRANSLATION (TR_MODULE, TR_KEY, TR_TEXT, TR_LANGUAGE) VALUES ('frontend', 'dashboard.user.subscribed.folders', 'Subscribed folders', 'en-GB');
INSERT INTO OKM_TRANSLATION (TR_MODULE, TR_KEY, TR_TEXT, TR_LANGUAGE) VALUES ('frontend', 'dashboard.user.last.uploaded.documents', 'Last uploaded documents', 'en-GB');
INSERT INTO OKM_TRANSLATION (TR_MODULE, TR_KEY, TR_TEXT, TR_LANGUAGE) VALUES ('frontend', 'dashboard.general.last.week.top.downloaded.documents', 'Last week top viewed documents', 'en-GB');
INSERT INTO OKM_TRANSLATION (TR_MODULE, TR_KEY, TR_TEXT, TR_LANGUAGE) VALUES ('frontend', 'dashboard.general.last.month.top.downloaded.documents', 'Last month top viewed documents', 'en-GB');
INSERT INTO OKM_TRANSLATION (TR_MODULE, TR_KEY, TR_TEXT, TR_LANGUAGE) VALUES ('frontend', 'dashboard.general.last.week.top.modified.documents', 'Last week top modified documents', 'en-GB');
INSERT INTO OKM_TRANSLATION (TR_MODULE, TR_KEY, TR_TEXT, TR_LANGUAGE) VALUES ('frontend', 'dashboard.general.last.month.top.modified.documents', 'Last month top viewed documents', 'en-GB');
INSERT INTO OKM_TRANSLATION (TR_MODULE, TR_KEY, TR_TEXT, TR_LANGUAGE) VALUES ('frontend', 'dashboard.general.last.uploaded.documents', 'Last uploaded documents', 'en-GB');
INSERT INTO OKM_TRANSLATION (TR_MODULE, TR_KEY, TR_TEXT, TR_LANGUAGE) VALUES ('frontend', 'dashboard.workflow.pending.tasks', 'Pending tasks', 'en-GB');
INSERT INTO OKM_TRANSLATION (TR_MODULE, TR_KEY, TR_TEXT, TR_LANGUAGE) VALUES ('frontend', 'dashboard.workflow.pending.tasks.unassigned', 'Unassigned pending tasks', 'en-GB');
INSERT INTO OKM_TRANSLATION (TR_MODULE, TR_KEY, TR_TEXT, TR_LANGUAGE) VALUES ('frontend', 'dashboard.workflow.task', 'Task', 'en-GB');
INSERT INTO OKM_TRANSLATION (TR_MODULE, TR_KEY, TR_TEXT, TR_LANGUAGE) VALUES ('frontend', 'dashboard.workflow.task.id', 'ID', 'en-GB');
INSERT INTO OKM_TRANSLATION (TR_MODULE, TR_KEY, TR_TEXT, TR_LANGUAGE) VALUES ('frontend', 'dashboard.workflow.task.name', 'Name', 'en-GB');
INSERT INTO OKM_TRANSLATION (TR_MODULE, TR_KEY, TR_TEXT, TR_LANGUAGE) VALUES ('frontend', 'dashboard.workflow.task.created', 'Creation date', 'en-GB');
INSERT INTO OKM_TRANSLATION (TR_MODULE, TR_KEY, TR_TEXT, TR_LANGUAGE) VALUES ('frontend', 'dashboard.workflow.task.start', 'Start date', 'en-GB');
INSERT INTO OKM_TRANSLATION (TR_MODULE, TR_KEY, TR_TEXT, TR_LANGUAGE) VALUES ('frontend', 'dashboard.workflow.task.duedate', 'Due date', 'en-GB');
INSERT INTO OKM_TRANSLATION (TR_MODULE, TR_KEY, TR_TEXT, TR_LANGUAGE) VALUES ('frontend', 'dashboard.workflow.task.end', 'End date', 'en-GB');
INSERT INTO OKM_TRANSLATION (TR_MODULE, TR_KEY, TR_TEXT, TR_LANGUAGE) VALUES ('frontend', 'dashboard.workflow.task.description', 'Description', 'en-GB');
INSERT INTO OKM_TRANSLATION (TR_MODULE, TR_KEY, TR_TEXT, TR_LANGUAGE) VALUES ('frontend', 'dashboard.workflow.task.process.instance', 'Process instance', 'en-GB');
INSERT INTO OKM_TRANSLATION (TR_MODULE, TR_KEY, TR_TEXT, TR_LANGUAGE) VALUES ('frontend', 'dashboard.workflow.task.process.id', 'ID', 'en-GB');
INSERT INTO OKM_TRANSLATION (TR_MODULE, TR_KEY, TR_TEXT, TR_LANGUAGE) VALUES ('frontend', 'dashboard.workflow.task.process.version', 'Version', 'en-GB');
INSERT INTO OKM_TRANSLATION (TR_MODULE, TR_KEY, TR_TEXT, TR_LANGUAGE) VALUES ('frontend', 'dashboard.workflow.task.process.name', 'Name', 'en-GB');
INSERT INTO OKM_TRANSLATION (TR_MODULE, TR_KEY, TR_TEXT, TR_LANGUAGE) VALUES ('frontend', 'dashboard.workflow.task.process.description', 'Description', 'en-GB');
INSERT INTO OKM_TRANSLATION (TR_MODULE, TR_KEY, TR_TEXT, TR_LANGUAGE) VALUES ('frontend', 'dashboard.workflow.task.process.data', 'Data', 'en-GB');
INSERT INTO OKM_TRANSLATION (TR_MODULE, TR_KEY, TR_TEXT, TR_LANGUAGE) VALUES ('frontend', 'dashboard.workflow.comments', 'Comments', 'en-GB');
INSERT INTO OKM_TRANSLATION (TR_MODULE, TR_KEY, TR_TEXT, TR_LANGUAGE) VALUES ('frontend', 'dashboard.workflow.task.process.forms', 'Form', 'en-GB');
INSERT INTO OKM_TRANSLATION (TR_MODULE, TR_KEY, TR_TEXT, TR_LANGUAGE) VALUES ('frontend', 'dashboard.workflow.add.comment', 'Add comment', 'en-GB');
INSERT INTO OKM_TRANSLATION (TR_MODULE, TR_KEY, TR_TEXT, TR_LANGUAGE) VALUES ('frontend', 'dashboard.workflow.task.process.definition', 'Process definition', 'en-GB');
INSERT INTO OKM_TRANSLATION (TR_MODULE, TR_KEY, TR_TEXT, TR_LANGUAGE) VALUES ('frontend', 'dashboard.workflow.task.process.path', 'Path', 'en-GB');
INSERT INTO OKM_TRANSLATION (TR_MODULE, TR_KEY, TR_TEXT, TR_LANGUAGE) VALUES ('frontend', 'dashboard.refreshing', 'Refreshing', 'en-GB');
INSERT INTO OKM_TRANSLATION (TR_MODULE, TR_KEY, TR_TEXT, TR_LANGUAGE) VALUES ('frontend', 'dashboard.keyword', 'Keywords', 'en-GB');
INSERT INTO OKM_TRANSLATION (TR_MODULE, TR_KEY, TR_TEXT, TR_LANGUAGE) VALUES ('frontend', 'dashboard.keyword.suggest', 'Type the keyword', 'en-GB');
INSERT INTO OKM_TRANSLATION (TR_MODULE, TR_KEY, TR_TEXT, TR_LANGUAGE) VALUES ('frontend', 'dashboard.keyword.all', 'All keywords', 'en-GB');
INSERT INTO OKM_TRANSLATION (TR_MODULE, TR_KEY, TR_TEXT, TR_LANGUAGE) VALUES ('frontend', 'dashboard.keyword.top', 'Top keywords', 'en-GB');
INSERT INTO OKM_TRANSLATION (TR_MODULE, TR_KEY, TR_TEXT, TR_LANGUAGE) VALUES ('frontend', 'dashboard.keyword.related', 'Related keywords', 'en-GB');
INSERT INTO OKM_TRANSLATION (TR_MODULE, TR_KEY, TR_TEXT, TR_LANGUAGE) VALUES ('frontend', 'dashboard.keyword.goto.document', 'Go to document', 'en-GB');
INSERT INTO OKM_TRANSLATION (TR_MODULE, TR_KEY, TR_TEXT, TR_LANGUAGE) VALUES ('frontend', 'dashboard.keyword.clean.keywords', 'Clean keywords', 'en-GB');
INSERT INTO OKM_TRANSLATION (TR_MODULE, TR_KEY, TR_TEXT, TR_LANGUAGE) VALUES ('frontend', 'dashboard.mail.last.imported.mails', 'Electronic mails', 'en-GB');
INSERT INTO OKM_TRANSLATION (TR_MODULE, TR_KEY, TR_TEXT, TR_LANGUAGE) VALUES ('frontend', 'dashboard.mail.last.imported.attached.documents', 'Attachments', 'en-GB');
INSERT INTO OKM_TRANSLATION (TR_MODULE, TR_KEY, TR_TEXT, TR_LANGUAGE) VALUES ('frontend', 'workflow.label', 'Start workflow', 'en-GB');
INSERT INTO OKM_TRANSLATION (TR_MODULE, TR_KEY, TR_TEXT, TR_LANGUAGE) VALUES ('frontend', 'user.preferences.label', 'User configuration', 'en-GB');
INSERT INTO OKM_TRANSLATION (TR_MODULE, TR_KEY, TR_TEXT, TR_LANGUAGE) VALUES ('frontend', 'user.preferences.user', 'User', 'en-GB');
INSERT INTO OKM_TRANSLATION (TR_MODULE, TR_KEY, TR_TEXT, TR_LANGUAGE) VALUES ('frontend', 'user.preferences.password', 'Password', 'en-GB');
INSERT INTO OKM_TRANSLATION (TR_MODULE, TR_KEY, TR_TEXT, TR_LANGUAGE) VALUES ('frontend', 'user.preferences.mail', 'E-mail', 'en-GB');
INSERT INTO OKM_TRANSLATION (TR_MODULE, TR_KEY, TR_TEXT, TR_LANGUAGE) VALUES ('frontend', 'user.preferences.roles', 'Roles', 'en-GB');
INSERT INTO OKM_TRANSLATION (TR_MODULE, TR_KEY, TR_TEXT, TR_LANGUAGE) VALUES ('frontend', 'user.preferences.imap.host', 'IMAP server', 'en-GB');
INSERT INTO OKM_TRANSLATION (TR_MODULE, TR_KEY, TR_TEXT, TR_LANGUAGE) VALUES ('frontend', 'user.preferences.imap.user', 'IMAP user name', 'en-GB');
INSERT INTO OKM_TRANSLATION (TR_MODULE, TR_KEY, TR_TEXT, TR_LANGUAGE) VALUES ('frontend', 'user.preferences.imap.user.password', 'IMAP user password', 'en-GB');
INSERT INTO OKM_TRANSLATION (TR_MODULE, TR_KEY, TR_TEXT, TR_LANGUAGE) VALUES ('frontend', 'user.preferences.imap.folder', 'IMAP folder', 'en-GB');
INSERT INTO OKM_TRANSLATION (TR_MODULE, TR_KEY, TR_TEXT, TR_LANGUAGE) VALUES ('frontend', 'user.preferences.password.error', 'Error: passwords are diferent', 'en-GB');
INSERT INTO OKM_TRANSLATION (TR_MODULE, TR_KEY, TR_TEXT, TR_LANGUAGE) VALUES ('frontend', 'user.preferences.user.data', 'User account', 'en-GB');
INSERT INTO OKM_TRANSLATION (TR_MODULE, TR_KEY, TR_TEXT, TR_LANGUAGE) VALUES ('frontend', 'user.preferences.mail.data', 'Mail account', 'en-GB');
INSERT INTO OKM_TRANSLATION (TR_MODULE, TR_KEY, TR_TEXT, TR_LANGUAGE) VALUES ('frontend', 'user.preferences.imap.error', 'All fields are obligatory to set the mail configurations', 'en-GB');
INSERT INTO OKM_TRANSLATION (TR_MODULE, TR_KEY, TR_TEXT, TR_LANGUAGE) VALUES ('frontend', 'user.preferences.imap.password.error.void', 'Password must not be empty on IMAP mail creation', 'en-GB');
INSERT INTO OKM_TRANSLATION (TR_MODULE, TR_KEY, TR_TEXT, TR_LANGUAGE) VALUES ('frontend', 'user.preferences.imap.test.error', 'IMAP configuration error', 'en-GB');
INSERT INTO OKM_TRANSLATION (TR_MODULE, TR_KEY, TR_TEXT, TR_LANGUAGE) VALUES ('frontend', 'user.preferences.imap.test.ok', 'IMAP configuration ok', 'en-GB');
INSERT INTO OKM_TRANSLATION (TR_MODULE, TR_KEY, TR_TEXT, TR_LANGUAGE) VALUES ('frontend', 'thesaurus.directory.select.label', 'Add thesaurus keyword', 'en-GB');
INSERT INTO OKM_TRANSLATION (TR_MODULE, TR_KEY, TR_TEXT, TR_LANGUAGE) VALUES ('frontend', 'thesaurus.tab.tree', 'Tree', 'en-GB');
INSERT INTO OKM_TRANSLATION (TR_MODULE, TR_KEY, TR_TEXT, TR_LANGUAGE) VALUES ('frontend', 'thesaurus.tab.keywords', 'Keywords', 'en-GB');
INSERT INTO OKM_TRANSLATION (TR_MODULE, TR_KEY, TR_TEXT, TR_LANGUAGE) VALUES ('frontend', 'categories.folder.select.label', 'Add category', 'en-GB');
INSERT INTO OKM_TRANSLATION (TR_MODULE, TR_KEY, TR_TEXT, TR_LANGUAGE) VALUES ('frontend', 'categories.folder.error.delete', 'Cannot delete category with documents', 'en-GB');
INSERT INTO OKM_TRANSLATION (TR_MODULE, TR_KEY, TR_TEXT, TR_LANGUAGE) VALUES ('frontend', 'wizard.document.uploading', 'Document wizard', 'en-GB');
INSERT INTO OKM_TRANSLATION (TR_MODULE, TR_KEY, TR_TEXT, TR_LANGUAGE) VALUES ('frontend', 'user.info.chat.connect', 'Connect to chat', 'en-GB');
INSERT INTO OKM_TRANSLATION (TR_MODULE, TR_KEY, TR_TEXT, TR_LANGUAGE) VALUES ('frontend', 'user.info.chat.disconnect', 'Disconnet chat', 'en-GB');
INSERT INTO OKM_TRANSLATION (TR_MODULE, TR_KEY, TR_TEXT, TR_LANGUAGE) VALUES ('frontend', 'user.info.chat.new.room', 'Net chat room', 'en-GB');
INSERT INTO OKM_TRANSLATION (TR_MODULE, TR_KEY, TR_TEXT, TR_LANGUAGE) VALUES ('frontend', 'user.info.locked.actual', 'Locked documents', 'en-GB');
INSERT INTO OKM_TRANSLATION (TR_MODULE, TR_KEY, TR_TEXT, TR_LANGUAGE) VALUES ('frontend', 'user.info.checkout.actual', 'Checkout documents', 'en-GB');
INSERT INTO OKM_TRANSLATION (TR_MODULE, TR_KEY, TR_TEXT, TR_LANGUAGE) VALUES ('frontend', 'user.info.subscription.actual', 'Actual subscriptions', 'en-GB');
INSERT INTO OKM_TRANSLATION (TR_MODULE, TR_KEY, TR_TEXT, TR_LANGUAGE) VALUES ('frontend', 'user.info.news.new', 'News', 'en-GB');
INSERT INTO OKM_TRANSLATION (TR_MODULE, TR_KEY, TR_TEXT, TR_LANGUAGE) VALUES ('frontend', 'user.info.workflow.pending', 'Pending workflows', 'en-GB');
INSERT INTO OKM_TRANSLATION (TR_MODULE, TR_KEY, TR_TEXT, TR_LANGUAGE) VALUES ('frontend', 'user.info.user.quota', 'Used quota', 'en-GB');
INSERT INTO OKM_TRANSLATION (TR_MODULE, TR_KEY, TR_TEXT, TR_LANGUAGE) VALUES ('frontend', 'user.online', 'Users online', 'en-GB');
INSERT INTO OKM_TRANSLATION (TR_MODULE, TR_KEY, TR_TEXT, TR_LANGUAGE) VALUES ('frontend', 'chat.room', 'Chat', 'en-GB');
INSERT INTO OKM_TRANSLATION (TR_MODULE, TR_KEY, TR_TEXT, TR_LANGUAGE) VALUES ('frontend', 'chat.users.in.room', 'Users', 'en-GB');
INSERT INTO OKM_TRANSLATION (TR_MODULE, TR_KEY, TR_TEXT, TR_LANGUAGE) VALUES ('frontend', 'OKM-017009', 'Document access denied', 'en-GB');
INSERT INTO OKM_TRANSLATION (TR_MODULE, TR_KEY, TR_TEXT, TR_LANGUAGE) VALUES ('frontend', 'OKM-017004', 'Lock denied', 'en-GB');
INSERT INTO OKM_TRANSLATION (TR_MODULE, TR_KEY, TR_TEXT, TR_LANGUAGE) VALUES ('frontend', 'OKM-017001', 'Repository internal error', 'en-GB');
INSERT INTO OKM_TRANSLATION (TR_MODULE, TR_KEY, TR_TEXT, TR_LANGUAGE) VALUES ('frontend', 'OKM-017015', 'Document path not found', 'en-GB');
INSERT INTO OKM_TRANSLATION (TR_MODULE, TR_KEY, TR_TEXT, TR_LANGUAGE) VALUES ('frontend', 'OKM-017016', 'Version error', 'en-GB');
INSERT INTO OKM_TRANSLATION (TR_MODULE, TR_KEY, TR_TEXT, TR_LANGUAGE) VALUES ('frontend', 'OKM-002009', 'Document access denied', 'en-GB');
INSERT INTO OKM_TRANSLATION (TR_MODULE, TR_KEY, TR_TEXT, TR_LANGUAGE) VALUES ('frontend', 'OKM-002002', 'Document not found', 'en-GB');
INSERT INTO OKM_TRANSLATION (TR_MODULE, TR_KEY, TR_TEXT, TR_LANGUAGE) VALUES ('frontend', 'OKM-002003', 'Document already exists', 'en-GB');
INSERT INTO OKM_TRANSLATION (TR_MODULE, TR_KEY, TR_TEXT, TR_LANGUAGE) VALUES ('frontend', 'OKM-002004', 'Lock denied', 'en-GB');
INSERT INTO OKM_TRANSLATION (TR_MODULE, TR_KEY, TR_TEXT, TR_LANGUAGE) VALUES ('frontend', 'OKM-002004', 'Document unlock desired', 'en-GB');
INSERT INTO OKM_TRANSLATION (TR_MODULE, TR_KEY, TR_TEXT, TR_LANGUAGE) VALUES ('frontend', 'OKM-002001', 'Repository internal error', 'en-GB');
INSERT INTO OKM_TRANSLATION (TR_MODULE, TR_KEY, TR_TEXT, TR_LANGUAGE) VALUES ('frontend', 'OKM-002006', 'Application internal error', 'en-GB');
INSERT INTO OKM_TRANSLATION (TR_MODULE, TR_KEY, TR_TEXT, TR_LANGUAGE) VALUES ('frontend', 'OKM-002015', 'Document path not found', 'en-GB');
INSERT INTO OKM_TRANSLATION (TR_MODULE, TR_KEY, TR_TEXT, TR_LANGUAGE) VALUES ('frontend', 'OKM-002024', 'Database error', 'en-GB');
INSERT INTO OKM_TRANSLATION (TR_MODULE, TR_KEY, TR_TEXT, TR_LANGUAGE) VALUES ('frontend', 'OKM-001009', 'Folder access denied', 'en-GB');
INSERT INTO OKM_TRANSLATION (TR_MODULE, TR_KEY, TR_TEXT, TR_LANGUAGE) VALUES ('frontend', 'OKM-001002', 'Folder not found', 'en-GB');
INSERT INTO OKM_TRANSLATION (TR_MODULE, TR_KEY, TR_TEXT, TR_LANGUAGE) VALUES ('frontend', 'OKM-001003', 'Folder already exists', 'en-GB');
INSERT INTO OKM_TRANSLATION (TR_MODULE, TR_KEY, TR_TEXT, TR_LANGUAGE) VALUES ('frontend', 'OKM-001001', 'Repository internal error', 'en-GB');
INSERT INTO OKM_TRANSLATION (TR_MODULE, TR_KEY, TR_TEXT, TR_LANGUAGE) VALUES ('frontend', 'OKM-001006', 'Repository internal error', 'en-GB');
INSERT INTO OKM_TRANSLATION (TR_MODULE, TR_KEY, TR_TEXT, TR_LANGUAGE) VALUES ('frontend', 'OKM-001015', 'Folder path not found', 'en-GB');
INSERT INTO OKM_TRANSLATION (TR_MODULE, TR_KEY, TR_TEXT, TR_LANGUAGE) VALUES ('frontend', 'OKM-001024', 'Database error', 'en-GB');
INSERT INTO OKM_TRANSLATION (TR_MODULE, TR_KEY, TR_TEXT, TR_LANGUAGE) VALUES ('frontend', 'OKM-007009', 'Item access denied', 'en-GB');
INSERT INTO OKM_TRANSLATION (TR_MODULE, TR_KEY, TR_TEXT, TR_LANGUAGE) VALUES ('frontend', 'OKM-007002', 'Item not found', 'en-GB');
INSERT INTO OKM_TRANSLATION (TR_MODULE, TR_KEY, TR_TEXT, TR_LANGUAGE) VALUES ('frontend', 'OKM-007001', 'Repository internal error', 'en-GB');
INSERT INTO OKM_TRANSLATION (TR_MODULE, TR_KEY, TR_TEXT, TR_LANGUAGE) VALUES ('frontend', 'OKM-007006', 'Repository internal error', 'en-GB');
INSERT INTO OKM_TRANSLATION (TR_MODULE, TR_KEY, TR_TEXT, TR_LANGUAGE) VALUES ('frontend', 'OKM-007024', 'Database error', 'en-GB');
INSERT INTO OKM_TRANSLATION (TR_MODULE, TR_KEY, TR_TEXT, TR_LANGUAGE) VALUES ('frontend', 'OKM-009002', 'Document not found', 'en-GB');
INSERT INTO OKM_TRANSLATION (TR_MODULE, TR_KEY, TR_TEXT, TR_LANGUAGE) VALUES ('frontend', 'OKM-009006', 'Repository internal error', 'en-GB');
INSERT INTO OKM_TRANSLATION (TR_MODULE, TR_KEY, TR_TEXT, TR_LANGUAGE) VALUES ('frontend', 'OKM-005010', 'Unsupported file format', 'en-GB');
INSERT INTO OKM_TRANSLATION (TR_MODULE, TR_KEY, TR_TEXT, TR_LANGUAGE) VALUES ('frontend', 'OKM-005003', 'Document already exists', 'en-GB');
INSERT INTO OKM_TRANSLATION (TR_MODULE, TR_KEY, TR_TEXT, TR_LANGUAGE) VALUES ('frontend', 'OKM-005011', 'Document size exceeded', 'en-GB');
INSERT INTO OKM_TRANSLATION (TR_MODULE, TR_KEY, TR_TEXT, TR_LANGUAGE) VALUES ('frontend', 'OKM-005027', 'Document name is diferent', 'en-GB');
INSERT INTO OKM_TRANSLATION (TR_MODULE, TR_KEY, TR_TEXT, TR_LANGUAGE) VALUES ('frontend', 'OKM-004001', 'Session closed', 'en-GB');
INSERT INTO OKM_TRANSLATION (TR_MODULE, TR_KEY, TR_TEXT, TR_LANGUAGE) VALUES ('frontend', 'OKM-004024', 'Database error', 'en-GB');
INSERT INTO OKM_TRANSLATION (TR_MODULE, TR_KEY, TR_TEXT, TR_LANGUAGE) VALUES ('frontend', 'OKM-008001', 'Generic error executing query', 'en-GB');
INSERT INTO OKM_TRANSLATION (TR_MODULE, TR_KEY, TR_TEXT, TR_LANGUAGE) VALUES ('frontend', 'OKM-008003', 'The stored search name must be unique', 'en-GB');
INSERT INTO OKM_TRANSLATION (TR_MODULE, TR_KEY, TR_TEXT, TR_LANGUAGE) VALUES ('frontend', 'OKM-008024', 'Database error', 'en-GB');
INSERT INTO OKM_TRANSLATION (TR_MODULE, TR_KEY, TR_TEXT, TR_LANGUAGE) VALUES ('frontend', 'OKM-011003', 'The bookmark name must be unique', 'en-GB');
INSERT INTO OKM_TRANSLATION (TR_MODULE, TR_KEY, TR_TEXT, TR_LANGUAGE) VALUES ('frontend', 'OKM-003017', 'Session lost', 'en-GB');
INSERT INTO OKM_TRANSLATION (TR_MODULE, TR_KEY, TR_TEXT, TR_LANGUAGE) VALUES ('frontend', 'OKM-013001', 'Repository internal error', 'en-GB');
INSERT INTO OKM_TRANSLATION (TR_MODULE, TR_KEY, TR_TEXT, TR_LANGUAGE) VALUES ('frontend', 'OKM-013024', 'Database error', 'en-GB');
INSERT INTO OKM_TRANSLATION (TR_MODULE, TR_KEY, TR_TEXT, TR_LANGUAGE) VALUES ('frontend', 'OKM-014001', 'Repository internal error', 'en-GB');
INSERT INTO OKM_TRANSLATION (TR_MODULE, TR_KEY, TR_TEXT, TR_LANGUAGE) VALUES ('frontend', 'OKM-014013', 'Error on I/O', 'en-GB');
INSERT INTO OKM_TRANSLATION (TR_MODULE, TR_KEY, TR_TEXT, TR_LANGUAGE) VALUES ('frontend', 'OKM-015001', 'Repository internal error', 'en-GB');
INSERT INTO OKM_TRANSLATION (TR_MODULE, TR_KEY, TR_TEXT, TR_LANGUAGE) VALUES ('frontend', 'OKM-015024', 'Database error', 'en-GB');
INSERT INTO OKM_TRANSLATION (TR_MODULE, TR_KEY, TR_TEXT, TR_LANGUAGE) VALUES ('frontend', 'OKM-018022', 'Error in browser configuration', 'en-GB');
INSERT INTO OKM_TRANSLATION (TR_MODULE, TR_KEY, TR_TEXT, TR_LANGUAGE) VALUES ('frontend', 'OKM-018023', 'Error user quota exceed,  contact with adminitrator', 'en-GB');
INSERT INTO OKM_TRANSLATION (TR_MODULE, TR_KEY, TR_TEXT, TR_LANGUAGE) VALUES ('frontend', 'OKM-016009', 'Document access denied', 'en-GB');
INSERT INTO OKM_TRANSLATION (TR_MODULE, TR_KEY, TR_TEXT, TR_LANGUAGE) VALUES ('frontend', 'OKM-016002', 'Document not found', 'en-GB');
INSERT INTO OKM_TRANSLATION (TR_MODULE, TR_KEY, TR_TEXT, TR_LANGUAGE) VALUES ('frontend', 'OKM-016003', 'Document already exists', 'en-GB');
INSERT INTO OKM_TRANSLATION (TR_MODULE, TR_KEY, TR_TEXT, TR_LANGUAGE) VALUES ('frontend', 'OKM-016004 ', 'Lock denied', 'en-GB');
INSERT INTO OKM_TRANSLATION (TR_MODULE, TR_KEY, TR_TEXT, TR_LANGUAGE) VALUES ('frontend', 'OKM-016001', 'Repository internal error', 'en-GB');
INSERT INTO OKM_TRANSLATION (TR_MODULE, TR_KEY, TR_TEXT, TR_LANGUAGE) VALUES ('frontend', 'OKM-016006', 'Application internal error', 'en-GB');
INSERT INTO OKM_TRANSLATION (TR_MODULE, TR_KEY, TR_TEXT, TR_LANGUAGE) VALUES ('frontend', 'OKM-016015', 'Document path not found', 'en-GB');
INSERT INTO OKM_TRANSLATION (TR_MODULE, TR_KEY, TR_TEXT, TR_LANGUAGE) VALUES ('frontend', 'OKM-016024', 'Database error', 'en-GB');
INSERT INTO OKM_TRANSLATION (TR_MODULE, TR_KEY, TR_TEXT, TR_LANGUAGE) VALUES ('frontend', 'OKM-010015', 'Path not found', 'en-GB');
INSERT INTO OKM_TRANSLATION (TR_MODULE, TR_KEY, TR_TEXT, TR_LANGUAGE) VALUES ('frontend', 'OKM-010009', 'Access denied', 'en-GB');
INSERT INTO OKM_TRANSLATION (TR_MODULE, TR_KEY, TR_TEXT, TR_LANGUAGE) VALUES ('frontend', 'OKM-010001', 'Repository internal error', 'en-GB');
INSERT INTO OKM_TRANSLATION (TR_MODULE, TR_KEY, TR_TEXT, TR_LANGUAGE) VALUES ('frontend', 'OKM-010024', 'Database error', 'en-GB');
INSERT INTO OKM_TRANSLATION (TR_MODULE, TR_KEY, TR_TEXT, TR_LANGUAGE) VALUES ('frontend', 'OKM-010006', 'Application internal error', 'en-GB');
INSERT INTO OKM_TRANSLATION (TR_MODULE, TR_KEY, TR_TEXT, TR_LANGUAGE) VALUES ('frontend', 'OKM-009004', 'Locked', 'en-GB');
INSERT INTO OKM_TRANSLATION (TR_MODULE, TR_KEY, TR_TEXT, TR_LANGUAGE) VALUES ('frontend', 'OKM-009015', 'Path not exist', 'en-GB');
INSERT INTO OKM_TRANSLATION (TR_MODULE, TR_KEY, TR_TEXT, TR_LANGUAGE) VALUES ('frontend', 'OKM-009009', 'Access denied', 'en-GB');
INSERT INTO OKM_TRANSLATION (TR_MODULE, TR_KEY, TR_TEXT, TR_LANGUAGE) VALUES ('frontend', 'OKM-009001', 'Repository internal error', 'en-GB');
INSERT INTO OKM_TRANSLATION (TR_MODULE, TR_KEY, TR_TEXT, TR_LANGUAGE) VALUES ('frontend', 'OKM-009024', 'Database error', 'en-GB');
INSERT INTO OKM_TRANSLATION (TR_MODULE, TR_KEY, TR_TEXT, TR_LANGUAGE) VALUES ('frontend', 'OKM-009006', 'Application internal error', 'en-GB');
INSERT INTO OKM_TRANSLATION (TR_MODULE, TR_KEY, TR_TEXT, TR_LANGUAGE) VALUES ('frontend', 'OKM-009012', 'Group not exists', 'en-GB');
INSERT INTO OKM_TRANSLATION (TR_MODULE, TR_KEY, TR_TEXT, TR_LANGUAGE) VALUES ('frontend', 'OKM-009014', 'Property not exists', 'en-GB');
INSERT INTO OKM_TRANSLATION (TR_MODULE, TR_KEY, TR_TEXT, TR_LANGUAGE) VALUES ('frontend', 'OKM-009013', 'Error on I/O', 'en-GB');
INSERT INTO OKM_TRANSLATION (TR_MODULE, TR_KEY, TR_TEXT, TR_LANGUAGE) VALUES ('frontend', 'OKM-012001', 'Repository internal error', 'en-GB');
INSERT INTO OKM_TRANSLATION (TR_MODULE, TR_KEY, TR_TEXT, TR_LANGUAGE) VALUES ('frontend', 'OKM-012006', 'Application internal error', 'en-GB');
INSERT INTO OKM_TRANSLATION (TR_MODULE, TR_KEY, TR_TEXT, TR_LANGUAGE) VALUES ('frontend', 'OKM-012015', 'Path not exist', 'en-GB');
INSERT INTO OKM_TRANSLATION (TR_MODULE, TR_KEY, TR_TEXT, TR_LANGUAGE) VALUES ('frontend', 'OKM-012024', 'Database error', 'en-GB');
INSERT INTO OKM_TRANSLATION (TR_MODULE, TR_KEY, TR_TEXT, TR_LANGUAGE) VALUES ('frontend', 'OKM-012009', 'Access denied', 'en-GB');
INSERT INTO OKM_TRANSLATION (TR_MODULE, TR_KEY, TR_TEXT, TR_LANGUAGE) VALUES ('frontend', 'OKM-019001', 'Repository internal error', 'en-GB');
INSERT INTO OKM_TRANSLATION (TR_MODULE, TR_KEY, TR_TEXT, TR_LANGUAGE) VALUES ('frontend', 'OKM-019006', 'Application internal error', 'en-GB');
INSERT INTO OKM_TRANSLATION (TR_MODULE, TR_KEY, TR_TEXT, TR_LANGUAGE) VALUES ('frontend', 'OKM-019024', 'Database error', 'en-GB');
INSERT INTO OKM_TRANSLATION (TR_MODULE, TR_KEY, TR_TEXT, TR_LANGUAGE) VALUES ('frontend', 'OKM-023024', 'Database error', 'en-GB');
INSERT INTO OKM_TRANSLATION (TR_MODULE, TR_KEY, TR_TEXT, TR_LANGUAGE) VALUES ('frontend', 'OKM-023025', 'PrincipalAdapter error', 'en-GB');
INSERT INTO OKM_TRANSLATION (TR_MODULE, TR_KEY, TR_TEXT, TR_LANGUAGE) VALUES ('frontend', 'OKM-023001', 'Repository error', 'en-GB');
INSERT INTO OKM_TRANSLATION (TR_MODULE, TR_KEY, TR_TEXT, TR_LANGUAGE) VALUES ('frontend', 'OKM-023029', 'Error in login', 'en-GB');
INSERT INTO OKM_TRANSLATION (TR_MODULE, TR_KEY, TR_TEXT, TR_LANGUAGE) VALUES ('extension', 'messaging.label.propose', 'Propositions', 'en-GB');
INSERT INTO OKM_TRANSLATION (TR_MODULE, TR_KEY, TR_TEXT, TR_LANGUAGE) VALUES ('extension', 'dashboard.tab.messaging', 'Messaging', 'en-GB');
INSERT INTO OKM_TRANSLATION (TR_MODULE, TR_KEY, TR_TEXT, TR_LANGUAGE) VALUES ('extension', 'dasboard.messaging.get.proposed.subscriptions', 'Getting proposed subscriptions', 'en-GB');
INSERT INTO OKM_TRANSLATION (TR_MODULE, TR_KEY, TR_TEXT, TR_LANGUAGE) VALUES ('extension', 'messaging.message.date', 'Date', 'en-GB');
INSERT INTO OKM_TRANSLATION (TR_MODULE, TR_KEY, TR_TEXT, TR_LANGUAGE) VALUES ('extension', 'messaging.message.type', 'Type', 'en-GB');
INSERT INTO OKM_TRANSLATION (TR_MODULE, TR_KEY, TR_TEXT, TR_LANGUAGE) VALUES ('extension', 'messaging.message.user', 'User', 'en-GB');
INSERT INTO OKM_TRANSLATION (TR_MODULE, TR_KEY, TR_TEXT, TR_LANGUAGE) VALUES ('frontend', 'validator.password.error.min.length', 'Password error: too short', 'en-GB');
INSERT INTO OKM_TRANSLATION (TR_MODULE, TR_KEY, TR_TEXT, TR_LANGUAGE) VALUES ('frontend', 'validator.password.error.max.length', 'Password error: too long', 'en-GB');
INSERT INTO OKM_TRANSLATION (TR_MODULE, TR_KEY, TR_TEXT, TR_LANGUAGE) VALUES ('frontend', 'validator.password.error.min.lowercase', 'Password error: too few lowercase characters', 'en-GB');
INSERT INTO OKM_TRANSLATION (TR_MODULE, TR_KEY, TR_TEXT, TR_LANGUAGE) VALUES ('frontend', 'validator.password.error.max.uppercase', 'Password error: too few uppercase characters', 'en-GB');
INSERT INTO OKM_TRANSLATION (TR_MODULE, TR_KEY, TR_TEXT, TR_LANGUAGE) VALUES ('frontend', 'validator.password.error.min.digits', 'Password error: too few digits', 'en-GB');
INSERT INTO OKM_TRANSLATION (TR_MODULE, TR_KEY, TR_TEXT, TR_LANGUAGE) VALUES ('frontend', 'validator.password.error.min.special', 'Password error: too few special characters', 'en-GB');
INSERT INTO OKM_TRANSLATION (TR_MODULE, TR_KEY, TR_TEXT, TR_LANGUAGE) VALUES ('extension', 'general.date.pattern', 'dd-MM-yyyy hh:mm:ss', 'en-GB');
INSERT INTO OKM_TRANSLATION (TR_MODULE, TR_KEY, TR_TEXT, TR_LANGUAGE) VALUES ('extension', 'messaging.message.type.propose.folder', 'Folder proposed', 'en-GB');
INSERT INTO OKM_TRANSLATION (TR_MODULE, TR_KEY, TR_TEXT, TR_LANGUAGE) VALUES ('extension', 'messaging.message.type.propose.document', 'Document proposed', 'en-GB');
INSERT INTO OKM_TRANSLATION (TR_MODULE, TR_KEY, TR_TEXT, TR_LANGUAGE) VALUES ('extension', 'messaging.detail.from', 'From', 'en-GB');
INSERT INTO OKM_TRANSLATION (TR_MODULE, TR_KEY, TR_TEXT, TR_LANGUAGE) VALUES ('extension', 'messaging.detail.to', 'To', 'en-GB');
INSERT INTO OKM_TRANSLATION (TR_MODULE, TR_KEY, TR_TEXT, TR_LANGUAGE) VALUES ('extension', 'messaging.detail.type', 'Type', 'en-GB');
INSERT INTO OKM_TRANSLATION (TR_MODULE, TR_KEY, TR_TEXT, TR_LANGUAGE) VALUES ('extension', 'messaging.detail.date', 'Date', 'en-GB');
INSERT INTO OKM_TRANSLATION (TR_MODULE, TR_KEY, TR_TEXT, TR_LANGUAGE) VALUES ('extension', 'messaging.detail.document', 'Document', 'en-GB');
INSERT INTO OKM_TRANSLATION (TR_MODULE, TR_KEY, TR_TEXT, TR_LANGUAGE) VALUES ('extension', 'messaging.detail.folder', 'Folder', 'en-GB');
INSERT INTO OKM_TRANSLATION (TR_MODULE, TR_KEY, TR_TEXT, TR_LANGUAGE) VALUES ('extension', 'button.subscribe', 'Subscribe', 'en-GB');
INSERT INTO OKM_TRANSLATION (TR_MODULE, TR_KEY, TR_TEXT, TR_LANGUAGE) VALUES ('extension', 'dasboard.messaging.add.subscription', 'Adding subscription', 'en-GB');
INSERT INTO OKM_TRANSLATION (TR_MODULE, TR_KEY, TR_TEXT, TR_LANGUAGE) VALUES ('extension', 'dasboard.messaging.mark.propose.accepted', 'Mark propose as accepted', 'en-GB');
INSERT INTO OKM_TRANSLATION (TR_MODULE, TR_KEY, TR_TEXT, TR_LANGUAGE) VALUES ('extension', 'messaging.detail.subscribed', 'Subscribed', 'en-GB');
INSERT INTO OKM_TRANSLATION (TR_MODULE, TR_KEY, TR_TEXT, TR_LANGUAGE) VALUES ('extension', 'dasboard.messaging.mark.propose.seen', 'Mark propose as seen', 'en-GB');
INSERT INTO OKM_TRANSLATION (TR_MODULE, TR_KEY, TR_TEXT, TR_LANGUAGE) VALUES ('extension', 'messaging.message.delete', 'Delete', 'en-GB');
INSERT INTO OKM_TRANSLATION (TR_MODULE, TR_KEY, TR_TEXT, TR_LANGUAGE) VALUES ('extension', 'dasboard.messaging.delete.propose', 'Deleting propose', 'en-GB');
INSERT INTO OKM_TRANSLATION (TR_MODULE, TR_KEY, TR_TEXT, TR_LANGUAGE) VALUES ('extension', 'messaging.detail.subscribed', 'Subscribed', 'en-GB');
INSERT INTO OKM_TRANSLATION (TR_MODULE, TR_KEY, TR_TEXT, TR_LANGUAGE) VALUES ('extension', 'dasboard.messaging.delete.proposed.subscriptions', 'Deleting proposed subscriptions', 'en-GB');
INSERT INTO OKM_TRANSLATION (TR_MODULE, TR_KEY, TR_TEXT, TR_LANGUAGE) VALUES ('extension', 'messaging.share.query', 'Share search', 'en-GB');
INSERT INTO OKM_TRANSLATION (TR_MODULE, TR_KEY, TR_TEXT, TR_LANGUAGE) VALUES ('frontend', 'OKM-024024', 'Database error', 'en-GB');
INSERT INTO OKM_TRANSLATION (TR_MODULE, TR_KEY, TR_TEXT, TR_LANGUAGE) VALUES ('frontend', 'OKM-024025', 'PrincipalAdapter error', 'en-GB');
INSERT INTO OKM_TRANSLATION (TR_MODULE, TR_KEY, TR_TEXT, TR_LANGUAGE) VALUES ('frontend', 'propose.query.title', 'Send propose query', 'en-GB');
INSERT INTO OKM_TRANSLATION (TR_MODULE, TR_KEY, TR_TEXT, TR_LANGUAGE) VALUES ('extension', 'dasboard.messaging.get.proposed.queries', 'Getting proposed queries', 'en-GB');
INSERT INTO OKM_TRANSLATION (TR_MODULE, TR_KEY, TR_TEXT, TR_LANGUAGE) VALUES ('extension', 'messaging.message.type.propose.query', 'Query propsoted', 'en-GB');
INSERT INTO OKM_TRANSLATION (TR_MODULE, TR_KEY, TR_TEXT, TR_LANGUAGE) VALUES ('extension', 'messaging.detail.shared', 'Shared', 'en-GB');
INSERT INTO OKM_TRANSLATION (TR_MODULE, TR_KEY, TR_TEXT, TR_LANGUAGE) VALUES ('extension', 'messaging.label.share.query', 'Proposed queries', 'en-GB');
INSERT INTO OKM_TRANSLATION (TR_MODULE, TR_KEY, TR_TEXT, TR_LANGUAGE) VALUES ('extension', 'dasboard.messaging.delete.proposed.query', 'Deleting proposed query', 'en-GB');
INSERT INTO OKM_TRANSLATION (TR_MODULE, TR_KEY, TR_TEXT, TR_LANGUAGE) VALUES ('frontend', 'OKM-0024001', 'Repository error', 'en-GB');
INSERT INTO OKM_TRANSLATION (TR_MODULE, TR_KEY, TR_TEXT, TR_LANGUAGE) VALUES ('frontend', 'OKM-0024013', 'I/O error', 'en-GB');
INSERT INTO OKM_TRANSLATION (TR_MODULE, TR_KEY, TR_TEXT, TR_LANGUAGE) VALUES ('frontend', 'OKM-0024015', 'Path not found error', 'en-GB');
INSERT INTO OKM_TRANSLATION (TR_MODULE, TR_KEY, TR_TEXT, TR_LANGUAGE) VALUES ('frontend', 'OKM-0024019', 'Parse error', 'en-GB');
INSERT INTO OKM_TRANSLATION (TR_MODULE, TR_KEY, TR_TEXT, TR_LANGUAGE) VALUES ('extension', 'messaging.message.type.propose.user.query', 'Proposed user query', 'en-GB');
INSERT INTO OKM_TRANSLATION (TR_MODULE, TR_KEY, TR_TEXT, TR_LANGUAGE) VALUES ('extension', 'button.accept', 'Accept', 'en-GB');
INSERT INTO OKM_TRANSLATION (TR_MODULE, TR_KEY, TR_TEXT, TR_LANGUAGE) VALUES ('extension', 'dasboard.messaging.add.query', 'Adding query', 'en-GB');
INSERT INTO OKM_LANGUAGE (LG_ID, LG_NAME, LG_IMAGE_CONTENT, LG_IMAGE_MIME) VALUES ('es-ES', 'Espaol', 'R0lGODlhEAALANUAAPxcXPpTU/X1Jfb2K/QtLfxjY+bmAP5yc/7+dvMWFv39APz8TOwAAPMAAP39bfLyE/7+Wvv7RfdLS/pERPQzM/k8PfDyQfT1O/1ra/96evdEROxoVfU7O+UAAPg2NvENDfb2MPPzGfkAAPT0H/j4NuAAAPn5PPXDsf39U/F+V+7fTu3gjfUhIezT1Pnx1vXq4ra7nezhQvj0S9/fAPLzVfTuV+xTUfxMTPK9sMDOqOCMUeSnSuvJS90AAP0AAP8AACH5BAAAAAAALAAAAAAQAAsAAAaFwJ/w5yv6RMiGksH4ZZ6ZwwGDKRQAgYCkmQF4s7fJpOKhELYKBARSU8kiERMJNBDIDGkILbVZWeR0AiMXeAgoJxstODFzdSMhhAoOCy46Ni8qgY8PkZM5PDswFo4hDw8gMyIFY2QEBCwsCQkfHwQlql9aGhocHBRmBD1KDUzFHcclJT3LQQA7', 'image/gif');
INSERT INTO OKM_TRANSLATION (TR_MODULE, TR_KEY, TR_TEXT, TR_LANGUAGE) VALUES ('frontend', 'general.date.pattern', 'dd/MM/yyyy HH:mm:ss', 'es-ES');
INSERT INTO OKM_TRANSLATION (TR_MODULE, TR_KEY, TR_TEXT, TR_LANGUAGE) VALUES ('frontend', 'general.day.pattern', 'dd/MM/yyyy', 'es-ES');
INSERT INTO OKM_TRANSLATION (TR_MODULE, TR_KEY, TR_TEXT, TR_LANGUAGE) VALUES ('frontend', 'general.hour.pattern', 'HH:mm:ss', 'es-ES');
INSERT INTO OKM_TRANSLATION (TR_MODULE, TR_KEY, TR_TEXT, TR_LANGUAGE) VALUES ('frontend', 'startup.openkm', 'Cargando OpenKM', 'es-ES');
INSERT INTO OKM_TRANSLATION (TR_MODULE, TR_KEY, TR_TEXT, TR_LANGUAGE) VALUES ('frontend', 'startup.starting.loading', 'Comenzando la carga de OpenKM', 'es-ES');
INSERT INTO OKM_TRANSLATION (TR_MODULE, TR_KEY, TR_TEXT, TR_LANGUAGE) VALUES ('frontend', 'startup.taxonomy', 'Obteniendo el nodo principal de la taxonoma', 'es-ES');
INSERT INTO OKM_TRANSLATION (TR_MODULE, TR_KEY, TR_TEXT, TR_LANGUAGE) VALUES ('frontend', 'startup.categories', 'Obteniendo el nodo principal de las categoras', 'es-ES');
INSERT INTO OKM_TRANSLATION (TR_MODULE, TR_KEY, TR_TEXT, TR_LANGUAGE) VALUES ('frontend', 'startup.thesaurus', 'Obteniendo el nodo principal del thesausus', 'es-ES');
INSERT INTO OKM_TRANSLATION (TR_MODULE, TR_KEY, TR_TEXT, TR_LANGUAGE) VALUES ('frontend', 'startup.template', 'Obteniendo el nodo principal de las plantillas', 'es-ES');
INSERT INTO OKM_TRANSLATION (TR_MODULE, TR_KEY, TR_TEXT, TR_LANGUAGE) VALUES ('frontend', 'startup.personal', 'Obteniendo el nodo principal de personal', 'es-ES');
INSERT INTO OKM_TRANSLATION (TR_MODULE, TR_KEY, TR_TEXT, TR_LANGUAGE) VALUES ('frontend', 'startup.mail', 'Obteniendo el nodo principal de mail', 'es-ES');
INSERT INTO OKM_TRANSLATION (TR_MODULE, TR_KEY, TR_TEXT, TR_LANGUAGE) VALUES ('frontend', 'startup.trash', 'Oteniendo el nodo principal de la papelera', 'es-ES');
INSERT INTO OKM_TRANSLATION (TR_MODULE, TR_KEY, TR_TEXT, TR_LANGUAGE) VALUES ('frontend', 'startup.user.home', 'Obteniendo el inicio de usuarios', 'es-ES');
INSERT INTO OKM_TRANSLATION (TR_MODULE, TR_KEY, TR_TEXT, TR_LANGUAGE) VALUES ('frontend', 'startup.bookmarks', 'Obteniendo marcadores', 'es-ES');
INSERT INTO OKM_TRANSLATION (TR_MODULE, TR_KEY, TR_TEXT, TR_LANGUAGE) VALUES ('frontend', 'startup.loading.taxonomy', 'Cargando taxonoma', 'es-ES');
INSERT INTO OKM_TRANSLATION (TR_MODULE, TR_KEY, TR_TEXT, TR_LANGUAGE) VALUES ('frontend', 'startup.loading.taxonomy.getting.folders', 'Cargando taxonoma - obteniendo carpetas', 'es-ES');
INSERT INTO OKM_TRANSLATION (TR_MODULE, TR_KEY, TR_TEXT, TR_LANGUAGE) VALUES ('frontend', 'startup.loading.taxonomy.eval.params', 'Cargando taxonoma - evaluando parmetros', 'es-ES');
INSERT INTO OKM_TRANSLATION (TR_MODULE, TR_KEY, TR_TEXT, TR_LANGUAGE) VALUES ('frontend', 'startup.loading.taxonomy.open.path', 'Cargando taxonoma - abriendo la ruta', 'es-ES');
INSERT INTO OKM_TRANSLATION (TR_MODULE, TR_KEY, TR_TEXT, TR_LANGUAGE) VALUES ('frontend', 'startup.loading.taxonomy.getting.filebrowser.folders', 'Cargando taxonoma - obteniendo carpetas', 'es-ES');
INSERT INTO OKM_TRANSLATION (TR_MODULE, TR_KEY, TR_TEXT, TR_LANGUAGE) VALUES ('frontend', 'startup.loading.taxonomy.getting.filebrowser.documents', 'Cargando taxonoma - obteniendo documentos', 'es-ES');
INSERT INTO OKM_TRANSLATION (TR_MODULE, TR_KEY, TR_TEXT, TR_LANGUAGE) VALUES ('frontend', 'startup.loading.taxonomy.getting.filebrowser.mails', 'Cargando taxonoma - obteniendo correos electrnicos', 'es-ES');
INSERT INTO OKM_TRANSLATION (TR_MODULE, TR_KEY, TR_TEXT, TR_LANGUAGE) VALUES ('frontend', 'startup.loading.personal', 'Cargando personales', 'es-ES');
INSERT INTO OKM_TRANSLATION (TR_MODULE, TR_KEY, TR_TEXT, TR_LANGUAGE) VALUES ('frontend', 'startup.loading.mail', 'Cargando correos', 'es-ES');
INSERT INTO OKM_TRANSLATION (TR_MODULE, TR_KEY, TR_TEXT, TR_LANGUAGE) VALUES ('frontend', 'startup.loading.categories', 'Cargando categoras', 'es-ES');
INSERT INTO OKM_TRANSLATION (TR_MODULE, TR_KEY, TR_TEXT, TR_LANGUAGE) VALUES ('frontend', 'startup.loading.thesaurus', 'Cargando thesaurus', 'es-ES');
INSERT INTO OKM_TRANSLATION (TR_MODULE, TR_KEY, TR_TEXT, TR_LANGUAGE) VALUES ('frontend', 'startup.loading.templates', 'Cargando plantillas', 'es-ES');
INSERT INTO OKM_TRANSLATION (TR_MODULE, TR_KEY, TR_TEXT, TR_LANGUAGE) VALUES ('frontend', 'startup.loading.trash', 'Cargando papelera', 'es-ES');
INSERT INTO OKM_TRANSLATION (TR_MODULE, TR_KEY, TR_TEXT, TR_LANGUAGE) VALUES ('frontend', 'startup.loading.history.search', 'Cargando histrico de bsquedas', 'es-ES');
INSERT INTO OKM_TRANSLATION (TR_MODULE, TR_KEY, TR_TEXT, TR_LANGUAGE) VALUES ('extension', 'messaging.detail.query', 'Query', 'en-GB');
INSERT INTO OKM_TRANSLATION (TR_MODULE, TR_KEY, TR_TEXT, TR_LANGUAGE) VALUES ('frontend', 'startup.loading.user.values', 'Cargando datos del usuario', 'es-ES');
INSERT INTO OKM_TRANSLATION (TR_MODULE, TR_KEY, TR_TEXT, TR_LANGUAGE) VALUES ('frontend', 'startup.keep.alive', 'Cargando keep alive', 'es-ES');
INSERT INTO OKM_TRANSLATION (TR_MODULE, TR_KEY, TR_TEXT, TR_LANGUAGE) VALUES ('frontend', 'propose.subscription.title', 'Proponer una subscripcin', 'es-ES');
INSERT INTO OKM_TRANSLATION (TR_MODULE, TR_KEY, TR_TEXT, TR_LANGUAGE) VALUES ('frontend', 'openkm.update.available', 'Actualizacin disponible de OpenKM', 'es-ES');
INSERT INTO OKM_TRANSLATION (TR_MODULE, TR_KEY, TR_TEXT, TR_LANGUAGE) VALUES ('frontend', 'leftpanel.label.taxonomy', 'Taxonoma', 'es-ES');
INSERT INTO OKM_TRANSLATION (TR_MODULE, TR_KEY, TR_TEXT, TR_LANGUAGE) VALUES ('frontend', 'leftpanel.label.trash', 'Papelera', 'es-ES');
INSERT INTO OKM_TRANSLATION (TR_MODULE, TR_KEY, TR_TEXT, TR_LANGUAGE) VALUES ('frontend', 'leftpanel.label.mail', 'Correo electrnico', 'es-ES');
INSERT INTO OKM_TRANSLATION (TR_MODULE, TR_KEY, TR_TEXT, TR_LANGUAGE) VALUES ('frontend', 'leftpanel.label.stored.search', 'Bsquedas almacenadas', 'es-ES');
INSERT INTO OKM_TRANSLATION (TR_MODULE, TR_KEY, TR_TEXT, TR_LANGUAGE) VALUES ('frontend', 'leftpanel.label.categories', 'Categoras', 'es-ES');
INSERT INTO OKM_TRANSLATION (TR_MODULE, TR_KEY, TR_TEXT, TR_LANGUAGE) VALUES ('frontend', 'leftpanel.label.thesaurus', 'Thesaurus', 'es-ES');
INSERT INTO OKM_TRANSLATION (TR_MODULE, TR_KEY, TR_TEXT, TR_LANGUAGE) VALUES ('frontend', 'leftpanel.label.templates', 'Plantillas', 'es-ES');
INSERT INTO OKM_TRANSLATION (TR_MODULE, TR_KEY, TR_TEXT, TR_LANGUAGE) VALUES ('frontend', 'leftpanel.label.my.documents', 'Documentos personales', 'es-ES');
INSERT INTO OKM_TRANSLATION (TR_MODULE, TR_KEY, TR_TEXT, TR_LANGUAGE) VALUES ('frontend', 'leftpanel.label.user.search', 'Novedades de usuario', 'es-ES');
INSERT INTO OKM_TRANSLATION (TR_MODULE, TR_KEY, TR_TEXT, TR_LANGUAGE) VALUES ('frontend', 'leftpanel.label.all.repository', 'En todo el repositorio', 'es-ES');
INSERT INTO OKM_TRANSLATION (TR_MODULE, TR_KEY, TR_TEXT, TR_LANGUAGE) VALUES ('frontend', 'tree.menu.directory.create', 'Crear carpeta', 'es-ES');
INSERT INTO OKM_TRANSLATION (TR_MODULE, TR_KEY, TR_TEXT, TR_LANGUAGE) VALUES ('frontend', 'tree.menu.directory.remove', 'Eliminar', 'es-ES');
INSERT INTO OKM_TRANSLATION (TR_MODULE, TR_KEY, TR_TEXT, TR_LANGUAGE) VALUES ('frontend', 'tree.menu.directory.rename', 'Renombrar', 'es-ES');
INSERT INTO OKM_TRANSLATION (TR_MODULE, TR_KEY, TR_TEXT, TR_LANGUAGE) VALUES ('frontend', 'tree.menu.directory.refresh', 'Refrescar', 'es-ES');
INSERT INTO OKM_TRANSLATION (TR_MODULE, TR_KEY, TR_TEXT, TR_LANGUAGE) VALUES ('frontend', 'tree.menu.directory.move', 'Mover', 'es-ES');
INSERT INTO OKM_TRANSLATION (TR_MODULE, TR_KEY, TR_TEXT, TR_LANGUAGE) VALUES ('frontend', 'tree.menu.directory.copy', 'Copiar', 'es-ES');
INSERT INTO OKM_TRANSLATION (TR_MODULE, TR_KEY, TR_TEXT, TR_LANGUAGE) VALUES ('frontend', 'tree.menu.directory.add.document', 'Aadir documento', 'es-ES');
INSERT INTO OKM_TRANSLATION (TR_MODULE, TR_KEY, TR_TEXT, TR_LANGUAGE) VALUES ('frontend', 'tree.menu.add.bookmark', 'Aadir marcador', 'es-ES');
INSERT INTO OKM_TRANSLATION (TR_MODULE, TR_KEY, TR_TEXT, TR_LANGUAGE) VALUES ('frontend', 'tree.menu.set.home', 'Establecer inicio', 'es-ES');
INSERT INTO OKM_TRANSLATION (TR_MODULE, TR_KEY, TR_TEXT, TR_LANGUAGE) VALUES ('frontend', 'tree.menu.export', 'Exportar a fichero', 'es-ES');
INSERT INTO OKM_TRANSLATION (TR_MODULE, TR_KEY, TR_TEXT, TR_LANGUAGE) VALUES ('frontend', 'tree.status.refresh.folder', 'Actualizando rbol de carpetas', 'es-ES');
INSERT INTO OKM_TRANSLATION (TR_MODULE, TR_KEY, TR_TEXT, TR_LANGUAGE) VALUES ('frontend', 'tree.status.refresh.create', 'Creando carpeta', 'es-ES');
INSERT INTO OKM_TRANSLATION (TR_MODULE, TR_KEY, TR_TEXT, TR_LANGUAGE) VALUES ('frontend', 'tree.status.refresh.delete', 'Eliminando carpeta', 'es-ES');
INSERT INTO OKM_TRANSLATION (TR_MODULE, TR_KEY, TR_TEXT, TR_LANGUAGE) VALUES ('frontend', 'tree.status.refresh.rename', 'Renombrando carpeta', 'es-ES');
INSERT INTO OKM_TRANSLATION (TR_MODULE, TR_KEY, TR_TEXT, TR_LANGUAGE) VALUES ('frontend', 'tree.status.refresh.restore', 'Restaurando carpeta', 'es-ES');
INSERT INTO OKM_TRANSLATION (TR_MODULE, TR_KEY, TR_TEXT, TR_LANGUAGE) VALUES ('frontend', 'tree.status.refresh.purge', 'Eliminando carpeta', 'es-ES');
INSERT INTO OKM_TRANSLATION (TR_MODULE, TR_KEY, TR_TEXT, TR_LANGUAGE) VALUES ('frontend', 'tree.status.refresh.get', 'Actualizando carpeta', 'es-ES');
INSERT INTO OKM_TRANSLATION (TR_MODULE, TR_KEY, TR_TEXT, TR_LANGUAGE) VALUES ('frontend', 'tree.folder.new', 'Nueva carpeta', 'es-ES');
INSERT INTO OKM_TRANSLATION (TR_MODULE, TR_KEY, TR_TEXT, TR_LANGUAGE) VALUES ('frontend', 'tree.status.refresh.add.subscription', 'Estableciendo suscripcin', 'es-ES');
INSERT INTO OKM_TRANSLATION (TR_MODULE, TR_KEY, TR_TEXT, TR_LANGUAGE) VALUES ('frontend', 'tree.status.refresh.remove.subscription', 'Eliminando suscripcin', 'es-ES');
INSERT INTO OKM_TRANSLATION (TR_MODULE, TR_KEY, TR_TEXT, TR_LANGUAGE) VALUES ('frontend', 'tree.status.refresh.get.root', 'Refrescando carpeta inicial', 'es-ES');
INSERT INTO OKM_TRANSLATION (TR_MODULE, TR_KEY, TR_TEXT, TR_LANGUAGE) VALUES ('frontend', 'tree.status.refresh.get.keywords', 'Refrescando palabras clave', 'es-ES');
INSERT INTO OKM_TRANSLATION (TR_MODULE, TR_KEY, TR_TEXT, TR_LANGUAGE) VALUES ('frontend', 'tree.status.refresh.get.user.home', 'Obteniendo inicio del usuario', 'es-ES');
INSERT INTO OKM_TRANSLATION (TR_MODULE, TR_KEY, TR_TEXT, TR_LANGUAGE) VALUES ('frontend', 'tree.status.refresh.purge.trash', 'Vaciando papelera', 'es-ES');
INSERT INTO OKM_TRANSLATION (TR_MODULE, TR_KEY, TR_TEXT, TR_LANGUAGE) VALUES ('frontend', 'tree.menu.directory.find.folder', 'Buscar carpeta', 'es-ES');
INSERT INTO OKM_TRANSLATION (TR_MODULE, TR_KEY, TR_TEXT, TR_LANGUAGE) VALUES ('frontend', 'trash.menu.directory.restore', 'Restaurar', 'es-ES');
INSERT INTO OKM_TRANSLATION (TR_MODULE, TR_KEY, TR_TEXT, TR_LANGUAGE) VALUES ('frontend', 'trash.menu.directory.purge', 'Eliminar', 'es-ES');
INSERT INTO OKM_TRANSLATION (TR_MODULE, TR_KEY, TR_TEXT, TR_LANGUAGE) VALUES ('frontend', 'trash.menu.directory.purge.trash', 'Vaciar papelera', 'es-ES');
INSERT INTO OKM_TRANSLATION (TR_MODULE, TR_KEY, TR_TEXT, TR_LANGUAGE) VALUES ('frontend', 'trash.directory.select.label', 'Seleccionar capeta de destino', 'es-ES');
INSERT INTO OKM_TRANSLATION (TR_MODULE, TR_KEY, TR_TEXT, TR_LANGUAGE) VALUES ('frontend', 'general.menu.file', 'Archivo', 'es-ES');
INSERT INTO OKM_TRANSLATION (TR_MODULE, TR_KEY, TR_TEXT, TR_LANGUAGE) VALUES ('frontend', 'general.menu.file.exit', 'Salir', 'es-ES');
INSERT INTO OKM_TRANSLATION (TR_MODULE, TR_KEY, TR_TEXT, TR_LANGUAGE) VALUES ('frontend', 'general.menu.file.purge.trash', 'Vaciar papelera', 'es-ES');
INSERT INTO OKM_TRANSLATION (TR_MODULE, TR_KEY, TR_TEXT, TR_LANGUAGE) VALUES ('frontend', 'general.menu.edit', 'Edicin', 'es-ES');
INSERT INTO OKM_TRANSLATION (TR_MODULE, TR_KEY, TR_TEXT, TR_LANGUAGE) VALUES ('frontend', 'general.menu.file.create.directory', 'Crear carpeta', 'es-ES');
INSERT INTO OKM_TRANSLATION (TR_MODULE, TR_KEY, TR_TEXT, TR_LANGUAGE) VALUES ('frontend', 'general.menu.file.download.document', 'Descargar documento', 'es-ES');
INSERT INTO OKM_TRANSLATION (TR_MODULE, TR_KEY, TR_TEXT, TR_LANGUAGE) VALUES ('frontend', 'general.menu.file.download.document.pdf', 'Descargar documento como PDF', 'es-ES');
INSERT INTO OKM_TRANSLATION (TR_MODULE, TR_KEY, TR_TEXT, TR_LANGUAGE) VALUES ('frontend', 'general.menu.file.send.link', 'Enviar enlace del documento', 'es-ES');
INSERT INTO OKM_TRANSLATION (TR_MODULE, TR_KEY, TR_TEXT, TR_LANGUAGE) VALUES ('frontend', 'general.menu.file.send.attachment', 'Enviar documento adjunto', 'es-ES');
INSERT INTO OKM_TRANSLATION (TR_MODULE, TR_KEY, TR_TEXT, TR_LANGUAGE) VALUES ('frontend', 'general.menu.file.lock', 'Bloquear', 'es-ES');
INSERT INTO OKM_TRANSLATION (TR_MODULE, TR_KEY, TR_TEXT, TR_LANGUAGE) VALUES ('frontend', 'general.menu.file.unlock', 'Desbloquear', 'es-ES');
INSERT INTO OKM_TRANSLATION (TR_MODULE, TR_KEY, TR_TEXT, TR_LANGUAGE) VALUES ('frontend', 'general.menu.file.add.document', 'Aadir documento', 'es-ES');
INSERT INTO OKM_TRANSLATION (TR_MODULE, TR_KEY, TR_TEXT, TR_LANGUAGE) VALUES ('frontend', 'general.menu.file.checkout', 'Checkout', 'es-ES');
INSERT INTO OKM_TRANSLATION (TR_MODULE, TR_KEY, TR_TEXT, TR_LANGUAGE) VALUES ('frontend', 'general.menu.file.checkin', 'Checkin', 'es-ES');
INSERT INTO OKM_TRANSLATION (TR_MODULE, TR_KEY, TR_TEXT, TR_LANGUAGE) VALUES ('frontend', 'general.menu.file.cancel.checkout', 'Cancelar checkout', 'es-ES');
INSERT INTO OKM_TRANSLATION (TR_MODULE, TR_KEY, TR_TEXT, TR_LANGUAGE) VALUES ('frontend', 'general.menu.file.delete', 'Eliminar', 'es-ES');
INSERT INTO OKM_TRANSLATION (TR_MODULE, TR_KEY, TR_TEXT, TR_LANGUAGE) VALUES ('frontend', 'general.menu.file.refresh', 'Refrescar', 'es-ES');
INSERT INTO OKM_TRANSLATION (TR_MODULE, TR_KEY, TR_TEXT, TR_LANGUAGE) VALUES ('frontend', 'general.menu.file.scanner', 'Scanner', 'es-ES');
INSERT INTO OKM_TRANSLATION (TR_MODULE, TR_KEY, TR_TEXT, TR_LANGUAGE) VALUES ('frontend', 'general.menu.file.uploader', 'Subida de ficheros', 'es-ES');
INSERT INTO OKM_TRANSLATION (TR_MODULE, TR_KEY, TR_TEXT, TR_LANGUAGE) VALUES ('frontend', 'general.menu.tools', 'Herramientas', 'es-ES');
INSERT INTO OKM_TRANSLATION (TR_MODULE, TR_KEY, TR_TEXT, TR_LANGUAGE) VALUES ('frontend', 'general.menu.tools.languages', 'Idiomas', 'es-ES');
INSERT INTO OKM_TRANSLATION (TR_MODULE, TR_KEY, TR_TEXT, TR_LANGUAGE) VALUES ('frontend', 'general.menu.tools.skin', 'Apariencia', 'es-ES');
INSERT INTO OKM_TRANSLATION (TR_MODULE, TR_KEY, TR_TEXT, TR_LANGUAGE) VALUES ('frontend', 'general.menu.tools.skin.default', 'Por defecto', 'es-ES');
INSERT INTO OKM_TRANSLATION (TR_MODULE, TR_KEY, TR_TEXT, TR_LANGUAGE) VALUES ('frontend', 'general.menu.tools.skin.default2', 'Por defecto 2', 'es-ES');
INSERT INTO OKM_TRANSLATION (TR_MODULE, TR_KEY, TR_TEXT, TR_LANGUAGE) VALUES ('frontend', 'general.menu.tools.skin.mediumfont', 'Fuente mediana', 'es-ES');
INSERT INTO OKM_TRANSLATION (TR_MODULE, TR_KEY, TR_TEXT, TR_LANGUAGE) VALUES ('frontend', 'general.menu.tools.skin.bigfont', 'Fuente grande', 'es-ES');
INSERT INTO OKM_TRANSLATION (TR_MODULE, TR_KEY, TR_TEXT, TR_LANGUAGE) VALUES ('frontend', 'general.menu.debug.console', 'Consola de depuracin', 'es-ES');
INSERT INTO OKM_TRANSLATION (TR_MODULE, TR_KEY, TR_TEXT, TR_LANGUAGE) VALUES ('frontend', 'general.menu.administration', 'Mostrar administracin', 'es-ES');
INSERT INTO OKM_TRANSLATION (TR_MODULE, TR_KEY, TR_TEXT, TR_LANGUAGE) VALUES ('frontend', 'general.menu.tools.preferences', 'Prefererencias', 'es-ES');
INSERT INTO OKM_TRANSLATION (TR_MODULE, TR_KEY, TR_TEXT, TR_LANGUAGE) VALUES ('frontend', 'general.menu.tools.user.preferences', 'Configuracin del usuario', 'es-ES');
INSERT INTO OKM_TRANSLATION (TR_MODULE, TR_KEY, TR_TEXT, TR_LANGUAGE) VALUES ('frontend', 'general.menu.bookmark', 'Marcadores', 'es-ES');
INSERT INTO OKM_TRANSLATION (TR_MODULE, TR_KEY, TR_TEXT, TR_LANGUAGE) VALUES ('frontend', 'general.menu.bookmark.home', 'Inicio', 'es-ES');
INSERT INTO OKM_TRANSLATION (TR_MODULE, TR_KEY, TR_TEXT, TR_LANGUAGE) VALUES ('frontend', 'general.menu.bookmark.default.home', 'Establecer inicio por defecto', 'es-ES');
INSERT INTO OKM_TRANSLATION (TR_MODULE, TR_KEY, TR_TEXT, TR_LANGUAGE) VALUES ('frontend', 'general.menu.bookmark.edit', 'Editar marcadores', 'es-ES');
INSERT INTO OKM_TRANSLATION (TR_MODULE, TR_KEY, TR_TEXT, TR_LANGUAGE) VALUES ('frontend', 'general.menu.help', 'Ayuda', 'es-ES');
INSERT INTO OKM_TRANSLATION (TR_MODULE, TR_KEY, TR_TEXT, TR_LANGUAGE) VALUES ('frontend', 'general.menu.bug.report', 'Reportar fallos', 'es-ES');
INSERT INTO OKM_TRANSLATION (TR_MODULE, TR_KEY, TR_TEXT, TR_LANGUAGE) VALUES ('frontend', 'general.menu.support.request', 'Solicitud soporte', 'es-ES');
INSERT INTO OKM_TRANSLATION (TR_MODULE, TR_KEY, TR_TEXT, TR_LANGUAGE) VALUES ('frontend', 'general.menu.public.forum', 'Foro pblico', 'es-ES');
INSERT INTO OKM_TRANSLATION (TR_MODULE, TR_KEY, TR_TEXT, TR_LANGUAGE) VALUES ('frontend', 'general.menu.project.web', 'Web del proyecto', 'es-ES');
INSERT INTO OKM_TRANSLATION (TR_MODULE, TR_KEY, TR_TEXT, TR_LANGUAGE) VALUES ('frontend', 'general.menu.documentation', 'Documentacin', 'es-ES');
INSERT INTO OKM_TRANSLATION (TR_MODULE, TR_KEY, TR_TEXT, TR_LANGUAGE) VALUES ('frontend', 'general.menu.version.changes', 'Notas de la versin', 'es-ES');
INSERT INTO OKM_TRANSLATION (TR_MODULE, TR_KEY, TR_TEXT, TR_LANGUAGE) VALUES ('frontend', 'general.menu.about', 'Sobre OpenKM', 'es-ES');
INSERT INTO OKM_TRANSLATION (TR_MODULE, TR_KEY, TR_TEXT, TR_LANGUAGE) VALUES ('frontend', 'general.connected', 'Conectado como', 'es-ES');
INSERT INTO OKM_TRANSLATION (TR_MODULE, TR_KEY, TR_TEXT, TR_LANGUAGE) VALUES ('frontend', 'filebrowser.name', 'Nombre', 'es-ES');
INSERT INTO OKM_TRANSLATION (TR_MODULE, TR_KEY, TR_TEXT, TR_LANGUAGE) VALUES ('frontend', 'filebrowser.date.update', 'Fecha de modificacin', 'es-ES');
INSERT INTO OKM_TRANSLATION (TR_MODULE, TR_KEY, TR_TEXT, TR_LANGUAGE) VALUES ('frontend', 'filebrowser.size', 'Tamao', 'es-ES');
INSERT INTO OKM_TRANSLATION (TR_MODULE, TR_KEY, TR_TEXT, TR_LANGUAGE) VALUES ('frontend', 'filebrowser.path', 'Ruta', 'es-ES');
INSERT INTO OKM_TRANSLATION (TR_MODULE, TR_KEY, TR_TEXT, TR_LANGUAGE) VALUES ('frontend', 'filebrowser.author', 'Autor', 'es-ES');
INSERT INTO OKM_TRANSLATION (TR_MODULE, TR_KEY, TR_TEXT, TR_LANGUAGE) VALUES ('frontend', 'filebrowser.version', 'Versin', 'es-ES');
INSERT INTO OKM_TRANSLATION (TR_MODULE, TR_KEY, TR_TEXT, TR_LANGUAGE) VALUES ('frontend', 'filebrowser.menu.checkout', 'Check-out', 'es-ES');
INSERT INTO OKM_TRANSLATION (TR_MODULE, TR_KEY, TR_TEXT, TR_LANGUAGE) VALUES ('frontend', 'filebrowser.menu.checkin', 'Check-in', 'es-ES');
INSERT INTO OKM_TRANSLATION (TR_MODULE, TR_KEY, TR_TEXT, TR_LANGUAGE) VALUES ('frontend', 'filebrowser.menu.delete', 'Eliminar', 'es-ES');
INSERT INTO OKM_TRANSLATION (TR_MODULE, TR_KEY, TR_TEXT, TR_LANGUAGE) VALUES ('frontend', 'filebrowser.menu.rename', 'Renombrar', 'es-ES');
INSERT INTO OKM_TRANSLATION (TR_MODULE, TR_KEY, TR_TEXT, TR_LANGUAGE) VALUES ('frontend', 'filebrowser.menu.checkout.cancel', 'Cancelar check-out', 'es-ES');
INSERT INTO OKM_TRANSLATION (TR_MODULE, TR_KEY, TR_TEXT, TR_LANGUAGE) VALUES ('frontend', 'filebrowser.menu.lock', 'Bloquear', 'es-ES');
INSERT INTO OKM_TRANSLATION (TR_MODULE, TR_KEY, TR_TEXT, TR_LANGUAGE) VALUES ('frontend', 'filebrowser.menu.unlock', 'Desbloquear', 'es-ES');
INSERT INTO OKM_TRANSLATION (TR_MODULE, TR_KEY, TR_TEXT, TR_LANGUAGE) VALUES ('frontend', 'filebrowser.menu.download', 'Descargar', 'es-ES');
INSERT INTO OKM_TRANSLATION (TR_MODULE, TR_KEY, TR_TEXT, TR_LANGUAGE) VALUES ('frontend', 'filebrowser.menu.move', 'Mover', 'es-ES');
INSERT INTO OKM_TRANSLATION (TR_MODULE, TR_KEY, TR_TEXT, TR_LANGUAGE) VALUES ('frontend', 'filebrowser.menu.copy', 'Copiar', 'es-ES');
INSERT INTO OKM_TRANSLATION (TR_MODULE, TR_KEY, TR_TEXT, TR_LANGUAGE) VALUES ('frontend', 'filebrowser.menu.create.from.template', 'Crear desde plantilla', 'es-ES');
INSERT INTO OKM_TRANSLATION (TR_MODULE, TR_KEY, TR_TEXT, TR_LANGUAGE) VALUES ('frontend', 'filebrowser.menu.add.property.group', 'Aadir grupo de propiedades', 'es-ES');
INSERT INTO OKM_TRANSLATION (TR_MODULE, TR_KEY, TR_TEXT, TR_LANGUAGE) VALUES ('frontend', 'filebrowser.menu.remove.property.group', 'Eliminar grupo de propiedades', 'es-ES');
INSERT INTO OKM_TRANSLATION (TR_MODULE, TR_KEY, TR_TEXT, TR_LANGUAGE) VALUES ('frontend', 'filebrowser.menu.start.workflow', 'Iniciar workflow', 'es-ES');
INSERT INTO OKM_TRANSLATION (TR_MODULE, TR_KEY, TR_TEXT, TR_LANGUAGE) VALUES ('frontend', 'filebrowser.menu.add.subscription', 'Aadir suscripcin', 'es-ES');
INSERT INTO OKM_TRANSLATION (TR_MODULE, TR_KEY, TR_TEXT, TR_LANGUAGE) VALUES ('frontend', 'filebrowser.menu.remove.subscription', 'Eliminar suscripcin', 'es-ES');
INSERT INTO OKM_TRANSLATION (TR_MODULE, TR_KEY, TR_TEXT, TR_LANGUAGE) VALUES ('frontend', 'filebrowser.menu.add.bookmark', 'Aadir marcador', 'es-ES');
INSERT INTO OKM_TRANSLATION (TR_MODULE, TR_KEY, TR_TEXT, TR_LANGUAGE) VALUES ('frontend', 'filebrowser.menu.set.home', 'Establecer inicio', 'es-ES');
INSERT INTO OKM_TRANSLATION (TR_MODULE, TR_KEY, TR_TEXT, TR_LANGUAGE) VALUES ('frontend', 'filebrowser.menu.refresh', 'Refrescar', 'es-ES');
INSERT INTO OKM_TRANSLATION (TR_MODULE, TR_KEY, TR_TEXT, TR_LANGUAGE) VALUES ('frontend', 'filebrowser.menu.export', 'Exportar a ZIP', 'es-ES');
INSERT INTO OKM_TRANSLATION (TR_MODULE, TR_KEY, TR_TEXT, TR_LANGUAGE) VALUES ('frontend', 'filebrowser.menu.play', 'Reproducir', 'es-ES');
INSERT INTO OKM_TRANSLATION (TR_MODULE, TR_KEY, TR_TEXT, TR_LANGUAGE) VALUES ('frontend', 'filebrowser.menu.image.viewer', 'Visor de imgenes', 'es-ES');
INSERT INTO OKM_TRANSLATION (TR_MODULE, TR_KEY, TR_TEXT, TR_LANGUAGE) VALUES ('frontend', 'filebrowser.status.refresh.folder', 'Actualizando lista de carpetas', 'es-ES');
INSERT INTO OKM_TRANSLATION (TR_MODULE, TR_KEY, TR_TEXT, TR_LANGUAGE) VALUES ('frontend', 'filebrowser.status.refresh.document', 'Actualizando lista de documentos', 'es-ES');
INSERT INTO OKM_TRANSLATION (TR_MODULE, TR_KEY, TR_TEXT, TR_LANGUAGE) VALUES ('frontend', 'filebrowser.status.refresh.mail', 'Actualizando lista de correos electrnicos', 'es-ES');
INSERT INTO OKM_TRANSLATION (TR_MODULE, TR_KEY, TR_TEXT, TR_LANGUAGE) VALUES ('frontend', 'filebrowser.status.refresh.delete.folder', 'Eliminando carpeta', 'es-ES');
INSERT INTO OKM_TRANSLATION (TR_MODULE, TR_KEY, TR_TEXT, TR_LANGUAGE) VALUES ('frontend', 'filebrowser.status.refresh.delete.document', 'Eliminando documento', 'es-ES');
INSERT INTO OKM_TRANSLATION (TR_MODULE, TR_KEY, TR_TEXT, TR_LANGUAGE) VALUES ('frontend', 'filebrowser.status.refresh.checkout', 'Realizando checkout', 'es-ES');
INSERT INTO OKM_TRANSLATION (TR_MODULE, TR_KEY, TR_TEXT, TR_LANGUAGE) VALUES ('frontend', 'filebrowser.status.refresh.lock', 'Estableciendo lock', 'es-ES');
INSERT INTO OKM_TRANSLATION (TR_MODULE, TR_KEY, TR_TEXT, TR_LANGUAGE) VALUES ('frontend', 'filebrowser.status.refresh.unlock', 'Eliminando lock', 'es-ES');
INSERT INTO OKM_TRANSLATION (TR_MODULE, TR_KEY, TR_TEXT, TR_LANGUAGE) VALUES ('frontend', 'filebrowser.status.refresh.document.rename', 'Renombrando documento', 'es-ES');
INSERT INTO OKM_TRANSLATION (TR_MODULE, TR_KEY, TR_TEXT, TR_LANGUAGE) VALUES ('frontend', 'filebrowser.status.refresh.folder.rename', 'Renombrando carpeta', 'es-ES');
INSERT INTO OKM_TRANSLATION (TR_MODULE, TR_KEY, TR_TEXT, TR_LANGUAGE) VALUES ('frontend', 'filebrowser.status.refresh.document.purge', 'Eliminando documento', 'es-ES');
INSERT INTO OKM_TRANSLATION (TR_MODULE, TR_KEY, TR_TEXT, TR_LANGUAGE) VALUES ('frontend', 'filebrowser.status.refresh.folder.purge', 'Eliminando carpeta', 'es-ES');
INSERT INTO OKM_TRANSLATION (TR_MODULE, TR_KEY, TR_TEXT, TR_LANGUAGE) VALUES ('frontend', 'filebrowser.status.refresh.folder.get', 'Actualizando carpeta', 'es-ES');
INSERT INTO OKM_TRANSLATION (TR_MODULE, TR_KEY, TR_TEXT, TR_LANGUAGE) VALUES ('frontend', 'filebrowser.status.refresh.document.get', 'Actualizando documento', 'es-ES');
INSERT INTO OKM_TRANSLATION (TR_MODULE, TR_KEY, TR_TEXT, TR_LANGUAGE) VALUES ('frontend', 'filebrowser.status.refresh.add.subscription', 'Estableciendo suscripcin', 'es-ES');
INSERT INTO OKM_TRANSLATION (TR_MODULE, TR_KEY, TR_TEXT, TR_LANGUAGE) VALUES ('frontend', 'filebrowser.status.refresh.remove.subscription', 'Eliminando suscripcin', 'es-ES');
INSERT INTO OKM_TRANSLATION (TR_MODULE, TR_KEY, TR_TEXT, TR_LANGUAGE) VALUES ('frontend', 'filebrowser.status.refresh.get.user.home', 'Obteniendo inicio', 'es-ES');
INSERT INTO OKM_TRANSLATION (TR_MODULE, TR_KEY, TR_TEXT, TR_LANGUAGE) VALUES ('frontend', 'filebrowser.status.refresh.delete.mail', 'Eliminando correo electrnico', 'es-ES');
INSERT INTO OKM_TRANSLATION (TR_MODULE, TR_KEY, TR_TEXT, TR_LANGUAGE) VALUES ('frontend', 'filebrowser.status.refresh.mail.purge', 'Eliminando correo electrnico', 'es-ES');
INSERT INTO OKM_TRANSLATION (TR_MODULE, TR_KEY, TR_TEXT, TR_LANGUAGE) VALUES ('frontend', 'fileupload.send', 'Enviar', 'es-ES');
INSERT INTO OKM_TRANSLATION (TR_MODULE, TR_KEY, TR_TEXT, TR_LANGUAGE) VALUES ('frontend', 'fileupload.status.sending', 'Subiendo el fichero...', 'es-ES');
INSERT INTO OKM_TRANSLATION (TR_MODULE, TR_KEY, TR_TEXT, TR_LANGUAGE) VALUES ('frontend', 'fileupload.status.indexing', 'Indexando el fichero...', 'es-ES');
INSERT INTO OKM_TRANSLATION (TR_MODULE, TR_KEY, TR_TEXT, TR_LANGUAGE) VALUES ('frontend', 'fileupload.status.ok', 'Envo completado correctamente', 'es-ES');
INSERT INTO OKM_TRANSLATION (TR_MODULE, TR_KEY, TR_TEXT, TR_LANGUAGE) VALUES ('frontend', 'fileupload.upload.status', 'Estado envio', 'es-ES');
INSERT INTO OKM_TRANSLATION (TR_MODULE, TR_KEY, TR_TEXT, TR_LANGUAGE) VALUES ('frontend', 'fileupload.upload.uploaded', 'Completado', 'es-ES');
INSERT INTO OKM_TRANSLATION (TR_MODULE, TR_KEY, TR_TEXT, TR_LANGUAGE) VALUES ('frontend', 'fileupload.upload.completed', 'Envio completado', 'es-ES');
INSERT INTO OKM_TRANSLATION (TR_MODULE, TR_KEY, TR_TEXT, TR_LANGUAGE) VALUES ('frontend', 'fileupload.upload.runtime', 'Tiempo de ejecucin', 'es-ES');
INSERT INTO OKM_TRANSLATION (TR_MODULE, TR_KEY, TR_TEXT, TR_LANGUAGE) VALUES ('frontend', 'fileupload.upload.remaining', 'falta', 'es-ES');
INSERT INTO OKM_TRANSLATION (TR_MODULE, TR_KEY, TR_TEXT, TR_LANGUAGE) VALUES ('frontend', 'fileupload.button.close', 'Cerrar', 'es-ES');
INSERT INTO OKM_TRANSLATION (TR_MODULE, TR_KEY, TR_TEXT, TR_LANGUAGE) VALUES ('frontend', 'fileupload.button.add.other.file', 'Aadir otro fichero', 'es-ES');
INSERT INTO OKM_TRANSLATION (TR_MODULE, TR_KEY, TR_TEXT, TR_LANGUAGE) VALUES ('frontend', 'fileupload.status.move.file', 'Moviendo el fichero...', 'es-ES');
INSERT INTO OKM_TRANSLATION (TR_MODULE, TR_KEY, TR_TEXT, TR_LANGUAGE) VALUES ('frontend', 'fileupload.status.move.mail', 'Moviendo el correo electrnico...', 'es-ES');
INSERT INTO OKM_TRANSLATION (TR_MODULE, TR_KEY, TR_TEXT, TR_LANGUAGE) VALUES ('frontend', 'fileupload.status.copy.file', 'Copiando el fichero...', 'es-ES');
INSERT INTO OKM_TRANSLATION (TR_MODULE, TR_KEY, TR_TEXT, TR_LANGUAGE) VALUES ('frontend', 'fileupload.status.copy.mail', 'Copiando el correo electrnico...', 'es-ES');
INSERT INTO OKM_TRANSLATION (TR_MODULE, TR_KEY, TR_TEXT, TR_LANGUAGE) VALUES ('frontend', 'fileupload.status.restore.file', 'Restaurando el fichero...', 'es-ES');
INSERT INTO OKM_TRANSLATION (TR_MODULE, TR_KEY, TR_TEXT, TR_LANGUAGE) VALUES ('frontend', 'fileupload.status.restore.mail', 'Restaurando el correo electrnico...', 'es-ES');
INSERT INTO OKM_TRANSLATION (TR_MODULE, TR_KEY, TR_TEXT, TR_LANGUAGE) VALUES ('frontend', 'fileupload.status.move.folder', 'Moviendo la carpeta...', 'es-ES');
INSERT INTO OKM_TRANSLATION (TR_MODULE, TR_KEY, TR_TEXT, TR_LANGUAGE) VALUES ('frontend', 'fileupload.status.copy.folder', 'Copiando la carpeta...', 'es-ES');
INSERT INTO OKM_TRANSLATION (TR_MODULE, TR_KEY, TR_TEXT, TR_LANGUAGE) VALUES ('frontend', 'fileupload.status.restore.folder', 'Restaurando la carpeta...', 'es-ES');
INSERT INTO OKM_TRANSLATION (TR_MODULE, TR_KEY, TR_TEXT, TR_LANGUAGE) VALUES ('frontend', 'fileupload.status.create.from.template', 'Creando el fichero desde la plantilla...', 'es-ES');
INSERT INTO OKM_TRANSLATION (TR_MODULE, TR_KEY, TR_TEXT, TR_LANGUAGE) VALUES ('frontend', 'fileupload.status.of', 'de', 'es-ES');
INSERT INTO OKM_TRANSLATION (TR_MODULE, TR_KEY, TR_TEXT, TR_LANGUAGE) VALUES ('frontend', 'fileupload.label.insert', 'Insercin de documentos', 'es-ES');
INSERT INTO OKM_TRANSLATION (TR_MODULE, TR_KEY, TR_TEXT, TR_LANGUAGE) VALUES ('frontend', 'fileupload.label.update', 'Actualizacin de documentos', 'es-ES');
INSERT INTO OKM_TRANSLATION (TR_MODULE, TR_KEY, TR_TEXT, TR_LANGUAGE) VALUES ('frontend', 'fileupload.label.users.notify', 'Notificar a los usuarios', 'es-ES');
INSERT INTO OKM_TRANSLATION (TR_MODULE, TR_KEY, TR_TEXT, TR_LANGUAGE) VALUES ('frontend', 'fileupload.label.comment', 'Comentario', 'es-ES');
INSERT INTO OKM_TRANSLATION (TR_MODULE, TR_KEY, TR_TEXT, TR_LANGUAGE) VALUES ('frontend', 'fileupload.label.users.to.notify', 'Usuarios a notificar', 'es-ES');
INSERT INTO OKM_TRANSLATION (TR_MODULE, TR_KEY, TR_TEXT, TR_LANGUAGE) VALUES ('frontend', 'fileupload.label.users', 'Usuarios', 'es-ES');
INSERT INTO OKM_TRANSLATION (TR_MODULE, TR_KEY, TR_TEXT, TR_LANGUAGE) VALUES ('frontend', 'fileupload.label.groups.to.notify', 'Grupos a notificar', 'es-ES');
INSERT INTO OKM_TRANSLATION (TR_MODULE, TR_KEY, TR_TEXT, TR_LANGUAGE) VALUES ('frontend', 'fileupload.label.groups', 'Grupos', 'es-ES');
INSERT INTO OKM_TRANSLATION (TR_MODULE, TR_KEY, TR_TEXT, TR_LANGUAGE) VALUES ('frontend', 'fileupload.label.must.select.users', 'Seleccione algn usuario al que notificar', 'es-ES');
INSERT INTO OKM_TRANSLATION (TR_MODULE, TR_KEY, TR_TEXT, TR_LANGUAGE) VALUES ('frontend', 'fileupload.label.importZip', 'Importar documentos desde ZIP', 'es-ES');
INSERT INTO OKM_TRANSLATION (TR_MODULE, TR_KEY, TR_TEXT, TR_LANGUAGE) VALUES ('frontend', 'fileupload.label.notify.comment', 'Mensaje de notificacin', 'es-ES');
INSERT INTO OKM_TRANSLATION (TR_MODULE, TR_KEY, TR_TEXT, TR_LANGUAGE) VALUES ('frontend', 'fileupload.label.error.importing.zip', 'Error al importar el fichero', 'es-ES');
INSERT INTO OKM_TRANSLATION (TR_MODULE, TR_KEY, TR_TEXT, TR_LANGUAGE) VALUES ('frontend', 'fileupload.label.error.move.file', 'Error moviendo el fichero', 'es-ES');
INSERT INTO OKM_TRANSLATION (TR_MODULE, TR_KEY, TR_TEXT, TR_LANGUAGE) VALUES ('frontend', 'fileupload.label.error.move.mail', 'Error moviendo el correo electrnico', 'es-ES');
INSERT INTO OKM_TRANSLATION (TR_MODULE, TR_KEY, TR_TEXT, TR_LANGUAGE) VALUES ('frontend', 'fileupload.label.error.copy.file', 'Error copiando el fichero', 'es-ES');
INSERT INTO OKM_TRANSLATION (TR_MODULE, TR_KEY, TR_TEXT, TR_LANGUAGE) VALUES ('frontend', 'fileupload.label.error.copy.mail', 'Error copiando el correo electrnico', 'es-ES');
INSERT INTO OKM_TRANSLATION (TR_MODULE, TR_KEY, TR_TEXT, TR_LANGUAGE) VALUES ('frontend', 'fileupload.label.error.restore.file', 'Error restaurando el fichero', 'es-ES');
INSERT INTO OKM_TRANSLATION (TR_MODULE, TR_KEY, TR_TEXT, TR_LANGUAGE) VALUES ('frontend', 'fileupload.label.error.restore.mail', 'Error restaurando el correo electrnico', 'es-ES');
INSERT INTO OKM_TRANSLATION (TR_MODULE, TR_KEY, TR_TEXT, TR_LANGUAGE) VALUES ('frontend', 'fileupload.label.error.move.folder', 'Error moviendo la carpeta', 'es-ES');
INSERT INTO OKM_TRANSLATION (TR_MODULE, TR_KEY, TR_TEXT, TR_LANGUAGE) VALUES ('frontend', 'fileupload.label.error.copy.folder', 'Error copiando la carpeta', 'es-ES');
INSERT INTO OKM_TRANSLATION (TR_MODULE, TR_KEY, TR_TEXT, TR_LANGUAGE) VALUES ('frontend', 'fileupload.label.error.restore.folder', 'Error restaurando la carpeta', 'es-ES');
INSERT INTO OKM_TRANSLATION (TR_MODULE, TR_KEY, TR_TEXT, TR_LANGUAGE) VALUES ('frontend', 'fileupload.label.error.create.from.template', 'Error creando fichero desde la plantilla', 'es-ES');
INSERT INTO OKM_TRANSLATION (TR_MODULE, TR_KEY, TR_TEXT, TR_LANGUAGE) VALUES ('frontend', 'fileupload.label.error.not.allowed.move.folder.child', 'No se permite mover en la carpeta origen o hijas', 'es-ES');
INSERT INTO OKM_TRANSLATION (TR_MODULE, TR_KEY, TR_TEXT, TR_LANGUAGE) VALUES ('frontend', 'fileupload.label.error.not.allowed.copy.same.folder', 'No se permite copiar en la carpeta origen', 'es-ES');
INSERT INTO OKM_TRANSLATION (TR_MODULE, TR_KEY, TR_TEXT, TR_LANGUAGE) VALUES ('frontend', 'fileupload.label.error.not.allowed.create.from.template.same.folder', 'No se permite crear un fichero en la carpeta origen', 'es-ES');
INSERT INTO OKM_TRANSLATION (TR_MODULE, TR_KEY, TR_TEXT, TR_LANGUAGE) VALUES ('frontend', 'tab.document.properties', 'Propiedades', 'es-ES');
INSERT INTO OKM_TRANSLATION (TR_MODULE, TR_KEY, TR_TEXT, TR_LANGUAGE) VALUES ('frontend', 'tab.document.notes', 'Notas', 'es-ES');
INSERT INTO OKM_TRANSLATION (TR_MODULE, TR_KEY, TR_TEXT, TR_LANGUAGE) VALUES ('frontend', 'tab.document.history', 'Historial', 'es-ES');
INSERT INTO OKM_TRANSLATION (TR_MODULE, TR_KEY, TR_TEXT, TR_LANGUAGE) VALUES ('frontend', 'tab.document.status.history', 'Actualizando historial', 'es-ES');
INSERT INTO OKM_TRANSLATION (TR_MODULE, TR_KEY, TR_TEXT, TR_LANGUAGE) VALUES ('frontend', 'tab.status.security.role', 'Actualizando seguridad roles', 'es-ES');
INSERT INTO OKM_TRANSLATION (TR_MODULE, TR_KEY, TR_TEXT, TR_LANGUAGE) VALUES ('frontend', 'tab.status.security.user', 'Actualizando seguridad usuarios', 'es-ES');
INSERT INTO OKM_TRANSLATION (TR_MODULE, TR_KEY, TR_TEXT, TR_LANGUAGE) VALUES ('frontend', 'tab.document.status.group.properties', 'Actualizando grupo de propiedades', 'es-ES');
INSERT INTO OKM_TRANSLATION (TR_MODULE, TR_KEY, TR_TEXT, TR_LANGUAGE) VALUES ('frontend', 'tab.document.status.set.keywords', 'Estableciendo palabras clave', 'es-ES');
INSERT INTO OKM_TRANSLATION (TR_MODULE, TR_KEY, TR_TEXT, TR_LANGUAGE) VALUES ('frontend', 'tab.document.status.set.categories', 'Actualizando categoras', 'es-ES');
INSERT INTO OKM_TRANSLATION (TR_MODULE, TR_KEY, TR_TEXT, TR_LANGUAGE) VALUES ('frontend', 'tab.document.status.get.version.history.size', 'Refrescando el tamao del histrico del documento', 'es-ES');
INSERT INTO OKM_TRANSLATION (TR_MODULE, TR_KEY, TR_TEXT, TR_LANGUAGE) VALUES ('frontend', 'tab.document.status.purge.version.history', 'Compactando el histrico de documentos', 'es-ES');
INSERT INTO OKM_TRANSLATION (TR_MODULE, TR_KEY, TR_TEXT, TR_LANGUAGE) VALUES ('frontend', 'tab.document.status.restore.version', 'Restaurando la versin del documento', 'es-ES');
INSERT INTO OKM_TRANSLATION (TR_MODULE, TR_KEY, TR_TEXT, TR_LANGUAGE) VALUES ('frontend', 'tab.document.security', 'Seguridad', 'es-ES');
INSERT INTO OKM_TRANSLATION (TR_MODULE, TR_KEY, TR_TEXT, TR_LANGUAGE) VALUES ('frontend', 'tab.document.preview', 'Previsualizar', 'es-ES');
INSERT INTO OKM_TRANSLATION (TR_MODULE, TR_KEY, TR_TEXT, TR_LANGUAGE) VALUES ('frontend', 'tab.folder.properties', 'Propiedades', 'es-ES');
INSERT INTO OKM_TRANSLATION (TR_MODULE, TR_KEY, TR_TEXT, TR_LANGUAGE) VALUES ('frontend', 'tab.folder.security', 'Seguridad', 'es-ES');
INSERT INTO OKM_TRANSLATION (TR_MODULE, TR_KEY, TR_TEXT, TR_LANGUAGE) VALUES ('frontend', 'tab.folder.notes', 'Notas', 'es-ES');
INSERT INTO OKM_TRANSLATION (TR_MODULE, TR_KEY, TR_TEXT, TR_LANGUAGE) VALUES ('frontend', 'tab.workspace.desktop', 'Escritorio', 'es-ES');
INSERT INTO OKM_TRANSLATION (TR_MODULE, TR_KEY, TR_TEXT, TR_LANGUAGE) VALUES ('frontend', 'tab.workspace.search', 'Buscador', 'es-ES');
INSERT INTO OKM_TRANSLATION (TR_MODULE, TR_KEY, TR_TEXT, TR_LANGUAGE) VALUES ('frontend', 'tab.workspace.dashboard', 'Tabln', 'es-ES');
INSERT INTO OKM_TRANSLATION (TR_MODULE, TR_KEY, TR_TEXT, TR_LANGUAGE) VALUES ('frontend', 'tab.workspace.administration', 'Administracin', 'es-ES');
INSERT INTO OKM_TRANSLATION (TR_MODULE, TR_KEY, TR_TEXT, TR_LANGUAGE) VALUES ('frontend', 'document.uuid', 'UUID', 'es-ES');
INSERT INTO OKM_TRANSLATION (TR_MODULE, TR_KEY, TR_TEXT, TR_LANGUAGE) VALUES ('frontend', 'document.name', 'Nombre', 'es-ES');
INSERT INTO OKM_TRANSLATION (TR_MODULE, TR_KEY, TR_TEXT, TR_LANGUAGE) VALUES ('frontend', 'document.folder', 'Carpeta', 'es-ES');
INSERT INTO OKM_TRANSLATION (TR_MODULE, TR_KEY, TR_TEXT, TR_LANGUAGE) VALUES ('frontend', 'document.size', 'Tamao', 'es-ES');
INSERT INTO OKM_TRANSLATION (TR_MODULE, TR_KEY, TR_TEXT, TR_LANGUAGE) VALUES ('frontend', 'document.created', 'Creado', 'es-ES');
INSERT INTO OKM_TRANSLATION (TR_MODULE, TR_KEY, TR_TEXT, TR_LANGUAGE) VALUES ('frontend', 'document.lastmodified', 'Modificado', 'es-ES');
INSERT INTO OKM_TRANSLATION (TR_MODULE, TR_KEY, TR_TEXT, TR_LANGUAGE) VALUES ('frontend', 'document.mimetype', 'Tipo MIME', 'es-ES');
INSERT INTO OKM_TRANSLATION (TR_MODULE, TR_KEY, TR_TEXT, TR_LANGUAGE) VALUES ('frontend', 'document.keywords', 'Palabras clave', 'es-ES');
INSERT INTO OKM_TRANSLATION (TR_MODULE, TR_KEY, TR_TEXT, TR_LANGUAGE) VALUES ('frontend', 'document.by', 'por', 'es-ES');
INSERT INTO OKM_TRANSLATION (TR_MODULE, TR_KEY, TR_TEXT, TR_LANGUAGE) VALUES ('frontend', 'document.status', 'Estado', 'es-ES');
INSERT INTO OKM_TRANSLATION (TR_MODULE, TR_KEY, TR_TEXT, TR_LANGUAGE) VALUES ('frontend', 'document.status.checkout', 'Editado por', 'es-ES');
INSERT INTO OKM_TRANSLATION (TR_MODULE, TR_KEY, TR_TEXT, TR_LANGUAGE) VALUES ('frontend', 'document.status.locked', 'Bloqueado por', 'es-ES');
INSERT INTO OKM_TRANSLATION (TR_MODULE, TR_KEY, TR_TEXT, TR_LANGUAGE) VALUES ('frontend', 'document.status.normal', 'Disponible', 'es-ES');
INSERT INTO OKM_TRANSLATION (TR_MODULE, TR_KEY, TR_TEXT, TR_LANGUAGE) VALUES ('frontend', 'document.subscribed', 'Suscrito', 'es-ES');
INSERT INTO OKM_TRANSLATION (TR_MODULE, TR_KEY, TR_TEXT, TR_LANGUAGE) VALUES ('frontend', 'document.subscribed.yes', 'S', 'es-ES');
INSERT INTO OKM_TRANSLATION (TR_MODULE, TR_KEY, TR_TEXT, TR_LANGUAGE) VALUES ('frontend', 'document.subscribed.no', 'No', 'es-ES');
INSERT INTO OKM_TRANSLATION (TR_MODULE, TR_KEY, TR_TEXT, TR_LANGUAGE) VALUES ('frontend', 'document.history.size', 'Tamao del histrico', 'es-ES');
INSERT INTO OKM_TRANSLATION (TR_MODULE, TR_KEY, TR_TEXT, TR_LANGUAGE) VALUES ('frontend', 'document.subscribed.users', 'Usuarios suscritos', 'es-ES');
INSERT INTO OKM_TRANSLATION (TR_MODULE, TR_KEY, TR_TEXT, TR_LANGUAGE) VALUES ('frontend', 'document.url', 'URL', 'es-ES');
INSERT INTO OKM_TRANSLATION (TR_MODULE, TR_KEY, TR_TEXT, TR_LANGUAGE) VALUES ('frontend', 'document.webdav', 'WebDAV', 'es-ES');
INSERT INTO OKM_TRANSLATION (TR_MODULE, TR_KEY, TR_TEXT, TR_LANGUAGE) VALUES ('frontend', 'document.add.note', 'Aadir nota', 'es-ES');
INSERT INTO OKM_TRANSLATION (TR_MODULE, TR_KEY, TR_TEXT, TR_LANGUAGE) VALUES ('frontend', 'document.keywords.cloud', 'Nube de palabras clave', 'es-ES');
INSERT INTO OKM_TRANSLATION (TR_MODULE, TR_KEY, TR_TEXT, TR_LANGUAGE) VALUES ('frontend', 'document.categories', 'Categoras', 'es-ES');
INSERT INTO OKM_TRANSLATION (TR_MODULE, TR_KEY, TR_TEXT, TR_LANGUAGE) VALUES ('frontend', 'folder.uuid', 'UUID', 'es-ES');
INSERT INTO OKM_TRANSLATION (TR_MODULE, TR_KEY, TR_TEXT, TR_LANGUAGE) VALUES ('frontend', 'folder.name', 'Nombre', 'es-ES');
INSERT INTO OKM_TRANSLATION (TR_MODULE, TR_KEY, TR_TEXT, TR_LANGUAGE) VALUES ('frontend', 'folder.parent', 'Padre', 'es-ES');
INSERT INTO OKM_TRANSLATION (TR_MODULE, TR_KEY, TR_TEXT, TR_LANGUAGE) VALUES ('frontend', 'folder.created', 'Creado', 'es-ES');
INSERT INTO OKM_TRANSLATION (TR_MODULE, TR_KEY, TR_TEXT, TR_LANGUAGE) VALUES ('frontend', 'folder.by', 'por', 'es-ES');
INSERT INTO OKM_TRANSLATION (TR_MODULE, TR_KEY, TR_TEXT, TR_LANGUAGE) VALUES ('frontend', 'folder.subscribed', 'Suscrito', 'es-ES');
INSERT INTO OKM_TRANSLATION (TR_MODULE, TR_KEY, TR_TEXT, TR_LANGUAGE) VALUES ('frontend', 'folder.subscribed.yes', 'S', 'es-ES');
INSERT INTO OKM_TRANSLATION (TR_MODULE, TR_KEY, TR_TEXT, TR_LANGUAGE) VALUES ('frontend', 'folder.subscribed.no', 'No', 'es-ES');
INSERT INTO OKM_TRANSLATION (TR_MODULE, TR_KEY, TR_TEXT, TR_LANGUAGE) VALUES ('frontend', 'folder.subscribed.users', 'Usuarios suscritos', 'es-ES');
INSERT INTO OKM_TRANSLATION (TR_MODULE, TR_KEY, TR_TEXT, TR_LANGUAGE) VALUES ('frontend', 'folder.url', 'URL', 'es-ES');
INSERT INTO OKM_TRANSLATION (TR_MODULE, TR_KEY, TR_TEXT, TR_LANGUAGE) VALUES ('frontend', 'folder.webdav', 'WebDAV', 'es-ES');
INSERT INTO OKM_TRANSLATION (TR_MODULE, TR_KEY, TR_TEXT, TR_LANGUAGE) VALUES ('frontend', 'folder.number.folders', 'Carpetas', 'es-ES');
INSERT INTO OKM_TRANSLATION (TR_MODULE, TR_KEY, TR_TEXT, TR_LANGUAGE) VALUES ('frontend', 'folder.number.documents', 'Documentos', 'es-ES');
INSERT INTO OKM_TRANSLATION (TR_MODULE, TR_KEY, TR_TEXT, TR_LANGUAGE) VALUES ('frontend', 'folder.number.mails', 'Correos electrnicos', 'es-ES');
INSERT INTO OKM_TRANSLATION (TR_MODULE, TR_KEY, TR_TEXT, TR_LANGUAGE) VALUES ('frontend', 'version.name', 'Versin', 'es-ES');
INSERT INTO OKM_TRANSLATION (TR_MODULE, TR_KEY, TR_TEXT, TR_LANGUAGE) VALUES ('frontend', 'version.created', 'Fecha', 'es-ES');
INSERT INTO OKM_TRANSLATION (TR_MODULE, TR_KEY, TR_TEXT, TR_LANGUAGE) VALUES ('frontend', 'version.author', 'Autor', 'es-ES');
INSERT INTO OKM_TRANSLATION (TR_MODULE, TR_KEY, TR_TEXT, TR_LANGUAGE) VALUES ('frontend', 'version.size', 'Tamao', 'es-ES');
INSERT INTO OKM_TRANSLATION (TR_MODULE, TR_KEY, TR_TEXT, TR_LANGUAGE) VALUES ('frontend', 'version.purge.document', 'Compactar histrico', 'es-ES');
INSERT INTO OKM_TRANSLATION (TR_MODULE, TR_KEY, TR_TEXT, TR_LANGUAGE) VALUES ('frontend', 'version.comment', 'Comentario', 'es-ES');
INSERT INTO OKM_TRANSLATION (TR_MODULE, TR_KEY, TR_TEXT, TR_LANGUAGE) VALUES ('frontend', 'security.label', 'Seguridad', 'es-ES');
INSERT INTO OKM_TRANSLATION (TR_MODULE, TR_KEY, TR_TEXT, TR_LANGUAGE) VALUES ('frontend', 'security.group.name', 'Grupo', 'es-ES');
INSERT INTO OKM_TRANSLATION (TR_MODULE, TR_KEY, TR_TEXT, TR_LANGUAGE) VALUES ('frontend', 'security.group.permission.read', 'Lectura', 'es-ES');
INSERT INTO OKM_TRANSLATION (TR_MODULE, TR_KEY, TR_TEXT, TR_LANGUAGE) VALUES ('frontend', 'security.group.permission.write', 'Escritura', 'es-ES');
INSERT INTO OKM_TRANSLATION (TR_MODULE, TR_KEY, TR_TEXT, TR_LANGUAGE) VALUES ('frontend', 'security.group.permission.delete', 'Borrado', 'es-ES');
INSERT INTO OKM_TRANSLATION (TR_MODULE, TR_KEY, TR_TEXT, TR_LANGUAGE) VALUES ('frontend', 'security.group.permission.security', 'Seguridad', 'es-ES');
INSERT INTO OKM_TRANSLATION (TR_MODULE, TR_KEY, TR_TEXT, TR_LANGUAGE) VALUES ('frontend', 'security.user.name', 'Usuario', 'es-ES');
INSERT INTO OKM_TRANSLATION (TR_MODULE, TR_KEY, TR_TEXT, TR_LANGUAGE) VALUES ('frontend', 'security.user.permission.read', 'Lectura', 'es-ES');
INSERT INTO OKM_TRANSLATION (TR_MODULE, TR_KEY, TR_TEXT, TR_LANGUAGE) VALUES ('frontend', 'security.user.permission.write', 'Escritura', 'es-ES');
INSERT INTO OKM_TRANSLATION (TR_MODULE, TR_KEY, TR_TEXT, TR_LANGUAGE) VALUES ('frontend', 'security.user.permission.delete', 'Borrado', 'es-ES');
INSERT INTO OKM_TRANSLATION (TR_MODULE, TR_KEY, TR_TEXT, TR_LANGUAGE) VALUES ('frontend', 'security.user.permission.security', 'Seguridad', 'es-ES');
INSERT INTO OKM_TRANSLATION (TR_MODULE, TR_KEY, TR_TEXT, TR_LANGUAGE) VALUES ('frontend', 'security.users', 'Usuarios', 'es-ES');
INSERT INTO OKM_TRANSLATION (TR_MODULE, TR_KEY, TR_TEXT, TR_LANGUAGE) VALUES ('frontend', 'security.groups', 'Grupos', 'es-ES');
INSERT INTO OKM_TRANSLATION (TR_MODULE, TR_KEY, TR_TEXT, TR_LANGUAGE) VALUES ('frontend', 'security.recursive', 'Aplicar cambios de forma recursiva', 'es-ES');
INSERT INTO OKM_TRANSLATION (TR_MODULE, TR_KEY, TR_TEXT, TR_LANGUAGE) VALUES ('frontend', 'secutiry.filter.by.users', 'Filtro de usuarios', 'es-ES');
INSERT INTO OKM_TRANSLATION (TR_MODULE, TR_KEY, TR_TEXT, TR_LANGUAGE) VALUES ('frontend', 'secutiry.filter.by.groups', 'Filtro de grupos', 'es-ES');
INSERT INTO OKM_TRANSLATION (TR_MODULE, TR_KEY, TR_TEXT, TR_LANGUAGE) VALUES ('frontend', 'security.status.updating', 'Actualizando la seguridad', 'es-ES');
INSERT INTO OKM_TRANSLATION (TR_MODULE, TR_KEY, TR_TEXT, TR_LANGUAGE) VALUES ('frontend', 'preview.unavailable', 'Previsualizacin no disponible', 'es-ES');
INSERT INTO OKM_TRANSLATION (TR_MODULE, TR_KEY, TR_TEXT, TR_LANGUAGE) VALUES ('frontend', 'mail.from', 'Desde', 'es-ES');
INSERT INTO OKM_TRANSLATION (TR_MODULE, TR_KEY, TR_TEXT, TR_LANGUAGE) VALUES ('frontend', 'mail.reply', 'Contestar a', 'es-ES');
INSERT INTO OKM_TRANSLATION (TR_MODULE, TR_KEY, TR_TEXT, TR_LANGUAGE) VALUES ('frontend', 'mail.to', 'Para', 'es-ES');
INSERT INTO OKM_TRANSLATION (TR_MODULE, TR_KEY, TR_TEXT, TR_LANGUAGE) VALUES ('frontend', 'mail.subject', 'Asunto', 'es-ES');
INSERT INTO OKM_TRANSLATION (TR_MODULE, TR_KEY, TR_TEXT, TR_LANGUAGE) VALUES ('frontend', 'mail.attachment', 'Ficheros adjuntos', 'es-ES');
INSERT INTO OKM_TRANSLATION (TR_MODULE, TR_KEY, TR_TEXT, TR_LANGUAGE) VALUES ('frontend', 'error.label', 'El sistema ha generado un error', 'es-ES');
INSERT INTO OKM_TRANSLATION (TR_MODULE, TR_KEY, TR_TEXT, TR_LANGUAGE) VALUES ('frontend', 'error.invocation', 'Error de comunicacin con el servidor', 'es-ES');
INSERT INTO OKM_TRANSLATION (TR_MODULE, TR_KEY, TR_TEXT, TR_LANGUAGE) VALUES ('frontend', 'about.label', 'Sobre OpenKM', 'es-ES');
INSERT INTO OKM_TRANSLATION (TR_MODULE, TR_KEY, TR_TEXT, TR_LANGUAGE) VALUES ('frontend', 'about.loading', 'Cargando ...', 'es-ES');
INSERT INTO OKM_TRANSLATION (TR_MODULE, TR_KEY, TR_TEXT, TR_LANGUAGE) VALUES ('frontend', 'logout.label', 'Salir', 'es-ES');
INSERT INTO OKM_TRANSLATION (TR_MODULE, TR_KEY, TR_TEXT, TR_LANGUAGE) VALUES ('frontend', 'logout.closed', 'OpenKM se ha cerrado correctamente.', 'es-ES');
INSERT INTO OKM_TRANSLATION (TR_MODULE, TR_KEY, TR_TEXT, TR_LANGUAGE) VALUES ('frontend', 'logout.logout', 'OpenKM se est cerrando; por favor espere un momento', 'es-ES');
INSERT INTO OKM_TRANSLATION (TR_MODULE, TR_KEY, TR_TEXT, TR_LANGUAGE) VALUES ('frontend', 'confirm.label', 'Confirmacin', 'es-ES');
INSERT INTO OKM_TRANSLATION (TR_MODULE, TR_KEY, TR_TEXT, TR_LANGUAGE) VALUES ('frontend', 'confirm.delete.folder', 'Seguro que desea eliminar la carpeta?', 'es-ES');
INSERT INTO OKM_TRANSLATION (TR_MODULE, TR_KEY, TR_TEXT, TR_LANGUAGE) VALUES ('frontend', 'confirm.delete.document', 'Seguro que desea eliminar el documento?', 'es-ES');
INSERT INTO OKM_TRANSLATION (TR_MODULE, TR_KEY, TR_TEXT, TR_LANGUAGE) VALUES ('frontend', 'confirm.delete.trash', 'Seguro que desea vaciar la papelera?', 'es-ES');
INSERT INTO OKM_TRANSLATION (TR_MODULE, TR_KEY, TR_TEXT, TR_LANGUAGE) VALUES ('frontend', 'confirm.purge.folder', 'Seguro que desea eliminar la carpeta?', 'es-ES');
INSERT INTO OKM_TRANSLATION (TR_MODULE, TR_KEY, TR_TEXT, TR_LANGUAGE) VALUES ('frontend', 'confirm.purge.document', 'Seguro que desea eliminar el documento?', 'es-ES');
INSERT INTO OKM_TRANSLATION (TR_MODULE, TR_KEY, TR_TEXT, TR_LANGUAGE) VALUES ('frontend', 'confirm.delete.propety.group', 'Seguro que desea eliminar el grupo de propiedades?', 'es-ES');
INSERT INTO OKM_TRANSLATION (TR_MODULE, TR_KEY, TR_TEXT, TR_LANGUAGE) VALUES ('frontend', 'confirm.purge.version.history.document', 'Seguro que desea eliminar el histrico del documento?', 'es-ES');
INSERT INTO OKM_TRANSLATION (TR_MODULE, TR_KEY, TR_TEXT, TR_LANGUAGE) VALUES ('frontend', 'confirm.purge.restore.document', 'Seguro que desea restaurar a esta versin del histrico del documento?', 'es-ES');
INSERT INTO OKM_TRANSLATION (TR_MODULE, TR_KEY, TR_TEXT, TR_LANGUAGE) VALUES ('frontend', 'confirm.set.default.home', 'Seguro que desea establecer el inicio por defecto?', 'es-ES');
INSERT INTO OKM_TRANSLATION (TR_MODULE, TR_KEY, TR_TEXT, TR_LANGUAGE) VALUES ('frontend', 'confirm.delete.saved.search', 'Seguro que desea eliminar la consulta almacenada?', 'es-ES');
INSERT INTO OKM_TRANSLATION (TR_MODULE, TR_KEY, TR_TEXT, TR_LANGUAGE) VALUES ('frontend', 'confirm.delete.user.news', 'Seguro que desea eliminar la novedad de usuario?', 'es-ES');
INSERT INTO OKM_TRANSLATION (TR_MODULE, TR_KEY, TR_TEXT, TR_LANGUAGE) VALUES ('frontend', 'confirm.delete.mail', 'Seguro que desea eliminar el correo electrnico?', 'es-ES');
INSERT INTO OKM_TRANSLATION (TR_MODULE, TR_KEY, TR_TEXT, TR_LANGUAGE) VALUES ('frontend', 'confirm.get.pooled.workflow.task', 'Seguro que desea asignarse esta tarea?', 'es-ES');
INSERT INTO OKM_TRANSLATION (TR_MODULE, TR_KEY, TR_TEXT, TR_LANGUAGE) VALUES ('frontend', 'confirm.force.unlock', 'Seguro que desea forzar el desbloquear del documento?', 'es-ES');
INSERT INTO OKM_TRANSLATION (TR_MODULE, TR_KEY, TR_TEXT, TR_LANGUAGE) VALUES ('frontend', 'confirm.force.cancel.checkout', 'Seguro que desea forzar la cancelacin del documento editado?', 'es-ES');
INSERT INTO OKM_TRANSLATION (TR_MODULE, TR_KEY, TR_TEXT, TR_LANGUAGE) VALUES ('frontend', 'search.context', 'Contexto', 'es-ES');
INSERT INTO OKM_TRANSLATION (TR_MODULE, TR_KEY, TR_TEXT, TR_LANGUAGE) VALUES ('frontend', 'search.content', 'Contenido', 'es-ES');
INSERT INTO OKM_TRANSLATION (TR_MODULE, TR_KEY, TR_TEXT, TR_LANGUAGE) VALUES ('frontend', 'search.name', 'Nombre', 'es-ES');
INSERT INTO OKM_TRANSLATION (TR_MODULE, TR_KEY, TR_TEXT, TR_LANGUAGE) VALUES ('frontend', 'search.keywords', 'Palabras clave', 'es-ES');
INSERT INTO OKM_TRANSLATION (TR_MODULE, TR_KEY, TR_TEXT, TR_LANGUAGE) VALUES ('frontend', 'search.folder', 'Carpeta', 'es-ES');
INSERT INTO OKM_TRANSLATION (TR_MODULE, TR_KEY, TR_TEXT, TR_LANGUAGE) VALUES ('frontend', 'search.category', 'Categora', 'es-ES');
INSERT INTO OKM_TRANSLATION (TR_MODULE, TR_KEY, TR_TEXT, TR_LANGUAGE) VALUES ('frontend', 'search.results', 'Resultados', 'es-ES');
INSERT INTO OKM_TRANSLATION (TR_MODULE, TR_KEY, TR_TEXT, TR_LANGUAGE) VALUES ('frontend', 'search.to', 'al', 'es-ES');
INSERT INTO OKM_TRANSLATION (TR_MODULE, TR_KEY, TR_TEXT, TR_LANGUAGE) VALUES ('frontend', 'search.page.results', 'Resultados por pgina', 'es-ES');
INSERT INTO OKM_TRANSLATION (TR_MODULE, TR_KEY, TR_TEXT, TR_LANGUAGE) VALUES ('frontend', 'search.add.property.group', 'Aadir propiedad de grupo', 'es-ES');
INSERT INTO OKM_TRANSLATION (TR_MODULE, TR_KEY, TR_TEXT, TR_LANGUAGE) VALUES ('frontend', 'search.mimetype', 'Tipo documento', 'es-ES');
INSERT INTO OKM_TRANSLATION (TR_MODULE, TR_KEY, TR_TEXT, TR_LANGUAGE) VALUES ('frontend', 'search.type', 'Tipo', 'es-ES');
INSERT INTO OKM_TRANSLATION (TR_MODULE, TR_KEY, TR_TEXT, TR_LANGUAGE) VALUES ('frontend', 'search.type.document', 'Documento', 'es-ES');
INSERT INTO OKM_TRANSLATION (TR_MODULE, TR_KEY, TR_TEXT, TR_LANGUAGE) VALUES ('frontend', 'search.type.folder', 'Carpeta', 'es-ES');
INSERT INTO OKM_TRANSLATION (TR_MODULE, TR_KEY, TR_TEXT, TR_LANGUAGE) VALUES ('frontend', 'search.type.mail', 'Correo electrnico', 'es-ES');
INSERT INTO OKM_TRANSLATION (TR_MODULE, TR_KEY, TR_TEXT, TR_LANGUAGE) VALUES ('frontend', 'search.advanced', 'Bsqueda avanzada', 'es-ES');
INSERT INTO OKM_TRANSLATION (TR_MODULE, TR_KEY, TR_TEXT, TR_LANGUAGE) VALUES ('frontend', 'search.user', 'Usuario', 'es-ES');
INSERT INTO OKM_TRANSLATION (TR_MODULE, TR_KEY, TR_TEXT, TR_LANGUAGE) VALUES ('frontend', 'search.date.and', 'y', 'es-ES');
INSERT INTO OKM_TRANSLATION (TR_MODULE, TR_KEY, TR_TEXT, TR_LANGUAGE) VALUES ('frontend', 'search.date.range', 'Rango de fechas entre', 'es-ES');
INSERT INTO OKM_TRANSLATION (TR_MODULE, TR_KEY, TR_TEXT, TR_LANGUAGE) VALUES ('frontend', 'search.save.as.news', 'Guardar como novedades de usuario', 'es-ES');
INSERT INTO OKM_TRANSLATION (TR_MODULE, TR_KEY, TR_TEXT, TR_LANGUAGE) VALUES ('frontend', 'search.folder.filter', 'Filtrado por carpeta', 'es-ES');
INSERT INTO OKM_TRANSLATION (TR_MODULE, TR_KEY, TR_TEXT, TR_LANGUAGE) VALUES ('frontend', 'search.category.filter', 'Filtrado por categoras', 'es-ES');
INSERT INTO OKM_TRANSLATION (TR_MODULE, TR_KEY, TR_TEXT, TR_LANGUAGE) VALUES ('frontend', 'search.result.name', 'Nombre', 'es-ES');
INSERT INTO OKM_TRANSLATION (TR_MODULE, TR_KEY, TR_TEXT, TR_LANGUAGE) VALUES ('frontend', 'search.result.score', 'Relevancia', 'es-ES');
INSERT INTO OKM_TRANSLATION (TR_MODULE, TR_KEY, TR_TEXT, TR_LANGUAGE) VALUES ('frontend', 'search.result.size', 'Tamao', 'es-ES');
INSERT INTO OKM_TRANSLATION (TR_MODULE, TR_KEY, TR_TEXT, TR_LANGUAGE) VALUES ('frontend', 'search.result.date.update', 'Fecha de modificacin', 'es-ES');
INSERT INTO OKM_TRANSLATION (TR_MODULE, TR_KEY, TR_TEXT, TR_LANGUAGE) VALUES ('frontend', 'search.result.author', 'Autor', 'es-ES');
INSERT INTO OKM_TRANSLATION (TR_MODULE, TR_KEY, TR_TEXT, TR_LANGUAGE) VALUES ('frontend', 'search.result.version', 'Versin', 'es-ES');
INSERT INTO OKM_TRANSLATION (TR_MODULE, TR_KEY, TR_TEXT, TR_LANGUAGE) VALUES ('frontend', 'search.result.path', 'Ubicacin', 'es-ES');
INSERT INTO OKM_TRANSLATION (TR_MODULE, TR_KEY, TR_TEXT, TR_LANGUAGE) VALUES ('frontend', 'search.result.menu.download', 'Descargar', 'es-ES');
INSERT INTO OKM_TRANSLATION (TR_MODULE, TR_KEY, TR_TEXT, TR_LANGUAGE) VALUES ('frontend', 'search.result.menu.go.folder', 'Ir a la carpeta', 'es-ES');
INSERT INTO OKM_TRANSLATION (TR_MODULE, TR_KEY, TR_TEXT, TR_LANGUAGE) VALUES ('frontend', 'search.result.menu.go.document', 'Ir al documento', 'es-ES');
INSERT INTO OKM_TRANSLATION (TR_MODULE, TR_KEY, TR_TEXT, TR_LANGUAGE) VALUES ('frontend', 'search.result.status.findPaginated', 'Ejecutando bsqueda', 'es-ES');
INSERT INTO OKM_TRANSLATION (TR_MODULE, TR_KEY, TR_TEXT, TR_LANGUAGE) VALUES ('frontend', 'search.result.status.runsearch', 'Ejecutando bsqueda almacenada', 'es-ES');
INSERT INTO OKM_TRANSLATION (TR_MODULE, TR_KEY, TR_TEXT, TR_LANGUAGE) VALUES ('frontend', 'search.saved.run', 'Ejecutar', 'es-ES');
INSERT INTO OKM_TRANSLATION (TR_MODULE, TR_KEY, TR_TEXT, TR_LANGUAGE) VALUES ('frontend', 'search.saved.delete', 'Eliminar', 'es-ES');
INSERT INTO OKM_TRANSLATION (TR_MODULE, TR_KEY, TR_TEXT, TR_LANGUAGE) VALUES ('frontend', 'search.saved.status.getsearchs', 'Actualizando bsquedas almacenadas', 'es-ES');
INSERT INTO OKM_TRANSLATION (TR_MODULE, TR_KEY, TR_TEXT, TR_LANGUAGE) VALUES ('frontend', 'search.saved.status.savesearch', 'Almacenando bsqueda', 'es-ES');
INSERT INTO OKM_TRANSLATION (TR_MODULE, TR_KEY, TR_TEXT, TR_LANGUAGE) VALUES ('frontend', 'search.saved.status.deletesearch', 'Eliminando bsqueda almacenada', 'es-ES');
INSERT INTO OKM_TRANSLATION (TR_MODULE, TR_KEY, TR_TEXT, TR_LANGUAGE) VALUES ('frontend', 'search.saved.status.getusernews', 'Actualizando las novedades de usuario', 'es-ES');
INSERT INTO OKM_TRANSLATION (TR_MODULE, TR_KEY, TR_TEXT, TR_LANGUAGE) VALUES ('frontend', 'button.close', 'Cerrar', 'es-ES');
INSERT INTO OKM_TRANSLATION (TR_MODULE, TR_KEY, TR_TEXT, TR_LANGUAGE) VALUES ('frontend', 'button.logout', 'Salir', 'es-ES');
INSERT INTO OKM_TRANSLATION (TR_MODULE, TR_KEY, TR_TEXT, TR_LANGUAGE) VALUES ('frontend', 'button.update', 'Actualizar', 'es-ES');
INSERT INTO OKM_TRANSLATION (TR_MODULE, TR_KEY, TR_TEXT, TR_LANGUAGE) VALUES ('frontend', 'button.cancel', 'Cancelar', 'es-ES');
INSERT INTO OKM_TRANSLATION (TR_MODULE, TR_KEY, TR_TEXT, TR_LANGUAGE) VALUES ('frontend', 'button.accept', 'Aceptar', 'es-ES');
INSERT INTO OKM_TRANSLATION (TR_MODULE, TR_KEY, TR_TEXT, TR_LANGUAGE) VALUES ('frontend', 'button.restore', 'Restaurar', 'es-ES');
INSERT INTO OKM_TRANSLATION (TR_MODULE, TR_KEY, TR_TEXT, TR_LANGUAGE) VALUES ('frontend', 'button.move', 'Mover', 'es-ES');
INSERT INTO OKM_TRANSLATION (TR_MODULE, TR_KEY, TR_TEXT, TR_LANGUAGE) VALUES ('frontend', 'button.change', 'Modificar', 'es-ES');
INSERT INTO OKM_TRANSLATION (TR_MODULE, TR_KEY, TR_TEXT, TR_LANGUAGE) VALUES ('frontend', 'button.search', 'Buscar', 'es-ES');
INSERT INTO OKM_TRANSLATION (TR_MODULE, TR_KEY, TR_TEXT, TR_LANGUAGE) VALUES ('frontend', 'button.save.search', 'Guardar la consulta', 'es-ES');
INSERT INTO OKM_TRANSLATION (TR_MODULE, TR_KEY, TR_TEXT, TR_LANGUAGE) VALUES ('frontend', 'button.view', 'Ver', 'es-ES');
INSERT INTO OKM_TRANSLATION (TR_MODULE, TR_KEY, TR_TEXT, TR_LANGUAGE) VALUES ('frontend', 'button.clean', 'Limpiar', 'es-ES');
INSERT INTO OKM_TRANSLATION (TR_MODULE, TR_KEY, TR_TEXT, TR_LANGUAGE) VALUES ('frontend', 'button.add', 'Aadir', 'es-ES');
INSERT INTO OKM_TRANSLATION (TR_MODULE, TR_KEY, TR_TEXT, TR_LANGUAGE) VALUES ('frontend', 'button.delete', 'Eliminar', 'es-ES');
INSERT INTO OKM_TRANSLATION (TR_MODULE, TR_KEY, TR_TEXT, TR_LANGUAGE) VALUES ('frontend', 'button.copy', 'Copiar', 'es-ES');
INSERT INTO OKM_TRANSLATION (TR_MODULE, TR_KEY, TR_TEXT, TR_LANGUAGE) VALUES ('frontend', 'button.create', 'Crear', 'es-ES');
INSERT INTO OKM_TRANSLATION (TR_MODULE, TR_KEY, TR_TEXT, TR_LANGUAGE) VALUES ('frontend', 'button.show', 'Mostrar', 'es-ES');
INSERT INTO OKM_TRANSLATION (TR_MODULE, TR_KEY, TR_TEXT, TR_LANGUAGE) VALUES ('frontend', 'button.memory', 'Actualizar', 'es-ES');
INSERT INTO OKM_TRANSLATION (TR_MODULE, TR_KEY, TR_TEXT, TR_LANGUAGE) VALUES ('frontend', 'button.copy.clipboard', 'Copiar al portapapeles', 'es-ES');
INSERT INTO OKM_TRANSLATION (TR_MODULE, TR_KEY, TR_TEXT, TR_LANGUAGE) VALUES ('frontend', 'button.start', 'Iniciar', 'es-ES');
INSERT INTO OKM_TRANSLATION (TR_MODULE, TR_KEY, TR_TEXT, TR_LANGUAGE) VALUES ('frontend', 'button.select', 'Seleccionar', 'es-ES');
INSERT INTO OKM_TRANSLATION (TR_MODULE, TR_KEY, TR_TEXT, TR_LANGUAGE) VALUES ('frontend', 'button.test', 'Comprobar', 'es-ES');
INSERT INTO OKM_TRANSLATION (TR_MODULE, TR_KEY, TR_TEXT, TR_LANGUAGE) VALUES ('frontend', 'button.next', 'Siguiente', 'es-ES');
INSERT INTO OKM_TRANSLATION (TR_MODULE, TR_KEY, TR_TEXT, TR_LANGUAGE) VALUES ('frontend', 'group.label', 'Aadir grupo de propiedad', 'es-ES');
INSERT INTO OKM_TRANSLATION (TR_MODULE, TR_KEY, TR_TEXT, TR_LANGUAGE) VALUES ('frontend', 'group.group', 'Grupo', 'es-ES');
INSERT INTO OKM_TRANSLATION (TR_MODULE, TR_KEY, TR_TEXT, TR_LANGUAGE) VALUES ('frontend', 'group.property.group', 'Propiedad', 'es-ES');
INSERT INTO OKM_TRANSLATION (TR_MODULE, TR_KEY, TR_TEXT, TR_LANGUAGE) VALUES ('frontend', 'bookmark.label', 'Aadir marcador', 'es-ES');
INSERT INTO OKM_TRANSLATION (TR_MODULE, TR_KEY, TR_TEXT, TR_LANGUAGE) VALUES ('frontend', 'bookmark.name', 'Nombre', 'es-ES');
INSERT INTO OKM_TRANSLATION (TR_MODULE, TR_KEY, TR_TEXT, TR_LANGUAGE) VALUES ('frontend', 'bookmark.edit.label', 'Edicin de marcadores', 'es-ES');
INSERT INTO OKM_TRANSLATION (TR_MODULE, TR_KEY, TR_TEXT, TR_LANGUAGE) VALUES ('frontend', 'bookmark.path', 'Ruta', 'es-ES');
INSERT INTO OKM_TRANSLATION (TR_MODULE, TR_KEY, TR_TEXT, TR_LANGUAGE) VALUES ('frontend', 'bookmark.type', 'Tipo', 'es-ES');
INSERT INTO OKM_TRANSLATION (TR_MODULE, TR_KEY, TR_TEXT, TR_LANGUAGE) VALUES ('frontend', 'bookmark.type.document', 'Documento', 'es-ES');
INSERT INTO OKM_TRANSLATION (TR_MODULE, TR_KEY, TR_TEXT, TR_LANGUAGE) VALUES ('frontend', 'bookmark.type.folder', 'Carpeta', 'es-ES');
INSERT INTO OKM_TRANSLATION (TR_MODULE, TR_KEY, TR_TEXT, TR_LANGUAGE) VALUES ('frontend', 'notify.label', 'Enviar enlace del documento', 'es-ES');
INSERT INTO OKM_TRANSLATION (TR_MODULE, TR_KEY, TR_TEXT, TR_LANGUAGE) VALUES ('frontend', 'notify.label.attachment', 'Enviar documento adjunto', 'es-ES');
INSERT INTO OKM_TRANSLATION (TR_MODULE, TR_KEY, TR_TEXT, TR_LANGUAGE) VALUES ('frontend', 'status.document.copied', 'Documento marcado para copiar', 'es-ES');
INSERT INTO OKM_TRANSLATION (TR_MODULE, TR_KEY, TR_TEXT, TR_LANGUAGE) VALUES ('frontend', 'status.document.cut', 'Documento marcado para recortar', 'es-ES');
INSERT INTO OKM_TRANSLATION (TR_MODULE, TR_KEY, TR_TEXT, TR_LANGUAGE) VALUES ('frontend', 'status.folder.copied', 'Carpeta marcada para copiar', 'es-ES');
INSERT INTO OKM_TRANSLATION (TR_MODULE, TR_KEY, TR_TEXT, TR_LANGUAGE) VALUES ('frontend', 'status.folder.cut', 'Carpeta marcada para recortar', 'es-ES');
INSERT INTO OKM_TRANSLATION (TR_MODULE, TR_KEY, TR_TEXT, TR_LANGUAGE) VALUES ('frontend', 'status.keep.alive.error', 'Detectada prdida de conexin con el servidor (keep alive)', 'es-ES');
INSERT INTO OKM_TRANSLATION (TR_MODULE, TR_KEY, TR_TEXT, TR_LANGUAGE) VALUES ('frontend', 'status.debug.enabled', 'Depuracin activada', 'es-ES');
INSERT INTO OKM_TRANSLATION (TR_MODULE, TR_KEY, TR_TEXT, TR_LANGUAGE) VALUES ('frontend', 'status.debug.disabled', 'Depuracin desactivada', 'es-ES');
INSERT INTO OKM_TRANSLATION (TR_MODULE, TR_KEY, TR_TEXT, TR_LANGUAGE) VALUES ('frontend', 'status.network.error.detected', 'Detectado error de red', 'es-ES');
INSERT INTO OKM_TRANSLATION (TR_MODULE, TR_KEY, TR_TEXT, TR_LANGUAGE) VALUES ('frontend', 'calendar.day.sunday', 'Domingo', 'es-ES');
INSERT INTO OKM_TRANSLATION (TR_MODULE, TR_KEY, TR_TEXT, TR_LANGUAGE) VALUES ('frontend', 'calendar.day.monday', 'Lunes', 'es-ES');
INSERT INTO OKM_TRANSLATION (TR_MODULE, TR_KEY, TR_TEXT, TR_LANGUAGE) VALUES ('frontend', 'calendar.day.tuesday', 'Martes', 'es-ES');
INSERT INTO OKM_TRANSLATION (TR_MODULE, TR_KEY, TR_TEXT, TR_LANGUAGE) VALUES ('frontend', 'calendar.day.wednesday', 'Mircoles', 'es-ES');
INSERT INTO OKM_TRANSLATION (TR_MODULE, TR_KEY, TR_TEXT, TR_LANGUAGE) VALUES ('frontend', 'calendar.day.thursday', 'Jueves', 'es-ES');
INSERT INTO OKM_TRANSLATION (TR_MODULE, TR_KEY, TR_TEXT, TR_LANGUAGE) VALUES ('frontend', 'calendar.day.friday', 'Viernes', 'es-ES');
INSERT INTO OKM_TRANSLATION (TR_MODULE, TR_KEY, TR_TEXT, TR_LANGUAGE) VALUES ('frontend', 'calendar.day.saturday', 'Sbado', 'es-ES');
INSERT INTO OKM_TRANSLATION (TR_MODULE, TR_KEY, TR_TEXT, TR_LANGUAGE) VALUES ('frontend', 'calendar.month.january', 'Enero', 'es-ES');
INSERT INTO OKM_TRANSLATION (TR_MODULE, TR_KEY, TR_TEXT, TR_LANGUAGE) VALUES ('frontend', 'calendar.month.february', 'Febrero', 'es-ES');
INSERT INTO OKM_TRANSLATION (TR_MODULE, TR_KEY, TR_TEXT, TR_LANGUAGE) VALUES ('frontend', 'calendar.month.march', 'Marzo', 'es-ES');
INSERT INTO OKM_TRANSLATION (TR_MODULE, TR_KEY, TR_TEXT, TR_LANGUAGE) VALUES ('frontend', 'calendar.month.april', 'Abril', 'es-ES');
INSERT INTO OKM_TRANSLATION (TR_MODULE, TR_KEY, TR_TEXT, TR_LANGUAGE) VALUES ('frontend', 'calendar.month.may', 'Mayo', 'es-ES');
INSERT INTO OKM_TRANSLATION (TR_MODULE, TR_KEY, TR_TEXT, TR_LANGUAGE) VALUES ('frontend', 'calendar.month.june', 'Junio', 'es-ES');
INSERT INTO OKM_TRANSLATION (TR_MODULE, TR_KEY, TR_TEXT, TR_LANGUAGE) VALUES ('frontend', 'calendar.month.july', 'Julio', 'es-ES');
INSERT INTO OKM_TRANSLATION (TR_MODULE, TR_KEY, TR_TEXT, TR_LANGUAGE) VALUES ('frontend', 'calendar.month.august', 'Agosto', 'es-ES');
INSERT INTO OKM_TRANSLATION (TR_MODULE, TR_KEY, TR_TEXT, TR_LANGUAGE) VALUES ('frontend', 'calendar.month.september', 'Septiembre', 'es-ES');
INSERT INTO OKM_TRANSLATION (TR_MODULE, TR_KEY, TR_TEXT, TR_LANGUAGE) VALUES ('frontend', 'calendar.month.october', 'Octubre', 'es-ES');
INSERT INTO OKM_TRANSLATION (TR_MODULE, TR_KEY, TR_TEXT, TR_LANGUAGE) VALUES ('frontend', 'calendar.month.november', 'Noviembre', 'es-ES');
INSERT INTO OKM_TRANSLATION (TR_MODULE, TR_KEY, TR_TEXT, TR_LANGUAGE) VALUES ('frontend', 'calendar.month.december', 'Diciembre', 'es-ES');
INSERT INTO OKM_TRANSLATION (TR_MODULE, TR_KEY, TR_TEXT, TR_LANGUAGE) VALUES ('frontend', 'media.player.label', 'Reproductor multimedia', 'es-ES');
INSERT INTO OKM_TRANSLATION (TR_MODULE, TR_KEY, TR_TEXT, TR_LANGUAGE) VALUES ('frontend', 'image.viewer.label', 'Visor de imgenes', 'es-ES');
INSERT INTO OKM_TRANSLATION (TR_MODULE, TR_KEY, TR_TEXT, TR_LANGUAGE) VALUES ('frontend', 'image.viewer.zoom.in', 'Ampliar', 'es-ES');
INSERT INTO OKM_TRANSLATION (TR_MODULE, TR_KEY, TR_TEXT, TR_LANGUAGE) VALUES ('frontend', 'image.viewer.zoom.out', 'Reducir', 'es-ES');
INSERT INTO OKM_TRANSLATION (TR_MODULE, TR_KEY, TR_TEXT, TR_LANGUAGE) VALUES ('frontend', 'debug.console.label', 'Consola de depuracin', 'es-ES');
INSERT INTO OKM_TRANSLATION (TR_MODULE, TR_KEY, TR_TEXT, TR_LANGUAGE) VALUES ('frontend', 'debug.enable.disable', 'CTRL+Z para activar o desactivar el modo de depuracin', 'es-ES');
INSERT INTO OKM_TRANSLATION (TR_MODULE, TR_KEY, TR_TEXT, TR_LANGUAGE) VALUES ('frontend', 'dashboard.tab.general', 'General', 'es-ES');
INSERT INTO OKM_TRANSLATION (TR_MODULE, TR_KEY, TR_TEXT, TR_LANGUAGE) VALUES ('frontend', 'dashboard.tab.news', 'Novedades', 'es-ES');
INSERT INTO OKM_TRANSLATION (TR_MODULE, TR_KEY, TR_TEXT, TR_LANGUAGE) VALUES ('frontend', 'dashboard.tab.user', 'Usuario', 'es-ES');
INSERT INTO OKM_TRANSLATION (TR_MODULE, TR_KEY, TR_TEXT, TR_LANGUAGE) VALUES ('frontend', 'dashboard.tab.workflow', 'Workflow', 'es-ES');
INSERT INTO OKM_TRANSLATION (TR_MODULE, TR_KEY, TR_TEXT, TR_LANGUAGE) VALUES ('frontend', 'dashboard.tab.mail', 'Correo', 'es-ES');
INSERT INTO OKM_TRANSLATION (TR_MODULE, TR_KEY, TR_TEXT, TR_LANGUAGE) VALUES ('frontend', 'dashboard.tab.keymap', 'Palabras clave', 'es-ES');
INSERT INTO OKM_TRANSLATION (TR_MODULE, TR_KEY, TR_TEXT, TR_LANGUAGE) VALUES ('frontend', 'dashboard.new.items', 'Nuevos', 'es-ES');
INSERT INTO OKM_TRANSLATION (TR_MODULE, TR_KEY, TR_TEXT, TR_LANGUAGE) VALUES ('frontend', 'dashboard.user.locked.documents', 'Documentos bloqueados', 'es-ES');
INSERT INTO OKM_TRANSLATION (TR_MODULE, TR_KEY, TR_TEXT, TR_LANGUAGE) VALUES ('frontend', 'dashboard.user.checkout.documents', 'Documentos en checkout', 'es-ES');
INSERT INTO OKM_TRANSLATION (TR_MODULE, TR_KEY, TR_TEXT, TR_LANGUAGE) VALUES ('frontend', 'dashboard.user.last.modified.documents', 'ltimos documentos modificados', 'es-ES');
INSERT INTO OKM_TRANSLATION (TR_MODULE, TR_KEY, TR_TEXT, TR_LANGUAGE) VALUES ('frontend', 'dashboard.user.last.downloaded.documents', 'ltimos documentos descargados', 'es-ES');
INSERT INTO OKM_TRANSLATION (TR_MODULE, TR_KEY, TR_TEXT, TR_LANGUAGE) VALUES ('frontend', 'dashboard.user.subscribed.documents', 'Documentos suscritos', 'es-ES');
INSERT INTO OKM_TRANSLATION (TR_MODULE, TR_KEY, TR_TEXT, TR_LANGUAGE) VALUES ('frontend', 'dashboard.user.subscribed.folders', 'Carpetas suscritas', 'es-ES');
INSERT INTO OKM_TRANSLATION (TR_MODULE, TR_KEY, TR_TEXT, TR_LANGUAGE) VALUES ('frontend', 'dashboard.user.last.uploaded.documents', 'ltimos documentos subidos', 'es-ES');
INSERT INTO OKM_TRANSLATION (TR_MODULE, TR_KEY, TR_TEXT, TR_LANGUAGE) VALUES ('frontend', 'dashboard.general.last.week.top.downloaded.documents', 'Documentos ms vistos la ltima semana', 'es-ES');
INSERT INTO OKM_TRANSLATION (TR_MODULE, TR_KEY, TR_TEXT, TR_LANGUAGE) VALUES ('frontend', 'dashboard.general.last.month.top.downloaded.documents', 'Documentos ms vistos el ltimo mes', 'es-ES');
INSERT INTO OKM_TRANSLATION (TR_MODULE, TR_KEY, TR_TEXT, TR_LANGUAGE) VALUES ('frontend', 'dashboard.general.last.week.top.modified.documents', 'Documentos ms modificados la ltima semana', 'es-ES');
INSERT INTO OKM_TRANSLATION (TR_MODULE, TR_KEY, TR_TEXT, TR_LANGUAGE) VALUES ('frontend', 'dashboard.general.last.month.top.modified.documents', 'Documentos ms modificados el ltimo mes', 'es-ES');
INSERT INTO OKM_TRANSLATION (TR_MODULE, TR_KEY, TR_TEXT, TR_LANGUAGE) VALUES ('frontend', 'dashboard.general.last.uploaded.documents', 'ltimos documentos subidos', 'es-ES');
INSERT INTO OKM_TRANSLATION (TR_MODULE, TR_KEY, TR_TEXT, TR_LANGUAGE) VALUES ('frontend', 'dashboard.workflow.pending.tasks', 'Tareas pendientes', 'es-ES');
INSERT INTO OKM_TRANSLATION (TR_MODULE, TR_KEY, TR_TEXT, TR_LANGUAGE) VALUES ('frontend', 'dashboard.workflow.pending.tasks.unassigned', 'Tareas pendientes no asignadas', 'es-ES');
INSERT INTO OKM_TRANSLATION (TR_MODULE, TR_KEY, TR_TEXT, TR_LANGUAGE) VALUES ('frontend', 'dashboard.workflow.task', 'Tarea', 'es-ES');
INSERT INTO OKM_TRANSLATION (TR_MODULE, TR_KEY, TR_TEXT, TR_LANGUAGE) VALUES ('frontend', 'dashboard.workflow.task.id', 'ID', 'es-ES');
INSERT INTO OKM_TRANSLATION (TR_MODULE, TR_KEY, TR_TEXT, TR_LANGUAGE) VALUES ('frontend', 'dashboard.workflow.task.name', 'Nombre', 'es-ES');
INSERT INTO OKM_TRANSLATION (TR_MODULE, TR_KEY, TR_TEXT, TR_LANGUAGE) VALUES ('frontend', 'dashboard.workflow.task.created', 'Fecha de creacin', 'es-ES');
INSERT INTO OKM_TRANSLATION (TR_MODULE, TR_KEY, TR_TEXT, TR_LANGUAGE) VALUES ('frontend', 'dashboard.workflow.task.start', 'Fecha de inicio', 'es-ES');
INSERT INTO OKM_TRANSLATION (TR_MODULE, TR_KEY, TR_TEXT, TR_LANGUAGE) VALUES ('frontend', 'dashboard.workflow.task.duedate', 'Fecha lmite', 'es-ES');
INSERT INTO OKM_TRANSLATION (TR_MODULE, TR_KEY, TR_TEXT, TR_LANGUAGE) VALUES ('frontend', 'dashboard.workflow.task.end', 'Fecha de fin', 'es-ES');
INSERT INTO OKM_TRANSLATION (TR_MODULE, TR_KEY, TR_TEXT, TR_LANGUAGE) VALUES ('frontend', 'dashboard.workflow.task.description', 'Descripcin', 'es-ES');
INSERT INTO OKM_TRANSLATION (TR_MODULE, TR_KEY, TR_TEXT, TR_LANGUAGE) VALUES ('frontend', 'dashboard.workflow.task.process.instance', 'Instancia de proceso', 'es-ES');
INSERT INTO OKM_TRANSLATION (TR_MODULE, TR_KEY, TR_TEXT, TR_LANGUAGE) VALUES ('frontend', 'dashboard.workflow.task.process.id', 'ID', 'es-ES');
INSERT INTO OKM_TRANSLATION (TR_MODULE, TR_KEY, TR_TEXT, TR_LANGUAGE) VALUES ('frontend', 'dashboard.workflow.task.process.version', 'Versin', 'es-ES');
INSERT INTO OKM_TRANSLATION (TR_MODULE, TR_KEY, TR_TEXT, TR_LANGUAGE) VALUES ('frontend', 'dashboard.workflow.task.process.name', 'Nombre', 'es-ES');
INSERT INTO OKM_TRANSLATION (TR_MODULE, TR_KEY, TR_TEXT, TR_LANGUAGE) VALUES ('frontend', 'dashboard.workflow.task.process.description', 'Descripcin', 'es-ES');
INSERT INTO OKM_TRANSLATION (TR_MODULE, TR_KEY, TR_TEXT, TR_LANGUAGE) VALUES ('frontend', 'dashboard.workflow.task.process.data', 'Datos', 'es-ES');
INSERT INTO OKM_TRANSLATION (TR_MODULE, TR_KEY, TR_TEXT, TR_LANGUAGE) VALUES ('frontend', 'dashboard.workflow.comments', 'Commentario', 'es-ES');
INSERT INTO OKM_TRANSLATION (TR_MODULE, TR_KEY, TR_TEXT, TR_LANGUAGE) VALUES ('frontend', 'dashboard.workflow.task.process.forms', 'Formulario', 'es-ES');
INSERT INTO OKM_TRANSLATION (TR_MODULE, TR_KEY, TR_TEXT, TR_LANGUAGE) VALUES ('frontend', 'dashboard.workflow.add.comment', 'Aadir comentario', 'es-ES');
INSERT INTO OKM_TRANSLATION (TR_MODULE, TR_KEY, TR_TEXT, TR_LANGUAGE) VALUES ('frontend', 'dashboard.workflow.task.process.definition', 'Definicin de proceso', 'es-ES');
INSERT INTO OKM_TRANSLATION (TR_MODULE, TR_KEY, TR_TEXT, TR_LANGUAGE) VALUES ('frontend', 'dashboard.workflow.task.process.path', 'Ruta', 'es-ES');
INSERT INTO OKM_TRANSLATION (TR_MODULE, TR_KEY, TR_TEXT, TR_LANGUAGE) VALUES ('frontend', 'dashboard.refreshing', 'Refrescando', 'es-ES');
INSERT INTO OKM_TRANSLATION (TR_MODULE, TR_KEY, TR_TEXT, TR_LANGUAGE) VALUES ('frontend', 'dashboard.keyword', 'Palabras clave', 'es-ES');
INSERT INTO OKM_TRANSLATION (TR_MODULE, TR_KEY, TR_TEXT, TR_LANGUAGE) VALUES ('frontend', 'dashboard.keyword.suggest', 'Escribe la palabra', 'es-ES');
INSERT INTO OKM_TRANSLATION (TR_MODULE, TR_KEY, TR_TEXT, TR_LANGUAGE) VALUES ('frontend', 'dashboard.keyword.all', 'Palabras clave', 'es-ES');
INSERT INTO OKM_TRANSLATION (TR_MODULE, TR_KEY, TR_TEXT, TR_LANGUAGE) VALUES ('frontend', 'dashboard.keyword.top', 'Palabras clave ms usadas', 'es-ES');
INSERT INTO OKM_TRANSLATION (TR_MODULE, TR_KEY, TR_TEXT, TR_LANGUAGE) VALUES ('frontend', 'dashboard.keyword.related', 'Palabras clave relacionadas', 'es-ES');
INSERT INTO OKM_TRANSLATION (TR_MODULE, TR_KEY, TR_TEXT, TR_LANGUAGE) VALUES ('frontend', 'dashboard.keyword.goto.document', 'Ir al documento', 'es-ES');
INSERT INTO OKM_TRANSLATION (TR_MODULE, TR_KEY, TR_TEXT, TR_LANGUAGE) VALUES ('frontend', 'dashboard.keyword.clean.keywords', 'Limpiar palabras clave', 'es-ES');
INSERT INTO OKM_TRANSLATION (TR_MODULE, TR_KEY, TR_TEXT, TR_LANGUAGE) VALUES ('frontend', 'dashboard.mail.last.imported.mails', 'Correos electrnicos', 'es-ES');
INSERT INTO OKM_TRANSLATION (TR_MODULE, TR_KEY, TR_TEXT, TR_LANGUAGE) VALUES ('frontend', 'dashboard.mail.last.imported.attached.documents', 'Documentos adjuntos', 'es-ES');
INSERT INTO OKM_TRANSLATION (TR_MODULE, TR_KEY, TR_TEXT, TR_LANGUAGE) VALUES ('frontend', 'workflow.label', 'Iniciar workflow', 'es-ES');
INSERT INTO OKM_TRANSLATION (TR_MODULE, TR_KEY, TR_TEXT, TR_LANGUAGE) VALUES ('frontend', 'user.preferences.label', 'Configuracin de usuario', 'es-ES');
INSERT INTO OKM_TRANSLATION (TR_MODULE, TR_KEY, TR_TEXT, TR_LANGUAGE) VALUES ('frontend', 'user.preferences.user', 'Usuario', 'es-ES');
INSERT INTO OKM_TRANSLATION (TR_MODULE, TR_KEY, TR_TEXT, TR_LANGUAGE) VALUES ('frontend', 'user.preferences.password', 'Clave', 'es-ES');
INSERT INTO OKM_TRANSLATION (TR_MODULE, TR_KEY, TR_TEXT, TR_LANGUAGE) VALUES ('frontend', 'user.preferences.mail', 'Correo electrnico', 'es-ES');
INSERT INTO OKM_TRANSLATION (TR_MODULE, TR_KEY, TR_TEXT, TR_LANGUAGE) VALUES ('frontend', 'user.preferences.roles', 'Roles', 'es-ES');
INSERT INTO OKM_TRANSLATION (TR_MODULE, TR_KEY, TR_TEXT, TR_LANGUAGE) VALUES ('frontend', 'user.preferences.imap.host', 'Servidor de IMAP', 'es-ES');
INSERT INTO OKM_TRANSLATION (TR_MODULE, TR_KEY, TR_TEXT, TR_LANGUAGE) VALUES ('frontend', 'user.preferences.imap.user', 'Usuario de IMAP', 'es-ES');
INSERT INTO OKM_TRANSLATION (TR_MODULE, TR_KEY, TR_TEXT, TR_LANGUAGE) VALUES ('frontend', 'user.preferences.imap.user.password', 'Clave de IMAP', 'es-ES');
INSERT INTO OKM_TRANSLATION (TR_MODULE, TR_KEY, TR_TEXT, TR_LANGUAGE) VALUES ('frontend', 'user.preferences.imap.folder', 'Carpeta de IMAP', 'es-ES');
INSERT INTO OKM_TRANSLATION (TR_MODULE, TR_KEY, TR_TEXT, TR_LANGUAGE) VALUES ('frontend', 'user.preferences.password.error', 'Error: las claves son distintas', 'es-ES');
INSERT INTO OKM_TRANSLATION (TR_MODULE, TR_KEY, TR_TEXT, TR_LANGUAGE) VALUES ('frontend', 'user.preferences.user.data', 'Cuenta de usuario', 'es-ES');
INSERT INTO OKM_TRANSLATION (TR_MODULE, TR_KEY, TR_TEXT, TR_LANGUAGE) VALUES ('frontend', 'user.preferences.mail.data', 'Cuenta de correo', 'es-ES');
INSERT INTO OKM_TRANSLATION (TR_MODULE, TR_KEY, TR_TEXT, TR_LANGUAGE) VALUES ('frontend', 'user.preferences.imap.error', 'Todos los campos son obligatorios para configurar el correo', 'es-ES');
INSERT INTO OKM_TRANSLATION (TR_MODULE, TR_KEY, TR_TEXT, TR_LANGUAGE) VALUES ('frontend', 'user.preferences.imap.password.error.void', 'La clave de IMAP no puede estar vaca en la creacin', 'es-ES');
INSERT INTO OKM_TRANSLATION (TR_MODULE, TR_KEY, TR_TEXT, TR_LANGUAGE) VALUES ('frontend', 'user.preferences.imap.test.error', 'Configuracin de IMAP incorrecta', 'es-ES');
INSERT INTO OKM_TRANSLATION (TR_MODULE, TR_KEY, TR_TEXT, TR_LANGUAGE) VALUES ('frontend', 'user.preferences.imap.test.ok', 'Configuracin de IMAP correcta', 'es-ES');
INSERT INTO OKM_TRANSLATION (TR_MODULE, TR_KEY, TR_TEXT, TR_LANGUAGE) VALUES ('frontend', 'thesaurus.directory.select.label', 'Aadir una palabra clave del thesaurus', 'es-ES');
INSERT INTO OKM_TRANSLATION (TR_MODULE, TR_KEY, TR_TEXT, TR_LANGUAGE) VALUES ('frontend', 'thesaurus.tab.tree', 'Arbol', 'es-ES');
INSERT INTO OKM_TRANSLATION (TR_MODULE, TR_KEY, TR_TEXT, TR_LANGUAGE) VALUES ('frontend', 'thesaurus.tab.keywords', 'Palabras clave', 'es-ES');
INSERT INTO OKM_TRANSLATION (TR_MODULE, TR_KEY, TR_TEXT, TR_LANGUAGE) VALUES ('frontend', 'categories.folder.select.label', 'Aadir categora', 'es-ES');
INSERT INTO OKM_TRANSLATION (TR_MODULE, TR_KEY, TR_TEXT, TR_LANGUAGE) VALUES ('frontend', 'categories.folder.error.delete', 'No se puede eliminar una categora con documentos', 'es-ES');
INSERT INTO OKM_TRANSLATION (TR_MODULE, TR_KEY, TR_TEXT, TR_LANGUAGE) VALUES ('frontend', 'wizard.document.uploading', 'Asistente de documento', 'es-ES');
INSERT INTO OKM_TRANSLATION (TR_MODULE, TR_KEY, TR_TEXT, TR_LANGUAGE) VALUES ('frontend', 'user.info.chat.connect', 'Conectar al chat', 'es-ES');
INSERT INTO OKM_TRANSLATION (TR_MODULE, TR_KEY, TR_TEXT, TR_LANGUAGE) VALUES ('frontend', 'user.info.chat.disconnect', 'Desconectar al chat', 'es-ES');
INSERT INTO OKM_TRANSLATION (TR_MODULE, TR_KEY, TR_TEXT, TR_LANGUAGE) VALUES ('frontend', 'user.info.chat.new.room', 'Nueva ventana', 'es-ES');
INSERT INTO OKM_TRANSLATION (TR_MODULE, TR_KEY, TR_TEXT, TR_LANGUAGE) VALUES ('frontend', 'user.info.locked.actual', 'Documentos bloqueados', 'es-ES');
INSERT INTO OKM_TRANSLATION (TR_MODULE, TR_KEY, TR_TEXT, TR_LANGUAGE) VALUES ('frontend', 'user.info.checkout.actual', 'Documentos editados', 'es-ES');
INSERT INTO OKM_TRANSLATION (TR_MODULE, TR_KEY, TR_TEXT, TR_LANGUAGE) VALUES ('frontend', 'user.info.subscription.actual', 'Suscripciones actuales', 'es-ES');
INSERT INTO OKM_TRANSLATION (TR_MODULE, TR_KEY, TR_TEXT, TR_LANGUAGE) VALUES ('frontend', 'user.info.news.new', 'Novedades', 'es-ES');
INSERT INTO OKM_TRANSLATION (TR_MODULE, TR_KEY, TR_TEXT, TR_LANGUAGE) VALUES ('frontend', 'user.info.workflow.pending', 'Workflows pendientes', 'es-ES');
INSERT INTO OKM_TRANSLATION (TR_MODULE, TR_KEY, TR_TEXT, TR_LANGUAGE) VALUES ('frontend', 'user.info.user.quota', 'Cuota utilizada', 'es-ES');
INSERT INTO OKM_TRANSLATION (TR_MODULE, TR_KEY, TR_TEXT, TR_LANGUAGE) VALUES ('frontend', 'user.online', 'Usuarios conectados', 'es-ES');
INSERT INTO OKM_TRANSLATION (TR_MODULE, TR_KEY, TR_TEXT, TR_LANGUAGE) VALUES ('frontend', 'chat.room', 'Chat', 'es-ES');
INSERT INTO OKM_TRANSLATION (TR_MODULE, TR_KEY, TR_TEXT, TR_LANGUAGE) VALUES ('frontend', 'chat.users.in.room', 'Usuarios', 'es-ES');
INSERT INTO OKM_TRANSLATION (TR_MODULE, TR_KEY, TR_TEXT, TR_LANGUAGE) VALUES ('frontend', 'OKM-017009', 'No tiene permisos para acceder al documento', 'es-ES');
INSERT INTO OKM_TRANSLATION (TR_MODULE, TR_KEY, TR_TEXT, TR_LANGUAGE) VALUES ('frontend', 'OKM-017004', 'No se pudo bloquear el documento', 'es-ES');
INSERT INTO OKM_TRANSLATION (TR_MODULE, TR_KEY, TR_TEXT, TR_LANGUAGE) VALUES ('frontend', 'OKM-017001', 'Error interno del repositorio', 'es-ES');
INSERT INTO OKM_TRANSLATION (TR_MODULE, TR_KEY, TR_TEXT, TR_LANGUAGE) VALUES ('frontend', 'OKM-017015', 'La ruta del documento no existe', 'es-ES');
INSERT INTO OKM_TRANSLATION (TR_MODULE, TR_KEY, TR_TEXT, TR_LANGUAGE) VALUES ('frontend', 'OKM-017016', 'Error en la versin', 'es-ES');
INSERT INTO OKM_TRANSLATION (TR_MODULE, TR_KEY, TR_TEXT, TR_LANGUAGE) VALUES ('frontend', 'OKM-002009', 'No tiene permisos para acceder al documento', 'es-ES');
INSERT INTO OKM_TRANSLATION (TR_MODULE, TR_KEY, TR_TEXT, TR_LANGUAGE) VALUES ('frontend', 'OKM-002002', 'No existe un documento con ese nombre', 'es-ES');
INSERT INTO OKM_TRANSLATION (TR_MODULE, TR_KEY, TR_TEXT, TR_LANGUAGE) VALUES ('frontend', 'OKM-002003', 'Ya existe un documento con ese nombre', 'es-ES');
INSERT INTO OKM_TRANSLATION (TR_MODULE, TR_KEY, TR_TEXT, TR_LANGUAGE) VALUES ('frontend', 'OKM-002004', 'No se pudo bloquear el documento', 'es-ES');
INSERT INTO OKM_TRANSLATION (TR_MODULE, TR_KEY, TR_TEXT, TR_LANGUAGE) VALUES ('frontend', 'OKM-002004', 'No se pudo desbloquear el documento', 'es-ES');
INSERT INTO OKM_TRANSLATION (TR_MODULE, TR_KEY, TR_TEXT, TR_LANGUAGE) VALUES ('frontend', 'OKM-002001', 'Error interno del repositorio', 'es-ES');
INSERT INTO OKM_TRANSLATION (TR_MODULE, TR_KEY, TR_TEXT, TR_LANGUAGE) VALUES ('frontend', 'OKM-002006', 'Error interno de la aplicacin', 'es-ES');
INSERT INTO OKM_TRANSLATION (TR_MODULE, TR_KEY, TR_TEXT, TR_LANGUAGE) VALUES ('frontend', 'OKM-002015', 'La ruta del documento no existe', 'es-ES');
INSERT INTO OKM_TRANSLATION (TR_MODULE, TR_KEY, TR_TEXT, TR_LANGUAGE) VALUES ('frontend', 'OKM-002024', 'Error en la base de datos', 'es-ES');
INSERT INTO OKM_TRANSLATION (TR_MODULE, TR_KEY, TR_TEXT, TR_LANGUAGE) VALUES ('frontend', 'OKM-001009', 'No tiene permisos para acceder a la carpeta', 'es-ES');
INSERT INTO OKM_TRANSLATION (TR_MODULE, TR_KEY, TR_TEXT, TR_LANGUAGE) VALUES ('frontend', 'OKM-001002', 'No existe una carpeta con ese nombre', 'es-ES');
INSERT INTO OKM_TRANSLATION (TR_MODULE, TR_KEY, TR_TEXT, TR_LANGUAGE) VALUES ('frontend', 'OKM-001003', 'Ya existe una carpeta con ese nombre', 'es-ES');
INSERT INTO OKM_TRANSLATION (TR_MODULE, TR_KEY, TR_TEXT, TR_LANGUAGE) VALUES ('frontend', 'OKM-001001', 'Error interno del repositorio', 'es-ES');
INSERT INTO OKM_TRANSLATION (TR_MODULE, TR_KEY, TR_TEXT, TR_LANGUAGE) VALUES ('frontend', 'OKM-001006', 'Error interno de la aplicacin', 'es-ES');
INSERT INTO OKM_TRANSLATION (TR_MODULE, TR_KEY, TR_TEXT, TR_LANGUAGE) VALUES ('frontend', 'OKM-001015', 'La ruta de la carpeta no existe', 'es-ES');
INSERT INTO OKM_TRANSLATION (TR_MODULE, TR_KEY, TR_TEXT, TR_LANGUAGE) VALUES ('frontend', 'OKM-001024', 'Error en la base de datos', 'es-ES');
INSERT INTO OKM_TRANSLATION (TR_MODULE, TR_KEY, TR_TEXT, TR_LANGUAGE) VALUES ('frontend', 'OKM-007009', 'No tiene permisos para acceder al elemento', 'es-ES');
INSERT INTO OKM_TRANSLATION (TR_MODULE, TR_KEY, TR_TEXT, TR_LANGUAGE) VALUES ('frontend', 'OKM-007002', 'No existe un elemento con ese nombre', 'es-ES');
INSERT INTO OKM_TRANSLATION (TR_MODULE, TR_KEY, TR_TEXT, TR_LANGUAGE) VALUES ('frontend', 'OKM-007001', 'Error interno del repositorio', 'es-ES');
INSERT INTO OKM_TRANSLATION (TR_MODULE, TR_KEY, TR_TEXT, TR_LANGUAGE) VALUES ('frontend', 'OKM-007006', 'Error interno de la aplicacin', 'es-ES');
INSERT INTO OKM_TRANSLATION (TR_MODULE, TR_KEY, TR_TEXT, TR_LANGUAGE) VALUES ('frontend', 'OKM-007024', 'Error en la base de datos', 'es-ES');
INSERT INTO OKM_TRANSLATION (TR_MODULE, TR_KEY, TR_TEXT, TR_LANGUAGE) VALUES ('frontend', 'OKM-009002', 'No existe un documento con ese nombre', 'es-ES');
INSERT INTO OKM_TRANSLATION (TR_MODULE, TR_KEY, TR_TEXT, TR_LANGUAGE) VALUES ('frontend', 'OKM-009006', 'Error interno de la aplicacin', 'es-ES');
INSERT INTO OKM_TRANSLATION (TR_MODULE, TR_KEY, TR_TEXT, TR_LANGUAGE) VALUES ('frontend', 'OKM-005010', 'Tipo de fichero no soportado', 'es-ES');
INSERT INTO OKM_TRANSLATION (TR_MODULE, TR_KEY, TR_TEXT, TR_LANGUAGE) VALUES ('frontend', 'OKM-005003', 'Ya existe un documento con ese nombre', 'es-ES');
INSERT INTO OKM_TRANSLATION (TR_MODULE, TR_KEY, TR_TEXT, TR_LANGUAGE) VALUES ('frontend', 'OKM-005011', 'El documento es demasiado grande', 'es-ES');
INSERT INTO OKM_TRANSLATION (TR_MODULE, TR_KEY, TR_TEXT, TR_LANGUAGE) VALUES ('frontend', 'OKM-005027', 'El nombre del documento no coincide', 'es-ES');
INSERT INTO OKM_TRANSLATION (TR_MODULE, TR_KEY, TR_TEXT, TR_LANGUAGE) VALUES ('frontend', 'OKM-004001', 'La sesin se ha cerrado', 'es-ES');
INSERT INTO OKM_TRANSLATION (TR_MODULE, TR_KEY, TR_TEXT, TR_LANGUAGE) VALUES ('frontend', 'OKM-004024', 'Error en la base de datos', 'es-ES');
INSERT INTO OKM_TRANSLATION (TR_MODULE, TR_KEY, TR_TEXT, TR_LANGUAGE) VALUES ('frontend', 'OKM-008001', 'Error genrico al ejecutar la consulta', 'es-ES');
INSERT INTO OKM_TRANSLATION (TR_MODULE, TR_KEY, TR_TEXT, TR_LANGUAGE) VALUES ('frontend', 'OKM-008003', 'El nombre de la consulta almacenada debe ser nico', 'es-ES');
INSERT INTO OKM_TRANSLATION (TR_MODULE, TR_KEY, TR_TEXT, TR_LANGUAGE) VALUES ('frontend', 'OKM-008024', 'Error en la base de datos', 'es-ES');
INSERT INTO OKM_TRANSLATION (TR_MODULE, TR_KEY, TR_TEXT, TR_LANGUAGE) VALUES ('frontend', 'OKM-011003', 'El nombre del marcador deber ser nico', 'es-ES');
INSERT INTO OKM_TRANSLATION (TR_MODULE, TR_KEY, TR_TEXT, TR_LANGUAGE) VALUES ('frontend', 'OKM-003017', 'Se ha perdido la sesin', 'es-ES');
INSERT INTO OKM_TRANSLATION (TR_MODULE, TR_KEY, TR_TEXT, TR_LANGUAGE) VALUES ('frontend', 'OKM-013001', 'Error interno del repositorio', 'es-ES');
INSERT INTO OKM_TRANSLATION (TR_MODULE, TR_KEY, TR_TEXT, TR_LANGUAGE) VALUES ('frontend', 'OKM-013024', 'Error en la base de datos', 'es-ES');
INSERT INTO OKM_TRANSLATION (TR_MODULE, TR_KEY, TR_TEXT, TR_LANGUAGE) VALUES ('frontend', 'OKM-014001', 'Error interno del repositorio', 'es-ES');
INSERT INTO OKM_TRANSLATION (TR_MODULE, TR_KEY, TR_TEXT, TR_LANGUAGE) VALUES ('frontend', 'OKM-014013', 'Error en el dispositivo de entrada/salida', 'es-ES');
INSERT INTO OKM_TRANSLATION (TR_MODULE, TR_KEY, TR_TEXT, TR_LANGUAGE) VALUES ('frontend', 'OKM-015001', 'Error interno del repositorio', 'es-ES');
INSERT INTO OKM_TRANSLATION (TR_MODULE, TR_KEY, TR_TEXT, TR_LANGUAGE) VALUES ('frontend', 'OKM-015024', 'Error en la base de datos', 'es-ES');
INSERT INTO OKM_TRANSLATION (TR_MODULE, TR_KEY, TR_TEXT, TR_LANGUAGE) VALUES ('frontend', 'OKM-018022', 'Error en la configuracin del navegador', 'es-ES');
INSERT INTO OKM_TRANSLATION (TR_MODULE, TR_KEY, TR_TEXT, TR_LANGUAGE) VALUES ('frontend', 'OKM-018023', 'Error ha excedido la cuota de usuario,  contacte con el administrador', 'es-ES');
INSERT INTO OKM_TRANSLATION (TR_MODULE, TR_KEY, TR_TEXT, TR_LANGUAGE) VALUES ('frontend', 'OKM-016009', 'No tiene permisos para acceder al correo', 'es-ES');
INSERT INTO OKM_TRANSLATION (TR_MODULE, TR_KEY, TR_TEXT, TR_LANGUAGE) VALUES ('frontend', 'OKM-016002', 'No existe un correo con ese nombre', 'es-ES');
INSERT INTO OKM_TRANSLATION (TR_MODULE, TR_KEY, TR_TEXT, TR_LANGUAGE) VALUES ('frontend', 'OKM-016003', 'Ya existe un correo con ese nombre', 'es-ES');
INSERT INTO OKM_TRANSLATION (TR_MODULE, TR_KEY, TR_TEXT, TR_LANGUAGE) VALUES ('frontend', 'OKM-016004', 'No se pudo desbloquear el correo', 'es-ES');
INSERT INTO OKM_TRANSLATION (TR_MODULE, TR_KEY, TR_TEXT, TR_LANGUAGE) VALUES ('frontend', 'OKM-016001', 'Error interno del repositorio', 'es-ES');
INSERT INTO OKM_TRANSLATION (TR_MODULE, TR_KEY, TR_TEXT, TR_LANGUAGE) VALUES ('frontend', 'OKM-016006', 'Error interno de la aplicacin', 'es-ES');
INSERT INTO OKM_TRANSLATION (TR_MODULE, TR_KEY, TR_TEXT, TR_LANGUAGE) VALUES ('frontend', 'OKM-016015', 'La ruta del correo no existe', 'es-ES');
INSERT INTO OKM_TRANSLATION (TR_MODULE, TR_KEY, TR_TEXT, TR_LANGUAGE) VALUES ('frontend', 'OKM-016024', 'Error en la base de datos', 'es-ES');
INSERT INTO OKM_TRANSLATION (TR_MODULE, TR_KEY, TR_TEXT, TR_LANGUAGE) VALUES ('frontend', 'OKM-010015', 'La ruta del no existe', 'es-ES');
INSERT INTO OKM_TRANSLATION (TR_MODULE, TR_KEY, TR_TEXT, TR_LANGUAGE) VALUES ('frontend', 'OKM-010009', 'No tiene permisos para acceder', 'es-ES');
INSERT INTO OKM_TRANSLATION (TR_MODULE, TR_KEY, TR_TEXT, TR_LANGUAGE) VALUES ('frontend', 'OKM-010001', 'Error interno del repositorio', 'es-ES');
INSERT INTO OKM_TRANSLATION (TR_MODULE, TR_KEY, TR_TEXT, TR_LANGUAGE) VALUES ('frontend', 'OKM-010024', 'Error en la base de datos', 'es-ES');
INSERT INTO OKM_TRANSLATION (TR_MODULE, TR_KEY, TR_TEXT, TR_LANGUAGE) VALUES ('frontend', 'OKM-010006', 'Error interno de la aplicacin   ', 'es-ES');
INSERT INTO OKM_TRANSLATION (TR_MODULE, TR_KEY, TR_TEXT, TR_LANGUAGE) VALUES ('frontend', 'OKM-009004', 'Bloqueado', 'es-ES');
INSERT INTO OKM_TRANSLATION (TR_MODULE, TR_KEY, TR_TEXT, TR_LANGUAGE) VALUES ('frontend', 'OKM-009015', 'La ruta no existe', 'es-ES');
INSERT INTO OKM_TRANSLATION (TR_MODULE, TR_KEY, TR_TEXT, TR_LANGUAGE) VALUES ('frontend', 'OKM-009009', 'No tiene permisos para acceder', 'es-ES');
INSERT INTO OKM_TRANSLATION (TR_MODULE, TR_KEY, TR_TEXT, TR_LANGUAGE) VALUES ('frontend', 'OKM-009001', 'Error interno del repositorio', 'es-ES');
INSERT INTO OKM_TRANSLATION (TR_MODULE, TR_KEY, TR_TEXT, TR_LANGUAGE) VALUES ('frontend', 'OKM-009024', 'Error en la base de datos', 'es-ES');
INSERT INTO OKM_TRANSLATION (TR_MODULE, TR_KEY, TR_TEXT, TR_LANGUAGE) VALUES ('frontend', 'OKM-009006', 'Error interno de la aplicacin', 'es-ES');
INSERT INTO OKM_TRANSLATION (TR_MODULE, TR_KEY, TR_TEXT, TR_LANGUAGE) VALUES ('frontend', 'OKM-009012', 'No existe el grupo', 'es-ES');
INSERT INTO OKM_TRANSLATION (TR_MODULE, TR_KEY, TR_TEXT, TR_LANGUAGE) VALUES ('frontend', 'OKM-009014', 'No existe la propiedad', 'es-ES');
INSERT INTO OKM_TRANSLATION (TR_MODULE, TR_KEY, TR_TEXT, TR_LANGUAGE) VALUES ('frontend', 'OKM-009013', 'Error en el dispositivo de entrada/salida', 'es-ES');
INSERT INTO OKM_TRANSLATION (TR_MODULE, TR_KEY, TR_TEXT, TR_LANGUAGE) VALUES ('frontend', 'OKM-012001', 'Error interno del repositorio', 'es-ES');
INSERT INTO OKM_TRANSLATION (TR_MODULE, TR_KEY, TR_TEXT, TR_LANGUAGE) VALUES ('frontend', 'OKM-012006', 'Error interno de la aplicacin', 'es-ES');
INSERT INTO OKM_TRANSLATION (TR_MODULE, TR_KEY, TR_TEXT, TR_LANGUAGE) VALUES ('frontend', 'OKM-012015', 'La ruta del no existe', 'es-ES');
INSERT INTO OKM_TRANSLATION (TR_MODULE, TR_KEY, TR_TEXT, TR_LANGUAGE) VALUES ('frontend', 'OKM-012024', 'Error en la base de datos', 'es-ES');
INSERT INTO OKM_TRANSLATION (TR_MODULE, TR_KEY, TR_TEXT, TR_LANGUAGE) VALUES ('frontend', 'OKM-012009', 'No tiene permisos para acceder', 'es-ES');
INSERT INTO OKM_TRANSLATION (TR_MODULE, TR_KEY, TR_TEXT, TR_LANGUAGE) VALUES ('frontend', 'OKM-019001', 'Error interno del repositorio', 'es-ES');
INSERT INTO OKM_TRANSLATION (TR_MODULE, TR_KEY, TR_TEXT, TR_LANGUAGE) VALUES ('frontend', 'OKM-019006', 'Error interno de la aplicacin', 'es-ES');
INSERT INTO OKM_TRANSLATION (TR_MODULE, TR_KEY, TR_TEXT, TR_LANGUAGE) VALUES ('frontend', 'OKM-019024', 'Error en la base de datos', 'es-ES');
INSERT INTO OKM_TRANSLATION (TR_MODULE, TR_KEY, TR_TEXT, TR_LANGUAGE) VALUES ('frontend', 'OKM-023024', 'Database error', 'es-ES');
INSERT INTO OKM_TRANSLATION (TR_MODULE, TR_KEY, TR_TEXT, TR_LANGUAGE) VALUES ('frontend', 'OKM-023025', 'PrincipalAdapter error', 'es-ES');
INSERT INTO OKM_TRANSLATION (TR_MODULE, TR_KEY, TR_TEXT, TR_LANGUAGE) VALUES ('frontend', 'OKM-023001', 'Error en el repositorio', 'es-ES');
INSERT INTO OKM_TRANSLATION (TR_MODULE, TR_KEY, TR_TEXT, TR_LANGUAGE) VALUES ('frontend', 'OKM-023029', 'Error en el login', 'es-ES');
INSERT INTO OKM_TRANSLATION (TR_MODULE, TR_KEY, TR_TEXT, TR_LANGUAGE) VALUES ('extension', 'messaging.label.propose', 'Propuestas', 'es-ES');
INSERT INTO OKM_TRANSLATION (TR_MODULE, TR_KEY, TR_TEXT, TR_LANGUAGE) VALUES ('extension', 'dashboard.tab.messaging', 'Mensajera', 'es-ES');
INSERT INTO OKM_TRANSLATION (TR_MODULE, TR_KEY, TR_TEXT, TR_LANGUAGE) VALUES ('extension', 'dasboard.messaging.get.proposed.subscriptions', 'Obteniendo las propuestas de subscripciones', 'es-ES');
INSERT INTO OKM_TRANSLATION (TR_MODULE, TR_KEY, TR_TEXT, TR_LANGUAGE) VALUES ('extension', 'messaging.message.date', 'Fecha', 'es-ES');
INSERT INTO OKM_TRANSLATION (TR_MODULE, TR_KEY, TR_TEXT, TR_LANGUAGE) VALUES ('extension', 'messaging.message.type', 'Tipo', 'es-ES');
INSERT INTO OKM_TRANSLATION (TR_MODULE, TR_KEY, TR_TEXT, TR_LANGUAGE) VALUES ('extension', 'messaging.message.user', 'Usuario', 'es-ES');
INSERT INTO OKM_TRANSLATION (TR_MODULE, TR_KEY, TR_TEXT, TR_LANGUAGE) VALUES ('frontend', 'validator.password.error.min.length', 'Password error: demasiado corto', 'es-ES');
INSERT INTO OKM_TRANSLATION (TR_MODULE, TR_KEY, TR_TEXT, TR_LANGUAGE) VALUES ('frontend', 'validator.password.error.max.length', 'Password error: demasiado largo', 'es-ES');
INSERT INTO OKM_TRANSLATION (TR_MODULE, TR_KEY, TR_TEXT, TR_LANGUAGE) VALUES ('frontend', 'validator.password.error.min.lowercase', 'Password error: faltan carcteres en minscula', 'es-ES');
INSERT INTO OKM_TRANSLATION (TR_MODULE, TR_KEY, TR_TEXT, TR_LANGUAGE) VALUES ('frontend', 'validator.password.error.max.uppercase', 'Password error: faltan carcteres en mayscula', 'es-ES');
INSERT INTO OKM_TRANSLATION (TR_MODULE, TR_KEY, TR_TEXT, TR_LANGUAGE) VALUES ('frontend', 'validator.password.error.min.digits', 'Password error: faltan dgitos', 'es-ES');
INSERT INTO OKM_TRANSLATION (TR_MODULE, TR_KEY, TR_TEXT, TR_LANGUAGE) VALUES ('frontend', 'validator.password.error.min.special', 'Password error: faltan carcteres especiales', 'es-ES');
INSERT INTO OKM_TRANSLATION (TR_MODULE, TR_KEY, TR_TEXT, TR_LANGUAGE) VALUES ('extension', 'general.date.pattern', 'dd-MM-yyyy hh:mm:ss', 'es-ES');
INSERT INTO OKM_TRANSLATION (TR_MODULE, TR_KEY, TR_TEXT, TR_LANGUAGE) VALUES ('extension', 'messaging.message.type.propose.folder', 'Carpeta propuesta', 'es-ES');
INSERT INTO OKM_TRANSLATION (TR_MODULE, TR_KEY, TR_TEXT, TR_LANGUAGE) VALUES ('extension', 'messaging.message.type.propose.document', 'Documento propuesto', 'es-ES');
INSERT INTO OKM_TRANSLATION (TR_MODULE, TR_KEY, TR_TEXT, TR_LANGUAGE) VALUES ('extension', 'messaging.detail.from', 'De', 'es-ES');
INSERT INTO OKM_TRANSLATION (TR_MODULE, TR_KEY, TR_TEXT, TR_LANGUAGE) VALUES ('extension', 'messaging.detail.to', 'A', 'es-ES');
INSERT INTO OKM_TRANSLATION (TR_MODULE, TR_KEY, TR_TEXT, TR_LANGUAGE) VALUES ('extension', 'messaging.detail.type', 'Tipo', 'es-ES');
INSERT INTO OKM_TRANSLATION (TR_MODULE, TR_KEY, TR_TEXT, TR_LANGUAGE) VALUES ('extension', 'messaging.detail.date', 'Fecha', 'es-ES');
INSERT INTO OKM_TRANSLATION (TR_MODULE, TR_KEY, TR_TEXT, TR_LANGUAGE) VALUES ('extension', 'messaging.detail.document', 'Documento', 'es-ES');
INSERT INTO OKM_TRANSLATION (TR_MODULE, TR_KEY, TR_TEXT, TR_LANGUAGE) VALUES ('extension', 'messaging.detail.folder', 'Carpeta', 'es-ES');
INSERT INTO OKM_TRANSLATION (TR_MODULE, TR_KEY, TR_TEXT, TR_LANGUAGE) VALUES ('extension', 'button.subscribe', 'Suscribirse', 'es-ES');
INSERT INTO OKM_TRANSLATION (TR_MODULE, TR_KEY, TR_TEXT, TR_LANGUAGE) VALUES ('extension', 'dasboard.messaging.add.subscription', 'Aadiendo subscripcin', 'es-ES');
INSERT INTO OKM_TRANSLATION (TR_MODULE, TR_KEY, TR_TEXT, TR_LANGUAGE) VALUES ('extension', 'dasboard.messaging.mark.propose.accepted', 'Marcar la propuesta como aceptada', 'es-ES');
INSERT INTO OKM_TRANSLATION (TR_MODULE, TR_KEY, TR_TEXT, TR_LANGUAGE) VALUES ('extension', 'messaging.detail.subscribed', 'Suscrito', 'es-ES');
INSERT INTO OKM_TRANSLATION (TR_MODULE, TR_KEY, TR_TEXT, TR_LANGUAGE) VALUES ('extension', 'dasboard.messaging.mark.propose.seen', 'Marcar la propuesta como vista', 'es-ES');
INSERT INTO OKM_TRANSLATION (TR_MODULE, TR_KEY, TR_TEXT, TR_LANGUAGE) VALUES ('extension', 'messaging.message.delete', 'Eliminar', 'es-ES');
INSERT INTO OKM_TRANSLATION (TR_MODULE, TR_KEY, TR_TEXT, TR_LANGUAGE) VALUES ('extension', 'dasboard.messaging.delete.propose', 'Eliminando propuesta', 'es-ES');
INSERT INTO OKM_TRANSLATION (TR_MODULE, TR_KEY, TR_TEXT, TR_LANGUAGE) VALUES ('extension', 'messaging.detail.subscribed', 'Subscrito', 'es-ES');
INSERT INTO OKM_TRANSLATION (TR_MODULE, TR_KEY, TR_TEXT, TR_LANGUAGE) VALUES ('extension', 'dasboard.messaging.delete.proposed.subscriptions', 'Eliminando las propuestas de subscripcin', 'es-ES');
INSERT INTO OKM_TRANSLATION (TR_MODULE, TR_KEY, TR_TEXT, TR_LANGUAGE) VALUES ('extension', 'messaging.share.query', 'Compartir consulta', 'es-ES');
INSERT INTO OKM_TRANSLATION (TR_MODULE, TR_KEY, TR_TEXT, TR_LANGUAGE) VALUES ('frontend', 'OKM-024024', 'Database error', 'es-ES');
INSERT INTO OKM_TRANSLATION (TR_MODULE, TR_KEY, TR_TEXT, TR_LANGUAGE) VALUES ('frontend', 'OKM-024025', 'PrincipalAdapter error', 'es-ES');
INSERT INTO OKM_TRANSLATION (TR_MODULE, TR_KEY, TR_TEXT, TR_LANGUAGE) VALUES ('frontend', 'propose.query.title', 'Proponer una consulta', 'es-ES');
INSERT INTO OKM_TRANSLATION (TR_MODULE, TR_KEY, TR_TEXT, TR_LANGUAGE) VALUES ('extension', 'dasboard.messaging.get.proposed.queries', 'Obteniendo consultas propuestas', 'es-ES');
INSERT INTO OKM_TRANSLATION (TR_MODULE, TR_KEY, TR_TEXT, TR_LANGUAGE) VALUES ('extension', 'messaging.message.type.propose.query', 'Consulta propuesta', 'es-ES');
INSERT INTO OKM_TRANSLATION (TR_MODULE, TR_KEY, TR_TEXT, TR_LANGUAGE) VALUES ('extension', 'messaging.detail.shared', 'Compartido', 'es-ES');
INSERT INTO OKM_TRANSLATION (TR_MODULE, TR_KEY, TR_TEXT, TR_LANGUAGE) VALUES ('extension', 'messaging.label.share.query', 'Consultas propuestas', 'es-ES');
INSERT INTO OKM_TRANSLATION (TR_MODULE, TR_KEY, TR_TEXT, TR_LANGUAGE) VALUES ('extension', 'dasboard.messaging.delete.proposed.query', 'Eliminando consulta propuesta', 'es-ES');
INSERT INTO OKM_TRANSLATION (TR_MODULE, TR_KEY, TR_TEXT, TR_LANGUAGE) VALUES ('frontend', 'OKM-0024001', 'Error en el respositorio', 'es-ES');
INSERT INTO OKM_TRANSLATION (TR_MODULE, TR_KEY, TR_TEXT, TR_LANGUAGE) VALUES ('frontend', 'OKM-0024013', 'Error en el sistema de entrada/salida', 'es-ES');
INSERT INTO OKM_TRANSLATION (TR_MODULE, TR_KEY, TR_TEXT, TR_LANGUAGE) VALUES ('frontend', 'OKM-0024015', 'Error ruta no encontrada', 'es-ES');
INSERT INTO OKM_TRANSLATION (TR_MODULE, TR_KEY, TR_TEXT, TR_LANGUAGE) VALUES ('frontend', 'OKM-0024019', 'Error en el parser', 'es-ES');
INSERT INTO OKM_TRANSLATION (TR_MODULE, TR_KEY, TR_TEXT, TR_LANGUAGE) VALUES ('extension', 'messaging.message.type.propose.user.query', 'Propuesta de consulta de usuario', 'es-ES');
INSERT INTO OKM_TRANSLATION (TR_MODULE, TR_KEY, TR_TEXT, TR_LANGUAGE) VALUES ('extension', 'messaging.detail.query', 'Consulta', 'es-ES');
INSERT INTO OKM_TRANSLATION (TR_MODULE, TR_KEY, TR_TEXT, TR_LANGUAGE) VALUES ('extension', 'button.accept', 'Aceptar', 'es-ES');
INSERT INTO OKM_TRANSLATION (TR_MODULE, TR_KEY, TR_TEXT, TR_LANGUAGE) VALUES ('extension', 'dasboard.messaging.add.query', 'Aadiendo consulta', 'es-ES');
INSERT INTO OKM_LANGUAGE (LG_ID, LG_NAME, LG_IMAGE_CONTENT, LG_IMAGE_MIME) VALUES ('ar-PS', 'Arabic', 'R0lGODlhEAALANUAAEixSJIAAEKtQfsAAPxKSjuqOwBTAP5dXVO1U1y6XGNjY0xMTGtra9bW1iiiKABHAPv7+4J4eEJCQlNTUzQ0NPydn/tERBqbGwA4AP1WVv96egArAP1PUP1vb/Ly8vmOkdDQ0Pn5+fT19TinOCwsLHBwcfmIibVpP+hsYvpESbxcXJSbXQBgADCmMGK+YjWpNWNZWVxcXPxoaOt7eyGfIf5ZWVhXV91TSvPz8/j4+Pf39/T09PX19fb29v8AAAAAACH5BAAAAAAALAAAAAAQAAsAAAaDwMBvSCwafbOIslRiMBSKmG2y+Pk0BxVsQl1IJBQKqXo91G4ViDqU0/V4vcagc8hwMmm2m7fjyekcBBYWJm1vOzgiIHMcHBYpH4Z8OB47izKCN5F7iB4eOJcWJwACBS8tDg40FxcFGwMoKy4JCQgIAKSlIyMbAQYsLAbCDw8YxhvIG0EAOw==', 'image/gif');
INSERT INTO OKM_TRANSLATION (TR_MODULE, TR_KEY, TR_TEXT, TR_LANGUAGE) VALUES ('frontend', 'general.date.pattern', 'dd-MM-yyyy hh:mm:ss', 'ar-PS');
INSERT INTO OKM_TRANSLATION (TR_MODULE, TR_KEY, TR_TEXT, TR_LANGUAGE) VALUES ('frontend', 'general.day.pattern', 'dd-MM-yyyy', 'ar-PS');
INSERT INTO OKM_TRANSLATION (TR_MODULE, TR_KEY, TR_TEXT, TR_LANGUAGE) VALUES ('frontend', 'general.hour.pattern', 'HH:mm:ss', 'ar-PS');
INSERT INTO OKM_TRANSLATION (TR_MODULE, TR_KEY, TR_TEXT, TR_LANGUAGE) VALUES ('frontend', 'startup.openkm', 'OpenKM ', 'ar-PS');
INSERT INTO OKM_TRANSLATION (TR_MODULE, TR_KEY, TR_TEXT, TR_LANGUAGE) VALUES ('frontend', 'startup.starting.loading', 'OpenKM  ', 'ar-PS');
INSERT INTO OKM_TRANSLATION (TR_MODULE, TR_KEY, TR_TEXT, TR_LANGUAGE) VALUES ('frontend', 'startup.taxonomy', '   ', 'ar-PS');
INSERT INTO OKM_TRANSLATION (TR_MODULE, TR_KEY, TR_TEXT, TR_LANGUAGE) VALUES ('frontend', 'startup.categories', '   ', 'ar-PS');
INSERT INTO OKM_TRANSLATION (TR_MODULE, TR_KEY, TR_TEXT, TR_LANGUAGE) VALUES ('frontend', 'startup.thesaurus', '    ', 'ar-PS');
INSERT INTO OKM_TRANSLATION (TR_MODULE, TR_KEY, TR_TEXT, TR_LANGUAGE) VALUES ('frontend', 'startup.template', '   ', 'ar-PS');
INSERT INTO OKM_TRANSLATION (TR_MODULE, TR_KEY, TR_TEXT, TR_LANGUAGE) VALUES ('frontend', 'startup.personal', '    ', 'ar-PS');
INSERT INTO OKM_TRANSLATION (TR_MODULE, TR_KEY, TR_TEXT, TR_LANGUAGE) VALUES ('frontend', 'startup.mail', '     ', 'ar-PS');
INSERT INTO OKM_TRANSLATION (TR_MODULE, TR_KEY, TR_TEXT, TR_LANGUAGE) VALUES ('frontend', 'startup.trash', '   ', 'ar-PS');
INSERT INTO OKM_TRANSLATION (TR_MODULE, TR_KEY, TR_TEXT, TR_LANGUAGE) VALUES ('frontend', 'startup.user.home', '  ', 'ar-PS');
INSERT INTO OKM_TRANSLATION (TR_MODULE, TR_KEY, TR_TEXT, TR_LANGUAGE) VALUES ('frontend', 'startup.bookmarks', ' ', 'ar-PS');
INSERT INTO OKM_TRANSLATION (TR_MODULE, TR_KEY, TR_TEXT, TR_LANGUAGE) VALUES ('frontend', 'startup.loading.taxonomy', ' ', 'ar-PS');
INSERT INTO OKM_TRANSLATION (TR_MODULE, TR_KEY, TR_TEXT, TR_LANGUAGE) VALUES ('frontend', 'startup.loading.taxonomy.getting.folders', '  -  ', 'ar-PS');
INSERT INTO OKM_TRANSLATION (TR_MODULE, TR_KEY, TR_TEXT, TR_LANGUAGE) VALUES ('frontend', 'startup.loading.taxonomy.eval.params', '  -   ', 'ar-PS');
INSERT INTO OKM_TRANSLATION (TR_MODULE, TR_KEY, TR_TEXT, TR_LANGUAGE) VALUES ('frontend', 'startup.loading.taxonomy.open.path', '  -  ', 'ar-PS');
INSERT INTO OKM_TRANSLATION (TR_MODULE, TR_KEY, TR_TEXT, TR_LANGUAGE) VALUES ('frontend', 'startup.loading.taxonomy.getting.filebrowser.folders', '  -  ', 'ar-PS');
INSERT INTO OKM_TRANSLATION (TR_MODULE, TR_KEY, TR_TEXT, TR_LANGUAGE) VALUES ('frontend', 'startup.loading.taxonomy.getting.filebrowser.documents', '  -  ', 'ar-PS');
INSERT INTO OKM_TRANSLATION (TR_MODULE, TR_KEY, TR_TEXT, TR_LANGUAGE) VALUES ('frontend', 'startup.loading.taxonomy.getting.filebrowser.mails', '  -  ', 'ar-PS');
INSERT INTO OKM_TRANSLATION (TR_MODULE, TR_KEY, TR_TEXT, TR_LANGUAGE) VALUES ('frontend', 'startup.loading.personal', '   ', 'ar-PS');
INSERT INTO OKM_TRANSLATION (TR_MODULE, TR_KEY, TR_TEXT, TR_LANGUAGE) VALUES ('frontend', 'startup.loading.mail', '  ', 'ar-PS');
INSERT INTO OKM_TRANSLATION (TR_MODULE, TR_KEY, TR_TEXT, TR_LANGUAGE) VALUES ('frontend', 'startup.loading.categories', ' ', 'ar-PS');
INSERT INTO OKM_TRANSLATION (TR_MODULE, TR_KEY, TR_TEXT, TR_LANGUAGE) VALUES ('frontend', 'startup.loading.thesaurus', '  ', 'ar-PS');
INSERT INTO OKM_TRANSLATION (TR_MODULE, TR_KEY, TR_TEXT, TR_LANGUAGE) VALUES ('frontend', 'startup.loading.templates', ' ', 'ar-PS');
INSERT INTO OKM_TRANSLATION (TR_MODULE, TR_KEY, TR_TEXT, TR_LANGUAGE) VALUES ('frontend', 'startup.loading.trash', '  ', 'ar-PS');
INSERT INTO OKM_TRANSLATION (TR_MODULE, TR_KEY, TR_TEXT, TR_LANGUAGE) VALUES ('frontend', 'startup.loading.history.search', '    ', 'ar-PS');
INSERT INTO OKM_TRANSLATION (TR_MODULE, TR_KEY, TR_TEXT, TR_LANGUAGE) VALUES ('frontend', 'startup.loading.user.values', '  ', 'ar-PS');
INSERT INTO OKM_TRANSLATION (TR_MODULE, TR_KEY, TR_TEXT, TR_LANGUAGE) VALUES ('frontend', 'startup.keep.alive', '   ', 'ar-PS');
INSERT INTO OKM_TRANSLATION (TR_MODULE, TR_KEY, TR_TEXT, TR_LANGUAGE) VALUES ('frontend', 'openkm.update.available', 'OpenKM   ', 'ar-PS');
INSERT INTO OKM_TRANSLATION (TR_MODULE, TR_KEY, TR_TEXT, TR_LANGUAGE) VALUES ('frontend', 'leftpanel.label.taxonomy', '', 'ar-PS');
INSERT INTO OKM_TRANSLATION (TR_MODULE, TR_KEY, TR_TEXT, TR_LANGUAGE) VALUES ('frontend', 'leftpanel.label.trash', ' ', 'ar-PS');
INSERT INTO OKM_TRANSLATION (TR_MODULE, TR_KEY, TR_TEXT, TR_LANGUAGE) VALUES ('frontend', 'leftpanel.label.mail', ' ', 'ar-PS');
INSERT INTO OKM_TRANSLATION (TR_MODULE, TR_KEY, TR_TEXT, TR_LANGUAGE) VALUES ('frontend', 'leftpanel.label.stored.search', ' ', 'ar-PS');
INSERT INTO OKM_TRANSLATION (TR_MODULE, TR_KEY, TR_TEXT, TR_LANGUAGE) VALUES ('frontend', 'leftpanel.label.categories', '', 'ar-PS');
INSERT INTO OKM_TRANSLATION (TR_MODULE, TR_KEY, TR_TEXT, TR_LANGUAGE) VALUES ('frontend', 'leftpanel.label.thesaurus', ' ', 'ar-PS');
INSERT INTO OKM_TRANSLATION (TR_MODULE, TR_KEY, TR_TEXT, TR_LANGUAGE) VALUES ('frontend', 'leftpanel.label.templates', '', 'ar-PS');
INSERT INTO OKM_TRANSLATION (TR_MODULE, TR_KEY, TR_TEXT, TR_LANGUAGE) VALUES ('frontend', 'leftpanel.label.my.documents', '', 'ar-PS');
INSERT INTO OKM_TRANSLATION (TR_MODULE, TR_KEY, TR_TEXT, TR_LANGUAGE) VALUES ('frontend', 'leftpanel.label.user.search', ' ', 'ar-PS');
INSERT INTO OKM_TRANSLATION (TR_MODULE, TR_KEY, TR_TEXT, TR_LANGUAGE) VALUES ('frontend', 'leftpanel.label.all.repository', ' ', 'ar-PS');
INSERT INTO OKM_TRANSLATION (TR_MODULE, TR_KEY, TR_TEXT, TR_LANGUAGE) VALUES ('frontend', 'tree.menu.directory.create', ' ', 'ar-PS');
INSERT INTO OKM_TRANSLATION (TR_MODULE, TR_KEY, TR_TEXT, TR_LANGUAGE) VALUES ('frontend', 'tree.menu.directory.remove', '', 'ar-PS');
INSERT INTO OKM_TRANSLATION (TR_MODULE, TR_KEY, TR_TEXT, TR_LANGUAGE) VALUES ('frontend', 'tree.menu.directory.rename', ' ', 'ar-PS');
INSERT INTO OKM_TRANSLATION (TR_MODULE, TR_KEY, TR_TEXT, TR_LANGUAGE) VALUES ('frontend', 'tree.menu.directory.refresh', '', 'ar-PS');
INSERT INTO OKM_TRANSLATION (TR_MODULE, TR_KEY, TR_TEXT, TR_LANGUAGE) VALUES ('frontend', 'tree.menu.directory.move', '', 'ar-PS');
INSERT INTO OKM_TRANSLATION (TR_MODULE, TR_KEY, TR_TEXT, TR_LANGUAGE) VALUES ('frontend', 'tree.menu.directory.copy', '', 'ar-PS');
INSERT INTO OKM_TRANSLATION (TR_MODULE, TR_KEY, TR_TEXT, TR_LANGUAGE) VALUES ('frontend', 'tree.menu.directory.add.document', ' ', 'ar-PS');
INSERT INTO OKM_TRANSLATION (TR_MODULE, TR_KEY, TR_TEXT, TR_LANGUAGE) VALUES ('frontend', 'tree.menu.add.bookmark', '  ', 'ar-PS');
INSERT INTO OKM_TRANSLATION (TR_MODULE, TR_KEY, TR_TEXT, TR_LANGUAGE) VALUES ('frontend', 'tree.menu.set.home', ' ', 'ar-PS');
INSERT INTO OKM_TRANSLATION (TR_MODULE, TR_KEY, TR_TEXT, TR_LANGUAGE) VALUES ('frontend', 'tree.menu.export', '  ', 'ar-PS');
INSERT INTO OKM_TRANSLATION (TR_MODULE, TR_KEY, TR_TEXT, TR_LANGUAGE) VALUES ('frontend', 'tree.status.refresh.folder', '  ', 'ar-PS');
INSERT INTO OKM_TRANSLATION (TR_MODULE, TR_KEY, TR_TEXT, TR_LANGUAGE) VALUES ('frontend', 'tree.status.refresh.create', ' ', 'ar-PS');
INSERT INTO OKM_TRANSLATION (TR_MODULE, TR_KEY, TR_TEXT, TR_LANGUAGE) VALUES ('frontend', 'tree.status.refresh.delete', ' ', 'ar-PS');
INSERT INTO OKM_TRANSLATION (TR_MODULE, TR_KEY, TR_TEXT, TR_LANGUAGE) VALUES ('frontend', 'tree.status.refresh.rename', '  ', 'ar-PS');
INSERT INTO OKM_TRANSLATION (TR_MODULE, TR_KEY, TR_TEXT, TR_LANGUAGE) VALUES ('frontend', 'tree.status.refresh.restore', ' ', 'ar-PS');
INSERT INTO OKM_TRANSLATION (TR_MODULE, TR_KEY, TR_TEXT, TR_LANGUAGE) VALUES ('frontend', 'tree.status.refresh.purge', ' ', 'ar-PS');
INSERT INTO OKM_TRANSLATION (TR_MODULE, TR_KEY, TR_TEXT, TR_LANGUAGE) VALUES ('frontend', 'tree.status.refresh.get', ' ', 'ar-PS');
INSERT INTO OKM_TRANSLATION (TR_MODULE, TR_KEY, TR_TEXT, TR_LANGUAGE) VALUES ('frontend', 'tree.folder.new', ' ', 'ar-PS');
INSERT INTO OKM_TRANSLATION (TR_MODULE, TR_KEY, TR_TEXT, TR_LANGUAGE) VALUES ('frontend', 'tree.status.refresh.add.subscription', ' ', 'ar-PS');
INSERT INTO OKM_TRANSLATION (TR_MODULE, TR_KEY, TR_TEXT, TR_LANGUAGE) VALUES ('frontend', 'tree.status.refresh.remove.subscription', ' ', 'ar-PS');
INSERT INTO OKM_TRANSLATION (TR_MODULE, TR_KEY, TR_TEXT, TR_LANGUAGE) VALUES ('frontend', 'tree.status.refresh.get.root', '  ', 'ar-PS');
INSERT INTO OKM_TRANSLATION (TR_MODULE, TR_KEY, TR_TEXT, TR_LANGUAGE) VALUES ('frontend', 'tree.status.refresh.get.keywords', '  ', 'ar-PS');
INSERT INTO OKM_TRANSLATION (TR_MODULE, TR_KEY, TR_TEXT, TR_LANGUAGE) VALUES ('frontend', 'tree.status.refresh.get.user.home', '   ', 'ar-PS');
INSERT INTO OKM_TRANSLATION (TR_MODULE, TR_KEY, TR_TEXT, TR_LANGUAGE) VALUES ('frontend', 'tree.status.refresh.purge.trash', '  ', 'ar-PS');
INSERT INTO OKM_TRANSLATION (TR_MODULE, TR_KEY, TR_TEXT, TR_LANGUAGE) VALUES ('frontend', 'tree.menu.directory.find.folder', 'Find folder', 'ar-PS');
INSERT INTO OKM_TRANSLATION (TR_MODULE, TR_KEY, TR_TEXT, TR_LANGUAGE) VALUES ('frontend', 'trash.menu.directory.restore', '', 'ar-PS');
INSERT INTO OKM_TRANSLATION (TR_MODULE, TR_KEY, TR_TEXT, TR_LANGUAGE) VALUES ('frontend', 'trash.menu.directory.purge', '', 'ar-PS');
INSERT INTO OKM_TRANSLATION (TR_MODULE, TR_KEY, TR_TEXT, TR_LANGUAGE) VALUES ('frontend', 'trash.menu.directory.purge.trash', '  ', 'ar-PS');
INSERT INTO OKM_TRANSLATION (TR_MODULE, TR_KEY, TR_TEXT, TR_LANGUAGE) VALUES ('frontend', 'trash.directory.select.label', '  ', 'ar-PS');
INSERT INTO OKM_TRANSLATION (TR_MODULE, TR_KEY, TR_TEXT, TR_LANGUAGE) VALUES ('frontend', 'general.menu.file', '', 'ar-PS');
INSERT INTO OKM_TRANSLATION (TR_MODULE, TR_KEY, TR_TEXT, TR_LANGUAGE) VALUES ('frontend', 'general.menu.file.exit', '', 'ar-PS');
INSERT INTO OKM_TRANSLATION (TR_MODULE, TR_KEY, TR_TEXT, TR_LANGUAGE) VALUES ('frontend', 'general.menu.file.purge.trash', '  ', 'ar-PS');
INSERT INTO OKM_TRANSLATION (TR_MODULE, TR_KEY, TR_TEXT, TR_LANGUAGE) VALUES ('frontend', 'general.menu.edit', '', 'ar-PS');
INSERT INTO OKM_TRANSLATION (TR_MODULE, TR_KEY, TR_TEXT, TR_LANGUAGE) VALUES ('frontend', 'general.menu.file.create.directory', ' ', 'ar-PS');
INSERT INTO OKM_TRANSLATION (TR_MODULE, TR_KEY, TR_TEXT, TR_LANGUAGE) VALUES ('frontend', 'general.menu.file.download.document', ' ', 'ar-PS');
INSERT INTO OKM_TRANSLATION (TR_MODULE, TR_KEY, TR_TEXT, TR_LANGUAGE) VALUES ('frontend', 'general.menu.file.download.document.pdf', 'PDF ', 'ar-PS');
INSERT INTO OKM_TRANSLATION (TR_MODULE, TR_KEY, TR_TEXT, TR_LANGUAGE) VALUES ('frontend', 'general.menu.file.send.link', '  ', 'ar-PS');
INSERT INTO OKM_TRANSLATION (TR_MODULE, TR_KEY, TR_TEXT, TR_LANGUAGE) VALUES ('frontend', 'general.menu.file.send.attachment', 'Send document attachment', 'ar-PS');
INSERT INTO OKM_TRANSLATION (TR_MODULE, TR_KEY, TR_TEXT, TR_LANGUAGE) VALUES ('frontend', 'general.menu.file.lock', '', 'ar-PS');
INSERT INTO OKM_TRANSLATION (TR_MODULE, TR_KEY, TR_TEXT, TR_LANGUAGE) VALUES ('frontend', 'general.menu.file.unlock', ' ', 'ar-PS');
INSERT INTO OKM_TRANSLATION (TR_MODULE, TR_KEY, TR_TEXT, TR_LANGUAGE) VALUES ('frontend', 'general.menu.file.add.document', ' ', 'ar-PS');
INSERT INTO OKM_TRANSLATION (TR_MODULE, TR_KEY, TR_TEXT, TR_LANGUAGE) VALUES ('frontend', 'general.menu.file.checkout', '', 'ar-PS');
INSERT INTO OKM_TRANSLATION (TR_MODULE, TR_KEY, TR_TEXT, TR_LANGUAGE) VALUES ('frontend', 'general.menu.file.checkin', ' ', 'ar-PS');
INSERT INTO OKM_TRANSLATION (TR_MODULE, TR_KEY, TR_TEXT, TR_LANGUAGE) VALUES ('frontend', 'general.menu.file.cancel.checkout', ' ', 'ar-PS');
INSERT INTO OKM_TRANSLATION (TR_MODULE, TR_KEY, TR_TEXT, TR_LANGUAGE) VALUES ('frontend', 'general.menu.file.delete', '', 'ar-PS');
INSERT INTO OKM_TRANSLATION (TR_MODULE, TR_KEY, TR_TEXT, TR_LANGUAGE) VALUES ('frontend', 'general.menu.file.refresh', '', 'ar-PS');
INSERT INTO OKM_TRANSLATION (TR_MODULE, TR_KEY, TR_TEXT, TR_LANGUAGE) VALUES ('frontend', 'general.menu.file.scanner', ' ', 'ar-PS');
INSERT INTO OKM_TRANSLATION (TR_MODULE, TR_KEY, TR_TEXT, TR_LANGUAGE) VALUES ('frontend', 'general.menu.file.uploader', ' ', 'ar-PS');
INSERT INTO OKM_TRANSLATION (TR_MODULE, TR_KEY, TR_TEXT, TR_LANGUAGE) VALUES ('frontend', 'general.menu.tools', '', 'ar-PS');
INSERT INTO OKM_TRANSLATION (TR_MODULE, TR_KEY, TR_TEXT, TR_LANGUAGE) VALUES ('frontend', 'general.menu.tools.languages', '', 'ar-PS');
INSERT INTO OKM_TRANSLATION (TR_MODULE, TR_KEY, TR_TEXT, TR_LANGUAGE) VALUES ('frontend', 'general.menu.tools.skin', '  ', 'ar-PS');
INSERT INTO OKM_TRANSLATION (TR_MODULE, TR_KEY, TR_TEXT, TR_LANGUAGE) VALUES ('frontend', 'general.menu.tools.skin.default', '', 'ar-PS');
INSERT INTO OKM_TRANSLATION (TR_MODULE, TR_KEY, TR_TEXT, TR_LANGUAGE) VALUES ('frontend', 'general.menu.tools.skin.default2', ' 2', 'ar-PS');
INSERT INTO OKM_TRANSLATION (TR_MODULE, TR_KEY, TR_TEXT, TR_LANGUAGE) VALUES ('frontend', 'general.menu.tools.skin.mediumfont', ' ', 'ar-PS');
INSERT INTO OKM_TRANSLATION (TR_MODULE, TR_KEY, TR_TEXT, TR_LANGUAGE) VALUES ('frontend', 'general.menu.tools.skin.bigfont', ' ', 'ar-PS');
INSERT INTO OKM_TRANSLATION (TR_MODULE, TR_KEY, TR_TEXT, TR_LANGUAGE) VALUES ('frontend', 'general.menu.debug.console', '', 'ar-PS');
INSERT INTO OKM_TRANSLATION (TR_MODULE, TR_KEY, TR_TEXT, TR_LANGUAGE) VALUES ('frontend', 'general.menu.administration', ' ', 'ar-PS');
INSERT INTO OKM_TRANSLATION (TR_MODULE, TR_KEY, TR_TEXT, TR_LANGUAGE) VALUES ('frontend', 'general.menu.tools.preferences', '', 'ar-PS');
INSERT INTO OKM_TRANSLATION (TR_MODULE, TR_KEY, TR_TEXT, TR_LANGUAGE) VALUES ('frontend', 'general.menu.tools.user.preferences', '  ', 'ar-PS');
INSERT INTO OKM_TRANSLATION (TR_MODULE, TR_KEY, TR_TEXT, TR_LANGUAGE) VALUES ('frontend', 'general.menu.bookmark', '', 'ar-PS');
INSERT INTO OKM_TRANSLATION (TR_MODULE, TR_KEY, TR_TEXT, TR_LANGUAGE) VALUES ('frontend', 'general.menu.bookmark.home', '', 'ar-PS');
INSERT INTO OKM_TRANSLATION (TR_MODULE, TR_KEY, TR_TEXT, TR_LANGUAGE) VALUES ('frontend', 'general.menu.bookmark.default.home', '  ', 'ar-PS');
INSERT INTO OKM_TRANSLATION (TR_MODULE, TR_KEY, TR_TEXT, TR_LANGUAGE) VALUES ('frontend', 'general.menu.bookmark.edit', ' ', 'ar-PS');
INSERT INTO OKM_TRANSLATION (TR_MODULE, TR_KEY, TR_TEXT, TR_LANGUAGE) VALUES ('frontend', 'general.menu.help', '', 'ar-PS');
INSERT INTO OKM_TRANSLATION (TR_MODULE, TR_KEY, TR_TEXT, TR_LANGUAGE) VALUES ('frontend', 'general.menu.bug.report', ' ', 'ar-PS');
INSERT INTO OKM_TRANSLATION (TR_MODULE, TR_KEY, TR_TEXT, TR_LANGUAGE) VALUES ('frontend', 'general.menu.support.request', ' ', 'ar-PS');
INSERT INTO OKM_TRANSLATION (TR_MODULE, TR_KEY, TR_TEXT, TR_LANGUAGE) VALUES ('frontend', 'general.menu.public.forum', ' ', 'ar-PS');
INSERT INTO OKM_TRANSLATION (TR_MODULE, TR_KEY, TR_TEXT, TR_LANGUAGE) VALUES ('frontend', 'general.menu.project.web', ' ', 'ar-PS');
INSERT INTO OKM_TRANSLATION (TR_MODULE, TR_KEY, TR_TEXT, TR_LANGUAGE) VALUES ('frontend', 'general.menu.version.changes', ' ', 'ar-PS');
INSERT INTO OKM_TRANSLATION (TR_MODULE, TR_KEY, TR_TEXT, TR_LANGUAGE) VALUES ('frontend', 'general.menu.documentation', '', 'ar-PS');
INSERT INTO OKM_TRANSLATION (TR_MODULE, TR_KEY, TR_TEXT, TR_LANGUAGE) VALUES ('frontend', 'general.menu.about', 'OpenKM ', 'ar-PS');
INSERT INTO OKM_TRANSLATION (TR_MODULE, TR_KEY, TR_TEXT, TR_LANGUAGE) VALUES ('frontend', 'general.connected', ' ', 'ar-PS');
INSERT INTO OKM_TRANSLATION (TR_MODULE, TR_KEY, TR_TEXT, TR_LANGUAGE) VALUES ('frontend', 'filebrowser.name', '', 'ar-PS');
INSERT INTO OKM_TRANSLATION (TR_MODULE, TR_KEY, TR_TEXT, TR_LANGUAGE) VALUES ('frontend', 'filebrowser.date.update', ' ', 'ar-PS');
INSERT INTO OKM_TRANSLATION (TR_MODULE, TR_KEY, TR_TEXT, TR_LANGUAGE) VALUES ('frontend', 'filebrowser.size', '', 'ar-PS');
INSERT INTO OKM_TRANSLATION (TR_MODULE, TR_KEY, TR_TEXT, TR_LANGUAGE) VALUES ('frontend', 'filebrowser.path', '', 'ar-PS');
INSERT INTO OKM_TRANSLATION (TR_MODULE, TR_KEY, TR_TEXT, TR_LANGUAGE) VALUES ('frontend', 'filebrowser.author', '', 'ar-PS');
INSERT INTO OKM_TRANSLATION (TR_MODULE, TR_KEY, TR_TEXT, TR_LANGUAGE) VALUES ('frontend', 'filebrowser.version', '', 'ar-PS');
INSERT INTO OKM_TRANSLATION (TR_MODULE, TR_KEY, TR_TEXT, TR_LANGUAGE) VALUES ('frontend', 'filebrowser.menu.checkout', '', 'ar-PS');
INSERT INTO OKM_TRANSLATION (TR_MODULE, TR_KEY, TR_TEXT, TR_LANGUAGE) VALUES ('frontend', 'filebrowser.menu.checkin', ' ', 'ar-PS');
INSERT INTO OKM_TRANSLATION (TR_MODULE, TR_KEY, TR_TEXT, TR_LANGUAGE) VALUES ('frontend', 'filebrowser.menu.delete', '', 'ar-PS');
INSERT INTO OKM_TRANSLATION (TR_MODULE, TR_KEY, TR_TEXT, TR_LANGUAGE) VALUES ('frontend', 'filebrowser.menu.rename', ' ', 'ar-PS');
INSERT INTO OKM_TRANSLATION (TR_MODULE, TR_KEY, TR_TEXT, TR_LANGUAGE) VALUES ('frontend', 'filebrowser.menu.checkout.cancel', '', 'ar-PS');
INSERT INTO OKM_TRANSLATION (TR_MODULE, TR_KEY, TR_TEXT, TR_LANGUAGE) VALUES ('frontend', 'filebrowser.menu.lock', '', 'ar-PS');
INSERT INTO OKM_TRANSLATION (TR_MODULE, TR_KEY, TR_TEXT, TR_LANGUAGE) VALUES ('frontend', 'filebrowser.menu.unlock', ' ', 'ar-PS');
INSERT INTO OKM_TRANSLATION (TR_MODULE, TR_KEY, TR_TEXT, TR_LANGUAGE) VALUES ('frontend', 'filebrowser.menu.download', '', 'ar-PS');
INSERT INTO OKM_TRANSLATION (TR_MODULE, TR_KEY, TR_TEXT, TR_LANGUAGE) VALUES ('frontend', 'filebrowser.menu.move', '', 'ar-PS');
INSERT INTO OKM_TRANSLATION (TR_MODULE, TR_KEY, TR_TEXT, TR_LANGUAGE) VALUES ('frontend', 'filebrowser.menu.copy', '', 'ar-PS');
INSERT INTO OKM_TRANSLATION (TR_MODULE, TR_KEY, TR_TEXT, TR_LANGUAGE) VALUES ('frontend', 'filebrowser.menu.create.from.template', '  ', 'ar-PS');
INSERT INTO OKM_TRANSLATION (TR_MODULE, TR_KEY, TR_TEXT, TR_LANGUAGE) VALUES ('frontend', 'filebrowser.menu.add.property.group', '  ', 'ar-PS');
INSERT INTO OKM_TRANSLATION (TR_MODULE, TR_KEY, TR_TEXT, TR_LANGUAGE) VALUES ('frontend', 'filebrowser.menu.remove.property.group', '  ', 'ar-PS');
INSERT INTO OKM_TRANSLATION (TR_MODULE, TR_KEY, TR_TEXT, TR_LANGUAGE) VALUES ('frontend', 'filebrowser.menu.start.workflow', '  ', 'ar-PS');
INSERT INTO OKM_TRANSLATION (TR_MODULE, TR_KEY, TR_TEXT, TR_LANGUAGE) VALUES ('frontend', 'filebrowser.menu.add.subscription', ' ', 'ar-PS');
INSERT INTO OKM_TRANSLATION (TR_MODULE, TR_KEY, TR_TEXT, TR_LANGUAGE) VALUES ('frontend', 'filebrowser.menu.remove.subscription', ' ', 'ar-PS');
INSERT INTO OKM_TRANSLATION (TR_MODULE, TR_KEY, TR_TEXT, TR_LANGUAGE) VALUES ('frontend', 'filebrowser.menu.add.bookmark', ' ', 'ar-PS');
INSERT INTO OKM_TRANSLATION (TR_MODULE, TR_KEY, TR_TEXT, TR_LANGUAGE) VALUES ('frontend', 'filebrowser.menu.set.home', '  ', 'ar-PS');
INSERT INTO OKM_TRANSLATION (TR_MODULE, TR_KEY, TR_TEXT, TR_LANGUAGE) VALUES ('frontend', 'filebrowser.menu.refresh', '', 'ar-PS');
INSERT INTO OKM_TRANSLATION (TR_MODULE, TR_KEY, TR_TEXT, TR_LANGUAGE) VALUES ('frontend', 'filebrowser.menu.export', '   ', 'ar-PS');
INSERT INTO OKM_TRANSLATION (TR_MODULE, TR_KEY, TR_TEXT, TR_LANGUAGE) VALUES ('frontend', 'filebrowser.menu.play', '  ', 'ar-PS');
INSERT INTO OKM_TRANSLATION (TR_MODULE, TR_KEY, TR_TEXT, TR_LANGUAGE) VALUES ('frontend', 'filebrowser.menu.image.viewer', ' ', 'ar-PS');
INSERT INTO OKM_TRANSLATION (TR_MODULE, TR_KEY, TR_TEXT, TR_LANGUAGE) VALUES ('frontend', 'filebrowser.status.refresh.folder', '  ', 'ar-PS');
INSERT INTO OKM_TRANSLATION (TR_MODULE, TR_KEY, TR_TEXT, TR_LANGUAGE) VALUES ('frontend', 'filebrowser.status.refresh.document', '  ', 'ar-PS');
INSERT INTO OKM_TRANSLATION (TR_MODULE, TR_KEY, TR_TEXT, TR_LANGUAGE) VALUES ('frontend', 'filebrowser.status.refresh.mail', '  ', 'ar-PS');
INSERT INTO OKM_TRANSLATION (TR_MODULE, TR_KEY, TR_TEXT, TR_LANGUAGE) VALUES ('frontend', 'filebrowser.status.refresh.delete.folder', ' ', 'ar-PS');
INSERT INTO OKM_TRANSLATION (TR_MODULE, TR_KEY, TR_TEXT, TR_LANGUAGE) VALUES ('frontend', 'filebrowser.status.refresh.delete.document', ' ', 'ar-PS');
INSERT INTO OKM_TRANSLATION (TR_MODULE, TR_KEY, TR_TEXT, TR_LANGUAGE) VALUES ('frontend', 'filebrowser.status.refresh.checkout', ' ', 'ar-PS');
INSERT INTO OKM_TRANSLATION (TR_MODULE, TR_KEY, TR_TEXT, TR_LANGUAGE) VALUES ('frontend', 'filebrowser.status.refresh.lock', ' ', 'ar-PS');
INSERT INTO OKM_TRANSLATION (TR_MODULE, TR_KEY, TR_TEXT, TR_LANGUAGE) VALUES ('frontend', 'filebrowser.status.refresh.unlock', '  ', 'ar-PS');
INSERT INTO OKM_TRANSLATION (TR_MODULE, TR_KEY, TR_TEXT, TR_LANGUAGE) VALUES ('frontend', 'filebrowser.status.refresh.document.rename', '  ', 'ar-PS');
INSERT INTO OKM_TRANSLATION (TR_MODULE, TR_KEY, TR_TEXT, TR_LANGUAGE) VALUES ('frontend', 'filebrowser.status.refresh.folder.rename', '  ', 'ar-PS');
INSERT INTO OKM_TRANSLATION (TR_MODULE, TR_KEY, TR_TEXT, TR_LANGUAGE) VALUES ('frontend', 'filebrowser.status.refresh.document.purge', ' ', 'ar-PS');
INSERT INTO OKM_TRANSLATION (TR_MODULE, TR_KEY, TR_TEXT, TR_LANGUAGE) VALUES ('frontend', 'filebrowser.status.refresh.folder.purge', ' ', 'ar-PS');
INSERT INTO OKM_TRANSLATION (TR_MODULE, TR_KEY, TR_TEXT, TR_LANGUAGE) VALUES ('frontend', 'filebrowser.status.refresh.folder.get', ' ', 'ar-PS');
INSERT INTO OKM_TRANSLATION (TR_MODULE, TR_KEY, TR_TEXT, TR_LANGUAGE) VALUES ('frontend', 'filebrowser.status.refresh.document.get', ' ', 'ar-PS');
INSERT INTO OKM_TRANSLATION (TR_MODULE, TR_KEY, TR_TEXT, TR_LANGUAGE) VALUES ('frontend', 'filebrowser.status.refresh.add.subscription', ' ', 'ar-PS');
INSERT INTO OKM_TRANSLATION (TR_MODULE, TR_KEY, TR_TEXT, TR_LANGUAGE) VALUES ('frontend', 'filebrowser.status.refresh.remove.subscription', ' ', 'ar-PS');
INSERT INTO OKM_TRANSLATION (TR_MODULE, TR_KEY, TR_TEXT, TR_LANGUAGE) VALUES ('frontend', 'filebrowser.status.refresh.get.user.home', '   ', 'ar-PS');
INSERT INTO OKM_TRANSLATION (TR_MODULE, TR_KEY, TR_TEXT, TR_LANGUAGE) VALUES ('frontend', 'filebrowser.status.refresh.delete.mail', ' ', 'ar-PS');
INSERT INTO OKM_TRANSLATION (TR_MODULE, TR_KEY, TR_TEXT, TR_LANGUAGE) VALUES ('frontend', 'filebrowser.status.refresh.mail.purge', ' ', 'ar-PS');
INSERT INTO OKM_TRANSLATION (TR_MODULE, TR_KEY, TR_TEXT, TR_LANGUAGE) VALUES ('frontend', 'fileupload.send', '', 'ar-PS');
INSERT INTO OKM_TRANSLATION (TR_MODULE, TR_KEY, TR_TEXT, TR_LANGUAGE) VALUES ('frontend', 'fileupload.status.sending', '... ', 'ar-PS');
INSERT INTO OKM_TRANSLATION (TR_MODULE, TR_KEY, TR_TEXT, TR_LANGUAGE) VALUES ('frontend', 'fileupload.status.indexing', '... ', 'ar-PS');
INSERT INTO OKM_TRANSLATION (TR_MODULE, TR_KEY, TR_TEXT, TR_LANGUAGE) VALUES ('frontend', 'fileupload.status.ok', '    ', 'ar-PS');
INSERT INTO OKM_TRANSLATION (TR_MODULE, TR_KEY, TR_TEXT, TR_LANGUAGE) VALUES ('frontend', 'fileupload.upload.status', ' ', 'ar-PS');
INSERT INTO OKM_TRANSLATION (TR_MODULE, TR_KEY, TR_TEXT, TR_LANGUAGE) VALUES ('frontend', 'fileupload.upload.uploaded', ' ', 'ar-PS');
INSERT INTO OKM_TRANSLATION (TR_MODULE, TR_KEY, TR_TEXT, TR_LANGUAGE) VALUES ('frontend', 'fileupload.upload.completed', '   ', 'ar-PS');
INSERT INTO OKM_TRANSLATION (TR_MODULE, TR_KEY, TR_TEXT, TR_LANGUAGE) VALUES ('frontend', 'fileupload.upload.runtime', ' ', 'ar-PS');
INSERT INTO OKM_TRANSLATION (TR_MODULE, TR_KEY, TR_TEXT, TR_LANGUAGE) VALUES ('frontend', 'fileupload.upload.remaining', '', 'ar-PS');
INSERT INTO OKM_TRANSLATION (TR_MODULE, TR_KEY, TR_TEXT, TR_LANGUAGE) VALUES ('frontend', 'fileupload.button.close', '', 'ar-PS');
INSERT INTO OKM_TRANSLATION (TR_MODULE, TR_KEY, TR_TEXT, TR_LANGUAGE) VALUES ('frontend', 'fileupload.button.add.other.file', '  ', 'ar-PS');
INSERT INTO OKM_TRANSLATION (TR_MODULE, TR_KEY, TR_TEXT, TR_LANGUAGE) VALUES ('frontend', 'fileupload.status.move.file', '... ', 'ar-PS');
INSERT INTO OKM_TRANSLATION (TR_MODULE, TR_KEY, TR_TEXT, TR_LANGUAGE) VALUES ('frontend', 'fileupload.status.move.mail', '... ', 'ar-PS');
INSERT INTO OKM_TRANSLATION (TR_MODULE, TR_KEY, TR_TEXT, TR_LANGUAGE) VALUES ('frontend', 'fileupload.status.copy.file', '... ', 'ar-PS');
INSERT INTO OKM_TRANSLATION (TR_MODULE, TR_KEY, TR_TEXT, TR_LANGUAGE) VALUES ('frontend', 'fileupload.status.copy.mail', '... ', 'ar-PS');
INSERT INTO OKM_TRANSLATION (TR_MODULE, TR_KEY, TR_TEXT, TR_LANGUAGE) VALUES ('frontend', 'fileupload.status.restore.file', '... ', 'ar-PS');
INSERT INTO OKM_TRANSLATION (TR_MODULE, TR_KEY, TR_TEXT, TR_LANGUAGE) VALUES ('frontend', 'fileupload.status.restore.mail', '... ', 'ar-PS');
INSERT INTO OKM_TRANSLATION (TR_MODULE, TR_KEY, TR_TEXT, TR_LANGUAGE) VALUES ('frontend', 'fileupload.status.move.folder', '... ', 'ar-PS');
INSERT INTO OKM_TRANSLATION (TR_MODULE, TR_KEY, TR_TEXT, TR_LANGUAGE) VALUES ('frontend', 'fileupload.status.copy.folder', '... ', 'ar-PS');
INSERT INTO OKM_TRANSLATION (TR_MODULE, TR_KEY, TR_TEXT, TR_LANGUAGE) VALUES ('frontend', 'fileupload.status.restore.folder', '... ', 'ar-PS');
INSERT INTO OKM_TRANSLATION (TR_MODULE, TR_KEY, TR_TEXT, TR_LANGUAGE) VALUES ('frontend', 'fileupload.status.create.from.template', '...   ', 'ar-PS');
INSERT INTO OKM_TRANSLATION (TR_MODULE, TR_KEY, TR_TEXT, TR_LANGUAGE) VALUES ('frontend', 'fileupload.status.of', '', 'ar-PS');
INSERT INTO OKM_TRANSLATION (TR_MODULE, TR_KEY, TR_TEXT, TR_LANGUAGE) VALUES ('frontend', 'fileupload.label.insert', '  ', 'ar-PS');
INSERT INTO OKM_TRANSLATION (TR_MODULE, TR_KEY, TR_TEXT, TR_LANGUAGE) VALUES ('frontend', 'fileupload.label.update', ' ', 'ar-PS');
INSERT INTO OKM_TRANSLATION (TR_MODULE, TR_KEY, TR_TEXT, TR_LANGUAGE) VALUES ('frontend', 'fileupload.label.users.notify', ' ', 'ar-PS');
INSERT INTO OKM_TRANSLATION (TR_MODULE, TR_KEY, TR_TEXT, TR_LANGUAGE) VALUES ('frontend', 'fileupload.label.comment', '', 'ar-PS');
INSERT INTO OKM_TRANSLATION (TR_MODULE, TR_KEY, TR_TEXT, TR_LANGUAGE) VALUES ('frontend', 'fileupload.label.users.to.notify"', '  " ', 'ar-PS');
INSERT INTO OKM_TRANSLATION (TR_MODULE, TR_KEY, TR_TEXT, TR_LANGUAGE) VALUES ('frontend', 'fileupload.label.users"', '  "', 'ar-PS');
INSERT INTO OKM_TRANSLATION (TR_MODULE, TR_KEY, TR_TEXT, TR_LANGUAGE) VALUES ('frontend', 'fileupload.label.groups.to.notify', 'Groups to notify', 'ar-PS');
INSERT INTO OKM_TRANSLATION (TR_MODULE, TR_KEY, TR_TEXT, TR_LANGUAGE) VALUES ('frontend', 'fileupload.label.groups', 'Groups', 'ar-PS');
INSERT INTO OKM_TRANSLATION (TR_MODULE, TR_KEY, TR_TEXT, TR_LANGUAGE) VALUES ('frontend', 'fileupload.label.must.select.users"', '  "    ', 'ar-PS');
INSERT INTO OKM_TRANSLATION (TR_MODULE, TR_KEY, TR_TEXT, TR_LANGUAGE) VALUES ('frontend', 'fileupload.label.importZip', '    ', 'ar-PS');
INSERT INTO OKM_TRANSLATION (TR_MODULE, TR_KEY, TR_TEXT, TR_LANGUAGE) VALUES ('frontend', 'fileupload.label.notify.comment', ' ', 'ar-PS');
INSERT INTO OKM_TRANSLATION (TR_MODULE, TR_KEY, TR_TEXT, TR_LANGUAGE) VALUES ('frontend', 'fileupload.label.error.importing.zip', '   ', 'ar-PS');
INSERT INTO OKM_TRANSLATION (TR_MODULE, TR_KEY, TR_TEXT, TR_LANGUAGE) VALUES ('frontend', 'fileupload.label.error.move.file', '   ', 'ar-PS');
INSERT INTO OKM_TRANSLATION (TR_MODULE, TR_KEY, TR_TEXT, TR_LANGUAGE) VALUES ('frontend', 'fileupload.label.error.move.mail', '   ', 'ar-PS');
INSERT INTO OKM_TRANSLATION (TR_MODULE, TR_KEY, TR_TEXT, TR_LANGUAGE) VALUES ('frontend', 'fileupload.label.error.copy.file', '   ', 'ar-PS');
INSERT INTO OKM_TRANSLATION (TR_MODULE, TR_KEY, TR_TEXT, TR_LANGUAGE) VALUES ('frontend', 'fileupload.label.error.copy.mail', '   ', 'ar-PS');
INSERT INTO OKM_TRANSLATION (TR_MODULE, TR_KEY, TR_TEXT, TR_LANGUAGE) VALUES ('frontend', 'fileupload.label.error.restore.file', '   ', 'ar-PS');
INSERT INTO OKM_TRANSLATION (TR_MODULE, TR_KEY, TR_TEXT, TR_LANGUAGE) VALUES ('frontend', 'fileupload.label.error.restore.mail', '   ', 'ar-PS');
INSERT INTO OKM_TRANSLATION (TR_MODULE, TR_KEY, TR_TEXT, TR_LANGUAGE) VALUES ('frontend', 'fileupload.label.error.move.folder', '   ', 'ar-PS');
INSERT INTO OKM_TRANSLATION (TR_MODULE, TR_KEY, TR_TEXT, TR_LANGUAGE) VALUES ('frontend', 'fileupload.label.error.copy.folder', '   ', 'ar-PS');
INSERT INTO OKM_TRANSLATION (TR_MODULE, TR_KEY, TR_TEXT, TR_LANGUAGE) VALUES ('frontend', 'fileupload.label.error.restore.folder', '   ', 'ar-PS');
INSERT INTO OKM_TRANSLATION (TR_MODULE, TR_KEY, TR_TEXT, TR_LANGUAGE) VALUES ('frontend', 'fileupload.label.error.create.from.template', '    ', 'ar-PS');
INSERT INTO OKM_TRANSLATION (TR_MODULE, TR_KEY, TR_TEXT, TR_LANGUAGE) VALUES ('frontend', 'fileupload.label.error.not.allowed.move.folder.child', '         ', 'ar-PS');
INSERT INTO OKM_TRANSLATION (TR_MODULE, TR_KEY, TR_TEXT, TR_LANGUAGE) VALUES ('frontend', 'fileupload.label.error.not.allowed.copy.same.folder', '     ', 'ar-PS');
INSERT INTO OKM_TRANSLATION (TR_MODULE, TR_KEY, TR_TEXT, TR_LANGUAGE) VALUES ('frontend', 'fileupload.label.error.not.allowed.create.from.template.same.folder', '      ', 'ar-PS');
INSERT INTO OKM_TRANSLATION (TR_MODULE, TR_KEY, TR_TEXT, TR_LANGUAGE) VALUES ('frontend', 'tab.document.properties', '', 'ar-PS');
INSERT INTO OKM_TRANSLATION (TR_MODULE, TR_KEY, TR_TEXT, TR_LANGUAGE) VALUES ('frontend', 'tab.document.notes', '', 'ar-PS');
INSERT INTO OKM_TRANSLATION (TR_MODULE, TR_KEY, TR_TEXT, TR_LANGUAGE) VALUES ('frontend', 'tab.document.history', ' ', 'ar-PS');
INSERT INTO OKM_TRANSLATION (TR_MODULE, TR_KEY, TR_TEXT, TR_LANGUAGE) VALUES ('frontend', 'tab.document.status.history', '  ', 'ar-PS');
INSERT INTO OKM_TRANSLATION (TR_MODULE, TR_KEY, TR_TEXT, TR_LANGUAGE) VALUES ('frontend', 'tab.status.security.role', '  ', 'ar-PS');
INSERT INTO OKM_TRANSLATION (TR_MODULE, TR_KEY, TR_TEXT, TR_LANGUAGE) VALUES ('frontend', 'tab.status.security.user', '  ', 'ar-PS');
INSERT INTO OKM_TRANSLATION (TR_MODULE, TR_KEY, TR_TEXT, TR_LANGUAGE) VALUES ('frontend', 'tab.document.status.group.properties', '   ', 'ar-PS');
INSERT INTO OKM_TRANSLATION (TR_MODULE, TR_KEY, TR_TEXT, TR_LANGUAGE) VALUES ('frontend', 'tab.document.status.set.keywords', '  ', 'ar-PS');
INSERT INTO OKM_TRANSLATION (TR_MODULE, TR_KEY, TR_TEXT, TR_LANGUAGE) VALUES ('frontend', 'tab.document.status.set.categories', ' ', 'ar-PS');
INSERT INTO OKM_TRANSLATION (TR_MODULE, TR_KEY, TR_TEXT, TR_LANGUAGE) VALUES ('frontend', 'tab.document.status.get.version.history.size', '      ', 'ar-PS');
INSERT INTO OKM_TRANSLATION (TR_MODULE, TR_KEY, TR_TEXT, TR_LANGUAGE) VALUES ('frontend', 'tab.document.status.purge.version.history', '   ', 'ar-PS');
INSERT INTO OKM_TRANSLATION (TR_MODULE, TR_KEY, TR_TEXT, TR_LANGUAGE) VALUES ('frontend', 'tab.document.status.restore.version', '  ', 'ar-PS');
INSERT INTO OKM_TRANSLATION (TR_MODULE, TR_KEY, TR_TEXT, TR_LANGUAGE) VALUES ('frontend', 'tab.document.security', '', 'ar-PS');
INSERT INTO OKM_TRANSLATION (TR_MODULE, TR_KEY, TR_TEXT, TR_LANGUAGE) VALUES ('frontend', 'tab.document.preview', '', 'ar-PS');
INSERT INTO OKM_TRANSLATION (TR_MODULE, TR_KEY, TR_TEXT, TR_LANGUAGE) VALUES ('frontend', 'tab.folder.properties', '', 'ar-PS');
INSERT INTO OKM_TRANSLATION (TR_MODULE, TR_KEY, TR_TEXT, TR_LANGUAGE) VALUES ('frontend', 'tab.folder.security', '', 'ar-PS');
INSERT INTO OKM_TRANSLATION (TR_MODULE, TR_KEY, TR_TEXT, TR_LANGUAGE) VALUES ('frontend', 'tab.folder.notes', '', 'ar-PS');
INSERT INTO OKM_TRANSLATION (TR_MODULE, TR_KEY, TR_TEXT, TR_LANGUAGE) VALUES ('frontend', 'tab.workspace.desktop', ' ', 'ar-PS');
INSERT INTO OKM_TRANSLATION (TR_MODULE, TR_KEY, TR_TEXT, TR_LANGUAGE) VALUES ('frontend', 'tab.workspace.search', '', 'ar-PS');
INSERT INTO OKM_TRANSLATION (TR_MODULE, TR_KEY, TR_TEXT, TR_LANGUAGE) VALUES ('frontend', 'tab.workspace.dashboard', ' ', 'ar-PS');
INSERT INTO OKM_TRANSLATION (TR_MODULE, TR_KEY, TR_TEXT, TR_LANGUAGE) VALUES ('frontend', 'tab.workspace.administration', '', 'ar-PS');
INSERT INTO OKM_TRANSLATION (TR_MODULE, TR_KEY, TR_TEXT, TR_LANGUAGE) VALUES ('frontend', 'document.uuid', 'UUID', 'ar-PS');
INSERT INTO OKM_TRANSLATION (TR_MODULE, TR_KEY, TR_TEXT, TR_LANGUAGE) VALUES ('frontend', 'document.name', '', 'ar-PS');
INSERT INTO OKM_TRANSLATION (TR_MODULE, TR_KEY, TR_TEXT, TR_LANGUAGE) VALUES ('frontend', 'document.folder', '', 'ar-PS');
INSERT INTO OKM_TRANSLATION (TR_MODULE, TR_KEY, TR_TEXT, TR_LANGUAGE) VALUES ('frontend', 'document.size', '', 'ar-PS');
INSERT INTO OKM_TRANSLATION (TR_MODULE, TR_KEY, TR_TEXT, TR_LANGUAGE) VALUES ('frontend', 'document.created', '', 'ar-PS');
INSERT INTO OKM_TRANSLATION (TR_MODULE, TR_KEY, TR_TEXT, TR_LANGUAGE) VALUES ('frontend', 'document.lastmodified', '', 'ar-PS');
INSERT INTO OKM_TRANSLATION (TR_MODULE, TR_KEY, TR_TEXT, TR_LANGUAGE) VALUES ('frontend', 'document.mimetype', '  ', 'ar-PS');
INSERT INTO OKM_TRANSLATION (TR_MODULE, TR_KEY, TR_TEXT, TR_LANGUAGE) VALUES ('frontend', 'document.keywords', ' ', 'ar-PS');
INSERT INTO OKM_TRANSLATION (TR_MODULE, TR_KEY, TR_TEXT, TR_LANGUAGE) VALUES ('frontend', 'document.by', ' ', 'ar-PS');
INSERT INTO OKM_TRANSLATION (TR_MODULE, TR_KEY, TR_TEXT, TR_LANGUAGE) VALUES ('frontend', 'document.status', '', 'ar-PS');
INSERT INTO OKM_TRANSLATION (TR_MODULE, TR_KEY, TR_TEXT, TR_LANGUAGE) VALUES ('frontend', 'document.status.checkout', ' ', 'ar-PS');
INSERT INTO OKM_TRANSLATION (TR_MODULE, TR_KEY, TR_TEXT, TR_LANGUAGE) VALUES ('frontend', 'document.status.locked', ' ', 'ar-PS');
INSERT INTO OKM_TRANSLATION (TR_MODULE, TR_KEY, TR_TEXT, TR_LANGUAGE) VALUES ('frontend', 'document.status.normal', '', 'ar-PS');
INSERT INTO OKM_TRANSLATION (TR_MODULE, TR_KEY, TR_TEXT, TR_LANGUAGE) VALUES ('frontend', 'document.subscribed', '', 'ar-PS');
INSERT INTO OKM_TRANSLATION (TR_MODULE, TR_KEY, TR_TEXT, TR_LANGUAGE) VALUES ('frontend', 'document.subscribed.yes', '', 'ar-PS');
INSERT INTO OKM_TRANSLATION (TR_MODULE, TR_KEY, TR_TEXT, TR_LANGUAGE) VALUES ('frontend', 'document.subscribed.no', '', 'ar-PS');
INSERT INTO OKM_TRANSLATION (TR_MODULE, TR_KEY, TR_TEXT, TR_LANGUAGE) VALUES ('frontend', 'document.history.size', ' ', 'ar-PS');
INSERT INTO OKM_TRANSLATION (TR_MODULE, TR_KEY, TR_TEXT, TR_LANGUAGE) VALUES ('frontend', 'document.subscribed.users', ' ', 'ar-PS');
INSERT INTO OKM_TRANSLATION (TR_MODULE, TR_KEY, TR_TEXT, TR_LANGUAGE) VALUES ('frontend', 'document.url', 'URL', 'ar-PS');
INSERT INTO OKM_TRANSLATION (TR_MODULE, TR_KEY, TR_TEXT, TR_LANGUAGE) VALUES ('frontend', 'document.webdav', 'WebDAV', 'ar-PS');
INSERT INTO OKM_TRANSLATION (TR_MODULE, TR_KEY, TR_TEXT, TR_LANGUAGE) VALUES ('frontend', 'document.add.note', ' ', 'ar-PS');
INSERT INTO OKM_TRANSLATION (TR_MODULE, TR_KEY, TR_TEXT, TR_LANGUAGE) VALUES ('frontend', 'document.keywords.cloud', '  ', 'ar-PS');
INSERT INTO OKM_TRANSLATION (TR_MODULE, TR_KEY, TR_TEXT, TR_LANGUAGE) VALUES ('frontend', 'document.categories', '', 'ar-PS');
INSERT INTO OKM_TRANSLATION (TR_MODULE, TR_KEY, TR_TEXT, TR_LANGUAGE) VALUES ('frontend', 'folder.uuid', 'UUID', 'ar-PS');
INSERT INTO OKM_TRANSLATION (TR_MODULE, TR_KEY, TR_TEXT, TR_LANGUAGE) VALUES ('frontend', 'folder.name', '', 'ar-PS');
INSERT INTO OKM_TRANSLATION (TR_MODULE, TR_KEY, TR_TEXT, TR_LANGUAGE) VALUES ('frontend', 'folder.parent', '', 'ar-PS');
INSERT INTO OKM_TRANSLATION (TR_MODULE, TR_KEY, TR_TEXT, TR_LANGUAGE) VALUES ('frontend', 'folder.created', '', 'ar-PS');
INSERT INTO OKM_TRANSLATION (TR_MODULE, TR_KEY, TR_TEXT, TR_LANGUAGE) VALUES ('frontend', 'folder.by', ' ', 'ar-PS');
INSERT INTO OKM_TRANSLATION (TR_MODULE, TR_KEY, TR_TEXT, TR_LANGUAGE) VALUES ('frontend', 'folder.subscribed', '', 'ar-PS');
INSERT INTO OKM_TRANSLATION (TR_MODULE, TR_KEY, TR_TEXT, TR_LANGUAGE) VALUES ('frontend', 'folder.subscribed.yes', '', 'ar-PS');
INSERT INTO OKM_TRANSLATION (TR_MODULE, TR_KEY, TR_TEXT, TR_LANGUAGE) VALUES ('frontend', 'folder.subscribed.no', '', 'ar-PS');
INSERT INTO OKM_TRANSLATION (TR_MODULE, TR_KEY, TR_TEXT, TR_LANGUAGE) VALUES ('frontend', 'folder.subscribed.users', ' ', 'ar-PS');
INSERT INTO OKM_TRANSLATION (TR_MODULE, TR_KEY, TR_TEXT, TR_LANGUAGE) VALUES ('frontend', 'folder.url', 'URL', 'ar-PS');
INSERT INTO OKM_TRANSLATION (TR_MODULE, TR_KEY, TR_TEXT, TR_LANGUAGE) VALUES ('frontend', 'folder.webdav', 'WebDAV', 'ar-PS');
INSERT INTO OKM_TRANSLATION (TR_MODULE, TR_KEY, TR_TEXT, TR_LANGUAGE) VALUES ('frontend', 'folder.number.folders', 'Folders', 'ar-PS');
INSERT INTO OKM_TRANSLATION (TR_MODULE, TR_KEY, TR_TEXT, TR_LANGUAGE) VALUES ('frontend', 'folder.number.documents', 'Documents', 'ar-PS');
INSERT INTO OKM_TRANSLATION (TR_MODULE, TR_KEY, TR_TEXT, TR_LANGUAGE) VALUES ('frontend', 'folder.number.mails', 'Mails', 'ar-PS');
INSERT INTO OKM_TRANSLATION (TR_MODULE, TR_KEY, TR_TEXT, TR_LANGUAGE) VALUES ('frontend', 'version.name', '', 'ar-PS');
INSERT INTO OKM_TRANSLATION (TR_MODULE, TR_KEY, TR_TEXT, TR_LANGUAGE) VALUES ('frontend', 'version.created', '', 'ar-PS');
INSERT INTO OKM_TRANSLATION (TR_MODULE, TR_KEY, TR_TEXT, TR_LANGUAGE) VALUES ('frontend', 'version.author', '', 'ar-PS');
INSERT INTO OKM_TRANSLATION (TR_MODULE, TR_KEY, TR_TEXT, TR_LANGUAGE) VALUES ('frontend', 'version.size', '', 'ar-PS');
INSERT INTO OKM_TRANSLATION (TR_MODULE, TR_KEY, TR_TEXT, TR_LANGUAGE) VALUES ('frontend', 'version.purge.document', '  ', 'ar-PS');
INSERT INTO OKM_TRANSLATION (TR_MODULE, TR_KEY, TR_TEXT, TR_LANGUAGE) VALUES ('frontend', 'version.comment', '', 'ar-PS');
INSERT INTO OKM_TRANSLATION (TR_MODULE, TR_KEY, TR_TEXT, TR_LANGUAGE) VALUES ('frontend', 'security.label', '', 'ar-PS');
INSERT INTO OKM_TRANSLATION (TR_MODULE, TR_KEY, TR_TEXT, TR_LANGUAGE) VALUES ('frontend', 'security.group.name', '', 'ar-PS');
INSERT INTO OKM_TRANSLATION (TR_MODULE, TR_KEY, TR_TEXT, TR_LANGUAGE) VALUES ('frontend', 'security.group.permission.read', '', 'ar-PS');
INSERT INTO OKM_TRANSLATION (TR_MODULE, TR_KEY, TR_TEXT, TR_LANGUAGE) VALUES ('frontend', 'security.group.permission.write', '', 'ar-PS');
INSERT INTO OKM_TRANSLATION (TR_MODULE, TR_KEY, TR_TEXT, TR_LANGUAGE) VALUES ('frontend', 'security.group.permission.delete', '', 'ar-PS');
INSERT INTO OKM_TRANSLATION (TR_MODULE, TR_KEY, TR_TEXT, TR_LANGUAGE) VALUES ('frontend', 'security.group.permission.security', 'Security', 'ar-PS');
INSERT INTO OKM_TRANSLATION (TR_MODULE, TR_KEY, TR_TEXT, TR_LANGUAGE) VALUES ('frontend', 'security.user.name', '', 'ar-PS');
INSERT INTO OKM_TRANSLATION (TR_MODULE, TR_KEY, TR_TEXT, TR_LANGUAGE) VALUES ('frontend', 'security.user.permission.read', '', 'ar-PS');
INSERT INTO OKM_TRANSLATION (TR_MODULE, TR_KEY, TR_TEXT, TR_LANGUAGE) VALUES ('frontend', 'security.user.permission.write', '', 'ar-PS');
INSERT INTO OKM_TRANSLATION (TR_MODULE, TR_KEY, TR_TEXT, TR_LANGUAGE) VALUES ('frontend', 'security.user.permission.delete', '', 'ar-PS');
INSERT INTO OKM_TRANSLATION (TR_MODULE, TR_KEY, TR_TEXT, TR_LANGUAGE) VALUES ('frontend', 'security.user.permission.security', 'Security', 'ar-PS');
INSERT INTO OKM_TRANSLATION (TR_MODULE, TR_KEY, TR_TEXT, TR_LANGUAGE) VALUES ('frontend', 'security.users', '', 'ar-PS');
INSERT INTO OKM_TRANSLATION (TR_MODULE, TR_KEY, TR_TEXT, TR_LANGUAGE) VALUES ('frontend', 'security.groups', '', 'ar-PS');
INSERT INTO OKM_TRANSLATION (TR_MODULE, TR_KEY, TR_TEXT, TR_LANGUAGE) VALUES ('frontend', 'security.recursive', '   ', 'ar-PS');
INSERT INTO OKM_TRANSLATION (TR_MODULE, TR_KEY, TR_TEXT, TR_LANGUAGE) VALUES ('frontend', 'secutiry.filter.by.users', 'Users filter', 'ar-PS');
INSERT INTO OKM_TRANSLATION (TR_MODULE, TR_KEY, TR_TEXT, TR_LANGUAGE) VALUES ('frontend', 'secutiry.filter.by.groups', 'Groups filter', 'ar-PS');
INSERT INTO OKM_TRANSLATION (TR_MODULE, TR_KEY, TR_TEXT, TR_LANGUAGE) VALUES ('frontend', 'security.status.updating', 'Updating security', 'ar-PS');
INSERT INTO OKM_TRANSLATION (TR_MODULE, TR_KEY, TR_TEXT, TR_LANGUAGE) VALUES ('frontend', 'preview.unavailable', '  ', 'ar-PS');
INSERT INTO OKM_TRANSLATION (TR_MODULE, TR_KEY, TR_TEXT, TR_LANGUAGE) VALUES ('frontend', 'mail.from', '', 'ar-PS');
INSERT INTO OKM_TRANSLATION (TR_MODULE, TR_KEY, TR_TEXT, TR_LANGUAGE) VALUES ('frontend', 'mail.reply', ' ', 'ar-PS');
INSERT INTO OKM_TRANSLATION (TR_MODULE, TR_KEY, TR_TEXT, TR_LANGUAGE) VALUES ('frontend', 'mail.to', '', 'ar-PS');
INSERT INTO OKM_TRANSLATION (TR_MODULE, TR_KEY, TR_TEXT, TR_LANGUAGE) VALUES ('frontend', 'mail.subject', '', 'ar-PS');
INSERT INTO OKM_TRANSLATION (TR_MODULE, TR_KEY, TR_TEXT, TR_LANGUAGE) VALUES ('frontend', 'mail.attachment', '', 'ar-PS');
INSERT INTO OKM_TRANSLATION (TR_MODULE, TR_KEY, TR_TEXT, TR_LANGUAGE) VALUES ('frontend', 'error.label', '  ', 'ar-PS');
INSERT INTO OKM_TRANSLATION (TR_MODULE, TR_KEY, TR_TEXT, TR_LANGUAGE) VALUES ('frontend', 'error.invocation', '   ', 'ar-PS');
INSERT INTO OKM_TRANSLATION (TR_MODULE, TR_KEY, TR_TEXT, TR_LANGUAGE) VALUES ('frontend', 'about.label', 'OpenKM ', 'ar-PS');
INSERT INTO OKM_TRANSLATION (TR_MODULE, TR_KEY, TR_TEXT, TR_LANGUAGE) VALUES ('frontend', 'about.loading', '...', 'ar-PS');
INSERT INTO OKM_TRANSLATION (TR_MODULE, TR_KEY, TR_TEXT, TR_LANGUAGE) VALUES ('frontend', 'logout.label', '', 'ar-PS');
INSERT INTO OKM_TRANSLATION (TR_MODULE, TR_KEY, TR_TEXT, TR_LANGUAGE) VALUES ('frontend', 'logout.closed', '   OpenKM ', 'ar-PS');
INSERT INTO OKM_TRANSLATION (TR_MODULE, TR_KEY, TR_TEXT, TR_LANGUAGE) VALUES ('frontend', 'logout.logout', 'OpenKM ,   ', 'ar-PS');
INSERT INTO OKM_TRANSLATION (TR_MODULE, TR_KEY, TR_TEXT, TR_LANGUAGE) VALUES ('frontend', 'confirm.label', '', 'ar-PS');
INSERT INTO OKM_TRANSLATION (TR_MODULE, TR_KEY, TR_TEXT, TR_LANGUAGE) VALUES ('frontend', 'confirm.delete.folder', '        ', 'ar-PS');
INSERT INTO OKM_TRANSLATION (TR_MODULE, TR_KEY, TR_TEXT, TR_LANGUAGE) VALUES ('frontend', 'confirm.delete.document', '        ', 'ar-PS');
INSERT INTO OKM_TRANSLATION (TR_MODULE, TR_KEY, TR_TEXT, TR_LANGUAGE) VALUES ('frontend', 'confirm.delete.trash', '        ', 'ar-PS');
INSERT INTO OKM_TRANSLATION (TR_MODULE, TR_KEY, TR_TEXT, TR_LANGUAGE) VALUES ('frontend', 'confirm.purge.folder', '       ', 'ar-PS');
INSERT INTO OKM_TRANSLATION (TR_MODULE, TR_KEY, TR_TEXT, TR_LANGUAGE) VALUES ('frontend', 'confirm.purge.document', '       ', 'ar-PS');
INSERT INTO OKM_TRANSLATION (TR_MODULE, TR_KEY, TR_TEXT, TR_LANGUAGE) VALUES ('frontend', 'confirm.delete.propety.group', '         ', 'ar-PS');
INSERT INTO OKM_TRANSLATION (TR_MODULE, TR_KEY, TR_TEXT, TR_LANGUAGE) VALUES ('frontend', 'confirm.purge.version.history.document', '          ', 'ar-PS');
INSERT INTO OKM_TRANSLATION (TR_MODULE, TR_KEY, TR_TEXT, TR_LANGUAGE) VALUES ('frontend', 'confirm.purge.restore.document', '         ', 'ar-PS');
INSERT INTO OKM_TRANSLATION (TR_MODULE, TR_KEY, TR_TEXT, TR_LANGUAGE) VALUES ('frontend', 'confirm.set.default.home', '      ', 'ar-PS');
INSERT INTO OKM_TRANSLATION (TR_MODULE, TR_KEY, TR_TEXT, TR_LANGUAGE) VALUES ('frontend', 'confirm.delete.saved.search', '       ', 'ar-PS');
INSERT INTO OKM_TRANSLATION (TR_MODULE, TR_KEY, TR_TEXT, TR_LANGUAGE) VALUES ('frontend', 'confirm.delete.user.news', '        ', 'ar-PS');
INSERT INTO OKM_TRANSLATION (TR_MODULE, TR_KEY, TR_TEXT, TR_LANGUAGE) VALUES ('frontend', 'confirm.delete.mail', '      ', 'ar-PS');
INSERT INTO OKM_TRANSLATION (TR_MODULE, TR_KEY, TR_TEXT, TR_LANGUAGE) VALUES ('frontend', 'confirm.get.pooled.workflow.task', '       ', 'ar-PS');
INSERT INTO OKM_TRANSLATION (TR_MODULE, TR_KEY, TR_TEXT, TR_LANGUAGE) VALUES ('frontend', 'confirm.force.unlock', 'Do you really want to force the document unlock ?', 'ar-PS');
INSERT INTO OKM_TRANSLATION (TR_MODULE, TR_KEY, TR_TEXT, TR_LANGUAGE) VALUES ('frontend', 'confirm.force.cancel.checkout', 'Do you really want to force the document cancel checkout ?', 'ar-PS');
INSERT INTO OKM_TRANSLATION (TR_MODULE, TR_KEY, TR_TEXT, TR_LANGUAGE) VALUES ('frontend', 'search.context', '', 'ar-PS');
INSERT INTO OKM_TRANSLATION (TR_MODULE, TR_KEY, TR_TEXT, TR_LANGUAGE) VALUES ('frontend', 'search.content', '', 'ar-PS');
INSERT INTO OKM_TRANSLATION (TR_MODULE, TR_KEY, TR_TEXT, TR_LANGUAGE) VALUES ('frontend', 'search.name', '', 'ar-PS');
INSERT INTO OKM_TRANSLATION (TR_MODULE, TR_KEY, TR_TEXT, TR_LANGUAGE) VALUES ('frontend', 'search.keywords', ' ', 'ar-PS');
INSERT INTO OKM_TRANSLATION (TR_MODULE, TR_KEY, TR_TEXT, TR_LANGUAGE) VALUES ('frontend', 'search.folder', '', 'ar-PS');
INSERT INTO OKM_TRANSLATION (TR_MODULE, TR_KEY, TR_TEXT, TR_LANGUAGE) VALUES ('frontend', 'search.category', '', 'ar-PS');
INSERT INTO OKM_TRANSLATION (TR_MODULE, TR_KEY, TR_TEXT, TR_LANGUAGE) VALUES ('frontend', 'search.results', '', 'ar-PS');
INSERT INTO OKM_TRANSLATION (TR_MODULE, TR_KEY, TR_TEXT, TR_LANGUAGE) VALUES ('frontend', 'search.to', '', 'ar-PS');
INSERT INTO OKM_TRANSLATION (TR_MODULE, TR_KEY, TR_TEXT, TR_LANGUAGE) VALUES ('frontend', 'search.page.results', ' ', 'ar-PS');
INSERT INTO OKM_TRANSLATION (TR_MODULE, TR_KEY, TR_TEXT, TR_LANGUAGE) VALUES ('frontend', 'search.add.property.group', '   ', 'ar-PS');
INSERT INTO OKM_TRANSLATION (TR_MODULE, TR_KEY, TR_TEXT, TR_LANGUAGE) VALUES ('frontend', 'search.mimetype', '  ', 'ar-PS');
INSERT INTO OKM_TRANSLATION (TR_MODULE, TR_KEY, TR_TEXT, TR_LANGUAGE) VALUES ('frontend', 'search.type', '', 'ar-PS');
INSERT INTO OKM_TRANSLATION (TR_MODULE, TR_KEY, TR_TEXT, TR_LANGUAGE) VALUES ('frontend', 'search.type.document', '', 'ar-PS');
INSERT INTO OKM_TRANSLATION (TR_MODULE, TR_KEY, TR_TEXT, TR_LANGUAGE) VALUES ('frontend', 'search.type.folder', '', 'ar-PS');
INSERT INTO OKM_TRANSLATION (TR_MODULE, TR_KEY, TR_TEXT, TR_LANGUAGE) VALUES ('frontend', 'search.type.mail', '', 'ar-PS');
INSERT INTO OKM_TRANSLATION (TR_MODULE, TR_KEY, TR_TEXT, TR_LANGUAGE) VALUES ('frontend', 'search.advanced', ' ', 'ar-PS');
INSERT INTO OKM_TRANSLATION (TR_MODULE, TR_KEY, TR_TEXT, TR_LANGUAGE) VALUES ('frontend', 'search.user', '', 'ar-PS');
INSERT INTO OKM_TRANSLATION (TR_MODULE, TR_KEY, TR_TEXT, TR_LANGUAGE) VALUES ('frontend', 'search.date.and', '', 'ar-PS');
INSERT INTO OKM_TRANSLATION (TR_MODULE, TR_KEY, TR_TEXT, TR_LANGUAGE) VALUES ('frontend', 'search.date.range', '   ', 'ar-PS');
INSERT INTO OKM_TRANSLATION (TR_MODULE, TR_KEY, TR_TEXT, TR_LANGUAGE) VALUES ('frontend', 'search.save.as.news', '  ', 'ar-PS');
INSERT INTO OKM_TRANSLATION (TR_MODULE, TR_KEY, TR_TEXT, TR_LANGUAGE) VALUES ('frontend', 'search.folder.filter', '  ', 'ar-PS');
INSERT INTO OKM_TRANSLATION (TR_MODULE, TR_KEY, TR_TEXT, TR_LANGUAGE) VALUES ('frontend', 'search.category.filter', '  ', 'ar-PS');
INSERT INTO OKM_TRANSLATION (TR_MODULE, TR_KEY, TR_TEXT, TR_LANGUAGE) VALUES ('frontend', 'search.result.name', '', 'ar-PS');
INSERT INTO OKM_TRANSLATION (TR_MODULE, TR_KEY, TR_TEXT, TR_LANGUAGE) VALUES ('frontend', 'search.result.score', ' ', 'ar-PS');
INSERT INTO OKM_TRANSLATION (TR_MODULE, TR_KEY, TR_TEXT, TR_LANGUAGE) VALUES ('frontend', 'search.result.size', '', 'ar-PS');
INSERT INTO OKM_TRANSLATION (TR_MODULE, TR_KEY, TR_TEXT, TR_LANGUAGE) VALUES ('frontend', 'search.result.date.update', ' ', 'ar-PS');
INSERT INTO OKM_TRANSLATION (TR_MODULE, TR_KEY, TR_TEXT, TR_LANGUAGE) VALUES ('frontend', 'search.result.author', '', 'ar-PS');
INSERT INTO OKM_TRANSLATION (TR_MODULE, TR_KEY, TR_TEXT, TR_LANGUAGE) VALUES ('frontend', 'search.result.version', '', 'ar-PS');
INSERT INTO OKM_TRANSLATION (TR_MODULE, TR_KEY, TR_TEXT, TR_LANGUAGE) VALUES ('frontend', 'search.result.path', '', 'ar-PS');
INSERT INTO OKM_TRANSLATION (TR_MODULE, TR_KEY, TR_TEXT, TR_LANGUAGE) VALUES ('frontend', 'search.result.menu.download', '', 'ar-PS');
INSERT INTO OKM_TRANSLATION (TR_MODULE, TR_KEY, TR_TEXT, TR_LANGUAGE) VALUES ('frontend', 'search.result.menu.go.folder', '  ', 'ar-PS');
INSERT INTO OKM_TRANSLATION (TR_MODULE, TR_KEY, TR_TEXT, TR_LANGUAGE) VALUES ('frontend', 'search.result.menu.go.document', '  ', 'ar-PS');
INSERT INTO OKM_TRANSLATION (TR_MODULE, TR_KEY, TR_TEXT, TR_LANGUAGE) VALUES ('frontend', 'search.result.status.findPaginated', '  ', 'ar-PS');
INSERT INTO OKM_TRANSLATION (TR_MODULE, TR_KEY, TR_TEXT, TR_LANGUAGE) VALUES ('frontend', 'search.result.status.runsearch', '   ', 'ar-PS');
INSERT INTO OKM_TRANSLATION (TR_MODULE, TR_KEY, TR_TEXT, TR_LANGUAGE) VALUES ('frontend', 'search.saved.run', '', 'ar-PS');
INSERT INTO OKM_TRANSLATION (TR_MODULE, TR_KEY, TR_TEXT, TR_LANGUAGE) VALUES ('frontend', 'search.saved.delete', '', 'ar-PS');
INSERT INTO OKM_TRANSLATION (TR_MODULE, TR_KEY, TR_TEXT, TR_LANGUAGE) VALUES ('frontend', 'search.saved.status.getsearchs', '    ', 'ar-PS');
INSERT INTO OKM_TRANSLATION (TR_MODULE, TR_KEY, TR_TEXT, TR_LANGUAGE) VALUES ('frontend', 'search.saved.status.savesearch', '  ', 'ar-PS');
INSERT INTO OKM_TRANSLATION (TR_MODULE, TR_KEY, TR_TEXT, TR_LANGUAGE) VALUES ('frontend', 'search.saved.status.deletesearch', '   ', 'ar-PS');
INSERT INTO OKM_TRANSLATION (TR_MODULE, TR_KEY, TR_TEXT, TR_LANGUAGE) VALUES ('frontend', 'search.saved.status.getusernews', '   ', 'ar-PS');
INSERT INTO OKM_TRANSLATION (TR_MODULE, TR_KEY, TR_TEXT, TR_LANGUAGE) VALUES ('frontend', 'button.close', '', 'ar-PS');
INSERT INTO OKM_TRANSLATION (TR_MODULE, TR_KEY, TR_TEXT, TR_LANGUAGE) VALUES ('frontend', 'button.logout', '', 'ar-PS');
INSERT INTO OKM_TRANSLATION (TR_MODULE, TR_KEY, TR_TEXT, TR_LANGUAGE) VALUES ('frontend', 'button.update', '', 'ar-PS');
INSERT INTO OKM_TRANSLATION (TR_MODULE, TR_KEY, TR_TEXT, TR_LANGUAGE) VALUES ('frontend', 'button.cancel', '', 'ar-PS');
INSERT INTO OKM_TRANSLATION (TR_MODULE, TR_KEY, TR_TEXT, TR_LANGUAGE) VALUES ('frontend', 'button.accept', '', 'ar-PS');
INSERT INTO OKM_TRANSLATION (TR_MODULE, TR_KEY, TR_TEXT, TR_LANGUAGE) VALUES ('frontend', 'button.restore', '', 'ar-PS');
INSERT INTO OKM_TRANSLATION (TR_MODULE, TR_KEY, TR_TEXT, TR_LANGUAGE) VALUES ('frontend', 'button.move', '', 'ar-PS');
INSERT INTO OKM_TRANSLATION (TR_MODULE, TR_KEY, TR_TEXT, TR_LANGUAGE) VALUES ('frontend', 'button.change', '', 'ar-PS');
INSERT INTO OKM_TRANSLATION (TR_MODULE, TR_KEY, TR_TEXT, TR_LANGUAGE) VALUES ('frontend', 'button.search', '', 'ar-PS');
INSERT INTO OKM_TRANSLATION (TR_MODULE, TR_KEY, TR_TEXT, TR_LANGUAGE) VALUES ('frontend', 'button.save.search', ' ', 'ar-PS');
INSERT INTO OKM_TRANSLATION (TR_MODULE, TR_KEY, TR_TEXT, TR_LANGUAGE) VALUES ('frontend', 'button.view', '', 'ar-PS');
INSERT INTO OKM_TRANSLATION (TR_MODULE, TR_KEY, TR_TEXT, TR_LANGUAGE) VALUES ('frontend', 'button.clean', '', 'ar-PS');
INSERT INTO OKM_TRANSLATION (TR_MODULE, TR_KEY, TR_TEXT, TR_LANGUAGE) VALUES ('frontend', 'button.add', '', 'ar-PS');
INSERT INTO OKM_TRANSLATION (TR_MODULE, TR_KEY, TR_TEXT, TR_LANGUAGE) VALUES ('frontend', 'button.delete', '', 'ar-PS');
INSERT INTO OKM_TRANSLATION (TR_MODULE, TR_KEY, TR_TEXT, TR_LANGUAGE) VALUES ('frontend', 'button.copy', '', 'ar-PS');
INSERT INTO OKM_TRANSLATION (TR_MODULE, TR_KEY, TR_TEXT, TR_LANGUAGE) VALUES ('frontend', 'button.create', '', 'ar-PS');
INSERT INTO OKM_TRANSLATION (TR_MODULE, TR_KEY, TR_TEXT, TR_LANGUAGE) VALUES ('frontend', 'button.show', '', 'ar-PS');
INSERT INTO OKM_TRANSLATION (TR_MODULE, TR_KEY, TR_TEXT, TR_LANGUAGE) VALUES ('frontend', 'button.memory', '', 'ar-PS');
INSERT INTO OKM_TRANSLATION (TR_MODULE, TR_KEY, TR_TEXT, TR_LANGUAGE) VALUES ('frontend', 'button.copy.clipboard', '   ', 'ar-PS');
INSERT INTO OKM_TRANSLATION (TR_MODULE, TR_KEY, TR_TEXT, TR_LANGUAGE) VALUES ('frontend', 'button.start', '', 'ar-PS');
INSERT INTO OKM_TRANSLATION (TR_MODULE, TR_KEY, TR_TEXT, TR_LANGUAGE) VALUES ('frontend', 'button.select', '', 'ar-PS');
INSERT INTO OKM_TRANSLATION (TR_MODULE, TR_KEY, TR_TEXT, TR_LANGUAGE) VALUES ('frontend', 'button.test', '', 'ar-PS');
INSERT INTO OKM_TRANSLATION (TR_MODULE, TR_KEY, TR_TEXT, TR_LANGUAGE) VALUES ('frontend', 'group.label', '   ', 'ar-PS');
INSERT INTO OKM_TRANSLATION (TR_MODULE, TR_KEY, TR_TEXT, TR_LANGUAGE) VALUES ('frontend', 'group.group', '', 'ar-PS');
INSERT INTO OKM_TRANSLATION (TR_MODULE, TR_KEY, TR_TEXT, TR_LANGUAGE) VALUES ('frontend', 'group.property.group', ' ', 'ar-PS');
INSERT INTO OKM_TRANSLATION (TR_MODULE, TR_KEY, TR_TEXT, TR_LANGUAGE) VALUES ('frontend', 'general.menu.file.scanner', ' ', 'ar-PS');
INSERT INTO OKM_TRANSLATION (TR_MODULE, TR_KEY, TR_TEXT, TR_LANGUAGE) VALUES ('frontend', 'bookmark.label', ' ', 'ar-PS');
INSERT INTO OKM_TRANSLATION (TR_MODULE, TR_KEY, TR_TEXT, TR_LANGUAGE) VALUES ('frontend', 'bookmark.name', '', 'ar-PS');
INSERT INTO OKM_TRANSLATION (TR_MODULE, TR_KEY, TR_TEXT, TR_LANGUAGE) VALUES ('frontend', 'bookmark.edit.label', ' ', 'ar-PS');
INSERT INTO OKM_TRANSLATION (TR_MODULE, TR_KEY, TR_TEXT, TR_LANGUAGE) VALUES ('frontend', 'bookmark.path', '', 'ar-PS');
INSERT INTO OKM_TRANSLATION (TR_MODULE, TR_KEY, TR_TEXT, TR_LANGUAGE) VALUES ('frontend', 'bookmark.type', '', 'ar-PS');
INSERT INTO OKM_TRANSLATION (TR_MODULE, TR_KEY, TR_TEXT, TR_LANGUAGE) VALUES ('frontend', 'bookmark.type.document', '', 'ar-PS');
INSERT INTO OKM_TRANSLATION (TR_MODULE, TR_KEY, TR_TEXT, TR_LANGUAGE) VALUES ('frontend', 'bookmark.type.folder', '', 'ar-PS');
INSERT INTO OKM_TRANSLATION (TR_MODULE, TR_KEY, TR_TEXT, TR_LANGUAGE) VALUES ('frontend', 'notify.label', '   ', 'ar-PS');
INSERT INTO OKM_TRANSLATION (TR_MODULE, TR_KEY, TR_TEXT, TR_LANGUAGE) VALUES ('frontend', 'notify.label.attachment', 'Send document attachment', 'ar-PS');
INSERT INTO OKM_TRANSLATION (TR_MODULE, TR_KEY, TR_TEXT, TR_LANGUAGE) VALUES ('frontend', 'status.document.copied', '  ', 'ar-PS');
INSERT INTO OKM_TRANSLATION (TR_MODULE, TR_KEY, TR_TEXT, TR_LANGUAGE) VALUES ('frontend', 'status.document.cut', '  ', 'ar-PS');
INSERT INTO OKM_TRANSLATION (TR_MODULE, TR_KEY, TR_TEXT, TR_LANGUAGE) VALUES ('frontend', 'status.folder.copied', '  ', 'ar-PS');
INSERT INTO OKM_TRANSLATION (TR_MODULE, TR_KEY, TR_TEXT, TR_LANGUAGE) VALUES ('frontend', 'status.folder.cut', '  ', 'ar-PS');
INSERT INTO OKM_TRANSLATION (TR_MODULE, TR_KEY, TR_TEXT, TR_LANGUAGE) VALUES ('frontend', 'status.keep.alive.error', '     ...   ', 'ar-PS');
INSERT INTO OKM_TRANSLATION (TR_MODULE, TR_KEY, TR_TEXT, TR_LANGUAGE) VALUES ('frontend', 'status.debug.enabled', ' ', 'ar-PS');
INSERT INTO OKM_TRANSLATION (TR_MODULE, TR_KEY, TR_TEXT, TR_LANGUAGE) VALUES ('frontend', 'status.debug.disabled', ' ', 'ar-PS');
INSERT INTO OKM_TRANSLATION (TR_MODULE, TR_KEY, TR_TEXT, TR_LANGUAGE) VALUES ('frontend', 'status.network.error.detected', '   ', 'ar-PS');
INSERT INTO OKM_TRANSLATION (TR_MODULE, TR_KEY, TR_TEXT, TR_LANGUAGE) VALUES ('frontend', 'calendar.day.sunday', '', 'ar-PS');
INSERT INTO OKM_TRANSLATION (TR_MODULE, TR_KEY, TR_TEXT, TR_LANGUAGE) VALUES ('frontend', 'calendar.day.monday', '', 'ar-PS');
INSERT INTO OKM_TRANSLATION (TR_MODULE, TR_KEY, TR_TEXT, TR_LANGUAGE) VALUES ('frontend', 'calendar.day.tuesday', '', 'ar-PS');
INSERT INTO OKM_TRANSLATION (TR_MODULE, TR_KEY, TR_TEXT, TR_LANGUAGE) VALUES ('frontend', 'calendar.day.wednesday', '', 'ar-PS');
INSERT INTO OKM_TRANSLATION (TR_MODULE, TR_KEY, TR_TEXT, TR_LANGUAGE) VALUES ('frontend', 'calendar.day.thursday', '', 'ar-PS');
INSERT INTO OKM_TRANSLATION (TR_MODULE, TR_KEY, TR_TEXT, TR_LANGUAGE) VALUES ('frontend', 'calendar.day.friday', '', 'ar-PS');
INSERT INTO OKM_TRANSLATION (TR_MODULE, TR_KEY, TR_TEXT, TR_LANGUAGE) VALUES ('frontend', 'calendar.day.saturday', '', 'ar-PS');
INSERT INTO OKM_TRANSLATION (TR_MODULE, TR_KEY, TR_TEXT, TR_LANGUAGE) VALUES ('frontend', 'calendar.month.january', '', 'ar-PS');
INSERT INTO OKM_TRANSLATION (TR_MODULE, TR_KEY, TR_TEXT, TR_LANGUAGE) VALUES ('frontend', 'calendar.month.february', '', 'ar-PS');
INSERT INTO OKM_TRANSLATION (TR_MODULE, TR_KEY, TR_TEXT, TR_LANGUAGE) VALUES ('frontend', 'calendar.month.march', '', 'ar-PS');
INSERT INTO OKM_TRANSLATION (TR_MODULE, TR_KEY, TR_TEXT, TR_LANGUAGE) VALUES ('frontend', 'calendar.month.april', '', 'ar-PS');
INSERT INTO OKM_TRANSLATION (TR_MODULE, TR_KEY, TR_TEXT, TR_LANGUAGE) VALUES ('frontend', 'calendar.month.may', '', 'ar-PS');
INSERT INTO OKM_TRANSLATION (TR_MODULE, TR_KEY, TR_TEXT, TR_LANGUAGE) VALUES ('frontend', 'calendar.month.june', '', 'ar-PS');
INSERT INTO OKM_TRANSLATION (TR_MODULE, TR_KEY, TR_TEXT, TR_LANGUAGE) VALUES ('frontend', 'calendar.month.july', '', 'ar-PS');
INSERT INTO OKM_TRANSLATION (TR_MODULE, TR_KEY, TR_TEXT, TR_LANGUAGE) VALUES ('frontend', 'calendar.month.august', '', 'ar-PS');
INSERT INTO OKM_TRANSLATION (TR_MODULE, TR_KEY, TR_TEXT, TR_LANGUAGE) VALUES ('frontend', 'calendar.month.september', '', 'ar-PS');
INSERT INTO OKM_TRANSLATION (TR_MODULE, TR_KEY, TR_TEXT, TR_LANGUAGE) VALUES ('frontend', 'calendar.month.october', '', 'ar-PS');
INSERT INTO OKM_TRANSLATION (TR_MODULE, TR_KEY, TR_TEXT, TR_LANGUAGE) VALUES ('frontend', 'calendar.month.november', '', 'ar-PS');
INSERT INTO OKM_TRANSLATION (TR_MODULE, TR_KEY, TR_TEXT, TR_LANGUAGE) VALUES ('frontend', 'calendar.month.december', '', 'ar-PS');
INSERT INTO OKM_TRANSLATION (TR_MODULE, TR_KEY, TR_TEXT, TR_LANGUAGE) VALUES ('frontend', 'media.player.label', '  ', 'ar-PS');
INSERT INTO OKM_TRANSLATION (TR_MODULE, TR_KEY, TR_TEXT, TR_LANGUAGE) VALUES ('frontend', 'image.viewer.label', ' ', 'ar-PS');
INSERT INTO OKM_TRANSLATION (TR_MODULE, TR_KEY, TR_TEXT, TR_LANGUAGE) VALUES ('frontend', 'image.viewer.zoom.in', '', 'ar-PS');
INSERT INTO OKM_TRANSLATION (TR_MODULE, TR_KEY, TR_TEXT, TR_LANGUAGE) VALUES ('frontend', 'image.viewer.zoom.out', '', 'ar-PS');
INSERT INTO OKM_TRANSLATION (TR_MODULE, TR_KEY, TR_TEXT, TR_LANGUAGE) VALUES ('frontend', 'debug.console.label', '', 'ar-PS');
INSERT INTO OKM_TRANSLATION (TR_MODULE, TR_KEY, TR_TEXT, TR_LANGUAGE) VALUES ('frontend', 'debug.enable.disable', 'CTRL+Z     ', 'ar-PS');
INSERT INTO OKM_TRANSLATION (TR_MODULE, TR_KEY, TR_TEXT, TR_LANGUAGE) VALUES ('frontend', 'dashboard.tab.general', '', 'ar-PS');
INSERT INTO OKM_TRANSLATION (TR_MODULE, TR_KEY, TR_TEXT, TR_LANGUAGE) VALUES ('frontend', 'dashboard.tab.news', '', 'ar-PS');
INSERT INTO OKM_TRANSLATION (TR_MODULE, TR_KEY, TR_TEXT, TR_LANGUAGE) VALUES ('frontend', 'dashboard.tab.user', '', 'ar-PS');
INSERT INTO OKM_TRANSLATION (TR_MODULE, TR_KEY, TR_TEXT, TR_LANGUAGE) VALUES ('frontend', 'dashboard.tab.workflow', ' ', 'ar-PS');
INSERT INTO OKM_TRANSLATION (TR_MODULE, TR_KEY, TR_TEXT, TR_LANGUAGE) VALUES ('frontend', 'dashboard.tab.mail', '', 'ar-PS');
INSERT INTO OKM_TRANSLATION (TR_MODULE, TR_KEY, TR_TEXT, TR_LANGUAGE) VALUES ('frontend', 'dashboard.tab.keymap', '  ', 'ar-PS');
INSERT INTO OKM_TRANSLATION (TR_MODULE, TR_KEY, TR_TEXT, TR_LANGUAGE) VALUES ('frontend', 'dashboard.new.items', '', 'ar-PS');
INSERT INTO OKM_TRANSLATION (TR_MODULE, TR_KEY, TR_TEXT, TR_LANGUAGE) VALUES ('frontend', 'dashboard.user.locked.documents', ' ', 'ar-PS');
INSERT INTO OKM_TRANSLATION (TR_MODULE, TR_KEY, TR_TEXT, TR_LANGUAGE) VALUES ('frontend', 'dashboard.user.checkout.documents', '', 'ar-PS');
INSERT INTO OKM_TRANSLATION (TR_MODULE, TR_KEY, TR_TEXT, TR_LANGUAGE) VALUES ('frontend', 'dashboard.user.last.modified.documents', '   ', 'ar-PS');
INSERT INTO OKM_TRANSLATION (TR_MODULE, TR_KEY, TR_TEXT, TR_LANGUAGE) VALUES ('frontend', 'dashboard.user.last.downloaded.documents', '  ', 'ar-PS');
INSERT INTO OKM_TRANSLATION (TR_MODULE, TR_KEY, TR_TEXT, TR_LANGUAGE) VALUES ('frontend', 'dashboard.user.subscribed.documents', ' ', 'ar-PS');
INSERT INTO OKM_TRANSLATION (TR_MODULE, TR_KEY, TR_TEXT, TR_LANGUAGE) VALUES ('frontend', 'dashboard.user.subscribed.folders', ' ', 'ar-PS');
INSERT INTO OKM_TRANSLATION (TR_MODULE, TR_KEY, TR_TEXT, TR_LANGUAGE) VALUES ('frontend', 'dashboard.user.last.uploaded.documents', '  ', 'ar-PS');
INSERT INTO OKM_TRANSLATION (TR_MODULE, TR_KEY, TR_TEXT, TR_LANGUAGE) VALUES ('frontend', 'dashboard.general.last.week.top.downloaded.documents', '     ', 'ar-PS');
INSERT INTO OKM_TRANSLATION (TR_MODULE, TR_KEY, TR_TEXT, TR_LANGUAGE) VALUES ('frontend', 'dashboard.general.last.month.top.downloaded.documents', '     ', 'ar-PS');
INSERT INTO OKM_TRANSLATION (TR_MODULE, TR_KEY, TR_TEXT, TR_LANGUAGE) VALUES ('frontend', 'dashboard.general.last.week.top.modified.documents', '     ', 'ar-PS');
INSERT INTO OKM_TRANSLATION (TR_MODULE, TR_KEY, TR_TEXT, TR_LANGUAGE) VALUES ('frontend', 'dashboard.general.last.month.top.modified.documents', '     ', 'ar-PS');
INSERT INTO OKM_TRANSLATION (TR_MODULE, TR_KEY, TR_TEXT, TR_LANGUAGE) VALUES ('frontend', 'dashboard.general.last.uploaded.documents', '  ', 'ar-PS');
INSERT INTO OKM_TRANSLATION (TR_MODULE, TR_KEY, TR_TEXT, TR_LANGUAGE) VALUES ('frontend', 'dashboard.workflow.pending.tasks', '  ', 'ar-PS');
INSERT INTO OKM_TRANSLATION (TR_MODULE, TR_KEY, TR_TEXT, TR_LANGUAGE) VALUES ('frontend', 'dashboard.workflow.pending.tasks.unassigned', '      ', 'ar-PS');
INSERT INTO OKM_TRANSLATION (TR_MODULE, TR_KEY, TR_TEXT, TR_LANGUAGE) VALUES ('frontend', 'dashboard.workflow.task', '', 'ar-PS');
INSERT INTO OKM_TRANSLATION (TR_MODULE, TR_KEY, TR_TEXT, TR_LANGUAGE) VALUES ('frontend', 'dashboard.workflow.task.id', ' ', 'ar-PS');
INSERT INTO OKM_TRANSLATION (TR_MODULE, TR_KEY, TR_TEXT, TR_LANGUAGE) VALUES ('frontend', 'dashboard.workflow.task.name', '', 'ar-PS');
INSERT INTO OKM_TRANSLATION (TR_MODULE, TR_KEY, TR_TEXT, TR_LANGUAGE) VALUES ('frontend', 'dashboard.workflow.task.created', ' ', 'ar-PS');
INSERT INTO OKM_TRANSLATION (TR_MODULE, TR_KEY, TR_TEXT, TR_LANGUAGE) VALUES ('frontend', 'dashboard.workflow.task.start', ' ', 'ar-PS');
INSERT INTO OKM_TRANSLATION (TR_MODULE, TR_KEY, TR_TEXT, TR_LANGUAGE) VALUES ('frontend', 'dashboard.workflow.task.duedate', ' ', 'ar-PS');
INSERT INTO OKM_TRANSLATION (TR_MODULE, TR_KEY, TR_TEXT, TR_LANGUAGE) VALUES ('frontend', 'dashboard.workflow.task.end', ' ', 'ar-PS');
INSERT INTO OKM_TRANSLATION (TR_MODULE, TR_KEY, TR_TEXT, TR_LANGUAGE) VALUES ('frontend', 'dashboard.workflow.task.description', '', 'ar-PS');
INSERT INTO OKM_TRANSLATION (TR_MODULE, TR_KEY, TR_TEXT, TR_LANGUAGE) VALUES ('frontend', 'dashboard.workflow.task.process.instance', ' ', 'ar-PS');
INSERT INTO OKM_TRANSLATION (TR_MODULE, TR_KEY, TR_TEXT, TR_LANGUAGE) VALUES ('frontend', 'dashboard.workflow.task.process.id', ' ', 'ar-PS');
INSERT INTO OKM_TRANSLATION (TR_MODULE, TR_KEY, TR_TEXT, TR_LANGUAGE) VALUES ('frontend', 'dashboard.workflow.task.process.version', '', 'ar-PS');
INSERT INTO OKM_TRANSLATION (TR_MODULE, TR_KEY, TR_TEXT, TR_LANGUAGE) VALUES ('frontend', 'dashboard.workflow.task.process.name', '', 'ar-PS');
INSERT INTO OKM_TRANSLATION (TR_MODULE, TR_KEY, TR_TEXT, TR_LANGUAGE) VALUES ('frontend', 'dashboard.workflow.task.process.description', '', 'ar-PS');
INSERT INTO OKM_TRANSLATION (TR_MODULE, TR_KEY, TR_TEXT, TR_LANGUAGE) VALUES ('frontend', 'dashboard.workflow.task.process.data', '', 'ar-PS');
INSERT INTO OKM_TRANSLATION (TR_MODULE, TR_KEY, TR_TEXT, TR_LANGUAGE) VALUES ('frontend', 'dashboard.workflow.comments', '', 'ar-PS');
INSERT INTO OKM_TRANSLATION (TR_MODULE, TR_KEY, TR_TEXT, TR_LANGUAGE) VALUES ('frontend', 'dashboard.workflow.task.process.forms', '', 'ar-PS');
INSERT INTO OKM_TRANSLATION (TR_MODULE, TR_KEY, TR_TEXT, TR_LANGUAGE) VALUES ('frontend', 'dashboard.workflow.add.comment', ' ', 'ar-PS');
INSERT INTO OKM_TRANSLATION (TR_MODULE, TR_KEY, TR_TEXT, TR_LANGUAGE) VALUES ('frontend', 'dashboard.workflow.task.process.definition', ' ', 'ar-PS');
INSERT INTO OKM_TRANSLATION (TR_MODULE, TR_KEY, TR_TEXT, TR_LANGUAGE) VALUES ('frontend', 'dashboard.workflow.task.process.path', '', 'ar-PS');
INSERT INTO OKM_TRANSLATION (TR_MODULE, TR_KEY, TR_TEXT, TR_LANGUAGE) VALUES ('frontend', 'dashboard.refreshing', ' ', 'ar-PS');
INSERT INTO OKM_TRANSLATION (TR_MODULE, TR_KEY, TR_TEXT, TR_LANGUAGE) VALUES ('frontend', 'dashboard.keyword', ' ', 'ar-PS');
INSERT INTO OKM_TRANSLATION (TR_MODULE, TR_KEY, TR_TEXT, TR_LANGUAGE) VALUES ('frontend', 'dashboard.keyword.suggest', '  ', 'ar-PS');
INSERT INTO OKM_TRANSLATION (TR_MODULE, TR_KEY, TR_TEXT, TR_LANGUAGE) VALUES ('frontend', 'dashboard.keyword.all', '  ', 'ar-PS');
INSERT INTO OKM_TRANSLATION (TR_MODULE, TR_KEY, TR_TEXT, TR_LANGUAGE) VALUES ('frontend', 'dashboard.keyword.top', '  ', 'ar-PS');
INSERT INTO OKM_TRANSLATION (TR_MODULE, TR_KEY, TR_TEXT, TR_LANGUAGE) VALUES ('frontend', 'dashboard.keyword.related', '   ', 'ar-PS');
INSERT INTO OKM_TRANSLATION (TR_MODULE, TR_KEY, TR_TEXT, TR_LANGUAGE) VALUES ('frontend', 'dashboard.keyword.goto.document', '  ', 'ar-PS');
INSERT INTO OKM_TRANSLATION (TR_MODULE, TR_KEY, TR_TEXT, TR_LANGUAGE) VALUES ('frontend', 'dashboard.keyword.clean.keywords', '  ', 'ar-PS');
INSERT INTO OKM_TRANSLATION (TR_MODULE, TR_KEY, TR_TEXT, TR_LANGUAGE) VALUES ('frontend', 'dashboard.mail.last.imported.mails', ' ', 'ar-PS');
INSERT INTO OKM_TRANSLATION (TR_MODULE, TR_KEY, TR_TEXT, TR_LANGUAGE) VALUES ('frontend', 'dashboard.mail.last.imported.attached.documents', '', 'ar-PS');
INSERT INTO OKM_TRANSLATION (TR_MODULE, TR_KEY, TR_TEXT, TR_LANGUAGE) VALUES ('frontend', 'workflow.label', '  ', 'ar-PS');
INSERT INTO OKM_TRANSLATION (TR_MODULE, TR_KEY, TR_TEXT, TR_LANGUAGE) VALUES ('frontend', 'user.preferences.label', ' ', 'ar-PS');
INSERT INTO OKM_TRANSLATION (TR_MODULE, TR_KEY, TR_TEXT, TR_LANGUAGE) VALUES ('frontend', 'user.preferences.user', '', 'ar-PS');
INSERT INTO OKM_TRANSLATION (TR_MODULE, TR_KEY, TR_TEXT, TR_LANGUAGE) VALUES ('frontend', 'user.preferences.password', ' ', 'ar-PS');
INSERT INTO OKM_TRANSLATION (TR_MODULE, TR_KEY, TR_TEXT, TR_LANGUAGE) VALUES ('frontend', 'user.preferences.mail', ' ', 'ar-PS');
INSERT INTO OKM_TRANSLATION (TR_MODULE, TR_KEY, TR_TEXT, TR_LANGUAGE) VALUES ('frontend', 'user.preferences.roles', 'Roles', 'ar-PS');
INSERT INTO OKM_TRANSLATION (TR_MODULE, TR_KEY, TR_TEXT, TR_LANGUAGE) VALUES ('frontend', 'user.preferences.imap.host', 'IMAP ', 'ar-PS');
INSERT INTO OKM_TRANSLATION (TR_MODULE, TR_KEY, TR_TEXT, TR_LANGUAGE) VALUES ('frontend', 'user.preferences.imap.user', 'IMAP  ', 'ar-PS');
INSERT INTO OKM_TRANSLATION (TR_MODULE, TR_KEY, TR_TEXT, TR_LANGUAGE) VALUES ('frontend', 'user.preferences.imap.user.password', 'IMAP  ', 'ar-PS');
INSERT INTO OKM_TRANSLATION (TR_MODULE, TR_KEY, TR_TEXT, TR_LANGUAGE) VALUES ('frontend', 'user.preferences.imap.folder', 'IMAP ', 'ar-PS');
INSERT INTO OKM_TRANSLATION (TR_MODULE, TR_KEY, TR_TEXT, TR_LANGUAGE) VALUES ('frontend', 'user.preferences.password.error', ':   ', 'ar-PS');
INSERT INTO OKM_TRANSLATION (TR_MODULE, TR_KEY, TR_TEXT, TR_LANGUAGE) VALUES ('frontend', 'user.preferences.user.data', ' ', 'ar-PS');
INSERT INTO OKM_TRANSLATION (TR_MODULE, TR_KEY, TR_TEXT, TR_LANGUAGE) VALUES ('frontend', 'user.preferences.mail.data', ' ', 'ar-PS');
INSERT INTO OKM_TRANSLATION (TR_MODULE, TR_KEY, TR_TEXT, TR_LANGUAGE) VALUES ('frontend', 'user.preferences.imap.error', '     ', 'ar-PS');
INSERT INTO OKM_TRANSLATION (TR_MODULE, TR_KEY, TR_TEXT, TR_LANGUAGE) VALUES ('frontend', 'user.preferences.imap.password.error.void', 'IMAP          ', 'ar-PS');
INSERT INTO OKM_TRANSLATION (TR_MODULE, TR_KEY, TR_TEXT, TR_LANGUAGE) VALUES ('frontend', 'user.preferences.imap.test.error', 'IMAP  ', 'ar-PS');
INSERT INTO OKM_TRANSLATION (TR_MODULE, TR_KEY, TR_TEXT, TR_LANGUAGE) VALUES ('frontend', 'user.preferences.imap.test.ok', 'IMAP  ', 'ar-PS');
INSERT INTO OKM_TRANSLATION (TR_MODULE, TR_KEY, TR_TEXT, TR_LANGUAGE) VALUES ('frontend', 'thesaurus.directory.select.label', '  ', 'ar-PS');
INSERT INTO OKM_TRANSLATION (TR_MODULE, TR_KEY, TR_TEXT, TR_LANGUAGE) VALUES ('frontend', 'thesaurus.tab.tree', '', 'ar-PS');
INSERT INTO OKM_TRANSLATION (TR_MODULE, TR_KEY, TR_TEXT, TR_LANGUAGE) VALUES ('frontend', 'thesaurus.tab.keywords', ' ', 'ar-PS');
INSERT INTO OKM_TRANSLATION (TR_MODULE, TR_KEY, TR_TEXT, TR_LANGUAGE) VALUES ('frontend', 'categories.folder.select.label', ' ', 'ar-PS');
INSERT INTO OKM_TRANSLATION (TR_MODULE, TR_KEY, TR_TEXT, TR_LANGUAGE) VALUES ('frontend', 'categories.folder.error.delete', '      ', 'ar-PS');
INSERT INTO OKM_TRANSLATION (TR_MODULE, TR_KEY, TR_TEXT, TR_LANGUAGE) VALUES ('frontend', 'wizard.document.uploading', 'Document wizard', 'ar-PS');
INSERT INTO OKM_TRANSLATION (TR_MODULE, TR_KEY, TR_TEXT, TR_LANGUAGE) VALUES ('frontend', 'user.info.chat.connect', 'Connect to chat', 'ar-PS');
INSERT INTO OKM_TRANSLATION (TR_MODULE, TR_KEY, TR_TEXT, TR_LANGUAGE) VALUES ('frontend', 'user.info.chat.disconnect', 'Disconnet chat', 'ar-PS');
INSERT INTO OKM_TRANSLATION (TR_MODULE, TR_KEY, TR_TEXT, TR_LANGUAGE) VALUES ('frontend', 'user.info.chat.new.room', 'Net chat room', 'ar-PS');
INSERT INTO OKM_TRANSLATION (TR_MODULE, TR_KEY, TR_TEXT, TR_LANGUAGE) VALUES ('frontend', 'user.info.locked.actual', 'Locked documents', 'ar-PS');
INSERT INTO OKM_TRANSLATION (TR_MODULE, TR_KEY, TR_TEXT, TR_LANGUAGE) VALUES ('frontend', 'user.info.checkout.actual', 'Checkout documents', 'ar-PS');
INSERT INTO OKM_TRANSLATION (TR_MODULE, TR_KEY, TR_TEXT, TR_LANGUAGE) VALUES ('frontend', 'user.info.subscription.actual', 'Actual subscriptions', 'ar-PS');
INSERT INTO OKM_TRANSLATION (TR_MODULE, TR_KEY, TR_TEXT, TR_LANGUAGE) VALUES ('frontend', 'user.info.news.new', 'News', 'ar-PS');
INSERT INTO OKM_TRANSLATION (TR_MODULE, TR_KEY, TR_TEXT, TR_LANGUAGE) VALUES ('frontend', 'user.info.workflow.pending', 'Pending workflows', 'ar-PS');
INSERT INTO OKM_TRANSLATION (TR_MODULE, TR_KEY, TR_TEXT, TR_LANGUAGE) VALUES ('frontend', 'user.info.user.quota', 'Used quota', 'ar-PS');
INSERT INTO OKM_TRANSLATION (TR_MODULE, TR_KEY, TR_TEXT, TR_LANGUAGE) VALUES ('frontend', 'user.online', 'Users online', 'ar-PS');
INSERT INTO OKM_TRANSLATION (TR_MODULE, TR_KEY, TR_TEXT, TR_LANGUAGE) VALUES ('frontend', 'chat.room', 'Chat', 'ar-PS');
INSERT INTO OKM_TRANSLATION (TR_MODULE, TR_KEY, TR_TEXT, TR_LANGUAGE) VALUES ('frontend', 'chat.users.in.room', 'Users', 'ar-PS');
INSERT INTO OKM_TRANSLATION (TR_MODULE, TR_KEY, TR_TEXT, TR_LANGUAGE) VALUES ('frontend', 'OKM-017009', '    ', 'ar-PS');
INSERT INTO OKM_TRANSLATION (TR_MODULE, TR_KEY, TR_TEXT, TR_LANGUAGE) VALUES ('frontend', 'OKM-017004', '  ', 'ar-PS');
INSERT INTO OKM_TRANSLATION (TR_MODULE, TR_KEY, TR_TEXT, TR_LANGUAGE) VALUES ('frontend', 'OKM-017001', '   ', 'ar-PS');
INSERT INTO OKM_TRANSLATION (TR_MODULE, TR_KEY, TR_TEXT, TR_LANGUAGE) VALUES ('frontend', 'OKM-017015', '   ', 'ar-PS');
INSERT INTO OKM_TRANSLATION (TR_MODULE, TR_KEY, TR_TEXT, TR_LANGUAGE) VALUES ('frontend', 'OKM-017016', '  ', 'ar-PS');
INSERT INTO OKM_TRANSLATION (TR_MODULE, TR_KEY, TR_TEXT, TR_LANGUAGE) VALUES ('frontend', 'OKM-002009', '    ', 'ar-PS');
INSERT INTO OKM_TRANSLATION (TR_MODULE, TR_KEY, TR_TEXT, TR_LANGUAGE) VALUES ('frontend', 'OKM-002002', '  ', 'ar-PS');
INSERT INTO OKM_TRANSLATION (TR_MODULE, TR_KEY, TR_TEXT, TR_LANGUAGE) VALUES ('frontend', 'OKM-002003', '    ', 'ar-PS');
INSERT INTO OKM_TRANSLATION (TR_MODULE, TR_KEY, TR_TEXT, TR_LANGUAGE) VALUES ('frontend', 'OKM-002004', '  ', 'ar-PS');
INSERT INTO OKM_TRANSLATION (TR_MODULE, TR_KEY, TR_TEXT, TR_LANGUAGE) VALUES ('frontend', 'OKM-002004', '   ', 'ar-PS');
INSERT INTO OKM_TRANSLATION (TR_MODULE, TR_KEY, TR_TEXT, TR_LANGUAGE) VALUES ('frontend', 'OKM-002001', '   ', 'ar-PS');
INSERT INTO OKM_TRANSLATION (TR_MODULE, TR_KEY, TR_TEXT, TR_LANGUAGE) VALUES ('frontend', 'OKM-002006', '   ', 'ar-PS');
INSERT INTO OKM_TRANSLATION (TR_MODULE, TR_KEY, TR_TEXT, TR_LANGUAGE) VALUES ('frontend', 'OKM-002015', '   ', 'ar-PS');
INSERT INTO OKM_TRANSLATION (TR_MODULE, TR_KEY, TR_TEXT, TR_LANGUAGE) VALUES ('frontend', 'OKM-002024', 'Database error', 'ar-PS');
INSERT INTO OKM_TRANSLATION (TR_MODULE, TR_KEY, TR_TEXT, TR_LANGUAGE) VALUES ('frontend', 'OKM-001009', '    ', 'ar-PS');
INSERT INTO OKM_TRANSLATION (TR_MODULE, TR_KEY, TR_TEXT, TR_LANGUAGE) VALUES ('frontend', 'OKM-001002', '  ', 'ar-PS');
INSERT INTO OKM_TRANSLATION (TR_MODULE, TR_KEY, TR_TEXT, TR_LANGUAGE) VALUES ('frontend', 'OKM-001003', '  ', 'ar-PS');
INSERT INTO OKM_TRANSLATION (TR_MODULE, TR_KEY, TR_TEXT, TR_LANGUAGE) VALUES ('frontend', 'OKM-001001', '   ', 'ar-PS');
INSERT INTO OKM_TRANSLATION (TR_MODULE, TR_KEY, TR_TEXT, TR_LANGUAGE) VALUES ('frontend', 'OKM-001006', '   ', 'ar-PS');
INSERT INTO OKM_TRANSLATION (TR_MODULE, TR_KEY, TR_TEXT, TR_LANGUAGE) VALUES ('frontend', 'OKM-001015', '   ', 'ar-PS');
INSERT INTO OKM_TRANSLATION (TR_MODULE, TR_KEY, TR_TEXT, TR_LANGUAGE) VALUES ('frontend', 'OKM-001024', 'Database error', 'ar-PS');
INSERT INTO OKM_TRANSLATION (TR_MODULE, TR_KEY, TR_TEXT, TR_LANGUAGE) VALUES ('frontend', 'OKM-007009', '   ', 'ar-PS');
INSERT INTO OKM_TRANSLATION (TR_MODULE, TR_KEY, TR_TEXT, TR_LANGUAGE) VALUES ('frontend', 'OKM-007002', '  ', 'ar-PS');
INSERT INTO OKM_TRANSLATION (TR_MODULE, TR_KEY, TR_TEXT, TR_LANGUAGE) VALUES ('frontend', 'OKM-007001', '   ', 'ar-PS');
INSERT INTO OKM_TRANSLATION (TR_MODULE, TR_KEY, TR_TEXT, TR_LANGUAGE) VALUES ('frontend', 'OKM-007006', '   ', 'ar-PS');
INSERT INTO OKM_TRANSLATION (TR_MODULE, TR_KEY, TR_TEXT, TR_LANGUAGE) VALUES ('frontend', 'OKM-007024', 'Database error', 'ar-PS');
INSERT INTO OKM_TRANSLATION (TR_MODULE, TR_KEY, TR_TEXT, TR_LANGUAGE) VALUES ('frontend', 'OKM-009002', '  ', 'ar-PS');
INSERT INTO OKM_TRANSLATION (TR_MODULE, TR_KEY, TR_TEXT, TR_LANGUAGE) VALUES ('frontend', 'OKM-009006', '   ', 'ar-PS');
INSERT INTO OKM_TRANSLATION (TR_MODULE, TR_KEY, TR_TEXT, TR_LANGUAGE) VALUES ('frontend', 'OKM-005010', '   ', 'ar-PS');
INSERT INTO OKM_TRANSLATION (TR_MODULE, TR_KEY, TR_TEXT, TR_LANGUAGE) VALUES ('frontend', 'OKM-005003', '    ', 'ar-PS');
INSERT INTO OKM_TRANSLATION (TR_MODULE, TR_KEY, TR_TEXT, TR_LANGUAGE) VALUES ('frontend', 'OKM-005011', '  ', 'ar-PS');
INSERT INTO OKM_TRANSLATION (TR_MODULE, TR_KEY, TR_TEXT, TR_LANGUAGE) VALUES ('frontend', 'OKM-005027', 'Document name is diferent', 'ar-PS');
INSERT INTO OKM_TRANSLATION (TR_MODULE, TR_KEY, TR_TEXT, TR_LANGUAGE) VALUES ('frontend', 'OKM-004001', ' ', 'ar-PS');
INSERT INTO OKM_TRANSLATION (TR_MODULE, TR_KEY, TR_TEXT, TR_LANGUAGE) VALUES ('frontend', 'OKM-004024', 'Database error', 'ar-PS');
INSERT INTO OKM_TRANSLATION (TR_MODULE, TR_KEY, TR_TEXT, TR_LANGUAGE) VALUES ('frontend', 'OKM-008001', '    ', 'ar-PS');
INSERT INTO OKM_TRANSLATION (TR_MODULE, TR_KEY, TR_TEXT, TR_LANGUAGE) VALUES ('frontend', 'OKM-008003', '        ', 'ar-PS');
INSERT INTO OKM_TRANSLATION (TR_MODULE, TR_KEY, TR_TEXT, TR_LANGUAGE) VALUES ('frontend', 'OKM-008024', 'Database error', 'ar-PS');
INSERT INTO OKM_TRANSLATION (TR_MODULE, TR_KEY, TR_TEXT, TR_LANGUAGE) VALUES ('frontend', 'OKM-011003', '       ', 'ar-PS');
INSERT INTO OKM_TRANSLATION (TR_MODULE, TR_KEY, TR_TEXT, TR_LANGUAGE) VALUES ('frontend', 'OKM-003017', ' ', 'ar-PS');
INSERT INTO OKM_TRANSLATION (TR_MODULE, TR_KEY, TR_TEXT, TR_LANGUAGE) VALUES ('frontend', 'OKM-013001', '   ', 'ar-PS');
INSERT INTO OKM_TRANSLATION (TR_MODULE, TR_KEY, TR_TEXT, TR_LANGUAGE) VALUES ('frontend', 'OKM-013024', 'Database error', 'ar-PS');
INSERT INTO OKM_TRANSLATION (TR_MODULE, TR_KEY, TR_TEXT, TR_LANGUAGE) VALUES ('frontend', 'OKM-014001', '   ', 'ar-PS');
INSERT INTO OKM_TRANSLATION (TR_MODULE, TR_KEY, TR_TEXT, TR_LANGUAGE) VALUES ('frontend', 'OKM-014013', '   ', 'ar-PS');
INSERT INTO OKM_TRANSLATION (TR_MODULE, TR_KEY, TR_TEXT, TR_LANGUAGE) VALUES ('frontend', 'OKM-015001', '   ', 'ar-PS');
INSERT INTO OKM_TRANSLATION (TR_MODULE, TR_KEY, TR_TEXT, TR_LANGUAGE) VALUES ('frontend', 'OKM-015024', 'Database error', 'ar-PS');
INSERT INTO OKM_TRANSLATION (TR_MODULE, TR_KEY, TR_TEXT, TR_LANGUAGE) VALUES ('frontend', 'OKM-018022', '   ', 'ar-PS');
INSERT INTO OKM_TRANSLATION (TR_MODULE, TR_KEY, TR_TEXT, TR_LANGUAGE) VALUES ('frontend', 'OKM-018023', 'Error user quota exceed, contact with adminitrator', 'ar-PS');
INSERT INTO OKM_TRANSLATION (TR_MODULE, TR_KEY, TR_TEXT, TR_LANGUAGE) VALUES ('frontend', 'OKM-016009', 'Document access denied', 'ar-PS');
INSERT INTO OKM_TRANSLATION (TR_MODULE, TR_KEY, TR_TEXT, TR_LANGUAGE) VALUES ('frontend', 'OKM-016002', 'Document not found', 'ar-PS');
INSERT INTO OKM_TRANSLATION (TR_MODULE, TR_KEY, TR_TEXT, TR_LANGUAGE) VALUES ('frontend', 'OKM-016003', 'Document already exists', 'ar-PS');
INSERT INTO OKM_TRANSLATION (TR_MODULE, TR_KEY, TR_TEXT, TR_LANGUAGE) VALUES ('frontend', 'OKM-016004', 'Document lock denied', 'ar-PS');
INSERT INTO OKM_TRANSLATION (TR_MODULE, TR_KEY, TR_TEXT, TR_LANGUAGE) VALUES ('frontend', 'OKM-016001', 'Repository internal error', 'ar-PS');
INSERT INTO OKM_TRANSLATION (TR_MODULE, TR_KEY, TR_TEXT, TR_LANGUAGE) VALUES ('frontend', 'OKM-016006', 'Application internal error', 'ar-PS');
INSERT INTO OKM_TRANSLATION (TR_MODULE, TR_KEY, TR_TEXT, TR_LANGUAGE) VALUES ('frontend', 'OKM-016015', 'Document path not found', 'ar-PS');
INSERT INTO OKM_TRANSLATION (TR_MODULE, TR_KEY, TR_TEXT, TR_LANGUAGE) VALUES ('frontend', 'OKM-016024', 'Database error', 'ar-PS');
INSERT INTO OKM_TRANSLATION (TR_MODULE, TR_KEY, TR_TEXT, TR_LANGUAGE) VALUES ('frontend', 'OKM-010015', 'Path not found', 'ar-PS');
INSERT INTO OKM_TRANSLATION (TR_MODULE, TR_KEY, TR_TEXT, TR_LANGUAGE) VALUES ('frontend', 'OKM-010009', 'Access denied', 'ar-PS');
INSERT INTO OKM_TRANSLATION (TR_MODULE, TR_KEY, TR_TEXT, TR_LANGUAGE) VALUES ('frontend', 'OKM-010001', 'Repository internal error', 'ar-PS');
INSERT INTO OKM_TRANSLATION (TR_MODULE, TR_KEY, TR_TEXT, TR_LANGUAGE) VALUES ('frontend', 'OKM-010024', 'Database error', 'ar-PS');
INSERT INTO OKM_TRANSLATION (TR_MODULE, TR_KEY, TR_TEXT, TR_LANGUAGE) VALUES ('frontend', 'OKM-010006', 'Application internal error ', 'ar-PS');
INSERT INTO OKM_TRANSLATION (TR_MODULE, TR_KEY, TR_TEXT, TR_LANGUAGE) VALUES ('frontend', 'OKM-009004', 'Locked', 'ar-PS');
INSERT INTO OKM_TRANSLATION (TR_MODULE, TR_KEY, TR_TEXT, TR_LANGUAGE) VALUES ('frontend', 'OKM-009015', 'Path not exist', 'ar-PS');
INSERT INTO OKM_TRANSLATION (TR_MODULE, TR_KEY, TR_TEXT, TR_LANGUAGE) VALUES ('frontend', 'OKM-009009', 'Access denied', 'ar-PS');
INSERT INTO OKM_TRANSLATION (TR_MODULE, TR_KEY, TR_TEXT, TR_LANGUAGE) VALUES ('frontend', 'OKM-009001', 'Repository internal error', 'ar-PS');
INSERT INTO OKM_TRANSLATION (TR_MODULE, TR_KEY, TR_TEXT, TR_LANGUAGE) VALUES ('frontend', 'OKM-009024', 'Database error', 'ar-PS');
INSERT INTO OKM_TRANSLATION (TR_MODULE, TR_KEY, TR_TEXT, TR_LANGUAGE) VALUES ('frontend', 'OKM-009006', 'Application internal error', 'ar-PS');
INSERT INTO OKM_TRANSLATION (TR_MODULE, TR_KEY, TR_TEXT, TR_LANGUAGE) VALUES ('frontend', 'OKM-009012', 'Group not exists', 'ar-PS');
INSERT INTO OKM_TRANSLATION (TR_MODULE, TR_KEY, TR_TEXT, TR_LANGUAGE) VALUES ('frontend', 'OKM-009014', 'Property not exists', 'ar-PS');
INSERT INTO OKM_TRANSLATION (TR_MODULE, TR_KEY, TR_TEXT, TR_LANGUAGE) VALUES ('frontend', 'OKM-009013', 'Error on I/O', 'ar-PS');
INSERT INTO OKM_TRANSLATION (TR_MODULE, TR_KEY, TR_TEXT, TR_LANGUAGE) VALUES ('frontend', 'OKM-012001', 'Repository internal error', 'ar-PS');
INSERT INTO OKM_TRANSLATION (TR_MODULE, TR_KEY, TR_TEXT, TR_LANGUAGE) VALUES ('frontend', 'OKM-012006', 'Application internal error', 'ar-PS');
INSERT INTO OKM_TRANSLATION (TR_MODULE, TR_KEY, TR_TEXT, TR_LANGUAGE) VALUES ('frontend', 'OKM-012015', 'Path not exist', 'ar-PS');
INSERT INTO OKM_TRANSLATION (TR_MODULE, TR_KEY, TR_TEXT, TR_LANGUAGE) VALUES ('frontend', 'OKM-012024', 'Database error', 'ar-PS');
INSERT INTO OKM_TRANSLATION (TR_MODULE, TR_KEY, TR_TEXT, TR_LANGUAGE) VALUES ('frontend', 'OKM-012009', 'Access denied', 'ar-PS');
INSERT INTO OKM_TRANSLATION (TR_MODULE, TR_KEY, TR_TEXT, TR_LANGUAGE) VALUES ('frontend', 'OKM-019001', 'Repository internal error', 'ar-PS');
INSERT INTO OKM_TRANSLATION (TR_MODULE, TR_KEY, TR_TEXT, TR_LANGUAGE) VALUES ('frontend', 'OKM-019006', 'Application internal error', 'ar-PS');
INSERT INTO OKM_TRANSLATION (TR_MODULE, TR_KEY, TR_TEXT, TR_LANGUAGE) VALUES ('frontend', 'OKM-019024', 'Database error', 'ar-PS');
INSERT INTO OKM_LANGUAGE (LG_ID, LG_NAME, LG_IMAGE_CONTENT, LG_IMAGE_MIME) VALUES ('bs-BS', 'Bosnian', 'R0lGODlhEAALANUAAOSNAACZmfvXRPTNNACIiACoqHXi4ivN1fTJHPbNK3d3d/XLJFx0dFnc3FdXV0xLS2pqamXe3lDa4QCzszTNzTTR2QDDw/LFEwC8vEVbW/nUOxvI0kXW3vjRNUTT00vV1Q3DzS7KylTY2FzPz13S0sOqVD3U22JZUFnk5/nYOwCHmQCbqVVMRffPMABLS/XRP3uenjrc30nV20/X17qePxPGzwDLywAbG8SqS9y8QP3ZTj+/vzvQ0LqeQGGEhQAAACH5BAAAAAAALAAAAAAQAAsAAAZ8QJfFZilijpPkpMD8wQzQaGTaEIlmgZ+CMUJJvhyOqVI5yFZaB6Ok0wkEmk4rsXgB0o4T7h2fLxB2aQ+DOSlydAiAdxCDLD19iAgXA4sPGTSQf5KTixk7MWUHBxsbNSAgByo/PiRVMx8eHjw8FBQhIQQ3BUsFAb6+BMHCQQA7', 'image/gif');
INSERT INTO OKM_TRANSLATION (TR_MODULE, TR_KEY, TR_TEXT, TR_LANGUAGE) VALUES ('frontend', 'general.date.pattern', 'dd.MM.yyyy. hh:mm:ss', 'bs-BS');
INSERT INTO OKM_TRANSLATION (TR_MODULE, TR_KEY, TR_TEXT, TR_LANGUAGE) VALUES ('frontend', 'general.day.pattern', 'dd.MM.yyyy.', 'bs-BS');
INSERT INTO OKM_TRANSLATION (TR_MODULE, TR_KEY, TR_TEXT, TR_LANGUAGE) VALUES ('frontend', 'general.hour.pattern', 'HH:mm:ss', 'bs-BS');
INSERT INTO OKM_TRANSLATION (TR_MODULE, TR_KEY, TR_TEXT, TR_LANGUAGE) VALUES ('frontend', 'startup.openkm', 'Uitavanje OpenKM', 'bs-BS');
INSERT INTO OKM_TRANSLATION (TR_MODULE, TR_KEY, TR_TEXT, TR_LANGUAGE) VALUES ('frontend', 'startup.starting.loading', 'Poetak punjenja OpenKM', 'bs-BS');
INSERT INTO OKM_TRANSLATION (TR_MODULE, TR_KEY, TR_TEXT, TR_LANGUAGE) VALUES ('frontend', 'startup.taxonomy', 'Dobavljanje glavnog direktorija javnih dokumenata', 'bs-BS');
INSERT INTO OKM_TRANSLATION (TR_MODULE, TR_KEY, TR_TEXT, TR_LANGUAGE) VALUES ('frontend', 'startup.categories', 'Getting categories root node', 'bs-BS');
INSERT INTO OKM_TRANSLATION (TR_MODULE, TR_KEY, TR_TEXT, TR_LANGUAGE) VALUES ('frontend', 'startup.thesaurus', 'Getting thesaurus root node', 'bs-BS');
INSERT INTO OKM_TRANSLATION (TR_MODULE, TR_KEY, TR_TEXT, TR_LANGUAGE) VALUES ('frontend', 'startup.template', 'Dobavljanje glavnog direktorija predloaka', 'bs-BS');
INSERT INTO OKM_TRANSLATION (TR_MODULE, TR_KEY, TR_TEXT, TR_LANGUAGE) VALUES ('frontend', 'startup.personal', 'Dobavljanje glavnog direktorija linih dokumenata', 'bs-BS');
INSERT INTO OKM_TRANSLATION (TR_MODULE, TR_KEY, TR_TEXT, TR_LANGUAGE) VALUES ('frontend', 'startup.mail', 'Dobavljanje glavnog e-mail direktorija', 'bs-BS');
INSERT INTO OKM_TRANSLATION (TR_MODULE, TR_KEY, TR_TEXT, TR_LANGUAGE) VALUES ('frontend', 'startup.trash', 'Dobavljanje glavnog smee direktorija', 'bs-BS');
INSERT INTO OKM_TRANSLATION (TR_MODULE, TR_KEY, TR_TEXT, TR_LANGUAGE) VALUES ('frontend', 'startup.user.home', 'Dobavljanje korisnikog poetnog direktorija', 'bs-BS');
INSERT INTO OKM_TRANSLATION (TR_MODULE, TR_KEY, TR_TEXT, TR_LANGUAGE) VALUES ('frontend', 'startup.bookmarks', 'Dobavljanje oznaka', 'bs-BS');
INSERT INTO OKM_TRANSLATION (TR_MODULE, TR_KEY, TR_TEXT, TR_LANGUAGE) VALUES ('frontend', 'startup.loading.taxonomy', 'Uitavanje javnih dokumenata', 'bs-BS');
INSERT INTO OKM_TRANSLATION (TR_MODULE, TR_KEY, TR_TEXT, TR_LANGUAGE) VALUES ('frontend', 'startup.loading.taxonomy.getting.folders', 'Uitavanje javnih dokumenata - Dobavljanje direktorija', 'bs-BS');
INSERT INTO OKM_TRANSLATION (TR_MODULE, TR_KEY, TR_TEXT, TR_LANGUAGE) VALUES ('frontend', 'startup.loading.taxonomy.eval.params', 'Uitavanje javnih dokumenata - Procjena pregleda ', 'bs-BS');
INSERT INTO OKM_TRANSLATION (TR_MODULE, TR_KEY, TR_TEXT, TR_LANGUAGE) VALUES ('frontend', 'startup.loading.taxonomy.open.path', 'Uitavanje javnih dokumenata - Putanja', 'bs-BS');
INSERT INTO OKM_TRANSLATION (TR_MODULE, TR_KEY, TR_TEXT, TR_LANGUAGE) VALUES ('frontend', 'startup.loading.taxonomy.getting.filebrowser.folders', 'Uitavanje javnih dokumenata - Dobavljanje direktorija', 'bs-BS');
INSERT INTO OKM_TRANSLATION (TR_MODULE, TR_KEY, TR_TEXT, TR_LANGUAGE) VALUES ('frontend', 'startup.loading.taxonomy.getting.filebrowser.documents', 'Uitavanje javnih dokumenata - Dobavljanje dokumenata', 'bs-BS');
INSERT INTO OKM_TRANSLATION (TR_MODULE, TR_KEY, TR_TEXT, TR_LANGUAGE) VALUES ('frontend', 'startup.loading.taxonomy.getting.filebrowser.mails', 'Uitavanje javnih dokumenata - Dobavljanje pote', 'bs-BS');
INSERT INTO OKM_TRANSLATION (TR_MODULE, TR_KEY, TR_TEXT, TR_LANGUAGE) VALUES ('frontend', 'startup.loading.personal', 'Uitavanje linih podataka', 'bs-BS');
INSERT INTO OKM_TRANSLATION (TR_MODULE, TR_KEY, TR_TEXT, TR_LANGUAGE) VALUES ('frontend', 'startup.loading.mail', 'Uitavanje pote', 'bs-BS');
INSERT INTO OKM_TRANSLATION (TR_MODULE, TR_KEY, TR_TEXT, TR_LANGUAGE) VALUES ('frontend', 'startup.loading.categories', 'Loading categories', 'bs-BS');
INSERT INTO OKM_TRANSLATION (TR_MODULE, TR_KEY, TR_TEXT, TR_LANGUAGE) VALUES ('frontend', 'startup.loading.thesaurus', 'Loading thesaurus', 'bs-BS');
INSERT INTO OKM_TRANSLATION (TR_MODULE, TR_KEY, TR_TEXT, TR_LANGUAGE) VALUES ('frontend', 'startup.loading.templates', 'Uitavanje predloka', 'bs-BS');
INSERT INTO OKM_TRANSLATION (TR_MODULE, TR_KEY, TR_TEXT, TR_LANGUAGE) VALUES ('frontend', 'startup.loading.trash', 'Uitavanje kante za smee', 'bs-BS');
INSERT INTO OKM_TRANSLATION (TR_MODULE, TR_KEY, TR_TEXT, TR_LANGUAGE) VALUES ('frontend', 'startup.loading.history.search', 'Uitavanje historijskog pretraivanja', 'bs-BS');
INSERT INTO OKM_TRANSLATION (TR_MODULE, TR_KEY, TR_TEXT, TR_LANGUAGE) VALUES ('frontend', 'startup.loading.user.values', 'Uitavanje korisnikih vrijednosti', 'bs-BS');
INSERT INTO OKM_TRANSLATION (TR_MODULE, TR_KEY, TR_TEXT, TR_LANGUAGE) VALUES ('frontend', 'startup.keep.alive', 'Uitavanje ostati u radnom', 'bs-BS');
INSERT INTO OKM_TRANSLATION (TR_MODULE, TR_KEY, TR_TEXT, TR_LANGUAGE) VALUES ('frontend', 'openkm.update.available', 'Nova verzija OpenKM dostupna', 'bs-BS');
INSERT INTO OKM_TRANSLATION (TR_MODULE, TR_KEY, TR_TEXT, TR_LANGUAGE) VALUES ('frontend', 'leftpanel.label.taxonomy', 'Javni dokumenti', 'bs-BS');
INSERT INTO OKM_TRANSLATION (TR_MODULE, TR_KEY, TR_TEXT, TR_LANGUAGE) VALUES ('frontend', 'leftpanel.label.trash', 'Smee', 'bs-BS');
INSERT INTO OKM_TRANSLATION (TR_MODULE, TR_KEY, TR_TEXT, TR_LANGUAGE) VALUES ('frontend', 'leftpanel.label.mail', 'Pota', 'bs-BS');
INSERT INTO OKM_TRANSLATION (TR_MODULE, TR_KEY, TR_TEXT, TR_LANGUAGE) VALUES ('frontend', 'leftpanel.label.stored.search', 'Pohranjena pretraivanja', 'bs-BS');
INSERT INTO OKM_TRANSLATION (TR_MODULE, TR_KEY, TR_TEXT, TR_LANGUAGE) VALUES ('frontend', 'leftpanel.label.categories', 'Categories', 'bs-BS');
INSERT INTO OKM_TRANSLATION (TR_MODULE, TR_KEY, TR_TEXT, TR_LANGUAGE) VALUES ('frontend', 'leftpanel.label.thesaurus', 'Thesaurus', 'bs-BS');
INSERT INTO OKM_TRANSLATION (TR_MODULE, TR_KEY, TR_TEXT, TR_LANGUAGE) VALUES ('frontend', 'leftpanel.label.templates', 'Predloci', 'bs-BS');
INSERT INTO OKM_TRANSLATION (TR_MODULE, TR_KEY, TR_TEXT, TR_LANGUAGE) VALUES ('frontend', 'leftpanel.label.my.documents', 'Moji dokumenti', 'bs-BS');
INSERT INTO OKM_TRANSLATION (TR_MODULE, TR_KEY, TR_TEXT, TR_LANGUAGE) VALUES ('frontend', 'leftpanel.label.user.search', 'Korisnike vijesti', 'bs-BS');
INSERT INTO OKM_TRANSLATION (TR_MODULE, TR_KEY, TR_TEXT, TR_LANGUAGE) VALUES ('frontend', 'leftpanel.label.all.repository', 'Svi repozitoriji', 'bs-BS');
INSERT INTO OKM_TRANSLATION (TR_MODULE, TR_KEY, TR_TEXT, TR_LANGUAGE) VALUES ('frontend', 'tree.menu.directory.create', 'Kreiraj datoteku', 'bs-BS');
INSERT INTO OKM_TRANSLATION (TR_MODULE, TR_KEY, TR_TEXT, TR_LANGUAGE) VALUES ('frontend', 'tree.menu.directory.remove', 'Izbrii', 'bs-BS');
INSERT INTO OKM_TRANSLATION (TR_MODULE, TR_KEY, TR_TEXT, TR_LANGUAGE) VALUES ('frontend', 'tree.menu.directory.rename', 'Preimenuj', 'bs-BS');
INSERT INTO OKM_TRANSLATION (TR_MODULE, TR_KEY, TR_TEXT, TR_LANGUAGE) VALUES ('frontend', 'tree.menu.directory.refresh', 'Osvjei', 'bs-BS');
INSERT INTO OKM_TRANSLATION (TR_MODULE, TR_KEY, TR_TEXT, TR_LANGUAGE) VALUES ('frontend', 'tree.menu.directory.move', 'Prebaci', 'bs-BS');
INSERT INTO OKM_TRANSLATION (TR_MODULE, TR_KEY, TR_TEXT, TR_LANGUAGE) VALUES ('frontend', 'tree.menu.directory.copy', 'Kopiraj', 'bs-BS');
INSERT INTO OKM_TRANSLATION (TR_MODULE, TR_KEY, TR_TEXT, TR_LANGUAGE) VALUES ('frontend', 'tree.menu.directory.add.document', 'Dodaj dokument', 'bs-BS');
INSERT INTO OKM_TRANSLATION (TR_MODULE, TR_KEY, TR_TEXT, TR_LANGUAGE) VALUES ('frontend', 'tree.menu.add.bookmark', 'Dodaj oznaku', 'bs-BS');
INSERT INTO OKM_TRANSLATION (TR_MODULE, TR_KEY, TR_TEXT, TR_LANGUAGE) VALUES ('frontend', 'tree.menu.set.home', 'Postavi poetnu stranicu', 'bs-BS');
INSERT INTO OKM_TRANSLATION (TR_MODULE, TR_KEY, TR_TEXT, TR_LANGUAGE) VALUES ('frontend', 'tree.menu.export', 'Ispii u dokument', 'bs-BS');
INSERT INTO OKM_TRANSLATION (TR_MODULE, TR_KEY, TR_TEXT, TR_LANGUAGE) VALUES ('frontend', 'tree.status.refresh.folder', 'Auriranje stabla dokumenata ', 'bs-BS');
INSERT INTO OKM_TRANSLATION (TR_MODULE, TR_KEY, TR_TEXT, TR_LANGUAGE) VALUES ('frontend', 'tree.status.refresh.create', 'Kreiranje direktorija', 'bs-BS');
INSERT INTO OKM_TRANSLATION (TR_MODULE, TR_KEY, TR_TEXT, TR_LANGUAGE) VALUES ('frontend', 'tree.status.refresh.delete', 'Brisanje direktorija', 'bs-BS');
INSERT INTO OKM_TRANSLATION (TR_MODULE, TR_KEY, TR_TEXT, TR_LANGUAGE) VALUES ('frontend', 'tree.status.refresh.rename', 'Preimenovanje direktorija', 'bs-BS');
INSERT INTO OKM_TRANSLATION (TR_MODULE, TR_KEY, TR_TEXT, TR_LANGUAGE) VALUES ('frontend', 'tree.status.refresh.restore', 'Vraanje direktorija', 'bs-BS');
INSERT INTO OKM_TRANSLATION (TR_MODULE, TR_KEY, TR_TEXT, TR_LANGUAGE) VALUES ('frontend', 'tree.status.refresh.purge', 'ienje direktorija', 'bs-BS');
INSERT INTO OKM_TRANSLATION (TR_MODULE, TR_KEY, TR_TEXT, TR_LANGUAGE) VALUES ('frontend', 'tree.status.refresh.get', 'Auriranje direktorija', 'bs-BS');
INSERT INTO OKM_TRANSLATION (TR_MODULE, TR_KEY, TR_TEXT, TR_LANGUAGE) VALUES ('frontend', 'tree.folder.new', 'Novi direktorij', 'bs-BS');
INSERT INTO OKM_TRANSLATION (TR_MODULE, TR_KEY, TR_TEXT, TR_LANGUAGE) VALUES ('frontend', 'tree.status.refresh.add.subscription', 'Dodavanje potpisa', 'bs-BS');
INSERT INTO OKM_TRANSLATION (TR_MODULE, TR_KEY, TR_TEXT, TR_LANGUAGE) VALUES ('frontend', 'tree.status.refresh.remove.subscription', 'Brisanje potpisa', 'bs-BS');
INSERT INTO OKM_TRANSLATION (TR_MODULE, TR_KEY, TR_TEXT, TR_LANGUAGE) VALUES ('frontend', 'tree.status.refresh.get.root', 'Osvjeavanje glavnog direktorija', 'bs-BS');
INSERT INTO OKM_TRANSLATION (TR_MODULE, TR_KEY, TR_TEXT, TR_LANGUAGE) VALUES ('frontend', 'tree.status.refresh.get.keywords', 'Refreshing keywords', 'bs-BS');
INSERT INTO OKM_TRANSLATION (TR_MODULE, TR_KEY, TR_TEXT, TR_LANGUAGE) VALUES ('frontend', 'tree.status.refresh.get.user.home', 'Dobavljanje glavne poetne stranice', 'bs-BS');
INSERT INTO OKM_TRANSLATION (TR_MODULE, TR_KEY, TR_TEXT, TR_LANGUAGE) VALUES ('frontend', 'tree.status.refresh.purge.trash', 'ienje smea', 'bs-BS');
INSERT INTO OKM_TRANSLATION (TR_MODULE, TR_KEY, TR_TEXT, TR_LANGUAGE) VALUES ('frontend', 'tree.menu.directory.find.folder', 'Find folder', 'bs-BS');
INSERT INTO OKM_TRANSLATION (TR_MODULE, TR_KEY, TR_TEXT, TR_LANGUAGE) VALUES ('frontend', 'trash.menu.directory.restore', 'Vrati', 'bs-BS');
INSERT INTO OKM_TRANSLATION (TR_MODULE, TR_KEY, TR_TEXT, TR_LANGUAGE) VALUES ('frontend', 'trash.menu.directory.purge', 'Oisti', 'bs-BS');
INSERT INTO OKM_TRANSLATION (TR_MODULE, TR_KEY, TR_TEXT, TR_LANGUAGE) VALUES ('frontend', 'trash.menu.directory.purge.trash', 'Oisti smee', 'bs-BS');
INSERT INTO OKM_TRANSLATION (TR_MODULE, TR_KEY, TR_TEXT, TR_LANGUAGE) VALUES ('frontend', 'trash.directory.select.label', 'Izaberi ciljani direktorij', 'bs-BS');
INSERT INTO OKM_TRANSLATION (TR_MODULE, TR_KEY, TR_TEXT, TR_LANGUAGE) VALUES ('frontend', 'general.menu.file', 'Datoteka', 'bs-BS');
INSERT INTO OKM_TRANSLATION (TR_MODULE, TR_KEY, TR_TEXT, TR_LANGUAGE) VALUES ('frontend', 'general.menu.file.exit', 'Izai', 'bs-BS');
INSERT INTO OKM_TRANSLATION (TR_MODULE, TR_KEY, TR_TEXT, TR_LANGUAGE) VALUES ('frontend', 'general.menu.file.purge.trash', 'Oisti smee', 'bs-BS');
INSERT INTO OKM_TRANSLATION (TR_MODULE, TR_KEY, TR_TEXT, TR_LANGUAGE) VALUES ('frontend', 'general.menu.edit', 'Uredi', 'bs-BS');
INSERT INTO OKM_TRANSLATION (TR_MODULE, TR_KEY, TR_TEXT, TR_LANGUAGE) VALUES ('frontend', 'general.menu.file.create.directory', 'Kreiraj direktorij', 'bs-BS');
INSERT INTO OKM_TRANSLATION (TR_MODULE, TR_KEY, TR_TEXT, TR_LANGUAGE) VALUES ('frontend', 'general.menu.file.download.document', 'Preuzmi dokument', 'bs-BS');
INSERT INTO OKM_TRANSLATION (TR_MODULE, TR_KEY, TR_TEXT, TR_LANGUAGE) VALUES ('frontend', 'general.menu.file.download.document.pdf', 'Preuzmi dokument kao PDF', 'bs-BS');
INSERT INTO OKM_TRANSLATION (TR_MODULE, TR_KEY, TR_TEXT, TR_LANGUAGE) VALUES ('frontend', 'general.menu.file.send.link', 'Poalji link dokumenta', 'bs-BS');
INSERT INTO OKM_TRANSLATION (TR_MODULE, TR_KEY, TR_TEXT, TR_LANGUAGE) VALUES ('frontend', 'general.menu.file.send.attachment', 'Send document attachment', 'bs-BS');
INSERT INTO OKM_TRANSLATION (TR_MODULE, TR_KEY, TR_TEXT, TR_LANGUAGE) VALUES ('frontend', 'general.menu.file.lock', 'Zakljuaj', 'bs-BS');
INSERT INTO OKM_TRANSLATION (TR_MODULE, TR_KEY, TR_TEXT, TR_LANGUAGE) VALUES ('frontend', 'general.menu.file.unlock', 'Otkljuaj', 'bs-BS');
INSERT INTO OKM_TRANSLATION (TR_MODULE, TR_KEY, TR_TEXT, TR_LANGUAGE) VALUES ('frontend', 'general.menu.file.add.document', 'Dodaj dokument', 'bs-BS');
INSERT INTO OKM_TRANSLATION (TR_MODULE, TR_KEY, TR_TEXT, TR_LANGUAGE) VALUES ('frontend', 'general.menu.file.checkout', 'Rezervii dokument', 'bs-BS');
INSERT INTO OKM_TRANSLATION (TR_MODULE, TR_KEY, TR_TEXT, TR_LANGUAGE) VALUES ('frontend', 'general.menu.file.checkin', 'Poalji novu verziju', 'bs-BS');
INSERT INTO OKM_TRANSLATION (TR_MODULE, TR_KEY, TR_TEXT, TR_LANGUAGE) VALUES ('frontend', 'general.menu.file.cancel.checkout', 'Poniti rezervaciju', 'bs-BS');
INSERT INTO OKM_TRANSLATION (TR_MODULE, TR_KEY, TR_TEXT, TR_LANGUAGE) VALUES ('frontend', 'general.menu.file.delete', 'Izbrii', 'bs-BS');
INSERT INTO OKM_TRANSLATION (TR_MODULE, TR_KEY, TR_TEXT, TR_LANGUAGE) VALUES ('frontend', 'general.menu.file.refresh', 'Osvjei', 'bs-BS');
INSERT INTO OKM_TRANSLATION (TR_MODULE, TR_KEY, TR_TEXT, TR_LANGUAGE) VALUES ('frontend', 'general.menu.file.scanner', 'Scanner', 'bs-BS');
INSERT INTO OKM_TRANSLATION (TR_MODULE, TR_KEY, TR_TEXT, TR_LANGUAGE) VALUES ('frontend', 'general.menu.file.uploader', 'File uploader', 'bs-BS');
INSERT INTO OKM_TRANSLATION (TR_MODULE, TR_KEY, TR_TEXT, TR_LANGUAGE) VALUES ('frontend', 'general.menu.tools', 'Alati', 'bs-BS');
INSERT INTO OKM_TRANSLATION (TR_MODULE, TR_KEY, TR_TEXT, TR_LANGUAGE) VALUES ('frontend', 'general.menu.tools.languages', 'Jezici', 'bs-BS');
INSERT INTO OKM_TRANSLATION (TR_MODULE, TR_KEY, TR_TEXT, TR_LANGUAGE) VALUES ('frontend', 'general.menu.tools.skin', 'Skin', 'bs-BS');
INSERT INTO OKM_TRANSLATION (TR_MODULE, TR_KEY, TR_TEXT, TR_LANGUAGE) VALUES ('frontend', 'general.menu.tools.skin.default', 'Po zadanom', 'bs-BS');
INSERT INTO OKM_TRANSLATION (TR_MODULE, TR_KEY, TR_TEXT, TR_LANGUAGE) VALUES ('frontend', 'general.menu.tools.skin.default2', 'Po zadanom 2', 'bs-BS');
INSERT INTO OKM_TRANSLATION (TR_MODULE, TR_KEY, TR_TEXT, TR_LANGUAGE) VALUES ('frontend', 'general.menu.tools.skin.mediumfont', 'Srednji font', 'bs-BS');
INSERT INTO OKM_TRANSLATION (TR_MODULE, TR_KEY, TR_TEXT, TR_LANGUAGE) VALUES ('frontend', 'general.menu.tools.skin.bigfont', 'Veliki font', 'bs-BS');
INSERT INTO OKM_TRANSLATION (TR_MODULE, TR_KEY, TR_TEXT, TR_LANGUAGE) VALUES ('frontend', 'general.menu.debug.console', 'Debug console', 'bs-BS');
INSERT INTO OKM_TRANSLATION (TR_MODULE, TR_KEY, TR_TEXT, TR_LANGUAGE) VALUES ('frontend', 'general.menu.administration', 'Pokai administraciju', 'bs-BS');
INSERT INTO OKM_TRANSLATION (TR_MODULE, TR_KEY, TR_TEXT, TR_LANGUAGE) VALUES ('frontend', 'general.menu.tools.preferences', 'Prioriteti', 'bs-BS');
INSERT INTO OKM_TRANSLATION (TR_MODULE, TR_KEY, TR_TEXT, TR_LANGUAGE) VALUES ('frontend', 'general.menu.tools.user.preferences', 'Korisnika konfiguracija', 'bs-BS');
INSERT INTO OKM_TRANSLATION (TR_MODULE, TR_KEY, TR_TEXT, TR_LANGUAGE) VALUES ('frontend', 'general.menu.bookmark', 'Oznake', 'bs-BS');
INSERT INTO OKM_TRANSLATION (TR_MODULE, TR_KEY, TR_TEXT, TR_LANGUAGE) VALUES ('frontend', 'general.menu.bookmark.home', 'Poetna', 'bs-BS');
INSERT INTO OKM_TRANSLATION (TR_MODULE, TR_KEY, TR_TEXT, TR_LANGUAGE) VALUES ('frontend', 'general.menu.bookmark.default.home', 'Postavi zadanu poetnu', 'bs-BS');
INSERT INTO OKM_TRANSLATION (TR_MODULE, TR_KEY, TR_TEXT, TR_LANGUAGE) VALUES ('frontend', 'general.menu.bookmark.edit', 'Uredi oznake', 'bs-BS');
INSERT INTO OKM_TRANSLATION (TR_MODULE, TR_KEY, TR_TEXT, TR_LANGUAGE) VALUES ('frontend', 'general.menu.help', 'Pomo', 'bs-BS');
INSERT INTO OKM_TRANSLATION (TR_MODULE, TR_KEY, TR_TEXT, TR_LANGUAGE) VALUES ('frontend', 'general.menu.bug.report', 'Izvjetaj greaka', 'bs-BS');
INSERT INTO OKM_TRANSLATION (TR_MODULE, TR_KEY, TR_TEXT, TR_LANGUAGE) VALUES ('frontend', 'general.menu.support.request', 'Zahtjev za podrku', 'bs-BS');
INSERT INTO OKM_TRANSLATION (TR_MODULE, TR_KEY, TR_TEXT, TR_LANGUAGE) VALUES ('frontend', 'general.menu.public.forum', 'Javni forum', 'bs-BS');
INSERT INTO OKM_TRANSLATION (TR_MODULE, TR_KEY, TR_TEXT, TR_LANGUAGE) VALUES ('frontend', 'general.menu.project.web', 'Projekat web', 'bs-BS');
INSERT INTO OKM_TRANSLATION (TR_MODULE, TR_KEY, TR_TEXT, TR_LANGUAGE) VALUES ('frontend', 'general.menu.version.changes', 'Biljeke verzija', 'bs-BS');
INSERT INTO OKM_TRANSLATION (TR_MODULE, TR_KEY, TR_TEXT, TR_LANGUAGE) VALUES ('frontend', 'general.menu.documentation', 'Dokumentacija', 'bs-BS');
INSERT INTO OKM_TRANSLATION (TR_MODULE, TR_KEY, TR_TEXT, TR_LANGUAGE) VALUES ('frontend', 'general.menu.about', 'O OpenKM-u', 'bs-BS');
INSERT INTO OKM_TRANSLATION (TR_MODULE, TR_KEY, TR_TEXT, TR_LANGUAGE) VALUES ('frontend', 'general.connected', 'Spojen kao', 'bs-BS');
INSERT INTO OKM_TRANSLATION (TR_MODULE, TR_KEY, TR_TEXT, TR_LANGUAGE) VALUES ('frontend', 'filebrowser.name', 'Ime', 'bs-BS');
INSERT INTO OKM_TRANSLATION (TR_MODULE, TR_KEY, TR_TEXT, TR_LANGUAGE) VALUES ('frontend', 'filebrowser.date.update', 'Datum auriranja', 'bs-BS');
INSERT INTO OKM_TRANSLATION (TR_MODULE, TR_KEY, TR_TEXT, TR_LANGUAGE) VALUES ('frontend', 'filebrowser.size', 'Veliina', 'bs-BS');
INSERT INTO OKM_TRANSLATION (TR_MODULE, TR_KEY, TR_TEXT, TR_LANGUAGE) VALUES ('frontend', 'filebrowser.path', 'Putanja', 'bs-BS');
INSERT INTO OKM_TRANSLATION (TR_MODULE, TR_KEY, TR_TEXT, TR_LANGUAGE) VALUES ('frontend', 'filebrowser.author', 'Autor', 'bs-BS');
INSERT INTO OKM_TRANSLATION (TR_MODULE, TR_KEY, TR_TEXT, TR_LANGUAGE) VALUES ('frontend', 'filebrowser.version', 'Verzija', 'bs-BS');
INSERT INTO OKM_TRANSLATION (TR_MODULE, TR_KEY, TR_TEXT, TR_LANGUAGE) VALUES ('frontend', 'filebrowser.menu.checkout', 'Rezervii dokument', 'bs-BS');
INSERT INTO OKM_TRANSLATION (TR_MODULE, TR_KEY, TR_TEXT, TR_LANGUAGE) VALUES ('frontend', 'filebrowser.menu.checkin', 'Poalji novu verziju', 'bs-BS');
INSERT INTO OKM_TRANSLATION (TR_MODULE, TR_KEY, TR_TEXT, TR_LANGUAGE) VALUES ('frontend', 'filebrowser.menu.delete', 'Izbrii', 'bs-BS');
INSERT INTO OKM_TRANSLATION (TR_MODULE, TR_KEY, TR_TEXT, TR_LANGUAGE) VALUES ('frontend', 'filebrowser.menu.rename', 'Preimenuj', 'bs-BS');
INSERT INTO OKM_TRANSLATION (TR_MODULE, TR_KEY, TR_TEXT, TR_LANGUAGE) VALUES ('frontend', 'filebrowser.menu.checkout.cancel', 'Otkai rezervaciju', 'bs-BS');
INSERT INTO OKM_TRANSLATION (TR_MODULE, TR_KEY, TR_TEXT, TR_LANGUAGE) VALUES ('frontend', 'filebrowser.menu.lock', 'Zakljuaj', 'bs-BS');
INSERT INTO OKM_TRANSLATION (TR_MODULE, TR_KEY, TR_TEXT, TR_LANGUAGE) VALUES ('frontend', 'filebrowser.menu.unlock', 'Otkljuaj', 'bs-BS');
INSERT INTO OKM_TRANSLATION (TR_MODULE, TR_KEY, TR_TEXT, TR_LANGUAGE) VALUES ('frontend', 'filebrowser.menu.download', 'Preuzmi', 'bs-BS');
INSERT INTO OKM_TRANSLATION (TR_MODULE, TR_KEY, TR_TEXT, TR_LANGUAGE) VALUES ('frontend', 'filebrowser.menu.move', 'Premjesti', 'bs-BS');
INSERT INTO OKM_TRANSLATION (TR_MODULE, TR_KEY, TR_TEXT, TR_LANGUAGE) VALUES ('frontend', 'filebrowser.menu.copy', 'Kopiraj', 'bs-BS');
INSERT INTO OKM_TRANSLATION (TR_MODULE, TR_KEY, TR_TEXT, TR_LANGUAGE) VALUES ('frontend', 'filebrowser.menu.create.from.template', 'Kreiraj iz predloka', 'bs-BS');
INSERT INTO OKM_TRANSLATION (TR_MODULE, TR_KEY, TR_TEXT, TR_LANGUAGE) VALUES ('frontend', 'filebrowser.menu.add.property.group', 'Dodaj grupu osobina', 'bs-BS');
INSERT INTO OKM_TRANSLATION (TR_MODULE, TR_KEY, TR_TEXT, TR_LANGUAGE) VALUES ('frontend', 'filebrowser.menu.remove.property.group', 'Izbrii grupu osobina', 'bs-BS');
INSERT INTO OKM_TRANSLATION (TR_MODULE, TR_KEY, TR_TEXT, TR_LANGUAGE) VALUES ('frontend', 'filebrowser.menu.start.workflow', 'Poetak poslovnog procesa', 'bs-BS');
INSERT INTO OKM_TRANSLATION (TR_MODULE, TR_KEY, TR_TEXT, TR_LANGUAGE) VALUES ('frontend', 'filebrowser.menu.add.subscription', 'Dodaj pretplata', 'bs-BS');
INSERT INTO OKM_TRANSLATION (TR_MODULE, TR_KEY, TR_TEXT, TR_LANGUAGE) VALUES ('frontend', 'filebrowser.menu.remove.subscription', 'Obrii pretplatu', 'bs-BS');
INSERT INTO OKM_TRANSLATION (TR_MODULE, TR_KEY, TR_TEXT, TR_LANGUAGE) VALUES ('frontend', 'filebrowser.menu.add.bookmark', 'Dodaj oznaku', 'bs-BS');
INSERT INTO OKM_TRANSLATION (TR_MODULE, TR_KEY, TR_TEXT, TR_LANGUAGE) VALUES ('frontend', 'filebrowser.menu.set.home', 'Postavi poetnu stranicu', 'bs-BS');
INSERT INTO OKM_TRANSLATION (TR_MODULE, TR_KEY, TR_TEXT, TR_LANGUAGE) VALUES ('frontend', 'filebrowser.menu.refresh', 'Osvjei', 'bs-BS');
INSERT INTO OKM_TRANSLATION (TR_MODULE, TR_KEY, TR_TEXT, TR_LANGUAGE) VALUES ('frontend', 'filebrowser.menu.export', 'Snimi kao ZIP arhivu', 'bs-BS');
INSERT INTO OKM_TRANSLATION (TR_MODULE, TR_KEY, TR_TEXT, TR_LANGUAGE) VALUES ('frontend', 'filebrowser.menu.play', 'Pokreni', 'bs-BS');
INSERT INTO OKM_TRANSLATION (TR_MODULE, TR_KEY, TR_TEXT, TR_LANGUAGE) VALUES ('frontend', 'filebrowser.menu.image.viewer', 'Preglednik slika', 'bs-BS');
INSERT INTO OKM_TRANSLATION (TR_MODULE, TR_KEY, TR_TEXT, TR_LANGUAGE) VALUES ('frontend', 'filebrowser.status.refresh.folder', 'Auriram listu direktorija', 'bs-BS');
INSERT INTO OKM_TRANSLATION (TR_MODULE, TR_KEY, TR_TEXT, TR_LANGUAGE) VALUES ('frontend', 'filebrowser.status.refresh.document', 'Auriram listu dokumenata', 'bs-BS');
INSERT INTO OKM_TRANSLATION (TR_MODULE, TR_KEY, TR_TEXT, TR_LANGUAGE) VALUES ('frontend', 'filebrowser.status.refresh.mail', 'Auriram listu pote', 'bs-BS');
INSERT INTO OKM_TRANSLATION (TR_MODULE, TR_KEY, TR_TEXT, TR_LANGUAGE) VALUES ('frontend', 'filebrowser.status.refresh.delete.folder', 'Briem direktorije', 'bs-BS');
INSERT INTO OKM_TRANSLATION (TR_MODULE, TR_KEY, TR_TEXT, TR_LANGUAGE) VALUES ('frontend', 'filebrowser.status.refresh.delete.document', 'Briem dokumente', 'bs-BS');
INSERT INTO OKM_TRANSLATION (TR_MODULE, TR_KEY, TR_TEXT, TR_LANGUAGE) VALUES ('frontend', 'filebrowser.status.refresh.checkout', 'Rezerviem dokumente', 'bs-BS');
INSERT INTO OKM_TRANSLATION (TR_MODULE, TR_KEY, TR_TEXT, TR_LANGUAGE) VALUES ('frontend', 'filebrowser.status.refresh.lock', 'Zakljuavam dokumente', 'bs-BS');
INSERT INTO OKM_TRANSLATION (TR_MODULE, TR_KEY, TR_TEXT, TR_LANGUAGE) VALUES ('frontend', 'filebrowser.status.refresh.unlock', 'Otkljuavam dokumente', 'bs-BS');
INSERT INTO OKM_TRANSLATION (TR_MODULE, TR_KEY, TR_TEXT, TR_LANGUAGE) VALUES ('frontend', 'filebrowser.status.refresh.document.rename', 'Mijenjam ime dokumenata', 'bs-BS');
INSERT INTO OKM_TRANSLATION (TR_MODULE, TR_KEY, TR_TEXT, TR_LANGUAGE) VALUES ('frontend', 'filebrowser.status.refresh.folder.rename', 'Mijenjam ime dokumenata', 'bs-BS');
INSERT INTO OKM_TRANSLATION (TR_MODULE, TR_KEY, TR_TEXT, TR_LANGUAGE) VALUES ('frontend', 'filebrowser.status.refresh.document.purge', 'Permanentno briem dokumente', 'bs-BS');
INSERT INTO OKM_TRANSLATION (TR_MODULE, TR_KEY, TR_TEXT, TR_LANGUAGE) VALUES ('frontend', 'filebrowser.status.refresh.folder.purge', 'Permanentno briem direktorije', 'bs-BS');
INSERT INTO OKM_TRANSLATION (TR_MODULE, TR_KEY, TR_TEXT, TR_LANGUAGE) VALUES ('frontend', 'filebrowser.status.refresh.folder.get', 'Auriram informacije o direktorijima', 'bs-BS');
INSERT INTO OKM_TRANSLATION (TR_MODULE, TR_KEY, TR_TEXT, TR_LANGUAGE) VALUES ('frontend', 'filebrowser.status.refresh.document.get', 'Auriram dokumente', 'bs-BS');
INSERT INTO OKM_TRANSLATION (TR_MODULE, TR_KEY, TR_TEXT, TR_LANGUAGE) VALUES ('frontend', 'filebrowser.status.refresh.add.subscription', 'Dodajem pretplatu', 'bs-BS');
INSERT INTO OKM_TRANSLATION (TR_MODULE, TR_KEY, TR_TEXT, TR_LANGUAGE) VALUES ('frontend', 'filebrowser.status.refresh.remove.subscription', 'Briem pretplatu', 'bs-BS');
INSERT INTO OKM_TRANSLATION (TR_MODULE, TR_KEY, TR_TEXT, TR_LANGUAGE) VALUES ('frontend', 'filebrowser.status.refresh.get.user.home', 'Dobavljanje korisnike poetne stranice', 'bs-BS');
INSERT INTO OKM_TRANSLATION (TR_MODULE, TR_KEY, TR_TEXT, TR_LANGUAGE) VALUES ('frontend', 'filebrowser.status.refresh.delete.mail', 'Briem potu', 'bs-BS');
INSERT INTO OKM_TRANSLATION (TR_MODULE, TR_KEY, TR_TEXT, TR_LANGUAGE) VALUES ('frontend', 'filebrowser.status.refresh.mail.purge', 'Permanentno briem potu', 'bs-BS');
INSERT INTO OKM_TRANSLATION (TR_MODULE, TR_KEY, TR_TEXT, TR_LANGUAGE) VALUES ('frontend', 'fileupload.send', 'Poalji', 'bs-BS');
INSERT INTO OKM_TRANSLATION (TR_MODULE, TR_KEY, TR_TEXT, TR_LANGUAGE) VALUES ('frontend', 'fileupload.status.sending', 'Uitavam datoteku ...', 'bs-BS');
INSERT INTO OKM_TRANSLATION (TR_MODULE, TR_KEY, TR_TEXT, TR_LANGUAGE) VALUES ('frontend', 'fileupload.status.indexing', 'Indeksiram datoteku ...', 'bs-BS');
INSERT INTO OKM_TRANSLATION (TR_MODULE, TR_KEY, TR_TEXT, TR_LANGUAGE) VALUES ('frontend', 'fileupload.status.ok', 'Datoteka je uspjeno uitana', 'bs-BS');
INSERT INTO OKM_TRANSLATION (TR_MODULE, TR_KEY, TR_TEXT, TR_LANGUAGE) VALUES ('frontend', 'fileupload.upload.status', 'Status uitavanja', 'bs-BS');
INSERT INTO OKM_TRANSLATION (TR_MODULE, TR_KEY, TR_TEXT, TR_LANGUAGE) VALUES ('frontend', 'fileupload.upload.uploaded', 'Uitano', 'bs-BS');
INSERT INTO OKM_TRANSLATION (TR_MODULE, TR_KEY, TR_TEXT, TR_LANGUAGE) VALUES ('frontend', 'fileupload.upload.completed', 'Uitavanje zavreno', 'bs-BS');
INSERT INTO OKM_TRANSLATION (TR_MODULE, TR_KEY, TR_TEXT, TR_LANGUAGE) VALUES ('frontend', 'fileupload.upload.runtime', 'Duina trajanja', 'bs-BS');
INSERT INTO OKM_TRANSLATION (TR_MODULE, TR_KEY, TR_TEXT, TR_LANGUAGE) VALUES ('frontend', 'fileupload.upload.remaining', 'Preostalo', 'bs-BS');
INSERT INTO OKM_TRANSLATION (TR_MODULE, TR_KEY, TR_TEXT, TR_LANGUAGE) VALUES ('frontend', 'fileupload.button.close', 'Zatvori', 'bs-BS');
INSERT INTO OKM_TRANSLATION (TR_MODULE, TR_KEY, TR_TEXT, TR_LANGUAGE) VALUES ('frontend', 'fileupload.button.add.other.file', 'Dodaj drugu datoteku', 'bs-BS');
INSERT INTO OKM_TRANSLATION (TR_MODULE, TR_KEY, TR_TEXT, TR_LANGUAGE) VALUES ('frontend', 'fileupload.status.move.file', 'Premjetanje datoteke ...', 'bs-BS');
INSERT INTO OKM_TRANSLATION (TR_MODULE, TR_KEY, TR_TEXT, TR_LANGUAGE) VALUES ('frontend', 'fileupload.status.move.mail', 'Premjetanje pote ...', 'bs-BS');
INSERT INTO OKM_TRANSLATION (TR_MODULE, TR_KEY, TR_TEXT, TR_LANGUAGE) VALUES ('frontend', 'fileupload.status.copy.file', 'Kopiranje datoteke ...', 'bs-BS');
INSERT INTO OKM_TRANSLATION (TR_MODULE, TR_KEY, TR_TEXT, TR_LANGUAGE) VALUES ('frontend', 'fileupload.status.copy.mail', 'Kopiranje pote ...', 'bs-BS');
INSERT INTO OKM_TRANSLATION (TR_MODULE, TR_KEY, TR_TEXT, TR_LANGUAGE) VALUES ('frontend', 'fileupload.status.restore.file', 'Vraanje datoteke ...', 'bs-BS');
INSERT INTO OKM_TRANSLATION (TR_MODULE, TR_KEY, TR_TEXT, TR_LANGUAGE) VALUES ('frontend', 'fileupload.status.restore.mail', 'Vraanje pote ...', 'bs-BS');
INSERT INTO OKM_TRANSLATION (TR_MODULE, TR_KEY, TR_TEXT, TR_LANGUAGE) VALUES ('frontend', 'fileupload.status.move.folder', 'Premjetanje direktorija ...', 'bs-BS');
INSERT INTO OKM_TRANSLATION (TR_MODULE, TR_KEY, TR_TEXT, TR_LANGUAGE) VALUES ('frontend', 'fileupload.status.copy.folder', 'Kopiranje direktorija ...', 'bs-BS');
INSERT INTO OKM_TRANSLATION (TR_MODULE, TR_KEY, TR_TEXT, TR_LANGUAGE) VALUES ('frontend', 'fileupload.status.restore.folder', 'Vraanje direktorija ...', 'bs-BS');
INSERT INTO OKM_TRANSLATION (TR_MODULE, TR_KEY, TR_TEXT, TR_LANGUAGE) VALUES ('frontend', 'fileupload.status.create.from.template', 'Kreiranje datoteke iz predloka', 'bs-BS');
INSERT INTO OKM_TRANSLATION (TR_MODULE, TR_KEY, TR_TEXT, TR_LANGUAGE) VALUES ('frontend', 'fileupload.status.of', 'od', 'bs-BS');
INSERT INTO OKM_TRANSLATION (TR_MODULE, TR_KEY, TR_TEXT, TR_LANGUAGE) VALUES ('frontend', 'fileupload.label.insert', 'Dodaj nove dokumente', 'bs-BS');
INSERT INTO OKM_TRANSLATION (TR_MODULE, TR_KEY, TR_TEXT, TR_LANGUAGE) VALUES ('frontend', 'fileupload.label.update', 'Auriranje dokumenata', 'bs-BS');
INSERT INTO OKM_TRANSLATION (TR_MODULE, TR_KEY, TR_TEXT, TR_LANGUAGE) VALUES ('frontend', 'fileupload.label.users.notify', 'Obavjsti korisnika', 'bs-BS');
INSERT INTO OKM_TRANSLATION (TR_MODULE, TR_KEY, TR_TEXT, TR_LANGUAGE) VALUES ('frontend', 'fileupload.label.comment', 'Komentar', 'bs-BS');
INSERT INTO OKM_TRANSLATION (TR_MODULE, TR_KEY, TR_TEXT, TR_LANGUAGE) VALUES ('frontend', 'fileupload.label.users.to.notify"', '  "Korisnici koje treba obavijestiti', 'bs-BS');
INSERT INTO OKM_TRANSLATION (TR_MODULE, TR_KEY, TR_TEXT, TR_LANGUAGE) VALUES ('frontend', 'fileupload.label.users"', '  "Korisnici', 'bs-BS');
INSERT INTO OKM_TRANSLATION (TR_MODULE, TR_KEY, TR_TEXT, TR_LANGUAGE) VALUES ('frontend', 'fileupload.label.groups.to.notify', 'Groups to notify', 'bs-BS');
INSERT INTO OKM_TRANSLATION (TR_MODULE, TR_KEY, TR_TEXT, TR_LANGUAGE) VALUES ('frontend', 'fileupload.label.groups', 'Groups', 'bs-BS');
INSERT INTO OKM_TRANSLATION (TR_MODULE, TR_KEY, TR_TEXT, TR_LANGUAGE) VALUES ('frontend', 'fileupload.label.must.select.users"', '  "Morate izabrati korisnika kojeg treba obavijestiti', 'bs-BS');
INSERT INTO OKM_TRANSLATION (TR_MODULE, TR_KEY, TR_TEXT, TR_LANGUAGE) VALUES ('frontend', 'fileupload.label.importZip', 'Ubaci dokumente iz ZIP arhive', 'bs-BS');
INSERT INTO OKM_TRANSLATION (TR_MODULE, TR_KEY, TR_TEXT, TR_LANGUAGE) VALUES ('frontend', 'fileupload.label.notify.comment', 'Obavijest', 'bs-BS');
INSERT INTO OKM_TRANSLATION (TR_MODULE, TR_KEY, TR_TEXT, TR_LANGUAGE) VALUES ('frontend', 'fileupload.label.error.importing.zip', 'Greka u ubacivanju dokumenata iz arhive', 'bs-BS');
INSERT INTO OKM_TRANSLATION (TR_MODULE, TR_KEY, TR_TEXT, TR_LANGUAGE) VALUES ('frontend', 'fileupload.label.error.move.file', 'Greka u premjetanju datoteke', 'bs-BS');
INSERT INTO OKM_TRANSLATION (TR_MODULE, TR_KEY, TR_TEXT, TR_LANGUAGE) VALUES ('frontend', 'fileupload.label.error.move.mail', 'Greka u premjetanju pote', 'bs-BS');
INSERT INTO OKM_TRANSLATION (TR_MODULE, TR_KEY, TR_TEXT, TR_LANGUAGE) VALUES ('frontend', 'fileupload.label.error.copy.file', 'Greka u kopiranju datoteke', 'bs-BS');
INSERT INTO OKM_TRANSLATION (TR_MODULE, TR_KEY, TR_TEXT, TR_LANGUAGE) VALUES ('frontend', 'fileupload.label.error.copy.mail', 'Greka u kopiranju pote', 'bs-BS');
INSERT INTO OKM_TRANSLATION (TR_MODULE, TR_KEY, TR_TEXT, TR_LANGUAGE) VALUES ('frontend', 'fileupload.label.error.restore.file', 'Greka u vraanju datoteke ', 'bs-BS');
INSERT INTO OKM_TRANSLATION (TR_MODULE, TR_KEY, TR_TEXT, TR_LANGUAGE) VALUES ('frontend', 'fileupload.label.error.restore.mail', 'Greka u vraanju pote', 'bs-BS');
INSERT INTO OKM_TRANSLATION (TR_MODULE, TR_KEY, TR_TEXT, TR_LANGUAGE) VALUES ('frontend', 'fileupload.label.error.move.folder', 'Greka u prebacivanju direktorija', 'bs-BS');
INSERT INTO OKM_TRANSLATION (TR_MODULE, TR_KEY, TR_TEXT, TR_LANGUAGE) VALUES ('frontend', 'fileupload.label.error.copy.folder', 'Greka u kopiranju direktorija', 'bs-BS');
INSERT INTO OKM_TRANSLATION (TR_MODULE, TR_KEY, TR_TEXT, TR_LANGUAGE) VALUES ('frontend', 'fileupload.label.error.restore.folder', 'Greka u vraanju direktorija', 'bs-BS');
INSERT INTO OKM_TRANSLATION (TR_MODULE, TR_KEY, TR_TEXT, TR_LANGUAGE) VALUES ('frontend', 'fileupload.label.error.create.from.template', 'Greka u kreiranju datoteke iz predloka', 'bs-BS');
INSERT INTO OKM_TRANSLATION (TR_MODULE, TR_KEY, TR_TEXT, TR_LANGUAGE) VALUES ('frontend', 'fileupload.label.error.not.allowed.move.folder.child', 'Nije doputeno pomjeranje na osnovnom direktoriju ili poddirektoriju', 'bs-BS');
INSERT INTO OKM_TRANSLATION (TR_MODULE, TR_KEY, TR_TEXT, TR_LANGUAGE) VALUES ('frontend', 'fileupload.label.error.not.allowed.copy.same.folder', 'Nije doputeno pomjeriti u isti destinacioni direktorij kao i izvorni', 'bs-BS');
INSERT INTO OKM_TRANSLATION (TR_MODULE, TR_KEY, TR_TEXT, TR_LANGUAGE) VALUES ('frontend', 'fileupload.label.error.not.allowed.create.from.template.same.folder', 'Nije dozvoljeno kreiranje datoteke na izvornom direktoriju', 'bs-BS');
INSERT INTO OKM_TRANSLATION (TR_MODULE, TR_KEY, TR_TEXT, TR_LANGUAGE) VALUES ('frontend', 'tab.document.properties', 'Osobine', 'bs-BS');
INSERT INTO OKM_TRANSLATION (TR_MODULE, TR_KEY, TR_TEXT, TR_LANGUAGE) VALUES ('frontend', 'tab.document.notes', 'Zabiljeke', 'bs-BS');
INSERT INTO OKM_TRANSLATION (TR_MODULE, TR_KEY, TR_TEXT, TR_LANGUAGE) VALUES ('frontend', 'tab.document.history', 'Historija', 'bs-BS');
INSERT INTO OKM_TRANSLATION (TR_MODULE, TR_KEY, TR_TEXT, TR_LANGUAGE) VALUES ('frontend', 'tab.document.status.history', 'Auriranje historije', 'bs-BS');
INSERT INTO OKM_TRANSLATION (TR_MODULE, TR_KEY, TR_TEXT, TR_LANGUAGE) VALUES ('frontend', 'tab.status.security.role', 'Auriranje sigurnosnih uloga', 'bs-BS');
INSERT INTO OKM_TRANSLATION (TR_MODULE, TR_KEY, TR_TEXT, TR_LANGUAGE) VALUES ('frontend', 'tab.status.security.user', 'Auriranje korisnika sigurnosti', 'bs-BS');
INSERT INTO OKM_TRANSLATION (TR_MODULE, TR_KEY, TR_TEXT, TR_LANGUAGE) VALUES ('frontend', 'tab.document.status.group.properties', 'Auriranje grupe osobina', 'bs-BS');
INSERT INTO OKM_TRANSLATION (TR_MODULE, TR_KEY, TR_TEXT, TR_LANGUAGE) VALUES ('frontend', 'tab.document.status.set.keywords', 'Postavljanje kljunih rijei', 'bs-BS');
INSERT INTO OKM_TRANSLATION (TR_MODULE, TR_KEY, TR_TEXT, TR_LANGUAGE) VALUES ('frontend', 'tab.document.status.set.categories', 'Updating categories', 'bs-BS');
INSERT INTO OKM_TRANSLATION (TR_MODULE, TR_KEY, TR_TEXT, TR_LANGUAGE) VALUES ('frontend', 'tab.document.status.get.version.history.size', 'Osvjeavanje veliine historije dokumenta', 'bs-BS');
INSERT INTO OKM_TRANSLATION (TR_MODULE, TR_KEY, TR_TEXT, TR_LANGUAGE) VALUES ('frontend', 'tab.document.status.purge.version.history', 'Zbijanje historije dokumenta', 'bs-BS');
INSERT INTO OKM_TRANSLATION (TR_MODULE, TR_KEY, TR_TEXT, TR_LANGUAGE) VALUES ('frontend', 'tab.document.status.restore.version', 'Vraanje verzije dokumenta', 'bs-BS');
INSERT INTO OKM_TRANSLATION (TR_MODULE, TR_KEY, TR_TEXT, TR_LANGUAGE) VALUES ('frontend', 'tab.document.security', 'Sigurnost', 'bs-BS');
INSERT INTO OKM_TRANSLATION (TR_MODULE, TR_KEY, TR_TEXT, TR_LANGUAGE) VALUES ('frontend', 'tab.document.preview', 'Preview', 'bs-BS');
INSERT INTO OKM_TRANSLATION (TR_MODULE, TR_KEY, TR_TEXT, TR_LANGUAGE) VALUES ('frontend', 'tab.folder.properties', 'Osobine', 'bs-BS');
INSERT INTO OKM_TRANSLATION (TR_MODULE, TR_KEY, TR_TEXT, TR_LANGUAGE) VALUES ('frontend', 'tab.folder.security', 'Sigurnost', 'bs-BS');
INSERT INTO OKM_TRANSLATION (TR_MODULE, TR_KEY, TR_TEXT, TR_LANGUAGE) VALUES ('frontend', 'tab.folder.notes', 'Zabiljeke', 'bs-BS');
INSERT INTO OKM_TRANSLATION (TR_MODULE, TR_KEY, TR_TEXT, TR_LANGUAGE) VALUES ('frontend', 'tab.workspace.desktop', 'Radna povrina', 'bs-BS');
INSERT INTO OKM_TRANSLATION (TR_MODULE, TR_KEY, TR_TEXT, TR_LANGUAGE) VALUES ('frontend', 'tab.workspace.search', 'Trai', 'bs-BS');
INSERT INTO OKM_TRANSLATION (TR_MODULE, TR_KEY, TR_TEXT, TR_LANGUAGE) VALUES ('frontend', 'tab.workspace.dashboard', 'Kotrolna ploa', 'bs-BS');
INSERT INTO OKM_TRANSLATION (TR_MODULE, TR_KEY, TR_TEXT, TR_LANGUAGE) VALUES ('frontend', 'tab.workspace.administration', 'Administracija', 'bs-BS');
INSERT INTO OKM_TRANSLATION (TR_MODULE, TR_KEY, TR_TEXT, TR_LANGUAGE) VALUES ('frontend', 'document.uuid', 'UUID', 'bs-BS');
INSERT INTO OKM_TRANSLATION (TR_MODULE, TR_KEY, TR_TEXT, TR_LANGUAGE) VALUES ('frontend', 'document.name', 'Ime', 'bs-BS');
INSERT INTO OKM_TRANSLATION (TR_MODULE, TR_KEY, TR_TEXT, TR_LANGUAGE) VALUES ('frontend', 'document.folder', 'Datoteka', 'bs-BS');
INSERT INTO OKM_TRANSLATION (TR_MODULE, TR_KEY, TR_TEXT, TR_LANGUAGE) VALUES ('frontend', 'document.size', 'Veliina', 'bs-BS');
INSERT INTO OKM_TRANSLATION (TR_MODULE, TR_KEY, TR_TEXT, TR_LANGUAGE) VALUES ('frontend', 'document.created', 'Kreiran', 'bs-BS');
INSERT INTO OKM_TRANSLATION (TR_MODULE, TR_KEY, TR_TEXT, TR_LANGUAGE) VALUES ('frontend', 'document.lastmodified', 'Izmjenjen', 'bs-BS');
INSERT INTO OKM_TRANSLATION (TR_MODULE, TR_KEY, TR_TEXT, TR_LANGUAGE) VALUES ('frontend', 'document.mimetype', 'MIME tip', 'bs-BS');
INSERT INTO OKM_TRANSLATION (TR_MODULE, TR_KEY, TR_TEXT, TR_LANGUAGE) VALUES ('frontend', 'document.keywords', 'Kljune rijei', 'bs-BS');
INSERT INTO OKM_TRANSLATION (TR_MODULE, TR_KEY, TR_TEXT, TR_LANGUAGE) VALUES ('frontend', 'document.by', 'od', 'bs-BS');
INSERT INTO OKM_TRANSLATION (TR_MODULE, TR_KEY, TR_TEXT, TR_LANGUAGE) VALUES ('frontend', 'document.status', 'Status', 'bs-BS');
INSERT INTO OKM_TRANSLATION (TR_MODULE, TR_KEY, TR_TEXT, TR_LANGUAGE) VALUES ('frontend', 'document.status.checkout', 'Ureen od', 'bs-BS');
INSERT INTO OKM_TRANSLATION (TR_MODULE, TR_KEY, TR_TEXT, TR_LANGUAGE) VALUES ('frontend', 'document.status.locked', 'Zaljuan od', 'bs-BS');
INSERT INTO OKM_TRANSLATION (TR_MODULE, TR_KEY, TR_TEXT, TR_LANGUAGE) VALUES ('frontend', 'document.status.normal', 'Dostupan', 'bs-BS');
INSERT INTO OKM_TRANSLATION (TR_MODULE, TR_KEY, TR_TEXT, TR_LANGUAGE) VALUES ('frontend', 'document.subscribed', 'Potpisan', 'bs-BS');
INSERT INTO OKM_TRANSLATION (TR_MODULE, TR_KEY, TR_TEXT, TR_LANGUAGE) VALUES ('frontend', 'document.subscribed.yes', 'Da', 'bs-BS');
INSERT INTO OKM_TRANSLATION (TR_MODULE, TR_KEY, TR_TEXT, TR_LANGUAGE) VALUES ('frontend', 'document.subscribed.no', 'Ne', 'bs-BS');
INSERT INTO OKM_TRANSLATION (TR_MODULE, TR_KEY, TR_TEXT, TR_LANGUAGE) VALUES ('frontend', 'document.history.size', 'Veliina historija', 'bs-BS');
INSERT INTO OKM_TRANSLATION (TR_MODULE, TR_KEY, TR_TEXT, TR_LANGUAGE) VALUES ('frontend', 'document.subscribed.users', 'Potpisani korisnici', 'bs-BS');
INSERT INTO OKM_TRANSLATION (TR_MODULE, TR_KEY, TR_TEXT, TR_LANGUAGE) VALUES ('frontend', 'document.url', 'URL', 'bs-BS');
INSERT INTO OKM_TRANSLATION (TR_MODULE, TR_KEY, TR_TEXT, TR_LANGUAGE) VALUES ('frontend', 'document.webdav', 'WebDAV', 'bs-BS');
INSERT INTO OKM_TRANSLATION (TR_MODULE, TR_KEY, TR_TEXT, TR_LANGUAGE) VALUES ('frontend', 'document.add.note', 'Dodaj biljeku', 'bs-BS');
INSERT INTO OKM_TRANSLATION (TR_MODULE, TR_KEY, TR_TEXT, TR_LANGUAGE) VALUES ('frontend', 'document.keywords.cloud', 'Oblak kljunih rijei', 'bs-BS');
INSERT INTO OKM_TRANSLATION (TR_MODULE, TR_KEY, TR_TEXT, TR_LANGUAGE) VALUES ('frontend', 'document.categories', 'Categories', 'bs-BS');
INSERT INTO OKM_TRANSLATION (TR_MODULE, TR_KEY, TR_TEXT, TR_LANGUAGE) VALUES ('frontend', 'folder.uuid', 'UUID', 'bs-BS');
INSERT INTO OKM_TRANSLATION (TR_MODULE, TR_KEY, TR_TEXT, TR_LANGUAGE) VALUES ('frontend', 'folder.name', 'IME', 'bs-BS');
INSERT INTO OKM_TRANSLATION (TR_MODULE, TR_KEY, TR_TEXT, TR_LANGUAGE) VALUES ('frontend', 'folder.parent', 'Roditelj', 'bs-BS');
INSERT INTO OKM_TRANSLATION (TR_MODULE, TR_KEY, TR_TEXT, TR_LANGUAGE) VALUES ('frontend', 'folder.created', 'Kreiran', 'bs-BS');
INSERT INTO OKM_TRANSLATION (TR_MODULE, TR_KEY, TR_TEXT, TR_LANGUAGE) VALUES ('frontend', 'folder.by', 'od', 'bs-BS');
INSERT INTO OKM_TRANSLATION (TR_MODULE, TR_KEY, TR_TEXT, TR_LANGUAGE) VALUES ('frontend', 'folder.subscribed', 'Potpis', 'bs-BS');
INSERT INTO OKM_TRANSLATION (TR_MODULE, TR_KEY, TR_TEXT, TR_LANGUAGE) VALUES ('frontend', 'folder.subscribed.yes', 'Da', 'bs-BS');
INSERT INTO OKM_TRANSLATION (TR_MODULE, TR_KEY, TR_TEXT, TR_LANGUAGE) VALUES ('frontend', 'folder.subscribed.no', 'Ne', 'bs-BS');
INSERT INTO OKM_TRANSLATION (TR_MODULE, TR_KEY, TR_TEXT, TR_LANGUAGE) VALUES ('frontend', 'folder.subscribed.users', 'Potpisani korisnici', 'bs-BS');
INSERT INTO OKM_TRANSLATION (TR_MODULE, TR_KEY, TR_TEXT, TR_LANGUAGE) VALUES ('frontend', 'folder.url', 'URL', 'bs-BS');
INSERT INTO OKM_TRANSLATION (TR_MODULE, TR_KEY, TR_TEXT, TR_LANGUAGE) VALUES ('frontend', 'folder.webdav', 'WebDAV', 'bs-BS');
INSERT INTO OKM_TRANSLATION (TR_MODULE, TR_KEY, TR_TEXT, TR_LANGUAGE) VALUES ('frontend', 'folder.number.folders', 'Folders', 'bs-BS');
INSERT INTO OKM_TRANSLATION (TR_MODULE, TR_KEY, TR_TEXT, TR_LANGUAGE) VALUES ('frontend', 'folder.number.documents', 'Documents', 'bs-BS');
INSERT INTO OKM_TRANSLATION (TR_MODULE, TR_KEY, TR_TEXT, TR_LANGUAGE) VALUES ('frontend', 'folder.number.mails', 'Mails', 'bs-BS');
INSERT INTO OKM_TRANSLATION (TR_MODULE, TR_KEY, TR_TEXT, TR_LANGUAGE) VALUES ('frontend', 'version.name', 'Verzija', 'bs-BS');
INSERT INTO OKM_TRANSLATION (TR_MODULE, TR_KEY, TR_TEXT, TR_LANGUAGE) VALUES ('frontend', 'version.created', 'Datum', 'bs-BS');
INSERT INTO OKM_TRANSLATION (TR_MODULE, TR_KEY, TR_TEXT, TR_LANGUAGE) VALUES ('frontend', 'version.author', 'Autor', 'bs-BS');
INSERT INTO OKM_TRANSLATION (TR_MODULE, TR_KEY, TR_TEXT, TR_LANGUAGE) VALUES ('frontend', 'version.size', 'Veliina', 'bs-BS');
INSERT INTO OKM_TRANSLATION (TR_MODULE, TR_KEY, TR_TEXT, TR_LANGUAGE) VALUES ('frontend', 'version.purge.document', 'Kompresuj historiju', 'bs-BS');
INSERT INTO OKM_TRANSLATION (TR_MODULE, TR_KEY, TR_TEXT, TR_LANGUAGE) VALUES ('frontend', 'version.comment', 'Komentar', 'bs-BS');
INSERT INTO OKM_TRANSLATION (TR_MODULE, TR_KEY, TR_TEXT, TR_LANGUAGE) VALUES ('frontend', 'security.label', 'Sigurnost', 'bs-BS');
INSERT INTO OKM_TRANSLATION (TR_MODULE, TR_KEY, TR_TEXT, TR_LANGUAGE) VALUES ('frontend', 'security.group.name', 'Grupa', 'bs-BS');
INSERT INTO OKM_TRANSLATION (TR_MODULE, TR_KEY, TR_TEXT, TR_LANGUAGE) VALUES ('frontend', 'security.group.permission.read', 'itaj', 'bs-BS');
INSERT INTO OKM_TRANSLATION (TR_MODULE, TR_KEY, TR_TEXT, TR_LANGUAGE) VALUES ('frontend', 'security.group.permission.write', 'Pii', 'bs-BS');
INSERT INTO OKM_TRANSLATION (TR_MODULE, TR_KEY, TR_TEXT, TR_LANGUAGE) VALUES ('frontend', 'security.group.permission.delete', 'Delete', 'bs-BS');
INSERT INTO OKM_TRANSLATION (TR_MODULE, TR_KEY, TR_TEXT, TR_LANGUAGE) VALUES ('frontend', 'security.group.permission.security', 'Security', 'bs-BS');
INSERT INTO OKM_TRANSLATION (TR_MODULE, TR_KEY, TR_TEXT, TR_LANGUAGE) VALUES ('frontend', 'security.user.name', 'Korisnik', 'bs-BS');
INSERT INTO OKM_TRANSLATION (TR_MODULE, TR_KEY, TR_TEXT, TR_LANGUAGE) VALUES ('frontend', 'security.user.permission.read', 'itaj', 'bs-BS');
INSERT INTO OKM_TRANSLATION (TR_MODULE, TR_KEY, TR_TEXT, TR_LANGUAGE) VALUES ('frontend', 'security.user.permission.write', 'Pii', 'bs-BS');
INSERT INTO OKM_TRANSLATION (TR_MODULE, TR_KEY, TR_TEXT, TR_LANGUAGE) VALUES ('frontend', 'security.user.permission.delete', 'Delete', 'bs-BS');
INSERT INTO OKM_TRANSLATION (TR_MODULE, TR_KEY, TR_TEXT, TR_LANGUAGE) VALUES ('frontend', 'security.users', 'Korisnici', 'bs-BS');
INSERT INTO OKM_TRANSLATION (TR_MODULE, TR_KEY, TR_TEXT, TR_LANGUAGE) VALUES ('frontend', 'security.groups', 'Grupe', 'bs-BS');
INSERT INTO OKM_TRANSLATION (TR_MODULE, TR_KEY, TR_TEXT, TR_LANGUAGE) VALUES ('frontend', 'security.recursive', 'Rekurzivne promjene dozvola', 'bs-BS');
INSERT INTO OKM_TRANSLATION (TR_MODULE, TR_KEY, TR_TEXT, TR_LANGUAGE) VALUES ('frontend', 'secutiry.filter.by.users', 'Users filter', 'bs-BS');
INSERT INTO OKM_TRANSLATION (TR_MODULE, TR_KEY, TR_TEXT, TR_LANGUAGE) VALUES ('frontend', 'secutiry.filter.by.groups', 'Groups filter', 'bs-BS');
INSERT INTO OKM_TRANSLATION (TR_MODULE, TR_KEY, TR_TEXT, TR_LANGUAGE) VALUES ('frontend', 'security.status.updating', 'Updating security', 'bs-BS');
INSERT INTO OKM_TRANSLATION (TR_MODULE, TR_KEY, TR_TEXT, TR_LANGUAGE) VALUES ('frontend', 'preview.unavailable', 'Preview unavailable', 'bs-BS');
INSERT INTO OKM_TRANSLATION (TR_MODULE, TR_KEY, TR_TEXT, TR_LANGUAGE) VALUES ('frontend', 'mail.from', 'Od', 'bs-BS');
INSERT INTO OKM_TRANSLATION (TR_MODULE, TR_KEY, TR_TEXT, TR_LANGUAGE) VALUES ('frontend', 'mail.reply', 'Odgovori ka', 'bs-BS');
INSERT INTO OKM_TRANSLATION (TR_MODULE, TR_KEY, TR_TEXT, TR_LANGUAGE) VALUES ('frontend', 'mail.to', 'Prema', 'bs-BS');
INSERT INTO OKM_TRANSLATION (TR_MODULE, TR_KEY, TR_TEXT, TR_LANGUAGE) VALUES ('frontend', 'mail.subject', 'Naslov', 'bs-BS');
INSERT INTO OKM_TRANSLATION (TR_MODULE, TR_KEY, TR_TEXT, TR_LANGUAGE) VALUES ('frontend', 'mail.attachment', 'Atamenti', 'bs-BS');
INSERT INTO OKM_TRANSLATION (TR_MODULE, TR_KEY, TR_TEXT, TR_LANGUAGE) VALUES ('frontend', 'error.label', 'Sistem je generirao greku', 'bs-BS');
INSERT INTO OKM_TRANSLATION (TR_MODULE, TR_KEY, TR_TEXT, TR_LANGUAGE) VALUES ('frontend', 'error.invocation', 'Grea u komunikaciji sa serverom', 'bs-BS');
INSERT INTO OKM_TRANSLATION (TR_MODULE, TR_KEY, TR_TEXT, TR_LANGUAGE) VALUES ('frontend', 'about.label', 'O OpenKM-u', 'bs-BS');
INSERT INTO OKM_TRANSLATION (TR_MODULE, TR_KEY, TR_TEXT, TR_LANGUAGE) VALUES ('frontend', 'about.loading', 'Uitavanje ...', 'bs-BS');
INSERT INTO OKM_TRANSLATION (TR_MODULE, TR_KEY, TR_TEXT, TR_LANGUAGE) VALUES ('frontend', 'logout.label', 'Izlaz', 'bs-BS');
INSERT INTO OKM_TRANSLATION (TR_MODULE, TR_KEY, TR_TEXT, TR_LANGUAGE) VALUES ('frontend', 'logout.closed', 'OpenKM je ispravno zatvoren.', 'bs-BS');
INSERT INTO OKM_TRANSLATION (TR_MODULE, TR_KEY, TR_TEXT, TR_LANGUAGE) VALUES ('frontend', 'logout.logout', 'OpenKM se odjavljuje,  molimo saekajte', 'bs-BS');
INSERT INTO OKM_TRANSLATION (TR_MODULE, TR_KEY, TR_TEXT, TR_LANGUAGE) VALUES ('frontend', 'confirm.label', 'Potvrda', 'bs-BS');
INSERT INTO OKM_TRANSLATION (TR_MODULE, TR_KEY, TR_TEXT, TR_LANGUAGE) VALUES ('frontend', 'confirm.delete.folder', ' Dali stvarno elite da izbriete datoteku ?', 'bs-BS');
INSERT INTO OKM_TRANSLATION (TR_MODULE, TR_KEY, TR_TEXT, TR_LANGUAGE) VALUES ('frontend', 'confirm.delete.document', ' Dali stvarno elite da izbriete dokument ?', 'bs-BS');
INSERT INTO OKM_TRANSLATION (TR_MODULE, TR_KEY, TR_TEXT, TR_LANGUAGE) VALUES ('frontend', 'confirm.delete.trash', ' Dali stvarno elite da ispraznite kantu za smee ?', 'bs-BS');
INSERT INTO OKM_TRANSLATION (TR_MODULE, TR_KEY, TR_TEXT, TR_LANGUAGE) VALUES ('frontend', 'confirm.purge.folder', ' Dali stvarno elite da izbriete datoteku ?', 'bs-BS');
INSERT INTO OKM_TRANSLATION (TR_MODULE, TR_KEY, TR_TEXT, TR_LANGUAGE) VALUES ('frontend', 'confirm.purge.document', ' Dali stvarno elite da izbriete dokument ?', 'bs-BS');
INSERT INTO OKM_TRANSLATION (TR_MODULE, TR_KEY, TR_TEXT, TR_LANGUAGE) VALUES ('frontend', 'confirm.delete.propety.group', ' Dali stvarno elite da izbriete grupu vlasnika ?', 'bs-BS');
INSERT INTO OKM_TRANSLATION (TR_MODULE, TR_KEY, TR_TEXT, TR_LANGUAGE) VALUES ('frontend', 'confirm.purge.version.history.document', ' Dali stvarno elite da izbriete historiju dokumenata ?', 'bs-BS');
INSERT INTO OKM_TRANSLATION (TR_MODULE, TR_KEY, TR_TEXT, TR_LANGUAGE) VALUES ('frontend', 'confirm.purge.restore.document', ' Dali stvarno elite da vratite ovu verziju dokumenta ?', 'bs-BS');
INSERT INTO OKM_TRANSLATION (TR_MODULE, TR_KEY, TR_TEXT, TR_LANGUAGE) VALUES ('frontend', 'confirm.set.default.home', ' Dali stvarno elite da postavite zadanu poetnu ?', 'bs-BS');
INSERT INTO OKM_TRANSLATION (TR_MODULE, TR_KEY, TR_TEXT, TR_LANGUAGE) VALUES ('frontend', 'confirm.delete.saved.search', ' Dali stvarno elite da izbriete spaenu pretragu ?', 'bs-BS');
INSERT INTO OKM_TRANSLATION (TR_MODULE, TR_KEY, TR_TEXT, TR_LANGUAGE) VALUES ('frontend', 'confirm.delete.user.news', ' Dali stvarno elite da izbriete korisnike obavijesti ?', 'bs-BS');
INSERT INTO OKM_TRANSLATION (TR_MODULE, TR_KEY, TR_TEXT, TR_LANGUAGE) VALUES ('frontend', 'confirm.delete.mail', ' Dali stvarno elite da izbriete potu ?', 'bs-BS');
INSERT INTO OKM_TRANSLATION (TR_MODULE, TR_KEY, TR_TEXT, TR_LANGUAGE) VALUES ('frontend', 'confirm.get.pooled.workflow.task', 'Do you want to assign this task to you ?', 'bs-BS');
INSERT INTO OKM_TRANSLATION (TR_MODULE, TR_KEY, TR_TEXT, TR_LANGUAGE) VALUES ('frontend', 'confirm.force.unlock', 'Do you really want to force the document unlock ?', 'bs-BS');
INSERT INTO OKM_TRANSLATION (TR_MODULE, TR_KEY, TR_TEXT, TR_LANGUAGE) VALUES ('frontend', 'confirm.force.cancel.checkout', 'Do you really want to force the document cancel checkout ?', 'bs-BS');
INSERT INTO OKM_TRANSLATION (TR_MODULE, TR_KEY, TR_TEXT, TR_LANGUAGE) VALUES ('frontend', 'search.context', 'Dodatak', 'bs-BS');
INSERT INTO OKM_TRANSLATION (TR_MODULE, TR_KEY, TR_TEXT, TR_LANGUAGE) VALUES ('frontend', 'search.content', 'Sadraj', 'bs-BS');
INSERT INTO OKM_TRANSLATION (TR_MODULE, TR_KEY, TR_TEXT, TR_LANGUAGE) VALUES ('frontend', 'search.name', 'Ime', 'bs-BS');
INSERT INTO OKM_TRANSLATION (TR_MODULE, TR_KEY, TR_TEXT, TR_LANGUAGE) VALUES ('frontend', 'search.keywords', 'Kljune rijei', 'bs-BS');
INSERT INTO OKM_TRANSLATION (TR_MODULE, TR_KEY, TR_TEXT, TR_LANGUAGE) VALUES ('frontend', 'search.folder', 'Datoteka', 'bs-BS');
INSERT INTO OKM_TRANSLATION (TR_MODULE, TR_KEY, TR_TEXT, TR_LANGUAGE) VALUES ('frontend', 'search.category', 'Category', 'bs-BS');
INSERT INTO OKM_TRANSLATION (TR_MODULE, TR_KEY, TR_TEXT, TR_LANGUAGE) VALUES ('frontend', 'search.results', 'Rezultati', 'bs-BS');
INSERT INTO OKM_TRANSLATION (TR_MODULE, TR_KEY, TR_TEXT, TR_LANGUAGE) VALUES ('frontend', 'search.to', 'prema', 'bs-BS');
INSERT INTO OKM_TRANSLATION (TR_MODULE, TR_KEY, TR_TEXT, TR_LANGUAGE) VALUES ('frontend', 'search.page.results', 'Rezultati stranice', 'bs-BS');
INSERT INTO OKM_TRANSLATION (TR_MODULE, TR_KEY, TR_TEXT, TR_LANGUAGE) VALUES ('frontend', 'search.add.property.group', 'Dodaj grupu vlasnitva', 'bs-BS');
INSERT INTO OKM_TRANSLATION (TR_MODULE, TR_KEY, TR_TEXT, TR_LANGUAGE) VALUES ('frontend', 'search.mimetype', 'Mime tip', 'bs-BS');
INSERT INTO OKM_TRANSLATION (TR_MODULE, TR_KEY, TR_TEXT, TR_LANGUAGE) VALUES ('frontend', 'search.type', 'Tip', 'bs-BS');
INSERT INTO OKM_TRANSLATION (TR_MODULE, TR_KEY, TR_TEXT, TR_LANGUAGE) VALUES ('frontend', 'search.type.document', 'Dokument', 'bs-BS');
INSERT INTO OKM_TRANSLATION (TR_MODULE, TR_KEY, TR_TEXT, TR_LANGUAGE) VALUES ('frontend', 'search.type.folder', 'Datoteka', 'bs-BS');
INSERT INTO OKM_TRANSLATION (TR_MODULE, TR_KEY, TR_TEXT, TR_LANGUAGE) VALUES ('frontend', 'search.type.mail', 'Pota', 'bs-BS');
INSERT INTO OKM_TRANSLATION (TR_MODULE, TR_KEY, TR_TEXT, TR_LANGUAGE) VALUES ('frontend', 'search.advanced', 'Napredna pretraga', 'bs-BS');
INSERT INTO OKM_TRANSLATION (TR_MODULE, TR_KEY, TR_TEXT, TR_LANGUAGE) VALUES ('frontend', 'search.user', 'Korisnik', 'bs-BS');
INSERT INTO OKM_TRANSLATION (TR_MODULE, TR_KEY, TR_TEXT, TR_LANGUAGE) VALUES ('frontend', 'search.date.and', 'i', 'bs-BS');
INSERT INTO OKM_TRANSLATION (TR_MODULE, TR_KEY, TR_TEXT, TR_LANGUAGE) VALUES ('frontend', 'search.date.range', 'Datum izmeu', 'bs-BS');
INSERT INTO OKM_TRANSLATION (TR_MODULE, TR_KEY, TR_TEXT, TR_LANGUAGE) VALUES ('frontend', 'search.save.as.news', 'Spasi kao korisnike vijesti', 'bs-BS');
INSERT INTO OKM_TRANSLATION (TR_MODULE, TR_KEY, TR_TEXT, TR_LANGUAGE) VALUES ('frontend', 'search.folder.filter', 'Filter po datotekama', 'bs-BS');
INSERT INTO OKM_TRANSLATION (TR_MODULE, TR_KEY, TR_TEXT, TR_LANGUAGE) VALUES ('frontend', 'search.category.filter', 'Filter by category', 'bs-BS');
INSERT INTO OKM_TRANSLATION (TR_MODULE, TR_KEY, TR_TEXT, TR_LANGUAGE) VALUES ('frontend', 'search.result.name', 'Ime', 'bs-BS');
INSERT INTO OKM_TRANSLATION (TR_MODULE, TR_KEY, TR_TEXT, TR_LANGUAGE) VALUES ('frontend', 'search.result.score', 'Znaajno', 'bs-BS');
INSERT INTO OKM_TRANSLATION (TR_MODULE, TR_KEY, TR_TEXT, TR_LANGUAGE) VALUES ('frontend', 'search.result.size', 'Veliina', 'bs-BS');
INSERT INTO OKM_TRANSLATION (TR_MODULE, TR_KEY, TR_TEXT, TR_LANGUAGE) VALUES ('frontend', 'search.result.date.update', 'Datum auriranja', 'bs-BS');
INSERT INTO OKM_TRANSLATION (TR_MODULE, TR_KEY, TR_TEXT, TR_LANGUAGE) VALUES ('frontend', 'search.result.author', 'Autor', 'bs-BS');
INSERT INTO OKM_TRANSLATION (TR_MODULE, TR_KEY, TR_TEXT, TR_LANGUAGE) VALUES ('frontend', 'search.result.version', 'Verzija', 'bs-BS');
INSERT INTO OKM_TRANSLATION (TR_MODULE, TR_KEY, TR_TEXT, TR_LANGUAGE) VALUES ('frontend', 'search.result.path', 'Putanja', 'bs-BS');
INSERT INTO OKM_TRANSLATION (TR_MODULE, TR_KEY, TR_TEXT, TR_LANGUAGE) VALUES ('frontend', 'search.result.menu.download', 'Preuzimanje', 'bs-BS');
INSERT INTO OKM_TRANSLATION (TR_MODULE, TR_KEY, TR_TEXT, TR_LANGUAGE) VALUES ('frontend', 'search.result.menu.go.folder', 'Idi na datoteku', 'bs-BS');
INSERT INTO OKM_TRANSLATION (TR_MODULE, TR_KEY, TR_TEXT, TR_LANGUAGE) VALUES ('frontend', 'search.result.menu.go.document', 'Idi na dokument', 'bs-BS');
INSERT INTO OKM_TRANSLATION (TR_MODULE, TR_KEY, TR_TEXT, TR_LANGUAGE) VALUES ('frontend', 'search.result.status.findPaginated', 'Auriranje pretrage', 'bs-BS');
INSERT INTO OKM_TRANSLATION (TR_MODULE, TR_KEY, TR_TEXT, TR_LANGUAGE) VALUES ('frontend', 'search.result.status.runsearch', 'Auriranje spaene pretrage', 'bs-BS');
INSERT INTO OKM_TRANSLATION (TR_MODULE, TR_KEY, TR_TEXT, TR_LANGUAGE) VALUES ('frontend', 'search.saved.run', 'Pokreni', 'bs-BS');
INSERT INTO OKM_TRANSLATION (TR_MODULE, TR_KEY, TR_TEXT, TR_LANGUAGE) VALUES ('frontend', 'search.saved.delete', 'Izbrii', 'bs-BS');
INSERT INTO OKM_TRANSLATION (TR_MODULE, TR_KEY, TR_TEXT, TR_LANGUAGE) VALUES ('frontend', 'search.saved.status.getsearchs', 'Osvjei spaene pretrage', 'bs-BS');
INSERT INTO OKM_TRANSLATION (TR_MODULE, TR_KEY, TR_TEXT, TR_LANGUAGE) VALUES ('frontend', 'search.saved.status.savesearch', 'Auriraj spaene pretrage', 'bs-BS');
INSERT INTO OKM_TRANSLATION (TR_MODULE, TR_KEY, TR_TEXT, TR_LANGUAGE) VALUES ('frontend', 'search.saved.status.deletesearch', 'Izbrii spaene pretrage', 'bs-BS');
INSERT INTO OKM_TRANSLATION (TR_MODULE, TR_KEY, TR_TEXT, TR_LANGUAGE) VALUES ('frontend', 'search.saved.status.getusernews', 'Osvjei korisnike obavjesti', 'bs-BS');
INSERT INTO OKM_TRANSLATION (TR_MODULE, TR_KEY, TR_TEXT, TR_LANGUAGE) VALUES ('frontend', 'button.close', 'Zatvori', 'bs-BS');
INSERT INTO OKM_TRANSLATION (TR_MODULE, TR_KEY, TR_TEXT, TR_LANGUAGE) VALUES ('frontend', 'button.logout', 'Odjavi se', 'bs-BS');
INSERT INTO OKM_TRANSLATION (TR_MODULE, TR_KEY, TR_TEXT, TR_LANGUAGE) VALUES ('frontend', 'button.update', 'Auriraj', 'bs-BS');
INSERT INTO OKM_TRANSLATION (TR_MODULE, TR_KEY, TR_TEXT, TR_LANGUAGE) VALUES ('frontend', 'button.cancel', 'Odgodi', 'bs-BS');
INSERT INTO OKM_TRANSLATION (TR_MODULE, TR_KEY, TR_TEXT, TR_LANGUAGE) VALUES ('frontend', 'button.accept', 'Prihvati', 'bs-BS');
INSERT INTO OKM_TRANSLATION (TR_MODULE, TR_KEY, TR_TEXT, TR_LANGUAGE) VALUES ('frontend', 'button.restore', 'Vrati', 'bs-BS');
INSERT INTO OKM_TRANSLATION (TR_MODULE, TR_KEY, TR_TEXT, TR_LANGUAGE) VALUES ('frontend', 'button.move', 'Premjesti', 'bs-BS');
INSERT INTO OKM_TRANSLATION (TR_MODULE, TR_KEY, TR_TEXT, TR_LANGUAGE) VALUES ('frontend', 'button.change', 'Promjeni', 'bs-BS');
INSERT INTO OKM_TRANSLATION (TR_MODULE, TR_KEY, TR_TEXT, TR_LANGUAGE) VALUES ('frontend', 'button.search', 'Trai', 'bs-BS');
INSERT INTO OKM_TRANSLATION (TR_MODULE, TR_KEY, TR_TEXT, TR_LANGUAGE) VALUES ('frontend', 'button.save.search', 'Spasi pretragu', 'bs-BS');
INSERT INTO OKM_TRANSLATION (TR_MODULE, TR_KEY, TR_TEXT, TR_LANGUAGE) VALUES ('frontend', 'button.view', 'Pogledaj', 'bs-BS');
INSERT INTO OKM_TRANSLATION (TR_MODULE, TR_KEY, TR_TEXT, TR_LANGUAGE) VALUES ('frontend', 'button.clean', 'Oisti', 'bs-BS');
INSERT INTO OKM_TRANSLATION (TR_MODULE, TR_KEY, TR_TEXT, TR_LANGUAGE) VALUES ('frontend', 'button.add', 'Dodaj', 'bs-BS');
INSERT INTO OKM_TRANSLATION (TR_MODULE, TR_KEY, TR_TEXT, TR_LANGUAGE) VALUES ('frontend', 'button.delete', 'Obrii', 'bs-BS');
INSERT INTO OKM_TRANSLATION (TR_MODULE, TR_KEY, TR_TEXT, TR_LANGUAGE) VALUES ('frontend', 'button.copy', 'Kopiraj', 'bs-BS');
INSERT INTO OKM_TRANSLATION (TR_MODULE, TR_KEY, TR_TEXT, TR_LANGUAGE) VALUES ('frontend', 'button.create', 'Kreiraj', 'bs-BS');
INSERT INTO OKM_TRANSLATION (TR_MODULE, TR_KEY, TR_TEXT, TR_LANGUAGE) VALUES ('frontend', 'button.show', 'Prikai', 'bs-BS');
INSERT INTO OKM_TRANSLATION (TR_MODULE, TR_KEY, TR_TEXT, TR_LANGUAGE) VALUES ('frontend', 'button.memory', 'Auriraj', 'bs-BS');
INSERT INTO OKM_TRANSLATION (TR_MODULE, TR_KEY, TR_TEXT, TR_LANGUAGE) VALUES ('frontend', 'button.copy.clipboard', 'Kopiraj u clipboard', 'bs-BS');
INSERT INTO OKM_TRANSLATION (TR_MODULE, TR_KEY, TR_TEXT, TR_LANGUAGE) VALUES ('frontend', 'button.start', 'Poni', 'bs-BS');
INSERT INTO OKM_TRANSLATION (TR_MODULE, TR_KEY, TR_TEXT, TR_LANGUAGE) VALUES ('frontend', 'button.select', 'Izaberi', 'bs-BS');
INSERT INTO OKM_TRANSLATION (TR_MODULE, TR_KEY, TR_TEXT, TR_LANGUAGE) VALUES ('frontend', 'button.test', 'Test', 'bs-BS');
INSERT INTO OKM_TRANSLATION (TR_MODULE, TR_KEY, TR_TEXT, TR_LANGUAGE) VALUES ('frontend', 'button.next', 'Next', 'bs-BS');
INSERT INTO OKM_TRANSLATION (TR_MODULE, TR_KEY, TR_TEXT, TR_LANGUAGE) VALUES ('frontend', 'group.label', 'Dodaj grupu vlasnitva', 'bs-BS');
INSERT INTO OKM_TRANSLATION (TR_MODULE, TR_KEY, TR_TEXT, TR_LANGUAGE) VALUES ('frontend', 'group.group', 'Grupa', 'bs-BS');
INSERT INTO OKM_TRANSLATION (TR_MODULE, TR_KEY, TR_TEXT, TR_LANGUAGE) VALUES ('frontend', 'group.property.group', 'Vlasnitvo', 'bs-BS');
INSERT INTO OKM_TRANSLATION (TR_MODULE, TR_KEY, TR_TEXT, TR_LANGUAGE) VALUES ('frontend', 'bookmark.label', 'Dodaj oznake', 'bs-BS');
INSERT INTO OKM_TRANSLATION (TR_MODULE, TR_KEY, TR_TEXT, TR_LANGUAGE) VALUES ('frontend', 'bookmark.name', 'Ime', 'bs-BS');
INSERT INTO OKM_TRANSLATION (TR_MODULE, TR_KEY, TR_TEXT, TR_LANGUAGE) VALUES ('frontend', 'bookmark.edit.label', 'Uredi oznake', 'bs-BS');
INSERT INTO OKM_TRANSLATION (TR_MODULE, TR_KEY, TR_TEXT, TR_LANGUAGE) VALUES ('frontend', 'bookmark.path', 'Putanja', 'bs-BS');
INSERT INTO OKM_TRANSLATION (TR_MODULE, TR_KEY, TR_TEXT, TR_LANGUAGE) VALUES ('frontend', 'bookmark.type', 'Tip', 'bs-BS');
INSERT INTO OKM_TRANSLATION (TR_MODULE, TR_KEY, TR_TEXT, TR_LANGUAGE) VALUES ('frontend', 'bookmark.type.document', 'Dokument', 'bs-BS');
INSERT INTO OKM_TRANSLATION (TR_MODULE, TR_KEY, TR_TEXT, TR_LANGUAGE) VALUES ('frontend', 'bookmark.type.folder', 'Datoteka', 'bs-BS');
INSERT INTO OKM_TRANSLATION (TR_MODULE, TR_KEY, TR_TEXT, TR_LANGUAGE) VALUES ('frontend', 'notify.label', 'Slanje linka dokumenta', 'bs-BS');
INSERT INTO OKM_TRANSLATION (TR_MODULE, TR_KEY, TR_TEXT, TR_LANGUAGE) VALUES ('frontend', 'notify.label.attachment', 'Send document attachment', 'bs-BS');
INSERT INTO OKM_TRANSLATION (TR_MODULE, TR_KEY, TR_TEXT, TR_LANGUAGE) VALUES ('frontend', 'status.document.copied', 'Dokument oznaen za kopiranje', 'bs-BS');
INSERT INTO OKM_TRANSLATION (TR_MODULE, TR_KEY, TR_TEXT, TR_LANGUAGE) VALUES ('frontend', 'status.document.cut', 'Dokument oznaen za rezanje', 'bs-BS');
INSERT INTO OKM_TRANSLATION (TR_MODULE, TR_KEY, TR_TEXT, TR_LANGUAGE) VALUES ('frontend', 'status.folder.copied', 'Datoteka oznaena za kopiranje', 'bs-BS');
INSERT INTO OKM_TRANSLATION (TR_MODULE, TR_KEY, TR_TEXT, TR_LANGUAGE) VALUES ('frontend', 'status.folder.cut', 'Datoteka oznaena za rezanje', 'bs-BS');
INSERT INTO OKM_TRANSLATION (TR_MODULE, TR_KEY, TR_TEXT, TR_LANGUAGE) VALUES ('frontend', 'status.keep.alive.error', 'Detektovana izgubljena konekcija prema serveru', 'bs-BS');
INSERT INTO OKM_TRANSLATION (TR_MODULE, TR_KEY, TR_TEXT, TR_LANGUAGE) VALUES ('frontend', 'status.debug.enabled', 'Debagiranje omogueno', 'bs-BS');
INSERT INTO OKM_TRANSLATION (TR_MODULE, TR_KEY, TR_TEXT, TR_LANGUAGE) VALUES ('frontend', 'status.debug.disabled', 'Debagiranje onemogueno', 'bs-BS');
INSERT INTO OKM_TRANSLATION (TR_MODULE, TR_KEY, TR_TEXT, TR_LANGUAGE) VALUES ('frontend', 'status.network.error.detected', 'Network error detected', 'bs-BS');
INSERT INTO OKM_TRANSLATION (TR_MODULE, TR_KEY, TR_TEXT, TR_LANGUAGE) VALUES ('frontend', 'calendar.day.sunday', 'Nedjelja', 'bs-BS');
INSERT INTO OKM_TRANSLATION (TR_MODULE, TR_KEY, TR_TEXT, TR_LANGUAGE) VALUES ('frontend', 'calendar.day.monday', 'Ponedjeljak', 'bs-BS');
INSERT INTO OKM_TRANSLATION (TR_MODULE, TR_KEY, TR_TEXT, TR_LANGUAGE) VALUES ('frontend', 'calendar.day.tuesday', 'Utorak', 'bs-BS');
INSERT INTO OKM_TRANSLATION (TR_MODULE, TR_KEY, TR_TEXT, TR_LANGUAGE) VALUES ('frontend', 'calendar.day.wednesday', 'Srijeda', 'bs-BS');
INSERT INTO OKM_TRANSLATION (TR_MODULE, TR_KEY, TR_TEXT, TR_LANGUAGE) VALUES ('frontend', 'calendar.day.thursday', 'etvrtak', 'bs-BS');
INSERT INTO OKM_TRANSLATION (TR_MODULE, TR_KEY, TR_TEXT, TR_LANGUAGE) VALUES ('frontend', 'calendar.day.friday', 'Petak', 'bs-BS');
INSERT INTO OKM_TRANSLATION (TR_MODULE, TR_KEY, TR_TEXT, TR_LANGUAGE) VALUES ('frontend', 'calendar.day.saturday', 'Subota', 'bs-BS');
INSERT INTO OKM_TRANSLATION (TR_MODULE, TR_KEY, TR_TEXT, TR_LANGUAGE) VALUES ('frontend', 'calendar.month.january', 'Januar', 'bs-BS');
INSERT INTO OKM_TRANSLATION (TR_MODULE, TR_KEY, TR_TEXT, TR_LANGUAGE) VALUES ('frontend', 'calendar.month.february', 'Februar', 'bs-BS');
INSERT INTO OKM_TRANSLATION (TR_MODULE, TR_KEY, TR_TEXT, TR_LANGUAGE) VALUES ('frontend', 'calendar.month.march', 'Mart', 'bs-BS');
INSERT INTO OKM_TRANSLATION (TR_MODULE, TR_KEY, TR_TEXT, TR_LANGUAGE) VALUES ('frontend', 'calendar.month.april', 'April', 'bs-BS');
INSERT INTO OKM_TRANSLATION (TR_MODULE, TR_KEY, TR_TEXT, TR_LANGUAGE) VALUES ('frontend', 'calendar.month.may', 'Maj', 'bs-BS');
INSERT INTO OKM_TRANSLATION (TR_MODULE, TR_KEY, TR_TEXT, TR_LANGUAGE) VALUES ('frontend', 'calendar.month.june', 'Juni', 'bs-BS');
INSERT INTO OKM_TRANSLATION (TR_MODULE, TR_KEY, TR_TEXT, TR_LANGUAGE) VALUES ('frontend', 'calendar.month.july', 'Juli', 'bs-BS');
INSERT INTO OKM_TRANSLATION (TR_MODULE, TR_KEY, TR_TEXT, TR_LANGUAGE) VALUES ('frontend', 'calendar.month.august', 'August', 'bs-BS');
INSERT INTO OKM_TRANSLATION (TR_MODULE, TR_KEY, TR_TEXT, TR_LANGUAGE) VALUES ('frontend', 'calendar.month.september', 'Septembar', 'bs-BS');
INSERT INTO OKM_TRANSLATION (TR_MODULE, TR_KEY, TR_TEXT, TR_LANGUAGE) VALUES ('frontend', 'calendar.month.october', 'Oktobar', 'bs-BS');
INSERT INTO OKM_TRANSLATION (TR_MODULE, TR_KEY, TR_TEXT, TR_LANGUAGE) VALUES ('frontend', 'calendar.month.november', 'Novembar', 'bs-BS');
INSERT INTO OKM_TRANSLATION (TR_MODULE, TR_KEY, TR_TEXT, TR_LANGUAGE) VALUES ('frontend', 'calendar.month.december', 'Decembar', 'bs-BS');
INSERT INTO OKM_TRANSLATION (TR_MODULE, TR_KEY, TR_TEXT, TR_LANGUAGE) VALUES ('frontend', 'media.player.label', 'Audio/video pregledik', 'bs-BS');
INSERT INTO OKM_TRANSLATION (TR_MODULE, TR_KEY, TR_TEXT, TR_LANGUAGE) VALUES ('frontend', 'image.viewer.label', 'Preglednik slika', 'bs-BS');
INSERT INTO OKM_TRANSLATION (TR_MODULE, TR_KEY, TR_TEXT, TR_LANGUAGE) VALUES ('frontend', 'image.viewer.zoom.in', 'Zumiraj', 'bs-BS');
INSERT INTO OKM_TRANSLATION (TR_MODULE, TR_KEY, TR_TEXT, TR_LANGUAGE) VALUES ('frontend', 'image.viewer.zoom.out', 'Odzumiraj', 'bs-BS');
INSERT INTO OKM_TRANSLATION (TR_MODULE, TR_KEY, TR_TEXT, TR_LANGUAGE) VALUES ('frontend', 'debug.console.label', 'Debagiraj konzolu', 'bs-BS');
INSERT INTO OKM_TRANSLATION (TR_MODULE, TR_KEY, TR_TEXT, TR_LANGUAGE) VALUES ('frontend', 'debug.enable.disable', 'CTRL+Z za omoguavanje ili neomoguavenje debagerskog moda', 'bs-BS');
INSERT INTO OKM_TRANSLATION (TR_MODULE, TR_KEY, TR_TEXT, TR_LANGUAGE) VALUES ('frontend', 'dashboard.tab.general', 'Opte', 'bs-BS');
INSERT INTO OKM_TRANSLATION (TR_MODULE, TR_KEY, TR_TEXT, TR_LANGUAGE) VALUES ('frontend', 'dashboard.tab.news', 'Vijesti', 'bs-BS');
INSERT INTO OKM_TRANSLATION (TR_MODULE, TR_KEY, TR_TEXT, TR_LANGUAGE) VALUES ('frontend', 'dashboard.tab.user', 'Korisnik', 'bs-BS');
INSERT INTO OKM_TRANSLATION (TR_MODULE, TR_KEY, TR_TEXT, TR_LANGUAGE) VALUES ('frontend', 'dashboard.tab.workflow', 'Tok rada', 'bs-BS');
INSERT INTO OKM_TRANSLATION (TR_MODULE, TR_KEY, TR_TEXT, TR_LANGUAGE) VALUES ('frontend', 'dashboard.tab.mail', 'Pota', 'bs-BS');
INSERT INTO OKM_TRANSLATION (TR_MODULE, TR_KEY, TR_TEXT, TR_LANGUAGE) VALUES ('frontend', 'dashboard.tab.keymap', 'Mapa kljunih rijei', 'bs-BS');
INSERT INTO OKM_TRANSLATION (TR_MODULE, TR_KEY, TR_TEXT, TR_LANGUAGE) VALUES ('frontend', 'dashboard.new.items', 'Novi', 'bs-BS');
INSERT INTO OKM_TRANSLATION (TR_MODULE, TR_KEY, TR_TEXT, TR_LANGUAGE) VALUES ('frontend', 'dashboard.user.locked.documents', 'Zakljuani dokumenti', 'bs-BS');
INSERT INTO OKM_TRANSLATION (TR_MODULE, TR_KEY, TR_TEXT, TR_LANGUAGE) VALUES ('frontend', 'dashboard.user.checkout.documents', 'Provjeri dokumente', 'bs-BS');
INSERT INTO OKM_TRANSLATION (TR_MODULE, TR_KEY, TR_TEXT, TR_LANGUAGE) VALUES ('frontend', 'dashboard.user.last.modified.documents', 'Zadnje mijenjani dokumenti', 'bs-BS');
INSERT INTO OKM_TRANSLATION (TR_MODULE, TR_KEY, TR_TEXT, TR_LANGUAGE) VALUES ('frontend', 'dashboard.user.last.downloaded.documents', 'Zadnje preuzeti dokumenti', 'bs-BS');
INSERT INTO OKM_TRANSLATION (TR_MODULE, TR_KEY, TR_TEXT, TR_LANGUAGE) VALUES ('frontend', 'dashboard.user.subscribed.documents', 'Potpisani dokumeti', 'bs-BS');
INSERT INTO OKM_TRANSLATION (TR_MODULE, TR_KEY, TR_TEXT, TR_LANGUAGE) VALUES ('frontend', 'dashboard.user.subscribed.folders', 'Potpisane datoteke', 'bs-BS');
INSERT INTO OKM_TRANSLATION (TR_MODULE, TR_KEY, TR_TEXT, TR_LANGUAGE) VALUES ('frontend', 'dashboard.user.last.uploaded.documents', 'Zadnje uitani dokumenti', 'bs-BS');
INSERT INTO OKM_TRANSLATION (TR_MODULE, TR_KEY, TR_TEXT, TR_LANGUAGE) VALUES ('frontend', 'dashboard.general.last.week.top.downloaded.documents', 'Najgledaniji dokumenti prole sedmice', 'bs-BS');
INSERT INTO OKM_TRANSLATION (TR_MODULE, TR_KEY, TR_TEXT, TR_LANGUAGE) VALUES ('frontend', 'dashboard.general.last.month.top.downloaded.documents', 'Najgledaiji dokumenti prolog mjeseca', 'bs-BS');
INSERT INTO OKM_TRANSLATION (TR_MODULE, TR_KEY, TR_TEXT, TR_LANGUAGE) VALUES ('frontend', 'dashboard.general.last.week.top.modified.documents', 'Najvie mijenjani dokumenti prole sedmice', 'bs-BS');
INSERT INTO OKM_TRANSLATION (TR_MODULE, TR_KEY, TR_TEXT, TR_LANGUAGE) VALUES ('frontend', 'dashboard.general.last.month.top.modified.documents', 'Najvie mjenjani dokumenti prolog mjeseca', 'bs-BS');
INSERT INTO OKM_TRANSLATION (TR_MODULE, TR_KEY, TR_TEXT, TR_LANGUAGE) VALUES ('frontend', 'dashboard.general.last.uploaded.documents', 'Zadnje uitani dokumenti', 'bs-BS');
INSERT INTO OKM_TRANSLATION (TR_MODULE, TR_KEY, TR_TEXT, TR_LANGUAGE) VALUES ('frontend', 'dashboard.workflow.pending.tasks', 'Nerjeeni zadaci', 'bs-BS');
INSERT INTO OKM_TRANSLATION (TR_MODULE, TR_KEY, TR_TEXT, TR_LANGUAGE) VALUES ('frontend', 'dashboard.workflow.pending.tasks.unassigned', 'Unassigned pending tasks', 'bs-BS');
INSERT INTO OKM_TRANSLATION (TR_MODULE, TR_KEY, TR_TEXT, TR_LANGUAGE) VALUES ('frontend', 'dashboard.workflow.task', 'Zadatak', 'bs-BS');
INSERT INTO OKM_TRANSLATION (TR_MODULE, TR_KEY, TR_TEXT, TR_LANGUAGE) VALUES ('frontend', 'dashboard.workflow.task.id', 'ID', 'bs-BS');
INSERT INTO OKM_TRANSLATION (TR_MODULE, TR_KEY, TR_TEXT, TR_LANGUAGE) VALUES ('frontend', 'dashboard.workflow.task.name', 'Ime', 'bs-BS');
INSERT INTO OKM_TRANSLATION (TR_MODULE, TR_KEY, TR_TEXT, TR_LANGUAGE) VALUES ('frontend', 'dashboard.workflow.task.created', 'Datum kreiranja', 'bs-BS');
INSERT INTO OKM_TRANSLATION (TR_MODULE, TR_KEY, TR_TEXT, TR_LANGUAGE) VALUES ('frontend', 'dashboard.workflow.task.start', 'Poetni datum', 'bs-BS');
INSERT INTO OKM_TRANSLATION (TR_MODULE, TR_KEY, TR_TEXT, TR_LANGUAGE) VALUES ('frontend', 'dashboard.workflow.task.duedate', 'Rok', 'bs-BS');
INSERT INTO OKM_TRANSLATION (TR_MODULE, TR_KEY, TR_TEXT, TR_LANGUAGE) VALUES ('frontend', 'dashboard.workflow.task.end', 'Krajnji datum', 'bs-BS');
INSERT INTO OKM_TRANSLATION (TR_MODULE, TR_KEY, TR_TEXT, TR_LANGUAGE) VALUES ('frontend', 'dashboard.workflow.task.description', 'Opis', 'bs-BS');
INSERT INTO OKM_TRANSLATION (TR_MODULE, TR_KEY, TR_TEXT, TR_LANGUAGE) VALUES ('frontend', 'dashboard.workflow.task.process.instance', 'Instanca procesa', 'bs-BS');
INSERT INTO OKM_TRANSLATION (TR_MODULE, TR_KEY, TR_TEXT, TR_LANGUAGE) VALUES ('frontend', 'dashboard.workflow.task.process.id', 'ID', 'bs-BS');
INSERT INTO OKM_TRANSLATION (TR_MODULE, TR_KEY, TR_TEXT, TR_LANGUAGE) VALUES ('frontend', 'dashboard.workflow.task.process.version', 'Verzija', 'bs-BS');
INSERT INTO OKM_TRANSLATION (TR_MODULE, TR_KEY, TR_TEXT, TR_LANGUAGE) VALUES ('frontend', 'dashboard.workflow.task.process.name', 'Ime', 'bs-BS');
INSERT INTO OKM_TRANSLATION (TR_MODULE, TR_KEY, TR_TEXT, TR_LANGUAGE) VALUES ('frontend', 'dashboard.workflow.task.process.description', 'Opis', 'bs-BS');
INSERT INTO OKM_TRANSLATION (TR_MODULE, TR_KEY, TR_TEXT, TR_LANGUAGE) VALUES ('frontend', 'dashboard.workflow.task.process.data', 'Podatak', 'bs-BS');
INSERT INTO OKM_TRANSLATION (TR_MODULE, TR_KEY, TR_TEXT, TR_LANGUAGE) VALUES ('frontend', 'dashboard.workflow.comments', 'Comments', 'bs-BS');
INSERT INTO OKM_TRANSLATION (TR_MODULE, TR_KEY, TR_TEXT, TR_LANGUAGE) VALUES ('frontend', 'dashboard.workflow.task.process.forms', 'Form', 'bs-BS');
INSERT INTO OKM_TRANSLATION (TR_MODULE, TR_KEY, TR_TEXT, TR_LANGUAGE) VALUES ('frontend', 'dashboard.workflow.add.comment', 'Add comment', 'bs-BS');
INSERT INTO OKM_TRANSLATION (TR_MODULE, TR_KEY, TR_TEXT, TR_LANGUAGE) VALUES ('frontend', 'dashboard.workflow.task.process.definition', 'Definicija procesa', 'bs-BS');
INSERT INTO OKM_TRANSLATION (TR_MODULE, TR_KEY, TR_TEXT, TR_LANGUAGE) VALUES ('frontend', 'dashboard.workflow.task.process.path', 'Putanja', 'bs-BS');
INSERT INTO OKM_TRANSLATION (TR_MODULE, TR_KEY, TR_TEXT, TR_LANGUAGE) VALUES ('frontend', 'dashboard.refreshing', 'Osvjeavanje', 'bs-BS');
INSERT INTO OKM_TRANSLATION (TR_MODULE, TR_KEY, TR_TEXT, TR_LANGUAGE) VALUES ('frontend', 'dashboard.keyword', 'Kljune rijei', 'bs-BS');
INSERT INTO OKM_TRANSLATION (TR_MODULE, TR_KEY, TR_TEXT, TR_LANGUAGE) VALUES ('frontend', 'dashboard.keyword.suggest', 'Tip kljune rijei', 'bs-BS');
INSERT INTO OKM_TRANSLATION (TR_MODULE, TR_KEY, TR_TEXT, TR_LANGUAGE) VALUES ('frontend', 'dashboard.keyword.all', 'Sve kljune rijei', 'bs-BS');
INSERT INTO OKM_TRANSLATION (TR_MODULE, TR_KEY, TR_TEXT, TR_LANGUAGE) VALUES ('frontend', 'dashboard.keyword.top', 'Najee kljune rijei', 'bs-BS');
INSERT INTO OKM_TRANSLATION (TR_MODULE, TR_KEY, TR_TEXT, TR_LANGUAGE) VALUES ('frontend', 'dashboard.keyword.related', 'Kljune rijei koje se odnose na', 'bs-BS');
INSERT INTO OKM_TRANSLATION (TR_MODULE, TR_KEY, TR_TEXT, TR_LANGUAGE) VALUES ('frontend', 'dashboard.keyword.goto.document', 'Idi na dokument', 'bs-BS');
INSERT INTO OKM_TRANSLATION (TR_MODULE, TR_KEY, TR_TEXT, TR_LANGUAGE) VALUES ('frontend', 'dashboard.keyword.clean.keywords', 'Oisti kljune rijei', 'bs-BS');
INSERT INTO OKM_TRANSLATION (TR_MODULE, TR_KEY, TR_TEXT, TR_LANGUAGE) VALUES ('frontend', 'dashboard.mail.last.imported.mails', 'Electronic mails', 'bs-BS');
INSERT INTO OKM_TRANSLATION (TR_MODULE, TR_KEY, TR_TEXT, TR_LANGUAGE) VALUES ('frontend', 'dashboard.mail.last.imported.attached.documents', 'Attachments', 'bs-BS');
INSERT INTO OKM_TRANSLATION (TR_MODULE, TR_KEY, TR_TEXT, TR_LANGUAGE) VALUES ('frontend', 'workflow.label', 'Poni tok rada', 'bs-BS');
INSERT INTO OKM_TRANSLATION (TR_MODULE, TR_KEY, TR_TEXT, TR_LANGUAGE) VALUES ('frontend', 'user.preferences.label', 'Korisnika konfiguracija', 'bs-BS');
INSERT INTO OKM_TRANSLATION (TR_MODULE, TR_KEY, TR_TEXT, TR_LANGUAGE) VALUES ('frontend', 'user.preferences.user', 'Ime', 'bs-BS');
INSERT INTO OKM_TRANSLATION (TR_MODULE, TR_KEY, TR_TEXT, TR_LANGUAGE) VALUES ('frontend', 'user.preferences.password', 'ifra', 'bs-BS');
INSERT INTO OKM_TRANSLATION (TR_MODULE, TR_KEY, TR_TEXT, TR_LANGUAGE) VALUES ('frontend', 'user.preferences.mail', 'E-mail', 'bs-BS');
INSERT INTO OKM_TRANSLATION (TR_MODULE, TR_KEY, TR_TEXT, TR_LANGUAGE) VALUES ('frontend', 'user.preferences.roles', 'Roles', 'bs-BS');
INSERT INTO OKM_TRANSLATION (TR_MODULE, TR_KEY, TR_TEXT, TR_LANGUAGE) VALUES ('frontend', 'user.preferences.imap.host', 'IMAP server', 'bs-BS');
INSERT INTO OKM_TRANSLATION (TR_MODULE, TR_KEY, TR_TEXT, TR_LANGUAGE) VALUES ('frontend', 'user.preferences.imap.user', 'IMAP korisniko ime', 'bs-BS');
INSERT INTO OKM_TRANSLATION (TR_MODULE, TR_KEY, TR_TEXT, TR_LANGUAGE) VALUES ('frontend', 'user.preferences.imap.user.password', 'IMAP korisnika ifra', 'bs-BS');
INSERT INTO OKM_TRANSLATION (TR_MODULE, TR_KEY, TR_TEXT, TR_LANGUAGE) VALUES ('frontend', 'user.preferences.imap.folder', 'IMAP datoteka', 'bs-BS');
INSERT INTO OKM_TRANSLATION (TR_MODULE, TR_KEY, TR_TEXT, TR_LANGUAGE) VALUES ('frontend', 'user.preferences.password.error', 'Greka: ifre su razliite', 'bs-BS');
INSERT INTO OKM_TRANSLATION (TR_MODULE, TR_KEY, TR_TEXT, TR_LANGUAGE) VALUES ('frontend', 'user.preferences.user.data', 'User account', 'bs-BS');
INSERT INTO OKM_TRANSLATION (TR_MODULE, TR_KEY, TR_TEXT, TR_LANGUAGE) VALUES ('frontend', 'user.preferences.mail.data', 'Mail account', 'bs-BS');
INSERT INTO OKM_TRANSLATION (TR_MODULE, TR_KEY, TR_TEXT, TR_LANGUAGE) VALUES ('frontend', 'user.preferences.imap.error', 'All fields are obligatory to set the mail configurations', 'bs-BS');
INSERT INTO OKM_TRANSLATION (TR_MODULE, TR_KEY, TR_TEXT, TR_LANGUAGE) VALUES ('frontend', 'user.preferences.imap.password.error.void', 'Password must not be empty on IMAP mail creation', 'bs-BS');
INSERT INTO OKM_TRANSLATION (TR_MODULE, TR_KEY, TR_TEXT, TR_LANGUAGE) VALUES ('frontend', 'user.preferences.imap.test.error', 'IMAP configuration error', 'bs-BS');
INSERT INTO OKM_TRANSLATION (TR_MODULE, TR_KEY, TR_TEXT, TR_LANGUAGE) VALUES ('frontend', 'user.preferences.imap.test.ok', 'IMAP configuration ok', 'bs-BS');
INSERT INTO OKM_TRANSLATION (TR_MODULE, TR_KEY, TR_TEXT, TR_LANGUAGE) VALUES ('frontend', 'thesaurus.directory.select.label', 'Add thesaurus keyword', 'bs-BS');
INSERT INTO OKM_TRANSLATION (TR_MODULE, TR_KEY, TR_TEXT, TR_LANGUAGE) VALUES ('frontend', 'thesaurus.tab.tree', 'Tree', 'bs-BS');
INSERT INTO OKM_TRANSLATION (TR_MODULE, TR_KEY, TR_TEXT, TR_LANGUAGE) VALUES ('frontend', 'thesaurus.tab.keywords', 'Keywords', 'bs-BS');
INSERT INTO OKM_TRANSLATION (TR_MODULE, TR_KEY, TR_TEXT, TR_LANGUAGE) VALUES ('frontend', 'categories.folder.select.label', 'Add category', 'bs-BS');
INSERT INTO OKM_TRANSLATION (TR_MODULE, TR_KEY, TR_TEXT, TR_LANGUAGE) VALUES ('frontend', 'categories.folder.error.delete', 'Cannot delete category with documents', 'bs-BS');
INSERT INTO OKM_TRANSLATION (TR_MODULE, TR_KEY, TR_TEXT, TR_LANGUAGE) VALUES ('frontend', 'wizard.document.uploading', 'Document wizard', 'bs-BS');
INSERT INTO OKM_TRANSLATION (TR_MODULE, TR_KEY, TR_TEXT, TR_LANGUAGE) VALUES ('frontend', 'user.info.chat.connect', 'Connect to chat', 'bs-BS');
INSERT INTO OKM_TRANSLATION (TR_MODULE, TR_KEY, TR_TEXT, TR_LANGUAGE) VALUES ('frontend', 'user.info.chat.disconnect', 'Disconnet chat', 'bs-BS');
INSERT INTO OKM_TRANSLATION (TR_MODULE, TR_KEY, TR_TEXT, TR_LANGUAGE) VALUES ('frontend', 'user.info.chat.new.room', 'Net chat room', 'bs-BS');
INSERT INTO OKM_TRANSLATION (TR_MODULE, TR_KEY, TR_TEXT, TR_LANGUAGE) VALUES ('frontend', 'user.info.locked.actual', 'Locked documents', 'bs-BS');
INSERT INTO OKM_TRANSLATION (TR_MODULE, TR_KEY, TR_TEXT, TR_LANGUAGE) VALUES ('frontend', 'user.info.checkout.actual', 'Checkout documents', 'bs-BS');
INSERT INTO OKM_TRANSLATION (TR_MODULE, TR_KEY, TR_TEXT, TR_LANGUAGE) VALUES ('frontend', 'user.info.subscription.actual', 'Actual subscriptions', 'bs-BS');
INSERT INTO OKM_TRANSLATION (TR_MODULE, TR_KEY, TR_TEXT, TR_LANGUAGE) VALUES ('frontend', 'user.info.news.new', 'News', 'bs-BS');
INSERT INTO OKM_TRANSLATION (TR_MODULE, TR_KEY, TR_TEXT, TR_LANGUAGE) VALUES ('frontend', 'user.info.workflow.pending', 'Pending workflows', 'bs-BS');
INSERT INTO OKM_TRANSLATION (TR_MODULE, TR_KEY, TR_TEXT, TR_LANGUAGE) VALUES ('frontend', 'user.info.user.quota', 'Used quota', 'bs-BS');
INSERT INTO OKM_TRANSLATION (TR_MODULE, TR_KEY, TR_TEXT, TR_LANGUAGE) VALUES ('frontend', 'user.online', 'Users online', 'bs-BS');
INSERT INTO OKM_TRANSLATION (TR_MODULE, TR_KEY, TR_TEXT, TR_LANGUAGE) VALUES ('frontend', 'chat.room', 'Chat', 'bs-BS');
INSERT INTO OKM_TRANSLATION (TR_MODULE, TR_KEY, TR_TEXT, TR_LANGUAGE) VALUES ('frontend', 'chat.users.in.room', 'Users', 'bs-BS');
INSERT INTO OKM_TRANSLATION (TR_MODULE, TR_KEY, TR_TEXT, TR_LANGUAGE) VALUES ('frontend', 'OKM-017009', 'Prisup dokumentima odbijen', 'bs-BS');
INSERT INTO OKM_TRANSLATION (TR_MODULE, TR_KEY, TR_TEXT, TR_LANGUAGE) VALUES ('frontend', 'OKM-017004', 'Dokument je zakljuan', 'bs-BS');
INSERT INTO OKM_TRANSLATION (TR_MODULE, TR_KEY, TR_TEXT, TR_LANGUAGE) VALUES ('frontend', 'OKM-017001', 'Interna greka repozitorija', 'bs-BS');
INSERT INTO OKM_TRANSLATION (TR_MODULE, TR_KEY, TR_TEXT, TR_LANGUAGE) VALUES ('frontend', 'OKM-017015', 'Putanja dokumenta nije pronaena', 'bs-BS');
INSERT INTO OKM_TRANSLATION (TR_MODULE, TR_KEY, TR_TEXT, TR_LANGUAGE) VALUES ('frontend', 'OKM-017016', 'Document version error', 'bs-BS');
INSERT INTO OKM_TRANSLATION (TR_MODULE, TR_KEY, TR_TEXT, TR_LANGUAGE) VALUES ('frontend', 'OKM-002009', 'Prisup dokumentima odbijen', 'bs-BS');
INSERT INTO OKM_TRANSLATION (TR_MODULE, TR_KEY, TR_TEXT, TR_LANGUAGE) VALUES ('frontend', 'OKM-002002', 'Dokument nije pronaen', 'bs-BS');
INSERT INTO OKM_TRANSLATION (TR_MODULE, TR_KEY, TR_TEXT, TR_LANGUAGE) VALUES ('frontend', 'OKM-002003', 'Dokument ve postoji', 'bs-BS');
INSERT INTO OKM_TRANSLATION (TR_MODULE, TR_KEY, TR_TEXT, TR_LANGUAGE) VALUES ('frontend', 'OKM-002004', 'Dokument je zakljuan', 'bs-BS');
INSERT INTO OKM_TRANSLATION (TR_MODULE, TR_KEY, TR_TEXT, TR_LANGUAGE) VALUES ('frontend', 'OKM-002004', 'Otkljuajte dokument', 'bs-BS');
INSERT INTO OKM_TRANSLATION (TR_MODULE, TR_KEY, TR_TEXT, TR_LANGUAGE) VALUES ('frontend', 'OKM-002001', 'Interna greka repozitorija', 'bs-BS');
INSERT INTO OKM_TRANSLATION (TR_MODULE, TR_KEY, TR_TEXT, TR_LANGUAGE) VALUES ('frontend', 'OKM-002006', 'Interna greka aplikacije', 'bs-BS');
INSERT INTO OKM_TRANSLATION (TR_MODULE, TR_KEY, TR_TEXT, TR_LANGUAGE) VALUES ('frontend', 'OKM-002015', 'Putanja dokumenta nije pronaena', 'bs-BS');
INSERT INTO OKM_TRANSLATION (TR_MODULE, TR_KEY, TR_TEXT, TR_LANGUAGE) VALUES ('frontend', 'OKM-002024', 'Database error', 'bs-BS');
INSERT INTO OKM_TRANSLATION (TR_MODULE, TR_KEY, TR_TEXT, TR_LANGUAGE) VALUES ('frontend', 'OKM-001009', 'Datoteci pristup odbijen', 'bs-BS');
INSERT INTO OKM_TRANSLATION (TR_MODULE, TR_KEY, TR_TEXT, TR_LANGUAGE) VALUES ('frontend', 'OKM-001002', 'Datoteka nije pronaena', 'bs-BS');
INSERT INTO OKM_TRANSLATION (TR_MODULE, TR_KEY, TR_TEXT, TR_LANGUAGE) VALUES ('frontend', 'OKM-001003', 'Datoteka ve postoji', 'bs-BS');
INSERT INTO OKM_TRANSLATION (TR_MODULE, TR_KEY, TR_TEXT, TR_LANGUAGE) VALUES ('frontend', 'OKM-001001', 'Interna greka repozitorija', 'bs-BS');
INSERT INTO OKM_TRANSLATION (TR_MODULE, TR_KEY, TR_TEXT, TR_LANGUAGE) VALUES ('frontend', 'OKM-001006', 'Interna greka repozitorija', 'bs-BS');
INSERT INTO OKM_TRANSLATION (TR_MODULE, TR_KEY, TR_TEXT, TR_LANGUAGE) VALUES ('frontend', 'OKM-001015', 'Putanja datoteke nije pronaena', 'bs-BS');
INSERT INTO OKM_TRANSLATION (TR_MODULE, TR_KEY, TR_TEXT, TR_LANGUAGE) VALUES ('frontend', 'OKM-001024', 'Database error', 'bs-BS');
INSERT INTO OKM_TRANSLATION (TR_MODULE, TR_KEY, TR_TEXT, TR_LANGUAGE) VALUES ('frontend', 'OKM-007009', 'Zabrana pristupa predmetu', 'bs-BS');
INSERT INTO OKM_TRANSLATION (TR_MODULE, TR_KEY, TR_TEXT, TR_LANGUAGE) VALUES ('frontend', 'OKM-007002', 'Predmet nije pronaen', 'bs-BS');
INSERT INTO OKM_TRANSLATION (TR_MODULE, TR_KEY, TR_TEXT, TR_LANGUAGE) VALUES ('frontend', 'OKM-007001', 'Interna greka repozitorija', 'bs-BS');
INSERT INTO OKM_TRANSLATION (TR_MODULE, TR_KEY, TR_TEXT, TR_LANGUAGE) VALUES ('frontend', 'OKM-007006', 'Interna greka repozitorija', 'bs-BS');
INSERT INTO OKM_TRANSLATION (TR_MODULE, TR_KEY, TR_TEXT, TR_LANGUAGE) VALUES ('frontend', 'OKM-007024', 'Database error', 'bs-BS');
INSERT INTO OKM_TRANSLATION (TR_MODULE, TR_KEY, TR_TEXT, TR_LANGUAGE) VALUES ('frontend', 'OKM-009002', 'Dokument nije pronaen', 'bs-BS');
INSERT INTO OKM_TRANSLATION (TR_MODULE, TR_KEY, TR_TEXT, TR_LANGUAGE) VALUES ('frontend', 'OKM-009006', 'Interna greka repozitorija', 'bs-BS');
INSERT INTO OKM_TRANSLATION (TR_MODULE, TR_KEY, TR_TEXT, TR_LANGUAGE) VALUES ('frontend', 'OKM-005010', 'Neprihvatljiv format datoteke', 'bs-BS');
INSERT INTO OKM_TRANSLATION (TR_MODULE, TR_KEY, TR_TEXT, TR_LANGUAGE) VALUES ('frontend', 'OKM-005003', 'Dokument ve postoji', 'bs-BS');
INSERT INTO OKM_TRANSLATION (TR_MODULE, TR_KEY, TR_TEXT, TR_LANGUAGE) VALUES ('frontend', 'OKM-005011', 'Veliina dokumenta je premaena', 'bs-BS');
INSERT INTO OKM_TRANSLATION (TR_MODULE, TR_KEY, TR_TEXT, TR_LANGUAGE) VALUES ('frontend', 'OKM-005027', 'Document name is diferent', 'bs-BS');
INSERT INTO OKM_TRANSLATION (TR_MODULE, TR_KEY, TR_TEXT, TR_LANGUAGE) VALUES ('frontend', 'OKM-004001', 'Sesija zatvorena', 'bs-BS');
INSERT INTO OKM_TRANSLATION (TR_MODULE, TR_KEY, TR_TEXT, TR_LANGUAGE) VALUES ('frontend', 'OKM-004024', 'Database error', 'bs-BS');
INSERT INTO OKM_TRANSLATION (TR_MODULE, TR_KEY, TR_TEXT, TR_LANGUAGE) VALUES ('frontend', 'OKM-008001', 'Greka prilikom pokretanja upita', 'bs-BS');
INSERT INTO OKM_TRANSLATION (TR_MODULE, TR_KEY, TR_TEXT, TR_LANGUAGE) VALUES ('frontend', 'OKM-008003', 'Ime pretrage mora biti jedinstveno', 'bs-BS');
INSERT INTO OKM_TRANSLATION (TR_MODULE, TR_KEY, TR_TEXT, TR_LANGUAGE) VALUES ('frontend', 'OKM-008024', 'Database error', 'bs-BS');
INSERT INTO OKM_TRANSLATION (TR_MODULE, TR_KEY, TR_TEXT, TR_LANGUAGE) VALUES ('frontend', 'OKM-011003', 'Ime oznake mora biti jedinstveno', 'bs-BS');
INSERT INTO OKM_TRANSLATION (TR_MODULE, TR_KEY, TR_TEXT, TR_LANGUAGE) VALUES ('frontend', 'OKM-003017', 'Sesija je izgubljena', 'bs-BS');
INSERT INTO OKM_TRANSLATION (TR_MODULE, TR_KEY, TR_TEXT, TR_LANGUAGE) VALUES ('frontend', 'OKM-013001', 'Interna greka repozitorija', 'bs-BS');
INSERT INTO OKM_TRANSLATION (TR_MODULE, TR_KEY, TR_TEXT, TR_LANGUAGE) VALUES ('frontend', 'OKM-013024', 'Database error', 'bs-BS');
INSERT INTO OKM_TRANSLATION (TR_MODULE, TR_KEY, TR_TEXT, TR_LANGUAGE) VALUES ('frontend', 'OKM-014001', 'Interna greka repozitorija', 'bs-BS');
INSERT INTO OKM_TRANSLATION (TR_MODULE, TR_KEY, TR_TEXT, TR_LANGUAGE) VALUES ('frontend', 'OKM-014013', 'Greka na Izlaz/Ulaz', 'bs-BS');
INSERT INTO OKM_TRANSLATION (TR_MODULE, TR_KEY, TR_TEXT, TR_LANGUAGE) VALUES ('frontend', 'OKM-015001', 'Interna greka repozitorija', 'bs-BS');
INSERT INTO OKM_TRANSLATION (TR_MODULE, TR_KEY, TR_TEXT, TR_LANGUAGE) VALUES ('frontend', 'OKM-015024', 'Database error', 'bs-BS');
INSERT INTO OKM_TRANSLATION (TR_MODULE, TR_KEY, TR_TEXT, TR_LANGUAGE) VALUES ('frontend', 'OKM-018022', 'Error in browser configuration', 'bs-BS');
INSERT INTO OKM_TRANSLATION (TR_MODULE, TR_KEY, TR_TEXT, TR_LANGUAGE) VALUES ('frontend', 'OKM-018023', 'Error user quota exceed,  contact with adminitrator', 'bs-BS');
INSERT INTO OKM_TRANSLATION (TR_MODULE, TR_KEY, TR_TEXT, TR_LANGUAGE) VALUES ('frontend', 'OKM-016009', 'Document access denied', 'bs-BS');
INSERT INTO OKM_TRANSLATION (TR_MODULE, TR_KEY, TR_TEXT, TR_LANGUAGE) VALUES ('frontend', 'OKM-016002', 'Document not found', 'bs-BS');
INSERT INTO OKM_TRANSLATION (TR_MODULE, TR_KEY, TR_TEXT, TR_LANGUAGE) VALUES ('frontend', 'OKM-016003', 'Document already exists', 'bs-BS');
INSERT INTO OKM_TRANSLATION (TR_MODULE, TR_KEY, TR_TEXT, TR_LANGUAGE) VALUES ('frontend', 'OKM-016004', 'Document lock denied', 'bs-BS');
INSERT INTO OKM_TRANSLATION (TR_MODULE, TR_KEY, TR_TEXT, TR_LANGUAGE) VALUES ('frontend', 'OKM-016001', 'Repository internal error', 'bs-BS');
INSERT INTO OKM_TRANSLATION (TR_MODULE, TR_KEY, TR_TEXT, TR_LANGUAGE) VALUES ('frontend', 'OKM-016006', 'Application internal error', 'bs-BS');
INSERT INTO OKM_TRANSLATION (TR_MODULE, TR_KEY, TR_TEXT, TR_LANGUAGE) VALUES ('frontend', 'OKM-016015', 'Document path not found', 'bs-BS');
INSERT INTO OKM_TRANSLATION (TR_MODULE, TR_KEY, TR_TEXT, TR_LANGUAGE) VALUES ('frontend', 'OKM-016024', 'Database error', 'bs-BS');
INSERT INTO OKM_TRANSLATION (TR_MODULE, TR_KEY, TR_TEXT, TR_LANGUAGE) VALUES ('frontend', 'OKM-010015', 'Repository internal error', 'bs-BS');
INSERT INTO OKM_TRANSLATION (TR_MODULE, TR_KEY, TR_TEXT, TR_LANGUAGE) VALUES ('frontend', 'OKM-010009', 'Application internal error', 'bs-BS');
INSERT INTO OKM_TRANSLATION (TR_MODULE, TR_KEY, TR_TEXT, TR_LANGUAGE) VALUES ('frontend', 'OKM-010001', 'Path not exist', 'bs-BS');
INSERT INTO OKM_TRANSLATION (TR_MODULE, TR_KEY, TR_TEXT, TR_LANGUAGE) VALUES ('frontend', 'OKM-010024', 'Database error', 'bs-BS');
INSERT INTO OKM_TRANSLATION (TR_MODULE, TR_KEY, TR_TEXT, TR_LANGUAGE) VALUES ('frontend', 'OKM-010006', 'Access denied', 'bs-BS');
INSERT INTO OKM_TRANSLATION (TR_MODULE, TR_KEY, TR_TEXT, TR_LANGUAGE) VALUES ('frontend', 'OKM-009004', 'Locked', 'bs-BS');
INSERT INTO OKM_TRANSLATION (TR_MODULE, TR_KEY, TR_TEXT, TR_LANGUAGE) VALUES ('frontend', 'OKM-009015', 'Path not exist', 'bs-BS');
INSERT INTO OKM_TRANSLATION (TR_MODULE, TR_KEY, TR_TEXT, TR_LANGUAGE) VALUES ('frontend', 'OKM-009009', 'Access denied', 'bs-BS');
INSERT INTO OKM_TRANSLATION (TR_MODULE, TR_KEY, TR_TEXT, TR_LANGUAGE) VALUES ('frontend', 'OKM-009001', 'Repository internal error', 'bs-BS');
INSERT INTO OKM_TRANSLATION (TR_MODULE, TR_KEY, TR_TEXT, TR_LANGUAGE) VALUES ('frontend', 'OKM-009024', 'Database error', 'bs-BS');
INSERT INTO OKM_TRANSLATION (TR_MODULE, TR_KEY, TR_TEXT, TR_LANGUAGE) VALUES ('frontend', 'OKM-009006', 'Application internal error', 'bs-BS');
INSERT INTO OKM_TRANSLATION (TR_MODULE, TR_KEY, TR_TEXT, TR_LANGUAGE) VALUES ('frontend', 'OKM-009012', 'Group not exists', 'bs-BS');
INSERT INTO OKM_TRANSLATION (TR_MODULE, TR_KEY, TR_TEXT, TR_LANGUAGE) VALUES ('frontend', 'OKM-009014', 'Property not exists', 'bs-BS');
INSERT INTO OKM_TRANSLATION (TR_MODULE, TR_KEY, TR_TEXT, TR_LANGUAGE) VALUES ('frontend', 'OKM-009013', 'Error on I/O', 'bs-BS');
INSERT INTO OKM_TRANSLATION (TR_MODULE, TR_KEY, TR_TEXT, TR_LANGUAGE) VALUES ('frontend', 'OKM-012001', 'Error interno del repositorio', 'bs-BS');
INSERT INTO OKM_TRANSLATION (TR_MODULE, TR_KEY, TR_TEXT, TR_LANGUAGE) VALUES ('frontend', 'OKM-012006', 'Error interno de la aplicacin', 'bs-BS');
INSERT INTO OKM_TRANSLATION (TR_MODULE, TR_KEY, TR_TEXT, TR_LANGUAGE) VALUES ('frontend', 'OKM-012015', 'La ruta del no existe', 'bs-BS');
INSERT INTO OKM_TRANSLATION (TR_MODULE, TR_KEY, TR_TEXT, TR_LANGUAGE) VALUES ('frontend', 'OKM-012024', 'Error en la base de datos', 'bs-BS');
INSERT INTO OKM_TRANSLATION (TR_MODULE, TR_KEY, TR_TEXT, TR_LANGUAGE) VALUES ('frontend', 'OKM-012009', 'No tiene permisos para acceder', 'bs-BS');
INSERT INTO OKM_TRANSLATION (TR_MODULE, TR_KEY, TR_TEXT, TR_LANGUAGE) VALUES ('frontend', 'OKM-019001', 'Repository internal error', 'bs-BS');
INSERT INTO OKM_TRANSLATION (TR_MODULE, TR_KEY, TR_TEXT, TR_LANGUAGE) VALUES ('frontend', 'OKM-019006', 'Application internal error', 'bs-BS');
INSERT INTO OKM_TRANSLATION (TR_MODULE, TR_KEY, TR_TEXT, TR_LANGUAGE) VALUES ('frontend', 'OKM-019024', 'Database error', 'bs-BS');
INSERT INTO OKM_LANGUAGE (LG_ID, LG_NAME, LG_IMAGE_CONTENT, LG_IMAGE_MIME) VALUES ('ca-ES', 'Catal', 'R0lGODlhEAALAIQTAPMAAPkAAP8AAP8LC/8TE/8bG/8jI/8rK/b2K/b2MPb2Mfb2Mvf3OPf3Off3Pfj4Nvf3RPn5PPv7Rf///////////////////////////////////////////////////ywAAAAAEAALAAAFQiAiKkwpSdGTiCIgvANRGEf93o0DsXyPuDAZzXYTLI4sBiK14gVusVntUDQiRUpmDyiIDqnF4yK5VG2hwmlVTNbyQgA7', 'image/gif');
INSERT INTO OKM_TRANSLATION (TR_MODULE, TR_KEY, TR_TEXT, TR_LANGUAGE) VALUES ('frontend', 'general.date.pattern', 'dd/MM/yyyy HH:mm:ss', 'ca-ES');
INSERT INTO OKM_TRANSLATION (TR_MODULE, TR_KEY, TR_TEXT, TR_LANGUAGE) VALUES ('frontend', 'general.day.pattern', 'dd/MM/yyyy', 'ca-ES');
INSERT INTO OKM_TRANSLATION (TR_MODULE, TR_KEY, TR_TEXT, TR_LANGUAGE) VALUES ('frontend', 'general.hour.pattern', 'HH:mm:ss', 'ca-ES');
INSERT INTO OKM_TRANSLATION (TR_MODULE, TR_KEY, TR_TEXT, TR_LANGUAGE) VALUES ('frontend', 'startup.openkm', 'Carregant OpenKM', 'ca-ES');
INSERT INTO OKM_TRANSLATION (TR_MODULE, TR_KEY, TR_TEXT, TR_LANGUAGE) VALUES ('frontend', 'startup.starting.loading', 'Comenant a carregar OpenKM', 'ca-ES');
INSERT INTO OKM_TRANSLATION (TR_MODULE, TR_KEY, TR_TEXT, TR_LANGUAGE) VALUES ('frontend', 'startup.taxonomy', 'Obtenint el node principal de la taxonomia', 'ca-ES');
INSERT INTO OKM_TRANSLATION (TR_MODULE, TR_KEY, TR_TEXT, TR_LANGUAGE) VALUES ('frontend', 'startup.categories', 'Obtenint el node principal de les categories', 'ca-ES');
INSERT INTO OKM_TRANSLATION (TR_MODULE, TR_KEY, TR_TEXT, TR_LANGUAGE) VALUES ('frontend', 'startup.thesaurus', 'Obtenint el node principal del thesaurus', 'ca-ES');
INSERT INTO OKM_TRANSLATION (TR_MODULE, TR_KEY, TR_TEXT, TR_LANGUAGE) VALUES ('frontend', 'startup.template', 'Obtenint el node principal de les plantilles', 'ca-ES');
INSERT INTO OKM_TRANSLATION (TR_MODULE, TR_KEY, TR_TEXT, TR_LANGUAGE) VALUES ('frontend', 'startup.personal', 'Obtenint el node principal del personal', 'ca-ES');
INSERT INTO OKM_TRANSLATION (TR_MODULE, TR_KEY, TR_TEXT, TR_LANGUAGE) VALUES ('frontend', 'startup.mail', 'Obtenint el node principal del correu electrnic', 'ca-ES');
INSERT INTO OKM_TRANSLATION (TR_MODULE, TR_KEY, TR_TEXT, TR_LANGUAGE) VALUES ('frontend', 'startup.trash', 'Obtenint el node principal de la paperera', 'ca-ES');
INSERT INTO OKM_TRANSLATION (TR_MODULE, TR_KEY, TR_TEXT, TR_LANGUAGE) VALUES ('frontend', 'startup.user.home', 'Obtenint l''inici de l''usuari', 'ca-ES');
INSERT INTO OKM_TRANSLATION (TR_MODULE, TR_KEY, TR_TEXT, TR_LANGUAGE) VALUES ('frontend', 'startup.bookmarks', 'Obtenint enllaos', 'ca-ES');
INSERT INTO OKM_TRANSLATION (TR_MODULE, TR_KEY, TR_TEXT, TR_LANGUAGE) VALUES ('frontend', 'startup.loading.taxonomy', 'Carregant la taxonomia', 'ca-ES');
INSERT INTO OKM_TRANSLATION (TR_MODULE, TR_KEY, TR_TEXT, TR_LANGUAGE) VALUES ('frontend', 'startup.loading.taxonomy.getting.folders', 'Carregant la taxonomia - obtenint carpetes', 'ca-ES');
INSERT INTO OKM_TRANSLATION (TR_MODULE, TR_KEY, TR_TEXT, TR_LANGUAGE) VALUES ('frontend', 'startup.loading.taxonomy.eval.params', 'Carregant la taxonomia - avaluant pas de parametres', 'ca-ES');
INSERT INTO OKM_TRANSLATION (TR_MODULE, TR_KEY, TR_TEXT, TR_LANGUAGE) VALUES ('frontend', 'startup.loading.taxonomy.open.path', 'Carregant la taxonomia - obrint la ruta', 'ca-ES');
INSERT INTO OKM_TRANSLATION (TR_MODULE, TR_KEY, TR_TEXT, TR_LANGUAGE) VALUES ('frontend', 'startup.loading.taxonomy.getting.filebrowser.folders', 'Carregant la taxonomia - obtenint carpetes', 'ca-ES');
INSERT INTO OKM_TRANSLATION (TR_MODULE, TR_KEY, TR_TEXT, TR_LANGUAGE) VALUES ('frontend', 'startup.loading.taxonomy.getting.filebrowser.documents', 'Carregant la taxonomia - obtenint documents', 'ca-ES');
INSERT INTO OKM_TRANSLATION (TR_MODULE, TR_KEY, TR_TEXT, TR_LANGUAGE) VALUES ('frontend', 'startup.loading.taxonomy.getting.filebrowser.mails', 'Carregant la taxonomia - obtenint correus electrnics', 'ca-ES');
INSERT INTO OKM_TRANSLATION (TR_MODULE, TR_KEY, TR_TEXT, TR_LANGUAGE) VALUES ('frontend', 'startup.loading.personal', 'Carregant personals', 'ca-ES');
INSERT INTO OKM_TRANSLATION (TR_MODULE, TR_KEY, TR_TEXT, TR_LANGUAGE) VALUES ('frontend', 'startup.loading.mail', 'Carregant e-mails', 'ca-ES');
INSERT INTO OKM_TRANSLATION (TR_MODULE, TR_KEY, TR_TEXT, TR_LANGUAGE) VALUES ('frontend', 'startup.loading.categories', 'Carregant categories', 'ca-ES');
INSERT INTO OKM_TRANSLATION (TR_MODULE, TR_KEY, TR_TEXT, TR_LANGUAGE) VALUES ('frontend', 'startup.loading.thesaurus', 'Carregant thesaurus', 'ca-ES');
INSERT INTO OKM_TRANSLATION (TR_MODULE, TR_KEY, TR_TEXT, TR_LANGUAGE) VALUES ('frontend', 'startup.loading.templates', 'Carregant plantilles', 'ca-ES');
INSERT INTO OKM_TRANSLATION (TR_MODULE, TR_KEY, TR_TEXT, TR_LANGUAGE) VALUES ('frontend', 'startup.loading.trash', 'Carregant paperera', 'ca-ES');
INSERT INTO OKM_TRANSLATION (TR_MODULE, TR_KEY, TR_TEXT, TR_LANGUAGE) VALUES ('frontend', 'startup.loading.history.search', 'Carregant histric de cerques', 'ca-ES');
INSERT INTO OKM_TRANSLATION (TR_MODULE, TR_KEY, TR_TEXT, TR_LANGUAGE) VALUES ('frontend', 'startup.loading.user.values', 'Carregant dades de l''usuari', 'ca-ES');
INSERT INTO OKM_TRANSLATION (TR_MODULE, TR_KEY, TR_TEXT, TR_LANGUAGE) VALUES ('frontend', 'startup.keep.alive', 'Carregant keep alive', 'ca-ES');
INSERT INTO OKM_TRANSLATION (TR_MODULE, TR_KEY, TR_TEXT, TR_LANGUAGE) VALUES ('frontend', 'openkm.update.available', 'Actualitzaci disponible de OpenKM', 'ca-ES');
INSERT INTO OKM_TRANSLATION (TR_MODULE, TR_KEY, TR_TEXT, TR_LANGUAGE) VALUES ('frontend', 'leftpanel.label.taxonomy', 'Taxonomia', 'ca-ES');
INSERT INTO OKM_TRANSLATION (TR_MODULE, TR_KEY, TR_TEXT, TR_LANGUAGE) VALUES ('frontend', 'leftpanel.label.trash', 'Paperera', 'ca-ES');
INSERT INTO OKM_TRANSLATION (TR_MODULE, TR_KEY, TR_TEXT, TR_LANGUAGE) VALUES ('frontend', 'leftpanel.label.mail', 'Correu electrnic', 'ca-ES');
INSERT INTO OKM_TRANSLATION (TR_MODULE, TR_KEY, TR_TEXT, TR_LANGUAGE) VALUES ('frontend', 'leftpanel.label.stored.search', 'Cerques emmagatzemades', 'ca-ES');
INSERT INTO OKM_TRANSLATION (TR_MODULE, TR_KEY, TR_TEXT, TR_LANGUAGE) VALUES ('frontend', 'leftpanel.label.categories', 'Categories', 'ca-ES');
INSERT INTO OKM_TRANSLATION (TR_MODULE, TR_KEY, TR_TEXT, TR_LANGUAGE) VALUES ('frontend', 'leftpanel.label.thesaurus', 'Thesaurus', 'ca-ES');
INSERT INTO OKM_TRANSLATION (TR_MODULE, TR_KEY, TR_TEXT, TR_LANGUAGE) VALUES ('frontend', 'leftpanel.label.templates', 'Plantilles', 'ca-ES');
INSERT INTO OKM_TRANSLATION (TR_MODULE, TR_KEY, TR_TEXT, TR_LANGUAGE) VALUES ('frontend', 'leftpanel.label.my.documents', 'Documents personals', 'ca-ES');
INSERT INTO OKM_TRANSLATION (TR_MODULE, TR_KEY, TR_TEXT, TR_LANGUAGE) VALUES ('frontend', 'leftpanel.label.user.search', 'Novetats d''usuari', 'ca-ES');
INSERT INTO OKM_TRANSLATION (TR_MODULE, TR_KEY, TR_TEXT, TR_LANGUAGE) VALUES ('frontend', 'leftpanel.label.all.repository', 'En tot el repositori', 'ca-ES');
INSERT INTO OKM_TRANSLATION (TR_MODULE, TR_KEY, TR_TEXT, TR_LANGUAGE) VALUES ('frontend', 'tree.menu.directory.create', 'Crea una carpeta', 'ca-ES');
INSERT INTO OKM_TRANSLATION (TR_MODULE, TR_KEY, TR_TEXT, TR_LANGUAGE) VALUES ('frontend', 'tree.menu.directory.remove', 'Elimina', 'ca-ES');
INSERT INTO OKM_TRANSLATION (TR_MODULE, TR_KEY, TR_TEXT, TR_LANGUAGE) VALUES ('frontend', 'tree.menu.directory.rename', 'Renombra', 'ca-ES');
INSERT INTO OKM_TRANSLATION (TR_MODULE, TR_KEY, TR_TEXT, TR_LANGUAGE) VALUES ('frontend', 'tree.menu.directory.refresh', 'Refresca', 'ca-ES');
INSERT INTO OKM_TRANSLATION (TR_MODULE, TR_KEY, TR_TEXT, TR_LANGUAGE) VALUES ('frontend', 'tree.menu.directory.move', 'Mou', 'ca-ES');
INSERT INTO OKM_TRANSLATION (TR_MODULE, TR_KEY, TR_TEXT, TR_LANGUAGE) VALUES ('frontend', 'tree.menu.directory.copy', 'Copia', 'ca-ES');
INSERT INTO OKM_TRANSLATION (TR_MODULE, TR_KEY, TR_TEXT, TR_LANGUAGE) VALUES ('frontend', 'tree.menu.directory.add.document', 'Afegeix un fitxer', 'ca-ES');
INSERT INTO OKM_TRANSLATION (TR_MODULE, TR_KEY, TR_TEXT, TR_LANGUAGE) VALUES ('frontend', 'tree.menu.add.bookmark', 'Afegeix un enlla', 'ca-ES');
INSERT INTO OKM_TRANSLATION (TR_MODULE, TR_KEY, TR_TEXT, TR_LANGUAGE) VALUES ('frontend', 'tree.menu.set.home', 'Estableix inici', 'ca-ES');
INSERT INTO OKM_TRANSLATION (TR_MODULE, TR_KEY, TR_TEXT, TR_LANGUAGE) VALUES ('frontend', 'tree.menu.export', 'Exporta a un fitxer', 'ca-ES');
INSERT INTO OKM_TRANSLATION (TR_MODULE, TR_KEY, TR_TEXT, TR_LANGUAGE) VALUES ('frontend', 'tree.status.refresh.folder', 'S''est refrescant l''arbre de carpetes', 'ca-ES');
INSERT INTO OKM_TRANSLATION (TR_MODULE, TR_KEY, TR_TEXT, TR_LANGUAGE) VALUES ('frontend', 'tree.status.refresh.create', 'S''est creant la carpeta', 'ca-ES');
INSERT INTO OKM_TRANSLATION (TR_MODULE, TR_KEY, TR_TEXT, TR_LANGUAGE) VALUES ('frontend', 'tree.status.refresh.delete', 'S''est eliminant la carpeta', 'ca-ES');
INSERT INTO OKM_TRANSLATION (TR_MODULE, TR_KEY, TR_TEXT, TR_LANGUAGE) VALUES ('frontend', 'tree.status.refresh.rename', 'S''est renombrant la carpeta', 'ca-ES');
INSERT INTO OKM_TRANSLATION (TR_MODULE, TR_KEY, TR_TEXT, TR_LANGUAGE) VALUES ('frontend', 'tree.status.refresh.restore', 'S''est restaurant la carpeta', 'ca-ES');
INSERT INTO OKM_TRANSLATION (TR_MODULE, TR_KEY, TR_TEXT, TR_LANGUAGE) VALUES ('frontend', 'tree.status.refresh.purge', 'S''est eliminant la carpeta', 'ca-ES');
INSERT INTO OKM_TRANSLATION (TR_MODULE, TR_KEY, TR_TEXT, TR_LANGUAGE) VALUES ('frontend', 'tree.status.refresh.get', 'S''est refrescant la carpeta', 'ca-ES');
INSERT INTO OKM_TRANSLATION (TR_MODULE, TR_KEY, TR_TEXT, TR_LANGUAGE) VALUES ('frontend', 'tree.folder.new', 'Nova carpeta', 'ca-ES');
INSERT INTO OKM_TRANSLATION (TR_MODULE, TR_KEY, TR_TEXT, TR_LANGUAGE) VALUES ('frontend', 'tree.status.refresh.add.subscription', 'S''est afegint la subscripci', 'ca-ES');
INSERT INTO OKM_TRANSLATION (TR_MODULE, TR_KEY, TR_TEXT, TR_LANGUAGE) VALUES ('frontend', 'tree.status.refresh.remove.subscription', 'S''est eliminant la subscripci', 'ca-ES');
INSERT INTO OKM_TRANSLATION (TR_MODULE, TR_KEY, TR_TEXT, TR_LANGUAGE) VALUES ('frontend', 'tree.status.refresh.get.root', 'S''est refrescant la carpeta inicial', 'ca-ES');
INSERT INTO OKM_TRANSLATION (TR_MODULE, TR_KEY, TR_TEXT, TR_LANGUAGE) VALUES ('frontend', 'tree.status.refresh.get.keywords', 'S''estan refrescant les paraules clau', 'ca-ES');
INSERT INTO OKM_TRANSLATION (TR_MODULE, TR_KEY, TR_TEXT, TR_LANGUAGE) VALUES ('frontend', 'tree.status.refresh.get.user.home', 'S''est obtenint l''inici de l''usuari', 'ca-ES');
INSERT INTO OKM_TRANSLATION (TR_MODULE, TR_KEY, TR_TEXT, TR_LANGUAGE) VALUES ('frontend', 'tree.status.refresh.purge.trash', 'S''est buidant la paperera', 'ca-ES');
INSERT INTO OKM_TRANSLATION (TR_MODULE, TR_KEY, TR_TEXT, TR_LANGUAGE) VALUES ('frontend', 'tree.menu.directory.find.folder', 'Cercar carpeta', 'ca-ES');
INSERT INTO OKM_TRANSLATION (TR_MODULE, TR_KEY, TR_TEXT, TR_LANGUAGE) VALUES ('frontend', 'trash.menu.directory.restore', 'Restaura', 'ca-ES');
INSERT INTO OKM_TRANSLATION (TR_MODULE, TR_KEY, TR_TEXT, TR_LANGUAGE) VALUES ('frontend', 'trash.menu.directory.purge', 'Elimina', 'ca-ES');
INSERT INTO OKM_TRANSLATION (TR_MODULE, TR_KEY, TR_TEXT, TR_LANGUAGE) VALUES ('frontend', 'trash.menu.directory.purge.trash', 'Buida la paperera', 'ca-ES');
INSERT INTO OKM_TRANSLATION (TR_MODULE, TR_KEY, TR_TEXT, TR_LANGUAGE) VALUES ('frontend', 'trash.directory.select.label', 'Seleccioneu la carpeta dest', 'ca-ES');
INSERT INTO OKM_TRANSLATION (TR_MODULE, TR_KEY, TR_TEXT, TR_LANGUAGE) VALUES ('frontend', 'general.menu.file', 'Fitxer', 'ca-ES');
INSERT INTO OKM_TRANSLATION (TR_MODULE, TR_KEY, TR_TEXT, TR_LANGUAGE) VALUES ('frontend', 'general.menu.file.exit', 'Surt', 'ca-ES');
INSERT INTO OKM_TRANSLATION (TR_MODULE, TR_KEY, TR_TEXT, TR_LANGUAGE) VALUES ('frontend', 'general.menu.file.purge.trash', 'Buida paperera', 'ca-ES');
INSERT INTO OKM_TRANSLATION (TR_MODULE, TR_KEY, TR_TEXT, TR_LANGUAGE) VALUES ('frontend', 'general.menu.edit', 'Edici', 'ca-ES');
INSERT INTO OKM_TRANSLATION (TR_MODULE, TR_KEY, TR_TEXT, TR_LANGUAGE) VALUES ('frontend', 'general.menu.file.create.directory', 'Crea una carpeta', 'ca-ES');
INSERT INTO OKM_TRANSLATION (TR_MODULE, TR_KEY, TR_TEXT, TR_LANGUAGE) VALUES ('frontend', 'general.menu.file.download.document', 'Descarrega document', 'ca-ES');
INSERT INTO OKM_TRANSLATION (TR_MODULE, TR_KEY, TR_TEXT, TR_LANGUAGE) VALUES ('frontend', 'general.menu.file.download.document.pdf', 'Descarrega document com PDF', 'ca-ES');
INSERT INTO OKM_TRANSLATION (TR_MODULE, TR_KEY, TR_TEXT, TR_LANGUAGE) VALUES ('frontend', 'general.menu.file.send.link', 'Enviar enlla del document', 'ca-ES');
INSERT INTO OKM_TRANSLATION (TR_MODULE, TR_KEY, TR_TEXT, TR_LANGUAGE) VALUES ('frontend', 'general.menu.file.send.attachment', 'Enviar documento adjunto', 'ca-ES');
INSERT INTO OKM_TRANSLATION (TR_MODULE, TR_KEY, TR_TEXT, TR_LANGUAGE) VALUES ('frontend', 'general.menu.file.lock', 'Bloqueja', 'ca-ES');
INSERT INTO OKM_TRANSLATION (TR_MODULE, TR_KEY, TR_TEXT, TR_LANGUAGE) VALUES ('frontend', 'general.menu.file.unlock', 'Desbloqueja', 'ca-ES');
INSERT INTO OKM_TRANSLATION (TR_MODULE, TR_KEY, TR_TEXT, TR_LANGUAGE) VALUES ('frontend', 'general.menu.file.add.document', 'Afegeix un fitxer', 'ca-ES');
INSERT INTO OKM_TRANSLATION (TR_MODULE, TR_KEY, TR_TEXT, TR_LANGUAGE) VALUES ('frontend', 'general.menu.file.checkout', 'Checkout', 'ca-ES');
INSERT INTO OKM_TRANSLATION (TR_MODULE, TR_KEY, TR_TEXT, TR_LANGUAGE) VALUES ('frontend', 'general.menu.file.checkin', 'Checkin', 'ca-ES');
INSERT INTO OKM_TRANSLATION (TR_MODULE, TR_KEY, TR_TEXT, TR_LANGUAGE) VALUES ('frontend', 'general.menu.file.cancel.checkout', 'Cancella checkout', 'ca-ES');
INSERT INTO OKM_TRANSLATION (TR_MODULE, TR_KEY, TR_TEXT, TR_LANGUAGE) VALUES ('frontend', 'general.menu.file.delete', 'Elimina', 'ca-ES');
INSERT INTO OKM_TRANSLATION (TR_MODULE, TR_KEY, TR_TEXT, TR_LANGUAGE) VALUES ('frontend', 'general.menu.file.refresh', 'Refresca', 'ca-ES');
INSERT INTO OKM_TRANSLATION (TR_MODULE, TR_KEY, TR_TEXT, TR_LANGUAGE) VALUES ('frontend', 'general.menu.file.scanner', 'Scanner', 'ca-ES');
INSERT INTO OKM_TRANSLATION (TR_MODULE, TR_KEY, TR_TEXT, TR_LANGUAGE) VALUES ('frontend', 'general.menu.file.uploader', 'Inserci de documents', 'ca-ES');
INSERT INTO OKM_TRANSLATION (TR_MODULE, TR_KEY, TR_TEXT, TR_LANGUAGE) VALUES ('frontend', 'general.menu.tools', 'Eines', 'ca-ES');
INSERT INTO OKM_TRANSLATION (TR_MODULE, TR_KEY, TR_TEXT, TR_LANGUAGE) VALUES ('frontend', 'general.menu.tools.languages', 'Idiomes', 'ca-ES');
INSERT INTO OKM_TRANSLATION (TR_MODULE, TR_KEY, TR_TEXT, TR_LANGUAGE) VALUES ('frontend', 'general.menu.tools.skin', 'Aparena', 'ca-ES');
INSERT INTO OKM_TRANSLATION (TR_MODULE, TR_KEY, TR_TEXT, TR_LANGUAGE) VALUES ('frontend', 'general.menu.tools.skin.default', 'Per defecte', 'ca-ES');
INSERT INTO OKM_TRANSLATION (TR_MODULE, TR_KEY, TR_TEXT, TR_LANGUAGE) VALUES ('frontend', 'general.menu.tools.skin.default2', 'Per defecte 2', 'ca-ES');
INSERT INTO OKM_TRANSLATION (TR_MODULE, TR_KEY, TR_TEXT, TR_LANGUAGE) VALUES ('frontend', 'general.menu.tools.skin.mediumfont', 'Font mitjana', 'ca-ES');
INSERT INTO OKM_TRANSLATION (TR_MODULE, TR_KEY, TR_TEXT, TR_LANGUAGE) VALUES ('frontend', 'general.menu.tools.skin.bigfont', 'Font gran', 'ca-ES');
INSERT INTO OKM_TRANSLATION (TR_MODULE, TR_KEY, TR_TEXT, TR_LANGUAGE) VALUES ('frontend', 'general.menu.debug.console', 'Consola de depuraci', 'ca-ES');
INSERT INTO OKM_TRANSLATION (TR_MODULE, TR_KEY, TR_TEXT, TR_LANGUAGE) VALUES ('frontend', 'general.menu.administration', 'Mostra administraci', 'ca-ES');
INSERT INTO OKM_TRANSLATION (TR_MODULE, TR_KEY, TR_TEXT, TR_LANGUAGE) VALUES ('frontend', 'general.menu.tools.preferences', 'Preferncies', 'ca-ES');
INSERT INTO OKM_TRANSLATION (TR_MODULE, TR_KEY, TR_TEXT, TR_LANGUAGE) VALUES ('frontend', 'general.menu.tools.user.preferences', 'Configuraci de l''usuari', 'ca-ES');
INSERT INTO OKM_TRANSLATION (TR_MODULE, TR_KEY, TR_TEXT, TR_LANGUAGE) VALUES ('frontend', 'general.menu.bookmark', 'Enllaos d''inters', 'ca-ES');
INSERT INTO OKM_TRANSLATION (TR_MODULE, TR_KEY, TR_TEXT, TR_LANGUAGE) VALUES ('frontend', 'general.menu.bookmark.home', 'Inici', 'ca-ES');
INSERT INTO OKM_TRANSLATION (TR_MODULE, TR_KEY, TR_TEXT, TR_LANGUAGE) VALUES ('frontend', 'general.menu.bookmark.default.home', 'Estableix inici per defecte', 'ca-ES');
INSERT INTO OKM_TRANSLATION (TR_MODULE, TR_KEY, TR_TEXT, TR_LANGUAGE) VALUES ('frontend', 'general.menu.bookmark.edit', 'Editar adreces d''inters', 'ca-ES');
INSERT INTO OKM_TRANSLATION (TR_MODULE, TR_KEY, TR_TEXT, TR_LANGUAGE) VALUES ('frontend', 'general.menu.help', 'Ajuda', 'ca-ES');
INSERT INTO OKM_TRANSLATION (TR_MODULE, TR_KEY, TR_TEXT, TR_LANGUAGE) VALUES ('frontend', 'general.menu.bug.report', 'Report de bugs', 'ca-ES');
INSERT INTO OKM_TRANSLATION (TR_MODULE, TR_KEY, TR_TEXT, TR_LANGUAGE) VALUES ('frontend', 'general.menu.support.request', 'Sollicitud d''ajuda', 'ca-ES');
INSERT INTO OKM_TRANSLATION (TR_MODULE, TR_KEY, TR_TEXT, TR_LANGUAGE) VALUES ('frontend', 'general.menu.public.forum', 'Frum pblic', 'ca-ES');
INSERT INTO OKM_TRANSLATION (TR_MODULE, TR_KEY, TR_TEXT, TR_LANGUAGE) VALUES ('frontend', 'general.menu.project.web', 'Web del projecte', 'ca-ES');
INSERT INTO OKM_TRANSLATION (TR_MODULE, TR_KEY, TR_TEXT, TR_LANGUAGE) VALUES ('frontend', 'general.menu.version.changes', 'Notes de la versi', 'ca-ES');
INSERT INTO OKM_TRANSLATION (TR_MODULE, TR_KEY, TR_TEXT, TR_LANGUAGE) VALUES ('frontend', 'general.menu.documentation', 'Documentaci', 'ca-ES');
INSERT INTO OKM_TRANSLATION (TR_MODULE, TR_KEY, TR_TEXT, TR_LANGUAGE) VALUES ('frontend', 'general.menu.about', 'Sobre OpenKM', 'ca-ES');
INSERT INTO OKM_TRANSLATION (TR_MODULE, TR_KEY, TR_TEXT, TR_LANGUAGE) VALUES ('frontend', 'general.connected', 'Connectat com a', 'ca-ES');
INSERT INTO OKM_TRANSLATION (TR_MODULE, TR_KEY, TR_TEXT, TR_LANGUAGE) VALUES ('frontend', 'filebrowser.name', 'Nom', 'ca-ES');
INSERT INTO OKM_TRANSLATION (TR_MODULE, TR_KEY, TR_TEXT, TR_LANGUAGE) VALUES ('frontend', 'filebrowser.date.update', 'Data de modificaci', 'ca-ES');
INSERT INTO OKM_TRANSLATION (TR_MODULE, TR_KEY, TR_TEXT, TR_LANGUAGE) VALUES ('frontend', 'filebrowser.size', 'Grandria', 'ca-ES');
INSERT INTO OKM_TRANSLATION (TR_MODULE, TR_KEY, TR_TEXT, TR_LANGUAGE) VALUES ('frontend', 'filebrowser.path', 'Ruta', 'ca-ES');
INSERT INTO OKM_TRANSLATION (TR_MODULE, TR_KEY, TR_TEXT, TR_LANGUAGE) VALUES ('frontend', 'filebrowser.author', 'Autor', 'ca-ES');
INSERT INTO OKM_TRANSLATION (TR_MODULE, TR_KEY, TR_TEXT, TR_LANGUAGE) VALUES ('frontend', 'filebrowser.version', 'Versi', 'ca-ES');
INSERT INTO OKM_TRANSLATION (TR_MODULE, TR_KEY, TR_TEXT, TR_LANGUAGE) VALUES ('frontend', 'filebrowser.menu.checkout', 'Check-out', 'ca-ES');
INSERT INTO OKM_TRANSLATION (TR_MODULE, TR_KEY, TR_TEXT, TR_LANGUAGE) VALUES ('frontend', 'filebrowser.menu.checkin', 'Check-in', 'ca-ES');
INSERT INTO OKM_TRANSLATION (TR_MODULE, TR_KEY, TR_TEXT, TR_LANGUAGE) VALUES ('frontend', 'filebrowser.menu.delete', 'Elimina', 'ca-ES');
INSERT INTO OKM_TRANSLATION (TR_MODULE, TR_KEY, TR_TEXT, TR_LANGUAGE) VALUES ('frontend', 'filebrowser.menu.rename', 'Renombra', 'ca-ES');
INSERT INTO OKM_TRANSLATION (TR_MODULE, TR_KEY, TR_TEXT, TR_LANGUAGE) VALUES ('frontend', 'filebrowser.menu.checkout.cancel', 'Cancela check-out', 'ca-ES');
INSERT INTO OKM_TRANSLATION (TR_MODULE, TR_KEY, TR_TEXT, TR_LANGUAGE) VALUES ('frontend', 'filebrowser.menu.lock', 'Bloqueja', 'ca-ES');
INSERT INTO OKM_TRANSLATION (TR_MODULE, TR_KEY, TR_TEXT, TR_LANGUAGE) VALUES ('frontend', 'filebrowser.menu.unlock', 'Desbloqueja', 'ca-ES');
INSERT INTO OKM_TRANSLATION (TR_MODULE, TR_KEY, TR_TEXT, TR_LANGUAGE) VALUES ('frontend', 'filebrowser.menu.download', 'Descarrega', 'ca-ES');
INSERT INTO OKM_TRANSLATION (TR_MODULE, TR_KEY, TR_TEXT, TR_LANGUAGE) VALUES ('frontend', 'filebrowser.menu.move', 'Mou', 'ca-ES');
INSERT INTO OKM_TRANSLATION (TR_MODULE, TR_KEY, TR_TEXT, TR_LANGUAGE) VALUES ('frontend', 'filebrowser.menu.copy', 'Copia', 'ca-ES');
INSERT INTO OKM_TRANSLATION (TR_MODULE, TR_KEY, TR_TEXT, TR_LANGUAGE) VALUES ('frontend', 'filebrowser.menu.create.from.template', 'Crea des de la plantilla', 'ca-ES');
INSERT INTO OKM_TRANSLATION (TR_MODULE, TR_KEY, TR_TEXT, TR_LANGUAGE) VALUES ('frontend', 'filebrowser.menu.add.property.group', 'Afegeix grup de propietats', 'ca-ES');
INSERT INTO OKM_TRANSLATION (TR_MODULE, TR_KEY, TR_TEXT, TR_LANGUAGE) VALUES ('frontend', 'filebrowser.menu.remove.property.group', 'Elimina grup de propietats', 'ca-ES');
INSERT INTO OKM_TRANSLATION (TR_MODULE, TR_KEY, TR_TEXT, TR_LANGUAGE) VALUES ('frontend', 'filebrowser.menu.start.workflow', 'Iniciar workflow', 'ca-ES');
INSERT INTO OKM_TRANSLATION (TR_MODULE, TR_KEY, TR_TEXT, TR_LANGUAGE) VALUES ('frontend', 'filebrowser.menu.add.subscription', 'Afegeix subscripci', 'ca-ES');
INSERT INTO OKM_TRANSLATION (TR_MODULE, TR_KEY, TR_TEXT, TR_LANGUAGE) VALUES ('frontend', 'filebrowser.menu.remove.subscription', 'Elimina subscripci', 'ca-ES');
INSERT INTO OKM_TRANSLATION (TR_MODULE, TR_KEY, TR_TEXT, TR_LANGUAGE) VALUES ('frontend', 'filebrowser.menu.add.bookmark', 'Afegeix un enlla', 'ca-ES');
INSERT INTO OKM_TRANSLATION (TR_MODULE, TR_KEY, TR_TEXT, TR_LANGUAGE) VALUES ('frontend', 'filebrowser.menu.set.home', 'Estableix com a inici', 'ca-ES');
INSERT INTO OKM_TRANSLATION (TR_MODULE, TR_KEY, TR_TEXT, TR_LANGUAGE) VALUES ('frontend', 'filebrowser.menu.refresh', 'Refresca', 'ca-ES');
INSERT INTO OKM_TRANSLATION (TR_MODULE, TR_KEY, TR_TEXT, TR_LANGUAGE) VALUES ('frontend', 'filebrowser.menu.export', 'Exporta a un ZIP', 'ca-ES');
INSERT INTO OKM_TRANSLATION (TR_MODULE, TR_KEY, TR_TEXT, TR_LANGUAGE) VALUES ('frontend', 'filebrowser.menu.play', 'Reproduir', 'ca-ES');
INSERT INTO OKM_TRANSLATION (TR_MODULE, TR_KEY, TR_TEXT, TR_LANGUAGE) VALUES ('frontend', 'filebrowser.menu.image.viewer', 'Visor d''imatges', 'ca-ES');
INSERT INTO OKM_TRANSLATION (TR_MODULE, TR_KEY, TR_TEXT, TR_LANGUAGE) VALUES ('frontend', 'filebrowser.status.refresh.folder', 'S''est refrescant la llista carpetas', 'ca-ES');
INSERT INTO OKM_TRANSLATION (TR_MODULE, TR_KEY, TR_TEXT, TR_LANGUAGE) VALUES ('frontend', 'filebrowser.status.refresh.document', 'S''est refrescant la llista de documents', 'ca-ES');
INSERT INTO OKM_TRANSLATION (TR_MODULE, TR_KEY, TR_TEXT, TR_LANGUAGE) VALUES ('frontend', 'filebrowser.status.refresh.mail', 'S''est refrescant la llista de correus electrnics', 'ca-ES');
INSERT INTO OKM_TRANSLATION (TR_MODULE, TR_KEY, TR_TEXT, TR_LANGUAGE) VALUES ('frontend', 'filebrowser.status.refresh.delete.folder', 'S''est eliminant la carpeta', 'ca-ES');
INSERT INTO OKM_TRANSLATION (TR_MODULE, TR_KEY, TR_TEXT, TR_LANGUAGE) VALUES ('frontend', 'filebrowser.status.refresh.delete.document', 'Eliminant', 'ca-ES');
INSERT INTO OKM_TRANSLATION (TR_MODULE, TR_KEY, TR_TEXT, TR_LANGUAGE) VALUES ('frontend', 'filebrowser.status.refresh.checkout', 'Efectuant checkout', 'ca-ES');
INSERT INTO OKM_TRANSLATION (TR_MODULE, TR_KEY, TR_TEXT, TR_LANGUAGE) VALUES ('frontend', 'filebrowser.status.refresh.lock', 'S''est efectuant el bloqueig', 'ca-ES');
INSERT INTO OKM_TRANSLATION (TR_MODULE, TR_KEY, TR_TEXT, TR_LANGUAGE) VALUES ('frontend', 'filebrowser.status.refresh.unlock', 'S''est eliminant el bloqueig', 'ca-ES');
INSERT INTO OKM_TRANSLATION (TR_MODULE, TR_KEY, TR_TEXT, TR_LANGUAGE) VALUES ('frontend', 'filebrowser.status.refresh.document.rename', 'S''est renombrant el document', 'ca-ES');
INSERT INTO OKM_TRANSLATION (TR_MODULE, TR_KEY, TR_TEXT, TR_LANGUAGE) VALUES ('frontend', 'filebrowser.status.refresh.folder.rename', 'S''est renombrant la carpeta', 'ca-ES');
INSERT INTO OKM_TRANSLATION (TR_MODULE, TR_KEY, TR_TEXT, TR_LANGUAGE) VALUES ('frontend', 'filebrowser.status.refresh.document.purge', 'S''est eliminant el document', 'ca-ES');
INSERT INTO OKM_TRANSLATION (TR_MODULE, TR_KEY, TR_TEXT, TR_LANGUAGE) VALUES ('frontend', 'filebrowser.status.refresh.folder.purge', 'S''est eliminant la carpeta', 'ca-ES');
INSERT INTO OKM_TRANSLATION (TR_MODULE, TR_KEY, TR_TEXT, TR_LANGUAGE) VALUES ('frontend', 'filebrowser.status.refresh.folder.get', 'S''est refrescant la carpeta', 'ca-ES');
INSERT INTO OKM_TRANSLATION (TR_MODULE, TR_KEY, TR_TEXT, TR_LANGUAGE) VALUES ('frontend', 'filebrowser.status.refresh.document.get', 'S''est refrescant el document', 'ca-ES');
INSERT INTO OKM_TRANSLATION (TR_MODULE, TR_KEY, TR_TEXT, TR_LANGUAGE) VALUES ('frontend', 'filebrowser.status.refresh.add.subscription', 'S''est afegint la subscripci', 'ca-ES');
INSERT INTO OKM_TRANSLATION (TR_MODULE, TR_KEY, TR_TEXT, TR_LANGUAGE) VALUES ('frontend', 'filebrowser.status.refresh.remove.subscription', 'S''est eliminant la subscripci', 'ca-ES');
INSERT INTO OKM_TRANSLATION (TR_MODULE, TR_KEY, TR_TEXT, TR_LANGUAGE) VALUES ('frontend', 'filebrowser.status.refresh.get.user.home', 'S''est obtenint l''inici', 'ca-ES');
INSERT INTO OKM_TRANSLATION (TR_MODULE, TR_KEY, TR_TEXT, TR_LANGUAGE) VALUES ('frontend', 'filebrowser.status.refresh.delete.mail', 'Eliminant', 'ca-ES');
INSERT INTO OKM_TRANSLATION (TR_MODULE, TR_KEY, TR_TEXT, TR_LANGUAGE) VALUES ('frontend', 'filebrowser.status.refresh.mail.purge', 'S''est eliminant el correu electrnic', 'ca-ES');
INSERT INTO OKM_TRANSLATION (TR_MODULE, TR_KEY, TR_TEXT, TR_LANGUAGE) VALUES ('frontend', 'fileupload.send', 'Envia', 'ca-ES');
INSERT INTO OKM_TRANSLATION (TR_MODULE, TR_KEY, TR_TEXT, TR_LANGUAGE) VALUES ('frontend', 'fileupload.status.sending', 'S''est enviant el fitxer...', 'ca-ES');
INSERT INTO OKM_TRANSLATION (TR_MODULE, TR_KEY, TR_TEXT, TR_LANGUAGE) VALUES ('frontend', 'fileupload.status.indexing', 'S''est indexant el fitxer...', 'ca-ES');
INSERT INTO OKM_TRANSLATION (TR_MODULE, TR_KEY, TR_TEXT, TR_LANGUAGE) VALUES ('frontend', 'fileupload.status.ok', 'El fitxer s''ha enviat correctament', 'ca-ES');
INSERT INTO OKM_TRANSLATION (TR_MODULE, TR_KEY, TR_TEXT, TR_LANGUAGE) VALUES ('frontend', 'fileupload.upload.status', 'Estat enviament', 'ca-ES');
INSERT INTO OKM_TRANSLATION (TR_MODULE, TR_KEY, TR_TEXT, TR_LANGUAGE) VALUES ('frontend', 'fileupload.upload.uploaded', 'Completat', 'ca-ES');
INSERT INTO OKM_TRANSLATION (TR_MODULE, TR_KEY, TR_TEXT, TR_LANGUAGE) VALUES ('frontend', 'fileupload.upload.completed', 'L''enviament s''ha completat', 'ca-ES');
INSERT INTO OKM_TRANSLATION (TR_MODULE, TR_KEY, TR_TEXT, TR_LANGUAGE) VALUES ('frontend', 'fileupload.upload.runtime', 'Temps acumulat', 'ca-ES');
INSERT INTO OKM_TRANSLATION (TR_MODULE, TR_KEY, TR_TEXT, TR_LANGUAGE) VALUES ('frontend', 'fileupload.upload.remaining', 'Falta', 'ca-ES');
INSERT INTO OKM_TRANSLATION (TR_MODULE, TR_KEY, TR_TEXT, TR_LANGUAGE) VALUES ('frontend', 'fileupload.button.close', 'Tanca', 'ca-ES');
INSERT INTO OKM_TRANSLATION (TR_MODULE, TR_KEY, TR_TEXT, TR_LANGUAGE) VALUES ('frontend', 'fileupload.button.add.other.file', 'Afegeix un altre fitxer', 'ca-ES');
INSERT INTO OKM_TRANSLATION (TR_MODULE, TR_KEY, TR_TEXT, TR_LANGUAGE) VALUES ('frontend', 'fileupload.status.move.file', 'S''est movent el fitxer...', 'ca-ES');
INSERT INTO OKM_TRANSLATION (TR_MODULE, TR_KEY, TR_TEXT, TR_LANGUAGE) VALUES ('frontend', 'fileupload.status.move.mail', 'S''est movent el correu electrnic...', 'ca-ES');
INSERT INTO OKM_TRANSLATION (TR_MODULE, TR_KEY, TR_TEXT, TR_LANGUAGE) VALUES ('frontend', 'fileupload.status.copy.file', 'S''est copiant el fitxer...', 'ca-ES');
INSERT INTO OKM_TRANSLATION (TR_MODULE, TR_KEY, TR_TEXT, TR_LANGUAGE) VALUES ('frontend', 'fileupload.status.copy.mail', 'S''est copiant el correu electrnic...', 'ca-ES');
INSERT INTO OKM_TRANSLATION (TR_MODULE, TR_KEY, TR_TEXT, TR_LANGUAGE) VALUES ('frontend', 'fileupload.status.restore.file', 'S''est restaurant el fitxer...', 'ca-ES');
INSERT INTO OKM_TRANSLATION (TR_MODULE, TR_KEY, TR_TEXT, TR_LANGUAGE) VALUES ('frontend', 'fileupload.status.restore.mail', 'S''est restaurant el correu electrnic...', 'ca-ES');
INSERT INTO OKM_TRANSLATION (TR_MODULE, TR_KEY, TR_TEXT, TR_LANGUAGE) VALUES ('frontend', 'fileupload.status.move.folder', 'S''est movent la carpeta...', 'ca-ES');
INSERT INTO OKM_TRANSLATION (TR_MODULE, TR_KEY, TR_TEXT, TR_LANGUAGE) VALUES ('frontend', 'fileupload.status.copy.folder', 'S''est copiant la carpeta...', 'ca-ES');
INSERT INTO OKM_TRANSLATION (TR_MODULE, TR_KEY, TR_TEXT, TR_LANGUAGE) VALUES ('frontend', 'fileupload.status.restore.folder', 'S''est restaurant la carpeta...', 'ca-ES');
INSERT INTO OKM_TRANSLATION (TR_MODULE, TR_KEY, TR_TEXT, TR_LANGUAGE) VALUES ('frontend', 'fileupload.status.create.from.template', 'S''est creant el fitxer des de la plantilla...', 'ca-ES');
INSERT INTO OKM_TRANSLATION (TR_MODULE, TR_KEY, TR_TEXT, TR_LANGUAGE) VALUES ('frontend', 'fileupload.status.of', 'de', 'ca-ES');
INSERT INTO OKM_TRANSLATION (TR_MODULE, TR_KEY, TR_TEXT, TR_LANGUAGE) VALUES ('frontend', 'fileupload.label.insert', 'Inserci de documents', 'ca-ES');
INSERT INTO OKM_TRANSLATION (TR_MODULE, TR_KEY, TR_TEXT, TR_LANGUAGE) VALUES ('frontend', 'fileupload.label.update', 'Actualizaci de documents', 'ca-ES');
INSERT INTO OKM_TRANSLATION (TR_MODULE, TR_KEY, TR_TEXT, TR_LANGUAGE) VALUES ('frontend', 'fileupload.label.users.notify', 'Notifica als usuaris', 'ca-ES');
INSERT INTO OKM_TRANSLATION (TR_MODULE, TR_KEY, TR_TEXT, TR_LANGUAGE) VALUES ('frontend', 'fileupload.label.comment', 'Comentari', 'ca-ES');
INSERT INTO OKM_TRANSLATION (TR_MODULE, TR_KEY, TR_TEXT, TR_LANGUAGE) VALUES ('frontend', 'fileupload.label.users.to.notify"', '  "Usuaris a notificar', 'ca-ES');
INSERT INTO OKM_TRANSLATION (TR_MODULE, TR_KEY, TR_TEXT, TR_LANGUAGE) VALUES ('frontend', 'fileupload.label.users"', '  "Usuaris', 'ca-ES');
INSERT INTO OKM_TRANSLATION (TR_MODULE, TR_KEY, TR_TEXT, TR_LANGUAGE) VALUES ('frontend', 'fileupload.label.groups.to.notify', 'Grups a notificar', 'ca-ES');
INSERT INTO OKM_TRANSLATION (TR_MODULE, TR_KEY, TR_TEXT, TR_LANGUAGE) VALUES ('frontend', 'fileupload.label.groups', 'Grups', 'ca-ES');
INSERT INTO OKM_TRANSLATION (TR_MODULE, TR_KEY, TR_TEXT, TR_LANGUAGE) VALUES ('frontend', 'fileupload.label.must.select.users"', '  "Heu de selleccionar al manco un usuari a notificar', 'ca-ES');
INSERT INTO OKM_TRANSLATION (TR_MODULE, TR_KEY, TR_TEXT, TR_LANGUAGE) VALUES ('frontend', 'fileupload.label.importZip', 'Importa documents desde ZIP', 'ca-ES');
INSERT INTO OKM_TRANSLATION (TR_MODULE, TR_KEY, TR_TEXT, TR_LANGUAGE) VALUES ('frontend', 'fileupload.label.notify.comment', 'Missatge de notificaci', 'ca-ES');
INSERT INTO OKM_TRANSLATION (TR_MODULE, TR_KEY, TR_TEXT, TR_LANGUAGE) VALUES ('frontend', 'fileupload.label.error.importing.zip', 'S''ha produt un error a l''importar el fitxer', 'ca-ES');
INSERT INTO OKM_TRANSLATION (TR_MODULE, TR_KEY, TR_TEXT, TR_LANGUAGE) VALUES ('frontend', 'fileupload.label.error.move.file', 'S''ha produt un error movent el fitxer', 'ca-ES');
INSERT INTO OKM_TRANSLATION (TR_MODULE, TR_KEY, TR_TEXT, TR_LANGUAGE) VALUES ('frontend', 'fileupload.label.error.move.mail', 'S''ha produt un error movent el correu electrnic', 'ca-ES');
INSERT INTO OKM_TRANSLATION (TR_MODULE, TR_KEY, TR_TEXT, TR_LANGUAGE) VALUES ('frontend', 'fileupload.label.error.copy.file', 'S''ha produt un error copiant el fitxer', 'ca-ES');
INSERT INTO OKM_TRANSLATION (TR_MODULE, TR_KEY, TR_TEXT, TR_LANGUAGE) VALUES ('frontend', 'fileupload.label.error.copy.mail', 'S''ha produt un error copiant el correu electrnic', 'ca-ES');
INSERT INTO OKM_TRANSLATION (TR_MODULE, TR_KEY, TR_TEXT, TR_LANGUAGE) VALUES ('frontend', 'fileupload.label.error.restore.file', 'S''ha produt un error restaurant el fitxer', 'ca-ES');
INSERT INTO OKM_TRANSLATION (TR_MODULE, TR_KEY, TR_TEXT, TR_LANGUAGE) VALUES ('frontend', 'fileupload.label.error.restore.mail', 'S''ha produt un error restaurant el correu electrnic', 'ca-ES');
INSERT INTO OKM_TRANSLATION (TR_MODULE, TR_KEY, TR_TEXT, TR_LANGUAGE) VALUES ('frontend', 'fileupload.label.error.move.folder', 'S''ha produt un error movent la carpeta', 'ca-ES');
INSERT INTO OKM_TRANSLATION (TR_MODULE, TR_KEY, TR_TEXT, TR_LANGUAGE) VALUES ('frontend', 'fileupload.label.error.copy.folder', 'S''ha produt un error copiant la carpeta', 'ca-ES');
INSERT INTO OKM_TRANSLATION (TR_MODULE, TR_KEY, TR_TEXT, TR_LANGUAGE) VALUES ('frontend', 'fileupload.label.error.restore.folder', 'S''ha produt un error restaurant la carpeta', 'ca-ES');
INSERT INTO OKM_TRANSLATION (TR_MODULE, TR_KEY, TR_TEXT, TR_LANGUAGE) VALUES ('frontend', 'fileupload.label.error.create.from.template', 'S''ha produt un error creant el fitxer des de la plantilla', 'ca-ES');
INSERT INTO OKM_TRANSLATION (TR_MODULE, TR_KEY, TR_TEXT, TR_LANGUAGE) VALUES ('frontend', 'fileupload.label.error.not.allowed.move.folder.child', 'No es pot moure dins la carpeta origen o dins una filla', 'ca-ES');
INSERT INTO OKM_TRANSLATION (TR_MODULE, TR_KEY, TR_TEXT, TR_LANGUAGE) VALUES ('frontend', 'fileupload.label.error.not.allowed.copy.same.folder', 'No es pot copiar dins la carpeta origen', 'ca-ES');
INSERT INTO OKM_TRANSLATION (TR_MODULE, TR_KEY, TR_TEXT, TR_LANGUAGE) VALUES ('frontend', 'fileupload.label.error.not.allowed.create.from.template.same.folder', 'No es pot crear un fitxer dins la carpeta origen', 'ca-ES');
INSERT INTO OKM_TRANSLATION (TR_MODULE, TR_KEY, TR_TEXT, TR_LANGUAGE) VALUES ('frontend', 'tab.document.properties', 'Propietats', 'ca-ES');
INSERT INTO OKM_TRANSLATION (TR_MODULE, TR_KEY, TR_TEXT, TR_LANGUAGE) VALUES ('frontend', 'tab.document.notes', 'Notes', 'ca-ES');
INSERT INTO OKM_TRANSLATION (TR_MODULE, TR_KEY, TR_TEXT, TR_LANGUAGE) VALUES ('frontend', 'tab.document.history', 'Historial', 'ca-ES');
INSERT INTO OKM_TRANSLATION (TR_MODULE, TR_KEY, TR_TEXT, TR_LANGUAGE) VALUES ('frontend', 'tab.document.status.history', 'S''est refrescant historial', 'ca-ES');
INSERT INTO OKM_TRANSLATION (TR_MODULE, TR_KEY, TR_TEXT, TR_LANGUAGE) VALUES ('frontend', 'tab.status.security.role', 'S''est refrescant la seguretat dels rols', 'ca-ES');
INSERT INTO OKM_TRANSLATION (TR_MODULE, TR_KEY, TR_TEXT, TR_LANGUAGE) VALUES ('frontend', 'tab.status.security.user', 'S''est refrescant la seguretat dels usuaris', 'ca-ES');
INSERT INTO OKM_TRANSLATION (TR_MODULE, TR_KEY, TR_TEXT, TR_LANGUAGE) VALUES ('frontend', 'tab.document.status.group.properties', 'S''est refrescant el grup de propietats', 'ca-ES');
INSERT INTO OKM_TRANSLATION (TR_MODULE, TR_KEY, TR_TEXT, TR_LANGUAGE) VALUES ('frontend', 'tab.document.status.set.keywords', 'S''estan establint les paraules clau', 'ca-ES');
INSERT INTO OKM_TRANSLATION (TR_MODULE, TR_KEY, TR_TEXT, TR_LANGUAGE) VALUES ('frontend', 'tab.document.status.set.categories', 'S''estan actualizant les categories', 'ca-ES');
INSERT INTO OKM_TRANSLATION (TR_MODULE, TR_KEY, TR_TEXT, TR_LANGUAGE) VALUES ('frontend', 'tab.document.status.get.version.history.size', 'S''est refrescant el tamany de l''histric del document', 'ca-ES');
INSERT INTO OKM_TRANSLATION (TR_MODULE, TR_KEY, TR_TEXT, TR_LANGUAGE) VALUES ('frontend', 'tab.document.status.purge.version.history', 'S''est compactant l''histric del document', 'ca-ES');
INSERT INTO OKM_TRANSLATION (TR_MODULE, TR_KEY, TR_TEXT, TR_LANGUAGE) VALUES ('frontend', 'tab.document.status.restore.version', 'S''est restaurant la versi del document', 'ca-ES');
INSERT INTO OKM_TRANSLATION (TR_MODULE, TR_KEY, TR_TEXT, TR_LANGUAGE) VALUES ('frontend', 'tab.document.security', 'Seguretat', 'ca-ES');
INSERT INTO OKM_TRANSLATION (TR_MODULE, TR_KEY, TR_TEXT, TR_LANGUAGE) VALUES ('frontend', 'tab.document.preview', 'Previsualitzar', 'ca-ES');
INSERT INTO OKM_TRANSLATION (TR_MODULE, TR_KEY, TR_TEXT, TR_LANGUAGE) VALUES ('frontend', 'tab.folder.properties', 'Propietats', 'ca-ES');
INSERT INTO OKM_TRANSLATION (TR_MODULE, TR_KEY, TR_TEXT, TR_LANGUAGE) VALUES ('frontend', 'tab.folder.security', 'Seguretat', 'ca-ES');
INSERT INTO OKM_TRANSLATION (TR_MODULE, TR_KEY, TR_TEXT, TR_LANGUAGE) VALUES ('frontend', 'tab.folder.notes', 'Notes', 'ca-ES');
INSERT INTO OKM_TRANSLATION (TR_MODULE, TR_KEY, TR_TEXT, TR_LANGUAGE) VALUES ('frontend', 'tab.workspace.desktop', 'Escriptori', 'ca-ES');
INSERT INTO OKM_TRANSLATION (TR_MODULE, TR_KEY, TR_TEXT, TR_LANGUAGE) VALUES ('frontend', 'tab.workspace.search', 'Cercador', 'ca-ES');
INSERT INTO OKM_TRANSLATION (TR_MODULE, TR_KEY, TR_TEXT, TR_LANGUAGE) VALUES ('frontend', 'tab.workspace.dashboard', 'Taulell', 'ca-ES');
INSERT INTO OKM_TRANSLATION (TR_MODULE, TR_KEY, TR_TEXT, TR_LANGUAGE) VALUES ('frontend', 'tab.workspace.administration', 'Administraci', 'ca-ES');
INSERT INTO OKM_TRANSLATION (TR_MODULE, TR_KEY, TR_TEXT, TR_LANGUAGE) VALUES ('frontend', 'document.uuid', 'UUID', 'ca-ES');
INSERT INTO OKM_TRANSLATION (TR_MODULE, TR_KEY, TR_TEXT, TR_LANGUAGE) VALUES ('frontend', 'document.name', 'Nom', 'ca-ES');
INSERT INTO OKM_TRANSLATION (TR_MODULE, TR_KEY, TR_TEXT, TR_LANGUAGE) VALUES ('frontend', 'document.folder', 'Carpeta', 'ca-ES');
INSERT INTO OKM_TRANSLATION (TR_MODULE, TR_KEY, TR_TEXT, TR_LANGUAGE) VALUES ('frontend', 'document.size', 'Grandria', 'ca-ES');
INSERT INTO OKM_TRANSLATION (TR_MODULE, TR_KEY, TR_TEXT, TR_LANGUAGE) VALUES ('frontend', 'document.created', 'Creat', 'ca-ES');
INSERT INTO OKM_TRANSLATION (TR_MODULE, TR_KEY, TR_TEXT, TR_LANGUAGE) VALUES ('frontend', 'document.lastmodified', 'Modificat', 'ca-ES');
INSERT INTO OKM_TRANSLATION (TR_MODULE, TR_KEY, TR_TEXT, TR_LANGUAGE) VALUES ('frontend', 'document.mimetype', 'Tipus MIME', 'ca-ES');
INSERT INTO OKM_TRANSLATION (TR_MODULE, TR_KEY, TR_TEXT, TR_LANGUAGE) VALUES ('frontend', 'document.keywords', 'Paraules clau', 'ca-ES');
INSERT INTO OKM_TRANSLATION (TR_MODULE, TR_KEY, TR_TEXT, TR_LANGUAGE) VALUES ('frontend', 'document.by', 'per', 'ca-ES');
INSERT INTO OKM_TRANSLATION (TR_MODULE, TR_KEY, TR_TEXT, TR_LANGUAGE) VALUES ('frontend', 'document.status', 'Estat', 'ca-ES');
INSERT INTO OKM_TRANSLATION (TR_MODULE, TR_KEY, TR_TEXT, TR_LANGUAGE) VALUES ('frontend', 'document.status.checkout', 'Editat per', 'ca-ES');
INSERT INTO OKM_TRANSLATION (TR_MODULE, TR_KEY, TR_TEXT, TR_LANGUAGE) VALUES ('frontend', 'document.status.locked', 'Bloquejat per', 'ca-ES');
INSERT INTO OKM_TRANSLATION (TR_MODULE, TR_KEY, TR_TEXT, TR_LANGUAGE) VALUES ('frontend', 'document.status.normal', 'Disponible', 'ca-ES');
INSERT INTO OKM_TRANSLATION (TR_MODULE, TR_KEY, TR_TEXT, TR_LANGUAGE) VALUES ('frontend', 'document.subscribed', 'Subscrit', 'ca-ES');
INSERT INTO OKM_TRANSLATION (TR_MODULE, TR_KEY, TR_TEXT, TR_LANGUAGE) VALUES ('frontend', 'document.subscribed.yes', 'Si', 'ca-ES');
INSERT INTO OKM_TRANSLATION (TR_MODULE, TR_KEY, TR_TEXT, TR_LANGUAGE) VALUES ('frontend', 'document.subscribed.no', 'No', 'ca-ES');
INSERT INTO OKM_TRANSLATION (TR_MODULE, TR_KEY, TR_TEXT, TR_LANGUAGE) VALUES ('frontend', 'document.history.size', 'Grandria de l''histric', 'ca-ES');
INSERT INTO OKM_TRANSLATION (TR_MODULE, TR_KEY, TR_TEXT, TR_LANGUAGE) VALUES ('frontend', 'document.subscribed.users', 'Usuaris subscrits', 'ca-ES');
INSERT INTO OKM_TRANSLATION (TR_MODULE, TR_KEY, TR_TEXT, TR_LANGUAGE) VALUES ('frontend', 'document.url', 'URL', 'ca-ES');
INSERT INTO OKM_TRANSLATION (TR_MODULE, TR_KEY, TR_TEXT, TR_LANGUAGE) VALUES ('frontend', 'document.webdav', 'WebDAV', 'ca-ES');
INSERT INTO OKM_TRANSLATION (TR_MODULE, TR_KEY, TR_TEXT, TR_LANGUAGE) VALUES ('frontend', 'document.add.note', 'Afegir nota', 'ca-ES');
INSERT INTO OKM_TRANSLATION (TR_MODULE, TR_KEY, TR_TEXT, TR_LANGUAGE) VALUES ('frontend', 'document.keywords.cloud', 'Nvol de paraules clau', 'ca-ES');
INSERT INTO OKM_TRANSLATION (TR_MODULE, TR_KEY, TR_TEXT, TR_LANGUAGE) VALUES ('frontend', 'document.categories', 'Categories', 'ca-ES');
INSERT INTO OKM_TRANSLATION (TR_MODULE, TR_KEY, TR_TEXT, TR_LANGUAGE) VALUES ('frontend', 'folder.uuid', 'UUID', 'ca-ES');
INSERT INTO OKM_TRANSLATION (TR_MODULE, TR_KEY, TR_TEXT, TR_LANGUAGE) VALUES ('frontend', 'folder.name', 'Nom', 'ca-ES');
INSERT INTO OKM_TRANSLATION (TR_MODULE, TR_KEY, TR_TEXT, TR_LANGUAGE) VALUES ('frontend', 'folder.parent', 'Pare', 'ca-ES');
INSERT INTO OKM_TRANSLATION (TR_MODULE, TR_KEY, TR_TEXT, TR_LANGUAGE) VALUES ('frontend', 'folder.created', 'Creat', 'ca-ES');
INSERT INTO OKM_TRANSLATION (TR_MODULE, TR_KEY, TR_TEXT, TR_LANGUAGE) VALUES ('frontend', 'folder.by', 'per', 'ca-ES');
INSERT INTO OKM_TRANSLATION (TR_MODULE, TR_KEY, TR_TEXT, TR_LANGUAGE) VALUES ('frontend', 'folder.subscribed', 'Subscrit', 'ca-ES');
INSERT INTO OKM_TRANSLATION (TR_MODULE, TR_KEY, TR_TEXT, TR_LANGUAGE) VALUES ('frontend', 'folder.subscribed.yes', 'Si', 'ca-ES');
INSERT INTO OKM_TRANSLATION (TR_MODULE, TR_KEY, TR_TEXT, TR_LANGUAGE) VALUES ('frontend', 'folder.subscribed.no', 'No', 'ca-ES');
INSERT INTO OKM_TRANSLATION (TR_MODULE, TR_KEY, TR_TEXT, TR_LANGUAGE) VALUES ('frontend', 'folder.subscribed.users', 'Usuaris subscrits', 'ca-ES');
INSERT INTO OKM_TRANSLATION (TR_MODULE, TR_KEY, TR_TEXT, TR_LANGUAGE) VALUES ('frontend', 'folder.url', 'URL', 'ca-ES');
INSERT INTO OKM_TRANSLATION (TR_MODULE, TR_KEY, TR_TEXT, TR_LANGUAGE) VALUES ('frontend', 'folder.webdav', 'WebDAV', 'ca-ES');
INSERT INTO OKM_TRANSLATION (TR_MODULE, TR_KEY, TR_TEXT, TR_LANGUAGE) VALUES ('frontend', 'folder.number.folders', 'Carpetes', 'ca-ES');
INSERT INTO OKM_TRANSLATION (TR_MODULE, TR_KEY, TR_TEXT, TR_LANGUAGE) VALUES ('frontend', 'folder.number.documents', 'Documents', 'ca-ES');
INSERT INTO OKM_TRANSLATION (TR_MODULE, TR_KEY, TR_TEXT, TR_LANGUAGE) VALUES ('frontend', 'folder.number.mails', 'Correu electrnics', 'ca-ES');
INSERT INTO OKM_TRANSLATION (TR_MODULE, TR_KEY, TR_TEXT, TR_LANGUAGE) VALUES ('frontend', 'version.name', 'Versi', 'ca-ES');
INSERT INTO OKM_TRANSLATION (TR_MODULE, TR_KEY, TR_TEXT, TR_LANGUAGE) VALUES ('frontend', 'version.created', 'Data', 'ca-ES');
INSERT INTO OKM_TRANSLATION (TR_MODULE, TR_KEY, TR_TEXT, TR_LANGUAGE) VALUES ('frontend', 'version.author', 'Autor', 'ca-ES');
INSERT INTO OKM_TRANSLATION (TR_MODULE, TR_KEY, TR_TEXT, TR_LANGUAGE) VALUES ('frontend', 'version.size', 'Grandria', 'ca-ES');
INSERT INTO OKM_TRANSLATION (TR_MODULE, TR_KEY, TR_TEXT, TR_LANGUAGE) VALUES ('frontend', 'version.purge.document', 'Compacta histric', 'ca-ES');
INSERT INTO OKM_TRANSLATION (TR_MODULE, TR_KEY, TR_TEXT, TR_LANGUAGE) VALUES ('frontend', 'version.comment', 'Comentari', 'ca-ES');
INSERT INTO OKM_TRANSLATION (TR_MODULE, TR_KEY, TR_TEXT, TR_LANGUAGE) VALUES ('frontend', 'security.label', 'Seguretat', 'ca-ES');
INSERT INTO OKM_TRANSLATION (TR_MODULE, TR_KEY, TR_TEXT, TR_LANGUAGE) VALUES ('frontend', 'security.group.name', 'Grup', 'ca-ES');
INSERT INTO OKM_TRANSLATION (TR_MODULE, TR_KEY, TR_TEXT, TR_LANGUAGE) VALUES ('frontend', 'security.group.permission.read', 'Lectura', 'ca-ES');
INSERT INTO OKM_TRANSLATION (TR_MODULE, TR_KEY, TR_TEXT, TR_LANGUAGE) VALUES ('frontend', 'security.group.permission.write', 'Escriptura   ', 'ca-ES');
INSERT INTO OKM_TRANSLATION (TR_MODULE, TR_KEY, TR_TEXT, TR_LANGUAGE) VALUES ('frontend', 'security.group.permission.delete', 'Eliminar', 'ca-ES');
INSERT INTO OKM_TRANSLATION (TR_MODULE, TR_KEY, TR_TEXT, TR_LANGUAGE) VALUES ('frontend', 'security.group.permission.security', 'Seguretat', 'ca-ES');
INSERT INTO OKM_TRANSLATION (TR_MODULE, TR_KEY, TR_TEXT, TR_LANGUAGE) VALUES ('frontend', 'security.user.name', 'Usuari', 'ca-ES');
INSERT INTO OKM_TRANSLATION (TR_MODULE, TR_KEY, TR_TEXT, TR_LANGUAGE) VALUES ('frontend', 'security.user.permission.read', 'Lectura', 'ca-ES');
INSERT INTO OKM_TRANSLATION (TR_MODULE, TR_KEY, TR_TEXT, TR_LANGUAGE) VALUES ('frontend', 'security.user.permission.write', 'Escriptura', 'ca-ES');
INSERT INTO OKM_TRANSLATION (TR_MODULE, TR_KEY, TR_TEXT, TR_LANGUAGE) VALUES ('frontend', 'security.user.permission.delete', 'Eliminar', 'ca-ES');
INSERT INTO OKM_TRANSLATION (TR_MODULE, TR_KEY, TR_TEXT, TR_LANGUAGE) VALUES ('frontend', 'security.user.permission.security', 'Seguretat', 'ca-ES');
INSERT INTO OKM_TRANSLATION (TR_MODULE, TR_KEY, TR_TEXT, TR_LANGUAGE) VALUES ('frontend', 'security.users', 'Usuaris', 'ca-ES');
INSERT INTO OKM_TRANSLATION (TR_MODULE, TR_KEY, TR_TEXT, TR_LANGUAGE) VALUES ('frontend', 'security.groups', 'Grups', 'ca-ES');
INSERT INTO OKM_TRANSLATION (TR_MODULE, TR_KEY, TR_TEXT, TR_LANGUAGE) VALUES ('frontend', 'security.recursive', 'Aplica canvis de forma recursiva', 'ca-ES');
INSERT INTO OKM_TRANSLATION (TR_MODULE, TR_KEY, TR_TEXT, TR_LANGUAGE) VALUES ('frontend', 'secutiry.filter.by.users', 'Filtre d''usuaris', 'ca-ES');
INSERT INTO OKM_TRANSLATION (TR_MODULE, TR_KEY, TR_TEXT, TR_LANGUAGE) VALUES ('frontend', 'secutiry.filter.by.groups', 'Filtre de grups', 'ca-ES');
INSERT INTO OKM_TRANSLATION (TR_MODULE, TR_KEY, TR_TEXT, TR_LANGUAGE) VALUES ('frontend', 'security.status.updating', 'Actualitzant la seguretat', 'ca-ES');
INSERT INTO OKM_TRANSLATION (TR_MODULE, TR_KEY, TR_TEXT, TR_LANGUAGE) VALUES ('frontend', 'preview.unavailable', 'Previsualitzaci no disponible', 'ca-ES');
INSERT INTO OKM_TRANSLATION (TR_MODULE, TR_KEY, TR_TEXT, TR_LANGUAGE) VALUES ('frontend', 'mail.from', 'Desde', 'ca-ES');
INSERT INTO OKM_TRANSLATION (TR_MODULE, TR_KEY, TR_TEXT, TR_LANGUAGE) VALUES ('frontend', 'mail.reply', 'Contestar a', 'ca-ES');
INSERT INTO OKM_TRANSLATION (TR_MODULE, TR_KEY, TR_TEXT, TR_LANGUAGE) VALUES ('frontend', 'mail.to', 'Per a', 'ca-ES');
INSERT INTO OKM_TRANSLATION (TR_MODULE, TR_KEY, TR_TEXT, TR_LANGUAGE) VALUES ('frontend', 'mail.subject', 'Asunto', 'ca-ES');
INSERT INTO OKM_TRANSLATION (TR_MODULE, TR_KEY, TR_TEXT, TR_LANGUAGE) VALUES ('frontend', 'mail.attachment', 'Fitxers adjunts', 'ca-ES');
INSERT INTO OKM_TRANSLATION (TR_MODULE, TR_KEY, TR_TEXT, TR_LANGUAGE) VALUES ('frontend', 'error.label', 'El sistema ha generat un error', 'ca-ES');
INSERT INTO OKM_TRANSLATION (TR_MODULE, TR_KEY, TR_TEXT, TR_LANGUAGE) VALUES ('frontend', 'error.invocation', 'Error de comunicaci amb el servidor', 'ca-ES');
INSERT INTO OKM_TRANSLATION (TR_MODULE, TR_KEY, TR_TEXT, TR_LANGUAGE) VALUES ('frontend', 'about.label', 'Sobre OpenKM', 'ca-ES');
INSERT INTO OKM_TRANSLATION (TR_MODULE, TR_KEY, TR_TEXT, TR_LANGUAGE) VALUES ('frontend', 'about.loading', 'Carregant ...', 'ca-ES');
INSERT INTO OKM_TRANSLATION (TR_MODULE, TR_KEY, TR_TEXT, TR_LANGUAGE) VALUES ('frontend', 'logout.label', 'Surt', 'ca-ES');
INSERT INTO OKM_TRANSLATION (TR_MODULE, TR_KEY, TR_TEXT, TR_LANGUAGE) VALUES ('frontend', 'logout.closed', 'OpenKM s''ha tancat correctament.', 'ca-ES');
INSERT INTO OKM_TRANSLATION (TR_MODULE, TR_KEY, TR_TEXT, TR_LANGUAGE) VALUES ('frontend', 'logout.logout', 'OpenKM s''est tancant siusplau espereu un moment.', 'ca-ES');
INSERT INTO OKM_TRANSLATION (TR_MODULE, TR_KEY, TR_TEXT, TR_LANGUAGE) VALUES ('frontend', 'confirm.label', 'Confirmaci', 'ca-ES');
INSERT INTO OKM_TRANSLATION (TR_MODULE, TR_KEY, TR_TEXT, TR_LANGUAGE) VALUES ('frontend', 'confirm.delete.folder', ' Estau segurs que voleu eliminar la carpeta ?', 'ca-ES');
INSERT INTO OKM_TRANSLATION (TR_MODULE, TR_KEY, TR_TEXT, TR_LANGUAGE) VALUES ('frontend', 'confirm.delete.document', ' Estau segurs que voleu eliminar el document ?', 'ca-ES');
INSERT INTO OKM_TRANSLATION (TR_MODULE, TR_KEY, TR_TEXT, TR_LANGUAGE) VALUES ('frontend', 'confirm.delete.trash', ' Estau segurs que voleu buidar la paperera ?', 'ca-ES');
INSERT INTO OKM_TRANSLATION (TR_MODULE, TR_KEY, TR_TEXT, TR_LANGUAGE) VALUES ('frontend', 'confirm.purge.folder', ' Estau segurs que voleu eliminar la carpeta ?', 'ca-ES');
INSERT INTO OKM_TRANSLATION (TR_MODULE, TR_KEY, TR_TEXT, TR_LANGUAGE) VALUES ('frontend', 'confirm.purge.document', ' Estau segurs que voleu eliminar el document ?', 'ca-ES');
INSERT INTO OKM_TRANSLATION (TR_MODULE, TR_KEY, TR_TEXT, TR_LANGUAGE) VALUES ('frontend', 'confirm.delete.propety.group', ' Estau segurs que voleu eliminar el grup de propietats ?', 'ca-ES');
INSERT INTO OKM_TRANSLATION (TR_MODULE, TR_KEY, TR_TEXT, TR_LANGUAGE) VALUES ('frontend', 'confirm.purge.version.history.document', ' Estau segurs que voleu eliminar l''histric del document ?', 'ca-ES');
INSERT INTO OKM_TRANSLATION (TR_MODULE, TR_KEY, TR_TEXT, TR_LANGUAGE) VALUES ('frontend', 'confirm.purge.restore.document', ' Estau segurs que voleu resturar aquesta versi del document ?', 'ca-ES');
INSERT INTO OKM_TRANSLATION (TR_MODULE, TR_KEY, TR_TEXT, TR_LANGUAGE) VALUES ('frontend', 'confirm.set.default.home', ' Estau segurs que voleu establir l''inici per defecte ?', 'ca-ES');
INSERT INTO OKM_TRANSLATION (TR_MODULE, TR_KEY, TR_TEXT, TR_LANGUAGE) VALUES ('frontend', 'confirm.delete.saved.search', ' Estau segurs que voleu eliminar la consulta emmagatzemanda ?', 'ca-ES');
INSERT INTO OKM_TRANSLATION (TR_MODULE, TR_KEY, TR_TEXT, TR_LANGUAGE) VALUES ('frontend', 'confirm.delete.user.news', ' Estau segurs que voleu eliminar la novetat d''usuari ?', 'ca-ES');
INSERT INTO OKM_TRANSLATION (TR_MODULE, TR_KEY, TR_TEXT, TR_LANGUAGE) VALUES ('frontend', 'confirm.delete.mail', ' Estau segurs que voleu eliminar el correu electrnic ?', 'ca-ES');
INSERT INTO OKM_TRANSLATION (TR_MODULE, TR_KEY, TR_TEXT, TR_LANGUAGE) VALUES ('frontend', 'confirm.get.pooled.workflow.task', ' Estau segurs que us voleu assignar aquesta tasca ?', 'ca-ES');
INSERT INTO OKM_TRANSLATION (TR_MODULE, TR_KEY, TR_TEXT, TR_LANGUAGE) VALUES ('frontend', 'confirm.force.unlock', ' Estau segurs que voleu forar el desbloqueig del document', 'ca-ES');
INSERT INTO OKM_TRANSLATION (TR_MODULE, TR_KEY, TR_TEXT, TR_LANGUAGE) VALUES ('frontend', 'confirm.force.cancel.checkout', ' Estau segurs que voleu forar la cancelaci de la edici del document ?', 'ca-ES');
INSERT INTO OKM_TRANSLATION (TR_MODULE, TR_KEY, TR_TEXT, TR_LANGUAGE) VALUES ('frontend', 'search.context', 'Contexte', 'ca-ES');
INSERT INTO OKM_TRANSLATION (TR_MODULE, TR_KEY, TR_TEXT, TR_LANGUAGE) VALUES ('frontend', 'search.content', 'Contingut', 'ca-ES');
INSERT INTO OKM_TRANSLATION (TR_MODULE, TR_KEY, TR_TEXT, TR_LANGUAGE) VALUES ('frontend', 'search.name', 'Nom', 'ca-ES');
INSERT INTO OKM_TRANSLATION (TR_MODULE, TR_KEY, TR_TEXT, TR_LANGUAGE) VALUES ('frontend', 'search.keywords', 'Paraules clau', 'ca-ES');
INSERT INTO OKM_TRANSLATION (TR_MODULE, TR_KEY, TR_TEXT, TR_LANGUAGE) VALUES ('frontend', 'search.folder', 'Carpeta', 'ca-ES');
INSERT INTO OKM_TRANSLATION (TR_MODULE, TR_KEY, TR_TEXT, TR_LANGUAGE) VALUES ('frontend', 'search.category', 'Categoria', 'ca-ES');
INSERT INTO OKM_TRANSLATION (TR_MODULE, TR_KEY, TR_TEXT, TR_LANGUAGE) VALUES ('frontend', 'search.results', 'Resultats', 'ca-ES');
INSERT INTO OKM_TRANSLATION (TR_MODULE, TR_KEY, TR_TEXT, TR_LANGUAGE) VALUES ('frontend', 'search.to', 'al', 'ca-ES');
INSERT INTO OKM_TRANSLATION (TR_MODULE, TR_KEY, TR_TEXT, TR_LANGUAGE) VALUES ('frontend', 'search.page.results', 'Resultats per pgina', 'ca-ES');
INSERT INTO OKM_TRANSLATION (TR_MODULE, TR_KEY, TR_TEXT, TR_LANGUAGE) VALUES ('frontend', 'search.add.property.group', 'Afegeix propietat de grup', 'ca-ES');
INSERT INTO OKM_TRANSLATION (TR_MODULE, TR_KEY, TR_TEXT, TR_LANGUAGE) VALUES ('frontend', 'search.mimetype', 'Tipus de document', 'ca-ES');
INSERT INTO OKM_TRANSLATION (TR_MODULE, TR_KEY, TR_TEXT, TR_LANGUAGE) VALUES ('frontend', 'search.type', 'Tipus', 'ca-ES');
INSERT INTO OKM_TRANSLATION (TR_MODULE, TR_KEY, TR_TEXT, TR_LANGUAGE) VALUES ('frontend', 'search.type.document', 'Document', 'ca-ES');
INSERT INTO OKM_TRANSLATION (TR_MODULE, TR_KEY, TR_TEXT, TR_LANGUAGE) VALUES ('frontend', 'search.type.folder', 'Carpeta', 'ca-ES');
INSERT INTO OKM_TRANSLATION (TR_MODULE, TR_KEY, TR_TEXT, TR_LANGUAGE) VALUES ('frontend', 'search.type.mail', 'Correu electrnic', 'ca-ES');
INSERT INTO OKM_TRANSLATION (TR_MODULE, TR_KEY, TR_TEXT, TR_LANGUAGE) VALUES ('frontend', 'search.advanced', 'Cerca avanada', 'ca-ES');
INSERT INTO OKM_TRANSLATION (TR_MODULE, TR_KEY, TR_TEXT, TR_LANGUAGE) VALUES ('frontend', 'search.user', 'Usuari', 'ca-ES');
INSERT INTO OKM_TRANSLATION (TR_MODULE, TR_KEY, TR_TEXT, TR_LANGUAGE) VALUES ('frontend', 'search.date.and', 'i', 'ca-ES');
INSERT INTO OKM_TRANSLATION (TR_MODULE, TR_KEY, TR_TEXT, TR_LANGUAGE) VALUES ('frontend', 'search.date.range', 'Rang de dates entre', 'ca-ES');
INSERT INTO OKM_TRANSLATION (TR_MODULE, TR_KEY, TR_TEXT, TR_LANGUAGE) VALUES ('frontend', 'search.save.as.news', 'Desa com a novetat d''usuari', 'ca-ES');
INSERT INTO OKM_TRANSLATION (TR_MODULE, TR_KEY, TR_TEXT, TR_LANGUAGE) VALUES ('frontend', 'search.folder.filter', 'Filtrat per carpeta', 'ca-ES');
INSERT INTO OKM_TRANSLATION (TR_MODULE, TR_KEY, TR_TEXT, TR_LANGUAGE) VALUES ('frontend', 'search.category.filter', 'Filtrat per categories', 'ca-ES');
INSERT INTO OKM_TRANSLATION (TR_MODULE, TR_KEY, TR_TEXT, TR_LANGUAGE) VALUES ('frontend', 'search.result.name', 'Nom', 'ca-ES');
INSERT INTO OKM_TRANSLATION (TR_MODULE, TR_KEY, TR_TEXT, TR_LANGUAGE) VALUES ('frontend', 'search.result.score', 'Rellevncia', 'ca-ES');
INSERT INTO OKM_TRANSLATION (TR_MODULE, TR_KEY, TR_TEXT, TR_LANGUAGE) VALUES ('frontend', 'search.result.size', 'Tamany', 'ca-ES');
INSERT INTO OKM_TRANSLATION (TR_MODULE, TR_KEY, TR_TEXT, TR_LANGUAGE) VALUES ('frontend', 'search.result.date.update', 'Data de modificaci', 'ca-ES');
INSERT INTO OKM_TRANSLATION (TR_MODULE, TR_KEY, TR_TEXT, TR_LANGUAGE) VALUES ('frontend', 'search.result.author', 'Autor', 'ca-ES');
INSERT INTO OKM_TRANSLATION (TR_MODULE, TR_KEY, TR_TEXT, TR_LANGUAGE) VALUES ('frontend', 'search.result.version', 'Versi', 'ca-ES');
INSERT INTO OKM_TRANSLATION (TR_MODULE, TR_KEY, TR_TEXT, TR_LANGUAGE) VALUES ('frontend', 'search.result.path', 'Ubicaci', 'ca-ES');
INSERT INTO OKM_TRANSLATION (TR_MODULE, TR_KEY, TR_TEXT, TR_LANGUAGE) VALUES ('frontend', 'search.result.menu.download', 'Descarrega', 'ca-ES');
INSERT INTO OKM_TRANSLATION (TR_MODULE, TR_KEY, TR_TEXT, TR_LANGUAGE) VALUES ('frontend', 'search.result.menu.go.folder', 'Ves a la carpeta', 'ca-ES');
INSERT INTO OKM_TRANSLATION (TR_MODULE, TR_KEY, TR_TEXT, TR_LANGUAGE) VALUES ('frontend', 'search.result.menu.go.document', 'Ves al document', 'ca-ES');
INSERT INTO OKM_TRANSLATION (TR_MODULE, TR_KEY, TR_TEXT, TR_LANGUAGE) VALUES ('frontend', 'search.result.status.findPaginated', 'S''est refrescant la cerca', 'ca-ES');
INSERT INTO OKM_TRANSLATION (TR_MODULE, TR_KEY, TR_TEXT, TR_LANGUAGE) VALUES ('frontend', 'search.result.status.runsearch', 'S''est refrescant la cerca emmagatzemada', 'ca-ES');
INSERT INTO OKM_TRANSLATION (TR_MODULE, TR_KEY, TR_TEXT, TR_LANGUAGE) VALUES ('frontend', 'search.saved.run', 'Executa', 'ca-ES');
INSERT INTO OKM_TRANSLATION (TR_MODULE, TR_KEY, TR_TEXT, TR_LANGUAGE) VALUES ('frontend', 'search.saved.delete', 'Elimina', 'ca-ES');
INSERT INTO OKM_TRANSLATION (TR_MODULE, TR_KEY, TR_TEXT, TR_LANGUAGE) VALUES ('frontend', 'search.saved.status.getsearchs', 'S''estan refrescant les cerques enmagazemades', 'ca-ES');
INSERT INTO OKM_TRANSLATION (TR_MODULE, TR_KEY, TR_TEXT, TR_LANGUAGE) VALUES ('frontend', 'search.saved.status.savesearch', 'S''est guardant la cerca', 'ca-ES');
INSERT INTO OKM_TRANSLATION (TR_MODULE, TR_KEY, TR_TEXT, TR_LANGUAGE) VALUES ('frontend', 'search.saved.status.deletesearch', 'S''est eliminant la cerca emmagatzemada', 'ca-ES');
INSERT INTO OKM_TRANSLATION (TR_MODULE, TR_KEY, TR_TEXT, TR_LANGUAGE) VALUES ('frontend', 'search.saved.status.getusernews', 'S''estan refrescant les novetats d''usuari', 'ca-ES');
INSERT INTO OKM_TRANSLATION (TR_MODULE, TR_KEY, TR_TEXT, TR_LANGUAGE) VALUES ('frontend', 'button.close', 'Tanca', 'ca-ES');
INSERT INTO OKM_TRANSLATION (TR_MODULE, TR_KEY, TR_TEXT, TR_LANGUAGE) VALUES ('frontend', 'button.logout', 'Surt', 'ca-ES');
INSERT INTO OKM_TRANSLATION (TR_MODULE, TR_KEY, TR_TEXT, TR_LANGUAGE) VALUES ('frontend', 'button.update', 'Actualitza', 'ca-ES');
INSERT INTO OKM_TRANSLATION (TR_MODULE, TR_KEY, TR_TEXT, TR_LANGUAGE) VALUES ('frontend', 'button.cancel', 'Cancella', 'ca-ES');
INSERT INTO OKM_TRANSLATION (TR_MODULE, TR_KEY, TR_TEXT, TR_LANGUAGE) VALUES ('frontend', 'button.accept', 'Accepta', 'ca-ES');
INSERT INTO OKM_TRANSLATION (TR_MODULE, TR_KEY, TR_TEXT, TR_LANGUAGE) VALUES ('frontend', 'button.restore', 'Restaura', 'ca-ES');
INSERT INTO OKM_TRANSLATION (TR_MODULE, TR_KEY, TR_TEXT, TR_LANGUAGE) VALUES ('frontend', 'button.move', 'Mou', 'ca-ES');
INSERT INTO OKM_TRANSLATION (TR_MODULE, TR_KEY, TR_TEXT, TR_LANGUAGE) VALUES ('frontend', 'button.change', 'Modifica', 'ca-ES');
INSERT INTO OKM_TRANSLATION (TR_MODULE, TR_KEY, TR_TEXT, TR_LANGUAGE) VALUES ('frontend', 'button.search', 'Cerca', 'ca-ES');
INSERT INTO OKM_TRANSLATION (TR_MODULE, TR_KEY, TR_TEXT, TR_LANGUAGE) VALUES ('frontend', 'button.save.search', 'Desa la consulta', 'ca-ES');
INSERT INTO OKM_TRANSLATION (TR_MODULE, TR_KEY, TR_TEXT, TR_LANGUAGE) VALUES ('frontend', 'button.view', 'Visualitza', 'ca-ES');
INSERT INTO OKM_TRANSLATION (TR_MODULE, TR_KEY, TR_TEXT, TR_LANGUAGE) VALUES ('frontend', 'button.clean', 'Neteja', 'ca-ES');
INSERT INTO OKM_TRANSLATION (TR_MODULE, TR_KEY, TR_TEXT, TR_LANGUAGE) VALUES ('frontend', 'button.add', 'Afegeix', 'ca-ES');
INSERT INTO OKM_TRANSLATION (TR_MODULE, TR_KEY, TR_TEXT, TR_LANGUAGE) VALUES ('frontend', 'button.delete', 'Elimina', 'ca-ES');
INSERT INTO OKM_TRANSLATION (TR_MODULE, TR_KEY, TR_TEXT, TR_LANGUAGE) VALUES ('frontend', 'button.copy', 'Copia', 'ca-ES');
INSERT INTO OKM_TRANSLATION (TR_MODULE, TR_KEY, TR_TEXT, TR_LANGUAGE) VALUES ('frontend', 'button.create', 'Crea', 'ca-ES');
INSERT INTO OKM_TRANSLATION (TR_MODULE, TR_KEY, TR_TEXT, TR_LANGUAGE) VALUES ('frontend', 'button.show', 'Mostra', 'ca-ES');
INSERT INTO OKM_TRANSLATION (TR_MODULE, TR_KEY, TR_TEXT, TR_LANGUAGE) VALUES ('frontend', 'button.memory', 'Actualitza', 'ca-ES');
INSERT INTO OKM_TRANSLATION (TR_MODULE, TR_KEY, TR_TEXT, TR_LANGUAGE) VALUES ('frontend', 'button.copy.clipboard', 'Copia al portapapers', 'ca-ES');
INSERT INTO OKM_TRANSLATION (TR_MODULE, TR_KEY, TR_TEXT, TR_LANGUAGE) VALUES ('frontend', 'button.start', 'Iniciar', 'ca-ES');
INSERT INTO OKM_TRANSLATION (TR_MODULE, TR_KEY, TR_TEXT, TR_LANGUAGE) VALUES ('frontend', 'button.select', 'Sel.leciona', 'ca-ES');
INSERT INTO OKM_TRANSLATION (TR_MODULE, TR_KEY, TR_TEXT, TR_LANGUAGE) VALUES ('frontend', 'button.test', 'Comprovar', 'ca-ES');
INSERT INTO OKM_TRANSLATION (TR_MODULE, TR_KEY, TR_TEXT, TR_LANGUAGE) VALUES ('frontend', 'button.next', 'Segent', 'ca-ES');
INSERT INTO OKM_TRANSLATION (TR_MODULE, TR_KEY, TR_TEXT, TR_LANGUAGE) VALUES ('frontend', 'group.label', 'Afegeix grup de propietats', 'ca-ES');
INSERT INTO OKM_TRANSLATION (TR_MODULE, TR_KEY, TR_TEXT, TR_LANGUAGE) VALUES ('frontend', 'group.group', 'Grup', 'ca-ES');
INSERT INTO OKM_TRANSLATION (TR_MODULE, TR_KEY, TR_TEXT, TR_LANGUAGE) VALUES ('frontend', 'group.property.group', 'Propietat', 'ca-ES');
INSERT INTO OKM_TRANSLATION (TR_MODULE, TR_KEY, TR_TEXT, TR_LANGUAGE) VALUES ('frontend', 'bookmark.label', 'Afegeix enlla d''inters', 'ca-ES');
INSERT INTO OKM_TRANSLATION (TR_MODULE, TR_KEY, TR_TEXT, TR_LANGUAGE) VALUES ('frontend', 'bookmark.name', 'Nom', 'ca-ES');
INSERT INTO OKM_TRANSLATION (TR_MODULE, TR_KEY, TR_TEXT, TR_LANGUAGE) VALUES ('frontend', 'bookmark.edit.label', 'Edita els enllaos d''inters', 'ca-ES');
INSERT INTO OKM_TRANSLATION (TR_MODULE, TR_KEY, TR_TEXT, TR_LANGUAGE) VALUES ('frontend', 'bookmark.path', 'Ruta', 'ca-ES');
INSERT INTO OKM_TRANSLATION (TR_MODULE, TR_KEY, TR_TEXT, TR_LANGUAGE) VALUES ('frontend', 'bookmark.type', 'Tipus', 'ca-ES');
INSERT INTO OKM_TRANSLATION (TR_MODULE, TR_KEY, TR_TEXT, TR_LANGUAGE) VALUES ('frontend', 'bookmark.type.document', 'Document', 'ca-ES');
INSERT INTO OKM_TRANSLATION (TR_MODULE, TR_KEY, TR_TEXT, TR_LANGUAGE) VALUES ('frontend', 'bookmark.type.folder', 'Carpeta', 'ca-ES');
INSERT INTO OKM_TRANSLATION (TR_MODULE, TR_KEY, TR_TEXT, TR_LANGUAGE) VALUES ('frontend', 'notify.label', 'Enviar enlla del document', 'ca-ES');
INSERT INTO OKM_TRANSLATION (TR_MODULE, TR_KEY, TR_TEXT, TR_LANGUAGE) VALUES ('frontend', 'notify.label.attachment', 'Enviar el document adjunt', 'ca-ES');
INSERT INTO OKM_TRANSLATION (TR_MODULE, TR_KEY, TR_TEXT, TR_LANGUAGE) VALUES ('frontend', 'status.document.copied', 'Document marcat per a copiar', 'ca-ES');
INSERT INTO OKM_TRANSLATION (TR_MODULE, TR_KEY, TR_TEXT, TR_LANGUAGE) VALUES ('frontend', 'status.document.cut', 'Document marcat per a retallar', 'ca-ES');
INSERT INTO OKM_TRANSLATION (TR_MODULE, TR_KEY, TR_TEXT, TR_LANGUAGE) VALUES ('frontend', 'status.folder.copied', 'Carpeta marcada per a copiar', 'ca-ES');
INSERT INTO OKM_TRANSLATION (TR_MODULE, TR_KEY, TR_TEXT, TR_LANGUAGE) VALUES ('frontend', 'status.folder.cut', 'Carpeta marcada per a retallar', 'ca-ES');
INSERT INTO OKM_TRANSLATION (TR_MODULE, TR_KEY, TR_TEXT, TR_LANGUAGE) VALUES ('frontend', 'status.keep.alive.error', 'Detectada prdua de connexi amb el servidor (keep alive)', 'ca-ES');
INSERT INTO OKM_TRANSLATION (TR_MODULE, TR_KEY, TR_TEXT, TR_LANGUAGE) VALUES ('frontend', 'status.debug.enabled', 'Debug activat', 'ca-ES');
INSERT INTO OKM_TRANSLATION (TR_MODULE, TR_KEY, TR_TEXT, TR_LANGUAGE) VALUES ('frontend', 'status.debug.disabled', 'Debug desactivat', 'ca-ES');
INSERT INTO OKM_TRANSLATION (TR_MODULE, TR_KEY, TR_TEXT, TR_LANGUAGE) VALUES ('frontend', 'status.network.error.detected', 'Detectat error de red', 'ca-ES');
INSERT INTO OKM_TRANSLATION (TR_MODULE, TR_KEY, TR_TEXT, TR_LANGUAGE) VALUES ('frontend', 'calendar.day.sunday', 'Diumenge', 'ca-ES');
INSERT INTO OKM_TRANSLATION (TR_MODULE, TR_KEY, TR_TEXT, TR_LANGUAGE) VALUES ('frontend', 'calendar.day.monday', 'Dilluns', 'ca-ES');
INSERT INTO OKM_TRANSLATION (TR_MODULE, TR_KEY, TR_TEXT, TR_LANGUAGE) VALUES ('frontend', 'calendar.day.tuesday', 'Dimarts', 'ca-ES');
INSERT INTO OKM_TRANSLATION (TR_MODULE, TR_KEY, TR_TEXT, TR_LANGUAGE) VALUES ('frontend', 'calendar.day.wednesday', 'Dimecres', 'ca-ES');
INSERT INTO OKM_TRANSLATION (TR_MODULE, TR_KEY, TR_TEXT, TR_LANGUAGE) VALUES ('frontend', 'calendar.day.thursday', 'Dijous', 'ca-ES');
INSERT INTO OKM_TRANSLATION (TR_MODULE, TR_KEY, TR_TEXT, TR_LANGUAGE) VALUES ('frontend', 'calendar.day.friday', 'Divendres', 'ca-ES');
INSERT INTO OKM_TRANSLATION (TR_MODULE, TR_KEY, TR_TEXT, TR_LANGUAGE) VALUES ('frontend', 'calendar.day.saturday', 'Dissabte', 'ca-ES');
INSERT INTO OKM_TRANSLATION (TR_MODULE, TR_KEY, TR_TEXT, TR_LANGUAGE) VALUES ('frontend', 'calendar.month.january', 'Gener', 'ca-ES');
INSERT INTO OKM_TRANSLATION (TR_MODULE, TR_KEY, TR_TEXT, TR_LANGUAGE) VALUES ('frontend', 'calendar.month.february', 'Febrer', 'ca-ES');
INSERT INTO OKM_TRANSLATION (TR_MODULE, TR_KEY, TR_TEXT, TR_LANGUAGE) VALUES ('frontend', 'calendar.month.march', 'Mar', 'ca-ES');
INSERT INTO OKM_TRANSLATION (TR_MODULE, TR_KEY, TR_TEXT, TR_LANGUAGE) VALUES ('frontend', 'calendar.month.april', 'Abril', 'ca-ES');
INSERT INTO OKM_TRANSLATION (TR_MODULE, TR_KEY, TR_TEXT, TR_LANGUAGE) VALUES ('frontend', 'calendar.month.may', 'Maig', 'ca-ES');
INSERT INTO OKM_TRANSLATION (TR_MODULE, TR_KEY, TR_TEXT, TR_LANGUAGE) VALUES ('frontend', 'calendar.month.june', 'Juny', 'ca-ES');
INSERT INTO OKM_TRANSLATION (TR_MODULE, TR_KEY, TR_TEXT, TR_LANGUAGE) VALUES ('frontend', 'calendar.month.july', 'Juliol', 'ca-ES');
INSERT INTO OKM_TRANSLATION (TR_MODULE, TR_KEY, TR_TEXT, TR_LANGUAGE) VALUES ('frontend', 'calendar.month.august', 'Agost', 'ca-ES');
INSERT INTO OKM_TRANSLATION (TR_MODULE, TR_KEY, TR_TEXT, TR_LANGUAGE) VALUES ('frontend', 'calendar.month.september', 'Setembre', 'ca-ES');
INSERT INTO OKM_TRANSLATION (TR_MODULE, TR_KEY, TR_TEXT, TR_LANGUAGE) VALUES ('frontend', 'calendar.month.october', 'Octubre', 'ca-ES');
INSERT INTO OKM_TRANSLATION (TR_MODULE, TR_KEY, TR_TEXT, TR_LANGUAGE) VALUES ('frontend', 'calendar.month.november', 'Novembre', 'ca-ES');
INSERT INTO OKM_TRANSLATION (TR_MODULE, TR_KEY, TR_TEXT, TR_LANGUAGE) VALUES ('frontend', 'calendar.month.december', 'Desembre', 'ca-ES');
INSERT INTO OKM_TRANSLATION (TR_MODULE, TR_KEY, TR_TEXT, TR_LANGUAGE) VALUES ('frontend', 'media.player.label', 'Reproductor multimedia', 'ca-ES');
INSERT INTO OKM_TRANSLATION (TR_MODULE, TR_KEY, TR_TEXT, TR_LANGUAGE) VALUES ('frontend', 'image.viewer.label', 'Visor d''imatges', 'ca-ES');
INSERT INTO OKM_TRANSLATION (TR_MODULE, TR_KEY, TR_TEXT, TR_LANGUAGE) VALUES ('frontend', 'image.viewer.zoom.in', 'Ampliar', 'ca-ES');
INSERT INTO OKM_TRANSLATION (TR_MODULE, TR_KEY, TR_TEXT, TR_LANGUAGE) VALUES ('frontend', 'image.viewer.zoom.out', 'Reduir', 'ca-ES');
INSERT INTO OKM_TRANSLATION (TR_MODULE, TR_KEY, TR_TEXT, TR_LANGUAGE) VALUES ('frontend', 'debug.console.label', 'Consola de depuraci', 'ca-ES');
INSERT INTO OKM_TRANSLATION (TR_MODULE, TR_KEY, TR_TEXT, TR_LANGUAGE) VALUES ('frontend', 'debug.enable.disable', 'CTRL+Z per activar o desactivar el mode debug', 'ca-ES');
INSERT INTO OKM_TRANSLATION (TR_MODULE, TR_KEY, TR_TEXT, TR_LANGUAGE) VALUES ('frontend', 'dashboard.tab.general', 'General', 'ca-ES');
INSERT INTO OKM_TRANSLATION (TR_MODULE, TR_KEY, TR_TEXT, TR_LANGUAGE) VALUES ('frontend', 'dashboard.tab.news', 'Novetats', 'ca-ES');
INSERT INTO OKM_TRANSLATION (TR_MODULE, TR_KEY, TR_TEXT, TR_LANGUAGE) VALUES ('frontend', 'dashboard.tab.user', 'Usuari', 'ca-ES');
INSERT INTO OKM_TRANSLATION (TR_MODULE, TR_KEY, TR_TEXT, TR_LANGUAGE) VALUES ('frontend', 'dashboard.tab.workflow', 'Workflow', 'ca-ES');
INSERT INTO OKM_TRANSLATION (TR_MODULE, TR_KEY, TR_TEXT, TR_LANGUAGE) VALUES ('frontend', 'dashboard.tab.mail', 'Correu', 'ca-ES');
INSERT INTO OKM_TRANSLATION (TR_MODULE, TR_KEY, TR_TEXT, TR_LANGUAGE) VALUES ('frontend', 'dashboard.tab.keymap', 'Keyword map', 'ca-ES');
INSERT INTO OKM_TRANSLATION (TR_MODULE, TR_KEY, TR_TEXT, TR_LANGUAGE) VALUES ('frontend', 'dashboard.new.items', 'Nous', 'ca-ES');
INSERT INTO OKM_TRANSLATION (TR_MODULE, TR_KEY, TR_TEXT, TR_LANGUAGE) VALUES ('frontend', 'dashboard.user.locked.documents', 'Documents bloquejats', 'ca-ES');
INSERT INTO OKM_TRANSLATION (TR_MODULE, TR_KEY, TR_TEXT, TR_LANGUAGE) VALUES ('frontend', 'dashboard.user.checkout.documents', 'Documents checkout', 'ca-ES');
INSERT INTO OKM_TRANSLATION (TR_MODULE, TR_KEY, TR_TEXT, TR_LANGUAGE) VALUES ('frontend', 'dashboard.user.last.modified.documents', 'Darrers documents modificats', 'ca-ES');
INSERT INTO OKM_TRANSLATION (TR_MODULE, TR_KEY, TR_TEXT, TR_LANGUAGE) VALUES ('frontend', 'dashboard.user.last.downloaded.documents', 'Darrers documents descarregats', 'ca-ES');
INSERT INTO OKM_TRANSLATION (TR_MODULE, TR_KEY, TR_TEXT, TR_LANGUAGE) VALUES ('frontend', 'dashboard.user.subscribed.documents', 'Documents suscrits', 'ca-ES');
INSERT INTO OKM_TRANSLATION (TR_MODULE, TR_KEY, TR_TEXT, TR_LANGUAGE) VALUES ('frontend', 'dashboard.user.subscribed.folders', 'Carpetes suscrites', 'ca-ES');
INSERT INTO OKM_TRANSLATION (TR_MODULE, TR_KEY, TR_TEXT, TR_LANGUAGE) VALUES ('frontend', 'dashboard.user.last.uploaded.documents', 'Darrers documets pujats', 'ca-ES');
INSERT INTO OKM_TRANSLATION (TR_MODULE, TR_KEY, TR_TEXT, TR_LANGUAGE) VALUES ('frontend', 'dashboard.general.last.week.top.downloaded.documents', 'Documents ms vistos la darrera setmana', 'ca-ES');
INSERT INTO OKM_TRANSLATION (TR_MODULE, TR_KEY, TR_TEXT, TR_LANGUAGE) VALUES ('frontend', 'dashboard.general.last.month.top.downloaded.documents', 'Documents ms vistos el darrer mes', 'ca-ES');
INSERT INTO OKM_TRANSLATION (TR_MODULE, TR_KEY, TR_TEXT, TR_LANGUAGE) VALUES ('frontend', 'dashboard.general.last.week.top.modified.documents', 'Documents ms modificats la darrera setmana', 'ca-ES');
INSERT INTO OKM_TRANSLATION (TR_MODULE, TR_KEY, TR_TEXT, TR_LANGUAGE) VALUES ('frontend', 'dashboard.general.last.month.top.modified.documents', 'Documents ms modificats el darrer mes', 'ca-ES');
INSERT INTO OKM_TRANSLATION (TR_MODULE, TR_KEY, TR_TEXT, TR_LANGUAGE) VALUES ('frontend', 'dashboard.general.last.uploaded.documents', 'Darrers documents pujats', 'ca-ES');
INSERT INTO OKM_TRANSLATION (TR_MODULE, TR_KEY, TR_TEXT, TR_LANGUAGE) VALUES ('frontend', 'dashboard.workflow.pending.tasks', 'Tasques pendents', 'ca-ES');
INSERT INTO OKM_TRANSLATION (TR_MODULE, TR_KEY, TR_TEXT, TR_LANGUAGE) VALUES ('frontend', 'dashboard.workflow.pending.tasks.unassigned', 'Tasques pendent no assignades', 'ca-ES');
INSERT INTO OKM_TRANSLATION (TR_MODULE, TR_KEY, TR_TEXT, TR_LANGUAGE) VALUES ('frontend', 'dashboard.workflow.task', 'Tasca', 'ca-ES');
INSERT INTO OKM_TRANSLATION (TR_MODULE, TR_KEY, TR_TEXT, TR_LANGUAGE) VALUES ('frontend', 'dashboard.workflow.task.id', 'ID', 'ca-ES');
INSERT INTO OKM_TRANSLATION (TR_MODULE, TR_KEY, TR_TEXT, TR_LANGUAGE) VALUES ('frontend', 'dashboard.workflow.task.name', 'Nom', 'ca-ES');
INSERT INTO OKM_TRANSLATION (TR_MODULE, TR_KEY, TR_TEXT, TR_LANGUAGE) VALUES ('frontend', 'dashboard.workflow.task.created', 'Data creaci', 'ca-ES');
INSERT INTO OKM_TRANSLATION (TR_MODULE, TR_KEY, TR_TEXT, TR_LANGUAGE) VALUES ('frontend', 'dashboard.workflow.task.start', 'Data inici', 'ca-ES');
INSERT INTO OKM_TRANSLATION (TR_MODULE, TR_KEY, TR_TEXT, TR_LANGUAGE) VALUES ('frontend', 'dashboard.workflow.task.duedate', 'Data lmit', 'ca-ES');
INSERT INTO OKM_TRANSLATION (TR_MODULE, TR_KEY, TR_TEXT, TR_LANGUAGE) VALUES ('frontend', 'dashboard.workflow.task.end', 'Data finalitzaci', 'ca-ES');
INSERT INTO OKM_TRANSLATION (TR_MODULE, TR_KEY, TR_TEXT, TR_LANGUAGE) VALUES ('frontend', 'dashboard.workflow.task.description', 'Descripci', 'ca-ES');
INSERT INTO OKM_TRANSLATION (TR_MODULE, TR_KEY, TR_TEXT, TR_LANGUAGE) VALUES ('frontend', 'dashboard.workflow.task.process.instance', 'Instancia del procs', 'ca-ES');
INSERT INTO OKM_TRANSLATION (TR_MODULE, TR_KEY, TR_TEXT, TR_LANGUAGE) VALUES ('frontend', 'dashboard.workflow.task.process.id', 'ID', 'ca-ES');
INSERT INTO OKM_TRANSLATION (TR_MODULE, TR_KEY, TR_TEXT, TR_LANGUAGE) VALUES ('frontend', 'dashboard.workflow.task.process.version', 'Versi', 'ca-ES');
INSERT INTO OKM_TRANSLATION (TR_MODULE, TR_KEY, TR_TEXT, TR_LANGUAGE) VALUES ('frontend', 'dashboard.workflow.task.process.name', 'Nom', 'ca-ES');
INSERT INTO OKM_TRANSLATION (TR_MODULE, TR_KEY, TR_TEXT, TR_LANGUAGE) VALUES ('frontend', 'dashboard.workflow.task.process.description', 'Descripci', 'ca-ES');
INSERT INTO OKM_TRANSLATION (TR_MODULE, TR_KEY, TR_TEXT, TR_LANGUAGE) VALUES ('frontend', 'dashboard.workflow.task.process.data', 'Dades', 'ca-ES');
INSERT INTO OKM_TRANSLATION (TR_MODULE, TR_KEY, TR_TEXT, TR_LANGUAGE) VALUES ('frontend', 'dashboard.workflow.comments', 'Comentaris', 'ca-ES');
INSERT INTO OKM_TRANSLATION (TR_MODULE, TR_KEY, TR_TEXT, TR_LANGUAGE) VALUES ('frontend', 'dashboard.workflow.task.process.forms', 'Formulari', 'ca-ES');
INSERT INTO OKM_TRANSLATION (TR_MODULE, TR_KEY, TR_TEXT, TR_LANGUAGE) VALUES ('frontend', 'dashboard.workflow.add.comment', 'Aadir comentario', 'ca-ES');
INSERT INTO OKM_TRANSLATION (TR_MODULE, TR_KEY, TR_TEXT, TR_LANGUAGE) VALUES ('frontend', 'dashboard.workflow.task.process.definition', 'Definici del process', 'ca-ES');
INSERT INTO OKM_TRANSLATION (TR_MODULE, TR_KEY, TR_TEXT, TR_LANGUAGE) VALUES ('frontend', 'dashboard.workflow.task.process.path', 'Ruta', 'ca-ES');
INSERT INTO OKM_TRANSLATION (TR_MODULE, TR_KEY, TR_TEXT, TR_LANGUAGE) VALUES ('frontend', 'dashboard.refreshing', 'Refrescant', 'ca-ES');
INSERT INTO OKM_TRANSLATION (TR_MODULE, TR_KEY, TR_TEXT, TR_LANGUAGE) VALUES ('frontend', 'dashboard.keyword', 'Paraules clau', 'ca-ES');
INSERT INTO OKM_TRANSLATION (TR_MODULE, TR_KEY, TR_TEXT, TR_LANGUAGE) VALUES ('frontend', 'dashboard.keyword.suggest', 'Escriu la paraula plau', 'ca-ES');
INSERT INTO OKM_TRANSLATION (TR_MODULE, TR_KEY, TR_TEXT, TR_LANGUAGE) VALUES ('frontend', 'dashboard.keyword.all', 'Paraules clau', 'ca-ES');
INSERT INTO OKM_TRANSLATION (TR_MODULE, TR_KEY, TR_TEXT, TR_LANGUAGE) VALUES ('frontend', 'dashboard.keyword.top', 'Paraules clau mes emprades', 'ca-ES');
INSERT INTO OKM_TRANSLATION (TR_MODULE, TR_KEY, TR_TEXT, TR_LANGUAGE) VALUES ('frontend', 'dashboard.keyword.related', 'Paraules clau relacionades', 'ca-ES');
INSERT INTO OKM_TRANSLATION (TR_MODULE, TR_KEY, TR_TEXT, TR_LANGUAGE) VALUES ('frontend', 'dashboard.keyword.goto.document', 'Anar al document', 'ca-ES');
INSERT INTO OKM_TRANSLATION (TR_MODULE, TR_KEY, TR_TEXT, TR_LANGUAGE) VALUES ('frontend', 'dashboard.keyword.clean.keywords', 'Neteja paraules clau', 'ca-ES');
INSERT INTO OKM_TRANSLATION (TR_MODULE, TR_KEY, TR_TEXT, TR_LANGUAGE) VALUES ('frontend', 'dashboard.mail.last.imported.mails', 'Correu electrnic', 'ca-ES');
INSERT INTO OKM_TRANSLATION (TR_MODULE, TR_KEY, TR_TEXT, TR_LANGUAGE) VALUES ('frontend', 'dashboard.mail.last.imported.attached.documents', 'Documents adjunts', 'ca-ES');
INSERT INTO OKM_TRANSLATION (TR_MODULE, TR_KEY, TR_TEXT, TR_LANGUAGE) VALUES ('frontend', 'workflow.label', 'Iniciar workflow', 'ca-ES');
INSERT INTO OKM_TRANSLATION (TR_MODULE, TR_KEY, TR_TEXT, TR_LANGUAGE) VALUES ('frontend', 'user.preferences.label', 'Configuracin del usuario', 'ca-ES');
INSERT INTO OKM_TRANSLATION (TR_MODULE, TR_KEY, TR_TEXT, TR_LANGUAGE) VALUES ('frontend', 'user.preferences.user', 'Usuari', 'ca-ES');
INSERT INTO OKM_TRANSLATION (TR_MODULE, TR_KEY, TR_TEXT, TR_LANGUAGE) VALUES ('frontend', 'user.preferences.password', 'Clau', 'ca-ES');
INSERT INTO OKM_TRANSLATION (TR_MODULE, TR_KEY, TR_TEXT, TR_LANGUAGE) VALUES ('frontend', 'user.preferences.mail', 'Correu electrnic', 'ca-ES');
INSERT INTO OKM_TRANSLATION (TR_MODULE, TR_KEY, TR_TEXT, TR_LANGUAGE) VALUES ('frontend', 'user.preferences.roles', 'Grups', 'ca-ES');
INSERT INTO OKM_TRANSLATION (TR_MODULE, TR_KEY, TR_TEXT, TR_LANGUAGE) VALUES ('frontend', 'user.preferences.imap.host', 'Servidor de IMAP', 'ca-ES');
INSERT INTO OKM_TRANSLATION (TR_MODULE, TR_KEY, TR_TEXT, TR_LANGUAGE) VALUES ('frontend', 'user.preferences.imap.user', 'Nom d''usuari de IMAP', 'ca-ES');
INSERT INTO OKM_TRANSLATION (TR_MODULE, TR_KEY, TR_TEXT, TR_LANGUAGE) VALUES ('frontend', 'user.preferences.imap.user.password', 'Clau de l''usuari de IMAP', 'ca-ES');
INSERT INTO OKM_TRANSLATION (TR_MODULE, TR_KEY, TR_TEXT, TR_LANGUAGE) VALUES ('frontend', 'user.preferences.imap.folder', 'Carpeta de IMAP', 'ca-ES');
INSERT INTO OKM_TRANSLATION (TR_MODULE, TR_KEY, TR_TEXT, TR_LANGUAGE) VALUES ('frontend', 'user.preferences.password.error', 'Error la clau no coincideix', 'ca-ES');
INSERT INTO OKM_TRANSLATION (TR_MODULE, TR_KEY, TR_TEXT, TR_LANGUAGE) VALUES ('frontend', 'user.preferences.user.data', 'Compte d''usuari', 'ca-ES');
INSERT INTO OKM_TRANSLATION (TR_MODULE, TR_KEY, TR_TEXT, TR_LANGUAGE) VALUES ('frontend', 'user.preferences.mail.data', 'Compte de mail', 'ca-ES');
INSERT INTO OKM_TRANSLATION (TR_MODULE, TR_KEY, TR_TEXT, TR_LANGUAGE) VALUES ('frontend', 'user.preferences.imap.error', 'Tots els camps son obligatoris per configurar el correu', 'ca-ES');
INSERT INTO OKM_TRANSLATION (TR_MODULE, TR_KEY, TR_TEXT, TR_LANGUAGE) VALUES ('frontend', 'user.preferences.imap.password.error.void', 'El clau de IMAP no pot ser buit en la creaci', 'ca-ES');
INSERT INTO OKM_TRANSLATION (TR_MODULE, TR_KEY, TR_TEXT, TR_LANGUAGE) VALUES ('frontend', 'user.preferences.imap.test.error', 'Configuraci de IMAP incorrecta', 'ca-ES');
INSERT INTO OKM_TRANSLATION (TR_MODULE, TR_KEY, TR_TEXT, TR_LANGUAGE) VALUES ('frontend', 'user.preferences.imap.test.ok', 'Configuraci de IMAP correcta', 'ca-ES');
INSERT INTO OKM_TRANSLATION (TR_MODULE, TR_KEY, TR_TEXT, TR_LANGUAGE) VALUES ('frontend', 'thesaurus.directory.select.label', 'Afegir una paraula clau del thesaurus', 'ca-ES');
INSERT INTO OKM_TRANSLATION (TR_MODULE, TR_KEY, TR_TEXT, TR_LANGUAGE) VALUES ('frontend', 'thesaurus.tab.tree', 'Arbre', 'ca-ES');
INSERT INTO OKM_TRANSLATION (TR_MODULE, TR_KEY, TR_TEXT, TR_LANGUAGE) VALUES ('frontend', 'thesaurus.tab.keywords', 'Paraules clau', 'ca-ES');
INSERT INTO OKM_TRANSLATION (TR_MODULE, TR_KEY, TR_TEXT, TR_LANGUAGE) VALUES ('frontend', 'categories.folder.select.label', 'Afegir una categoria', 'ca-ES');
INSERT INTO OKM_TRANSLATION (TR_MODULE, TR_KEY, TR_TEXT, TR_LANGUAGE) VALUES ('frontend', 'categories.folder.error.delete', 'No es pot eliminar una categoria amb documents', 'ca-ES');
INSERT INTO OKM_TRANSLATION (TR_MODULE, TR_KEY, TR_TEXT, TR_LANGUAGE) VALUES ('frontend', 'wizard.document.uploading', 'Assistent de document', 'ca-ES');
INSERT INTO OKM_TRANSLATION (TR_MODULE, TR_KEY, TR_TEXT, TR_LANGUAGE) VALUES ('frontend', 'user.info.chat.connect', 'Conectar el chat', 'ca-ES');
INSERT INTO OKM_TRANSLATION (TR_MODULE, TR_KEY, TR_TEXT, TR_LANGUAGE) VALUES ('frontend', 'user.info.chat.disconnect', 'Desconectar el chat', 'ca-ES');
INSERT INTO OKM_TRANSLATION (TR_MODULE, TR_KEY, TR_TEXT, TR_LANGUAGE) VALUES ('frontend', 'user.info.chat.new.room', 'Nou chat', 'ca-ES');
INSERT INTO OKM_TRANSLATION (TR_MODULE, TR_KEY, TR_TEXT, TR_LANGUAGE) VALUES ('frontend', 'user.info.locked.actual', 'Documents bloquejats', 'ca-ES');
INSERT INTO OKM_TRANSLATION (TR_MODULE, TR_KEY, TR_TEXT, TR_LANGUAGE) VALUES ('frontend', 'user.info.checkout.actual', 'Documents editats', 'ca-ES');
INSERT INTO OKM_TRANSLATION (TR_MODULE, TR_KEY, TR_TEXT, TR_LANGUAGE) VALUES ('frontend', 'user.info.subscription.actual', 'Suscripcions actuals', 'ca-ES');
INSERT INTO OKM_TRANSLATION (TR_MODULE, TR_KEY, TR_TEXT, TR_LANGUAGE) VALUES ('frontend', 'user.info.news.new', 'Novetats', 'ca-ES');
INSERT INTO OKM_TRANSLATION (TR_MODULE, TR_KEY, TR_TEXT, TR_LANGUAGE) VALUES ('frontend', 'user.info.workflow.pending', 'Workflows pendients', 'ca-ES');
INSERT INTO OKM_TRANSLATION (TR_MODULE, TR_KEY, TR_TEXT, TR_LANGUAGE) VALUES ('frontend', 'user.info.user.quota', 'Quota utilizada', 'ca-ES');
INSERT INTO OKM_TRANSLATION (TR_MODULE, TR_KEY, TR_TEXT, TR_LANGUAGE) VALUES ('frontend', 'user.online', 'Usuaris conectats', 'ca-ES');
INSERT INTO OKM_TRANSLATION (TR_MODULE, TR_KEY, TR_TEXT, TR_LANGUAGE) VALUES ('frontend', 'chat.room', 'Chat', 'ca-ES');
INSERT INTO OKM_TRANSLATION (TR_MODULE, TR_KEY, TR_TEXT, TR_LANGUAGE) VALUES ('frontend', 'chat.users.in.room', 'Usuaris', 'ca-ES');
INSERT INTO OKM_TRANSLATION (TR_MODULE, TR_KEY, TR_TEXT, TR_LANGUAGE) VALUES ('frontend', 'OKM-017009', 'No teniu permisos per a accedir al document', 'ca-ES');
INSERT INTO OKM_TRANSLATION (TR_MODULE, TR_KEY, TR_TEXT, TR_LANGUAGE) VALUES ('frontend', 'OKM-017004', 'No s''ha pogut bloquejar el document', 'ca-ES');
INSERT INTO OKM_TRANSLATION (TR_MODULE, TR_KEY, TR_TEXT, TR_LANGUAGE) VALUES ('frontend', 'OKM-017001', 'Error intern en el repositori', 'ca-ES');
INSERT INTO OKM_TRANSLATION (TR_MODULE, TR_KEY, TR_TEXT, TR_LANGUAGE) VALUES ('frontend', 'OKM-017015', 'La ruta del document no existeix', 'ca-ES');
INSERT INTO OKM_TRANSLATION (TR_MODULE, TR_KEY, TR_TEXT, TR_LANGUAGE) VALUES ('frontend', 'OKM-017016', 'Error en la versi', 'ca-ES');
INSERT INTO OKM_TRANSLATION (TR_MODULE, TR_KEY, TR_TEXT, TR_LANGUAGE) VALUES ('frontend', 'OKM-002009', 'No teniu permisos per a accedir al document', 'ca-ES');
INSERT INTO OKM_TRANSLATION (TR_MODULE, TR_KEY, TR_TEXT, TR_LANGUAGE) VALUES ('frontend', 'OKM-002002', 'No existeix un document amb aquest nom', 'ca-ES');
INSERT INTO OKM_TRANSLATION (TR_MODULE, TR_KEY, TR_TEXT, TR_LANGUAGE) VALUES ('frontend', 'OKM-002003', 'Ja existeix un document amb aquest nom', 'ca-ES');
INSERT INTO OKM_TRANSLATION (TR_MODULE, TR_KEY, TR_TEXT, TR_LANGUAGE) VALUES ('frontend', 'OKM-002004', 'No s''ha pogut bloquejar el document', 'ca-ES');
INSERT INTO OKM_TRANSLATION (TR_MODULE, TR_KEY, TR_TEXT, TR_LANGUAGE) VALUES ('frontend', 'OKM-002004', 'No s''ha pogut desbloquejar el document', 'ca-ES');
INSERT INTO OKM_TRANSLATION (TR_MODULE, TR_KEY, TR_TEXT, TR_LANGUAGE) VALUES ('frontend', 'OKM-002001', 'Error intern en el repositori', 'ca-ES');
INSERT INTO OKM_TRANSLATION (TR_MODULE, TR_KEY, TR_TEXT, TR_LANGUAGE) VALUES ('frontend', 'OKM-002006', 'Error intern de l''aplicaci', 'ca-ES');
INSERT INTO OKM_TRANSLATION (TR_MODULE, TR_KEY, TR_TEXT, TR_LANGUAGE) VALUES ('frontend', 'OKM-002015', 'La ruta del document no existeix', 'ca-ES');
INSERT INTO OKM_TRANSLATION (TR_MODULE, TR_KEY, TR_TEXT, TR_LANGUAGE) VALUES ('frontend', 'OKM-002024', 'Error en la base de dades', 'ca-ES');
INSERT INTO OKM_TRANSLATION (TR_MODULE, TR_KEY, TR_TEXT, TR_LANGUAGE) VALUES ('frontend', 'OKM-001009', 'No teniu permisos per a accedir a la carpeta', 'ca-ES');
INSERT INTO OKM_TRANSLATION (TR_MODULE, TR_KEY, TR_TEXT, TR_LANGUAGE) VALUES ('frontend', 'OKM-001002', 'No existeix una carpeta amb aquest nom', 'ca-ES');
INSERT INTO OKM_TRANSLATION (TR_MODULE, TR_KEY, TR_TEXT, TR_LANGUAGE) VALUES ('frontend', 'OKM-001003', 'Ja existeix una carpeta amb aquest nom', 'ca-ES');
INSERT INTO OKM_TRANSLATION (TR_MODULE, TR_KEY, TR_TEXT, TR_LANGUAGE) VALUES ('frontend', 'OKM-001001', 'Error intern del repositori', 'ca-ES');
INSERT INTO OKM_TRANSLATION (TR_MODULE, TR_KEY, TR_TEXT, TR_LANGUAGE) VALUES ('frontend', 'OKM-001006', 'Error intern de l''aplicaci', 'ca-ES');
INSERT INTO OKM_TRANSLATION (TR_MODULE, TR_KEY, TR_TEXT, TR_LANGUAGE) VALUES ('frontend', 'OKM-001015', 'La ruta de la carpeta no existeix', 'ca-ES');
INSERT INTO OKM_TRANSLATION (TR_MODULE, TR_KEY, TR_TEXT, TR_LANGUAGE) VALUES ('frontend', 'OKM-001024', 'Error en la base de dades', 'ca-ES');
INSERT INTO OKM_TRANSLATION (TR_MODULE, TR_KEY, TR_TEXT, TR_LANGUAGE) VALUES ('frontend', 'OKM-007009', 'No teniu permisos per a accedir a l''element', 'ca-ES');
INSERT INTO OKM_TRANSLATION (TR_MODULE, TR_KEY, TR_TEXT, TR_LANGUAGE) VALUES ('frontend', 'OKM-007002', 'No existeix un element amb aquest nom', 'ca-ES');
INSERT INTO OKM_TRANSLATION (TR_MODULE, TR_KEY, TR_TEXT, TR_LANGUAGE) VALUES ('frontend', 'OKM-007001', 'Error intern del repositori', 'ca-ES');
INSERT INTO OKM_TRANSLATION (TR_MODULE, TR_KEY, TR_TEXT, TR_LANGUAGE) VALUES ('frontend', 'OKM-007006', 'Error intern de l''aplicaci', 'ca-ES');
INSERT INTO OKM_TRANSLATION (TR_MODULE, TR_KEY, TR_TEXT, TR_LANGUAGE) VALUES ('frontend', 'OKM-007024', 'Error en la base de dades', 'ca-ES');
INSERT INTO OKM_TRANSLATION (TR_MODULE, TR_KEY, TR_TEXT, TR_LANGUAGE) VALUES ('frontend', 'OKM-009002', 'No existeix un document amb aquest nom', 'ca-ES');
INSERT INTO OKM_TRANSLATION (TR_MODULE, TR_KEY, TR_TEXT, TR_LANGUAGE) VALUES ('frontend', 'OKM-009006', 'Error intern de l''aplicaci', 'ca-ES');
INSERT INTO OKM_TRANSLATION (TR_MODULE, TR_KEY, TR_TEXT, TR_LANGUAGE) VALUES ('frontend', 'OKM-005010', 'Tipus de fitxer no suportat', 'ca-ES');
INSERT INTO OKM_TRANSLATION (TR_MODULE, TR_KEY, TR_TEXT, TR_LANGUAGE) VALUES ('frontend', 'OKM-005003', 'Ja existeix un document amb aquest nom', 'ca-ES');
INSERT INTO OKM_TRANSLATION (TR_MODULE, TR_KEY, TR_TEXT, TR_LANGUAGE) VALUES ('frontend', 'OKM-005011', 'El document s massa gran', 'ca-ES');
INSERT INTO OKM_TRANSLATION (TR_MODULE, TR_KEY, TR_TEXT, TR_LANGUAGE) VALUES ('frontend', 'OKM-005027', 'El nom del document es diferent', 'ca-ES');
INSERT INTO OKM_TRANSLATION (TR_MODULE, TR_KEY, TR_TEXT, TR_LANGUAGE) VALUES ('frontend', 'OKM-004001', 'La sessi s''ha tancat', 'ca-ES');
INSERT INTO OKM_TRANSLATION (TR_MODULE, TR_KEY, TR_TEXT, TR_LANGUAGE) VALUES ('frontend', 'OKM-004024', 'Error en la base de dades', 'ca-ES');
INSERT INTO OKM_TRANSLATION (TR_MODULE, TR_KEY, TR_TEXT, TR_LANGUAGE) VALUES ('frontend', 'OKM-008001', 'Generic error executing query', 'ca-ES');
INSERT INTO OKM_TRANSLATION (TR_MODULE, TR_KEY, TR_TEXT, TR_LANGUAGE) VALUES ('frontend', 'OKM-008003', 'El nom de la consulta enmagatzemada ha de ser nic', 'ca-ES');
INSERT INTO OKM_TRANSLATION (TR_MODULE, TR_KEY, TR_TEXT, TR_LANGUAGE) VALUES ('frontend', 'OKM-008024', 'Error en la base de dades', 'ca-ES');
INSERT INTO OKM_TRANSLATION (TR_MODULE, TR_KEY, TR_TEXT, TR_LANGUAGE) VALUES ('frontend', 'OKM-011003', 'El nom del l''enlla d''inters ha de ser nic', 'ca-ES');
INSERT INTO OKM_TRANSLATION (TR_MODULE, TR_KEY, TR_TEXT, TR_LANGUAGE) VALUES ('frontend', 'OKM-003017', 'S''ha perdut la sessi', 'ca-ES');
INSERT INTO OKM_TRANSLATION (TR_MODULE, TR_KEY, TR_TEXT, TR_LANGUAGE) VALUES ('frontend', 'OKM-013001', 'Error intern del repositori', 'ca-ES');
INSERT INTO OKM_TRANSLATION (TR_MODULE, TR_KEY, TR_TEXT, TR_LANGUAGE) VALUES ('frontend', 'OKM-013024', 'Error en la base de dades', 'ca-ES');
INSERT INTO OKM_TRANSLATION (TR_MODULE, TR_KEY, TR_TEXT, TR_LANGUAGE) VALUES ('frontend', 'OKM-014001', 'Error intern del repositori', 'ca-ES');
INSERT INTO OKM_TRANSLATION (TR_MODULE, TR_KEY, TR_TEXT, TR_LANGUAGE) VALUES ('frontend', 'OKM-014013', 'Error en el dispositiu I/O', 'ca-ES');
INSERT INTO OKM_TRANSLATION (TR_MODULE, TR_KEY, TR_TEXT, TR_LANGUAGE) VALUES ('frontend', 'OKM-015001', 'Error intern del repositori', 'ca-ES');
INSERT INTO OKM_TRANSLATION (TR_MODULE, TR_KEY, TR_TEXT, TR_LANGUAGE) VALUES ('frontend', 'OKM-015024', 'Error en la base de dades', 'ca-ES');
INSERT INTO OKM_TRANSLATION (TR_MODULE, TR_KEY, TR_TEXT, TR_LANGUAGE) VALUES ('frontend', 'OKM-018022', 'Error en la configuraci del navegador', 'ca-ES');
INSERT INTO OKM_TRANSLATION (TR_MODULE, TR_KEY, TR_TEXT, TR_LANGUAGE) VALUES ('frontend', 'OKM-018023', 'Error ha superat la quota de usuario,  contacti amb l''administrador', 'ca-ES');
INSERT INTO OKM_TRANSLATION (TR_MODULE, TR_KEY, TR_TEXT, TR_LANGUAGE) VALUES ('frontend', 'OKM-016009', 'No teniu permisos per a accedir al correu electrnic', 'ca-ES');
INSERT INTO OKM_TRANSLATION (TR_MODULE, TR_KEY, TR_TEXT, TR_LANGUAGE) VALUES ('frontend', 'OKM-016002', 'No existeix un correu electrnic amb aquest nom', 'ca-ES');
INSERT INTO OKM_TRANSLATION (TR_MODULE, TR_KEY, TR_TEXT, TR_LANGUAGE) VALUES ('frontend', 'OKM-016003', 'Ja existeix un correu electrnic amb aquest nom', 'ca-ES');
INSERT INTO OKM_TRANSLATION (TR_MODULE, TR_KEY, TR_TEXT, TR_LANGUAGE) VALUES ('frontend', 'OKM-016004', 'No s''ha pogut bloquejar el correu electrnic', 'ca-ES');
INSERT INTO OKM_TRANSLATION (TR_MODULE, TR_KEY, TR_TEXT, TR_LANGUAGE) VALUES ('frontend', 'OKM-016001', 'Error intern en el repositori', 'ca-ES');
INSERT INTO OKM_TRANSLATION (TR_MODULE, TR_KEY, TR_TEXT, TR_LANGUAGE) VALUES ('frontend', 'OKM-016006', 'Error intern de l''aplicaci', 'ca-ES');
INSERT INTO OKM_TRANSLATION (TR_MODULE, TR_KEY, TR_TEXT, TR_LANGUAGE) VALUES ('frontend', 'OKM-016015', 'La ruta del correu electrnic no existeix', 'ca-ES');
INSERT INTO OKM_TRANSLATION (TR_MODULE, TR_KEY, TR_TEXT, TR_LANGUAGE) VALUES ('frontend', 'OKM-016024', 'Error en la base de dades', 'ca-ES');
INSERT INTO OKM_TRANSLATION (TR_MODULE, TR_KEY, TR_TEXT, TR_LANGUAGE) VALUES ('frontend', 'OKM-010015', 'La ruta no existeix', 'ca-ES');
INSERT INTO OKM_TRANSLATION (TR_MODULE, TR_KEY, TR_TEXT, TR_LANGUAGE) VALUES ('frontend', 'OKM-010009', 'Access denegat', 'ca-ES');
INSERT INTO OKM_TRANSLATION (TR_MODULE, TR_KEY, TR_TEXT, TR_LANGUAGE) VALUES ('frontend', 'OKM-010001', 'Error intern del repositori', 'ca-ES');
INSERT INTO OKM_TRANSLATION (TR_MODULE, TR_KEY, TR_TEXT, TR_LANGUAGE) VALUES ('frontend', 'OKM-010024', 'Error en la base de dades', 'ca-ES');
INSERT INTO OKM_TRANSLATION (TR_MODULE, TR_KEY, TR_TEXT, TR_LANGUAGE) VALUES ('frontend', 'OKM-010006', 'Error intern de l''aplicaci ', 'ca-ES');
INSERT INTO OKM_TRANSLATION (TR_MODULE, TR_KEY, TR_TEXT, TR_LANGUAGE) VALUES ('frontend', 'OKM-009004', 'Bloquejat', 'ca-ES');
INSERT INTO OKM_TRANSLATION (TR_MODULE, TR_KEY, TR_TEXT, TR_LANGUAGE) VALUES ('frontend', 'OKM-009015', 'La ruta no existeix', 'ca-ES');
INSERT INTO OKM_TRANSLATION (TR_MODULE, TR_KEY, TR_TEXT, TR_LANGUAGE) VALUES ('frontend', 'OKM-009009', 'Access denegat', 'ca-ES');
INSERT INTO OKM_TRANSLATION (TR_MODULE, TR_KEY, TR_TEXT, TR_LANGUAGE) VALUES ('frontend', 'OKM-009001', 'Error intern del repositori', 'ca-ES');
INSERT INTO OKM_TRANSLATION (TR_MODULE, TR_KEY, TR_TEXT, TR_LANGUAGE) VALUES ('frontend', 'OKM-009024', 'Error en la base de dades', 'ca-ES');
INSERT INTO OKM_TRANSLATION (TR_MODULE, TR_KEY, TR_TEXT, TR_LANGUAGE) VALUES ('frontend', 'OKM-009006', 'Error intern de l''aplicaci', 'ca-ES');
INSERT INTO OKM_TRANSLATION (TR_MODULE, TR_KEY, TR_TEXT, TR_LANGUAGE) VALUES ('frontend', 'OKM-009012', 'El grup no existeix', 'ca-ES');
INSERT INTO OKM_TRANSLATION (TR_MODULE, TR_KEY, TR_TEXT, TR_LANGUAGE) VALUES ('frontend', 'OKM-009014', 'La propietat no existeix', 'ca-ES');
INSERT INTO OKM_TRANSLATION (TR_MODULE, TR_KEY, TR_TEXT, TR_LANGUAGE) VALUES ('frontend', 'OKM-009013', 'Error de Entrada/Sortida', 'ca-ES');
INSERT INTO OKM_TRANSLATION (TR_MODULE, TR_KEY, TR_TEXT, TR_LANGUAGE) VALUES ('frontend', 'OKM-012001', 'Error intern del repositori', 'ca-ES');
INSERT INTO OKM_TRANSLATION (TR_MODULE, TR_KEY, TR_TEXT, TR_LANGUAGE) VALUES ('frontend', 'OKM-012006', 'Error intern de l''aplicaci', 'ca-ES');
INSERT INTO OKM_TRANSLATION (TR_MODULE, TR_KEY, TR_TEXT, TR_LANGUAGE) VALUES ('frontend', 'OKM-012015', 'La ruta no existeix', 'ca-ES');
INSERT INTO OKM_TRANSLATION (TR_MODULE, TR_KEY, TR_TEXT, TR_LANGUAGE) VALUES ('frontend', 'OKM-012024', 'Error en la base de dades', 'ca-ES');
INSERT INTO OKM_TRANSLATION (TR_MODULE, TR_KEY, TR_TEXT, TR_LANGUAGE) VALUES ('frontend', 'OKM-012009', 'No te permisos per d''accs', 'ca-ES');
INSERT INTO OKM_TRANSLATION (TR_MODULE, TR_KEY, TR_TEXT, TR_LANGUAGE) VALUES ('frontend', 'OKM-019001', 'Error intern del repositori', 'ca-ES');
INSERT INTO OKM_TRANSLATION (TR_MODULE, TR_KEY, TR_TEXT, TR_LANGUAGE) VALUES ('frontend', 'OKM-019006', 'Error intern de l''aplicaci', 'ca-ES');
INSERT INTO OKM_TRANSLATION (TR_MODULE, TR_KEY, TR_TEXT, TR_LANGUAGE) VALUES ('frontend', 'OKM-019024', 'Error en la base de dades', 'ca-ES');
INSERT INTO OKM_LANGUAGE (LG_ID, LG_NAME, LG_IMAGE_CONTENT, LG_IMAGE_MIME) VALUES ('cs-CZ', 'Czech', 'R0lGODlhEAALANUAAMoAAISq3tUBAXar5eYZGQBEtPLy8u7u7r3S7Orq6uTl5fSbm93d3fGUlOUTE++Li5u65uxERPBWV5K04ucuLgVTvQ1dxK9sieMNDXag2n6m3eoqKukkJO00NOw7Oug2NtoAAOgfH3Gd2OgyMuwvL3qj25G86ouv4PCPj+1LS87d8u5QUJe45P39/usuLtfX12Od3u+ZmW2k4cLV78eFmf7+/vv7+/j4+Pz8/Pn5+fb29v39/fr6+sMAAPf39/X19SH5BAAAAAAALAAAAAAQAAsAAAaHQMvpRzQYD8hEQsG0mFS1aGuHw9l4uZuPYYEMZrUd9Zr16bbdwAAxxmp1Px2XFdDIEOQ38feqsDQlGTA0CwsNDSgPDzECFROBIhceHSQbHCEEDh8AFScZkZOVl5kOIwAFJ6AdLpaYDhgYFD0FATQSEispEREeHh8jFLIFPSAgAscCAMrKPc1BADs=', 'image/gif');
INSERT INTO OKM_TRANSLATION (TR_MODULE, TR_KEY, TR_TEXT, TR_LANGUAGE) VALUES ('frontend', 'general.date.pattern', 'dd-MM-yyyy hh:mm:ss', 'cs-CZ');
INSERT INTO OKM_TRANSLATION (TR_MODULE, TR_KEY, TR_TEXT, TR_LANGUAGE) VALUES ('frontend', 'general.day.pattern', 'dd-MM-yyyy', 'cs-CZ');
INSERT INTO OKM_TRANSLATION (TR_MODULE, TR_KEY, TR_TEXT, TR_LANGUAGE) VALUES ('frontend', 'general.hour.pattern', 'HH:mm:ss', 'cs-CZ');
INSERT INTO OKM_TRANSLATION (TR_MODULE, TR_KEY, TR_TEXT, TR_LANGUAGE) VALUES ('frontend', 'startup.openkm', 'Nahrv se OpenKM', 'cs-CZ');
INSERT INTO OKM_TRANSLATION (TR_MODULE, TR_KEY, TR_TEXT, TR_LANGUAGE) VALUES ('frontend', 'startup.starting.loading', 'Zan se nahrvat OpenKM', 'cs-CZ');
INSERT INTO OKM_TRANSLATION (TR_MODULE, TR_KEY, TR_TEXT, TR_LANGUAGE) VALUES ('frontend', 'startup.taxonomy', 'Zskv se koenov uzel stromu', 'cs-CZ');
INSERT INTO OKM_TRANSLATION (TR_MODULE, TR_KEY, TR_TEXT, TR_LANGUAGE) VALUES ('frontend', 'startup.categories', 'Getting categories root node', 'cs-CZ');
INSERT INTO OKM_TRANSLATION (TR_MODULE, TR_KEY, TR_TEXT, TR_LANGUAGE) VALUES ('frontend', 'startup.thesaurus', 'Getting thesaurus root node', 'cs-CZ');
INSERT INTO OKM_TRANSLATION (TR_MODULE, TR_KEY, TR_TEXT, TR_LANGUAGE) VALUES ('frontend', 'startup.template', 'Zskv se koenov uzel ablon', 'cs-CZ');
INSERT INTO OKM_TRANSLATION (TR_MODULE, TR_KEY, TR_TEXT, TR_LANGUAGE) VALUES ('frontend', 'startup.personal', 'Zskv se koenov uzel personal', 'cs-CZ');
INSERT INTO OKM_TRANSLATION (TR_MODULE, TR_KEY, TR_TEXT, TR_LANGUAGE) VALUES ('frontend', 'startup.mail', 'Zskv se koenov uzel e-mailu', 'cs-CZ');
INSERT INTO OKM_TRANSLATION (TR_MODULE, TR_KEY, TR_TEXT, TR_LANGUAGE) VALUES ('frontend', 'startup.trash', 'Zskv se koenov uzel koe', 'cs-CZ');
INSERT INTO OKM_TRANSLATION (TR_MODULE, TR_KEY, TR_TEXT, TR_LANGUAGE) VALUES ('frontend', 'startup.user.home', 'Zskv se koenov uzel domovskho adrese', 'cs-CZ');
INSERT INTO OKM_TRANSLATION (TR_MODULE, TR_KEY, TR_TEXT, TR_LANGUAGE) VALUES ('frontend', 'startup.bookmarks', 'Zskv se koenov uzel zloek', 'cs-CZ');
INSERT INTO OKM_TRANSLATION (TR_MODULE, TR_KEY, TR_TEXT, TR_LANGUAGE) VALUES ('frontend', 'startup.loading.taxonomy', 'Nahrv se strom', 'cs-CZ');
INSERT INTO OKM_TRANSLATION (TR_MODULE, TR_KEY, TR_TEXT, TR_LANGUAGE) VALUES ('frontend', 'startup.loading.taxonomy.getting.folders', 'Nahrv se strom - zskvaj se sloky', 'cs-CZ');
INSERT INTO OKM_TRANSLATION (TR_MODULE, TR_KEY, TR_TEXT, TR_LANGUAGE) VALUES ('frontend', 'startup.loading.taxonomy.eval.params', 'Nahrv se strom - pepotavaj se parametry prohlee', 'cs-CZ');
INSERT INTO OKM_TRANSLATION (TR_MODULE, TR_KEY, TR_TEXT, TR_LANGUAGE) VALUES ('frontend', 'startup.loading.taxonomy.open.path', 'Nahrv se strom - oteven cesta', 'cs-CZ');
INSERT INTO OKM_TRANSLATION (TR_MODULE, TR_KEY, TR_TEXT, TR_LANGUAGE) VALUES ('frontend', 'startup.loading.taxonomy.getting.filebrowser.folders', 'Nahrv se strom - zskvaj se sloky', 'cs-CZ');
INSERT INTO OKM_TRANSLATION (TR_MODULE, TR_KEY, TR_TEXT, TR_LANGUAGE) VALUES ('frontend', 'startup.loading.taxonomy.getting.filebrowser.documents', 'Nahrv se strom - zskvaj se dokumenty', 'cs-CZ');
INSERT INTO OKM_TRANSLATION (TR_MODULE, TR_KEY, TR_TEXT, TR_LANGUAGE) VALUES ('frontend', 'startup.loading.taxonomy.getting.filebrowser.mails', 'Nahrv se strom - zskvaj se maily', 'cs-CZ');
INSERT INTO OKM_TRANSLATION (TR_MODULE, TR_KEY, TR_TEXT, TR_LANGUAGE) VALUES ('frontend', 'startup.loading.personal', 'Nahrv se personal', 'cs-CZ');
INSERT INTO OKM_TRANSLATION (TR_MODULE, TR_KEY, TR_TEXT, TR_LANGUAGE) VALUES ('frontend', 'startup.loading.mail', 'Nahrvaj se e-maily', 'cs-CZ');
INSERT INTO OKM_TRANSLATION (TR_MODULE, TR_KEY, TR_TEXT, TR_LANGUAGE) VALUES ('frontend', 'startup.loading.categories', 'Loading categories', 'cs-CZ');
INSERT INTO OKM_TRANSLATION (TR_MODULE, TR_KEY, TR_TEXT, TR_LANGUAGE) VALUES ('frontend', 'startup.loading.thesaurus', 'Loading thesaurus', 'cs-CZ');
INSERT INTO OKM_TRANSLATION (TR_MODULE, TR_KEY, TR_TEXT, TR_LANGUAGE) VALUES ('frontend', 'startup.loading.templates', 'Nahrvaj se ablony', 'cs-CZ');
INSERT INTO OKM_TRANSLATION (TR_MODULE, TR_KEY, TR_TEXT, TR_LANGUAGE) VALUES ('frontend', 'startup.loading.trash', 'Nahrv se ko', 'cs-CZ');
INSERT INTO OKM_TRANSLATION (TR_MODULE, TR_KEY, TR_TEXT, TR_LANGUAGE) VALUES ('frontend', 'startup.loading.history.search', 'Nahrv se hledn v historii', 'cs-CZ');
INSERT INTO OKM_TRANSLATION (TR_MODULE, TR_KEY, TR_TEXT, TR_LANGUAGE) VALUES ('frontend', 'startup.loading.user.values', 'Nahrv se uivatelsk hodnoty', 'cs-CZ');
INSERT INTO OKM_TRANSLATION (TR_MODULE, TR_KEY, TR_TEXT, TR_LANGUAGE) VALUES ('frontend', 'startup.keep.alive', 'Nahrv se obnova pipojen', 'cs-CZ');
INSERT INTO OKM_TRANSLATION (TR_MODULE, TR_KEY, TR_TEXT, TR_LANGUAGE) VALUES ('frontend', 'openkm.update.available', 'Je dostupn aktualizace OpenKM', 'cs-CZ');
INSERT INTO OKM_TRANSLATION (TR_MODULE, TR_KEY, TR_TEXT, TR_LANGUAGE) VALUES ('frontend', 'leftpanel.label.taxonomy', 'Strom', 'cs-CZ');
INSERT INTO OKM_TRANSLATION (TR_MODULE, TR_KEY, TR_TEXT, TR_LANGUAGE) VALUES ('frontend', 'leftpanel.label.trash', 'Ko', 'cs-CZ');
INSERT INTO OKM_TRANSLATION (TR_MODULE, TR_KEY, TR_TEXT, TR_LANGUAGE) VALUES ('frontend', 'leftpanel.label.mail', 'E-mail', 'cs-CZ');
INSERT INTO OKM_TRANSLATION (TR_MODULE, TR_KEY, TR_TEXT, TR_LANGUAGE) VALUES ('frontend', 'leftpanel.label.stored.search', 'Uloen hledn', 'cs-CZ');
INSERT INTO OKM_TRANSLATION (TR_MODULE, TR_KEY, TR_TEXT, TR_LANGUAGE) VALUES ('frontend', 'leftpanel.label.categories', 'Categories', 'cs-CZ');
INSERT INTO OKM_TRANSLATION (TR_MODULE, TR_KEY, TR_TEXT, TR_LANGUAGE) VALUES ('frontend', 'leftpanel.label.thesaurus', 'Thesaurus', 'cs-CZ');
INSERT INTO OKM_TRANSLATION (TR_MODULE, TR_KEY, TR_TEXT, TR_LANGUAGE) VALUES ('frontend', 'leftpanel.label.templates', 'ablony', 'cs-CZ');
INSERT INTO OKM_TRANSLATION (TR_MODULE, TR_KEY, TR_TEXT, TR_LANGUAGE) VALUES ('frontend', 'leftpanel.label.my.documents', 'Moje dokumenty', 'cs-CZ');
INSERT INTO OKM_TRANSLATION (TR_MODULE, TR_KEY, TR_TEXT, TR_LANGUAGE) VALUES ('frontend', 'leftpanel.label.user.search', 'Uivatelsk zprvy', 'cs-CZ');
INSERT INTO OKM_TRANSLATION (TR_MODULE, TR_KEY, TR_TEXT, TR_LANGUAGE) VALUES ('frontend', 'leftpanel.label.all.repository', 'Cel loit', 'cs-CZ');
INSERT INTO OKM_TRANSLATION (TR_MODULE, TR_KEY, TR_TEXT, TR_LANGUAGE) VALUES ('frontend', 'tree.menu.directory.create', 'Vytvo sloku', 'cs-CZ');
INSERT INTO OKM_TRANSLATION (TR_MODULE, TR_KEY, TR_TEXT, TR_LANGUAGE) VALUES ('frontend', 'tree.menu.directory.remove', 'Smazat', 'cs-CZ');
INSERT INTO OKM_TRANSLATION (TR_MODULE, TR_KEY, TR_TEXT, TR_LANGUAGE) VALUES ('frontend', 'tree.menu.directory.rename', 'Pejmenovat', 'cs-CZ');
INSERT INTO OKM_TRANSLATION (TR_MODULE, TR_KEY, TR_TEXT, TR_LANGUAGE) VALUES ('frontend', 'tree.menu.directory.refresh', 'Obnovit', 'cs-CZ');
INSERT INTO OKM_TRANSLATION (TR_MODULE, TR_KEY, TR_TEXT, TR_LANGUAGE) VALUES ('frontend', 'tree.menu.directory.move', 'Pesunout', 'cs-CZ');
INSERT INTO OKM_TRANSLATION (TR_MODULE, TR_KEY, TR_TEXT, TR_LANGUAGE) VALUES ('frontend', 'tree.menu.directory.copy', 'Koprovat', 'cs-CZ');
INSERT INTO OKM_TRANSLATION (TR_MODULE, TR_KEY, TR_TEXT, TR_LANGUAGE) VALUES ('frontend', 'tree.menu.directory.add.document', 'Pidat dokument', 'cs-CZ');
INSERT INTO OKM_TRANSLATION (TR_MODULE, TR_KEY, TR_TEXT, TR_LANGUAGE) VALUES ('frontend', 'tree.menu.add.bookmark', 'Pidat zloku', 'cs-CZ');
INSERT INTO OKM_TRANSLATION (TR_MODULE, TR_KEY, TR_TEXT, TR_LANGUAGE) VALUES ('frontend', 'tree.menu.set.home', 'Nastavit domovskou sloku', 'cs-CZ');
INSERT INTO OKM_TRANSLATION (TR_MODULE, TR_KEY, TR_TEXT, TR_LANGUAGE) VALUES ('frontend', 'tree.menu.export', 'Exportovat do souboru', 'cs-CZ');
INSERT INTO OKM_TRANSLATION (TR_MODULE, TR_KEY, TR_TEXT, TR_LANGUAGE) VALUES ('frontend', 'tree.status.refresh.folder', 'Aktualizuje se strom sloek', 'cs-CZ');
INSERT INTO OKM_TRANSLATION (TR_MODULE, TR_KEY, TR_TEXT, TR_LANGUAGE) VALUES ('frontend', 'tree.status.refresh.create', 'Vytv se sloka', 'cs-CZ');
INSERT INTO OKM_TRANSLATION (TR_MODULE, TR_KEY, TR_TEXT, TR_LANGUAGE) VALUES ('frontend', 'tree.status.refresh.delete', 'Mae se sloka', 'cs-CZ');
INSERT INTO OKM_TRANSLATION (TR_MODULE, TR_KEY, TR_TEXT, TR_LANGUAGE) VALUES ('frontend', 'tree.status.refresh.rename', 'Pejmenovv se sloka', 'cs-CZ');
INSERT INTO OKM_TRANSLATION (TR_MODULE, TR_KEY, TR_TEXT, TR_LANGUAGE) VALUES ('frontend', 'tree.status.refresh.restore', 'Obnovuje se sloka', 'cs-CZ');
INSERT INTO OKM_TRANSLATION (TR_MODULE, TR_KEY, TR_TEXT, TR_LANGUAGE) VALUES ('frontend', 'tree.status.refresh.purge', 'ist se sloka', 'cs-CZ');
INSERT INTO OKM_TRANSLATION (TR_MODULE, TR_KEY, TR_TEXT, TR_LANGUAGE) VALUES ('frontend', 'tree.status.refresh.get', 'Aktualizuje se sloka', 'cs-CZ');
INSERT INTO OKM_TRANSLATION (TR_MODULE, TR_KEY, TR_TEXT, TR_LANGUAGE) VALUES ('frontend', 'tree.folder.new', 'Nov sloka', 'cs-CZ');
INSERT INTO OKM_TRANSLATION (TR_MODULE, TR_KEY, TR_TEXT, TR_LANGUAGE) VALUES ('frontend', 'tree.status.refresh.add.subscription', 'Pidv se upozornn o zmnch mailem', 'cs-CZ');
INSERT INTO OKM_TRANSLATION (TR_MODULE, TR_KEY, TR_TEXT, TR_LANGUAGE) VALUES ('frontend', 'tree.status.refresh.remove.subscription', 'Odebr se upozornn o zmnch mailem', 'cs-CZ');
INSERT INTO OKM_TRANSLATION (TR_MODULE, TR_KEY, TR_TEXT, TR_LANGUAGE) VALUES ('frontend', 'tree.status.refresh.get.root', 'Obnovuje se koenov sloka', 'cs-CZ');
INSERT INTO OKM_TRANSLATION (TR_MODULE, TR_KEY, TR_TEXT, TR_LANGUAGE) VALUES ('frontend', 'tree.status.refresh.get.keywords', 'Refreshing keywords', 'cs-CZ');
INSERT INTO OKM_TRANSLATION (TR_MODULE, TR_KEY, TR_TEXT, TR_LANGUAGE) VALUES ('frontend', 'tree.status.refresh.get.user.home', 'Zskv se domovsk adres', 'cs-CZ');
INSERT INTO OKM_TRANSLATION (TR_MODULE, TR_KEY, TR_TEXT, TR_LANGUAGE) VALUES ('frontend', 'tree.status.refresh.purge.trash', 'Vyprazduje se ko', 'cs-CZ');
INSERT INTO OKM_TRANSLATION (TR_MODULE, TR_KEY, TR_TEXT, TR_LANGUAGE) VALUES ('frontend', 'tree.menu.directory.find.folder', 'Find folder', 'cs-CZ');
INSERT INTO OKM_TRANSLATION (TR_MODULE, TR_KEY, TR_TEXT, TR_LANGUAGE) VALUES ('frontend', 'trash.menu.directory.restore', 'Obnovit', 'cs-CZ');
INSERT INTO OKM_TRANSLATION (TR_MODULE, TR_KEY, TR_TEXT, TR_LANGUAGE) VALUES ('frontend', 'trash.menu.directory.purge', 'pln smazat', 'cs-CZ');
INSERT INTO OKM_TRANSLATION (TR_MODULE, TR_KEY, TR_TEXT, TR_LANGUAGE) VALUES ('frontend', 'trash.menu.directory.purge.trash', 'Vyprzdnit ko', 'cs-CZ');
INSERT INTO OKM_TRANSLATION (TR_MODULE, TR_KEY, TR_TEXT, TR_LANGUAGE) VALUES ('frontend', 'trash.directory.select.label', 'Zvolte clovou sloku', 'cs-CZ');
INSERT INTO OKM_TRANSLATION (TR_MODULE, TR_KEY, TR_TEXT, TR_LANGUAGE) VALUES ('frontend', 'general.menu.file', 'Soubor', 'cs-CZ');
INSERT INTO OKM_TRANSLATION (TR_MODULE, TR_KEY, TR_TEXT, TR_LANGUAGE) VALUES ('frontend', 'general.menu.file.exit', 'Konec', 'cs-CZ');
INSERT INTO OKM_TRANSLATION (TR_MODULE, TR_KEY, TR_TEXT, TR_LANGUAGE) VALUES ('frontend', 'general.menu.file.purge.trash', 'Vyprzdnit ko', 'cs-CZ');
INSERT INTO OKM_TRANSLATION (TR_MODULE, TR_KEY, TR_TEXT, TR_LANGUAGE) VALUES ('frontend', 'general.menu.edit', 'pravy', 'cs-CZ');
INSERT INTO OKM_TRANSLATION (TR_MODULE, TR_KEY, TR_TEXT, TR_LANGUAGE) VALUES ('frontend', 'general.menu.file.create.directory', 'Vytvoit sloku', 'cs-CZ');
INSERT INTO OKM_TRANSLATION (TR_MODULE, TR_KEY, TR_TEXT, TR_LANGUAGE) VALUES ('frontend', 'general.menu.file.download.document', 'Sthnout dokument', 'cs-CZ');
INSERT INTO OKM_TRANSLATION (TR_MODULE, TR_KEY, TR_TEXT, TR_LANGUAGE) VALUES ('frontend', 'general.menu.file.download.document.pdf', 'Sthnout dokument jako PDF', 'cs-CZ');
INSERT INTO OKM_TRANSLATION (TR_MODULE, TR_KEY, TR_TEXT, TR_LANGUAGE) VALUES ('frontend', 'general.menu.file.send.link', 'Poslat odkaz na soubor', 'cs-CZ');
INSERT INTO OKM_TRANSLATION (TR_MODULE, TR_KEY, TR_TEXT, TR_LANGUAGE) VALUES ('frontend', 'general.menu.file.send.attachment', 'Send document attachment', 'cs-CZ');
INSERT INTO OKM_TRANSLATION (TR_MODULE, TR_KEY, TR_TEXT, TR_LANGUAGE) VALUES ('frontend', 'general.menu.file.lock', 'Uzamknout', 'cs-CZ');
INSERT INTO OKM_TRANSLATION (TR_MODULE, TR_KEY, TR_TEXT, TR_LANGUAGE) VALUES ('frontend', 'general.menu.file.unlock', 'Odemknout', 'cs-CZ');
INSERT INTO OKM_TRANSLATION (TR_MODULE, TR_KEY, TR_TEXT, TR_LANGUAGE) VALUES ('frontend', 'general.menu.file.add.document', 'Pidat dokument', 'cs-CZ');
INSERT INTO OKM_TRANSLATION (TR_MODULE, TR_KEY, TR_TEXT, TR_LANGUAGE) VALUES ('frontend', 'general.menu.file.checkout', 'Check out', 'cs-CZ');
INSERT INTO OKM_TRANSLATION (TR_MODULE, TR_KEY, TR_TEXT, TR_LANGUAGE) VALUES ('frontend', 'general.menu.file.checkin', 'Check in', 'cs-CZ');
INSERT INTO OKM_TRANSLATION (TR_MODULE, TR_KEY, TR_TEXT, TR_LANGUAGE) VALUES ('frontend', 'general.menu.file.cancel.checkout', 'Zruit check out', 'cs-CZ');
INSERT INTO OKM_TRANSLATION (TR_MODULE, TR_KEY, TR_TEXT, TR_LANGUAGE) VALUES ('frontend', 'general.menu.file.delete', 'Odstranit', 'cs-CZ');
INSERT INTO OKM_TRANSLATION (TR_MODULE, TR_KEY, TR_TEXT, TR_LANGUAGE) VALUES ('frontend', 'general.menu.file.refresh', 'Obnovit', 'cs-CZ');
INSERT INTO OKM_TRANSLATION (TR_MODULE, TR_KEY, TR_TEXT, TR_LANGUAGE) VALUES ('frontend', 'general.menu.file.scanner', 'Scanner', 'cs-CZ');
INSERT INTO OKM_TRANSLATION (TR_MODULE, TR_KEY, TR_TEXT, TR_LANGUAGE) VALUES ('frontend', 'general.menu.file.uploader', 'File uploader', 'cs-CZ');
INSERT INTO OKM_TRANSLATION (TR_MODULE, TR_KEY, TR_TEXT, TR_LANGUAGE) VALUES ('frontend', 'general.menu.tools', 'Nstroje', 'cs-CZ');
INSERT INTO OKM_TRANSLATION (TR_MODULE, TR_KEY, TR_TEXT, TR_LANGUAGE) VALUES ('frontend', 'general.menu.tools.languages', 'Jazyky', 'cs-CZ');
INSERT INTO OKM_TRANSLATION (TR_MODULE, TR_KEY, TR_TEXT, TR_LANGUAGE) VALUES ('frontend', 'general.menu.tools.skin', 'ablona vzhledu', 'cs-CZ');
INSERT INTO OKM_TRANSLATION (TR_MODULE, TR_KEY, TR_TEXT, TR_LANGUAGE) VALUES ('frontend', 'general.menu.tools.skin.default', 'Implicitn', 'cs-CZ');
INSERT INTO OKM_TRANSLATION (TR_MODULE, TR_KEY, TR_TEXT, TR_LANGUAGE) VALUES ('frontend', 'general.menu.tools.skin.default2', 'Implicitn 2', 'cs-CZ');
INSERT INTO OKM_TRANSLATION (TR_MODULE, TR_KEY, TR_TEXT, TR_LANGUAGE) VALUES ('frontend', 'general.menu.tools.skin.mediumfont', 'Stedn velikost psma', 'cs-CZ');
INSERT INTO OKM_TRANSLATION (TR_MODULE, TR_KEY, TR_TEXT, TR_LANGUAGE) VALUES ('frontend', 'general.menu.tools.skin.bigfont', 'Velk velikost psma', 'cs-CZ');
INSERT INTO OKM_TRANSLATION (TR_MODULE, TR_KEY, TR_TEXT, TR_LANGUAGE) VALUES ('frontend', 'general.menu.debug.console', 'Konzole pro ladn', 'cs-CZ');
INSERT INTO OKM_TRANSLATION (TR_MODULE, TR_KEY, TR_TEXT, TR_LANGUAGE) VALUES ('frontend', 'general.menu.administration', 'Zobrazen administrace', 'cs-CZ');
INSERT INTO OKM_TRANSLATION (TR_MODULE, TR_KEY, TR_TEXT, TR_LANGUAGE) VALUES ('frontend', 'general.menu.tools.preferences', 'Pedvolby', 'cs-CZ');
INSERT INTO OKM_TRANSLATION (TR_MODULE, TR_KEY, TR_TEXT, TR_LANGUAGE) VALUES ('frontend', 'general.menu.tools.user.preferences', 'Uivatelsk nastaven', 'cs-CZ');
INSERT INTO OKM_TRANSLATION (TR_MODULE, TR_KEY, TR_TEXT, TR_LANGUAGE) VALUES ('frontend', 'general.menu.bookmark', 'Zloky', 'cs-CZ');
INSERT INTO OKM_TRANSLATION (TR_MODULE, TR_KEY, TR_TEXT, TR_LANGUAGE) VALUES ('frontend', 'general.menu.bookmark.home', 'Domovsk sloka', 'cs-CZ');
INSERT INTO OKM_TRANSLATION (TR_MODULE, TR_KEY, TR_TEXT, TR_LANGUAGE) VALUES ('frontend', 'general.menu.bookmark.default.home', 'Nastavit domovskou sloku', 'cs-CZ');
INSERT INTO OKM_TRANSLATION (TR_MODULE, TR_KEY, TR_TEXT, TR_LANGUAGE) VALUES ('frontend', 'general.menu.bookmark.edit', 'Upravit zloky', 'cs-CZ');
INSERT INTO OKM_TRANSLATION (TR_MODULE, TR_KEY, TR_TEXT, TR_LANGUAGE) VALUES ('frontend', 'general.menu.help', 'Npovda', 'cs-CZ');
INSERT INTO OKM_TRANSLATION (TR_MODULE, TR_KEY, TR_TEXT, TR_LANGUAGE) VALUES ('frontend', 'general.menu.bug.report', 'Nahlsit chybu', 'cs-CZ');
INSERT INTO OKM_TRANSLATION (TR_MODULE, TR_KEY, TR_TEXT, TR_LANGUAGE) VALUES ('frontend', 'general.menu.support.request', 'dost o pomoc', 'cs-CZ');
INSERT INTO OKM_TRANSLATION (TR_MODULE, TR_KEY, TR_TEXT, TR_LANGUAGE) VALUES ('frontend', 'general.menu.public.forum', 'Veejn frum', 'cs-CZ');
INSERT INTO OKM_TRANSLATION (TR_MODULE, TR_KEY, TR_TEXT, TR_LANGUAGE) VALUES ('frontend', 'general.menu.project.web', 'Strnka projektu', 'cs-CZ');
INSERT INTO OKM_TRANSLATION (TR_MODULE, TR_KEY, TR_TEXT, TR_LANGUAGE) VALUES ('frontend', 'general.menu.version.changes', 'Poznmky k verzi', 'cs-CZ');
INSERT INTO OKM_TRANSLATION (TR_MODULE, TR_KEY, TR_TEXT, TR_LANGUAGE) VALUES ('frontend', 'general.menu.documentation', 'Dokumentace', 'cs-CZ');
INSERT INTO OKM_TRANSLATION (TR_MODULE, TR_KEY, TR_TEXT, TR_LANGUAGE) VALUES ('frontend', 'general.menu.about', 'O OpenKM', 'cs-CZ');
INSERT INTO OKM_TRANSLATION (TR_MODULE, TR_KEY, TR_TEXT, TR_LANGUAGE) VALUES ('frontend', 'general.connected', 'Pipojen jako ', 'cs-CZ');
INSERT INTO OKM_TRANSLATION (TR_MODULE, TR_KEY, TR_TEXT, TR_LANGUAGE) VALUES ('frontend', 'filebrowser.name', 'Jmno', 'cs-CZ');
INSERT INTO OKM_TRANSLATION (TR_MODULE, TR_KEY, TR_TEXT, TR_LANGUAGE) VALUES ('frontend', 'filebrowser.date.update', 'Datum pravy', 'cs-CZ');
INSERT INTO OKM_TRANSLATION (TR_MODULE, TR_KEY, TR_TEXT, TR_LANGUAGE) VALUES ('frontend', 'filebrowser.size', 'Velikost', 'cs-CZ');
INSERT INTO OKM_TRANSLATION (TR_MODULE, TR_KEY, TR_TEXT, TR_LANGUAGE) VALUES ('frontend', 'filebrowser.path', 'Cesta', 'cs-CZ');
INSERT INTO OKM_TRANSLATION (TR_MODULE, TR_KEY, TR_TEXT, TR_LANGUAGE) VALUES ('frontend', 'filebrowser.author', 'Autor', 'cs-CZ');
INSERT INTO OKM_TRANSLATION (TR_MODULE, TR_KEY, TR_TEXT, TR_LANGUAGE) VALUES ('frontend', 'filebrowser.version', 'Verze', 'cs-CZ');
INSERT INTO OKM_TRANSLATION (TR_MODULE, TR_KEY, TR_TEXT, TR_LANGUAGE) VALUES ('frontend', 'filebrowser.menu.checkout', 'Check out', 'cs-CZ');
INSERT INTO OKM_TRANSLATION (TR_MODULE, TR_KEY, TR_TEXT, TR_LANGUAGE) VALUES ('frontend', 'filebrowser.menu.checkin', 'Check in', 'cs-CZ');
INSERT INTO OKM_TRANSLATION (TR_MODULE, TR_KEY, TR_TEXT, TR_LANGUAGE) VALUES ('frontend', 'filebrowser.menu.delete', 'Smazat', 'cs-CZ');
INSERT INTO OKM_TRANSLATION (TR_MODULE, TR_KEY, TR_TEXT, TR_LANGUAGE) VALUES ('frontend', 'filebrowser.menu.rename', 'Pejmenovat', 'cs-CZ');
INSERT INTO OKM_TRANSLATION (TR_MODULE, TR_KEY, TR_TEXT, TR_LANGUAGE) VALUES ('frontend', 'filebrowser.menu.checkout.cancel', 'Check out cancel', 'cs-CZ');
INSERT INTO OKM_TRANSLATION (TR_MODULE, TR_KEY, TR_TEXT, TR_LANGUAGE) VALUES ('frontend', 'filebrowser.menu.lock', 'Uzamknout', 'cs-CZ');
INSERT INTO OKM_TRANSLATION (TR_MODULE, TR_KEY, TR_TEXT, TR_LANGUAGE) VALUES ('frontend', 'filebrowser.menu.unlock', 'Odemknout', 'cs-CZ');
INSERT INTO OKM_TRANSLATION (TR_MODULE, TR_KEY, TR_TEXT, TR_LANGUAGE) VALUES ('frontend', 'filebrowser.menu.download', 'Sthnout', 'cs-CZ');
INSERT INTO OKM_TRANSLATION (TR_MODULE, TR_KEY, TR_TEXT, TR_LANGUAGE) VALUES ('frontend', 'filebrowser.menu.move', 'Pesunout', 'cs-CZ');
INSERT INTO OKM_TRANSLATION (TR_MODULE, TR_KEY, TR_TEXT, TR_LANGUAGE) VALUES ('frontend', 'filebrowser.menu.copy', 'Koprovat', 'cs-CZ');
INSERT INTO OKM_TRANSLATION (TR_MODULE, TR_KEY, TR_TEXT, TR_LANGUAGE) VALUES ('frontend', 'filebrowser.menu.create.from.template', 'Vytvoit ze ablony', 'cs-CZ');
INSERT INTO OKM_TRANSLATION (TR_MODULE, TR_KEY, TR_TEXT, TR_LANGUAGE) VALUES ('frontend', 'filebrowser.menu.add.property.group', 'Pidat skupinu vlastnost', 'cs-CZ');
INSERT INTO OKM_TRANSLATION (TR_MODULE, TR_KEY, TR_TEXT, TR_LANGUAGE) VALUES ('frontend', 'filebrowser.menu.remove.property.group', 'Odebrat skupinu vlastnost', 'cs-CZ');
INSERT INTO OKM_TRANSLATION (TR_MODULE, TR_KEY, TR_TEXT, TR_LANGUAGE) VALUES ('frontend', 'filebrowser.menu.start.workflow', 'Zat prbh zpracovn dokumentu', 'cs-CZ');
INSERT INTO OKM_TRANSLATION (TR_MODULE, TR_KEY, TR_TEXT, TR_LANGUAGE) VALUES ('frontend', 'filebrowser.menu.add.subscription', 'Pidat upozornn o zmnch mailem', 'cs-CZ');
INSERT INTO OKM_TRANSLATION (TR_MODULE, TR_KEY, TR_TEXT, TR_LANGUAGE) VALUES ('frontend', 'filebrowser.menu.remove.subscription', 'Odebrat upozornn o zmnch mailem', 'cs-CZ');
INSERT INTO OKM_TRANSLATION (TR_MODULE, TR_KEY, TR_TEXT, TR_LANGUAGE) VALUES ('frontend', 'filebrowser.menu.add.bookmark', 'Pidat zloku', 'cs-CZ');
INSERT INTO OKM_TRANSLATION (TR_MODULE, TR_KEY, TR_TEXT, TR_LANGUAGE) VALUES ('frontend', 'filebrowser.menu.set.home', 'Nastavit domovskou sloku', 'cs-CZ');
INSERT INTO OKM_TRANSLATION (TR_MODULE, TR_KEY, TR_TEXT, TR_LANGUAGE) VALUES ('frontend', 'filebrowser.menu.refresh', 'Aktualizovat', 'cs-CZ');
INSERT INTO OKM_TRANSLATION (TR_MODULE, TR_KEY, TR_TEXT, TR_LANGUAGE) VALUES ('frontend', 'filebrowser.menu.export', 'Exportovat do ZIP', 'cs-CZ');
INSERT INTO OKM_TRANSLATION (TR_MODULE, TR_KEY, TR_TEXT, TR_LANGUAGE) VALUES ('frontend', 'filebrowser.menu.play', 'Pehrt', 'cs-CZ');
INSERT INTO OKM_TRANSLATION (TR_MODULE, TR_KEY, TR_TEXT, TR_LANGUAGE) VALUES ('frontend', 'filebrowser.menu.image.viewer', 'Prohle obrzk', 'cs-CZ');
INSERT INTO OKM_TRANSLATION (TR_MODULE, TR_KEY, TR_TEXT, TR_LANGUAGE) VALUES ('frontend', 'filebrowser.status.refresh.folder', 'Aktualizuje se seznam sloek', 'cs-CZ');
INSERT INTO OKM_TRANSLATION (TR_MODULE, TR_KEY, TR_TEXT, TR_LANGUAGE) VALUES ('frontend', 'filebrowser.status.refresh.document', 'Aktualizuje se seznam dokument', 'cs-CZ');
INSERT INTO OKM_TRANSLATION (TR_MODULE, TR_KEY, TR_TEXT, TR_LANGUAGE) VALUES ('frontend', 'filebrowser.status.refresh.mail', 'Aktualizuje se seznam mail', 'cs-CZ');
INSERT INTO OKM_TRANSLATION (TR_MODULE, TR_KEY, TR_TEXT, TR_LANGUAGE) VALUES ('frontend', 'filebrowser.status.refresh.delete.folder', 'Mae se sloka', 'cs-CZ');
INSERT INTO OKM_TRANSLATION (TR_MODULE, TR_KEY, TR_TEXT, TR_LANGUAGE) VALUES ('frontend', 'filebrowser.status.refresh.delete.document', 'Mae se dokument', 'cs-CZ');
INSERT INTO OKM_TRANSLATION (TR_MODULE, TR_KEY, TR_TEXT, TR_LANGUAGE) VALUES ('frontend', 'filebrowser.status.refresh.checkout', 'Checking out dokument', 'cs-CZ');
INSERT INTO OKM_TRANSLATION (TR_MODULE, TR_KEY, TR_TEXT, TR_LANGUAGE) VALUES ('frontend', 'filebrowser.status.refresh.lock', 'Zamyk se dokument', 'cs-CZ');
INSERT INTO OKM_TRANSLATION (TR_MODULE, TR_KEY, TR_TEXT, TR_LANGUAGE) VALUES ('frontend', 'filebrowser.status.refresh.unlock', 'Odemyk se dokument', 'cs-CZ');
INSERT INTO OKM_TRANSLATION (TR_MODULE, TR_KEY, TR_TEXT, TR_LANGUAGE) VALUES ('frontend', 'filebrowser.status.refresh.document.rename', 'Pejmenovv se document', 'cs-CZ');
INSERT INTO OKM_TRANSLATION (TR_MODULE, TR_KEY, TR_TEXT, TR_LANGUAGE) VALUES ('frontend', 'filebrowser.status.refresh.folder.rename', 'Pejmenovv se sloka', 'cs-CZ');
INSERT INTO OKM_TRANSLATION (TR_MODULE, TR_KEY, TR_TEXT, TR_LANGUAGE) VALUES ('frontend', 'filebrowser.status.refresh.document.purge', 'Mae se dokument', 'cs-CZ');
INSERT INTO OKM_TRANSLATION (TR_MODULE, TR_KEY, TR_TEXT, TR_LANGUAGE) VALUES ('frontend', 'filebrowser.status.refresh.folder.purge', 'Mae se sloka', 'cs-CZ');
INSERT INTO OKM_TRANSLATION (TR_MODULE, TR_KEY, TR_TEXT, TR_LANGUAGE) VALUES ('frontend', 'filebrowser.status.refresh.folder.get', 'Aktualizuje se sloka', 'cs-CZ');
INSERT INTO OKM_TRANSLATION (TR_MODULE, TR_KEY, TR_TEXT, TR_LANGUAGE) VALUES ('frontend', 'filebrowser.status.refresh.document.get', 'Aktualizuje se dokument', 'cs-CZ');
INSERT INTO OKM_TRANSLATION (TR_MODULE, TR_KEY, TR_TEXT, TR_LANGUAGE) VALUES ('frontend', 'filebrowser.status.refresh.add.subscription', 'Pidv se upozornn o zmnch mailem', 'cs-CZ');
INSERT INTO OKM_TRANSLATION (TR_MODULE, TR_KEY, TR_TEXT, TR_LANGUAGE) VALUES ('frontend', 'filebrowser.status.refresh.remove.subscription', 'Odebr se se upozornn o zmnch mailem', 'cs-CZ');
INSERT INTO OKM_TRANSLATION (TR_MODULE, TR_KEY, TR_TEXT, TR_LANGUAGE) VALUES ('frontend', 'filebrowser.status.refresh.get.user.home', 'Zskv se domovsk sloka', 'cs-CZ');
INSERT INTO OKM_TRANSLATION (TR_MODULE, TR_KEY, TR_TEXT, TR_LANGUAGE) VALUES ('frontend', 'filebrowser.status.refresh.delete.mail', 'Mae se mail', 'cs-CZ');
INSERT INTO OKM_TRANSLATION (TR_MODULE, TR_KEY, TR_TEXT, TR_LANGUAGE) VALUES ('frontend', 'filebrowser.status.refresh.mail.purge', 'Mae se mail', 'cs-CZ');
INSERT INTO OKM_TRANSLATION (TR_MODULE, TR_KEY, TR_TEXT, TR_LANGUAGE) VALUES ('frontend', 'fileupload.send', 'Odeslat', 'cs-CZ');
INSERT INTO OKM_TRANSLATION (TR_MODULE, TR_KEY, TR_TEXT, TR_LANGUAGE) VALUES ('frontend', 'fileupload.status.sending', 'Nahrv se soubor...', 'cs-CZ');
INSERT INTO OKM_TRANSLATION (TR_MODULE, TR_KEY, TR_TEXT, TR_LANGUAGE) VALUES ('frontend', 'fileupload.status.indexing', 'Indexuje se soubor...', 'cs-CZ');
INSERT INTO OKM_TRANSLATION (TR_MODULE, TR_KEY, TR_TEXT, TR_LANGUAGE) VALUES ('frontend', 'fileupload.status.ok', 'Soubro byl spn nahrn', 'cs-CZ');
INSERT INTO OKM_TRANSLATION (TR_MODULE, TR_KEY, TR_TEXT, TR_LANGUAGE) VALUES ('frontend', 'fileupload.upload.status', 'Vsledek nahrn', 'cs-CZ');
INSERT INTO OKM_TRANSLATION (TR_MODULE, TR_KEY, TR_TEXT, TR_LANGUAGE) VALUES ('frontend', 'fileupload.upload.uploaded', 'Nahrn', 'cs-CZ');
INSERT INTO OKM_TRANSLATION (TR_MODULE, TR_KEY, TR_TEXT, TR_LANGUAGE) VALUES ('frontend', 'fileupload.upload.completed', 'Nahrvn dokoneno', 'cs-CZ');
INSERT INTO OKM_TRANSLATION (TR_MODULE, TR_KEY, TR_TEXT, TR_LANGUAGE) VALUES ('frontend', 'fileupload.upload.runtime', 'Runtime', 'cs-CZ');
INSERT INTO OKM_TRANSLATION (TR_MODULE, TR_KEY, TR_TEXT, TR_LANGUAGE) VALUES ('frontend', 'fileupload.upload.remaining', 'Zbv', 'cs-CZ');
INSERT INTO OKM_TRANSLATION (TR_MODULE, TR_KEY, TR_TEXT, TR_LANGUAGE) VALUES ('frontend', 'fileupload.button.close', 'Zavt', 'cs-CZ');
INSERT INTO OKM_TRANSLATION (TR_MODULE, TR_KEY, TR_TEXT, TR_LANGUAGE) VALUES ('frontend', 'fileupload.button.add.other.file', 'Pidat dal soubor', 'cs-CZ');
INSERT INTO OKM_TRANSLATION (TR_MODULE, TR_KEY, TR_TEXT, TR_LANGUAGE) VALUES ('frontend', 'fileupload.status.move.file', 'Pesouv se soubor...', 'cs-CZ');
INSERT INTO OKM_TRANSLATION (TR_MODULE, TR_KEY, TR_TEXT, TR_LANGUAGE) VALUES ('frontend', 'fileupload.status.move.mail', 'Pesouv se mail...', 'cs-CZ');
INSERT INTO OKM_TRANSLATION (TR_MODULE, TR_KEY, TR_TEXT, TR_LANGUAGE) VALUES ('frontend', 'fileupload.status.copy.file', 'Kopruje se soubor...', 'cs-CZ');
INSERT INTO OKM_TRANSLATION (TR_MODULE, TR_KEY, TR_TEXT, TR_LANGUAGE) VALUES ('frontend', 'fileupload.status.copy.mail', 'Kopruje se mail...', 'cs-CZ');
INSERT INTO OKM_TRANSLATION (TR_MODULE, TR_KEY, TR_TEXT, TR_LANGUAGE) VALUES ('frontend', 'fileupload.status.restore.file', 'Obnovuje se soubor...', 'cs-CZ');
INSERT INTO OKM_TRANSLATION (TR_MODULE, TR_KEY, TR_TEXT, TR_LANGUAGE) VALUES ('frontend', 'fileupload.status.restore.mail', 'Obnovuje se soubormail...', 'cs-CZ');
INSERT INTO OKM_TRANSLATION (TR_MODULE, TR_KEY, TR_TEXT, TR_LANGUAGE) VALUES ('frontend', 'fileupload.status.move.folder', 'Pesouv se sloka...', 'cs-CZ');
INSERT INTO OKM_TRANSLATION (TR_MODULE, TR_KEY, TR_TEXT, TR_LANGUAGE) VALUES ('frontend', 'fileupload.status.copy.folder', 'Kopruje se sloka...', 'cs-CZ');
INSERT INTO OKM_TRANSLATION (TR_MODULE, TR_KEY, TR_TEXT, TR_LANGUAGE) VALUES ('frontend', 'fileupload.status.restore.folder', 'Obnovuje se sloka...', 'cs-CZ');
INSERT INTO OKM_TRANSLATION (TR_MODULE, TR_KEY, TR_TEXT, TR_LANGUAGE) VALUES ('frontend', 'fileupload.status.create.from.template', 'Vytv se soubor ze ablony...', 'cs-CZ');
INSERT INTO OKM_TRANSLATION (TR_MODULE, TR_KEY, TR_TEXT, TR_LANGUAGE) VALUES ('frontend', 'fileupload.status.of', 'z', 'cs-CZ');
INSERT INTO OKM_TRANSLATION (TR_MODULE, TR_KEY, TR_TEXT, TR_LANGUAGE) VALUES ('frontend', 'fileupload.label.insert', 'Pidat nov dokumenty', 'cs-CZ');
INSERT INTO OKM_TRANSLATION (TR_MODULE, TR_KEY, TR_TEXT, TR_LANGUAGE) VALUES ('frontend', 'fileupload.label.update', 'Aktualizovat dokumenty', 'cs-CZ');
INSERT INTO OKM_TRANSLATION (TR_MODULE, TR_KEY, TR_TEXT, TR_LANGUAGE) VALUES ('frontend', 'fileupload.label.users.notify', 'Upozornit uivatele', 'cs-CZ');
INSERT INTO OKM_TRANSLATION (TR_MODULE, TR_KEY, TR_TEXT, TR_LANGUAGE) VALUES ('frontend', 'fileupload.label.comment', 'Poznmka', 'cs-CZ');
INSERT INTO OKM_TRANSLATION (TR_MODULE, TR_KEY, TR_TEXT, TR_LANGUAGE) VALUES ('frontend', 'fileupload.label.users.to.notify"', '  "Uivatel kte budou upozornni', 'cs-CZ');
INSERT INTO OKM_TRANSLATION (TR_MODULE, TR_KEY, TR_TEXT, TR_LANGUAGE) VALUES ('frontend', 'fileupload.label.users"', '  "Uivatel', 'cs-CZ');
INSERT INTO OKM_TRANSLATION (TR_MODULE, TR_KEY, TR_TEXT, TR_LANGUAGE) VALUES ('frontend', 'fileupload.label.groups.to.notify', 'Groups to notify', 'cs-CZ');
INSERT INTO OKM_TRANSLATION (TR_MODULE, TR_KEY, TR_TEXT, TR_LANGUAGE) VALUES ('frontend', 'fileupload.label.groups', 'Groups', 'cs-CZ');
INSERT INTO OKM_TRANSLATION (TR_MODULE, TR_KEY, TR_TEXT, TR_LANGUAGE) VALUES ('frontend', 'fileupload.label.must.select.users"', '  "Muste zvolit uivatele,  kter m bt upozornn', 'cs-CZ');
INSERT INTO OKM_TRANSLATION (TR_MODULE, TR_KEY, TR_TEXT, TR_LANGUAGE) VALUES ('frontend', 'fileupload.label.importZip', 'Nahrt dokumenty ze ZIP souboru', 'cs-CZ');
INSERT INTO OKM_TRANSLATION (TR_MODULE, TR_KEY, TR_TEXT, TR_LANGUAGE) VALUES ('frontend', 'fileupload.label.notify.comment', 'Zprva o zmn', 'cs-CZ');
INSERT INTO OKM_TRANSLATION (TR_MODULE, TR_KEY, TR_TEXT, TR_LANGUAGE) VALUES ('frontend', 'fileupload.label.error.importing.zip', 'Chyba pi nahrvn souboru', 'cs-CZ');
INSERT INTO OKM_TRANSLATION (TR_MODULE, TR_KEY, TR_TEXT, TR_LANGUAGE) VALUES ('frontend', 'fileupload.label.error.move.file', 'Chyba pi pesouvn souboru', 'cs-CZ');
INSERT INTO OKM_TRANSLATION (TR_MODULE, TR_KEY, TR_TEXT, TR_LANGUAGE) VALUES ('frontend', 'fileupload.label.error.move.mail', 'Chyba pi pesouvn mailu', 'cs-CZ');
INSERT INTO OKM_TRANSLATION (TR_MODULE, TR_KEY, TR_TEXT, TR_LANGUAGE) VALUES ('frontend', 'fileupload.label.error.copy.file', 'Chyba pi koprovn souboru', 'cs-CZ');
INSERT INTO OKM_TRANSLATION (TR_MODULE, TR_KEY, TR_TEXT, TR_LANGUAGE) VALUES ('frontend', 'fileupload.label.error.copy.mail', 'Chyba pi koprovn mailu', 'cs-CZ');
INSERT INTO OKM_TRANSLATION (TR_MODULE, TR_KEY, TR_TEXT, TR_LANGUAGE) VALUES ('frontend', 'fileupload.label.error.restore.file', 'Chyba pi obnov souboru', 'cs-CZ');
INSERT INTO OKM_TRANSLATION (TR_MODULE, TR_KEY, TR_TEXT, TR_LANGUAGE) VALUES ('frontend', 'fileupload.label.error.restore.mail', 'Chyba pi obnov mailu', 'cs-CZ');
INSERT INTO OKM_TRANSLATION (TR_MODULE, TR_KEY, TR_TEXT, TR_LANGUAGE) VALUES ('frontend', 'fileupload.label.error.move.folder', 'Chyba pi pesouvn sloky', 'cs-CZ');
INSERT INTO OKM_TRANSLATION (TR_MODULE, TR_KEY, TR_TEXT, TR_LANGUAGE) VALUES ('frontend', 'fileupload.label.error.copy.folder', 'Chyba pi koprovn sloky', 'cs-CZ');
INSERT INTO OKM_TRANSLATION (TR_MODULE, TR_KEY, TR_TEXT, TR_LANGUAGE) VALUES ('frontend', 'fileupload.label.error.restore.folder', 'Chyba pi obnovovn sloky', 'cs-CZ');
INSERT INTO OKM_TRANSLATION (TR_MODULE, TR_KEY, TR_TEXT, TR_LANGUAGE) VALUES ('frontend', 'fileupload.label.error.create.from.template', 'Chyba pi vytven souboru ze ablony', 'cs-CZ');
INSERT INTO OKM_TRANSLATION (TR_MODULE, TR_KEY, TR_TEXT, TR_LANGUAGE) VALUES ('frontend', 'fileupload.label.error.not.allowed.move.folder.child', 'Nen mon pesunout pod pvodn sloku nebo podsloku', 'cs-CZ');
INSERT INTO OKM_TRANSLATION (TR_MODULE, TR_KEY, TR_TEXT, TR_LANGUAGE) VALUES ('frontend', 'fileupload.label.error.not.allowed.copy.same.folder', 'Nen mon pesunout pod pvodn sloku', 'cs-CZ');
INSERT INTO OKM_TRANSLATION (TR_MODULE, TR_KEY, TR_TEXT, TR_LANGUAGE) VALUES ('frontend', 'fileupload.label.error.not.allowed.create.from.template.same.folder', 'Nen mon vytvoit soubor do sloky,  kde je uloena ablona', 'cs-CZ');
INSERT INTO OKM_TRANSLATION (TR_MODULE, TR_KEY, TR_TEXT, TR_LANGUAGE) VALUES ('frontend', 'tab.document.properties', 'Vlastnosti', 'cs-CZ');
INSERT INTO OKM_TRANSLATION (TR_MODULE, TR_KEY, TR_TEXT, TR_LANGUAGE) VALUES ('frontend', 'tab.document.notes', 'Poznmky', 'cs-CZ');
INSERT INTO OKM_TRANSLATION (TR_MODULE, TR_KEY, TR_TEXT, TR_LANGUAGE) VALUES ('frontend', 'tab.document.history', 'Historie', 'cs-CZ');
INSERT INTO OKM_TRANSLATION (TR_MODULE, TR_KEY, TR_TEXT, TR_LANGUAGE) VALUES ('frontend', 'tab.document.status.history', 'Upravuje se historie', 'cs-CZ');
INSERT INTO OKM_TRANSLATION (TR_MODULE, TR_KEY, TR_TEXT, TR_LANGUAGE) VALUES ('frontend', 'tab.status.security.role', 'Aktualizuj se pstupov role', 'cs-CZ');
INSERT INTO OKM_TRANSLATION (TR_MODULE, TR_KEY, TR_TEXT, TR_LANGUAGE) VALUES ('frontend', 'tab.status.security.user', 'Aktualizuj se oprvnen uivatel', 'cs-CZ');
INSERT INTO OKM_TRANSLATION (TR_MODULE, TR_KEY, TR_TEXT, TR_LANGUAGE) VALUES ('frontend', 'tab.document.status.group.properties', 'Aktualizuj se skupina vlastnost', 'cs-CZ');
INSERT INTO OKM_TRANSLATION (TR_MODULE, TR_KEY, TR_TEXT, TR_LANGUAGE) VALUES ('frontend', 'tab.document.status.set.keywords', 'Nastavuj se klov slova', 'cs-CZ');
INSERT INTO OKM_TRANSLATION (TR_MODULE, TR_KEY, TR_TEXT, TR_LANGUAGE) VALUES ('frontend', 'tab.document.status.set.categories', 'Updating categories', 'cs-CZ');
INSERT INTO OKM_TRANSLATION (TR_MODULE, TR_KEY, TR_TEXT, TR_LANGUAGE) VALUES ('frontend', 'tab.document.status.get.version.history.size', 'Aktualizuje se velikost historie dokumentu', 'cs-CZ');
INSERT INTO OKM_TRANSLATION (TR_MODULE, TR_KEY, TR_TEXT, TR_LANGUAGE) VALUES ('frontend', 'tab.document.status.purge.version.history', 'Zkompaktnit historii dokumentu', 'cs-CZ');
INSERT INTO OKM_TRANSLATION (TR_MODULE, TR_KEY, TR_TEXT, TR_LANGUAGE) VALUES ('frontend', 'tab.document.status.restore.version', 'Obnovuje se verze dokumentu', 'cs-CZ');
INSERT INTO OKM_TRANSLATION (TR_MODULE, TR_KEY, TR_TEXT, TR_LANGUAGE) VALUES ('frontend', 'tab.document.security', 'Zabezpeen', 'cs-CZ');
INSERT INTO OKM_TRANSLATION (TR_MODULE, TR_KEY, TR_TEXT, TR_LANGUAGE) VALUES ('frontend', 'tab.document.preview', 'Nhled', 'cs-CZ');
INSERT INTO OKM_TRANSLATION (TR_MODULE, TR_KEY, TR_TEXT, TR_LANGUAGE) VALUES ('frontend', 'tab.folder.properties', 'Vlastnosti', 'cs-CZ');
INSERT INTO OKM_TRANSLATION (TR_MODULE, TR_KEY, TR_TEXT, TR_LANGUAGE) VALUES ('frontend', 'tab.folder.security', 'Zabezpeen', 'cs-CZ');
INSERT INTO OKM_TRANSLATION (TR_MODULE, TR_KEY, TR_TEXT, TR_LANGUAGE) VALUES ('frontend', 'tab.folder.notes', 'Poznmky', 'cs-CZ');
INSERT INTO OKM_TRANSLATION (TR_MODULE, TR_KEY, TR_TEXT, TR_LANGUAGE) VALUES ('frontend', 'tab.workspace.desktop', 'Plocha', 'cs-CZ');
INSERT INTO OKM_TRANSLATION (TR_MODULE, TR_KEY, TR_TEXT, TR_LANGUAGE) VALUES ('frontend', 'tab.workspace.search', 'Hledat', 'cs-CZ');
INSERT INTO OKM_TRANSLATION (TR_MODULE, TR_KEY, TR_TEXT, TR_LANGUAGE) VALUES ('frontend', 'tab.workspace.dashboard', 'Pehled', 'cs-CZ');
INSERT INTO OKM_TRANSLATION (TR_MODULE, TR_KEY, TR_TEXT, TR_LANGUAGE) VALUES ('frontend', 'tab.workspace.administration', 'Administrace', 'cs-CZ');
INSERT INTO OKM_TRANSLATION (TR_MODULE, TR_KEY, TR_TEXT, TR_LANGUAGE) VALUES ('frontend', 'document.uuid', 'UUID', 'cs-CZ');
INSERT INTO OKM_TRANSLATION (TR_MODULE, TR_KEY, TR_TEXT, TR_LANGUAGE) VALUES ('frontend', 'document.name', 'Nzev', 'cs-CZ');
INSERT INTO OKM_TRANSLATION (TR_MODULE, TR_KEY, TR_TEXT, TR_LANGUAGE) VALUES ('frontend', 'document.folder', 'Sloka', 'cs-CZ');
INSERT INTO OKM_TRANSLATION (TR_MODULE, TR_KEY, TR_TEXT, TR_LANGUAGE) VALUES ('frontend', 'document.size', 'Velikost', 'cs-CZ');
INSERT INTO OKM_TRANSLATION (TR_MODULE, TR_KEY, TR_TEXT, TR_LANGUAGE) VALUES ('frontend', 'document.created', 'Vytvoeno', 'cs-CZ');
INSERT INTO OKM_TRANSLATION (TR_MODULE, TR_KEY, TR_TEXT, TR_LANGUAGE) VALUES ('frontend', 'document.lastmodified', 'Zmnno', 'cs-CZ');
INSERT INTO OKM_TRANSLATION (TR_MODULE, TR_KEY, TR_TEXT, TR_LANGUAGE) VALUES ('frontend', 'document.mimetype', 'MIME typ', 'cs-CZ');
INSERT INTO OKM_TRANSLATION (TR_MODULE, TR_KEY, TR_TEXT, TR_LANGUAGE) VALUES ('frontend', 'document.keywords', 'Klov slova', 'cs-CZ');
INSERT INTO OKM_TRANSLATION (TR_MODULE, TR_KEY, TR_TEXT, TR_LANGUAGE) VALUES ('frontend', 'document.by', '', 'cs-CZ');
INSERT INTO OKM_TRANSLATION (TR_MODULE, TR_KEY, TR_TEXT, TR_LANGUAGE) VALUES ('frontend', 'document.status', 'Stav', 'cs-CZ');
INSERT INTO OKM_TRANSLATION (TR_MODULE, TR_KEY, TR_TEXT, TR_LANGUAGE) VALUES ('frontend', 'document.status.checkout', 'Upraveno', 'cs-CZ');
INSERT INTO OKM_TRANSLATION (TR_MODULE, TR_KEY, TR_TEXT, TR_LANGUAGE) VALUES ('frontend', 'document.status.locked', 'Zameno', 'cs-CZ');
INSERT INTO OKM_TRANSLATION (TR_MODULE, TR_KEY, TR_TEXT, TR_LANGUAGE) VALUES ('frontend', 'document.status.normal', 'Dostupn', 'cs-CZ');
INSERT INTO OKM_TRANSLATION (TR_MODULE, TR_KEY, TR_TEXT, TR_LANGUAGE) VALUES ('frontend', 'document.subscribed', 'Nastaveno upozornn o zmnch', 'cs-CZ');
INSERT INTO OKM_TRANSLATION (TR_MODULE, TR_KEY, TR_TEXT, TR_LANGUAGE) VALUES ('frontend', 'document.subscribed.yes', 'Ano', 'cs-CZ');
INSERT INTO OKM_TRANSLATION (TR_MODULE, TR_KEY, TR_TEXT, TR_LANGUAGE) VALUES ('frontend', 'document.subscribed.no', 'Ne', 'cs-CZ');
INSERT INTO OKM_TRANSLATION (TR_MODULE, TR_KEY, TR_TEXT, TR_LANGUAGE) VALUES ('frontend', 'document.history.size', 'Velikost historie', 'cs-CZ');
INSERT INTO OKM_TRANSLATION (TR_MODULE, TR_KEY, TR_TEXT, TR_LANGUAGE) VALUES ('frontend', 'document.subscribed.users', 'Uivatel kterm je zaslno upozornn', 'cs-CZ');
INSERT INTO OKM_TRANSLATION (TR_MODULE, TR_KEY, TR_TEXT, TR_LANGUAGE) VALUES ('frontend', 'document.url', 'URL', 'cs-CZ');
INSERT INTO OKM_TRANSLATION (TR_MODULE, TR_KEY, TR_TEXT, TR_LANGUAGE) VALUES ('frontend', 'document.webdav', 'WebDAV', 'cs-CZ');
INSERT INTO OKM_TRANSLATION (TR_MODULE, TR_KEY, TR_TEXT, TR_LANGUAGE) VALUES ('frontend', 'document.add.note', 'Pidat poznmku', 'cs-CZ');
INSERT INTO OKM_TRANSLATION (TR_MODULE, TR_KEY, TR_TEXT, TR_LANGUAGE) VALUES ('frontend', 'document.keywords.cloud', 'Mrak klovch slov', 'cs-CZ');
INSERT INTO OKM_TRANSLATION (TR_MODULE, TR_KEY, TR_TEXT, TR_LANGUAGE) VALUES ('frontend', 'document.categories', 'Categories', 'cs-CZ');
INSERT INTO OKM_TRANSLATION (TR_MODULE, TR_KEY, TR_TEXT, TR_LANGUAGE) VALUES ('frontend', 'folder.uuid', 'UUID', 'cs-CZ');
INSERT INTO OKM_TRANSLATION (TR_MODULE, TR_KEY, TR_TEXT, TR_LANGUAGE) VALUES ('frontend', 'folder.name', 'Nazev', 'cs-CZ');
INSERT INTO OKM_TRANSLATION (TR_MODULE, TR_KEY, TR_TEXT, TR_LANGUAGE) VALUES ('frontend', 'folder.parent', 'Rodi', 'cs-CZ');
INSERT INTO OKM_TRANSLATION (TR_MODULE, TR_KEY, TR_TEXT, TR_LANGUAGE) VALUES ('frontend', 'folder.created', 'Vytvoeno', 'cs-CZ');
INSERT INTO OKM_TRANSLATION (TR_MODULE, TR_KEY, TR_TEXT, TR_LANGUAGE) VALUES ('frontend', 'folder.by', '', 'cs-CZ');
INSERT INTO OKM_TRANSLATION (TR_MODULE, TR_KEY, TR_TEXT, TR_LANGUAGE) VALUES ('frontend', 'folder.subscribed', 'Nastaveno upozornn o zmnch', 'cs-CZ');
INSERT INTO OKM_TRANSLATION (TR_MODULE, TR_KEY, TR_TEXT, TR_LANGUAGE) VALUES ('frontend', 'folder.subscribed.yes', 'Ano', 'cs-CZ');
INSERT INTO OKM_TRANSLATION (TR_MODULE, TR_KEY, TR_TEXT, TR_LANGUAGE) VALUES ('frontend', 'folder.subscribed.no', 'Ne', 'cs-CZ');
INSERT INTO OKM_TRANSLATION (TR_MODULE, TR_KEY, TR_TEXT, TR_LANGUAGE) VALUES ('frontend', 'folder.subscribed.users', 'Uivatel kterm je zaslno upozornn', 'cs-CZ');
INSERT INTO OKM_TRANSLATION (TR_MODULE, TR_KEY, TR_TEXT, TR_LANGUAGE) VALUES ('frontend', 'folder.url', 'URL', 'cs-CZ');
INSERT INTO OKM_TRANSLATION (TR_MODULE, TR_KEY, TR_TEXT, TR_LANGUAGE) VALUES ('frontend', 'folder.webdav', 'WebDAV', 'cs-CZ');
INSERT INTO OKM_TRANSLATION (TR_MODULE, TR_KEY, TR_TEXT, TR_LANGUAGE) VALUES ('frontend', 'folder.number.folders', 'Folders', 'cs-CZ');
INSERT INTO OKM_TRANSLATION (TR_MODULE, TR_KEY, TR_TEXT, TR_LANGUAGE) VALUES ('frontend', 'folder.number.documents', 'Documents', 'cs-CZ');
INSERT INTO OKM_TRANSLATION (TR_MODULE, TR_KEY, TR_TEXT, TR_LANGUAGE) VALUES ('frontend', 'folder.number.mails', 'Mails', 'cs-CZ');
INSERT INTO OKM_TRANSLATION (TR_MODULE, TR_KEY, TR_TEXT, TR_LANGUAGE) VALUES ('frontend', 'version.name', 'Verze', 'cs-CZ');
INSERT INTO OKM_TRANSLATION (TR_MODULE, TR_KEY, TR_TEXT, TR_LANGUAGE) VALUES ('frontend', 'version.created', 'Datum', 'cs-CZ');
INSERT INTO OKM_TRANSLATION (TR_MODULE, TR_KEY, TR_TEXT, TR_LANGUAGE) VALUES ('frontend', 'version.author', 'Autor', 'cs-CZ');
INSERT INTO OKM_TRANSLATION (TR_MODULE, TR_KEY, TR_TEXT, TR_LANGUAGE) VALUES ('frontend', 'version.size', 'Velikost', 'cs-CZ');
INSERT INTO OKM_TRANSLATION (TR_MODULE, TR_KEY, TR_TEXT, TR_LANGUAGE) VALUES ('frontend', 'version.purge.document', 'Zkompaktnit historii dokumentu', 'cs-CZ');
INSERT INTO OKM_TRANSLATION (TR_MODULE, TR_KEY, TR_TEXT, TR_LANGUAGE) VALUES ('frontend', 'version.comment', 'Koment', 'cs-CZ');
INSERT INTO OKM_TRANSLATION (TR_MODULE, TR_KEY, TR_TEXT, TR_LANGUAGE) VALUES ('frontend', 'security.label', 'Zabezpeen', 'cs-CZ');
INSERT INTO OKM_TRANSLATION (TR_MODULE, TR_KEY, TR_TEXT, TR_LANGUAGE) VALUES ('frontend', 'security.group.name', 'Skupina', 'cs-CZ');
INSERT INTO OKM_TRANSLATION (TR_MODULE, TR_KEY, TR_TEXT, TR_LANGUAGE) VALUES ('frontend', 'security.group.permission.read', 'st', 'cs-CZ');
INSERT INTO OKM_TRANSLATION (TR_MODULE, TR_KEY, TR_TEXT, TR_LANGUAGE) VALUES ('frontend', 'security.group.permission.write', 'Zapisovat', 'cs-CZ');
INSERT INTO OKM_TRANSLATION (TR_MODULE, TR_KEY, TR_TEXT, TR_LANGUAGE) VALUES ('frontend', 'security.group.permission.delete', 'Delete', 'cs-CZ');
INSERT INTO OKM_TRANSLATION (TR_MODULE, TR_KEY, TR_TEXT, TR_LANGUAGE) VALUES ('frontend', 'security.group.permission.security', 'Security', 'cs-CZ');
INSERT INTO OKM_TRANSLATION (TR_MODULE, TR_KEY, TR_TEXT, TR_LANGUAGE) VALUES ('frontend', 'security.user.name', 'Uivatel', 'cs-CZ');
INSERT INTO OKM_TRANSLATION (TR_MODULE, TR_KEY, TR_TEXT, TR_LANGUAGE) VALUES ('frontend', 'security.user.permission.read', 'st', 'cs-CZ');
INSERT INTO OKM_TRANSLATION (TR_MODULE, TR_KEY, TR_TEXT, TR_LANGUAGE) VALUES ('frontend', 'security.user.permission.write', 'Zapisovat', 'cs-CZ');
INSERT INTO OKM_TRANSLATION (TR_MODULE, TR_KEY, TR_TEXT, TR_LANGUAGE) VALUES ('frontend', 'security.user.permission.delete', 'Delete', 'cs-CZ');
INSERT INTO OKM_TRANSLATION (TR_MODULE, TR_KEY, TR_TEXT, TR_LANGUAGE) VALUES ('frontend', 'security.user.permission.security', 'Security', 'cs-CZ');
INSERT INTO OKM_TRANSLATION (TR_MODULE, TR_KEY, TR_TEXT, TR_LANGUAGE) VALUES ('frontend', 'security.users', 'Uivatel', 'cs-CZ');
INSERT INTO OKM_TRANSLATION (TR_MODULE, TR_KEY, TR_TEXT, TR_LANGUAGE) VALUES ('frontend', 'security.groups', 'Skupiny', 'cs-CZ');
INSERT INTO OKM_TRANSLATION (TR_MODULE, TR_KEY, TR_TEXT, TR_LANGUAGE) VALUES ('frontend', 'security.recursive', 'Nastavit prva rekurzivn', 'cs-CZ');
INSERT INTO OKM_TRANSLATION (TR_MODULE, TR_KEY, TR_TEXT, TR_LANGUAGE) VALUES ('frontend', 'secutiry.filter.by.users', 'Users filter', 'cs-CZ');
INSERT INTO OKM_TRANSLATION (TR_MODULE, TR_KEY, TR_TEXT, TR_LANGUAGE) VALUES ('frontend', 'secutiry.filter.by.groups', 'Groups filter', 'cs-CZ');
INSERT INTO OKM_TRANSLATION (TR_MODULE, TR_KEY, TR_TEXT, TR_LANGUAGE) VALUES ('frontend', 'security.status.updating', 'Updating security', 'cs-CZ');
INSERT INTO OKM_TRANSLATION (TR_MODULE, TR_KEY, TR_TEXT, TR_LANGUAGE) VALUES ('frontend', 'preview.unavailable', 'Nhled nen dostupn', 'cs-CZ');
INSERT INTO OKM_TRANSLATION (TR_MODULE, TR_KEY, TR_TEXT, TR_LANGUAGE) VALUES ('frontend', 'mail.from', 'Od', 'cs-CZ');
INSERT INTO OKM_TRANSLATION (TR_MODULE, TR_KEY, TR_TEXT, TR_LANGUAGE) VALUES ('frontend', 'mail.reply', 'Odpovdt komu', 'cs-CZ');
INSERT INTO OKM_TRANSLATION (TR_MODULE, TR_KEY, TR_TEXT, TR_LANGUAGE) VALUES ('frontend', 'mail.to', 'Komu', 'cs-CZ');
INSERT INTO OKM_TRANSLATION (TR_MODULE, TR_KEY, TR_TEXT, TR_LANGUAGE) VALUES ('frontend', 'mail.subject', 'Pedmt', 'cs-CZ');
INSERT INTO OKM_TRANSLATION (TR_MODULE, TR_KEY, TR_TEXT, TR_LANGUAGE) VALUES ('frontend', 'mail.attachment', 'Plohy', 'cs-CZ');
INSERT INTO OKM_TRANSLATION (TR_MODULE, TR_KEY, TR_TEXT, TR_LANGUAGE) VALUES ('frontend', 'error.label', 'Systm vytvoil chybu', 'cs-CZ');
INSERT INTO OKM_TRANSLATION (TR_MODULE, TR_KEY, TR_TEXT, TR_LANGUAGE) VALUES ('frontend', 'error.invocation', 'Chyba pi komunikaci se serverem', 'cs-CZ');
INSERT INTO OKM_TRANSLATION (TR_MODULE, TR_KEY, TR_TEXT, TR_LANGUAGE) VALUES ('frontend', 'about.label', 'O OpenKM', 'cs-CZ');
INSERT INTO OKM_TRANSLATION (TR_MODULE, TR_KEY, TR_TEXT, TR_LANGUAGE) VALUES ('frontend', 'about.loading', 'Nahrv se ...', 'cs-CZ');
INSERT INTO OKM_TRANSLATION (TR_MODULE, TR_KEY, TR_TEXT, TR_LANGUAGE) VALUES ('frontend', 'logout.label', 'Konec', 'cs-CZ');
INSERT INTO OKM_TRANSLATION (TR_MODULE, TR_KEY, TR_TEXT, TR_LANGUAGE) VALUES ('frontend', 'logout.closed', 'OpenKM byl spn ukonen.', 'cs-CZ');
INSERT INTO OKM_TRANSLATION (TR_MODULE, TR_KEY, TR_TEXT, TR_LANGUAGE) VALUES ('frontend', 'logout.logout', 'Probh odhlen z OpenKM,  prosm pokejte', 'cs-CZ');
INSERT INTO OKM_TRANSLATION (TR_MODULE, TR_KEY, TR_TEXT, TR_LANGUAGE) VALUES ('frontend', 'confirm.label', 'Potvrzen', 'cs-CZ');
INSERT INTO OKM_TRANSLATION (TR_MODULE, TR_KEY, TR_TEXT, TR_LANGUAGE) VALUES ('frontend', 'confirm.delete.folder', ' Opravdu chcete smazat sloku ?', 'cs-CZ');
INSERT INTO OKM_TRANSLATION (TR_MODULE, TR_KEY, TR_TEXT, TR_LANGUAGE) VALUES ('frontend', 'confirm.delete.document', ' Opravdu chcete smazat dokument ?', 'cs-CZ');
INSERT INTO OKM_TRANSLATION (TR_MODULE, TR_KEY, TR_TEXT, TR_LANGUAGE) VALUES ('frontend', 'confirm.delete.trash', ' Opravdu chcete vyprzdnit ko ?', 'cs-CZ');
INSERT INTO OKM_TRANSLATION (TR_MODULE, TR_KEY, TR_TEXT, TR_LANGUAGE) VALUES ('frontend', 'confirm.purge.folder', ' Opravdu chcete smazat sloku ?', 'cs-CZ');
INSERT INTO OKM_TRANSLATION (TR_MODULE, TR_KEY, TR_TEXT, TR_LANGUAGE) VALUES ('frontend', 'confirm.purge.document', ' Opravdu chcete smazat dokument ?', 'cs-CZ');
INSERT INTO OKM_TRANSLATION (TR_MODULE, TR_KEY, TR_TEXT, TR_LANGUAGE) VALUES ('frontend', 'confirm.delete.propety.group', ' Opravdu chcete smazat skupinu vlastnost ?', 'cs-CZ');
INSERT INTO OKM_TRANSLATION (TR_MODULE, TR_KEY, TR_TEXT, TR_LANGUAGE) VALUES ('frontend', 'confirm.purge.version.history.document', ' Opravdu chcete smazat historii dokumentu ?', 'cs-CZ');
INSERT INTO OKM_TRANSLATION (TR_MODULE, TR_KEY, TR_TEXT, TR_LANGUAGE) VALUES ('frontend', 'confirm.purge.restore.document', ' Opravdu chcete obnovit dokument do tto verze ?', 'cs-CZ');
INSERT INTO OKM_TRANSLATION (TR_MODULE, TR_KEY, TR_TEXT, TR_LANGUAGE) VALUES ('frontend', 'confirm.set.default.home', ' Opravdu chcete nastavit domovskou sloku ?', 'cs-CZ');
INSERT INTO OKM_TRANSLATION (TR_MODULE, TR_KEY, TR_TEXT, TR_LANGUAGE) VALUES ('frontend', 'confirm.delete.saved.search', ' Opravdu chcete smazat uloen hledn ?', 'cs-CZ');
INSERT INTO OKM_TRANSLATION (TR_MODULE, TR_KEY, TR_TEXT, TR_LANGUAGE) VALUES ('frontend', 'confirm.delete.user.news', ' Opravdu chcete smazat uivatelsk zprvy ?', 'cs-CZ');
INSERT INTO OKM_TRANSLATION (TR_MODULE, TR_KEY, TR_TEXT, TR_LANGUAGE) VALUES ('frontend', 'confirm.delete.mail', ' Opravdu chcete smazat mail ?', 'cs-CZ');
INSERT INTO OKM_TRANSLATION (TR_MODULE, TR_KEY, TR_TEXT, TR_LANGUAGE) VALUES ('frontend', 'confirm.get.pooled.workflow.task', 'Do you want to assign this task to you ?', 'cs-CZ');
INSERT INTO OKM_TRANSLATION (TR_MODULE, TR_KEY, TR_TEXT, TR_LANGUAGE) VALUES ('frontend', 'confirm.force.unlock', 'Do you really want to force the document unlock ?', 'cs-CZ');
INSERT INTO OKM_TRANSLATION (TR_MODULE, TR_KEY, TR_TEXT, TR_LANGUAGE) VALUES ('frontend', 'confirm.force.cancel.checkout', 'Do you really want to force the document cancel checkout ?', 'cs-CZ');
INSERT INTO OKM_TRANSLATION (TR_MODULE, TR_KEY, TR_TEXT, TR_LANGUAGE) VALUES ('frontend', 'search.context', 'Oblast', 'cs-CZ');
INSERT INTO OKM_TRANSLATION (TR_MODULE, TR_KEY, TR_TEXT, TR_LANGUAGE) VALUES ('frontend', 'search.content', 'Obsah', 'cs-CZ');
INSERT INTO OKM_TRANSLATION (TR_MODULE, TR_KEY, TR_TEXT, TR_LANGUAGE) VALUES ('frontend', 'search.name', 'Jmno', 'cs-CZ');
INSERT INTO OKM_TRANSLATION (TR_MODULE, TR_KEY, TR_TEXT, TR_LANGUAGE) VALUES ('frontend', 'search.keywords', 'Klov slova', 'cs-CZ');
INSERT INTO OKM_TRANSLATION (TR_MODULE, TR_KEY, TR_TEXT, TR_LANGUAGE) VALUES ('frontend', 'search.folder', 'Sloka', 'cs-CZ');
INSERT INTO OKM_TRANSLATION (TR_MODULE, TR_KEY, TR_TEXT, TR_LANGUAGE) VALUES ('frontend', 'search.category', 'Category', 'cs-CZ');
INSERT INTO OKM_TRANSLATION (TR_MODULE, TR_KEY, TR_TEXT, TR_LANGUAGE) VALUES ('frontend', 'search.results', 'Vsledky', 'cs-CZ');
INSERT INTO OKM_TRANSLATION (TR_MODULE, TR_KEY, TR_TEXT, TR_LANGUAGE) VALUES ('frontend', 'search.to', 'do', 'cs-CZ');
INSERT INTO OKM_TRANSLATION (TR_MODULE, TR_KEY, TR_TEXT, TR_LANGUAGE) VALUES ('frontend', 'search.page.results', 'Poet vsledk na strnce', 'cs-CZ');
INSERT INTO OKM_TRANSLATION (TR_MODULE, TR_KEY, TR_TEXT, TR_LANGUAGE) VALUES ('frontend', 'search.add.property.group', 'Pidat skupinu vlastnost', 'cs-CZ');
INSERT INTO OKM_TRANSLATION (TR_MODULE, TR_KEY, TR_TEXT, TR_LANGUAGE) VALUES ('frontend', 'search.mimetype', 'Mime typ', 'cs-CZ');
INSERT INTO OKM_TRANSLATION (TR_MODULE, TR_KEY, TR_TEXT, TR_LANGUAGE) VALUES ('frontend', 'search.type', 'Typ', 'cs-CZ');
INSERT INTO OKM_TRANSLATION (TR_MODULE, TR_KEY, TR_TEXT, TR_LANGUAGE) VALUES ('frontend', 'search.type.document', 'Dokument', 'cs-CZ');
INSERT INTO OKM_TRANSLATION (TR_MODULE, TR_KEY, TR_TEXT, TR_LANGUAGE) VALUES ('frontend', 'search.type.folder', 'Sloka', 'cs-CZ');
INSERT INTO OKM_TRANSLATION (TR_MODULE, TR_KEY, TR_TEXT, TR_LANGUAGE) VALUES ('frontend', 'search.type.mail', 'Mail', 'cs-CZ');
INSERT INTO OKM_TRANSLATION (TR_MODULE, TR_KEY, TR_TEXT, TR_LANGUAGE) VALUES ('frontend', 'search.advanced', 'Rozen hledn', 'cs-CZ');
INSERT INTO OKM_TRANSLATION (TR_MODULE, TR_KEY, TR_TEXT, TR_LANGUAGE) VALUES ('frontend', 'search.user', 'Uivatel', 'cs-CZ');
INSERT INTO OKM_TRANSLATION (TR_MODULE, TR_KEY, TR_TEXT, TR_LANGUAGE) VALUES ('frontend', 'search.date.and', 'a', 'cs-CZ');
INSERT INTO OKM_TRANSLATION (TR_MODULE, TR_KEY, TR_TEXT, TR_LANGUAGE) VALUES ('frontend', 'search.date.range', 'Datum od', 'cs-CZ');
INSERT INTO OKM_TRANSLATION (TR_MODULE, TR_KEY, TR_TEXT, TR_LANGUAGE) VALUES ('frontend', 'search.save.as.news', 'Uloit jako uivatelskou zprvu', 'cs-CZ');
INSERT INTO OKM_TRANSLATION (TR_MODULE, TR_KEY, TR_TEXT, TR_LANGUAGE) VALUES ('frontend', 'search.folder.filter', 'Filtrovat podle sloky', 'cs-CZ');
INSERT INTO OKM_TRANSLATION (TR_MODULE, TR_KEY, TR_TEXT, TR_LANGUAGE) VALUES ('frontend', 'search.category.filter', 'Filter by category', 'cs-CZ');
INSERT INTO OKM_TRANSLATION (TR_MODULE, TR_KEY, TR_TEXT, TR_LANGUAGE) VALUES ('frontend', 'search.result.name', 'Jmno', 'cs-CZ');
INSERT INTO OKM_TRANSLATION (TR_MODULE, TR_KEY, TR_TEXT, TR_LANGUAGE) VALUES ('frontend', 'search.result.score', 'Relevance', 'cs-CZ');
INSERT INTO OKM_TRANSLATION (TR_MODULE, TR_KEY, TR_TEXT, TR_LANGUAGE) VALUES ('frontend', 'search.result.size', 'Velikost', 'cs-CZ');
INSERT INTO OKM_TRANSLATION (TR_MODULE, TR_KEY, TR_TEXT, TR_LANGUAGE) VALUES ('frontend', 'search.result.date.update', 'Datum pravy', 'cs-CZ');
INSERT INTO OKM_TRANSLATION (TR_MODULE, TR_KEY, TR_TEXT, TR_LANGUAGE) VALUES ('frontend', 'search.result.author', 'Autor', 'cs-CZ');
INSERT INTO OKM_TRANSLATION (TR_MODULE, TR_KEY, TR_TEXT, TR_LANGUAGE) VALUES ('frontend', 'search.result.version', 'Verze', 'cs-CZ');
INSERT INTO OKM_TRANSLATION (TR_MODULE, TR_KEY, TR_TEXT, TR_LANGUAGE) VALUES ('frontend', 'search.result.path', 'Cesta', 'cs-CZ');
INSERT INTO OKM_TRANSLATION (TR_MODULE, TR_KEY, TR_TEXT, TR_LANGUAGE) VALUES ('frontend', 'search.result.menu.download', 'Sthnout', 'cs-CZ');
INSERT INTO OKM_TRANSLATION (TR_MODULE, TR_KEY, TR_TEXT, TR_LANGUAGE) VALUES ('frontend', 'search.result.menu.go.folder', 'Jdi do sloky', 'cs-CZ');
INSERT INTO OKM_TRANSLATION (TR_MODULE, TR_KEY, TR_TEXT, TR_LANGUAGE) VALUES ('frontend', 'search.result.menu.go.document', 'Jdi do dokumentu', 'cs-CZ');
INSERT INTO OKM_TRANSLATION (TR_MODULE, TR_KEY, TR_TEXT, TR_LANGUAGE) VALUES ('frontend', 'search.result.status.findPaginated', 'Aktualizuje se hledn', 'cs-CZ');
INSERT INTO OKM_TRANSLATION (TR_MODULE, TR_KEY, TR_TEXT, TR_LANGUAGE) VALUES ('frontend', 'search.result.status.runsearch', 'Aktualizuje se uloen hledn', 'cs-CZ');
INSERT INTO OKM_TRANSLATION (TR_MODULE, TR_KEY, TR_TEXT, TR_LANGUAGE) VALUES ('frontend', 'search.saved.run', 'Hledej', 'cs-CZ');
INSERT INTO OKM_TRANSLATION (TR_MODULE, TR_KEY, TR_TEXT, TR_LANGUAGE) VALUES ('frontend', 'search.saved.delete', 'Sma', 'cs-CZ');
INSERT INTO OKM_TRANSLATION (TR_MODULE, TR_KEY, TR_TEXT, TR_LANGUAGE) VALUES ('frontend', 'search.saved.status.getsearchs', 'Aktualizace uloench hledn', 'cs-CZ');
INSERT INTO OKM_TRANSLATION (TR_MODULE, TR_KEY, TR_TEXT, TR_LANGUAGE) VALUES ('frontend', 'search.saved.status.savesearch', 'Aktualizace uloench hledn', 'cs-CZ');
INSERT INTO OKM_TRANSLATION (TR_MODULE, TR_KEY, TR_TEXT, TR_LANGUAGE) VALUES ('frontend', 'search.saved.status.deletesearch', 'Maou se uloen hledn', 'cs-CZ');
INSERT INTO OKM_TRANSLATION (TR_MODULE, TR_KEY, TR_TEXT, TR_LANGUAGE) VALUES ('frontend', 'search.saved.status.getusernews', 'Aktualizuj se uloen hledn', 'cs-CZ');
INSERT INTO OKM_TRANSLATION (TR_MODULE, TR_KEY, TR_TEXT, TR_LANGUAGE) VALUES ('frontend', 'button.close', 'Zavt', 'cs-CZ');
INSERT INTO OKM_TRANSLATION (TR_MODULE, TR_KEY, TR_TEXT, TR_LANGUAGE) VALUES ('frontend', 'button.logout', 'Odhlsit', 'cs-CZ');
INSERT INTO OKM_TRANSLATION (TR_MODULE, TR_KEY, TR_TEXT, TR_LANGUAGE) VALUES ('frontend', 'button.update', 'Aktualizovat', 'cs-CZ');
INSERT INTO OKM_TRANSLATION (TR_MODULE, TR_KEY, TR_TEXT, TR_LANGUAGE) VALUES ('frontend', 'button.cancel', 'Zruit', 'cs-CZ');
INSERT INTO OKM_TRANSLATION (TR_MODULE, TR_KEY, TR_TEXT, TR_LANGUAGE) VALUES ('frontend', 'button.accept', 'Pimout', 'cs-CZ');
INSERT INTO OKM_TRANSLATION (TR_MODULE, TR_KEY, TR_TEXT, TR_LANGUAGE) VALUES ('frontend', 'button.restore', 'Obnovit', 'cs-CZ');
INSERT INTO OKM_TRANSLATION (TR_MODULE, TR_KEY, TR_TEXT, TR_LANGUAGE) VALUES ('frontend', 'button.move', 'Pesunout', 'cs-CZ');
INSERT INTO OKM_TRANSLATION (TR_MODULE, TR_KEY, TR_TEXT, TR_LANGUAGE) VALUES ('frontend', 'button.change', 'Zmnit', 'cs-CZ');
INSERT INTO OKM_TRANSLATION (TR_MODULE, TR_KEY, TR_TEXT, TR_LANGUAGE) VALUES ('frontend', 'button.search', 'Hledat', 'cs-CZ');
INSERT INTO OKM_TRANSLATION (TR_MODULE, TR_KEY, TR_TEXT, TR_LANGUAGE) VALUES ('frontend', 'button.save.search', 'Uloit hledn', 'cs-CZ');
INSERT INTO OKM_TRANSLATION (TR_MODULE, TR_KEY, TR_TEXT, TR_LANGUAGE) VALUES ('frontend', 'button.view', 'Zobrazit', 'cs-CZ');
INSERT INTO OKM_TRANSLATION (TR_MODULE, TR_KEY, TR_TEXT, TR_LANGUAGE) VALUES ('frontend', 'button.clean', 'Vyistit', 'cs-CZ');
INSERT INTO OKM_TRANSLATION (TR_MODULE, TR_KEY, TR_TEXT, TR_LANGUAGE) VALUES ('frontend', 'button.add', 'Pidat', 'cs-CZ');
INSERT INTO OKM_TRANSLATION (TR_MODULE, TR_KEY, TR_TEXT, TR_LANGUAGE) VALUES ('frontend', 'button.delete', 'Smazat', 'cs-CZ');
INSERT INTO OKM_TRANSLATION (TR_MODULE, TR_KEY, TR_TEXT, TR_LANGUAGE) VALUES ('frontend', 'button.copy', 'Koprovat', 'cs-CZ');
INSERT INTO OKM_TRANSLATION (TR_MODULE, TR_KEY, TR_TEXT, TR_LANGUAGE) VALUES ('frontend', 'button.create', 'Vytvoit', 'cs-CZ');
INSERT INTO OKM_TRANSLATION (TR_MODULE, TR_KEY, TR_TEXT, TR_LANGUAGE) VALUES ('frontend', 'button.show', 'Ukzat', 'cs-CZ');
INSERT INTO OKM_TRANSLATION (TR_MODULE, TR_KEY, TR_TEXT, TR_LANGUAGE) VALUES ('frontend', 'button.memory', 'Aktualizovat', 'cs-CZ');
INSERT INTO OKM_TRANSLATION (TR_MODULE, TR_KEY, TR_TEXT, TR_LANGUAGE) VALUES ('frontend', 'button.copy.clipboard', 'Zkoprovat do clipboardu', 'cs-CZ');
INSERT INTO OKM_TRANSLATION (TR_MODULE, TR_KEY, TR_TEXT, TR_LANGUAGE) VALUES ('frontend', 'button.start', 'Start', 'cs-CZ');
INSERT INTO OKM_TRANSLATION (TR_MODULE, TR_KEY, TR_TEXT, TR_LANGUAGE) VALUES ('frontend', 'button.select', 'Vybrat', 'cs-CZ');
INSERT INTO OKM_TRANSLATION (TR_MODULE, TR_KEY, TR_TEXT, TR_LANGUAGE) VALUES ('frontend', 'button.test', 'Test', 'cs-CZ');
INSERT INTO OKM_TRANSLATION (TR_MODULE, TR_KEY, TR_TEXT, TR_LANGUAGE) VALUES ('frontend', 'button.next', 'Next', 'cs-CZ');
INSERT INTO OKM_TRANSLATION (TR_MODULE, TR_KEY, TR_TEXT, TR_LANGUAGE) VALUES ('frontend', 'group.label', 'Pidat skupinu vlastnost', 'cs-CZ');
INSERT INTO OKM_TRANSLATION (TR_MODULE, TR_KEY, TR_TEXT, TR_LANGUAGE) VALUES ('frontend', 'group.group', 'Skupina', 'cs-CZ');
INSERT INTO OKM_TRANSLATION (TR_MODULE, TR_KEY, TR_TEXT, TR_LANGUAGE) VALUES ('frontend', 'group.property.group', 'Vlastnost', 'cs-CZ');
INSERT INTO OKM_TRANSLATION (TR_MODULE, TR_KEY, TR_TEXT, TR_LANGUAGE) VALUES ('frontend', 'bookmark.label', 'Pidat zloku', 'cs-CZ');
INSERT INTO OKM_TRANSLATION (TR_MODULE, TR_KEY, TR_TEXT, TR_LANGUAGE) VALUES ('frontend', 'bookmark.name', 'Jmno', 'cs-CZ');
INSERT INTO OKM_TRANSLATION (TR_MODULE, TR_KEY, TR_TEXT, TR_LANGUAGE) VALUES ('frontend', 'bookmark.edit.label', 'Upravit zloky', 'cs-CZ');
INSERT INTO OKM_TRANSLATION (TR_MODULE, TR_KEY, TR_TEXT, TR_LANGUAGE) VALUES ('frontend', 'bookmark.path', 'Cesta', 'cs-CZ');
INSERT INTO OKM_TRANSLATION (TR_MODULE, TR_KEY, TR_TEXT, TR_LANGUAGE) VALUES ('frontend', 'bookmark.type', 'Typ', 'cs-CZ');
INSERT INTO OKM_TRANSLATION (TR_MODULE, TR_KEY, TR_TEXT, TR_LANGUAGE) VALUES ('frontend', 'bookmark.type.document', 'Dokument', 'cs-CZ');
INSERT INTO OKM_TRANSLATION (TR_MODULE, TR_KEY, TR_TEXT, TR_LANGUAGE) VALUES ('frontend', 'bookmark.type.folder', 'Sloka', 'cs-CZ');
INSERT INTO OKM_TRANSLATION (TR_MODULE, TR_KEY, TR_TEXT, TR_LANGUAGE) VALUES ('frontend', 'notify.label', 'Odesl se odkaz na soubor', 'cs-CZ');
INSERT INTO OKM_TRANSLATION (TR_MODULE, TR_KEY, TR_TEXT, TR_LANGUAGE) VALUES ('frontend', 'notify.label.attachment', 'Send document attachment', 'cs-CZ');
INSERT INTO OKM_TRANSLATION (TR_MODULE, TR_KEY, TR_TEXT, TR_LANGUAGE) VALUES ('frontend', 'status.document.copied', 'Dokument oznaen ke zkoprovn', 'cs-CZ');
INSERT INTO OKM_TRANSLATION (TR_MODULE, TR_KEY, TR_TEXT, TR_LANGUAGE) VALUES ('frontend', 'status.document.cut', 'Dokument oznaen k vyjmut', 'cs-CZ');
INSERT INTO OKM_TRANSLATION (TR_MODULE, TR_KEY, TR_TEXT, TR_LANGUAGE) VALUES ('frontend', 'status.folder.copied', 'Sloka oznaena ke zkoprovn', 'cs-CZ');
INSERT INTO OKM_TRANSLATION (TR_MODULE, TR_KEY, TR_TEXT, TR_LANGUAGE) VALUES ('frontend', 'status.folder.cut', 'Sloka oznaena k vyjmut', 'cs-CZ');
INSERT INTO OKM_TRANSLATION (TR_MODULE, TR_KEY, TR_TEXT, TR_LANGUAGE) VALUES ('frontend', 'status.keep.alive.error', 'Spojen se serverem bylo perueno', 'cs-CZ');
INSERT INTO OKM_TRANSLATION (TR_MODULE, TR_KEY, TR_TEXT, TR_LANGUAGE) VALUES ('frontend', 'status.debug.enabled', 'Podpora ladn zapnuta', 'cs-CZ');
INSERT INTO OKM_TRANSLATION (TR_MODULE, TR_KEY, TR_TEXT, TR_LANGUAGE) VALUES ('frontend', 'status.debug.disabled', 'Podpora ladn vypnuta', 'cs-CZ');
INSERT INTO OKM_TRANSLATION (TR_MODULE, TR_KEY, TR_TEXT, TR_LANGUAGE) VALUES ('frontend', 'status.network.error.detected', 'Chyba sovho pipojen', 'cs-CZ');
INSERT INTO OKM_TRANSLATION (TR_MODULE, TR_KEY, TR_TEXT, TR_LANGUAGE) VALUES ('frontend', 'calendar.day.sunday', 'Nedle', 'cs-CZ');
INSERT INTO OKM_TRANSLATION (TR_MODULE, TR_KEY, TR_TEXT, TR_LANGUAGE) VALUES ('frontend', 'calendar.day.monday', 'Pondl', 'cs-CZ');
INSERT INTO OKM_TRANSLATION (TR_MODULE, TR_KEY, TR_TEXT, TR_LANGUAGE) VALUES ('frontend', 'calendar.day.tuesday', 'ter', 'cs-CZ');
INSERT INTO OKM_TRANSLATION (TR_MODULE, TR_KEY, TR_TEXT, TR_LANGUAGE) VALUES ('frontend', 'calendar.day.wednesday', 'Steda', 'cs-CZ');
INSERT INTO OKM_TRANSLATION (TR_MODULE, TR_KEY, TR_TEXT, TR_LANGUAGE) VALUES ('frontend', 'calendar.day.thursday', 'tvrtek', 'cs-CZ');
INSERT INTO OKM_TRANSLATION (TR_MODULE, TR_KEY, TR_TEXT, TR_LANGUAGE) VALUES ('frontend', 'calendar.day.friday', 'Ptek', 'cs-CZ');
INSERT INTO OKM_TRANSLATION (TR_MODULE, TR_KEY, TR_TEXT, TR_LANGUAGE) VALUES ('frontend', 'calendar.day.saturday', 'Sobota', 'cs-CZ');
INSERT INTO OKM_TRANSLATION (TR_MODULE, TR_KEY, TR_TEXT, TR_LANGUAGE) VALUES ('frontend', 'calendar.month.january', 'Leden', 'cs-CZ');
INSERT INTO OKM_TRANSLATION (TR_MODULE, TR_KEY, TR_TEXT, TR_LANGUAGE) VALUES ('frontend', 'calendar.month.february', 'nor', 'cs-CZ');
INSERT INTO OKM_TRANSLATION (TR_MODULE, TR_KEY, TR_TEXT, TR_LANGUAGE) VALUES ('frontend', 'calendar.month.march', 'Bezen', 'cs-CZ');
INSERT INTO OKM_TRANSLATION (TR_MODULE, TR_KEY, TR_TEXT, TR_LANGUAGE) VALUES ('frontend', 'calendar.month.april', 'Duben', 'cs-CZ');
INSERT INTO OKM_TRANSLATION (TR_MODULE, TR_KEY, TR_TEXT, TR_LANGUAGE) VALUES ('frontend', 'calendar.month.may', 'Kvten', 'cs-CZ');
INSERT INTO OKM_TRANSLATION (TR_MODULE, TR_KEY, TR_TEXT, TR_LANGUAGE) VALUES ('frontend', 'calendar.month.june', 'erven', 'cs-CZ');
INSERT INTO OKM_TRANSLATION (TR_MODULE, TR_KEY, TR_TEXT, TR_LANGUAGE) VALUES ('frontend', 'calendar.month.july', 'ervenec', 'cs-CZ');
INSERT INTO OKM_TRANSLATION (TR_MODULE, TR_KEY, TR_TEXT, TR_LANGUAGE) VALUES ('frontend', 'calendar.month.august', 'Srpen', 'cs-CZ');
INSERT INTO OKM_TRANSLATION (TR_MODULE, TR_KEY, TR_TEXT, TR_LANGUAGE) VALUES ('frontend', 'calendar.month.september', 'Z', 'cs-CZ');
INSERT INTO OKM_TRANSLATION (TR_MODULE, TR_KEY, TR_TEXT, TR_LANGUAGE) VALUES ('frontend', 'calendar.month.october', 'jen', 'cs-CZ');
INSERT INTO OKM_TRANSLATION (TR_MODULE, TR_KEY, TR_TEXT, TR_LANGUAGE) VALUES ('frontend', 'calendar.month.november', 'Listopad', 'cs-CZ');
INSERT INTO OKM_TRANSLATION (TR_MODULE, TR_KEY, TR_TEXT, TR_LANGUAGE) VALUES ('frontend', 'calendar.month.december', 'Prosinec', 'cs-CZ');
INSERT INTO OKM_TRANSLATION (TR_MODULE, TR_KEY, TR_TEXT, TR_LANGUAGE) VALUES ('frontend', 'media.player.label', 'Pehrva mdi', 'cs-CZ');
INSERT INTO OKM_TRANSLATION (TR_MODULE, TR_KEY, TR_TEXT, TR_LANGUAGE) VALUES ('frontend', 'image.viewer.label', 'Prohle obrzk', 'cs-CZ');
INSERT INTO OKM_TRANSLATION (TR_MODULE, TR_KEY, TR_TEXT, TR_LANGUAGE) VALUES ('frontend', 'image.viewer.zoom.in', 'Zvtit', 'cs-CZ');
INSERT INTO OKM_TRANSLATION (TR_MODULE, TR_KEY, TR_TEXT, TR_LANGUAGE) VALUES ('frontend', 'image.viewer.zoom.out', 'Zmenit', 'cs-CZ');
INSERT INTO OKM_TRANSLATION (TR_MODULE, TR_KEY, TR_TEXT, TR_LANGUAGE) VALUES ('frontend', 'debug.console.label', 'Konzole pro ladn', 'cs-CZ');
INSERT INTO OKM_TRANSLATION (TR_MODULE, TR_KEY, TR_TEXT, TR_LANGUAGE) VALUES ('frontend', 'debug.enable.disable', 'CTRL+Z pro zapnut nebo vypnut podpory ladn', 'cs-CZ');
INSERT INTO OKM_TRANSLATION (TR_MODULE, TR_KEY, TR_TEXT, TR_LANGUAGE) VALUES ('frontend', 'dashboard.tab.general', 'Obecn', 'cs-CZ');
INSERT INTO OKM_TRANSLATION (TR_MODULE, TR_KEY, TR_TEXT, TR_LANGUAGE) VALUES ('frontend', 'dashboard.tab.news', 'Novinky', 'cs-CZ');
INSERT INTO OKM_TRANSLATION (TR_MODULE, TR_KEY, TR_TEXT, TR_LANGUAGE) VALUES ('frontend', 'dashboard.tab.user', 'Uivatel', 'cs-CZ');
INSERT INTO OKM_TRANSLATION (TR_MODULE, TR_KEY, TR_TEXT, TR_LANGUAGE) VALUES ('frontend', 'dashboard.tab.workflow', 'Prbh zpracovn dokumentu', 'cs-CZ');
INSERT INTO OKM_TRANSLATION (TR_MODULE, TR_KEY, TR_TEXT, TR_LANGUAGE) VALUES ('frontend', 'dashboard.tab.mail', 'Mail', 'cs-CZ');
INSERT INTO OKM_TRANSLATION (TR_MODULE, TR_KEY, TR_TEXT, TR_LANGUAGE) VALUES ('frontend', 'dashboard.tab.keymap', 'Mapa klovch slov', 'cs-CZ');
INSERT INTO OKM_TRANSLATION (TR_MODULE, TR_KEY, TR_TEXT, TR_LANGUAGE) VALUES ('frontend', 'dashboard.new.items', 'Nov', 'cs-CZ');
INSERT INTO OKM_TRANSLATION (TR_MODULE, TR_KEY, TR_TEXT, TR_LANGUAGE) VALUES ('frontend', 'dashboard.user.locked.documents', 'Uzamen dokumenty', 'cs-CZ');
INSERT INTO OKM_TRANSLATION (TR_MODULE, TR_KEY, TR_TEXT, TR_LANGUAGE) VALUES ('frontend', 'dashboard.user.checkout.documents', 'Checkout documents', 'cs-CZ');
INSERT INTO OKM_TRANSLATION (TR_MODULE, TR_KEY, TR_TEXT, TR_LANGUAGE) VALUES ('frontend', 'dashboard.user.last.modified.documents', 'Naposledy upraven dokumenty', 'cs-CZ');
INSERT INTO OKM_TRANSLATION (TR_MODULE, TR_KEY, TR_TEXT, TR_LANGUAGE) VALUES ('frontend', 'dashboard.user.last.downloaded.documents', 'Naposledy staen dokumenty', 'cs-CZ');
INSERT INTO OKM_TRANSLATION (TR_MODULE, TR_KEY, TR_TEXT, TR_LANGUAGE) VALUES ('frontend', 'dashboard.user.subscribed.documents', 'Domumenty o kterch je zaslno upozornn', 'cs-CZ');
INSERT INTO OKM_TRANSLATION (TR_MODULE, TR_KEY, TR_TEXT, TR_LANGUAGE) VALUES ('frontend', 'dashboard.user.subscribed.folders', 'Sloky o kterch je zaslno upozornn', 'cs-CZ');
INSERT INTO OKM_TRANSLATION (TR_MODULE, TR_KEY, TR_TEXT, TR_LANGUAGE) VALUES ('frontend', 'dashboard.user.last.uploaded.documents', 'Naposledy nahran dokumenty', 'cs-CZ');
INSERT INTO OKM_TRANSLATION (TR_MODULE, TR_KEY, TR_TEXT, TR_LANGUAGE) VALUES ('frontend', 'dashboard.general.last.week.top.downloaded.documents', 'Nejvce prohlen dokumenty poslednho tdne', 'cs-CZ');
INSERT INTO OKM_TRANSLATION (TR_MODULE, TR_KEY, TR_TEXT, TR_LANGUAGE) VALUES ('frontend', 'dashboard.general.last.month.top.downloaded.documents', 'Nejvce prohlen dokumenty poslednho msce', 'cs-CZ');
INSERT INTO OKM_TRANSLATION (TR_MODULE, TR_KEY, TR_TEXT, TR_LANGUAGE) VALUES ('frontend', 'dashboard.general.last.week.top.modified.documents', 'Nejvce upravovan dokumenty poslednho tdne', 'cs-CZ');
INSERT INTO OKM_TRANSLATION (TR_MODULE, TR_KEY, TR_TEXT, TR_LANGUAGE) VALUES ('frontend', 'dashboard.general.last.month.top.modified.documents', 'Nejvce upravovan dokumenty poslednho msce', 'cs-CZ');
INSERT INTO OKM_TRANSLATION (TR_MODULE, TR_KEY, TR_TEXT, TR_LANGUAGE) VALUES ('frontend', 'dashboard.general.last.uploaded.documents', 'Naposledy nahran dokumenty', 'cs-CZ');
INSERT INTO OKM_TRANSLATION (TR_MODULE, TR_KEY, TR_TEXT, TR_LANGUAGE) VALUES ('frontend', 'dashboard.workflow.pending.tasks', 'ekajc lohy', 'cs-CZ');
INSERT INTO OKM_TRANSLATION (TR_MODULE, TR_KEY, TR_TEXT, TR_LANGUAGE) VALUES ('frontend', 'dashboard.workflow.pending.tasks.unassigned', 'Unassigned pending tasks', 'cs-CZ');
INSERT INTO OKM_TRANSLATION (TR_MODULE, TR_KEY, TR_TEXT, TR_LANGUAGE) VALUES ('frontend', 'dashboard.workflow.task', 'loha', 'cs-CZ');
INSERT INTO OKM_TRANSLATION (TR_MODULE, TR_KEY, TR_TEXT, TR_LANGUAGE) VALUES ('frontend', 'dashboard.workflow.task.id', 'ID', 'cs-CZ');
INSERT INTO OKM_TRANSLATION (TR_MODULE, TR_KEY, TR_TEXT, TR_LANGUAGE) VALUES ('frontend', 'dashboard.workflow.task.name', 'Jmno', 'cs-CZ');
INSERT INTO OKM_TRANSLATION (TR_MODULE, TR_KEY, TR_TEXT, TR_LANGUAGE) VALUES ('frontend', 'dashboard.workflow.task.created', 'Datum vytvoen', 'cs-CZ');
INSERT INTO OKM_TRANSLATION (TR_MODULE, TR_KEY, TR_TEXT, TR_LANGUAGE) VALUES ('frontend', 'dashboard.workflow.task.start', 'Datum sputn', 'cs-CZ');
INSERT INTO OKM_TRANSLATION (TR_MODULE, TR_KEY, TR_TEXT, TR_LANGUAGE) VALUES ('frontend', 'dashboard.workflow.task.duedate', 'Plnovan datum dokonen', 'cs-CZ');
INSERT INTO OKM_TRANSLATION (TR_MODULE, TR_KEY, TR_TEXT, TR_LANGUAGE) VALUES ('frontend', 'dashboard.workflow.task.end', 'Datum ukonen', 'cs-CZ');
INSERT INTO OKM_TRANSLATION (TR_MODULE, TR_KEY, TR_TEXT, TR_LANGUAGE) VALUES ('frontend', 'dashboard.workflow.task.description', 'Popis', 'cs-CZ');
INSERT INTO OKM_TRANSLATION (TR_MODULE, TR_KEY, TR_TEXT, TR_LANGUAGE) VALUES ('frontend', 'dashboard.workflow.task.process.instance', 'Proces', 'cs-CZ');
INSERT INTO OKM_TRANSLATION (TR_MODULE, TR_KEY, TR_TEXT, TR_LANGUAGE) VALUES ('frontend', 'dashboard.workflow.task.process.id', 'ID', 'cs-CZ');
INSERT INTO OKM_TRANSLATION (TR_MODULE, TR_KEY, TR_TEXT, TR_LANGUAGE) VALUES ('frontend', 'dashboard.workflow.task.process.version', 'Verze', 'cs-CZ');
INSERT INTO OKM_TRANSLATION (TR_MODULE, TR_KEY, TR_TEXT, TR_LANGUAGE) VALUES ('frontend', 'dashboard.workflow.task.process.name', 'Jmno', 'cs-CZ');
INSERT INTO OKM_TRANSLATION (TR_MODULE, TR_KEY, TR_TEXT, TR_LANGUAGE) VALUES ('frontend', 'dashboard.workflow.task.process.description', 'Popis', 'cs-CZ');
INSERT INTO OKM_TRANSLATION (TR_MODULE, TR_KEY, TR_TEXT, TR_LANGUAGE) VALUES ('frontend', 'dashboard.workflow.task.process.data', 'Data', 'cs-CZ');
INSERT INTO OKM_TRANSLATION (TR_MODULE, TR_KEY, TR_TEXT, TR_LANGUAGE) VALUES ('frontend', 'dashboard.workflow.comments', 'Comments', 'cs-CZ');
INSERT INTO OKM_TRANSLATION (TR_MODULE, TR_KEY, TR_TEXT, TR_LANGUAGE) VALUES ('frontend', 'dashboard.workflow.task.process.forms', 'Form', 'cs-CZ');
INSERT INTO OKM_TRANSLATION (TR_MODULE, TR_KEY, TR_TEXT, TR_LANGUAGE) VALUES ('frontend', 'dashboard.workflow.add.comment', 'Add comment', 'cs-CZ');
INSERT INTO OKM_TRANSLATION (TR_MODULE, TR_KEY, TR_TEXT, TR_LANGUAGE) VALUES ('frontend', 'dashboard.workflow.task.process.definition', 'Definice procesu', 'cs-CZ');
INSERT INTO OKM_TRANSLATION (TR_MODULE, TR_KEY, TR_TEXT, TR_LANGUAGE) VALUES ('frontend', 'dashboard.workflow.task.process.path', 'Cesta', 'cs-CZ');
INSERT INTO OKM_TRANSLATION (TR_MODULE, TR_KEY, TR_TEXT, TR_LANGUAGE) VALUES ('frontend', 'dashboard.refreshing', 'Obnovuji', 'cs-CZ');
INSERT INTO OKM_TRANSLATION (TR_MODULE, TR_KEY, TR_TEXT, TR_LANGUAGE) VALUES ('frontend', 'dashboard.keyword', 'Klov slova', 'cs-CZ');
INSERT INTO OKM_TRANSLATION (TR_MODULE, TR_KEY, TR_TEXT, TR_LANGUAGE) VALUES ('frontend', 'dashboard.keyword.suggest', 'Napite klov slovo', 'cs-CZ');
INSERT INTO OKM_TRANSLATION (TR_MODULE, TR_KEY, TR_TEXT, TR_LANGUAGE) VALUES ('frontend', 'dashboard.keyword.all', 'Vechna klov slova', 'cs-CZ');
INSERT INTO OKM_TRANSLATION (TR_MODULE, TR_KEY, TR_TEXT, TR_LANGUAGE) VALUES ('frontend', 'dashboard.keyword.top', 'Nejpouvanj klov slova', 'cs-CZ');
INSERT INTO OKM_TRANSLATION (TR_MODULE, TR_KEY, TR_TEXT, TR_LANGUAGE) VALUES ('frontend', 'dashboard.keyword.related', 'Pbuzn klov slova', 'cs-CZ');
INSERT INTO OKM_TRANSLATION (TR_MODULE, TR_KEY, TR_TEXT, TR_LANGUAGE) VALUES ('frontend', 'dashboard.keyword.goto.document', 'Jdi k dokumentu', 'cs-CZ');
INSERT INTO OKM_TRANSLATION (TR_MODULE, TR_KEY, TR_TEXT, TR_LANGUAGE) VALUES ('frontend', 'dashboard.keyword.clean.keywords', 'Vyistit klov slova', 'cs-CZ');
INSERT INTO OKM_TRANSLATION (TR_MODULE, TR_KEY, TR_TEXT, TR_LANGUAGE) VALUES ('frontend', 'dashboard.mail.last.imported.mails', 'Elektronick zprvy', 'cs-CZ');
INSERT INTO OKM_TRANSLATION (TR_MODULE, TR_KEY, TR_TEXT, TR_LANGUAGE) VALUES ('frontend', 'dashboard.mail.last.imported.attached.documents', 'Plohy', 'cs-CZ');
INSERT INTO OKM_TRANSLATION (TR_MODULE, TR_KEY, TR_TEXT, TR_LANGUAGE) VALUES ('frontend', 'workflow.label', 'Zani prbh zpracovn dokumentu', 'cs-CZ');
INSERT INTO OKM_TRANSLATION (TR_MODULE, TR_KEY, TR_TEXT, TR_LANGUAGE) VALUES ('frontend', 'user.preferences.label', 'Uivatelsk nastaven', 'cs-CZ');
INSERT INTO OKM_TRANSLATION (TR_MODULE, TR_KEY, TR_TEXT, TR_LANGUAGE) VALUES ('frontend', 'user.preferences.user', 'Uivatel', 'cs-CZ');
INSERT INTO OKM_TRANSLATION (TR_MODULE, TR_KEY, TR_TEXT, TR_LANGUAGE) VALUES ('frontend', 'user.preferences.password', 'Heslo', 'cs-CZ');
INSERT INTO OKM_TRANSLATION (TR_MODULE, TR_KEY, TR_TEXT, TR_LANGUAGE) VALUES ('frontend', 'user.preferences.mail', 'E-mail', 'cs-CZ');
INSERT INTO OKM_TRANSLATION (TR_MODULE, TR_KEY, TR_TEXT, TR_LANGUAGE) VALUES ('frontend', 'user.preferences.roles', 'Roles', 'cs-CZ');
INSERT INTO OKM_TRANSLATION (TR_MODULE, TR_KEY, TR_TEXT, TR_LANGUAGE) VALUES ('frontend', 'user.preferences.imap.host', 'IMAP server', 'cs-CZ');
INSERT INTO OKM_TRANSLATION (TR_MODULE, TR_KEY, TR_TEXT, TR_LANGUAGE) VALUES ('frontend', 'user.preferences.imap.user', 'IMAP uivatelsk jmno', 'cs-CZ');
INSERT INTO OKM_TRANSLATION (TR_MODULE, TR_KEY, TR_TEXT, TR_LANGUAGE) VALUES ('frontend', 'user.preferences.imap.user.password', 'IMAP heslo', 'cs-CZ');
INSERT INTO OKM_TRANSLATION (TR_MODULE, TR_KEY, TR_TEXT, TR_LANGUAGE) VALUES ('frontend', 'user.preferences.imap.folder', 'IMAP sloka', 'cs-CZ');
INSERT INTO OKM_TRANSLATION (TR_MODULE, TR_KEY, TR_TEXT, TR_LANGUAGE) VALUES ('frontend', 'user.preferences.password.error', 'Chyba: hesla si neodpovdaj', 'cs-CZ');
INSERT INTO OKM_TRANSLATION (TR_MODULE, TR_KEY, TR_TEXT, TR_LANGUAGE) VALUES ('frontend', 'user.preferences.user.data', 'Uivatelsk et', 'cs-CZ');
INSERT INTO OKM_TRANSLATION (TR_MODULE, TR_KEY, TR_TEXT, TR_LANGUAGE) VALUES ('frontend', 'user.preferences.mail.data', 'Mailov et', 'cs-CZ');
INSERT INTO OKM_TRANSLATION (TR_MODULE, TR_KEY, TR_TEXT, TR_LANGUAGE) VALUES ('frontend', 'user.preferences.imap.error', 'Vechna pole jsou povinn pokud chcete dostvat upozornn mailem.', 'cs-CZ');
INSERT INTO OKM_TRANSLATION (TR_MODULE, TR_KEY, TR_TEXT, TR_LANGUAGE) VALUES ('frontend', 'user.preferences.imap.password.error.void', 'Heslo IMAP mus bt vyplnno', 'cs-CZ');
INSERT INTO OKM_TRANSLATION (TR_MODULE, TR_KEY, TR_TEXT, TR_LANGUAGE) VALUES ('frontend', 'user.preferences.imap.test.error', 'IMAP configuration error', 'cs-CZ');
INSERT INTO OKM_TRANSLATION (TR_MODULE, TR_KEY, TR_TEXT, TR_LANGUAGE) VALUES ('frontend', 'user.preferences.imap.test.ok', 'IMAP configuration ok', 'cs-CZ');
INSERT INTO OKM_TRANSLATION (TR_MODULE, TR_KEY, TR_TEXT, TR_LANGUAGE) VALUES ('frontend', 'thesaurus.directory.select.label', 'Add thesaurus keyword', 'cs-CZ');
INSERT INTO OKM_TRANSLATION (TR_MODULE, TR_KEY, TR_TEXT, TR_LANGUAGE) VALUES ('frontend', 'thesaurus.tab.tree', 'Tree', 'cs-CZ');
INSERT INTO OKM_TRANSLATION (TR_MODULE, TR_KEY, TR_TEXT, TR_LANGUAGE) VALUES ('frontend', 'thesaurus.tab.keywords', 'Keywords', 'cs-CZ');
INSERT INTO OKM_TRANSLATION (TR_MODULE, TR_KEY, TR_TEXT, TR_LANGUAGE) VALUES ('frontend', 'categories.folder.select.label', 'Add category', 'cs-CZ');
INSERT INTO OKM_TRANSLATION (TR_MODULE, TR_KEY, TR_TEXT, TR_LANGUAGE) VALUES ('frontend', 'categories.folder.error.delete', 'Cannot delete category with documents', 'cs-CZ');
INSERT INTO OKM_TRANSLATION (TR_MODULE, TR_KEY, TR_TEXT, TR_LANGUAGE) VALUES ('frontend', 'wizard.document.uploading', 'Document wizard', 'cs-CZ');
INSERT INTO OKM_TRANSLATION (TR_MODULE, TR_KEY, TR_TEXT, TR_LANGUAGE) VALUES ('frontend', 'user.info.chat.connect', 'Connect to chat', 'cs-CZ');
INSERT INTO OKM_TRANSLATION (TR_MODULE, TR_KEY, TR_TEXT, TR_LANGUAGE) VALUES ('frontend', 'user.info.chat.disconnect', 'Disconnet chat', 'cs-CZ');
INSERT INTO OKM_TRANSLATION (TR_MODULE, TR_KEY, TR_TEXT, TR_LANGUAGE) VALUES ('frontend', 'user.info.chat.new.room', 'Net chat room', 'cs-CZ');
INSERT INTO OKM_TRANSLATION (TR_MODULE, TR_KEY, TR_TEXT, TR_LANGUAGE) VALUES ('frontend', 'user.info.locked.actual', 'Locked documents', 'cs-CZ');
INSERT INTO OKM_TRANSLATION (TR_MODULE, TR_KEY, TR_TEXT, TR_LANGUAGE) VALUES ('frontend', 'user.info.checkout.actual', 'Checkout documents', 'cs-CZ');
INSERT INTO OKM_TRANSLATION (TR_MODULE, TR_KEY, TR_TEXT, TR_LANGUAGE) VALUES ('frontend', 'user.info.subscription.actual', 'Actual subscriptions', 'cs-CZ');
INSERT INTO OKM_TRANSLATION (TR_MODULE, TR_KEY, TR_TEXT, TR_LANGUAGE) VALUES ('frontend', 'user.info.news.new', 'News', 'cs-CZ');
INSERT INTO OKM_TRANSLATION (TR_MODULE, TR_KEY, TR_TEXT, TR_LANGUAGE) VALUES ('frontend', 'user.info.workflow.pending', 'Pending workflows', 'cs-CZ');
INSERT INTO OKM_TRANSLATION (TR_MODULE, TR_KEY, TR_TEXT, TR_LANGUAGE) VALUES ('frontend', 'user.info.user.quota', 'Used quota', 'cs-CZ');
INSERT INTO OKM_TRANSLATION (TR_MODULE, TR_KEY, TR_TEXT, TR_LANGUAGE) VALUES ('frontend', 'user.online', 'Users online', 'cs-CZ');
INSERT INTO OKM_TRANSLATION (TR_MODULE, TR_KEY, TR_TEXT, TR_LANGUAGE) VALUES ('frontend', 'chat.room', 'Chat', 'cs-CZ');
INSERT INTO OKM_TRANSLATION (TR_MODULE, TR_KEY, TR_TEXT, TR_LANGUAGE) VALUES ('frontend', 'chat.users.in.room', 'Users', 'cs-CZ');
INSERT INTO OKM_TRANSLATION (TR_MODULE, TR_KEY, TR_TEXT, TR_LANGUAGE) VALUES ('frontend', 'OKM-017009', 'Pstup k dokumentu nen povolen', 'cs-CZ');
INSERT INTO OKM_TRANSLATION (TR_MODULE, TR_KEY, TR_TEXT, TR_LANGUAGE) VALUES ('frontend', 'OKM-017004', 'Zamen dokumentu nen povoleno', 'cs-CZ');
INSERT INTO OKM_TRANSLATION (TR_MODULE, TR_KEY, TR_TEXT, TR_LANGUAGE) VALUES ('frontend', 'OKM-017001', 'Chyba loit', 'cs-CZ');
INSERT INTO OKM_TRANSLATION (TR_MODULE, TR_KEY, TR_TEXT, TR_LANGUAGE) VALUES ('frontend', 'OKM-017015', 'Nebyla nalezena cesta k souboru', 'cs-CZ');
INSERT INTO OKM_TRANSLATION (TR_MODULE, TR_KEY, TR_TEXT, TR_LANGUAGE) VALUES ('frontend', 'OKM-017016', 'Version error', 'cs-CZ');
INSERT INTO OKM_TRANSLATION (TR_MODULE, TR_KEY, TR_TEXT, TR_LANGUAGE) VALUES ('frontend', 'OKM-002009', 'Pstup k dokumentu nen povolen', 'cs-CZ');
INSERT INTO OKM_TRANSLATION (TR_MODULE, TR_KEY, TR_TEXT, TR_LANGUAGE) VALUES ('frontend', 'OKM-002002', 'Dokument nenalezen', 'cs-CZ');
INSERT INTO OKM_TRANSLATION (TR_MODULE, TR_KEY, TR_TEXT, TR_LANGUAGE) VALUES ('frontend', 'OKM-002003', 'Dokument ji existuje', 'cs-CZ');
INSERT INTO OKM_TRANSLATION (TR_MODULE, TR_KEY, TR_TEXT, TR_LANGUAGE) VALUES ('frontend', 'OKM-002004', 'Zamen dokumentu nen povoleno', 'cs-CZ');
INSERT INTO OKM_TRANSLATION (TR_MODULE, TR_KEY, TR_TEXT, TR_LANGUAGE) VALUES ('frontend', 'OKM-002004', 'Je poadovno odemen dokumentu', 'cs-CZ');
INSERT INTO OKM_TRANSLATION (TR_MODULE, TR_KEY, TR_TEXT, TR_LANGUAGE) VALUES ('frontend', 'OKM-002001', 'Chyba loit', 'cs-CZ');
INSERT INTO OKM_TRANSLATION (TR_MODULE, TR_KEY, TR_TEXT, TR_LANGUAGE) VALUES ('frontend', 'OKM-002006', 'Chyba aplikace', 'cs-CZ');
INSERT INTO OKM_TRANSLATION (TR_MODULE, TR_KEY, TR_TEXT, TR_LANGUAGE) VALUES ('frontend', 'OKM-002015', 'Nebyla nalezena cesta k souboru', 'cs-CZ');
INSERT INTO OKM_TRANSLATION (TR_MODULE, TR_KEY, TR_TEXT, TR_LANGUAGE) VALUES ('frontend', 'OKM-002024', 'Database error', 'cs-CZ');
INSERT INTO OKM_TRANSLATION (TR_MODULE, TR_KEY, TR_TEXT, TR_LANGUAGE) VALUES ('frontend', 'OKM-001009', 'Pstup do sloky nen povolen', 'cs-CZ');
INSERT INTO OKM_TRANSLATION (TR_MODULE, TR_KEY, TR_TEXT, TR_LANGUAGE) VALUES ('frontend', 'OKM-001002', 'Sloka nebyla nalezena', 'cs-CZ');
INSERT INTO OKM_TRANSLATION (TR_MODULE, TR_KEY, TR_TEXT, TR_LANGUAGE) VALUES ('frontend', 'OKM-001003', 'Sloka ji existuje', 'cs-CZ');
INSERT INTO OKM_TRANSLATION (TR_MODULE, TR_KEY, TR_TEXT, TR_LANGUAGE) VALUES ('frontend', 'OKM-001001', 'Chyba loit', 'cs-CZ');
INSERT INTO OKM_TRANSLATION (TR_MODULE, TR_KEY, TR_TEXT, TR_LANGUAGE) VALUES ('frontend', 'OKM-001006', 'Chyba loit', 'cs-CZ');
INSERT INTO OKM_TRANSLATION (TR_MODULE, TR_KEY, TR_TEXT, TR_LANGUAGE) VALUES ('frontend', 'OKM-001015', 'Cesta ke sloce nebyla nalezena', 'cs-CZ');
INSERT INTO OKM_TRANSLATION (TR_MODULE, TR_KEY, TR_TEXT, TR_LANGUAGE) VALUES ('frontend', 'OKM-001024', 'Database error', 'cs-CZ');
INSERT INTO OKM_TRANSLATION (TR_MODULE, TR_KEY, TR_TEXT, TR_LANGUAGE) VALUES ('frontend', 'OKM-007009', 'Pstup k poloce nen povolen', 'cs-CZ');
INSERT INTO OKM_TRANSLATION (TR_MODULE, TR_KEY, TR_TEXT, TR_LANGUAGE) VALUES ('frontend', 'OKM-007002', 'Poloka nebyla nalezena', 'cs-CZ');
INSERT INTO OKM_TRANSLATION (TR_MODULE, TR_KEY, TR_TEXT, TR_LANGUAGE) VALUES ('frontend', 'OKM-007001', 'Chyba loit', 'cs-CZ');
INSERT INTO OKM_TRANSLATION (TR_MODULE, TR_KEY, TR_TEXT, TR_LANGUAGE) VALUES ('frontend', 'OKM-007006', 'Chyba loit', 'cs-CZ');
INSERT INTO OKM_TRANSLATION (TR_MODULE, TR_KEY, TR_TEXT, TR_LANGUAGE) VALUES ('frontend', 'OKM-007024', 'Database error', 'cs-CZ');
INSERT INTO OKM_TRANSLATION (TR_MODULE, TR_KEY, TR_TEXT, TR_LANGUAGE) VALUES ('frontend', 'OKM-009002', 'Dokument nenalezen', 'cs-CZ');
INSERT INTO OKM_TRANSLATION (TR_MODULE, TR_KEY, TR_TEXT, TR_LANGUAGE) VALUES ('frontend', 'OKM-009006', 'Chyba loit', 'cs-CZ');
INSERT INTO OKM_TRANSLATION (TR_MODULE, TR_KEY, TR_TEXT, TR_LANGUAGE) VALUES ('frontend', 'OKM-005010', 'Nepodporovan formt', 'cs-CZ');
INSERT INTO OKM_TRANSLATION (TR_MODULE, TR_KEY, TR_TEXT, TR_LANGUAGE) VALUES ('frontend', 'OKM-005003', 'Dokument ji existuje', 'cs-CZ');
INSERT INTO OKM_TRANSLATION (TR_MODULE, TR_KEY, TR_TEXT, TR_LANGUAGE) VALUES ('frontend', 'OKM-005011', 'Soubor je pli velik', 'cs-CZ');
INSERT INTO OKM_TRANSLATION (TR_MODULE, TR_KEY, TR_TEXT, TR_LANGUAGE) VALUES ('frontend', 'OKM-005027', 'Document name is diferent', 'cs-CZ');
INSERT INTO OKM_TRANSLATION (TR_MODULE, TR_KEY, TR_TEXT, TR_LANGUAGE) VALUES ('frontend', 'OKM-004001', 'Relace byla ukonena', 'cs-CZ');
INSERT INTO OKM_TRANSLATION (TR_MODULE, TR_KEY, TR_TEXT, TR_LANGUAGE) VALUES ('frontend', 'OKM-004024', 'Database error', 'cs-CZ');
INSERT INTO OKM_TRANSLATION (TR_MODULE, TR_KEY, TR_TEXT, TR_LANGUAGE) VALUES ('frontend', 'OKM-008001', 'Obecn chyba pi spoutn dotazu', 'cs-CZ');
INSERT INTO OKM_TRANSLATION (TR_MODULE, TR_KEY, TR_TEXT, TR_LANGUAGE) VALUES ('frontend', 'OKM-008003', 'Jmno uloenho hledn mus bt uniktn', 'cs-CZ');
INSERT INTO OKM_TRANSLATION (TR_MODULE, TR_KEY, TR_TEXT, TR_LANGUAGE) VALUES ('frontend', 'OKM-008024', 'Database error', 'cs-CZ');
INSERT INTO OKM_TRANSLATION (TR_MODULE, TR_KEY, TR_TEXT, TR_LANGUAGE) VALUES ('frontend', 'OKM-011003', 'Jmno zloky mus bt uniktn', 'cs-CZ');
INSERT INTO OKM_TRANSLATION (TR_MODULE, TR_KEY, TR_TEXT, TR_LANGUAGE) VALUES ('frontend', 'OKM-003017', 'Relace ztracena', 'cs-CZ');
INSERT INTO OKM_TRANSLATION (TR_MODULE, TR_KEY, TR_TEXT, TR_LANGUAGE) VALUES ('frontend', 'OKM-013001', 'Chyba loit', 'cs-CZ');
INSERT INTO OKM_TRANSLATION (TR_MODULE, TR_KEY, TR_TEXT, TR_LANGUAGE) VALUES ('frontend', 'OKM-013024', 'Database error', 'cs-CZ');
INSERT INTO OKM_TRANSLATION (TR_MODULE, TR_KEY, TR_TEXT, TR_LANGUAGE) VALUES ('frontend', 'OKM-014001', 'Chyba loit', 'cs-CZ');
INSERT INTO OKM_TRANSLATION (TR_MODULE, TR_KEY, TR_TEXT, TR_LANGUAGE) VALUES ('frontend', 'OKM-014013', 'Chyba ten/zpisu', 'cs-CZ');
INSERT INTO OKM_TRANSLATION (TR_MODULE, TR_KEY, TR_TEXT, TR_LANGUAGE) VALUES ('frontend', 'OKM-015001', 'Chyba loit', 'cs-CZ');
INSERT INTO OKM_TRANSLATION (TR_MODULE, TR_KEY, TR_TEXT, TR_LANGUAGE) VALUES ('frontend', 'OKM-015024', 'Database error', 'cs-CZ');
INSERT INTO OKM_TRANSLATION (TR_MODULE, TR_KEY, TR_TEXT, TR_LANGUAGE) VALUES ('frontend', 'OKM-018022', 'Error in browser configuration', 'cs-CZ');
INSERT INTO OKM_TRANSLATION (TR_MODULE, TR_KEY, TR_TEXT, TR_LANGUAGE) VALUES ('frontend', 'OKM-018023', 'Error user quota exceed,  contact with adminitrator', 'cs-CZ');
INSERT INTO OKM_TRANSLATION (TR_MODULE, TR_KEY, TR_TEXT, TR_LANGUAGE) VALUES ('frontend', 'OKM-016009', 'Document access denied', 'cs-CZ');
INSERT INTO OKM_TRANSLATION (TR_MODULE, TR_KEY, TR_TEXT, TR_LANGUAGE) VALUES ('frontend', 'OKM-016002', 'Document not found', 'cs-CZ');
INSERT INTO OKM_TRANSLATION (TR_MODULE, TR_KEY, TR_TEXT, TR_LANGUAGE) VALUES ('frontend', 'OKM-016003', 'Document already exists', 'cs-CZ');
INSERT INTO OKM_TRANSLATION (TR_MODULE, TR_KEY, TR_TEXT, TR_LANGUAGE) VALUES ('frontend', 'OKM-016004', 'Document lock denied', 'cs-CZ');
INSERT INTO OKM_TRANSLATION (TR_MODULE, TR_KEY, TR_TEXT, TR_LANGUAGE) VALUES ('frontend', 'OKM-016001', 'Repository internal error', 'cs-CZ');
INSERT INTO OKM_TRANSLATION (TR_MODULE, TR_KEY, TR_TEXT, TR_LANGUAGE) VALUES ('frontend', 'OKM-016006', 'Application internal error', 'cs-CZ');
INSERT INTO OKM_TRANSLATION (TR_MODULE, TR_KEY, TR_TEXT, TR_LANGUAGE) VALUES ('frontend', 'OKM-016015', 'Document path not found', 'cs-CZ');
INSERT INTO OKM_TRANSLATION (TR_MODULE, TR_KEY, TR_TEXT, TR_LANGUAGE) VALUES ('frontend', 'OKM-016024', 'Database error', 'cs-CZ');
INSERT INTO OKM_TRANSLATION (TR_MODULE, TR_KEY, TR_TEXT, TR_LANGUAGE) VALUES ('frontend', 'OKM-010015', 'Path not found', 'cs-CZ');
INSERT INTO OKM_TRANSLATION (TR_MODULE, TR_KEY, TR_TEXT, TR_LANGUAGE) VALUES ('frontend', 'OKM-010009', 'Access denied', 'cs-CZ');
INSERT INTO OKM_TRANSLATION (TR_MODULE, TR_KEY, TR_TEXT, TR_LANGUAGE) VALUES ('frontend', 'OKM-010001', 'Repository internal error', 'cs-CZ');
INSERT INTO OKM_TRANSLATION (TR_MODULE, TR_KEY, TR_TEXT, TR_LANGUAGE) VALUES ('frontend', 'OKM-010024', 'Database error', 'cs-CZ');
INSERT INTO OKM_TRANSLATION (TR_MODULE, TR_KEY, TR_TEXT, TR_LANGUAGE) VALUES ('frontend', 'OKM-010006', 'Application internal error ', 'cs-CZ');
INSERT INTO OKM_TRANSLATION (TR_MODULE, TR_KEY, TR_TEXT, TR_LANGUAGE) VALUES ('frontend', 'OKM-009004', 'Locked', 'cs-CZ');
INSERT INTO OKM_TRANSLATION (TR_MODULE, TR_KEY, TR_TEXT, TR_LANGUAGE) VALUES ('frontend', 'OKM-009015', 'Path not exist', 'cs-CZ');
INSERT INTO OKM_TRANSLATION (TR_MODULE, TR_KEY, TR_TEXT, TR_LANGUAGE) VALUES ('frontend', 'OKM-009009', 'Access denied', 'cs-CZ');
INSERT INTO OKM_TRANSLATION (TR_MODULE, TR_KEY, TR_TEXT, TR_LANGUAGE) VALUES ('frontend', 'OKM-009001', 'Repository internal error', 'cs-CZ');
INSERT INTO OKM_TRANSLATION (TR_MODULE, TR_KEY, TR_TEXT, TR_LANGUAGE) VALUES ('frontend', 'OKM-009024', 'Database error', 'cs-CZ');
INSERT INTO OKM_TRANSLATION (TR_MODULE, TR_KEY, TR_TEXT, TR_LANGUAGE) VALUES ('frontend', 'OKM-009006', 'Application internal error', 'cs-CZ');
INSERT INTO OKM_TRANSLATION (TR_MODULE, TR_KEY, TR_TEXT, TR_LANGUAGE) VALUES ('frontend', 'OKM-009012', 'Group not exists', 'cs-CZ');
INSERT INTO OKM_TRANSLATION (TR_MODULE, TR_KEY, TR_TEXT, TR_LANGUAGE) VALUES ('frontend', 'OKM-009014', 'Property not exists', 'cs-CZ');
INSERT INTO OKM_TRANSLATION (TR_MODULE, TR_KEY, TR_TEXT, TR_LANGUAGE) VALUES ('frontend', 'OKM-009013', 'Error on I/O', 'cs-CZ');
INSERT INTO OKM_TRANSLATION (TR_MODULE, TR_KEY, TR_TEXT, TR_LANGUAGE) VALUES ('frontend', 'OKM-012001', 'Repository internal error', 'cs-CZ');
INSERT INTO OKM_TRANSLATION (TR_MODULE, TR_KEY, TR_TEXT, TR_LANGUAGE) VALUES ('frontend', 'OKM-012006', 'Application internal error', 'cs-CZ');
INSERT INTO OKM_TRANSLATION (TR_MODULE, TR_KEY, TR_TEXT, TR_LANGUAGE) VALUES ('frontend', 'OKM-012015', 'Path not exist', 'cs-CZ');
INSERT INTO OKM_TRANSLATION (TR_MODULE, TR_KEY, TR_TEXT, TR_LANGUAGE) VALUES ('frontend', 'OKM-012024', 'Database error', 'cs-CZ');
INSERT INTO OKM_TRANSLATION (TR_MODULE, TR_KEY, TR_TEXT, TR_LANGUAGE) VALUES ('frontend', 'OKM-012009', 'Access denied', 'cs-CZ');
INSERT INTO OKM_TRANSLATION (TR_MODULE, TR_KEY, TR_TEXT, TR_LANGUAGE) VALUES ('frontend', 'OKM-019001', 'Repository internal error', 'cs-CZ');
INSERT INTO OKM_TRANSLATION (TR_MODULE, TR_KEY, TR_TEXT, TR_LANGUAGE) VALUES ('frontend', 'OKM-019006', 'Application internal error', 'cs-CZ');
INSERT INTO OKM_TRANSLATION (TR_MODULE, TR_KEY, TR_TEXT, TR_LANGUAGE) VALUES ('frontend', 'OKM-019024', 'Database error', 'cs-CZ');
INSERT INTO OKM_LANGUAGE (LG_ID, LG_NAME, LG_IMAGE_CONTENT, LG_IMAGE_MIME) VALUES ('de-DE', 'Deutsch', 'R0lGODlhEAALANUAAPDcbqU/L/x1dfnrl6h9L7W1q6iGL/NHR5mLffWmVvayaZSUh6SkmWloaUpIOnhMS+0pKfblh518fHh4ePpmZvyyqfE8PJ13L/tsbPjlZfXhV0pKR+rTLO+SNu7YOoxlZfLcSPPgevKbRLOKL1hYWOuJJ/lgYLakL2k5OT8/OvZSUu8zM7q6sfdZWb1BMZuEL/zVpMq4r/KAcINbW+bNHeoeHmZJPOiCHe/gba2to5VycoCBgfvxopyckOjPIj8/LyH5BAAAAAAALAAAAAAQAAsAAAaHwI1j6Ej9jsikg8UsFHJQBqPXWyx+y91uMml4SaTNJoX42WISiU73+cwecBSq7KoIBBiKqaU6HCwrEDIBdXh6fH6AEIKEFXl7fX+BEDWDBDAKCgmbIiIdHSUlNwoBJzwZGRoaICAeHhwcPjQ4LycDtwMRuiG8AL4AFyPCIwQEBscvBBfKFxdBADs=', 'image/gif');
INSERT INTO OKM_TRANSLATION (TR_MODULE, TR_KEY, TR_TEXT, TR_LANGUAGE) VALUES ('frontend', 'general.date.pattern', 'dd.MM.yyyy hh:mm:ss', 'de-DE');
INSERT INTO OKM_TRANSLATION (TR_MODULE, TR_KEY, TR_TEXT, TR_LANGUAGE) VALUES ('frontend', 'general.day.pattern', 'dd.MM.yyyy', 'de-DE');
INSERT INTO OKM_TRANSLATION (TR_MODULE, TR_KEY, TR_TEXT, TR_LANGUAGE) VALUES ('frontend', 'general.hour.pattern', 'HH:mm:ss', 'de-DE');
INSERT INTO OKM_TRANSLATION (TR_MODULE, TR_KEY, TR_TEXT, TR_LANGUAGE) VALUES ('frontend', 'startup.openkm', 'Lade OpenKM', 'de-DE');
INSERT INTO OKM_TRANSLATION (TR_MODULE, TR_KEY, TR_TEXT, TR_LANGUAGE) VALUES ('frontend', 'startup.starting.loading', 'Starte das Laden von OpenKM', 'de-DE');
INSERT INTO OKM_TRANSLATION (TR_MODULE, TR_KEY, TR_TEXT, TR_LANGUAGE) VALUES ('frontend', 'startup.taxonomy', 'Hole Taxonomie Wurzelknoten', 'de-DE');
INSERT INTO OKM_TRANSLATION (TR_MODULE, TR_KEY, TR_TEXT, TR_LANGUAGE) VALUES ('frontend', 'startup.categories', 'Getting categories root node', 'de-DE');
INSERT INTO OKM_TRANSLATION (TR_MODULE, TR_KEY, TR_TEXT, TR_LANGUAGE) VALUES ('frontend', 'startup.thesaurus', 'Getting thesaurus root node', 'de-DE');
INSERT INTO OKM_TRANSLATION (TR_MODULE, TR_KEY, TR_TEXT, TR_LANGUAGE) VALUES ('frontend', 'startup.template', 'Hole Vorlagen Wurzelknoten', 'de-DE');
INSERT INTO OKM_TRANSLATION (TR_MODULE, TR_KEY, TR_TEXT, TR_LANGUAGE) VALUES ('frontend', 'startup.personal', 'Hole persnlichen Wurzelknoten ', 'de-DE');
INSERT INTO OKM_TRANSLATION (TR_MODULE, TR_KEY, TR_TEXT, TR_LANGUAGE) VALUES ('frontend', 'startup.mail', 'Getting e-mail root node', 'de-DE');
INSERT INTO OKM_TRANSLATION (TR_MODULE, TR_KEY, TR_TEXT, TR_LANGUAGE) VALUES ('frontend', 'startup.trash', 'Hole Papierkorb Wurzelknoten', 'de-DE');
INSERT INTO OKM_TRANSLATION (TR_MODULE, TR_KEY, TR_TEXT, TR_LANGUAGE) VALUES ('frontend', 'startup.user.home', 'Hole Benutzer eigenen Knoten', 'de-DE');
INSERT INTO OKM_TRANSLATION (TR_MODULE, TR_KEY, TR_TEXT, TR_LANGUAGE) VALUES ('frontend', 'startup.bookmarks', 'Hole Lesezeichen', 'de-DE');
INSERT INTO OKM_TRANSLATION (TR_MODULE, TR_KEY, TR_TEXT, TR_LANGUAGE) VALUES ('frontend', 'startup.loading.taxonomy', 'Lade Taxonomie', 'de-DE');
INSERT INTO OKM_TRANSLATION (TR_MODULE, TR_KEY, TR_TEXT, TR_LANGUAGE) VALUES ('frontend', 'startup.loading.taxonomy.getting.folders', 'Lade Taxonomie - Hole Ordner', 'de-DE');
INSERT INTO OKM_TRANSLATION (TR_MODULE, TR_KEY, TR_TEXT, TR_LANGUAGE) VALUES ('frontend', 'startup.loading.taxonomy.eval.params', 'Lade Taxonomie - werte Browser Parameter aus', 'de-DE');
INSERT INTO OKM_TRANSLATION (TR_MODULE, TR_KEY, TR_TEXT, TR_LANGUAGE) VALUES ('frontend', 'startup.loading.taxonomy.open.path', 'Lade Taxonomie - ffne Pfad', 'de-DE');
INSERT INTO OKM_TRANSLATION (TR_MODULE, TR_KEY, TR_TEXT, TR_LANGUAGE) VALUES ('frontend', 'startup.loading.taxonomy.getting.filebrowser.folders', 'Lade Taxonomie - hole Ordner', 'de-DE');
INSERT INTO OKM_TRANSLATION (TR_MODULE, TR_KEY, TR_TEXT, TR_LANGUAGE) VALUES ('frontend', 'startup.loading.taxonomy.getting.filebrowser.documents', 'Lade Taxonomie - hole Dokumente', 'de-DE');
INSERT INTO OKM_TRANSLATION (TR_MODULE, TR_KEY, TR_TEXT, TR_LANGUAGE) VALUES ('frontend', 'startup.loading.taxonomy.getting.filebrowser.mails', 'Loading taxonomy - getting mails', 'de-DE');
INSERT INTO OKM_TRANSLATION (TR_MODULE, TR_KEY, TR_TEXT, TR_LANGUAGE) VALUES ('frontend', 'startup.loading.personal', 'Lade persnliche', 'de-DE');
INSERT INTO OKM_TRANSLATION (TR_MODULE, TR_KEY, TR_TEXT, TR_LANGUAGE) VALUES ('frontend', 'startup.loading.mail', 'Loading e-mails', 'de-DE');
INSERT INTO OKM_TRANSLATION (TR_MODULE, TR_KEY, TR_TEXT, TR_LANGUAGE) VALUES ('frontend', 'startup.loading.categories', 'Loading categories', 'de-DE');
INSERT INTO OKM_TRANSLATION (TR_MODULE, TR_KEY, TR_TEXT, TR_LANGUAGE) VALUES ('frontend', 'startup.loading.thesaurus', 'Loading thesaurus', 'de-DE');
INSERT INTO OKM_TRANSLATION (TR_MODULE, TR_KEY, TR_TEXT, TR_LANGUAGE) VALUES ('frontend', 'startup.loading.templates', 'Lade Vorlagen', 'de-DE');
INSERT INTO OKM_TRANSLATION (TR_MODULE, TR_KEY, TR_TEXT, TR_LANGUAGE) VALUES ('frontend', 'startup.loading.trash', 'Lade Papierkorb', 'de-DE');
INSERT INTO OKM_TRANSLATION (TR_MODULE, TR_KEY, TR_TEXT, TR_LANGUAGE) VALUES ('frontend', 'startup.loading.history.search', 'Lade historische Suchen', 'de-DE');
INSERT INTO OKM_TRANSLATION (TR_MODULE, TR_KEY, TR_TEXT, TR_LANGUAGE) VALUES ('frontend', 'startup.loading.user.values', 'Lade Benutzerwerte', 'de-DE');
INSERT INTO OKM_TRANSLATION (TR_MODULE, TR_KEY, TR_TEXT, TR_LANGUAGE) VALUES ('frontend', 'startup.keep.alive', 'Lade Lebenszeichen', 'de-DE');
INSERT INTO OKM_TRANSLATION (TR_MODULE, TR_KEY, TR_TEXT, TR_LANGUAGE) VALUES ('frontend', 'openkm.update.avaliable', 'OpenKM Update verfgbar', 'de-DE');
INSERT INTO OKM_TRANSLATION (TR_MODULE, TR_KEY, TR_TEXT, TR_LANGUAGE) VALUES ('frontend', 'leftpanel.label.taxonomy', 'Taxonomie', 'de-DE');
INSERT INTO OKM_TRANSLATION (TR_MODULE, TR_KEY, TR_TEXT, TR_LANGUAGE) VALUES ('frontend', 'leftpanel.label.trash', 'Papierkorb', 'de-DE');
INSERT INTO OKM_TRANSLATION (TR_MODULE, TR_KEY, TR_TEXT, TR_LANGUAGE) VALUES ('frontend', 'leftpanel.label.mail', 'E-mail', 'de-DE');
INSERT INTO OKM_TRANSLATION (TR_MODULE, TR_KEY, TR_TEXT, TR_LANGUAGE) VALUES ('frontend', 'leftpanel.label.stored.search', 'Gespeicherte Suchen', 'de-DE');
INSERT INTO OKM_TRANSLATION (TR_MODULE, TR_KEY, TR_TEXT, TR_LANGUAGE) VALUES ('frontend', 'leftpanel.label.categories', 'Categories', 'de-DE');
INSERT INTO OKM_TRANSLATION (TR_MODULE, TR_KEY, TR_TEXT, TR_LANGUAGE) VALUES ('frontend', 'leftpanel.label.thesaurus', 'Thesaurus', 'de-DE');
INSERT INTO OKM_TRANSLATION (TR_MODULE, TR_KEY, TR_TEXT, TR_LANGUAGE) VALUES ('frontend', 'leftpanel.label.templates', 'Vorlagen', 'de-DE');
INSERT INTO OKM_TRANSLATION (TR_MODULE, TR_KEY, TR_TEXT, TR_LANGUAGE) VALUES ('frontend', 'leftpanel.label.my.documents', 'Eigene Dokumente', 'de-DE');
INSERT INTO OKM_TRANSLATION (TR_MODULE, TR_KEY, TR_TEXT, TR_LANGUAGE) VALUES ('frontend', 'leftpanel.label.user.search', 'User news', 'de-DE');
INSERT INTO OKM_TRANSLATION (TR_MODULE, TR_KEY, TR_TEXT, TR_LANGUAGE) VALUES ('frontend', 'leftpanel.label.all.repository', 'All repository', 'de-DE');
INSERT INTO OKM_TRANSLATION (TR_MODULE, TR_KEY, TR_TEXT, TR_LANGUAGE) VALUES ('frontend', 'tree.menu.directory.create', 'Ordner anlegen', 'de-DE');
INSERT INTO OKM_TRANSLATION (TR_MODULE, TR_KEY, TR_TEXT, TR_LANGUAGE) VALUES ('frontend', 'tree.menu.directory.remove', 'Lschen', 'de-DE');
INSERT INTO OKM_TRANSLATION (TR_MODULE, TR_KEY, TR_TEXT, TR_LANGUAGE) VALUES ('frontend', 'tree.menu.directory.rename', 'Umbenennen', 'de-DE');
INSERT INTO OKM_TRANSLATION (TR_MODULE, TR_KEY, TR_TEXT, TR_LANGUAGE) VALUES ('frontend', 'tree.menu.directory.refresh', 'Auffrischen', 'de-DE');
INSERT INTO OKM_TRANSLATION (TR_MODULE, TR_KEY, TR_TEXT, TR_LANGUAGE) VALUES ('frontend', 'tree.menu.directory.move', 'Verschieben', 'de-DE');
INSERT INTO OKM_TRANSLATION (TR_MODULE, TR_KEY, TR_TEXT, TR_LANGUAGE) VALUES ('frontend', 'tree.menu.directory.copy', 'Kopieren', 'de-DE');
INSERT INTO OKM_TRANSLATION (TR_MODULE, TR_KEY, TR_TEXT, TR_LANGUAGE) VALUES ('frontend', 'tree.menu.directory.add.document', 'Dokument hinzufgen', 'de-DE');
INSERT INTO OKM_TRANSLATION (TR_MODULE, TR_KEY, TR_TEXT, TR_LANGUAGE) VALUES ('frontend', 'tree.menu.add.bookmark', 'Lesezeichen hinzufgen', 'de-DE');
INSERT INTO OKM_TRANSLATION (TR_MODULE, TR_KEY, TR_TEXT, TR_LANGUAGE) VALUES ('frontend', 'tree.menu.set.home', 'Startseite einstellen', 'de-DE');
INSERT INTO OKM_TRANSLATION (TR_MODULE, TR_KEY, TR_TEXT, TR_LANGUAGE) VALUES ('frontend', 'tree.menu.export', 'In Datei exportieren', 'de-DE');
INSERT INTO OKM_TRANSLATION (TR_MODULE, TR_KEY, TR_TEXT, TR_LANGUAGE) VALUES ('frontend', 'tree.status.refresh.folder', 'Aktualisiere Ordnerbaum', 'de-DE');
INSERT INTO OKM_TRANSLATION (TR_MODULE, TR_KEY, TR_TEXT, TR_LANGUAGE) VALUES ('frontend', 'tree.status.refresh.create', 'Lege Ordner an', 'de-DE');
INSERT INTO OKM_TRANSLATION (TR_MODULE, TR_KEY, TR_TEXT, TR_LANGUAGE) VALUES ('frontend', 'tree.status.refresh.delete', 'Lsche Ordner', 'de-DE');
INSERT INTO OKM_TRANSLATION (TR_MODULE, TR_KEY, TR_TEXT, TR_LANGUAGE) VALUES ('frontend', 'tree.status.refresh.rename', 'Benenne Ordner um', 'de-DE');
INSERT INTO OKM_TRANSLATION (TR_MODULE, TR_KEY, TR_TEXT, TR_LANGUAGE) VALUES ('frontend', 'tree.status.refresh.restore', 'Stelle Ordner wieder her', 'de-DE');
INSERT INTO OKM_TRANSLATION (TR_MODULE, TR_KEY, TR_TEXT, TR_LANGUAGE) VALUES ('frontend', 'tree.status.refresh.purge', 'Subere Ordner', 'de-DE');
INSERT INTO OKM_TRANSLATION (TR_MODULE, TR_KEY, TR_TEXT, TR_LANGUAGE) VALUES ('frontend', 'tree.status.refresh.get', 'Aktualisiere Ordner', 'de-DE');
INSERT INTO OKM_TRANSLATION (TR_MODULE, TR_KEY, TR_TEXT, TR_LANGUAGE) VALUES ('frontend', 'tree.folder.new', 'Neuer Ordner', 'de-DE');
INSERT INTO OKM_TRANSLATION (TR_MODULE, TR_KEY, TR_TEXT, TR_LANGUAGE) VALUES ('frontend', 'tree.status.refresh.add.subscription', 'Fge Abonnement hinzu', 'de-DE');
INSERT INTO OKM_TRANSLATION (TR_MODULE, TR_KEY, TR_TEXT, TR_LANGUAGE) VALUES ('frontend', 'tree.status.refresh.remove.subscription', 'Lsche Abonnement', 'de-DE');
INSERT INTO OKM_TRANSLATION (TR_MODULE, TR_KEY, TR_TEXT, TR_LANGUAGE) VALUES ('frontend', 'tree.status.refresh.get.root', 'Frische Wurzelordner auf', 'de-DE');
INSERT INTO OKM_TRANSLATION (TR_MODULE, TR_KEY, TR_TEXT, TR_LANGUAGE) VALUES ('frontend', 'tree.status.refresh.get.keywords', 'Refreshing keywords', 'de-DE');
INSERT INTO OKM_TRANSLATION (TR_MODULE, TR_KEY, TR_TEXT, TR_LANGUAGE) VALUES ('frontend', 'tree.status.refresh.get.user.home', 'Hole Benutzer Home', 'de-DE');
INSERT INTO OKM_TRANSLATION (TR_MODULE, TR_KEY, TR_TEXT, TR_LANGUAGE) VALUES ('frontend', 'tree.status.refresh.purge.trash', 'Leere Papierkorb', 'de-DE');
INSERT INTO OKM_TRANSLATION (TR_MODULE, TR_KEY, TR_TEXT, TR_LANGUAGE) VALUES ('frontend', 'tree.menu.directory.find.folder', 'Find folder', 'de-DE');
INSERT INTO OKM_TRANSLATION (TR_MODULE, TR_KEY, TR_TEXT, TR_LANGUAGE) VALUES ('frontend', 'trash.menu.directory.restore', 'Wiederherstellen', 'de-DE');
INSERT INTO OKM_TRANSLATION (TR_MODULE, TR_KEY, TR_TEXT, TR_LANGUAGE) VALUES ('frontend', 'trash.menu.directory.purge', 'Subern', 'de-DE');
INSERT INTO OKM_TRANSLATION (TR_MODULE, TR_KEY, TR_TEXT, TR_LANGUAGE) VALUES ('frontend', 'trash.menu.directory.purge.trash', 'Papierkorb leeren', 'de-DE');
INSERT INTO OKM_TRANSLATION (TR_MODULE, TR_KEY, TR_TEXT, TR_LANGUAGE) VALUES ('frontend', 'trash.directory.select.label', 'Zielordner auswhlen', 'de-DE');
INSERT INTO OKM_TRANSLATION (TR_MODULE, TR_KEY, TR_TEXT, TR_LANGUAGE) VALUES ('frontend', 'general.menu.file', 'Datei', 'de-DE');
INSERT INTO OKM_TRANSLATION (TR_MODULE, TR_KEY, TR_TEXT, TR_LANGUAGE) VALUES ('frontend', 'general.menu.file.exit', 'Beenden', 'de-DE');
INSERT INTO OKM_TRANSLATION (TR_MODULE, TR_KEY, TR_TEXT, TR_LANGUAGE) VALUES ('frontend', 'general.menu.file.purge.trash', 'Papierkorb leeren', 'de-DE');
INSERT INTO OKM_TRANSLATION (TR_MODULE, TR_KEY, TR_TEXT, TR_LANGUAGE) VALUES ('frontend', 'general.menu.edit', 'Bearbeiten', 'de-DE');
INSERT INTO OKM_TRANSLATION (TR_MODULE, TR_KEY, TR_TEXT, TR_LANGUAGE) VALUES ('frontend', 'general.menu.file.create.directory', 'Ordner anlegen', 'de-DE');
INSERT INTO OKM_TRANSLATION (TR_MODULE, TR_KEY, TR_TEXT, TR_LANGUAGE) VALUES ('frontend', 'general.menu.file.download.document', 'Download document', 'de-DE');
INSERT INTO OKM_TRANSLATION (TR_MODULE, TR_KEY, TR_TEXT, TR_LANGUAGE) VALUES ('frontend', 'general.menu.file.download.document.pdf', 'Download document as PDF', 'de-DE');
INSERT INTO OKM_TRANSLATION (TR_MODULE, TR_KEY, TR_TEXT, TR_LANGUAGE) VALUES ('frontend', 'general.menu.file.send.link', 'Send document link', 'de-DE');
INSERT INTO OKM_TRANSLATION (TR_MODULE, TR_KEY, TR_TEXT, TR_LANGUAGE) VALUES ('frontend', 'general.menu.file.send.attachment', 'Send document attachment', 'de-DE');
INSERT INTO OKM_TRANSLATION (TR_MODULE, TR_KEY, TR_TEXT, TR_LANGUAGE) VALUES ('frontend', 'general.menu.file.lock', 'Sperren', 'de-DE');
INSERT INTO OKM_TRANSLATION (TR_MODULE, TR_KEY, TR_TEXT, TR_LANGUAGE) VALUES ('frontend', 'general.menu.file.unlock', 'Sperre aufheben', 'de-DE');
INSERT INTO OKM_TRANSLATION (TR_MODULE, TR_KEY, TR_TEXT, TR_LANGUAGE) VALUES ('frontend', 'general.menu.file.add.document', 'Dokument hinzufgen', 'de-DE');
INSERT INTO OKM_TRANSLATION (TR_MODULE, TR_KEY, TR_TEXT, TR_LANGUAGE) VALUES ('frontend', 'general.menu.file.checkout', 'Auschecken', 'de-DE');
INSERT INTO OKM_TRANSLATION (TR_MODULE, TR_KEY, TR_TEXT, TR_LANGUAGE) VALUES ('frontend', 'general.menu.file.checkin', 'Einchecken', 'de-DE');
INSERT INTO OKM_TRANSLATION (TR_MODULE, TR_KEY, TR_TEXT, TR_LANGUAGE) VALUES ('frontend', 'general.menu.file.cancel.checkout', 'Auschecken abbrechen', 'de-DE');
INSERT INTO OKM_TRANSLATION (TR_MODULE, TR_KEY, TR_TEXT, TR_LANGUAGE) VALUES ('frontend', 'general.menu.file.delete', 'Lschen', 'de-DE');
INSERT INTO OKM_TRANSLATION (TR_MODULE, TR_KEY, TR_TEXT, TR_LANGUAGE) VALUES ('frontend', 'general.menu.file.refresh', 'Auffrischen', 'de-DE');
INSERT INTO OKM_TRANSLATION (TR_MODULE, TR_KEY, TR_TEXT, TR_LANGUAGE) VALUES ('frontend', 'general.menu.file.scanner', 'Scanner', 'de-DE');
INSERT INTO OKM_TRANSLATION (TR_MODULE, TR_KEY, TR_TEXT, TR_LANGUAGE) VALUES ('frontend', 'general.menu.file.uploader', 'File uploader', 'de-DE');
INSERT INTO OKM_TRANSLATION (TR_MODULE, TR_KEY, TR_TEXT, TR_LANGUAGE) VALUES ('frontend', 'general.menu.tools', 'Werkzeuge', 'de-DE');
INSERT INTO OKM_TRANSLATION (TR_MODULE, TR_KEY, TR_TEXT, TR_LANGUAGE) VALUES ('frontend', 'general.menu.tools.languages', 'Sprache', 'de-DE');
INSERT INTO OKM_TRANSLATION (TR_MODULE, TR_KEY, TR_TEXT, TR_LANGUAGE) VALUES ('frontend', 'general.menu.tools.skin', 'Aussehen', 'de-DE');
INSERT INTO OKM_TRANSLATION (TR_MODULE, TR_KEY, TR_TEXT, TR_LANGUAGE) VALUES ('frontend', 'general.menu.tools.skin.default', 'Standard', 'de-DE');
INSERT INTO OKM_TRANSLATION (TR_MODULE, TR_KEY, TR_TEXT, TR_LANGUAGE) VALUES ('frontend', 'general.menu.tools.skin.default2', 'Standard 2', 'de-DE');
INSERT INTO OKM_TRANSLATION (TR_MODULE, TR_KEY, TR_TEXT, TR_LANGUAGE) VALUES ('frontend', 'general.menu.tools.skin.mediumfont', 'Medium font', 'de-DE');
INSERT INTO OKM_TRANSLATION (TR_MODULE, TR_KEY, TR_TEXT, TR_LANGUAGE) VALUES ('frontend', 'general.menu.tools.skin.bigfont', 'Groe Schrift', 'de-DE');
INSERT INTO OKM_TRANSLATION (TR_MODULE, TR_KEY, TR_TEXT, TR_LANGUAGE) VALUES ('frontend', 'general.menu.debug.console', 'Debug console', 'de-DE');
INSERT INTO OKM_TRANSLATION (TR_MODULE, TR_KEY, TR_TEXT, TR_LANGUAGE) VALUES ('frontend', 'general.menu.administration', 'Show administration', 'de-DE');
INSERT INTO OKM_TRANSLATION (TR_MODULE, TR_KEY, TR_TEXT, TR_LANGUAGE) VALUES ('frontend', 'general.menu.tools.preferences', 'Preferences', 'de-DE');
INSERT INTO OKM_TRANSLATION (TR_MODULE, TR_KEY, TR_TEXT, TR_LANGUAGE) VALUES ('frontend', 'general.menu.tools.user.preferences', 'User configuration', 'de-DE');
INSERT INTO OKM_TRANSLATION (TR_MODULE, TR_KEY, TR_TEXT, TR_LANGUAGE) VALUES ('frontend', 'general.menu.bookmark', 'Lesezeichen', 'de-DE');
INSERT INTO OKM_TRANSLATION (TR_MODULE, TR_KEY, TR_TEXT, TR_LANGUAGE) VALUES ('frontend', 'general.menu.bookmark.home', 'Startseite', 'de-DE');
INSERT INTO OKM_TRANSLATION (TR_MODULE, TR_KEY, TR_TEXT, TR_LANGUAGE) VALUES ('frontend', 'general.menu.bookmark.default.home', 'Startseite einstellen', 'de-DE');
INSERT INTO OKM_TRANSLATION (TR_MODULE, TR_KEY, TR_TEXT, TR_LANGUAGE) VALUES ('frontend', 'general.menu.bookmark.edit', 'Lesezeichen bearbeiten', 'de-DE');
INSERT INTO OKM_TRANSLATION (TR_MODULE, TR_KEY, TR_TEXT, TR_LANGUAGE) VALUES ('frontend', 'general.menu.help', 'Hilfe', 'de-DE');
INSERT INTO OKM_TRANSLATION (TR_MODULE, TR_KEY, TR_TEXT, TR_LANGUAGE) VALUES ('frontend', 'general.menu.bug.report', 'Fehler Bericht', 'de-DE');
INSERT INTO OKM_TRANSLATION (TR_MODULE, TR_KEY, TR_TEXT, TR_LANGUAGE) VALUES ('frontend', 'general.menu.support.request', 'Untersttzung anfordern', 'de-DE');
INSERT INTO OKM_TRANSLATION (TR_MODULE, TR_KEY, TR_TEXT, TR_LANGUAGE) VALUES ('frontend', 'general.menu.public.forum', 'ffentliches Forum', 'de-DE');
INSERT INTO OKM_TRANSLATION (TR_MODULE, TR_KEY, TR_TEXT, TR_LANGUAGE) VALUES ('frontend', 'general.menu.project.web', 'Projekt Webseite', 'de-DE');
INSERT INTO OKM_TRANSLATION (TR_MODULE, TR_KEY, TR_TEXT, TR_LANGUAGE) VALUES ('frontend', 'general.menu.version.changes', 'Versionsinformationen', 'de-DE');
INSERT INTO OKM_TRANSLATION (TR_MODULE, TR_KEY, TR_TEXT, TR_LANGUAGE) VALUES ('frontend', 'general.menu.documentation', 'Dokumentation', 'de-DE');
INSERT INTO OKM_TRANSLATION (TR_MODULE, TR_KEY, TR_TEXT, TR_LANGUAGE) VALUES ('frontend', 'general.menu.about', 'ber OpenKM', 'de-DE');
INSERT INTO OKM_TRANSLATION (TR_MODULE, TR_KEY, TR_TEXT, TR_LANGUAGE) VALUES ('frontend', 'general.connected', 'Angemeldet als', 'de-DE');
INSERT INTO OKM_TRANSLATION (TR_MODULE, TR_KEY, TR_TEXT, TR_LANGUAGE) VALUES ('frontend', 'filebrowser.name', 'Name', 'de-DE');
INSERT INTO OKM_TRANSLATION (TR_MODULE, TR_KEY, TR_TEXT, TR_LANGUAGE) VALUES ('frontend', 'filebrowser.date.update', 'Aktualisierungsdatum', 'de-DE');
INSERT INTO OKM_TRANSLATION (TR_MODULE, TR_KEY, TR_TEXT, TR_LANGUAGE) VALUES ('frontend', 'filebrowser.size', 'Gre', 'de-DE');
INSERT INTO OKM_TRANSLATION (TR_MODULE, TR_KEY, TR_TEXT, TR_LANGUAGE) VALUES ('frontend', 'filebrowser.path', 'Pfad', 'de-DE');
INSERT INTO OKM_TRANSLATION (TR_MODULE, TR_KEY, TR_TEXT, TR_LANGUAGE) VALUES ('frontend', 'filebrowser.author', 'Autor', 'de-DE');
INSERT INTO OKM_TRANSLATION (TR_MODULE, TR_KEY, TR_TEXT, TR_LANGUAGE) VALUES ('frontend', 'filebrowser.version', 'Version', 'de-DE');
INSERT INTO OKM_TRANSLATION (TR_MODULE, TR_KEY, TR_TEXT, TR_LANGUAGE) VALUES ('frontend', 'filebrowser.menu.checkout', 'Auschecken', 'de-DE');
INSERT INTO OKM_TRANSLATION (TR_MODULE, TR_KEY, TR_TEXT, TR_LANGUAGE) VALUES ('frontend', 'filebrowser.menu.checkin', 'Einchecken', 'de-DE');
INSERT INTO OKM_TRANSLATION (TR_MODULE, TR_KEY, TR_TEXT, TR_LANGUAGE) VALUES ('frontend', 'filebrowser.menu.delete', 'Lschen', 'de-DE');
INSERT INTO OKM_TRANSLATION (TR_MODULE, TR_KEY, TR_TEXT, TR_LANGUAGE) VALUES ('frontend', 'filebrowser.menu.rename', 'Umbenennen', 'de-DE');
INSERT INTO OKM_TRANSLATION (TR_MODULE, TR_KEY, TR_TEXT, TR_LANGUAGE) VALUES ('frontend', 'filebrowser.menu.checkout.cancel', 'Auschecken abbrechen', 'de-DE');
INSERT INTO OKM_TRANSLATION (TR_MODULE, TR_KEY, TR_TEXT, TR_LANGUAGE) VALUES ('frontend', 'filebrowser.menu.lock', 'Sperren', 'de-DE');
INSERT INTO OKM_TRANSLATION (TR_MODULE, TR_KEY, TR_TEXT, TR_LANGUAGE) VALUES ('frontend', 'filebrowser.menu.unlock', 'Sperre aufheben', 'de-DE');
INSERT INTO OKM_TRANSLATION (TR_MODULE, TR_KEY, TR_TEXT, TR_LANGUAGE) VALUES ('frontend', 'filebrowser.menu.download', 'Download', 'de-DE');
INSERT INTO OKM_TRANSLATION (TR_MODULE, TR_KEY, TR_TEXT, TR_LANGUAGE) VALUES ('frontend', 'filebrowser.menu.move', 'Verschieben', 'de-DE');
INSERT INTO OKM_TRANSLATION (TR_MODULE, TR_KEY, TR_TEXT, TR_LANGUAGE) VALUES ('frontend', 'filebrowser.menu.copy', 'Kopieren', 'de-DE');
INSERT INTO OKM_TRANSLATION (TR_MODULE, TR_KEY, TR_TEXT, TR_LANGUAGE) VALUES ('frontend', 'filebrowser.menu.create.from.template', 'Von Vorlage erzeugen', 'de-DE');
INSERT INTO OKM_TRANSLATION (TR_MODULE, TR_KEY, TR_TEXT, TR_LANGUAGE) VALUES ('frontend', 'filebrowser.menu.add.property.group', 'Eigenschaftengruppe hinzufgen', 'de-DE');
INSERT INTO OKM_TRANSLATION (TR_MODULE, TR_KEY, TR_TEXT, TR_LANGUAGE) VALUES ('frontend', 'filebrowser.menu.remove.property.group', 'Eigenschaftengruppe lschen', 'de-DE');
INSERT INTO OKM_TRANSLATION (TR_MODULE, TR_KEY, TR_TEXT, TR_LANGUAGE) VALUES ('frontend', 'filebrowser.menu.start.workflow', 'Start workflow', 'de-DE');
INSERT INTO OKM_TRANSLATION (TR_MODULE, TR_KEY, TR_TEXT, TR_LANGUAGE) VALUES ('frontend', 'filebrowser.menu.add.subscription', 'Abonnement hinzufgen', 'de-DE');
INSERT INTO OKM_TRANSLATION (TR_MODULE, TR_KEY, TR_TEXT, TR_LANGUAGE) VALUES ('frontend', 'filebrowser.menu.remove.subscription', 'Abonnement lschen', 'de-DE');
INSERT INTO OKM_TRANSLATION (TR_MODULE, TR_KEY, TR_TEXT, TR_LANGUAGE) VALUES ('frontend', 'filebrowser.menu.add.bookmark', 'Lesezeichen hinzufgen', 'de-DE');
INSERT INTO OKM_TRANSLATION (TR_MODULE, TR_KEY, TR_TEXT, TR_LANGUAGE) VALUES ('frontend', 'filebrowser.menu.set.home', 'Startseite einstellen', 'de-DE');
INSERT INTO OKM_TRANSLATION (TR_MODULE, TR_KEY, TR_TEXT, TR_LANGUAGE) VALUES ('frontend', 'filebrowser.menu.refresh', 'Auffrischen', 'de-DE');
INSERT INTO OKM_TRANSLATION (TR_MODULE, TR_KEY, TR_TEXT, TR_LANGUAGE) VALUES ('frontend', 'filebrowser.menu.export', 'In ZIP exportieren', 'de-DE');
INSERT INTO OKM_TRANSLATION (TR_MODULE, TR_KEY, TR_TEXT, TR_LANGUAGE) VALUES ('frontend', 'filebrowser.menu.play', 'Play', 'de-DE');
INSERT INTO OKM_TRANSLATION (TR_MODULE, TR_KEY, TR_TEXT, TR_LANGUAGE) VALUES ('frontend', 'filebrowser.menu.image.viewer', 'Image viewer', 'de-DE');
INSERT INTO OKM_TRANSLATION (TR_MODULE, TR_KEY, TR_TEXT, TR_LANGUAGE) VALUES ('frontend', 'filebrowser.status.refresh.folder', 'Frische Ordnerliste auf', 'de-DE');
INSERT INTO OKM_TRANSLATION (TR_MODULE, TR_KEY, TR_TEXT, TR_LANGUAGE) VALUES ('frontend', 'filebrowser.status.refresh.document', 'Frische Dokumentliste auf', 'de-DE');
INSERT INTO OKM_TRANSLATION (TR_MODULE, TR_KEY, TR_TEXT, TR_LANGUAGE) VALUES ('frontend', 'filebrowser.status.refresh.mail', 'Updating mail list', 'de-DE');
INSERT INTO OKM_TRANSLATION (TR_MODULE, TR_KEY, TR_TEXT, TR_LANGUAGE) VALUES ('frontend', 'filebrowser.status.refresh.delete.folder', 'Lsche Ordner', 'de-DE');
INSERT INTO OKM_TRANSLATION (TR_MODULE, TR_KEY, TR_TEXT, TR_LANGUAGE) VALUES ('frontend', 'filebrowser.status.refresh.delete.document', 'Lsche Dokument', 'de-DE');
INSERT INTO OKM_TRANSLATION (TR_MODULE, TR_KEY, TR_TEXT, TR_LANGUAGE) VALUES ('frontend', 'filebrowser.status.refresh.checkout', 'Checke Dokument aus', 'de-DE');
INSERT INTO OKM_TRANSLATION (TR_MODULE, TR_KEY, TR_TEXT, TR_LANGUAGE) VALUES ('frontend', 'filebrowser.status.refresh.lock', 'Sperre Dokument', 'de-DE');
INSERT INTO OKM_TRANSLATION (TR_MODULE, TR_KEY, TR_TEXT, TR_LANGUAGE) VALUES ('frontend', 'filebrowser.status.refresh.unlock', 'Entsperre Dokument', 'de-DE');
INSERT INTO OKM_TRANSLATION (TR_MODULE, TR_KEY, TR_TEXT, TR_LANGUAGE) VALUES ('frontend', 'filebrowser.status.refresh.document.rename', 'Benenne Dokument um', 'de-DE');
INSERT INTO OKM_TRANSLATION (TR_MODULE, TR_KEY, TR_TEXT, TR_LANGUAGE) VALUES ('frontend', 'filebrowser.status.refresh.folder.rename', 'Benenne Ordner um', 'de-DE');
INSERT INTO OKM_TRANSLATION (TR_MODULE, TR_KEY, TR_TEXT, TR_LANGUAGE) VALUES ('frontend', 'filebrowser.status.refresh.document.purge', 'Lsche Dokument', 'de-DE');
INSERT INTO OKM_TRANSLATION (TR_MODULE, TR_KEY, TR_TEXT, TR_LANGUAGE) VALUES ('frontend', 'filebrowser.status.refresh.folder.purge', 'Lsche Ordner', 'de-DE');
INSERT INTO OKM_TRANSLATION (TR_MODULE, TR_KEY, TR_TEXT, TR_LANGUAGE) VALUES ('frontend', 'filebrowser.status.refresh.folder.get', 'Aktualisiere Ordner', 'de-DE');
INSERT INTO OKM_TRANSLATION (TR_MODULE, TR_KEY, TR_TEXT, TR_LANGUAGE) VALUES ('frontend', 'filebrowser.status.refresh.document.get', 'Aktualisiere Dokument', 'de-DE');
INSERT INTO OKM_TRANSLATION (TR_MODULE, TR_KEY, TR_TEXT, TR_LANGUAGE) VALUES ('frontend', 'filebrowser.status.refresh.add.subscription', 'Fge Abonnement hinzu', 'de-DE');
INSERT INTO OKM_TRANSLATION (TR_MODULE, TR_KEY, TR_TEXT, TR_LANGUAGE) VALUES ('frontend', 'filebrowser.status.refresh.remove.subscription', 'Lsche Abonnement', 'de-DE');
INSERT INTO OKM_TRANSLATION (TR_MODULE, TR_KEY, TR_TEXT, TR_LANGUAGE) VALUES ('frontend', 'filebrowser.status.refresh.get.user.home', 'Hole Benutzerstartseite', 'de-DE');
INSERT INTO OKM_TRANSLATION (TR_MODULE, TR_KEY, TR_TEXT, TR_LANGUAGE) VALUES ('frontend', 'filebrowser.status.refresh.delete.mail', 'Deleting mail', 'de-DE');
INSERT INTO OKM_TRANSLATION (TR_MODULE, TR_KEY, TR_TEXT, TR_LANGUAGE) VALUES ('frontend', 'filebrowser.status.refresh.mail.purge', 'Deleting mail', 'de-DE');
INSERT INTO OKM_TRANSLATION (TR_MODULE, TR_KEY, TR_TEXT, TR_LANGUAGE) VALUES ('frontend', 'fileupload.send', 'Hochladen', 'de-DE');
INSERT INTO OKM_TRANSLATION (TR_MODULE, TR_KEY, TR_TEXT, TR_LANGUAGE) VALUES ('frontend', 'fileupload.status.sending', 'Lade Datei hoch...', 'de-DE');
INSERT INTO OKM_TRANSLATION (TR_MODULE, TR_KEY, TR_TEXT, TR_LANGUAGE) VALUES ('frontend', 'fileupload.status.indexing', 'Indexing file...', 'de-DE');
INSERT INTO OKM_TRANSLATION (TR_MODULE, TR_KEY, TR_TEXT, TR_LANGUAGE) VALUES ('frontend', 'fileupload.status.ok', 'Hochladen der Datei war erfolgreich', 'de-DE');
INSERT INTO OKM_TRANSLATION (TR_MODULE, TR_KEY, TR_TEXT, TR_LANGUAGE) VALUES ('frontend', 'fileupload.upload.status', 'Hochladen Status', 'de-DE');
INSERT INTO OKM_TRANSLATION (TR_MODULE, TR_KEY, TR_TEXT, TR_LANGUAGE) VALUES ('frontend', 'fileupload.upload.uploaded', 'Hochgeladen', 'de-DE');
INSERT INTO OKM_TRANSLATION (TR_MODULE, TR_KEY, TR_TEXT, TR_LANGUAGE) VALUES ('frontend', 'fileupload.upload.completed', 'Hochladen beendet', 'de-DE');
INSERT INTO OKM_TRANSLATION (TR_MODULE, TR_KEY, TR_TEXT, TR_LANGUAGE) VALUES ('frontend', 'fileupload.upload.runtime', 'Laufzeit', 'de-DE');
INSERT INTO OKM_TRANSLATION (TR_MODULE, TR_KEY, TR_TEXT, TR_LANGUAGE) VALUES ('frontend', 'fileupload.upload.remaining', 'Verbleiben', 'de-DE');
INSERT INTO OKM_TRANSLATION (TR_MODULE, TR_KEY, TR_TEXT, TR_LANGUAGE) VALUES ('frontend', 'fileupload.button.close', 'Schlieen', 'de-DE');
INSERT INTO OKM_TRANSLATION (TR_MODULE, TR_KEY, TR_TEXT, TR_LANGUAGE) VALUES ('frontend', 'fileupload.button.add.other.file', 'Weitere Dateien hochladen', 'de-DE');
INSERT INTO OKM_TRANSLATION (TR_MODULE, TR_KEY, TR_TEXT, TR_LANGUAGE) VALUES ('frontend', 'fileupload.status.move.file', 'Verschiebe Datei...', 'de-DE');
INSERT INTO OKM_TRANSLATION (TR_MODULE, TR_KEY, TR_TEXT, TR_LANGUAGE) VALUES ('frontend', 'fileupload.status.move.mail', 'Moving mail...', 'de-DE');
INSERT INTO OKM_TRANSLATION (TR_MODULE, TR_KEY, TR_TEXT, TR_LANGUAGE) VALUES ('frontend', 'fileupload.status.copy.file', 'Kopiere Datei...', 'de-DE');
INSERT INTO OKM_TRANSLATION (TR_MODULE, TR_KEY, TR_TEXT, TR_LANGUAGE) VALUES ('frontend', 'fileupload.status.copy.mail', 'Coping mail...', 'de-DE');
INSERT INTO OKM_TRANSLATION (TR_MODULE, TR_KEY, TR_TEXT, TR_LANGUAGE) VALUES ('frontend', 'fileupload.status.restore.file', 'Stelle Datei wieder her...', 'de-DE');
INSERT INTO OKM_TRANSLATION (TR_MODULE, TR_KEY, TR_TEXT, TR_LANGUAGE) VALUES ('frontend', 'fileupload.status.restore.mail', 'Restoring mail...', 'de-DE');
INSERT INTO OKM_TRANSLATION (TR_MODULE, TR_KEY, TR_TEXT, TR_LANGUAGE) VALUES ('frontend', 'fileupload.status.move.folder', 'Verschiebe Ordner...', 'de-DE');
INSERT INTO OKM_TRANSLATION (TR_MODULE, TR_KEY, TR_TEXT, TR_LANGUAGE) VALUES ('frontend', 'fileupload.status.copy.folder', 'Kopiere Ordner...', 'de-DE');
INSERT INTO OKM_TRANSLATION (TR_MODULE, TR_KEY, TR_TEXT, TR_LANGUAGE) VALUES ('frontend', 'fileupload.status.restore.folder', 'Stelle Ordner wieder her...', 'de-DE');
INSERT INTO OKM_TRANSLATION (TR_MODULE, TR_KEY, TR_TEXT, TR_LANGUAGE) VALUES ('frontend', 'fileupload.status.create.from.template', 'erzeuge Datei von einer Vorlage...', 'de-DE');
INSERT INTO OKM_TRANSLATION (TR_MODULE, TR_KEY, TR_TEXT, TR_LANGUAGE) VALUES ('frontend', 'fileupload.status.of', 'of', 'de-DE');
INSERT INTO OKM_TRANSLATION (TR_MODULE, TR_KEY, TR_TEXT, TR_LANGUAGE) VALUES ('frontend', 'fileupload.label.insert', 'Neue Dokumente Hinzufgen', 'de-DE');
INSERT INTO OKM_TRANSLATION (TR_MODULE, TR_KEY, TR_TEXT, TR_LANGUAGE) VALUES ('frontend', 'fileupload.label.update', 'Dokumente auffrischen', 'de-DE');
INSERT INTO OKM_TRANSLATION (TR_MODULE, TR_KEY, TR_TEXT, TR_LANGUAGE) VALUES ('frontend', 'fileupload.label.users.notify', 'Benutzer informieren', 'de-DE');
INSERT INTO OKM_TRANSLATION (TR_MODULE, TR_KEY, TR_TEXT, TR_LANGUAGE) VALUES ('frontend', 'fileupload.label.comment', 'Kommentar', 'de-DE');
INSERT INTO OKM_TRANSLATION (TR_MODULE, TR_KEY, TR_TEXT, TR_LANGUAGE) VALUES ('frontend', 'fileupload.label.users.to.notify"', '  "Zu Informierende Benutzer', 'de-DE');
INSERT INTO OKM_TRANSLATION (TR_MODULE, TR_KEY, TR_TEXT, TR_LANGUAGE) VALUES ('frontend', 'fileupload.label.users"', '  "Benutzer', 'de-DE');
INSERT INTO OKM_TRANSLATION (TR_MODULE, TR_KEY, TR_TEXT, TR_LANGUAGE) VALUES ('frontend', 'fileupload.label.groups.to.notify', 'Groups to notify', 'de-DE');
INSERT INTO OKM_TRANSLATION (TR_MODULE, TR_KEY, TR_TEXT, TR_LANGUAGE) VALUES ('frontend', 'fileupload.label.groups', 'Groups', 'de-DE');
INSERT INTO OKM_TRANSLATION (TR_MODULE, TR_KEY, TR_TEXT, TR_LANGUAGE) VALUES ('frontend', 'fileupload.label.must.select.users"', '  "Sie Mssen einen Benutzer auswhlen', 'de-DE');
INSERT INTO OKM_TRANSLATION (TR_MODULE, TR_KEY, TR_TEXT, TR_LANGUAGE) VALUES ('frontend', 'fileupload.label.importZip', 'Import Documents from ZIP', 'de-DE');
INSERT INTO OKM_TRANSLATION (TR_MODULE, TR_KEY, TR_TEXT, TR_LANGUAGE) VALUES ('frontend', 'fileupload.label.notify.comment', 'Notification message', 'de-DE');
INSERT INTO OKM_TRANSLATION (TR_MODULE, TR_KEY, TR_TEXT, TR_LANGUAGE) VALUES ('frontend', 'fileupload.label.error.importing.zip', 'Fehler beim Dateiimport', 'de-DE');
INSERT INTO OKM_TRANSLATION (TR_MODULE, TR_KEY, TR_TEXT, TR_LANGUAGE) VALUES ('frontend', 'fileupload.label.error.move.file', 'Fehler beim Verscheiben der Datei', 'de-DE');
INSERT INTO OKM_TRANSLATION (TR_MODULE, TR_KEY, TR_TEXT, TR_LANGUAGE) VALUES ('frontend', 'fileupload.label.error.move.mail', 'Error moving mail', 'de-DE');
INSERT INTO OKM_TRANSLATION (TR_MODULE, TR_KEY, TR_TEXT, TR_LANGUAGE) VALUES ('frontend', 'fileupload.label.error.copy.file', 'Fehler beim Kopieren der Datei', 'de-DE');
INSERT INTO OKM_TRANSLATION (TR_MODULE, TR_KEY, TR_TEXT, TR_LANGUAGE) VALUES ('frontend', 'fileupload.label.error.copy.mail', 'Error coping mail', 'de-DE');
INSERT INTO OKM_TRANSLATION (TR_MODULE, TR_KEY, TR_TEXT, TR_LANGUAGE) VALUES ('frontend', 'fileupload.label.error.restore.file', 'Fehler beim Wiederherstellen der Datei', 'de-DE');
INSERT INTO OKM_TRANSLATION (TR_MODULE, TR_KEY, TR_TEXT, TR_LANGUAGE) VALUES ('frontend', 'fileupload.label.error.restore.mail', 'Error restoring mail', 'de-DE');
INSERT INTO OKM_TRANSLATION (TR_MODULE, TR_KEY, TR_TEXT, TR_LANGUAGE) VALUES ('frontend', 'fileupload.label.error.move.folder', 'Fehler beim Verschieben des Ordners', 'de-DE');
INSERT INTO OKM_TRANSLATION (TR_MODULE, TR_KEY, TR_TEXT, TR_LANGUAGE) VALUES ('frontend', 'fileupload.label.error.copy.folder', 'Fehler beim Kopieren des Ordners', 'de-DE');
INSERT INTO OKM_TRANSLATION (TR_MODULE, TR_KEY, TR_TEXT, TR_LANGUAGE) VALUES ('frontend', 'fileupload.label.error.restore.folder', 'Fehler beim Wiederherstellen des Ordners', 'de-DE');
INSERT INTO OKM_TRANSLATION (TR_MODULE, TR_KEY, TR_TEXT, TR_LANGUAGE) VALUES ('frontend', 'fileupload.label.error.create.from.template', 'Fehler beim Erzeugen einer Datei von einer Vorlage', 'de-DE');
INSERT INTO OKM_TRANSLATION (TR_MODULE, TR_KEY, TR_TEXT, TR_LANGUAGE) VALUES ('frontend', 'fileupload.label.error.not.allowed.move.folder.child', 'Quell- oder Unterordner verscheiben nicht erlaubt', 'de-DE');
INSERT INTO OKM_TRANSLATION (TR_MODULE, TR_KEY, TR_TEXT, TR_LANGUAGE) VALUES ('frontend', 'fileupload.label.error.not.allowed.copy.same.folder', 'Quellordner verscheiben nicht erlaubt', 'de-DE');
INSERT INTO OKM_TRANSLATION (TR_MODULE, TR_KEY, TR_TEXT, TR_LANGUAGE) VALUES ('frontend', 'fileupload.label.error.not.allowed.create.from.template.same.folder', 'Erzeugen einer Datei im Quellordner nicht erlaubt', 'de-DE');
INSERT INTO OKM_TRANSLATION (TR_MODULE, TR_KEY, TR_TEXT, TR_LANGUAGE) VALUES ('frontend', 'tab.document.properties', 'Eigenschaften', 'de-DE');
INSERT INTO OKM_TRANSLATION (TR_MODULE, TR_KEY, TR_TEXT, TR_LANGUAGE) VALUES ('frontend', 'tab.document.notes', 'Notes', 'de-DE');
INSERT INTO OKM_TRANSLATION (TR_MODULE, TR_KEY, TR_TEXT, TR_LANGUAGE) VALUES ('frontend', 'tab.document.history', 'Historie', 'de-DE');
INSERT INTO OKM_TRANSLATION (TR_MODULE, TR_KEY, TR_TEXT, TR_LANGUAGE) VALUES ('frontend', 'tab.document.status.history', 'Aktualisiere Historie', 'de-DE');
INSERT INTO OKM_TRANSLATION (TR_MODULE, TR_KEY, TR_TEXT, TR_LANGUAGE) VALUES ('frontend', 'tab.status.security.role', 'Aktualisiere Sicherheit Rollen', 'de-DE');
INSERT INTO OKM_TRANSLATION (TR_MODULE, TR_KEY, TR_TEXT, TR_LANGUAGE) VALUES ('frontend', 'tab.status.security.user', 'Aktualisiere Sicherheit Benutzer', 'de-DE');
INSERT INTO OKM_TRANSLATION (TR_MODULE, TR_KEY, TR_TEXT, TR_LANGUAGE) VALUES ('frontend', 'tab.document.status.group.properties', 'Aktualisiere Eigenschaften Gruppe', 'de-DE');
INSERT INTO OKM_TRANSLATION (TR_MODULE, TR_KEY, TR_TEXT, TR_LANGUAGE) VALUES ('frontend', 'tab.document.status.set.keywords', 'Setze Schlagwrter', 'de-DE');
INSERT INTO OKM_TRANSLATION (TR_MODULE, TR_KEY, TR_TEXT, TR_LANGUAGE) VALUES ('frontend', 'tab.document.status.set.categories', 'Updating categories', 'de-DE');
INSERT INTO OKM_TRANSLATION (TR_MODULE, TR_KEY, TR_TEXT, TR_LANGUAGE) VALUES ('frontend', 'tab.document.status.get.version.history.size', 'Frische Gre der Dokumenthistorie auf', 'de-DE');
INSERT INTO OKM_TRANSLATION (TR_MODULE, TR_KEY, TR_TEXT, TR_LANGUAGE) VALUES ('frontend', 'tab.document.status.purge.version.history', 'Bereinige Dokumenthistorie', 'de-DE');
INSERT INTO OKM_TRANSLATION (TR_MODULE, TR_KEY, TR_TEXT, TR_LANGUAGE) VALUES ('frontend', 'tab.document.status.restore.version', 'Stelle Dokument Version wieder her', 'de-DE');
INSERT INTO OKM_TRANSLATION (TR_MODULE, TR_KEY, TR_TEXT, TR_LANGUAGE) VALUES ('frontend', 'tab.document.security', 'Sicherheit', 'de-DE');
INSERT INTO OKM_TRANSLATION (TR_MODULE, TR_KEY, TR_TEXT, TR_LANGUAGE) VALUES ('frontend', 'tab.document.preview', 'Preview', 'de-DE');
INSERT INTO OKM_TRANSLATION (TR_MODULE, TR_KEY, TR_TEXT, TR_LANGUAGE) VALUES ('frontend', 'tab.folder.properties', 'Eigenschaften', 'de-DE');
INSERT INTO OKM_TRANSLATION (TR_MODULE, TR_KEY, TR_TEXT, TR_LANGUAGE) VALUES ('frontend', 'tab.folder.security', 'Sicherheit', 'de-DE');
INSERT INTO OKM_TRANSLATION (TR_MODULE, TR_KEY, TR_TEXT, TR_LANGUAGE) VALUES ('frontend', 'tab.folder.notes', 'Notes', 'de-DE');
INSERT INTO OKM_TRANSLATION (TR_MODULE, TR_KEY, TR_TEXT, TR_LANGUAGE) VALUES ('frontend', 'tab.workspace.desktop', 'Arbeitsplatz', 'de-DE');
INSERT INTO OKM_TRANSLATION (TR_MODULE, TR_KEY, TR_TEXT, TR_LANGUAGE) VALUES ('frontend', 'tab.workspace.search', 'Suche', 'de-DE');
INSERT INTO OKM_TRANSLATION (TR_MODULE, TR_KEY, TR_TEXT, TR_LANGUAGE) VALUES ('frontend', 'tab.workspace.dashboard', 'DashBoard', 'de-DE');
INSERT INTO OKM_TRANSLATION (TR_MODULE, TR_KEY, TR_TEXT, TR_LANGUAGE) VALUES ('frontend', 'tab.workspace.administration', 'Administration', 'de-DE');
INSERT INTO OKM_TRANSLATION (TR_MODULE, TR_KEY, TR_TEXT, TR_LANGUAGE) VALUES ('frontend', 'document.uuid', 'UUID', 'de-DE');
INSERT INTO OKM_TRANSLATION (TR_MODULE, TR_KEY, TR_TEXT, TR_LANGUAGE) VALUES ('frontend', 'document.name', 'Name', 'de-DE');
INSERT INTO OKM_TRANSLATION (TR_MODULE, TR_KEY, TR_TEXT, TR_LANGUAGE) VALUES ('frontend', 'document.folder', 'Ordner', 'de-DE');
INSERT INTO OKM_TRANSLATION (TR_MODULE, TR_KEY, TR_TEXT, TR_LANGUAGE) VALUES ('frontend', 'document.size', 'Gre', 'de-DE');
INSERT INTO OKM_TRANSLATION (TR_MODULE, TR_KEY, TR_TEXT, TR_LANGUAGE) VALUES ('frontend', 'document.created', 'Erzeugt', 'de-DE');
INSERT INTO OKM_TRANSLATION (TR_MODULE, TR_KEY, TR_TEXT, TR_LANGUAGE) VALUES ('frontend', 'document.lastmodified', 'Gendert', 'de-DE');
INSERT INTO OKM_TRANSLATION (TR_MODULE, TR_KEY, TR_TEXT, TR_LANGUAGE) VALUES ('frontend', 'document.mimetype', 'MIME Type', 'de-DE');
INSERT INTO OKM_TRANSLATION (TR_MODULE, TR_KEY, TR_TEXT, TR_LANGUAGE) VALUES ('frontend', 'document.keywords', 'Schlagwrter', 'de-DE');
INSERT INTO OKM_TRANSLATION (TR_MODULE, TR_KEY, TR_TEXT, TR_LANGUAGE) VALUES ('frontend', 'document.by', 'von', 'de-DE');
INSERT INTO OKM_TRANSLATION (TR_MODULE, TR_KEY, TR_TEXT, TR_LANGUAGE) VALUES ('frontend', 'document.status', 'Status', 'de-DE');
INSERT INTO OKM_TRANSLATION (TR_MODULE, TR_KEY, TR_TEXT, TR_LANGUAGE) VALUES ('frontend', 'document.status.checkout', 'Ausgecheckt von', 'de-DE');
INSERT INTO OKM_TRANSLATION (TR_MODULE, TR_KEY, TR_TEXT, TR_LANGUAGE) VALUES ('frontend', 'document.status.locked', 'Gesperrt durch', 'de-DE');
INSERT INTO OKM_TRANSLATION (TR_MODULE, TR_KEY, TR_TEXT, TR_LANGUAGE) VALUES ('frontend', 'document.status.normal', 'Verfgbar', 'de-DE');
INSERT INTO OKM_TRANSLATION (TR_MODULE, TR_KEY, TR_TEXT, TR_LANGUAGE) VALUES ('frontend', 'document.subscribed', 'Abonniert', 'de-DE');
INSERT INTO OKM_TRANSLATION (TR_MODULE, TR_KEY, TR_TEXT, TR_LANGUAGE) VALUES ('frontend', 'document.subscribed.yes', 'Ja', 'de-DE');
INSERT INTO OKM_TRANSLATION (TR_MODULE, TR_KEY, TR_TEXT, TR_LANGUAGE) VALUES ('frontend', 'document.subscribed.no', 'Nein', 'de-DE');
INSERT INTO OKM_TRANSLATION (TR_MODULE, TR_KEY, TR_TEXT, TR_LANGUAGE) VALUES ('frontend', 'document.history.size', 'Gre Historie', 'de-DE');
INSERT INTO OKM_TRANSLATION (TR_MODULE, TR_KEY, TR_TEXT, TR_LANGUAGE) VALUES ('frontend', 'document.subscribed.users', 'Subscribed users', 'de-DE');
INSERT INTO OKM_TRANSLATION (TR_MODULE, TR_KEY, TR_TEXT, TR_LANGUAGE) VALUES ('frontend', 'document.url', 'URL', 'de-DE');
INSERT INTO OKM_TRANSLATION (TR_MODULE, TR_KEY, TR_TEXT, TR_LANGUAGE) VALUES ('frontend', 'document.webdav', 'WebDAV', 'de-DE');
INSERT INTO OKM_TRANSLATION (TR_MODULE, TR_KEY, TR_TEXT, TR_LANGUAGE) VALUES ('frontend', 'document.add.note', 'Add note', 'de-DE');
INSERT INTO OKM_TRANSLATION (TR_MODULE, TR_KEY, TR_TEXT, TR_LANGUAGE) VALUES ('frontend', 'document.keywords.cloud', 'Keywords cloud', 'de-DE');
INSERT INTO OKM_TRANSLATION (TR_MODULE, TR_KEY, TR_TEXT, TR_LANGUAGE) VALUES ('frontend', 'document.categories', 'Categories', 'de-DE');
INSERT INTO OKM_TRANSLATION (TR_MODULE, TR_KEY, TR_TEXT, TR_LANGUAGE) VALUES ('frontend', 'folder.uuid', 'UUID', 'de-DE');
INSERT INTO OKM_TRANSLATION (TR_MODULE, TR_KEY, TR_TEXT, TR_LANGUAGE) VALUES ('frontend', 'folder.name', 'Name', 'de-DE');
INSERT INTO OKM_TRANSLATION (TR_MODULE, TR_KEY, TR_TEXT, TR_LANGUAGE) VALUES ('frontend', 'folder.parent', 'Eltern', 'de-DE');
INSERT INTO OKM_TRANSLATION (TR_MODULE, TR_KEY, TR_TEXT, TR_LANGUAGE) VALUES ('frontend', 'folder.created', 'Erzeugt', 'de-DE');
INSERT INTO OKM_TRANSLATION (TR_MODULE, TR_KEY, TR_TEXT, TR_LANGUAGE) VALUES ('frontend', 'folder.by', 'von', 'de-DE');
INSERT INTO OKM_TRANSLATION (TR_MODULE, TR_KEY, TR_TEXT, TR_LANGUAGE) VALUES ('frontend', 'folder.subscribed', 'Abonniert', 'de-DE');
INSERT INTO OKM_TRANSLATION (TR_MODULE, TR_KEY, TR_TEXT, TR_LANGUAGE) VALUES ('frontend', 'folder.subscribed.yes', 'Ja', 'de-DE');
INSERT INTO OKM_TRANSLATION (TR_MODULE, TR_KEY, TR_TEXT, TR_LANGUAGE) VALUES ('frontend', 'folder.subscribed.no', 'Nein', 'de-DE');
INSERT INTO OKM_TRANSLATION (TR_MODULE, TR_KEY, TR_TEXT, TR_LANGUAGE) VALUES ('frontend', 'folder.subscribed.users', 'Subscribed users', 'de-DE');
INSERT INTO OKM_TRANSLATION (TR_MODULE, TR_KEY, TR_TEXT, TR_LANGUAGE) VALUES ('frontend', 'folder.url', 'URL', 'de-DE');
INSERT INTO OKM_TRANSLATION (TR_MODULE, TR_KEY, TR_TEXT, TR_LANGUAGE) VALUES ('frontend', 'folder.webdav', 'WebDAV', 'de-DE');
INSERT INTO OKM_TRANSLATION (TR_MODULE, TR_KEY, TR_TEXT, TR_LANGUAGE) VALUES ('frontend', 'folder.number.folders', 'Folders', 'de-DE');
INSERT INTO OKM_TRANSLATION (TR_MODULE, TR_KEY, TR_TEXT, TR_LANGUAGE) VALUES ('frontend', 'folder.number.documents', 'Documents', 'de-DE');
INSERT INTO OKM_TRANSLATION (TR_MODULE, TR_KEY, TR_TEXT, TR_LANGUAGE) VALUES ('frontend', 'folder.number.mails', 'Mails', 'de-DE');
INSERT INTO OKM_TRANSLATION (TR_MODULE, TR_KEY, TR_TEXT, TR_LANGUAGE) VALUES ('frontend', 'version.name', 'Version', 'de-DE');
INSERT INTO OKM_TRANSLATION (TR_MODULE, TR_KEY, TR_TEXT, TR_LANGUAGE) VALUES ('frontend', 'version.created', 'Datum', 'de-DE');
INSERT INTO OKM_TRANSLATION (TR_MODULE, TR_KEY, TR_TEXT, TR_LANGUAGE) VALUES ('frontend', 'version.author', 'Autor', 'de-DE');
INSERT INTO OKM_TRANSLATION (TR_MODULE, TR_KEY, TR_TEXT, TR_LANGUAGE) VALUES ('frontend', 'version.size', 'Gre', 'de-DE');
INSERT INTO OKM_TRANSLATION (TR_MODULE, TR_KEY, TR_TEXT, TR_LANGUAGE) VALUES ('frontend', 'version.purge.document', 'Bereinige Historie', 'de-DE');
INSERT INTO OKM_TRANSLATION (TR_MODULE, TR_KEY, TR_TEXT, TR_LANGUAGE) VALUES ('frontend', 'version.comment', 'Comment', 'de-DE');
INSERT INTO OKM_TRANSLATION (TR_MODULE, TR_KEY, TR_TEXT, TR_LANGUAGE) VALUES ('frontend', 'security.label', 'Sicherheit', 'de-DE');
INSERT INTO OKM_TRANSLATION (TR_MODULE, TR_KEY, TR_TEXT, TR_LANGUAGE) VALUES ('frontend', 'security.group.name', 'Gruppe', 'de-DE');
INSERT INTO OKM_TRANSLATION (TR_MODULE, TR_KEY, TR_TEXT, TR_LANGUAGE) VALUES ('frontend', 'security.group.permission.read', 'Lesen', 'de-DE');
INSERT INTO OKM_TRANSLATION (TR_MODULE, TR_KEY, TR_TEXT, TR_LANGUAGE) VALUES ('frontend', 'security.group.permission.write', 'Schreiben', 'de-DE');
INSERT INTO OKM_TRANSLATION (TR_MODULE, TR_KEY, TR_TEXT, TR_LANGUAGE) VALUES ('frontend', 'security.group.permission.delete', 'Delete', 'de-DE');
INSERT INTO OKM_TRANSLATION (TR_MODULE, TR_KEY, TR_TEXT, TR_LANGUAGE) VALUES ('frontend', 'security.group.permission.security', 'Security', 'de-DE');
INSERT INTO OKM_TRANSLATION (TR_MODULE, TR_KEY, TR_TEXT, TR_LANGUAGE) VALUES ('frontend', 'security.user.name', 'Benutzer', 'de-DE');
INSERT INTO OKM_TRANSLATION (TR_MODULE, TR_KEY, TR_TEXT, TR_LANGUAGE) VALUES ('frontend', 'security.user.permission.read', 'Lesen', 'de-DE');
INSERT INTO OKM_TRANSLATION (TR_MODULE, TR_KEY, TR_TEXT, TR_LANGUAGE) VALUES ('frontend', 'security.user.permission.write', 'Schreiben', 'de-DE');
INSERT INTO OKM_TRANSLATION (TR_MODULE, TR_KEY, TR_TEXT, TR_LANGUAGE) VALUES ('frontend', 'security.user.permission.delete', 'Delete', 'de-DE');
INSERT INTO OKM_TRANSLATION (TR_MODULE, TR_KEY, TR_TEXT, TR_LANGUAGE) VALUES ('frontend', 'security.user.permission.security', 'Security', 'de-DE');
INSERT INTO OKM_TRANSLATION (TR_MODULE, TR_KEY, TR_TEXT, TR_LANGUAGE) VALUES ('frontend', 'security.users', 'Benutzer', 'de-DE');
INSERT INTO OKM_TRANSLATION (TR_MODULE, TR_KEY, TR_TEXT, TR_LANGUAGE) VALUES ('frontend', 'security.groups', 'Gruppen', 'de-DE');
INSERT INTO OKM_TRANSLATION (TR_MODULE, TR_KEY, TR_TEXT, TR_LANGUAGE) VALUES ('frontend', 'security.recursive', 'Rekursive nderung der Berechtigungen', 'de-DE');
INSERT INTO OKM_TRANSLATION (TR_MODULE, TR_KEY, TR_TEXT, TR_LANGUAGE) VALUES ('frontend', 'secutiry.filter.by.users', 'Users filter', 'de-DE');
INSERT INTO OKM_TRANSLATION (TR_MODULE, TR_KEY, TR_TEXT, TR_LANGUAGE) VALUES ('frontend', 'secutiry.filter.by.groups', 'Groups filter', 'de-DE');
INSERT INTO OKM_TRANSLATION (TR_MODULE, TR_KEY, TR_TEXT, TR_LANGUAGE) VALUES ('frontend', 'security.status.updating', 'Updating security', 'de-DE');
INSERT INTO OKM_TRANSLATION (TR_MODULE, TR_KEY, TR_TEXT, TR_LANGUAGE) VALUES ('frontend', 'preview.unavailable', 'Preview unavailable', 'de-DE');
INSERT INTO OKM_TRANSLATION (TR_MODULE, TR_KEY, TR_TEXT, TR_LANGUAGE) VALUES ('frontend', 'mail.from', 'From', 'de-DE');
INSERT INTO OKM_TRANSLATION (TR_MODULE, TR_KEY, TR_TEXT, TR_LANGUAGE) VALUES ('frontend', 'mail.reply', 'Reply to', 'de-DE');
INSERT INTO OKM_TRANSLATION (TR_MODULE, TR_KEY, TR_TEXT, TR_LANGUAGE) VALUES ('frontend', 'mail.to', 'To', 'de-DE');
INSERT INTO OKM_TRANSLATION (TR_MODULE, TR_KEY, TR_TEXT, TR_LANGUAGE) VALUES ('frontend', 'mail.subject', 'Subject', 'de-DE');
INSERT INTO OKM_TRANSLATION (TR_MODULE, TR_KEY, TR_TEXT, TR_LANGUAGE) VALUES ('frontend', 'mail.attachment', 'Attachments', 'de-DE');
INSERT INTO OKM_TRANSLATION (TR_MODULE, TR_KEY, TR_TEXT, TR_LANGUAGE) VALUES ('frontend', 'error.label', 'Es ist ein Fehler aufgetreten :-(', 'de-DE');
INSERT INTO OKM_TRANSLATION (TR_MODULE, TR_KEY, TR_TEXT, TR_LANGUAGE) VALUES ('frontend', 'error.invocation', 'Fehler beim Kommunizieren mit dem Server', 'de-DE');
INSERT INTO OKM_TRANSLATION (TR_MODULE, TR_KEY, TR_TEXT, TR_LANGUAGE) VALUES ('frontend', 'about.label', 'ber OpenKM', 'de-DE');
INSERT INTO OKM_TRANSLATION (TR_MODULE, TR_KEY, TR_TEXT, TR_LANGUAGE) VALUES ('frontend', 'about.loading', 'Lade ...', 'de-DE');
INSERT INTO OKM_TRANSLATION (TR_MODULE, TR_KEY, TR_TEXT, TR_LANGUAGE) VALUES ('frontend', 'logout.label', 'Beenden', 'de-DE');
INSERT INTO OKM_TRANSLATION (TR_MODULE, TR_KEY, TR_TEXT, TR_LANGUAGE) VALUES ('frontend', 'logout.closed', 'OpenKM wurde erfolgreich beendet', 'de-DE');
INSERT INTO OKM_TRANSLATION (TR_MODULE, TR_KEY, TR_TEXT, TR_LANGUAGE) VALUES ('frontend', 'logout.logout', 'Melde OpenKM ab,  bitte warten', 'de-DE');
INSERT INTO OKM_TRANSLATION (TR_MODULE, TR_KEY, TR_TEXT, TR_LANGUAGE) VALUES ('frontend', 'confirm.label', 'Besttigung', 'de-DE');
INSERT INTO OKM_TRANSLATION (TR_MODULE, TR_KEY, TR_TEXT, TR_LANGUAGE) VALUES ('frontend', 'confirm.delete.folder', 'Sind Sie sicher,  dass der Ordner gelscht werden soll?', 'de-DE');
INSERT INTO OKM_TRANSLATION (TR_MODULE, TR_KEY, TR_TEXT, TR_LANGUAGE) VALUES ('frontend', 'confirm.delete.document', 'Sind Sie sicher,  dass das Dokument gelscht werden soll?', 'de-DE');
INSERT INTO OKM_TRANSLATION (TR_MODULE, TR_KEY, TR_TEXT, TR_LANGUAGE) VALUES ('frontend', 'confirm.delete.trash', 'Sind Sie sicher, dass der Papierkob geleert werden soll?', 'de-DE');
INSERT INTO OKM_TRANSLATION (TR_MODULE, TR_KEY, TR_TEXT, TR_LANGUAGE) VALUES ('frontend', 'confirm.purge.folder', 'Sind Sie sicher,  dass der Ordner gelscht werden soll?', 'de-DE');
INSERT INTO OKM_TRANSLATION (TR_MODULE, TR_KEY, TR_TEXT, TR_LANGUAGE) VALUES ('frontend', 'confirm.purge.document', 'Sind Sie sicher,  dass das Dokument gelscht werden soll?', 'de-DE');
INSERT INTO OKM_TRANSLATION (TR_MODULE, TR_KEY, TR_TEXT, TR_LANGUAGE) VALUES ('frontend', 'confirm.delete.propety.group', 'Sind Sie sicher,  dass die Eigenschaftengruppe gelscht werden soll?', 'de-DE');
INSERT INTO OKM_TRANSLATION (TR_MODULE, TR_KEY, TR_TEXT, TR_LANGUAGE) VALUES ('frontend', 'confirm.purge.version.history.document', 'Sind Sie sicher,  dass das die Dokument Historie gelscht werden soll?', 'de-DE');
INSERT INTO OKM_TRANSLATION (TR_MODULE, TR_KEY, TR_TEXT, TR_LANGUAGE) VALUES ('frontend', 'confirm.purge.restore.document', 'Sind Sie sicher,  dass diese Dokument Version wiederhergestellt werden soll?', 'de-DE');
INSERT INTO OKM_TRANSLATION (TR_MODULE, TR_KEY, TR_TEXT, TR_LANGUAGE) VALUES ('frontend', 'confirm.set.default.home', 'Sind Sie sicher,  dass die Startseite eingestellt werden soll?', 'de-DE');
INSERT INTO OKM_TRANSLATION (TR_MODULE, TR_KEY, TR_TEXT, TR_LANGUAGE) VALUES ('frontend', 'confirm.delete.saved.search', ' Do you really want to delete saved search ?', 'de-DE');
INSERT INTO OKM_TRANSLATION (TR_MODULE, TR_KEY, TR_TEXT, TR_LANGUAGE) VALUES ('frontend', 'confirm.delete.user.news', ' Do you really want to delete user news ?', 'de-DE');
INSERT INTO OKM_TRANSLATION (TR_MODULE, TR_KEY, TR_TEXT, TR_LANGUAGE) VALUES ('frontend', 'confirm.delete.mail', ' Do you really want to delete mail ?', 'de-DE');
INSERT INTO OKM_TRANSLATION (TR_MODULE, TR_KEY, TR_TEXT, TR_LANGUAGE) VALUES ('frontend', 'confirm.get.pooled.workflow.task', ' Do you want to assign this task to you ?', 'de-DE');
INSERT INTO OKM_TRANSLATION (TR_MODULE, TR_KEY, TR_TEXT, TR_LANGUAGE) VALUES ('frontend', 'confirm.force.unlock', 'Are you sure you want to force the document unlock ?', 'de-DE');
INSERT INTO OKM_TRANSLATION (TR_MODULE, TR_KEY, TR_TEXT, TR_LANGUAGE) VALUES ('frontend', 'confirm.force.cancel.checkout', 'Are you sure you want to force the document cancel checkout ?', 'de-DE');
INSERT INTO OKM_TRANSLATION (TR_MODULE, TR_KEY, TR_TEXT, TR_LANGUAGE) VALUES ('frontend', 'search.context', 'Kontext', 'de-DE');
INSERT INTO OKM_TRANSLATION (TR_MODULE, TR_KEY, TR_TEXT, TR_LANGUAGE) VALUES ('frontend', 'search.content', 'Inhalt', 'de-DE');
INSERT INTO OKM_TRANSLATION (TR_MODULE, TR_KEY, TR_TEXT, TR_LANGUAGE) VALUES ('frontend', 'search.name', 'Name', 'de-DE');
INSERT INTO OKM_TRANSLATION (TR_MODULE, TR_KEY, TR_TEXT, TR_LANGUAGE) VALUES ('frontend', 'search.keywords', 'Schlsselwrter', 'de-DE');
INSERT INTO OKM_TRANSLATION (TR_MODULE, TR_KEY, TR_TEXT, TR_LANGUAGE) VALUES ('frontend', 'search.folder', 'Folder', 'de-DE');
INSERT INTO OKM_TRANSLATION (TR_MODULE, TR_KEY, TR_TEXT, TR_LANGUAGE) VALUES ('frontend', 'search.category', 'Category', 'de-DE');
INSERT INTO OKM_TRANSLATION (TR_MODULE, TR_KEY, TR_TEXT, TR_LANGUAGE) VALUES ('frontend', 'search.results', 'Ergebnisse', 'de-DE');
INSERT INTO OKM_TRANSLATION (TR_MODULE, TR_KEY, TR_TEXT, TR_LANGUAGE) VALUES ('frontend', 'search.to', 'bis', 'de-DE');
INSERT INTO OKM_TRANSLATION (TR_MODULE, TR_KEY, TR_TEXT, TR_LANGUAGE) VALUES ('frontend', 'search.page.results', 'Seitenergebnisse', 'de-DE');
INSERT INTO OKM_TRANSLATION (TR_MODULE, TR_KEY, TR_TEXT, TR_LANGUAGE) VALUES ('frontend', 'search.add.property.group', 'Eigenschaftengruppe hinzufgen', 'de-DE');
INSERT INTO OKM_TRANSLATION (TR_MODULE, TR_KEY, TR_TEXT, TR_LANGUAGE) VALUES ('frontend', 'search.mimetype', 'Mime type', 'de-DE');
INSERT INTO OKM_TRANSLATION (TR_MODULE, TR_KEY, TR_TEXT, TR_LANGUAGE) VALUES ('frontend', 'search.type', 'Type', 'de-DE');
INSERT INTO OKM_TRANSLATION (TR_MODULE, TR_KEY, TR_TEXT, TR_LANGUAGE) VALUES ('frontend', 'search.type.document', 'Document', 'de-DE');
INSERT INTO OKM_TRANSLATION (TR_MODULE, TR_KEY, TR_TEXT, TR_LANGUAGE) VALUES ('frontend', 'search.type.folder', 'Folder', 'de-DE');
INSERT INTO OKM_TRANSLATION (TR_MODULE, TR_KEY, TR_TEXT, TR_LANGUAGE) VALUES ('frontend', 'search.type.mail', 'Mail', 'de-DE');
INSERT INTO OKM_TRANSLATION (TR_MODULE, TR_KEY, TR_TEXT, TR_LANGUAGE) VALUES ('frontend', 'search.advanced', 'Erweiterte Suche', 'de-DE');
INSERT INTO OKM_TRANSLATION (TR_MODULE, TR_KEY, TR_TEXT, TR_LANGUAGE) VALUES ('frontend', 'search.user', 'Benutzer', 'de-DE');
INSERT INTO OKM_TRANSLATION (TR_MODULE, TR_KEY, TR_TEXT, TR_LANGUAGE) VALUES ('frontend', 'search.date.and', 'and', 'de-DE');
INSERT INTO OKM_TRANSLATION (TR_MODULE, TR_KEY, TR_TEXT, TR_LANGUAGE) VALUES ('frontend', 'search.date.range', 'Date range between', 'de-DE');
INSERT INTO OKM_TRANSLATION (TR_MODULE, TR_KEY, TR_TEXT, TR_LANGUAGE) VALUES ('frontend', 'search.save.as.news', 'Save as user news', 'de-DE');
INSERT INTO OKM_TRANSLATION (TR_MODULE, TR_KEY, TR_TEXT, TR_LANGUAGE) VALUES ('frontend', 'search.folder.filter', 'Filter by folder', 'de-DE');
INSERT INTO OKM_TRANSLATION (TR_MODULE, TR_KEY, TR_TEXT, TR_LANGUAGE) VALUES ('frontend', 'search.category.filter', 'Filter by category', 'de-DE');
INSERT INTO OKM_TRANSLATION (TR_MODULE, TR_KEY, TR_TEXT, TR_LANGUAGE) VALUES ('frontend', 'search.result.name', 'Name', 'de-DE');
INSERT INTO OKM_TRANSLATION (TR_MODULE, TR_KEY, TR_TEXT, TR_LANGUAGE) VALUES ('frontend', 'search.result.score', 'Wertung', 'de-DE');
INSERT INTO OKM_TRANSLATION (TR_MODULE, TR_KEY, TR_TEXT, TR_LANGUAGE) VALUES ('frontend', 'search.result.size', 'Gre', 'de-DE');
INSERT INTO OKM_TRANSLATION (TR_MODULE, TR_KEY, TR_TEXT, TR_LANGUAGE) VALUES ('frontend', 'search.result.date.update', 'nderungsdatum', 'de-DE');
INSERT INTO OKM_TRANSLATION (TR_MODULE, TR_KEY, TR_TEXT, TR_LANGUAGE) VALUES ('frontend', 'search.result.author', 'Autor', 'de-DE');
INSERT INTO OKM_TRANSLATION (TR_MODULE, TR_KEY, TR_TEXT, TR_LANGUAGE) VALUES ('frontend', 'search.result.version', 'Version', 'de-DE');
INSERT INTO OKM_TRANSLATION (TR_MODULE, TR_KEY, TR_TEXT, TR_LANGUAGE) VALUES ('frontend', 'search.result.path', 'Pfad', 'de-DE');
INSERT INTO OKM_TRANSLATION (TR_MODULE, TR_KEY, TR_TEXT, TR_LANGUAGE) VALUES ('frontend', 'search.result.menu.download', 'Download', 'de-DE');
INSERT INTO OKM_TRANSLATION (TR_MODULE, TR_KEY, TR_TEXT, TR_LANGUAGE) VALUES ('frontend', 'search.result.menu.go.folder', 'Zum Ordner springen', 'de-DE');
INSERT INTO OKM_TRANSLATION (TR_MODULE, TR_KEY, TR_TEXT, TR_LANGUAGE) VALUES ('frontend', 'search.result.menu.go.document', 'Go to document', 'de-DE');
INSERT INTO OKM_TRANSLATION (TR_MODULE, TR_KEY, TR_TEXT, TR_LANGUAGE) VALUES ('frontend', 'search.result.status.findPaginated', 'Aktualisiere Suche', 'de-DE');
INSERT INTO OKM_TRANSLATION (TR_MODULE, TR_KEY, TR_TEXT, TR_LANGUAGE) VALUES ('frontend', 'search.result.status.runsearch', 'Aktualisiere gespeicherte Suche', 'de-DE');
INSERT INTO OKM_TRANSLATION (TR_MODULE, TR_KEY, TR_TEXT, TR_LANGUAGE) VALUES ('frontend', 'search.saved.run', 'Start', 'de-DE');
INSERT INTO OKM_TRANSLATION (TR_MODULE, TR_KEY, TR_TEXT, TR_LANGUAGE) VALUES ('frontend', 'search.saved.delete', 'Lschen', 'de-DE');
INSERT INTO OKM_TRANSLATION (TR_MODULE, TR_KEY, TR_TEXT, TR_LANGUAGE) VALUES ('frontend', 'search.saved.status.getsearchs', 'Frische gespeicherte Suchen auf', 'de-DE');
INSERT INTO OKM_TRANSLATION (TR_MODULE, TR_KEY, TR_TEXT, TR_LANGUAGE) VALUES ('frontend', 'search.saved.status.savesearch', 'Aktualisiere gespeicherte Suchen', 'de-DE');
INSERT INTO OKM_TRANSLATION (TR_MODULE, TR_KEY, TR_TEXT, TR_LANGUAGE) VALUES ('frontend', 'search.saved.status.deletesearch', 'Lsche gespeicherte Suchen', 'de-DE');
INSERT INTO OKM_TRANSLATION (TR_MODULE, TR_KEY, TR_TEXT, TR_LANGUAGE) VALUES ('frontend', 'search.saved.status.getusernews', 'Refreshing user news', 'de-DE');
INSERT INTO OKM_TRANSLATION (TR_MODULE, TR_KEY, TR_TEXT, TR_LANGUAGE) VALUES ('frontend', 'button.close', 'Schlieen', 'de-DE');
INSERT INTO OKM_TRANSLATION (TR_MODULE, TR_KEY, TR_TEXT, TR_LANGUAGE) VALUES ('frontend', 'button.logout', 'Abmelden', 'de-DE');
INSERT INTO OKM_TRANSLATION (TR_MODULE, TR_KEY, TR_TEXT, TR_LANGUAGE) VALUES ('frontend', 'button.update', 'Bearbeiten', 'de-DE');
INSERT INTO OKM_TRANSLATION (TR_MODULE, TR_KEY, TR_TEXT, TR_LANGUAGE) VALUES ('frontend', 'button.cancel', 'Abbruch', 'de-DE');
INSERT INTO OKM_TRANSLATION (TR_MODULE, TR_KEY, TR_TEXT, TR_LANGUAGE) VALUES ('frontend', 'button.accept', 'O.K.', 'de-DE');
INSERT INTO OKM_TRANSLATION (TR_MODULE, TR_KEY, TR_TEXT, TR_LANGUAGE) VALUES ('frontend', 'button.restore', 'Wiederherstellen', 'de-DE');
INSERT INTO OKM_TRANSLATION (TR_MODULE, TR_KEY, TR_TEXT, TR_LANGUAGE) VALUES ('frontend', 'button.move', 'Verschieben', 'de-DE');
INSERT INTO OKM_TRANSLATION (TR_MODULE, TR_KEY, TR_TEXT, TR_LANGUAGE) VALUES ('frontend', 'button.change', 'Bearbeiten', 'de-DE');
INSERT INTO OKM_TRANSLATION (TR_MODULE, TR_KEY, TR_TEXT, TR_LANGUAGE) VALUES ('frontend', 'button.search', 'Suchen', 'de-DE');
INSERT INTO OKM_TRANSLATION (TR_MODULE, TR_KEY, TR_TEXT, TR_LANGUAGE) VALUES ('frontend', 'button.save.search', 'Suche speichern', 'de-DE');
INSERT INTO OKM_TRANSLATION (TR_MODULE, TR_KEY, TR_TEXT, TR_LANGUAGE) VALUES ('frontend', 'button.view', 'Ansicht', 'de-DE');
INSERT INTO OKM_TRANSLATION (TR_MODULE, TR_KEY, TR_TEXT, TR_LANGUAGE) VALUES ('frontend', 'button.clean', 'Zurcksetzen', 'de-DE');
INSERT INTO OKM_TRANSLATION (TR_MODULE, TR_KEY, TR_TEXT, TR_LANGUAGE) VALUES ('frontend', 'button.add', 'Hinzufgen', 'de-DE');
INSERT INTO OKM_TRANSLATION (TR_MODULE, TR_KEY, TR_TEXT, TR_LANGUAGE) VALUES ('frontend', 'button.delete', 'Lschen', 'de-DE');
INSERT INTO OKM_TRANSLATION (TR_MODULE, TR_KEY, TR_TEXT, TR_LANGUAGE) VALUES ('frontend', 'button.copy', 'Kopieren', 'de-DE');
INSERT INTO OKM_TRANSLATION (TR_MODULE, TR_KEY, TR_TEXT, TR_LANGUAGE) VALUES ('frontend', 'button.create', 'Erzeugen', 'de-DE');
INSERT INTO OKM_TRANSLATION (TR_MODULE, TR_KEY, TR_TEXT, TR_LANGUAGE) VALUES ('frontend', 'button.show', 'Anzeigen', 'de-DE');
INSERT INTO OKM_TRANSLATION (TR_MODULE, TR_KEY, TR_TEXT, TR_LANGUAGE) VALUES ('frontend', 'button.memory', 'Speichern', 'de-DE');
INSERT INTO OKM_TRANSLATION (TR_MODULE, TR_KEY, TR_TEXT, TR_LANGUAGE) VALUES ('frontend', 'button.copy.clipboard', 'Copy to clipboard ', 'de-DE');
INSERT INTO OKM_TRANSLATION (TR_MODULE, TR_KEY, TR_TEXT, TR_LANGUAGE) VALUES ('frontend', 'button.start', 'Start', 'de-DE');
INSERT INTO OKM_TRANSLATION (TR_MODULE, TR_KEY, TR_TEXT, TR_LANGUAGE) VALUES ('frontend', 'button.select', 'Select', 'de-DE');
INSERT INTO OKM_TRANSLATION (TR_MODULE, TR_KEY, TR_TEXT, TR_LANGUAGE) VALUES ('frontend', 'button.test', 'Test', 'de-DE');
INSERT INTO OKM_TRANSLATION (TR_MODULE, TR_KEY, TR_TEXT, TR_LANGUAGE) VALUES ('frontend', 'button.next', 'Next', 'de-DE');
INSERT INTO OKM_TRANSLATION (TR_MODULE, TR_KEY, TR_TEXT, TR_LANGUAGE) VALUES ('frontend', 'group.label', 'Gruppeneigenschaft hinzufgen', 'de-DE');
INSERT INTO OKM_TRANSLATION (TR_MODULE, TR_KEY, TR_TEXT, TR_LANGUAGE) VALUES ('frontend', 'group.group', 'Gruppe', 'de-DE');
INSERT INTO OKM_TRANSLATION (TR_MODULE, TR_KEY, TR_TEXT, TR_LANGUAGE) VALUES ('frontend', 'group.property.group', 'Eigenschaft', 'de-DE');
INSERT INTO OKM_TRANSLATION (TR_MODULE, TR_KEY, TR_TEXT, TR_LANGUAGE) VALUES ('frontend', 'bookmark.label', 'Lesezeichen hinzufgen', 'de-DE');
INSERT INTO OKM_TRANSLATION (TR_MODULE, TR_KEY, TR_TEXT, TR_LANGUAGE) VALUES ('frontend', 'bookmark.name', 'Name', 'de-DE');
INSERT INTO OKM_TRANSLATION (TR_MODULE, TR_KEY, TR_TEXT, TR_LANGUAGE) VALUES ('frontend', 'bookmark.edit.label', 'Lesezeichen bearbeiten', 'de-DE');
INSERT INTO OKM_TRANSLATION (TR_MODULE, TR_KEY, TR_TEXT, TR_LANGUAGE) VALUES ('frontend', 'bookmark.path', 'Pfad', 'de-DE');
INSERT INTO OKM_TRANSLATION (TR_MODULE, TR_KEY, TR_TEXT, TR_LANGUAGE) VALUES ('frontend', 'bookmark.type', 'Typ', 'de-DE');
INSERT INTO OKM_TRANSLATION (TR_MODULE, TR_KEY, TR_TEXT, TR_LANGUAGE) VALUES ('frontend', 'bookmark.type.document', 'Dokument', 'de-DE');
INSERT INTO OKM_TRANSLATION (TR_MODULE, TR_KEY, TR_TEXT, TR_LANGUAGE) VALUES ('frontend', 'bookmark.type.folder', 'Ordner', 'de-DE');
INSERT INTO OKM_TRANSLATION (TR_MODULE, TR_KEY, TR_TEXT, TR_LANGUAGE) VALUES ('frontend', 'notify.label', 'Sending document link', 'de-DE');
INSERT INTO OKM_TRANSLATION (TR_MODULE, TR_KEY, TR_TEXT, TR_LANGUAGE) VALUES ('frontend', 'notify.label.attachment', 'Send document attachment', 'de-DE');
INSERT INTO OKM_TRANSLATION (TR_MODULE, TR_KEY, TR_TEXT, TR_LANGUAGE) VALUES ('frontend', 'status.document.copied', 'Dokument zum Kopieren markiert', 'de-DE');
INSERT INTO OKM_TRANSLATION (TR_MODULE, TR_KEY, TR_TEXT, TR_LANGUAGE) VALUES ('frontend', 'status.document.cut', 'Dokument zum Ausschneiden markiert', 'de-DE');
INSERT INTO OKM_TRANSLATION (TR_MODULE, TR_KEY, TR_TEXT, TR_LANGUAGE) VALUES ('frontend', 'status.folder.copied', 'Ordner zum Kopieren markiert', 'de-DE');
INSERT INTO OKM_TRANSLATION (TR_MODULE, TR_KEY, TR_TEXT, TR_LANGUAGE) VALUES ('frontend', 'status.folder.cut', 'Ordner zum Ausschneiden markiert', 'de-DE');
INSERT INTO OKM_TRANSLATION (TR_MODULE, TR_KEY, TR_TEXT, TR_LANGUAGE) VALUES ('frontend', 'status.keep.alive.error', 'Verlust der Verbindung zum Server(Lebenszeichen)', 'de-DE');
INSERT INTO OKM_TRANSLATION (TR_MODULE, TR_KEY, TR_TEXT, TR_LANGUAGE) VALUES ('frontend', 'status.debug.enabled', 'Debug enabled', 'de-DE');
INSERT INTO OKM_TRANSLATION (TR_MODULE, TR_KEY, TR_TEXT, TR_LANGUAGE) VALUES ('frontend', 'status.debug.disabled', 'Debug disabled', 'de-DE');
INSERT INTO OKM_TRANSLATION (TR_MODULE, TR_KEY, TR_TEXT, TR_LANGUAGE) VALUES ('frontend', 'status.network.error.detected', 'Network error detected', 'de-DE');
INSERT INTO OKM_TRANSLATION (TR_MODULE, TR_KEY, TR_TEXT, TR_LANGUAGE) VALUES ('frontend', 'calendar.day.sunday', 'Sunday', 'de-DE');
INSERT INTO OKM_TRANSLATION (TR_MODULE, TR_KEY, TR_TEXT, TR_LANGUAGE) VALUES ('frontend', 'calendar.day.monday', 'Monday', 'de-DE');
INSERT INTO OKM_TRANSLATION (TR_MODULE, TR_KEY, TR_TEXT, TR_LANGUAGE) VALUES ('frontend', 'calendar.day.tuesday', 'Tuesday', 'de-DE');
INSERT INTO OKM_TRANSLATION (TR_MODULE, TR_KEY, TR_TEXT, TR_LANGUAGE) VALUES ('frontend', 'calendar.day.wednesday', 'Wednesday', 'de-DE');
INSERT INTO OKM_TRANSLATION (TR_MODULE, TR_KEY, TR_TEXT, TR_LANGUAGE) VALUES ('frontend', 'calendar.day.thursday', 'Thursday', 'de-DE');
INSERT INTO OKM_TRANSLATION (TR_MODULE, TR_KEY, TR_TEXT, TR_LANGUAGE) VALUES ('frontend', 'calendar.day.friday', 'Friday', 'de-DE');
INSERT INTO OKM_TRANSLATION (TR_MODULE, TR_KEY, TR_TEXT, TR_LANGUAGE) VALUES ('frontend', 'calendar.day.saturday', 'Saturday', 'de-DE');
INSERT INTO OKM_TRANSLATION (TR_MODULE, TR_KEY, TR_TEXT, TR_LANGUAGE) VALUES ('frontend', 'calendar.month.january', 'January', 'de-DE');
INSERT INTO OKM_TRANSLATION (TR_MODULE, TR_KEY, TR_TEXT, TR_LANGUAGE) VALUES ('frontend', 'calendar.month.february', 'February', 'de-DE');
INSERT INTO OKM_TRANSLATION (TR_MODULE, TR_KEY, TR_TEXT, TR_LANGUAGE) VALUES ('frontend', 'calendar.month.march', 'March', 'de-DE');
INSERT INTO OKM_TRANSLATION (TR_MODULE, TR_KEY, TR_TEXT, TR_LANGUAGE) VALUES ('frontend', 'calendar.month.april', 'April', 'de-DE');
INSERT INTO OKM_TRANSLATION (TR_MODULE, TR_KEY, TR_TEXT, TR_LANGUAGE) VALUES ('frontend', 'calendar.month.may', 'May', 'de-DE');
INSERT INTO OKM_TRANSLATION (TR_MODULE, TR_KEY, TR_TEXT, TR_LANGUAGE) VALUES ('frontend', 'calendar.month.june', 'June', 'de-DE');
INSERT INTO OKM_TRANSLATION (TR_MODULE, TR_KEY, TR_TEXT, TR_LANGUAGE) VALUES ('frontend', 'calendar.month.july', 'July', 'de-DE');
INSERT INTO OKM_TRANSLATION (TR_MODULE, TR_KEY, TR_TEXT, TR_LANGUAGE) VALUES ('frontend', 'calendar.month.august', 'August', 'de-DE');
INSERT INTO OKM_TRANSLATION (TR_MODULE, TR_KEY, TR_TEXT, TR_LANGUAGE) VALUES ('frontend', 'calendar.month.september', 'September', 'de-DE');
INSERT INTO OKM_TRANSLATION (TR_MODULE, TR_KEY, TR_TEXT, TR_LANGUAGE) VALUES ('frontend', 'calendar.month.october', 'October', 'de-DE');
INSERT INTO OKM_TRANSLATION (TR_MODULE, TR_KEY, TR_TEXT, TR_LANGUAGE) VALUES ('frontend', 'calendar.month.november', 'November', 'de-DE');
INSERT INTO OKM_TRANSLATION (TR_MODULE, TR_KEY, TR_TEXT, TR_LANGUAGE) VALUES ('frontend', 'calendar.month.december', 'December', 'de-DE');
INSERT INTO OKM_TRANSLATION (TR_MODULE, TR_KEY, TR_TEXT, TR_LANGUAGE) VALUES ('frontend', 'media.player.label', 'Media player', 'de-DE');
INSERT INTO OKM_TRANSLATION (TR_MODULE, TR_KEY, TR_TEXT, TR_LANGUAGE) VALUES ('frontend', 'image.viewer.label', 'Image viewer', 'de-DE');
INSERT INTO OKM_TRANSLATION (TR_MODULE, TR_KEY, TR_TEXT, TR_LANGUAGE) VALUES ('frontend', 'image.viewer.zoom.in', 'Zoom in', 'de-DE');
INSERT INTO OKM_TRANSLATION (TR_MODULE, TR_KEY, TR_TEXT, TR_LANGUAGE) VALUES ('frontend', 'image.viewer.zoom.out', 'Zoom out', 'de-DE');
INSERT INTO OKM_TRANSLATION (TR_MODULE, TR_KEY, TR_TEXT, TR_LANGUAGE) VALUES ('frontend', 'debug.console.label', 'Debug console', 'de-DE');
INSERT INTO OKM_TRANSLATION (TR_MODULE, TR_KEY, TR_TEXT, TR_LANGUAGE) VALUES ('frontend', 'debug.enable.disable', 'CTRL+Z to enable or disable debug mode', 'de-DE');
INSERT INTO OKM_TRANSLATION (TR_MODULE, TR_KEY, TR_TEXT, TR_LANGUAGE) VALUES ('frontend', 'dashboard.tab.general', 'General', 'de-DE');
INSERT INTO OKM_TRANSLATION (TR_MODULE, TR_KEY, TR_TEXT, TR_LANGUAGE) VALUES ('frontend', 'dashboard.tab.news', 'News', 'de-DE');
INSERT INTO OKM_TRANSLATION (TR_MODULE, TR_KEY, TR_TEXT, TR_LANGUAGE) VALUES ('frontend', 'dashboard.tab.user', 'User', 'de-DE');
INSERT INTO OKM_TRANSLATION (TR_MODULE, TR_KEY, TR_TEXT, TR_LANGUAGE) VALUES ('frontend', 'dashboard.tab.workflow', 'Workflow', 'de-DE');
INSERT INTO OKM_TRANSLATION (TR_MODULE, TR_KEY, TR_TEXT, TR_LANGUAGE) VALUES ('frontend', 'dashboard.tab.mail', 'Mail', 'de-DE');
INSERT INTO OKM_TRANSLATION (TR_MODULE, TR_KEY, TR_TEXT, TR_LANGUAGE) VALUES ('frontend', 'dashboard.tab.keymap', 'Keyword map', 'de-DE');
INSERT INTO OKM_TRANSLATION (TR_MODULE, TR_KEY, TR_TEXT, TR_LANGUAGE) VALUES ('frontend', 'dashboard.new.items', 'New', 'de-DE');
INSERT INTO OKM_TRANSLATION (TR_MODULE, TR_KEY, TR_TEXT, TR_LANGUAGE) VALUES ('frontend', 'dashboard.user.locked.documents', 'Locked documents', 'de-DE');
INSERT INTO OKM_TRANSLATION (TR_MODULE, TR_KEY, TR_TEXT, TR_LANGUAGE) VALUES ('frontend', 'dashboard.user.checkout.documents', 'Checkout documents', 'de-DE');
INSERT INTO OKM_TRANSLATION (TR_MODULE, TR_KEY, TR_TEXT, TR_LANGUAGE) VALUES ('frontend', 'dashboard.user.last.modified.documents', 'Last modified documents', 'de-DE');
INSERT INTO OKM_TRANSLATION (TR_MODULE, TR_KEY, TR_TEXT, TR_LANGUAGE) VALUES ('frontend', 'dashboard.user.last.downloaded.documents', 'Last downloaded documents', 'de-DE');
INSERT INTO OKM_TRANSLATION (TR_MODULE, TR_KEY, TR_TEXT, TR_LANGUAGE) VALUES ('frontend', 'dashboard.user.subscribed.documents', 'Subscribed documents', 'de-DE');
INSERT INTO OKM_TRANSLATION (TR_MODULE, TR_KEY, TR_TEXT, TR_LANGUAGE) VALUES ('frontend', 'dashboard.user.subscribed.folders', 'Subscribed folders', 'de-DE');
INSERT INTO OKM_TRANSLATION (TR_MODULE, TR_KEY, TR_TEXT, TR_LANGUAGE) VALUES ('frontend', 'dashboard.user.last.uploaded.documents', 'Last uploaded documents', 'de-DE');
INSERT INTO OKM_TRANSLATION (TR_MODULE, TR_KEY, TR_TEXT, TR_LANGUAGE) VALUES ('frontend', 'dashboard.general.last.week.top.downloaded.documents', 'Last week top viewed documents', 'de-DE');
INSERT INTO OKM_TRANSLATION (TR_MODULE, TR_KEY, TR_TEXT, TR_LANGUAGE) VALUES ('frontend', 'dashboard.general.last.month.top.downloaded.documents', 'Last month top viewed documents', 'de-DE');
INSERT INTO OKM_TRANSLATION (TR_MODULE, TR_KEY, TR_TEXT, TR_LANGUAGE) VALUES ('frontend', 'dashboard.general.last.week.top.modified.documents', 'Last week top modified documents', 'de-DE');
INSERT INTO OKM_TRANSLATION (TR_MODULE, TR_KEY, TR_TEXT, TR_LANGUAGE) VALUES ('frontend', 'dashboard.general.last.month.top.modified.documents', 'Last month top viewed documents', 'de-DE');
INSERT INTO OKM_TRANSLATION (TR_MODULE, TR_KEY, TR_TEXT, TR_LANGUAGE) VALUES ('frontend', 'dashboard.general.last.uploaded.documents', 'Last uploaded documents', 'de-DE');
INSERT INTO OKM_TRANSLATION (TR_MODULE, TR_KEY, TR_TEXT, TR_LANGUAGE) VALUES ('frontend', 'dashboard.workflow.pending.tasks', 'Pending tasks', 'de-DE');
INSERT INTO OKM_TRANSLATION (TR_MODULE, TR_KEY, TR_TEXT, TR_LANGUAGE) VALUES ('frontend', 'dashboard.workflow.pending.tasks.unassigned', 'Unassigned pending tasks', 'de-DE');
INSERT INTO OKM_TRANSLATION (TR_MODULE, TR_KEY, TR_TEXT, TR_LANGUAGE) VALUES ('frontend', 'dashboard.workflow.task', 'Task', 'de-DE');
INSERT INTO OKM_TRANSLATION (TR_MODULE, TR_KEY, TR_TEXT, TR_LANGUAGE) VALUES ('frontend', 'dashboard.workflow.task.id', 'ID', 'de-DE');
INSERT INTO OKM_TRANSLATION (TR_MODULE, TR_KEY, TR_TEXT, TR_LANGUAGE) VALUES ('frontend', 'dashboard.workflow.task.name', 'Name', 'de-DE');
INSERT INTO OKM_TRANSLATION (TR_MODULE, TR_KEY, TR_TEXT, TR_LANGUAGE) VALUES ('frontend', 'dashboard.workflow.task.created', 'Creation date', 'de-DE');
INSERT INTO OKM_TRANSLATION (TR_MODULE, TR_KEY, TR_TEXT, TR_LANGUAGE) VALUES ('frontend', 'dashboard.workflow.task.start', 'Start date', 'de-DE');
INSERT INTO OKM_TRANSLATION (TR_MODULE, TR_KEY, TR_TEXT, TR_LANGUAGE) VALUES ('frontend', 'dashboard.workflow.task.duedate', 'Due date', 'de-DE');
INSERT INTO OKM_TRANSLATION (TR_MODULE, TR_KEY, TR_TEXT, TR_LANGUAGE) VALUES ('frontend', 'dashboard.workflow.task.end', 'End date', 'de-DE');
INSERT INTO OKM_TRANSLATION (TR_MODULE, TR_KEY, TR_TEXT, TR_LANGUAGE) VALUES ('frontend', 'dashboard.workflow.task.description', 'Description', 'de-DE');
INSERT INTO OKM_TRANSLATION (TR_MODULE, TR_KEY, TR_TEXT, TR_LANGUAGE) VALUES ('frontend', 'dashboard.workflow.task.process.instance', 'Process instance', 'de-DE');
INSERT INTO OKM_TRANSLATION (TR_MODULE, TR_KEY, TR_TEXT, TR_LANGUAGE) VALUES ('frontend', 'dashboard.workflow.task.process.id', 'ID', 'de-DE');
INSERT INTO OKM_TRANSLATION (TR_MODULE, TR_KEY, TR_TEXT, TR_LANGUAGE) VALUES ('frontend', 'dashboard.workflow.task.process.version', 'Version', 'de-DE');
INSERT INTO OKM_TRANSLATION (TR_MODULE, TR_KEY, TR_TEXT, TR_LANGUAGE) VALUES ('frontend', 'dashboard.workflow.task.process.name', 'Name', 'de-DE');
INSERT INTO OKM_TRANSLATION (TR_MODULE, TR_KEY, TR_TEXT, TR_LANGUAGE) VALUES ('frontend', 'dashboard.workflow.task.process.description', 'Description', 'de-DE');
INSERT INTO OKM_TRANSLATION (TR_MODULE, TR_KEY, TR_TEXT, TR_LANGUAGE) VALUES ('frontend', 'dashboard.workflow.task.process.data', 'Data', 'de-DE');
INSERT INTO OKM_TRANSLATION (TR_MODULE, TR_KEY, TR_TEXT, TR_LANGUAGE) VALUES ('frontend', 'dashboard.workflow.comments', 'Comments', 'de-DE');
INSERT INTO OKM_TRANSLATION (TR_MODULE, TR_KEY, TR_TEXT, TR_LANGUAGE) VALUES ('frontend', 'dashboard.workflow.task.process.forms', 'Form', 'de-DE');
INSERT INTO OKM_TRANSLATION (TR_MODULE, TR_KEY, TR_TEXT, TR_LANGUAGE) VALUES ('frontend', 'dashboard.workflow.add.comment', 'Add comment', 'de-DE');
INSERT INTO OKM_TRANSLATION (TR_MODULE, TR_KEY, TR_TEXT, TR_LANGUAGE) VALUES ('frontend', 'dashboard.workflow.task.process.definition', 'Process definition', 'de-DE');
INSERT INTO OKM_TRANSLATION (TR_MODULE, TR_KEY, TR_TEXT, TR_LANGUAGE) VALUES ('frontend', 'dashboard.workflow.task.process.path', 'Path', 'de-DE');
INSERT INTO OKM_TRANSLATION (TR_MODULE, TR_KEY, TR_TEXT, TR_LANGUAGE) VALUES ('frontend', 'dashboard.refreshing', 'Refreshing', 'de-DE');
INSERT INTO OKM_TRANSLATION (TR_MODULE, TR_KEY, TR_TEXT, TR_LANGUAGE) VALUES ('frontend', 'dashboard.keyword', 'Keywords', 'de-DE');
INSERT INTO OKM_TRANSLATION (TR_MODULE, TR_KEY, TR_TEXT, TR_LANGUAGE) VALUES ('frontend', 'dashboard.keyword.suggest', 'Type the keyword', 'de-DE');
INSERT INTO OKM_TRANSLATION (TR_MODULE, TR_KEY, TR_TEXT, TR_LANGUAGE) VALUES ('frontend', 'dashboard.keyword.all', 'All keywords', 'de-DE');
INSERT INTO OKM_TRANSLATION (TR_MODULE, TR_KEY, TR_TEXT, TR_LANGUAGE) VALUES ('frontend', 'dashboard.keyword.top', 'Top keywords', 'de-DE');
INSERT INTO OKM_TRANSLATION (TR_MODULE, TR_KEY, TR_TEXT, TR_LANGUAGE) VALUES ('frontend', 'dashboard.keyword.related', 'Related keywords', 'de-DE');
INSERT INTO OKM_TRANSLATION (TR_MODULE, TR_KEY, TR_TEXT, TR_LANGUAGE) VALUES ('frontend', 'dashboard.keyword.goto.document', 'Go to document', 'de-DE');
INSERT INTO OKM_TRANSLATION (TR_MODULE, TR_KEY, TR_TEXT, TR_LANGUAGE) VALUES ('frontend', 'dashboard.keyword.clean.keywords', 'Clean keywords', 'de-DE');
INSERT INTO OKM_TRANSLATION (TR_MODULE, TR_KEY, TR_TEXT, TR_LANGUAGE) VALUES ('frontend', 'dashboard.mail.last.imported.mails', 'Electronic mails', 'de-DE');
INSERT INTO OKM_TRANSLATION (TR_MODULE, TR_KEY, TR_TEXT, TR_LANGUAGE) VALUES ('frontend', 'dashboard.mail.last.imported.attached.documents', 'Attachments', 'de-DE');
INSERT INTO OKM_TRANSLATION (TR_MODULE, TR_KEY, TR_TEXT, TR_LANGUAGE) VALUES ('frontend', 'workflow.label', 'Start workflow', 'de-DE');
INSERT INTO OKM_TRANSLATION (TR_MODULE, TR_KEY, TR_TEXT, TR_LANGUAGE) VALUES ('frontend', 'user.preferences.label', 'User configuration', 'de-DE');
INSERT INTO OKM_TRANSLATION (TR_MODULE, TR_KEY, TR_TEXT, TR_LANGUAGE) VALUES ('frontend', 'user.preferences.user', 'User', 'de-DE');
INSERT INTO OKM_TRANSLATION (TR_MODULE, TR_KEY, TR_TEXT, TR_LANGUAGE) VALUES ('frontend', 'user.preferences.password', 'Password', 'de-DE');
INSERT INTO OKM_TRANSLATION (TR_MODULE, TR_KEY, TR_TEXT, TR_LANGUAGE) VALUES ('frontend', 'user.preferences.mail', 'E-mail', 'de-DE');
INSERT INTO OKM_TRANSLATION (TR_MODULE, TR_KEY, TR_TEXT, TR_LANGUAGE) VALUES ('frontend', 'user.preferences.roles', 'Roles', 'de-DE');
INSERT INTO OKM_TRANSLATION (TR_MODULE, TR_KEY, TR_TEXT, TR_LANGUAGE) VALUES ('frontend', 'user.preferences.imap.host', 'IMAP server', 'de-DE');
INSERT INTO OKM_TRANSLATION (TR_MODULE, TR_KEY, TR_TEXT, TR_LANGUAGE) VALUES ('frontend', 'user.preferences.imap.user', 'IMAP user name', 'de-DE');
INSERT INTO OKM_TRANSLATION (TR_MODULE, TR_KEY, TR_TEXT, TR_LANGUAGE) VALUES ('frontend', 'user.preferences.imap.user.password', 'IMAP user password', 'de-DE');
INSERT INTO OKM_TRANSLATION (TR_MODULE, TR_KEY, TR_TEXT, TR_LANGUAGE) VALUES ('frontend', 'user.preferences.imap.folder', 'IMAP folder', 'de-DE');
INSERT INTO OKM_TRANSLATION (TR_MODULE, TR_KEY, TR_TEXT, TR_LANGUAGE) VALUES ('frontend', 'user.preferences.password.error', 'Error: passwords are diferent', 'de-DE');
INSERT INTO OKM_TRANSLATION (TR_MODULE, TR_KEY, TR_TEXT, TR_LANGUAGE) VALUES ('frontend', 'user.preferences.user.data', 'User account', 'de-DE');
INSERT INTO OKM_TRANSLATION (TR_MODULE, TR_KEY, TR_TEXT, TR_LANGUAGE) VALUES ('frontend', 'user.preferences.mail.data', 'Mail account', 'de-DE');
INSERT INTO OKM_TRANSLATION (TR_MODULE, TR_KEY, TR_TEXT, TR_LANGUAGE) VALUES ('frontend', 'user.preferences.imap.error', 'All fields are obligatory to set the mail configurations', 'de-DE');
INSERT INTO OKM_TRANSLATION (TR_MODULE, TR_KEY, TR_TEXT, TR_LANGUAGE) VALUES ('frontend', 'user.preferences.imap.password.error.void', 'Password must not be empty on IMAP mail creation', 'de-DE');
INSERT INTO OKM_TRANSLATION (TR_MODULE, TR_KEY, TR_TEXT, TR_LANGUAGE) VALUES ('frontend', 'user.preferences.imap.test.error', 'IMAP configuration error', 'de-DE');
INSERT INTO OKM_TRANSLATION (TR_MODULE, TR_KEY, TR_TEXT, TR_LANGUAGE) VALUES ('frontend', 'user.preferences.imap.test.ok', 'IMAP configuration ok', 'de-DE');
INSERT INTO OKM_TRANSLATION (TR_MODULE, TR_KEY, TR_TEXT, TR_LANGUAGE) VALUES ('frontend', 'thesaurus.directory.select.label', 'Add thesaurus keyword', 'de-DE');
INSERT INTO OKM_TRANSLATION (TR_MODULE, TR_KEY, TR_TEXT, TR_LANGUAGE) VALUES ('frontend', 'thesaurus.tab.tree', 'Tree', 'de-DE');
INSERT INTO OKM_TRANSLATION (TR_MODULE, TR_KEY, TR_TEXT, TR_LANGUAGE) VALUES ('frontend', 'thesaurus.tab.keywords', 'Keywords', 'de-DE');
INSERT INTO OKM_TRANSLATION (TR_MODULE, TR_KEY, TR_TEXT, TR_LANGUAGE) VALUES ('frontend', 'categories.folder.select.label', 'Add category', 'de-DE');
INSERT INTO OKM_TRANSLATION (TR_MODULE, TR_KEY, TR_TEXT, TR_LANGUAGE) VALUES ('frontend', 'categories.folder.error.delete', 'Cannot delete category with documents', 'de-DE');
INSERT INTO OKM_TRANSLATION (TR_MODULE, TR_KEY, TR_TEXT, TR_LANGUAGE) VALUES ('frontend', 'wizard.document.uploading', 'Document wizard', 'de-DE');
INSERT INTO OKM_TRANSLATION (TR_MODULE, TR_KEY, TR_TEXT, TR_LANGUAGE) VALUES ('frontend', 'user.info.chat.connect', 'Connect to chat', 'de-DE');
INSERT INTO OKM_TRANSLATION (TR_MODULE, TR_KEY, TR_TEXT, TR_LANGUAGE) VALUES ('frontend', 'user.info.chat.disconnect', 'Disconnet chat', 'de-DE');
INSERT INTO OKM_TRANSLATION (TR_MODULE, TR_KEY, TR_TEXT, TR_LANGUAGE) VALUES ('frontend', 'user.info.chat.new.room', 'Net chat room', 'de-DE');
INSERT INTO OKM_TRANSLATION (TR_MODULE, TR_KEY, TR_TEXT, TR_LANGUAGE) VALUES ('frontend', 'user.info.locked.actual', 'Locked documents', 'de-DE');
INSERT INTO OKM_TRANSLATION (TR_MODULE, TR_KEY, TR_TEXT, TR_LANGUAGE) VALUES ('frontend', 'user.info.checkout.actual', 'Checkout documents', 'de-DE');
INSERT INTO OKM_TRANSLATION (TR_MODULE, TR_KEY, TR_TEXT, TR_LANGUAGE) VALUES ('frontend', 'user.info.subscription.actual', 'Actual subscriptions', 'de-DE');
INSERT INTO OKM_TRANSLATION (TR_MODULE, TR_KEY, TR_TEXT, TR_LANGUAGE) VALUES ('frontend', 'user.info.news.new', 'News', 'de-DE');
INSERT INTO OKM_TRANSLATION (TR_MODULE, TR_KEY, TR_TEXT, TR_LANGUAGE) VALUES ('frontend', 'user.info.workflow.pending', 'Pending workflows', 'de-DE');
INSERT INTO OKM_TRANSLATION (TR_MODULE, TR_KEY, TR_TEXT, TR_LANGUAGE) VALUES ('frontend', 'user.info.user.quota', 'Used quota', 'de-DE');
INSERT INTO OKM_TRANSLATION (TR_MODULE, TR_KEY, TR_TEXT, TR_LANGUAGE) VALUES ('frontend', 'user.online', 'Users online', 'de-DE');
INSERT INTO OKM_TRANSLATION (TR_MODULE, TR_KEY, TR_TEXT, TR_LANGUAGE) VALUES ('frontend', 'chat.room', 'Chat', 'de-DE');
INSERT INTO OKM_TRANSLATION (TR_MODULE, TR_KEY, TR_TEXT, TR_LANGUAGE) VALUES ('frontend', 'chat.users.in.room', 'Users', 'de-DE');
INSERT INTO OKM_TRANSLATION (TR_MODULE, TR_KEY, TR_TEXT, TR_LANGUAGE) VALUES ('frontend', 'OKM-017009', 'Zugriff auf Dokument verweigert', 'de-DE');
INSERT INTO OKM_TRANSLATION (TR_MODULE, TR_KEY, TR_TEXT, TR_LANGUAGE) VALUES ('frontend', 'OKM-017004', 'Dokument sperren verweigert', 'de-DE');
INSERT INTO OKM_TRANSLATION (TR_MODULE, TR_KEY, TR_TEXT, TR_LANGUAGE) VALUES ('frontend', 'OKM-017001', 'Interner Repositoriefehler', 'de-DE');
INSERT INTO OKM_TRANSLATION (TR_MODULE, TR_KEY, TR_TEXT, TR_LANGUAGE) VALUES ('frontend', 'OKM-017015', 'Dokumentpfad nicht gefunden', 'de-DE');
INSERT INTO OKM_TRANSLATION (TR_MODULE, TR_KEY, TR_TEXT, TR_LANGUAGE) VALUES ('frontend', 'OKM-017016', 'Version error', 'de-DE');
INSERT INTO OKM_TRANSLATION (TR_MODULE, TR_KEY, TR_TEXT, TR_LANGUAGE) VALUES ('frontend', 'OKM-002009', 'Zugriff auf Dokument verweigert', 'de-DE');
INSERT INTO OKM_TRANSLATION (TR_MODULE, TR_KEY, TR_TEXT, TR_LANGUAGE) VALUES ('frontend', 'OKM-002002', 'Dokument nicht gefunden', 'de-DE');
INSERT INTO OKM_TRANSLATION (TR_MODULE, TR_KEY, TR_TEXT, TR_LANGUAGE) VALUES ('frontend', 'OKM-002003', 'Dokument existiert bereits', 'de-DE');
INSERT INTO OKM_TRANSLATION (TR_MODULE, TR_KEY, TR_TEXT, TR_LANGUAGE) VALUES ('frontend', 'OKM-002004', 'Dokument sperren verweigert', 'de-DE');
INSERT INTO OKM_TRANSLATION (TR_MODULE, TR_KEY, TR_TEXT, TR_LANGUAGE) VALUES ('frontend', 'OKM-002004', 'Dokument Entsperen gewnscht', 'de-DE');
INSERT INTO OKM_TRANSLATION (TR_MODULE, TR_KEY, TR_TEXT, TR_LANGUAGE) VALUES ('frontend', 'OKM-002001', 'Interner Repositoriefehler', 'de-DE');
INSERT INTO OKM_TRANSLATION (TR_MODULE, TR_KEY, TR_TEXT, TR_LANGUAGE) VALUES ('frontend', 'OKM-002006', 'Interner Anwendungsfehler', 'de-DE');
INSERT INTO OKM_TRANSLATION (TR_MODULE, TR_KEY, TR_TEXT, TR_LANGUAGE) VALUES ('frontend', 'OKM-002015', 'Dokumentpfad nicht gefunden', 'de-DE');
INSERT INTO OKM_TRANSLATION (TR_MODULE, TR_KEY, TR_TEXT, TR_LANGUAGE) VALUES ('frontend', 'OKM-002024', 'Database error', 'de-DE');
INSERT INTO OKM_TRANSLATION (TR_MODULE, TR_KEY, TR_TEXT, TR_LANGUAGE) VALUES ('frontend', 'OKM-001009', 'Zugriff auf Ordner verweigert', 'de-DE');
INSERT INTO OKM_TRANSLATION (TR_MODULE, TR_KEY, TR_TEXT, TR_LANGUAGE) VALUES ('frontend', 'OKM-001002', 'Ordner nicht gefunden', 'de-DE');
INSERT INTO OKM_TRANSLATION (TR_MODULE, TR_KEY, TR_TEXT, TR_LANGUAGE) VALUES ('frontend', 'OKM-001003', 'Ordner existiert bereits', 'de-DE');
INSERT INTO OKM_TRANSLATION (TR_MODULE, TR_KEY, TR_TEXT, TR_LANGUAGE) VALUES ('frontend', 'OKM-001001', 'Interner Repositoriefehler', 'de-DE');
INSERT INTO OKM_TRANSLATION (TR_MODULE, TR_KEY, TR_TEXT, TR_LANGUAGE) VALUES ('frontend', 'OKM-001006', 'Interner Anwendungsfehler', 'de-DE');
INSERT INTO OKM_TRANSLATION (TR_MODULE, TR_KEY, TR_TEXT, TR_LANGUAGE) VALUES ('frontend', 'OKM-001015', 'Ordnerpfad nicht gefunden', 'de-DE');
INSERT INTO OKM_TRANSLATION (TR_MODULE, TR_KEY, TR_TEXT, TR_LANGUAGE) VALUES ('frontend', 'OKM-001024', 'Database error', 'de-DE');
INSERT INTO OKM_TRANSLATION (TR_MODULE, TR_KEY, TR_TEXT, TR_LANGUAGE) VALUES ('frontend', 'OKM-007009', 'Zugriff auf Element verweigert', 'de-DE');
INSERT INTO OKM_TRANSLATION (TR_MODULE, TR_KEY, TR_TEXT, TR_LANGUAGE) VALUES ('frontend', 'OKM-007002', 'Element nicht gefunden', 'de-DE');
INSERT INTO OKM_TRANSLATION (TR_MODULE, TR_KEY, TR_TEXT, TR_LANGUAGE) VALUES ('frontend', 'OKM-007001', 'Interner Repositoriefehler', 'de-DE');
INSERT INTO OKM_TRANSLATION (TR_MODULE, TR_KEY, TR_TEXT, TR_LANGUAGE) VALUES ('frontend', 'OKM-007006', 'Interner Anwendungsfehler ', 'de-DE');
INSERT INTO OKM_TRANSLATION (TR_MODULE, TR_KEY, TR_TEXT, TR_LANGUAGE) VALUES ('frontend', 'OKM-007024', 'Database error', 'de-DE');
INSERT INTO OKM_TRANSLATION (TR_MODULE, TR_KEY, TR_TEXT, TR_LANGUAGE) VALUES ('frontend', 'OKM-009002', 'Dokument nicht gefunden', 'de-DE');
INSERT INTO OKM_TRANSLATION (TR_MODULE, TR_KEY, TR_TEXT, TR_LANGUAGE) VALUES ('frontend', 'OKM-009006', 'Interner Anwendungsfehler', 'de-DE');
INSERT INTO OKM_TRANSLATION (TR_MODULE, TR_KEY, TR_TEXT, TR_LANGUAGE) VALUES ('frontend', 'OKM-005010', 'Nicht untersttztes Dateiformat', 'de-DE');
INSERT INTO OKM_TRANSLATION (TR_MODULE, TR_KEY, TR_TEXT, TR_LANGUAGE) VALUES ('frontend', 'OKM-005003', 'Dokument existiert bereits', 'de-DE');
INSERT INTO OKM_TRANSLATION (TR_MODULE, TR_KEY, TR_TEXT, TR_LANGUAGE) VALUES ('frontend', 'OKM-005011', 'zulssige maximale Dokumentgre berschritten', 'de-DE');
INSERT INTO OKM_TRANSLATION (TR_MODULE, TR_KEY, TR_TEXT, TR_LANGUAGE) VALUES ('frontend', 'OKM-005027', 'Document name is diferent', 'de-DE');
INSERT INTO OKM_TRANSLATION (TR_MODULE, TR_KEY, TR_TEXT, TR_LANGUAGE) VALUES ('frontend', 'OKM-004001', 'Sitzung geschlossen', 'de-DE');
INSERT INTO OKM_TRANSLATION (TR_MODULE, TR_KEY, TR_TEXT, TR_LANGUAGE) VALUES ('frontend', 'OKM-004024', 'Database error', 'de-DE');
INSERT INTO OKM_TRANSLATION (TR_MODULE, TR_KEY, TR_TEXT, TR_LANGUAGE) VALUES ('frontend', 'OKM-008001', 'Generic error executing query', 'de-DE');
INSERT INTO OKM_TRANSLATION (TR_MODULE, TR_KEY, TR_TEXT, TR_LANGUAGE) VALUES ('frontend', 'OKM-008003', 'Der Name der gespeicherten Suche mu eindeutig sein.', 'de-DE');
INSERT INTO OKM_TRANSLATION (TR_MODULE, TR_KEY, TR_TEXT, TR_LANGUAGE) VALUES ('frontend', 'OKM-008024', 'Database error', 'de-DE');
INSERT INTO OKM_TRANSLATION (TR_MODULE, TR_KEY, TR_TEXT, TR_LANGUAGE) VALUES ('frontend', 'OKM-011003', 'Der Name des Lesezeichens mu eindeutig sein.', 'de-DE');
INSERT INTO OKM_TRANSLATION (TR_MODULE, TR_KEY, TR_TEXT, TR_LANGUAGE) VALUES ('frontend', 'OKM-003017', 'Session lost', 'de-DE');
INSERT INTO OKM_TRANSLATION (TR_MODULE, TR_KEY, TR_TEXT, TR_LANGUAGE) VALUES ('frontend', 'OKM-013001', 'Interner Repositoriefehler', 'de-DE');
INSERT INTO OKM_TRANSLATION (TR_MODULE, TR_KEY, TR_TEXT, TR_LANGUAGE) VALUES ('frontend', 'OKM-013024', 'Database error', 'de-DE');
INSERT INTO OKM_TRANSLATION (TR_MODULE, TR_KEY, TR_TEXT, TR_LANGUAGE) VALUES ('frontend', 'OKM-014001', 'Interner Repositoriefehler', 'de-DE');
INSERT INTO OKM_TRANSLATION (TR_MODULE, TR_KEY, TR_TEXT, TR_LANGUAGE) VALUES ('frontend', 'OKM-014013', 'Error on I/O', 'de-DE');
INSERT INTO OKM_TRANSLATION (TR_MODULE, TR_KEY, TR_TEXT, TR_LANGUAGE) VALUES ('frontend', 'OKM-015001', 'Interner Repositoriefehler', 'de-DE');
INSERT INTO OKM_TRANSLATION (TR_MODULE, TR_KEY, TR_TEXT, TR_LANGUAGE) VALUES ('frontend', 'OKM-015024', 'Database error', 'de-DE');
INSERT INTO OKM_TRANSLATION (TR_MODULE, TR_KEY, TR_TEXT, TR_LANGUAGE) VALUES ('frontend', 'OKM-018022', 'Error in browser configuration', 'de-DE');
INSERT INTO OKM_TRANSLATION (TR_MODULE, TR_KEY, TR_TEXT, TR_LANGUAGE) VALUES ('frontend', 'OKM-018023', 'Error user quota exceed,  contact with adminitrator ', 'de-DE');
INSERT INTO OKM_TRANSLATION (TR_MODULE, TR_KEY, TR_TEXT, TR_LANGUAGE) VALUES ('frontend', 'OKM-016009', 'Document access denied', 'de-DE');
INSERT INTO OKM_TRANSLATION (TR_MODULE, TR_KEY, TR_TEXT, TR_LANGUAGE) VALUES ('frontend', 'OKM-016002', 'Document not found', 'de-DE');
INSERT INTO OKM_TRANSLATION (TR_MODULE, TR_KEY, TR_TEXT, TR_LANGUAGE) VALUES ('frontend', 'OKM-016003', 'Document already exists', 'de-DE');
INSERT INTO OKM_TRANSLATION (TR_MODULE, TR_KEY, TR_TEXT, TR_LANGUAGE) VALUES ('frontend', 'OKM-016004', 'Document lock denied', 'de-DE');
INSERT INTO OKM_TRANSLATION (TR_MODULE, TR_KEY, TR_TEXT, TR_LANGUAGE) VALUES ('frontend', 'OKM-016001', 'Repository internal error', 'de-DE');
INSERT INTO OKM_TRANSLATION (TR_MODULE, TR_KEY, TR_TEXT, TR_LANGUAGE) VALUES ('frontend', 'OKM-016006', 'Application internal error', 'de-DE');
INSERT INTO OKM_TRANSLATION (TR_MODULE, TR_KEY, TR_TEXT, TR_LANGUAGE) VALUES ('frontend', 'OKM-016015', 'Document path not found', 'de-DE');
INSERT INTO OKM_TRANSLATION (TR_MODULE, TR_KEY, TR_TEXT, TR_LANGUAGE) VALUES ('frontend', 'OKM-016024', 'Database error', 'de-DE');
INSERT INTO OKM_TRANSLATION (TR_MODULE, TR_KEY, TR_TEXT, TR_LANGUAGE) VALUES ('frontend', 'OKM-010015', 'Path not found', 'de-DE');
INSERT INTO OKM_TRANSLATION (TR_MODULE, TR_KEY, TR_TEXT, TR_LANGUAGE) VALUES ('frontend', 'OKM-010009', 'Access denied', 'de-DE');
INSERT INTO OKM_TRANSLATION (TR_MODULE, TR_KEY, TR_TEXT, TR_LANGUAGE) VALUES ('frontend', 'OKM-010001', 'Repository internal error', 'de-DE');
INSERT INTO OKM_TRANSLATION (TR_MODULE, TR_KEY, TR_TEXT, TR_LANGUAGE) VALUES ('frontend', 'OKM-010024', 'Database error', 'de-DE');
INSERT INTO OKM_TRANSLATION (TR_MODULE, TR_KEY, TR_TEXT, TR_LANGUAGE) VALUES ('frontend', 'OKM-010006', 'Application internal error ', 'de-DE');
INSERT INTO OKM_TRANSLATION (TR_MODULE, TR_KEY, TR_TEXT, TR_LANGUAGE) VALUES ('frontend', 'OKM-009004', 'Locked', 'de-DE');
INSERT INTO OKM_TRANSLATION (TR_MODULE, TR_KEY, TR_TEXT, TR_LANGUAGE) VALUES ('frontend', 'OKM-009015', 'Path not exist', 'de-DE');
INSERT INTO OKM_TRANSLATION (TR_MODULE, TR_KEY, TR_TEXT, TR_LANGUAGE) VALUES ('frontend', 'OKM-009009', 'Access denied', 'de-DE');
INSERT INTO OKM_TRANSLATION (TR_MODULE, TR_KEY, TR_TEXT, TR_LANGUAGE) VALUES ('frontend', 'OKM-009001', 'Repository internal error', 'de-DE');
INSERT INTO OKM_TRANSLATION (TR_MODULE, TR_KEY, TR_TEXT, TR_LANGUAGE) VALUES ('frontend', 'OKM-009024', 'Database error', 'de-DE');
INSERT INTO OKM_TRANSLATION (TR_MODULE, TR_KEY, TR_TEXT, TR_LANGUAGE) VALUES ('frontend', 'OKM-009006', 'Application internal error', 'de-DE');
INSERT INTO OKM_TRANSLATION (TR_MODULE, TR_KEY, TR_TEXT, TR_LANGUAGE) VALUES ('frontend', 'OKM-009012', 'Group not exists', 'de-DE');
INSERT INTO OKM_TRANSLATION (TR_MODULE, TR_KEY, TR_TEXT, TR_LANGUAGE) VALUES ('frontend', 'OKM-009014', 'Property not exists', 'de-DE');
INSERT INTO OKM_TRANSLATION (TR_MODULE, TR_KEY, TR_TEXT, TR_LANGUAGE) VALUES ('frontend', 'OKM-009013', 'Error on I/O', 'de-DE');
INSERT INTO OKM_TRANSLATION (TR_MODULE, TR_KEY, TR_TEXT, TR_LANGUAGE) VALUES ('frontend', 'OKM-012001', 'Repository internal error', 'de-DE');
INSERT INTO OKM_TRANSLATION (TR_MODULE, TR_KEY, TR_TEXT, TR_LANGUAGE) VALUES ('frontend', 'OKM-012006', 'Application internal error', 'de-DE');
INSERT INTO OKM_TRANSLATION (TR_MODULE, TR_KEY, TR_TEXT, TR_LANGUAGE) VALUES ('frontend', 'OKM-012015', 'Path not exist', 'de-DE');
INSERT INTO OKM_TRANSLATION (TR_MODULE, TR_KEY, TR_TEXT, TR_LANGUAGE) VALUES ('frontend', 'OKM-012024', 'Database error', 'de-DE');
INSERT INTO OKM_TRANSLATION (TR_MODULE, TR_KEY, TR_TEXT, TR_LANGUAGE) VALUES ('frontend', 'OKM-012009', 'Access denied', 'de-DE');
INSERT INTO OKM_TRANSLATION (TR_MODULE, TR_KEY, TR_TEXT, TR_LANGUAGE) VALUES ('frontend', 'OKM-019001', 'Repository internal error', 'de-DE');
INSERT INTO OKM_TRANSLATION (TR_MODULE, TR_KEY, TR_TEXT, TR_LANGUAGE) VALUES ('frontend', 'OKM-019006', 'Application internal error', 'de-DE');
INSERT INTO OKM_TRANSLATION (TR_MODULE, TR_KEY, TR_TEXT, TR_LANGUAGE) VALUES ('frontend', 'OKM-019024', 'Database error', 'de-DE');
INSERT INTO OKM_LANGUAGE (LG_ID, LG_NAME, LG_IMAGE_CONTENT, LG_IMAGE_MIME) VALUES ('nl-BE', 'Dutch', 'R0lGODlhEAALANUAAAABdP7+/jRusgAhj/picxZYp/UAAPLy8vr6+vj4+Pb29v56iVqKw/1da0V7ujpytSpmrusAAGSSx/pCUftUZP11gwAAR/96hgAAWe7v7yFgq0J3tw1Rokt/vAAAPFCCv1SFwS9qrtHR0fk8Tf6CkdXV1ftqevcxQvg3Rz52uPxMWvVWavZabv8VMflXaP5ZZ3eezv6XpC5qsvYsPPv7+/pQX/5/j/htfvlIV/T19fxwgPX19fz8/P0AAPT09P8AACH5BAAAAAAALAAAAAAQAAsAAAaFwJ/w1ysWDUhkJPJbLC6Vis5kIhAaLkqNeWk0XloVbjJCnWa4SCtGsjmltyqBtbpFDoE8j0dDIBIJCjs+OyUZenx+gII+Bzkih3t9f4GDBwc+IgMwDCAfHQ4bDwIhEBAaGxYAEg4pozKnGgUFHBwhHqsMnZ+hrgKkELgAwxjFxRbIHsoeQQA7', 'image/gif');
INSERT INTO OKM_TRANSLATION (TR_MODULE, TR_KEY, TR_TEXT, TR_LANGUAGE) VALUES ('frontend', 'general.date.pattern', 'dd/MM/yyyy hh:mm:ss', 'nl-BE');
INSERT INTO OKM_TRANSLATION (TR_MODULE, TR_KEY, TR_TEXT, TR_LANGUAGE) VALUES ('frontend', 'general.day.pattern', 'dd/MM/yyyy', 'nl-BE');
INSERT INTO OKM_TRANSLATION (TR_MODULE, TR_KEY, TR_TEXT, TR_LANGUAGE) VALUES ('frontend', 'general.hour.pattern', 'HH:mm:ss', 'nl-BE');
INSERT INTO OKM_TRANSLATION (TR_MODULE, TR_KEY, TR_TEXT, TR_LANGUAGE) VALUES ('frontend', 'startup.openkm', 'OpenKM laden', 'nl-BE');
INSERT INTO OKM_TRANSLATION (TR_MODULE, TR_KEY, TR_TEXT, TR_LANGUAGE) VALUES ('frontend', 'startup.starting.loading', 'Starten met laden van OpenKM', 'nl-BE');
INSERT INTO OKM_TRANSLATION (TR_MODULE, TR_KEY, TR_TEXT, TR_LANGUAGE) VALUES ('frontend', 'startup.taxonomy', 'Taxonomie root node ophalen', 'nl-BE');
INSERT INTO OKM_TRANSLATION (TR_MODULE, TR_KEY, TR_TEXT, TR_LANGUAGE) VALUES ('frontend', 'startup.categories', 'Getting categories root node', 'nl-BE');
INSERT INTO OKM_TRANSLATION (TR_MODULE, TR_KEY, TR_TEXT, TR_LANGUAGE) VALUES ('frontend', 'startup.thesaurus', 'Getting thesaurus root node', 'nl-BE');
INSERT INTO OKM_TRANSLATION (TR_MODULE, TR_KEY, TR_TEXT, TR_LANGUAGE) VALUES ('frontend', 'startup.template', 'Template root node ophalen', 'nl-BE');
INSERT INTO OKM_TRANSLATION (TR_MODULE, TR_KEY, TR_TEXT, TR_LANGUAGE) VALUES ('frontend', 'startup.personal', 'Persoonlijke root node ophalen', 'nl-BE');
INSERT INTO OKM_TRANSLATION (TR_MODULE, TR_KEY, TR_TEXT, TR_LANGUAGE) VALUES ('frontend', 'startup.mail', 'e-mail root node ophalen', 'nl-BE');
INSERT INTO OKM_TRANSLATION (TR_MODULE, TR_KEY, TR_TEXT, TR_LANGUAGE) VALUES ('frontend', 'startup.trash', 'Prullenbak root node ophalen', 'nl-BE');
INSERT INTO OKM_TRANSLATION (TR_MODULE, TR_KEY, TR_TEXT, TR_LANGUAGE) VALUES ('frontend', 'startup.user.home', 'Gebruiker thuis node ophalen', 'nl-BE');
INSERT INTO OKM_TRANSLATION (TR_MODULE, TR_KEY, TR_TEXT, TR_LANGUAGE) VALUES ('frontend', 'startup.bookmarks', 'Favorieten ophalen', 'nl-BE');
INSERT INTO OKM_TRANSLATION (TR_MODULE, TR_KEY, TR_TEXT, TR_LANGUAGE) VALUES ('frontend', 'startup.loading.taxonomy', 'Taxonomie laden', 'nl-BE');
INSERT INTO OKM_TRANSLATION (TR_MODULE, TR_KEY, TR_TEXT, TR_LANGUAGE) VALUES ('frontend', 'startup.loading.taxonomy.getting.folders', 'Taxonomie - Mappen ophalen', 'nl-BE');
INSERT INTO OKM_TRANSLATION (TR_MODULE, TR_KEY, TR_TEXT, TR_LANGUAGE) VALUES ('frontend', 'startup.loading.taxonomy.eval.params', 'Taxonomie - Browser params evalueren', 'nl-BE');
INSERT INTO OKM_TRANSLATION (TR_MODULE, TR_KEY, TR_TEXT, TR_LANGUAGE) VALUES ('frontend', 'startup.loading.taxonomy.open.path', 'Taxonomie - Paden openen', 'nl-BE');
INSERT INTO OKM_TRANSLATION (TR_MODULE, TR_KEY, TR_TEXT, TR_LANGUAGE) VALUES ('frontend', 'startup.loading.taxonomy.getting.filebrowser.folders', 'Taxonomie - Bestandsbrowser mappen ophalen', 'nl-BE');
INSERT INTO OKM_TRANSLATION (TR_MODULE, TR_KEY, TR_TEXT, TR_LANGUAGE) VALUES ('frontend', 'startup.loading.taxonomy.getting.filebrowser.documents', 'Taxonomie - Bestandsbrowser documenten ophalen', 'nl-BE');
INSERT INTO OKM_TRANSLATION (TR_MODULE, TR_KEY, TR_TEXT, TR_LANGUAGE) VALUES ('frontend', 'startup.loading.taxonomy.getting.filebrowser.mails', 'Taxonomie - e-mails ophalen', 'nl-BE');
INSERT INTO OKM_TRANSLATION (TR_MODULE, TR_KEY, TR_TEXT, TR_LANGUAGE) VALUES ('frontend', 'startup.loading.personal', 'Persoonlijk laden', 'nl-BE');
INSERT INTO OKM_TRANSLATION (TR_MODULE, TR_KEY, TR_TEXT, TR_LANGUAGE) VALUES ('frontend', 'startup.loading.mail', 'e-mails laden', 'nl-BE');
INSERT INTO OKM_TRANSLATION (TR_MODULE, TR_KEY, TR_TEXT, TR_LANGUAGE) VALUES ('frontend', 'startup.loading.categories', 'Loading categories', 'nl-BE');
INSERT INTO OKM_TRANSLATION (TR_MODULE, TR_KEY, TR_TEXT, TR_LANGUAGE) VALUES ('frontend', 'startup.loading.thesaurus', 'Loading thesaurus', 'nl-BE');
INSERT INTO OKM_TRANSLATION (TR_MODULE, TR_KEY, TR_TEXT, TR_LANGUAGE) VALUES ('frontend', 'startup.loading.templates', 'Templates laden', 'nl-BE');
INSERT INTO OKM_TRANSLATION (TR_MODULE, TR_KEY, TR_TEXT, TR_LANGUAGE) VALUES ('frontend', 'startup.loading.trash', 'Prullenbak laden', 'nl-BE');
INSERT INTO OKM_TRANSLATION (TR_MODULE, TR_KEY, TR_TEXT, TR_LANGUAGE) VALUES ('frontend', 'startup.loading.history.search', 'Historische zoekopdrachten laden', 'nl-BE');
INSERT INTO OKM_TRANSLATION (TR_MODULE, TR_KEY, TR_TEXT, TR_LANGUAGE) VALUES ('frontend', 'startup.loading.user.values', 'Gebruikers waarden laden', 'nl-BE');
INSERT INTO OKM_TRANSLATION (TR_MODULE, TR_KEY, TR_TEXT, TR_LANGUAGE) VALUES ('frontend', 'startup.keep.alive', 'keep alive laden', 'nl-BE');
INSERT INTO OKM_TRANSLATION (TR_MODULE, TR_KEY, TR_TEXT, TR_LANGUAGE) VALUES ('frontend', 'openkm.update.available', 'OpenKM update beschikbaar', 'nl-BE');
INSERT INTO OKM_TRANSLATION (TR_MODULE, TR_KEY, TR_TEXT, TR_LANGUAGE) VALUES ('frontend', 'leftpanel.label.taxonomy', 'Taxonomie', 'nl-BE');
INSERT INTO OKM_TRANSLATION (TR_MODULE, TR_KEY, TR_TEXT, TR_LANGUAGE) VALUES ('frontend', 'leftpanel.label.trash', 'Prullenbak', 'nl-BE');
INSERT INTO OKM_TRANSLATION (TR_MODULE, TR_KEY, TR_TEXT, TR_LANGUAGE) VALUES ('frontend', 'leftpanel.label.mail', 'E-mail', 'nl-BE');
INSERT INTO OKM_TRANSLATION (TR_MODULE, TR_KEY, TR_TEXT, TR_LANGUAGE) VALUES ('frontend', 'leftpanel.label.stored.search', 'Opgeslagen zoekopdrachten', 'nl-BE');
INSERT INTO OKM_TRANSLATION (TR_MODULE, TR_KEY, TR_TEXT, TR_LANGUAGE) VALUES ('frontend', 'leftpanel.label.categories', 'Categories', 'nl-BE');
INSERT INTO OKM_TRANSLATION (TR_MODULE, TR_KEY, TR_TEXT, TR_LANGUAGE) VALUES ('frontend', 'leftpanel.label.thesaurus', 'Thesaurus', 'nl-BE');
INSERT INTO OKM_TRANSLATION (TR_MODULE, TR_KEY, TR_TEXT, TR_LANGUAGE) VALUES ('frontend', 'leftpanel.label.templates', 'Templates', 'nl-BE');
INSERT INTO OKM_TRANSLATION (TR_MODULE, TR_KEY, TR_TEXT, TR_LANGUAGE) VALUES ('frontend', 'leftpanel.label.my.documents', 'Mijn documenten', 'nl-BE');
INSERT INTO OKM_TRANSLATION (TR_MODULE, TR_KEY, TR_TEXT, TR_LANGUAGE) VALUES ('frontend', 'leftpanel.label.user.search', 'Gebruiker zoeken', 'nl-BE');
INSERT INTO OKM_TRANSLATION (TR_MODULE, TR_KEY, TR_TEXT, TR_LANGUAGE) VALUES ('frontend', 'leftpanel.label.all.repository', 'Alle repositories', 'nl-BE');
INSERT INTO OKM_TRANSLATION (TR_MODULE, TR_KEY, TR_TEXT, TR_LANGUAGE) VALUES ('frontend', 'tree.menu.directory.create', 'Maak map', 'nl-BE');
INSERT INTO OKM_TRANSLATION (TR_MODULE, TR_KEY, TR_TEXT, TR_LANGUAGE) VALUES ('frontend', 'tree.menu.directory.remove', 'Verwijder', 'nl-BE');
INSERT INTO OKM_TRANSLATION (TR_MODULE, TR_KEY, TR_TEXT, TR_LANGUAGE) VALUES ('frontend', 'tree.menu.directory.rename', 'Hernoem', 'nl-BE');
INSERT INTO OKM_TRANSLATION (TR_MODULE, TR_KEY, TR_TEXT, TR_LANGUAGE) VALUES ('frontend', 'tree.menu.directory.refresh', 'Ververs', 'nl-BE');
INSERT INTO OKM_TRANSLATION (TR_MODULE, TR_KEY, TR_TEXT, TR_LANGUAGE) VALUES ('frontend', 'tree.menu.directory.move', 'Verplaats', 'nl-BE');
INSERT INTO OKM_TRANSLATION (TR_MODULE, TR_KEY, TR_TEXT, TR_LANGUAGE) VALUES ('frontend', 'tree.menu.directory.copy', 'Kopier', 'nl-BE');
INSERT INTO OKM_TRANSLATION (TR_MODULE, TR_KEY, TR_TEXT, TR_LANGUAGE) VALUES ('frontend', 'tree.menu.directory.add.document', 'Bestand toevoegen', 'nl-BE');
INSERT INTO OKM_TRANSLATION (TR_MODULE, TR_KEY, TR_TEXT, TR_LANGUAGE) VALUES ('frontend', 'tree.menu.add.bookmark', 'Add bookmark', 'nl-BE');
INSERT INTO OKM_TRANSLATION (TR_MODULE, TR_KEY, TR_TEXT, TR_LANGUAGE) VALUES ('frontend', 'tree.menu.set.home', 'Set default home', 'nl-BE');
INSERT INTO OKM_TRANSLATION (TR_MODULE, TR_KEY, TR_TEXT, TR_LANGUAGE) VALUES ('frontend', 'tree.menu.export', 'Export to file', 'nl-BE');
INSERT INTO OKM_TRANSLATION (TR_MODULE, TR_KEY, TR_TEXT, TR_LANGUAGE) VALUES ('frontend', 'tree.status.refresh.folder', 'Boomstructuur verversen', 'nl-BE');
INSERT INTO OKM_TRANSLATION (TR_MODULE, TR_KEY, TR_TEXT, TR_LANGUAGE) VALUES ('frontend', 'tree.status.refresh.create', 'Map aanmaken', 'nl-BE');
INSERT INTO OKM_TRANSLATION (TR_MODULE, TR_KEY, TR_TEXT, TR_LANGUAGE) VALUES ('frontend', 'tree.status.refresh.delete', 'Map wissen', 'nl-BE');
INSERT INTO OKM_TRANSLATION (TR_MODULE, TR_KEY, TR_TEXT, TR_LANGUAGE) VALUES ('frontend', 'tree.status.refresh.rename', 'Map hernoemen', 'nl-BE');
INSERT INTO OKM_TRANSLATION (TR_MODULE, TR_KEY, TR_TEXT, TR_LANGUAGE) VALUES ('frontend', 'tree.status.refresh.restore', 'Map terugplaatsen', 'nl-BE');
INSERT INTO OKM_TRANSLATION (TR_MODULE, TR_KEY, TR_TEXT, TR_LANGUAGE) VALUES ('frontend', 'tree.status.refresh.purge', 'Map verwijderen', 'nl-BE');
INSERT INTO OKM_TRANSLATION (TR_MODULE, TR_KEY, TR_TEXT, TR_LANGUAGE) VALUES ('frontend', 'tree.status.refresh.get', 'Map verversen', 'nl-BE');
INSERT INTO OKM_TRANSLATION (TR_MODULE, TR_KEY, TR_TEXT, TR_LANGUAGE) VALUES ('frontend', 'tree.folder.new', 'Nieuwe map', 'nl-BE');
INSERT INTO OKM_TRANSLATION (TR_MODULE, TR_KEY, TR_TEXT, TR_LANGUAGE) VALUES ('frontend', 'tree.status.refresh.add.subscription', 'Adding subscription', 'nl-BE');
INSERT INTO OKM_TRANSLATION (TR_MODULE, TR_KEY, TR_TEXT, TR_LANGUAGE) VALUES ('frontend', 'tree.status.refresh.remove.subscription', 'Deleting subscription', 'nl-BE');
INSERT INTO OKM_TRANSLATION (TR_MODULE, TR_KEY, TR_TEXT, TR_LANGUAGE) VALUES ('frontend', 'tree.status.refresh.get.root', 'Refreshing root folder', 'nl-BE');
INSERT INTO OKM_TRANSLATION (TR_MODULE, TR_KEY, TR_TEXT, TR_LANGUAGE) VALUES ('frontend', 'tree.status.refresh.get.keywords', 'Refreshing keywords', 'nl-BE');
INSERT INTO OKM_TRANSLATION (TR_MODULE, TR_KEY, TR_TEXT, TR_LANGUAGE) VALUES ('frontend', 'tree.status.refresh.get.user.home', 'Getting user home', 'nl-BE');
INSERT INTO OKM_TRANSLATION (TR_MODULE, TR_KEY, TR_TEXT, TR_LANGUAGE) VALUES ('frontend', 'tree.status.refresh.purge.trash', 'Cleaning trash', 'nl-BE');
INSERT INTO OKM_TRANSLATION (TR_MODULE, TR_KEY, TR_TEXT, TR_LANGUAGE) VALUES ('frontend', 'tree.menu.directory.find.folder', 'Find folder', 'nl-BE');
INSERT INTO OKM_TRANSLATION (TR_MODULE, TR_KEY, TR_TEXT, TR_LANGUAGE) VALUES ('frontend', 'trash.menu.directory.restore', 'Terugplaatsen', 'nl-BE');
INSERT INTO OKM_TRANSLATION (TR_MODULE, TR_KEY, TR_TEXT, TR_LANGUAGE) VALUES ('frontend', 'trash.menu.directory.purge', 'Verwijderen', 'nl-BE');
INSERT INTO OKM_TRANSLATION (TR_MODULE, TR_KEY, TR_TEXT, TR_LANGUAGE) VALUES ('frontend', 'trash.menu.directory.purge.trash', 'Prullenbak leegmaken', 'nl-BE');
INSERT INTO OKM_TRANSLATION (TR_MODULE, TR_KEY, TR_TEXT, TR_LANGUAGE) VALUES ('frontend', 'trash.directory.select.label', 'Kies te verplaatsen map', 'nl-BE');
INSERT INTO OKM_TRANSLATION (TR_MODULE, TR_KEY, TR_TEXT, TR_LANGUAGE) VALUES ('frontend', 'general.menu.file', 'Bestand', 'nl-BE');
INSERT INTO OKM_TRANSLATION (TR_MODULE, TR_KEY, TR_TEXT, TR_LANGUAGE) VALUES ('frontend', 'general.menu.file.exit', 'Afsluiten', 'nl-BE');
INSERT INTO OKM_TRANSLATION (TR_MODULE, TR_KEY, TR_TEXT, TR_LANGUAGE) VALUES ('frontend', 'general.menu.file.purge.trash', 'Prullenbak leegmaken', 'nl-BE');
INSERT INTO OKM_TRANSLATION (TR_MODULE, TR_KEY, TR_TEXT, TR_LANGUAGE) VALUES ('frontend', 'general.menu.edit', 'Bewerken', 'nl-BE');
INSERT INTO OKM_TRANSLATION (TR_MODULE, TR_KEY, TR_TEXT, TR_LANGUAGE) VALUES ('frontend', 'general.menu.file.create.directory', 'Maak map', 'nl-BE');
INSERT INTO OKM_TRANSLATION (TR_MODULE, TR_KEY, TR_TEXT, TR_LANGUAGE) VALUES ('frontend', 'general.menu.file.download.document', 'Download document', 'nl-BE');
INSERT INTO OKM_TRANSLATION (TR_MODULE, TR_KEY, TR_TEXT, TR_LANGUAGE) VALUES ('frontend', 'general.menu.file.download.document.pdf', 'Download document als PDF', 'nl-BE');
INSERT INTO OKM_TRANSLATION (TR_MODULE, TR_KEY, TR_TEXT, TR_LANGUAGE) VALUES ('frontend', 'general.menu.file.send.link', 'Verstuur document link', 'nl-BE');
INSERT INTO OKM_TRANSLATION (TR_MODULE, TR_KEY, TR_TEXT, TR_LANGUAGE) VALUES ('frontend', 'general.menu.file.send.attachment', 'Send document attachment', 'nl-BE');
INSERT INTO OKM_TRANSLATION (TR_MODULE, TR_KEY, TR_TEXT, TR_LANGUAGE) VALUES ('frontend', 'general.menu.file.lock', 'Bescherm', 'nl-BE');
INSERT INTO OKM_TRANSLATION (TR_MODULE, TR_KEY, TR_TEXT, TR_LANGUAGE) VALUES ('frontend', 'general.menu.file.unlock', 'Vrijgeven', 'nl-BE');
INSERT INTO OKM_TRANSLATION (TR_MODULE, TR_KEY, TR_TEXT, TR_LANGUAGE) VALUES ('frontend', 'general.menu.file.add.document', 'Bestand toevoegen', 'nl-BE');
INSERT INTO OKM_TRANSLATION (TR_MODULE, TR_KEY, TR_TEXT, TR_LANGUAGE) VALUES ('frontend', 'general.menu.file.checkout', 'Uithalen', 'nl-BE');
INSERT INTO OKM_TRANSLATION (TR_MODULE, TR_KEY, TR_TEXT, TR_LANGUAGE) VALUES ('frontend', 'general.menu.file.checkin', 'Inleveren', 'nl-BE');
INSERT INTO OKM_TRANSLATION (TR_MODULE, TR_KEY, TR_TEXT, TR_LANGUAGE) VALUES ('frontend', 'general.menu.file.cancel.checkout', 'Uithalen annuleren', 'nl-BE');
INSERT INTO OKM_TRANSLATION (TR_MODULE, TR_KEY, TR_TEXT, TR_LANGUAGE) VALUES ('frontend', 'general.menu.file.delete', 'Wis', 'nl-BE');
INSERT INTO OKM_TRANSLATION (TR_MODULE, TR_KEY, TR_TEXT, TR_LANGUAGE) VALUES ('frontend', 'general.menu.file.refresh', 'Ververs', 'nl-BE');
INSERT INTO OKM_TRANSLATION (TR_MODULE, TR_KEY, TR_TEXT, TR_LANGUAGE) VALUES ('frontend', 'general.menu.file.scanner', 'Scanner', 'nl-BE');
INSERT INTO OKM_TRANSLATION (TR_MODULE, TR_KEY, TR_TEXT, TR_LANGUAGE) VALUES ('frontend', 'general.menu.file.uploader', 'File uploader', 'nl-BE');
INSERT INTO OKM_TRANSLATION (TR_MODULE, TR_KEY, TR_TEXT, TR_LANGUAGE) VALUES ('frontend', 'general.menu.tools', 'Gereedschappen', 'nl-BE');
INSERT INTO OKM_TRANSLATION (TR_MODULE, TR_KEY, TR_TEXT, TR_LANGUAGE) VALUES ('frontend', 'general.menu.tools.languages', 'Talen', 'nl-BE');
INSERT INTO OKM_TRANSLATION (TR_MODULE, TR_KEY, TR_TEXT, TR_LANGUAGE) VALUES ('frontend', 'general.menu.tools.skin', 'Huid', 'nl-BE');
INSERT INTO OKM_TRANSLATION (TR_MODULE, TR_KEY, TR_TEXT, TR_LANGUAGE) VALUES ('frontend', 'general.menu.tools.skin.default', 'Standaard', 'nl-BE');
INSERT INTO OKM_TRANSLATION (TR_MODULE, TR_KEY, TR_TEXT, TR_LANGUAGE) VALUES ('frontend', 'general.menu.tools.skin.default2', 'Standaard 2', 'nl-BE');
INSERT INTO OKM_TRANSLATION (TR_MODULE, TR_KEY, TR_TEXT, TR_LANGUAGE) VALUES ('frontend', 'general.menu.tools.skin.mediumfont', 'Medium font', 'nl-BE');
INSERT INTO OKM_TRANSLATION (TR_MODULE, TR_KEY, TR_TEXT, TR_LANGUAGE) VALUES ('frontend', 'general.menu.tools.skin.bigfont', 'Big font', 'nl-BE');
INSERT INTO OKM_TRANSLATION (TR_MODULE, TR_KEY, TR_TEXT, TR_LANGUAGE) VALUES ('frontend', 'general.menu.debug.console', 'Debug console', 'nl-BE');
INSERT INTO OKM_TRANSLATION (TR_MODULE, TR_KEY, TR_TEXT, TR_LANGUAGE) VALUES ('frontend', 'general.menu.administration', 'Administratie tonen', 'nl-BE');
INSERT INTO OKM_TRANSLATION (TR_MODULE, TR_KEY, TR_TEXT, TR_LANGUAGE) VALUES ('frontend', 'general.menu.tools.preferences', 'Voorkeuren', 'nl-BE');
INSERT INTO OKM_TRANSLATION (TR_MODULE, TR_KEY, TR_TEXT, TR_LANGUAGE) VALUES ('frontend', 'general.menu.tools.user.preferences', 'User configuration', 'nl-BE');
INSERT INTO OKM_TRANSLATION (TR_MODULE, TR_KEY, TR_TEXT, TR_LANGUAGE) VALUES ('frontend', 'general.menu.bookmark', 'Bookmarks', 'nl-BE');
INSERT INTO OKM_TRANSLATION (TR_MODULE, TR_KEY, TR_TEXT, TR_LANGUAGE) VALUES ('frontend', 'general.menu.bookmark.home', 'Home', 'nl-BE');
INSERT INTO OKM_TRANSLATION (TR_MODULE, TR_KEY, TR_TEXT, TR_LANGUAGE) VALUES ('frontend', 'general.menu.bookmark.default.home', 'Standaard thuismap zetten', 'nl-BE');
INSERT INTO OKM_TRANSLATION (TR_MODULE, TR_KEY, TR_TEXT, TR_LANGUAGE) VALUES ('frontend', 'general.menu.bookmark.edit', 'Bookmarks bewerken', 'nl-BE');
INSERT INTO OKM_TRANSLATION (TR_MODULE, TR_KEY, TR_TEXT, TR_LANGUAGE) VALUES ('frontend', 'general.menu.help', 'Help', 'nl-BE');
INSERT INTO OKM_TRANSLATION (TR_MODULE, TR_KEY, TR_TEXT, TR_LANGUAGE) VALUES ('frontend', 'general.menu.bug.report', 'Fout melden', 'nl-BE');
INSERT INTO OKM_TRANSLATION (TR_MODULE, TR_KEY, TR_TEXT, TR_LANGUAGE) VALUES ('frontend', 'general.menu.support.request', 'Ondersteuningsaanvraag', 'nl-BE');
INSERT INTO OKM_TRANSLATION (TR_MODULE, TR_KEY, TR_TEXT, TR_LANGUAGE) VALUES ('frontend', 'general.menu.public.forum', 'Publiek forum', 'nl-BE');
INSERT INTO OKM_TRANSLATION (TR_MODULE, TR_KEY, TR_TEXT, TR_LANGUAGE) VALUES ('frontend', 'general.menu.project.web', 'Project op het web', 'nl-BE');
INSERT INTO OKM_TRANSLATION (TR_MODULE, TR_KEY, TR_TEXT, TR_LANGUAGE) VALUES ('frontend', 'general.menu.version.changes', 'Versie notities', 'nl-BE');
INSERT INTO OKM_TRANSLATION (TR_MODULE, TR_KEY, TR_TEXT, TR_LANGUAGE) VALUES ('frontend', 'general.menu.documentation', 'Documentatie', 'nl-BE');
INSERT INTO OKM_TRANSLATION (TR_MODULE, TR_KEY, TR_TEXT, TR_LANGUAGE) VALUES ('frontend', 'general.menu.about', 'Over OpenKM', 'nl-BE');
INSERT INTO OKM_TRANSLATION (TR_MODULE, TR_KEY, TR_TEXT, TR_LANGUAGE) VALUES ('frontend', 'general.connected', 'Aangemeld als', 'nl-BE');
INSERT INTO OKM_TRANSLATION (TR_MODULE, TR_KEY, TR_TEXT, TR_LANGUAGE) VALUES ('frontend', '', '', 'nl-BE');
INSERT INTO OKM_TRANSLATION (TR_MODULE, TR_KEY, TR_TEXT, TR_LANGUAGE) VALUES ('frontend', '// File Browser', '', 'nl-BE');
INSERT INTO OKM_TRANSLATION (TR_MODULE, TR_KEY, TR_TEXT, TR_LANGUAGE) VALUES ('frontend', 'filebrowser.name', 'Naam', 'nl-BE');
INSERT INTO OKM_TRANSLATION (TR_MODULE, TR_KEY, TR_TEXT, TR_LANGUAGE) VALUES ('frontend', 'filebrowser.date.update', 'Laatst bijgewerkt', 'nl-BE');
INSERT INTO OKM_TRANSLATION (TR_MODULE, TR_KEY, TR_TEXT, TR_LANGUAGE) VALUES ('frontend', 'filebrowser.size', 'Grootte', 'nl-BE');
INSERT INTO OKM_TRANSLATION (TR_MODULE, TR_KEY, TR_TEXT, TR_LANGUAGE) VALUES ('frontend', 'filebrowser.path', 'Pad', 'nl-BE');
INSERT INTO OKM_TRANSLATION (TR_MODULE, TR_KEY, TR_TEXT, TR_LANGUAGE) VALUES ('frontend', 'filebrowser.author', 'Auteur', 'nl-BE');
INSERT INTO OKM_TRANSLATION (TR_MODULE, TR_KEY, TR_TEXT, TR_LANGUAGE) VALUES ('frontend', 'filebrowser.version', 'Versie', 'nl-BE');
INSERT INTO OKM_TRANSLATION (TR_MODULE, TR_KEY, TR_TEXT, TR_LANGUAGE) VALUES ('frontend', 'filebrowser.menu.checkout', 'Uithalen', 'nl-BE');
INSERT INTO OKM_TRANSLATION (TR_MODULE, TR_KEY, TR_TEXT, TR_LANGUAGE) VALUES ('frontend', 'filebrowser.menu.checkin', 'Inleveren', 'nl-BE');
INSERT INTO OKM_TRANSLATION (TR_MODULE, TR_KEY, TR_TEXT, TR_LANGUAGE) VALUES ('frontend', 'filebrowser.menu.delete', 'Wis', 'nl-BE');
INSERT INTO OKM_TRANSLATION (TR_MODULE, TR_KEY, TR_TEXT, TR_LANGUAGE) VALUES ('frontend', 'filebrowser.menu.rename', 'Hernoem', 'nl-BE');
INSERT INTO OKM_TRANSLATION (TR_MODULE, TR_KEY, TR_TEXT, TR_LANGUAGE) VALUES ('frontend', 'filebrowser.menu.checkout.cancel', 'Uithalen annuleren', 'nl-BE');
INSERT INTO OKM_TRANSLATION (TR_MODULE, TR_KEY, TR_TEXT, TR_LANGUAGE) VALUES ('frontend', 'filebrowser.menu.lock', 'Bescherm', 'nl-BE');
INSERT INTO OKM_TRANSLATION (TR_MODULE, TR_KEY, TR_TEXT, TR_LANGUAGE) VALUES ('frontend', 'filebrowser.menu.unlock', 'Vrijgeven', 'nl-BE');
INSERT INTO OKM_TRANSLATION (TR_MODULE, TR_KEY, TR_TEXT, TR_LANGUAGE) VALUES ('frontend', 'filebrowser.menu.download', 'Download', 'nl-BE');
INSERT INTO OKM_TRANSLATION (TR_MODULE, TR_KEY, TR_TEXT, TR_LANGUAGE) VALUES ('frontend', 'filebrowser.menu.move', 'Verplaats', 'nl-BE');
INSERT INTO OKM_TRANSLATION (TR_MODULE, TR_KEY, TR_TEXT, TR_LANGUAGE) VALUES ('frontend', 'filebrowser.menu.copy', 'Kopie', 'nl-BE');
INSERT INTO OKM_TRANSLATION (TR_MODULE, TR_KEY, TR_TEXT, TR_LANGUAGE) VALUES ('frontend', 'filebrowser.menu.create.from.template', 'Aanmaken vanuit template', 'nl-BE');
INSERT INTO OKM_TRANSLATION (TR_MODULE, TR_KEY, TR_TEXT, TR_LANGUAGE) VALUES ('frontend', 'filebrowser.menu.add.property.group', 'Property group toevoegen', 'nl-BE');
INSERT INTO OKM_TRANSLATION (TR_MODULE, TR_KEY, TR_TEXT, TR_LANGUAGE) VALUES ('frontend', 'filebrowser.menu.remove.property.group', 'Property group verwijderen', 'nl-BE');
INSERT INTO OKM_TRANSLATION (TR_MODULE, TR_KEY, TR_TEXT, TR_LANGUAGE) VALUES ('frontend', 'filebrowser.menu.start.workflow', 'Start workflow', 'nl-BE');
INSERT INTO OKM_TRANSLATION (TR_MODULE, TR_KEY, TR_TEXT, TR_LANGUAGE) VALUES ('frontend', 'filebrowser.menu.add.subscription', 'Inschrijving toevoegen', 'nl-BE');
INSERT INTO OKM_TRANSLATION (TR_MODULE, TR_KEY, TR_TEXT, TR_LANGUAGE) VALUES ('frontend', 'filebrowser.menu.remove.subscription', 'Inschrijving verwijderen', 'nl-BE');
INSERT INTO OKM_TRANSLATION (TR_MODULE, TR_KEY, TR_TEXT, TR_LANGUAGE) VALUES ('frontend', 'filebrowser.menu.add.bookmark', 'Bookmark toevoegen', 'nl-BE');
INSERT INTO OKM_TRANSLATION (TR_MODULE, TR_KEY, TR_TEXT, TR_LANGUAGE) VALUES ('frontend', 'filebrowser.menu.set.home', 'Thuismap zetten', 'nl-BE');
INSERT INTO OKM_TRANSLATION (TR_MODULE, TR_KEY, TR_TEXT, TR_LANGUAGE) VALUES ('frontend', 'filebrowser.menu.refresh', 'Ververs', 'nl-BE');
INSERT INTO OKM_TRANSLATION (TR_MODULE, TR_KEY, TR_TEXT, TR_LANGUAGE) VALUES ('frontend', 'filebrowser.menu.export', 'Export naar ZIP', 'nl-BE');
INSERT INTO OKM_TRANSLATION (TR_MODULE, TR_KEY, TR_TEXT, TR_LANGUAGE) VALUES ('frontend', 'filebrowser.menu.play', 'Afspelen', 'nl-BE');
INSERT INTO OKM_TRANSLATION (TR_MODULE, TR_KEY, TR_TEXT, TR_LANGUAGE) VALUES ('frontend', 'filebrowser.menu.image.viewer', 'Afbeelding viewer', 'nl-BE');
INSERT INTO OKM_TRANSLATION (TR_MODULE, TR_KEY, TR_TEXT, TR_LANGUAGE) VALUES ('frontend', 'filebrowser.status.refresh.folder', 'Maplijst verversen', 'nl-BE');
INSERT INTO OKM_TRANSLATION (TR_MODULE, TR_KEY, TR_TEXT, TR_LANGUAGE) VALUES ('frontend', 'filebrowser.status.refresh.document', 'Bestandslijst verversen', 'nl-BE');
INSERT INTO OKM_TRANSLATION (TR_MODULE, TR_KEY, TR_TEXT, TR_LANGUAGE) VALUES ('frontend', 'filebrowser.status.refresh.mail', 'Mail lijst updaten', 'nl-BE');
INSERT INTO OKM_TRANSLATION (TR_MODULE, TR_KEY, TR_TEXT, TR_LANGUAGE) VALUES ('frontend', 'filebrowser.status.refresh.delete.folder', 'Map wissen', 'nl-BE');
INSERT INTO OKM_TRANSLATION (TR_MODULE, TR_KEY, TR_TEXT, TR_LANGUAGE) VALUES ('frontend', 'filebrowser.status.refresh.delete.document', 'Bestand wissen', 'nl-BE');
INSERT INTO OKM_TRANSLATION (TR_MODULE, TR_KEY, TR_TEXT, TR_LANGUAGE) VALUES ('frontend', 'filebrowser.status.refresh.checkout', 'Bestand uithalen', 'nl-BE');
INSERT INTO OKM_TRANSLATION (TR_MODULE, TR_KEY, TR_TEXT, TR_LANGUAGE) VALUES ('frontend', 'filebrowser.status.refresh.lock', 'Bestand beschermen', 'nl-BE');
INSERT INTO OKM_TRANSLATION (TR_MODULE, TR_KEY, TR_TEXT, TR_LANGUAGE) VALUES ('frontend', 'filebrowser.status.refresh.unlock', 'Bestand vrijgeven', 'nl-BE');
INSERT INTO OKM_TRANSLATION (TR_MODULE, TR_KEY, TR_TEXT, TR_LANGUAGE) VALUES ('frontend', 'filebrowser.status.refresh.document.rename', 'Bestand hernoemen', 'nl-BE');
INSERT INTO OKM_TRANSLATION (TR_MODULE, TR_KEY, TR_TEXT, TR_LANGUAGE) VALUES ('frontend', 'filebrowser.status.refresh.folder.rename', 'Map hernoemen', 'nl-BE');
INSERT INTO OKM_TRANSLATION (TR_MODULE, TR_KEY, TR_TEXT, TR_LANGUAGE) VALUES ('frontend', 'filebrowser.status.refresh.document.purge', 'Bestand verwijderen', 'nl-BE');
INSERT INTO OKM_TRANSLATION (TR_MODULE, TR_KEY, TR_TEXT, TR_LANGUAGE) VALUES ('frontend', 'filebrowser.status.refresh.folder.purge', 'Map verwijderen', 'nl-BE');
INSERT INTO OKM_TRANSLATION (TR_MODULE, TR_KEY, TR_TEXT, TR_LANGUAGE) VALUES ('frontend', 'filebrowser.status.refresh.folder.get', 'Map verversen', 'nl-BE');
INSERT INTO OKM_TRANSLATION (TR_MODULE, TR_KEY, TR_TEXT, TR_LANGUAGE) VALUES ('frontend', 'filebrowser.status.refresh.document.get', 'Bestand verversen', 'nl-BE');
INSERT INTO OKM_TRANSLATION (TR_MODULE, TR_KEY, TR_TEXT, TR_LANGUAGE) VALUES ('frontend', 'filebrowser.status.refresh.add.subscription', 'Inschrijving toevoegen', 'nl-BE');
INSERT INTO OKM_TRANSLATION (TR_MODULE, TR_KEY, TR_TEXT, TR_LANGUAGE) VALUES ('frontend', 'filebrowser.status.refresh.remove.subscription', 'Inschrijving verwijderen', 'nl-BE');
INSERT INTO OKM_TRANSLATION (TR_MODULE, TR_KEY, TR_TEXT, TR_LANGUAGE) VALUES ('frontend', 'filebrowser.status.refresh.get.user.home', 'Gebruiker thuismap ophalen', 'nl-BE');
INSERT INTO OKM_TRANSLATION (TR_MODULE, TR_KEY, TR_TEXT, TR_LANGUAGE) VALUES ('frontend', 'filebrowser.status.refresh.delete.mail', 'Mail verwijderen', 'nl-BE');
INSERT INTO OKM_TRANSLATION (TR_MODULE, TR_KEY, TR_TEXT, TR_LANGUAGE) VALUES ('frontend', 'filebrowser.status.refresh.mail.purge', 'Mail verwijderen', 'nl-BE');
INSERT INTO OKM_TRANSLATION (TR_MODULE, TR_KEY, TR_TEXT, TR_LANGUAGE) VALUES ('frontend', '', '', 'nl-BE');
INSERT INTO OKM_TRANSLATION (TR_MODULE, TR_KEY, TR_TEXT, TR_LANGUAGE) VALUES ('frontend', '// File Upload', '', 'nl-BE');
INSERT INTO OKM_TRANSLATION (TR_MODULE, TR_KEY, TR_TEXT, TR_LANGUAGE) VALUES ('frontend', 'fileupload.send', 'Verzend', 'nl-BE');
INSERT INTO OKM_TRANSLATION (TR_MODULE, TR_KEY, TR_TEXT, TR_LANGUAGE) VALUES ('frontend', 'fileupload.status.sending', 'Bestand laden...', 'nl-BE');
INSERT INTO OKM_TRANSLATION (TR_MODULE, TR_KEY, TR_TEXT, TR_LANGUAGE) VALUES ('frontend', 'fileupload.status.indexing', 'Bestand indexeren...', 'nl-BE');
INSERT INTO OKM_TRANSLATION (TR_MODULE, TR_KEY, TR_TEXT, TR_LANGUAGE) VALUES ('frontend', 'fileupload.status.ok', 'Bestand correct geladen', 'nl-BE');
INSERT INTO OKM_TRANSLATION (TR_MODULE, TR_KEY, TR_TEXT, TR_LANGUAGE) VALUES ('frontend', 'fileupload.upload.status', 'Laad-status', 'nl-BE');
INSERT INTO OKM_TRANSLATION (TR_MODULE, TR_KEY, TR_TEXT, TR_LANGUAGE) VALUES ('frontend', 'fileupload.upload.uploaded', 'Geladen', 'nl-BE');
INSERT INTO OKM_TRANSLATION (TR_MODULE, TR_KEY, TR_TEXT, TR_LANGUAGE) VALUES ('frontend', 'fileupload.upload.completed', 'Laden gedaan', 'nl-BE');
INSERT INTO OKM_TRANSLATION (TR_MODULE, TR_KEY, TR_TEXT, TR_LANGUAGE) VALUES ('frontend', 'fileupload.upload.runtime', 'Looptijd', 'nl-BE');
INSERT INTO OKM_TRANSLATION (TR_MODULE, TR_KEY, TR_TEXT, TR_LANGUAGE) VALUES ('frontend', 'fileupload.upload.remaining', 'Resterend', 'nl-BE');
INSERT INTO OKM_TRANSLATION (TR_MODULE, TR_KEY, TR_TEXT, TR_LANGUAGE) VALUES ('frontend', 'fileupload.button.close', 'Sluiten', 'nl-BE');
INSERT INTO OKM_TRANSLATION (TR_MODULE, TR_KEY, TR_TEXT, TR_LANGUAGE) VALUES ('frontend', 'fileupload.button.add.other.file', 'Nog een document toevoegen', 'nl-BE');
INSERT INTO OKM_TRANSLATION (TR_MODULE, TR_KEY, TR_TEXT, TR_LANGUAGE) VALUES ('frontend', 'fileupload.status.move.file', 'Bestand verplaatsen...', 'nl-BE');
INSERT INTO OKM_TRANSLATION (TR_MODULE, TR_KEY, TR_TEXT, TR_LANGUAGE) VALUES ('frontend', 'fileupload.status.move.mail', 'Mail verplaatsen...', 'nl-BE');
INSERT INTO OKM_TRANSLATION (TR_MODULE, TR_KEY, TR_TEXT, TR_LANGUAGE) VALUES ('frontend', 'fileupload.status.copy.file', 'Bestand kopieren...', 'nl-BE');
INSERT INTO OKM_TRANSLATION (TR_MODULE, TR_KEY, TR_TEXT, TR_LANGUAGE) VALUES ('frontend', 'fileupload.status.copy.mail', 'Mail kopieren...', 'nl-BE');
INSERT INTO OKM_TRANSLATION (TR_MODULE, TR_KEY, TR_TEXT, TR_LANGUAGE) VALUES ('frontend', 'fileupload.status.restore.file', 'Bestand terughalen...', 'nl-BE');
INSERT INTO OKM_TRANSLATION (TR_MODULE, TR_KEY, TR_TEXT, TR_LANGUAGE) VALUES ('frontend', 'fileupload.status.restore.mail', 'Mail terughalen...', 'nl-BE');
INSERT INTO OKM_TRANSLATION (TR_MODULE, TR_KEY, TR_TEXT, TR_LANGUAGE) VALUES ('frontend', 'fileupload.status.move.folder', 'Map verplaatsen...', 'nl-BE');
INSERT INTO OKM_TRANSLATION (TR_MODULE, TR_KEY, TR_TEXT, TR_LANGUAGE) VALUES ('frontend', 'fileupload.status.copy.folder', 'Map kopieren...', 'nl-BE');
INSERT INTO OKM_TRANSLATION (TR_MODULE, TR_KEY, TR_TEXT, TR_LANGUAGE) VALUES ('frontend', 'fileupload.status.restore.folder', 'Map terughalen...', 'nl-BE');
INSERT INTO OKM_TRANSLATION (TR_MODULE, TR_KEY, TR_TEXT, TR_LANGUAGE) VALUES ('frontend', 'fileupload.status.create.from.template', 'Bestand maken vanuit template...', 'nl-BE');
INSERT INTO OKM_TRANSLATION (TR_MODULE, TR_KEY, TR_TEXT, TR_LANGUAGE) VALUES ('frontend', 'fileupload.status.of', 'of', 'nl-BE');
INSERT INTO OKM_TRANSLATION (TR_MODULE, TR_KEY, TR_TEXT, TR_LANGUAGE) VALUES ('frontend', 'fileupload.label.insert', 'Nieuwe bestanden toevoegen', 'nl-BE');
INSERT INTO OKM_TRANSLATION (TR_MODULE, TR_KEY, TR_TEXT, TR_LANGUAGE) VALUES ('frontend', 'fileupload.label.update', 'Bestanden bijwerken', 'nl-BE');
INSERT INTO OKM_TRANSLATION (TR_MODULE, TR_KEY, TR_TEXT, TR_LANGUAGE) VALUES ('frontend', 'fileupload.label.users.notify', 'Melden bij gebruikers', 'nl-BE');
INSERT INTO OKM_TRANSLATION (TR_MODULE, TR_KEY, TR_TEXT, TR_LANGUAGE) VALUES ('frontend', 'fileupload.label.comment', 'Commentaar', 'nl-BE');
INSERT INTO OKM_TRANSLATION (TR_MODULE, TR_KEY, TR_TEXT, TR_LANGUAGE) VALUES ('frontend', 'fileupload.label.users.to.notify"', '  "Gebruikers voor notificatie', 'nl-BE');
INSERT INTO OKM_TRANSLATION (TR_MODULE, TR_KEY, TR_TEXT, TR_LANGUAGE) VALUES ('frontend', 'fileupload.label.users"', '  "Gebruikers', 'nl-BE');
INSERT INTO OKM_TRANSLATION (TR_MODULE, TR_KEY, TR_TEXT, TR_LANGUAGE) VALUES ('frontend', 'fileupload.label.groups.to.notify', 'Groups to notify', 'nl-BE');
INSERT INTO OKM_TRANSLATION (TR_MODULE, TR_KEY, TR_TEXT, TR_LANGUAGE) VALUES ('frontend', 'fileupload.label.groups', 'Groups', 'nl-BE');
INSERT INTO OKM_TRANSLATION (TR_MODULE, TR_KEY, TR_TEXT, TR_LANGUAGE) VALUES ('frontend', 'fileupload.label.must.select.users"', '  "U moet een gebruiker selecteren voor notificatie', 'nl-BE');
INSERT INTO OKM_TRANSLATION (TR_MODULE, TR_KEY, TR_TEXT, TR_LANGUAGE) VALUES ('frontend', 'fileupload.label.importZip', 'Import Documenten vanuit ZIP', 'nl-BE');
INSERT INTO OKM_TRANSLATION (TR_MODULE, TR_KEY, TR_TEXT, TR_LANGUAGE) VALUES ('frontend', 'fileupload.label.notify.comment', 'Notificatie bericht', 'nl-BE');
INSERT INTO OKM_TRANSLATION (TR_MODULE, TR_KEY, TR_TEXT, TR_LANGUAGE) VALUES ('frontend', 'fileupload.label.error.importing.zip', 'Fout bij importeren bestand', 'nl-BE');
INSERT INTO OKM_TRANSLATION (TR_MODULE, TR_KEY, TR_TEXT, TR_LANGUAGE) VALUES ('frontend', 'fileupload.label.error.move.file', 'Fout bij verplaatsen bestand', 'nl-BE');
INSERT INTO OKM_TRANSLATION (TR_MODULE, TR_KEY, TR_TEXT, TR_LANGUAGE) VALUES ('frontend', 'fileupload.label.error.move.mail', 'Fout bij verplaatsen mail', 'nl-BE');
INSERT INTO OKM_TRANSLATION (TR_MODULE, TR_KEY, TR_TEXT, TR_LANGUAGE) VALUES ('frontend', 'fileupload.label.error.copy.file', 'Fout bij kopieren bestand', 'nl-BE');
INSERT INTO OKM_TRANSLATION (TR_MODULE, TR_KEY, TR_TEXT, TR_LANGUAGE) VALUES ('frontend', 'fileupload.label.error.copy.mail', 'Fout bij kopieren mail', 'nl-BE');
INSERT INTO OKM_TRANSLATION (TR_MODULE, TR_KEY, TR_TEXT, TR_LANGUAGE) VALUES ('frontend', 'fileupload.label.error.copy.file', 'Fout bij kopieren bestand', 'nl-BE');
INSERT INTO OKM_TRANSLATION (TR_MODULE, TR_KEY, TR_TEXT, TR_LANGUAGE) VALUES ('frontend', 'fileupload.label.error.restore.file', 'Fout bij terughalen bestand', 'nl-BE');
INSERT INTO OKM_TRANSLATION (TR_MODULE, TR_KEY, TR_TEXT, TR_LANGUAGE) VALUES ('frontend', 'fileupload.label.error.move.folder', 'Fout bij verplaatsen map', 'nl-BE');
INSERT INTO OKM_TRANSLATION (TR_MODULE, TR_KEY, TR_TEXT, TR_LANGUAGE) VALUES ('frontend', 'fileupload.label.error.copy.folder', 'Fout bij kopieren map', 'nl-BE');
INSERT INTO OKM_TRANSLATION (TR_MODULE, TR_KEY, TR_TEXT, TR_LANGUAGE) VALUES ('frontend', 'fileupload.label.error.restore.folder', 'Fout bij terugplaatsen map', 'nl-BE');
INSERT INTO OKM_TRANSLATION (TR_MODULE, TR_KEY, TR_TEXT, TR_LANGUAGE) VALUES ('frontend', 'fileupload.label.error.create.from.template', 'Fout: kan geen bestand maken van template', 'nl-BE');
INSERT INTO OKM_TRANSLATION (TR_MODULE, TR_KEY, TR_TEXT, TR_LANGUAGE) VALUES ('frontend', 'fileupload.label.error.not.allowed.move.folder.child', 'Verplaatsen naar zelfde of sub map niet toegestaan', 'nl-BE');
INSERT INTO OKM_TRANSLATION (TR_MODULE, TR_KEY, TR_TEXT, TR_LANGUAGE) VALUES ('frontend', 'fileupload.label.error.not.allowed.copy.same.folder', 'Verplaatsen naar selfde map niet toegestaan', 'nl-BE');
INSERT INTO OKM_TRANSLATION (TR_MODULE, TR_KEY, TR_TEXT, TR_LANGUAGE) VALUES ('frontend', 'fileupload.label.error.not.allowed.create.from.template.same.folder', 'Bestand creeren op zelfde map niet toegestaan', 'nl-BE');
INSERT INTO OKM_TRANSLATION (TR_MODULE, TR_KEY, TR_TEXT, TR_LANGUAGE) VALUES ('frontend', 'tab.document.properties', 'Eigenschappen', 'nl-BE');
INSERT INTO OKM_TRANSLATION (TR_MODULE, TR_KEY, TR_TEXT, TR_LANGUAGE) VALUES ('frontend', 'tab.document.notes', 'Notes', 'nl-BE');
INSERT INTO OKM_TRANSLATION (TR_MODULE, TR_KEY, TR_TEXT, TR_LANGUAGE) VALUES ('frontend', 'tab.document.history', 'Geschiedenis', 'nl-BE');
INSERT INTO OKM_TRANSLATION (TR_MODULE, TR_KEY, TR_TEXT, TR_LANGUAGE) VALUES ('frontend', 'tab.document.status.history', 'Geschiedenis bijwerken', 'nl-BE');
INSERT INTO OKM_TRANSLATION (TR_MODULE, TR_KEY, TR_TEXT, TR_LANGUAGE) VALUES ('frontend', 'tab.document.security', 'Beveiliging bestanden', 'nl-BE');
INSERT INTO OKM_TRANSLATION (TR_MODULE, TR_KEY, TR_TEXT, TR_LANGUAGE) VALUES ('frontend', 'tab.document.preview', 'Preview', 'nl-BE');
INSERT INTO OKM_TRANSLATION (TR_MODULE, TR_KEY, TR_TEXT, TR_LANGUAGE) VALUES ('frontend', 'tab.status.security.role', 'Beveiliging: groepen bijwerken', 'nl-BE');
INSERT INTO OKM_TRANSLATION (TR_MODULE, TR_KEY, TR_TEXT, TR_LANGUAGE) VALUES ('frontend', 'tab.status.security.user', 'Beveiliging: gebruikers bijwerken', 'nl-BE');
INSERT INTO OKM_TRANSLATION (TR_MODULE, TR_KEY, TR_TEXT, TR_LANGUAGE) VALUES ('frontend', 'tab.document.status.group.properties', 'Property group bijwerken', 'nl-BE');
INSERT INTO OKM_TRANSLATION (TR_MODULE, TR_KEY, TR_TEXT, TR_LANGUAGE) VALUES ('frontend', 'tab.document.status.set.keywords', 'Keywords opslaan', 'nl-BE');
INSERT INTO OKM_TRANSLATION (TR_MODULE, TR_KEY, TR_TEXT, TR_LANGUAGE) VALUES ('frontend', 'tab.document.status.set.categories', 'Updating categories', 'nl-BE');
INSERT INTO OKM_TRANSLATION (TR_MODULE, TR_KEY, TR_TEXT, TR_LANGUAGE) VALUES ('frontend', 'tab.document.status.get.version.history.size', 'Verversen document history grootte', 'nl-BE');
INSERT INTO OKM_TRANSLATION (TR_MODULE, TR_KEY, TR_TEXT, TR_LANGUAGE) VALUES ('frontend', 'tab.document.status.purge.version.history', 'Comprimeren document historie', 'nl-BE');
INSERT INTO OKM_TRANSLATION (TR_MODULE, TR_KEY, TR_TEXT, TR_LANGUAGE) VALUES ('frontend', 'tab.document.status.restore.version', 'Terughalen document versie', 'nl-BE');
INSERT INTO OKM_TRANSLATION (TR_MODULE, TR_KEY, TR_TEXT, TR_LANGUAGE) VALUES ('frontend', 'tab.folder.properties', 'Eigenschappen', 'nl-BE');
INSERT INTO OKM_TRANSLATION (TR_MODULE, TR_KEY, TR_TEXT, TR_LANGUAGE) VALUES ('frontend', 'tab.folder.security', 'Beveiliging mappen', 'nl-BE');
INSERT INTO OKM_TRANSLATION (TR_MODULE, TR_KEY, TR_TEXT, TR_LANGUAGE) VALUES ('frontend', 'tab.folder.notes', 'Notes', 'nl-BE');
INSERT INTO OKM_TRANSLATION (TR_MODULE, TR_KEY, TR_TEXT, TR_LANGUAGE) VALUES ('frontend', 'tab.workspace.desktop', 'Bureaublad', 'nl-BE');
INSERT INTO OKM_TRANSLATION (TR_MODULE, TR_KEY, TR_TEXT, TR_LANGUAGE) VALUES ('frontend', 'tab.workspace.search', 'Zoek', 'nl-BE');
INSERT INTO OKM_TRANSLATION (TR_MODULE, TR_KEY, TR_TEXT, TR_LANGUAGE) VALUES ('frontend', 'tab.workspace.dashboard', 'DashBoard', 'nl-BE');
INSERT INTO OKM_TRANSLATION (TR_MODULE, TR_KEY, TR_TEXT, TR_LANGUAGE) VALUES ('frontend', 'tab.workspace.administration', 'Administration', 'nl-BE');
INSERT INTO OKM_TRANSLATION (TR_MODULE, TR_KEY, TR_TEXT, TR_LANGUAGE) VALUES ('frontend', 'document.uuid', 'UUID', 'nl-BE');
INSERT INTO OKM_TRANSLATION (TR_MODULE, TR_KEY, TR_TEXT, TR_LANGUAGE) VALUES ('frontend', 'document.name', 'Naam', 'nl-BE');
INSERT INTO OKM_TRANSLATION (TR_MODULE, TR_KEY, TR_TEXT, TR_LANGUAGE) VALUES ('frontend', 'document.folder', 'Map', 'nl-BE');
INSERT INTO OKM_TRANSLATION (TR_MODULE, TR_KEY, TR_TEXT, TR_LANGUAGE) VALUES ('frontend', 'document.size', 'Grootte', 'nl-BE');
INSERT INTO OKM_TRANSLATION (TR_MODULE, TR_KEY, TR_TEXT, TR_LANGUAGE) VALUES ('frontend', 'document.created', 'Gemaakt', 'nl-BE');
INSERT INTO OKM_TRANSLATION (TR_MODULE, TR_KEY, TR_TEXT, TR_LANGUAGE) VALUES ('frontend', 'document.lastmodified', 'Gewijzigd', 'nl-BE');
INSERT INTO OKM_TRANSLATION (TR_MODULE, TR_KEY, TR_TEXT, TR_LANGUAGE) VALUES ('frontend', 'document.mimetype', 'MIME type', 'nl-BE');
INSERT INTO OKM_TRANSLATION (TR_MODULE, TR_KEY, TR_TEXT, TR_LANGUAGE) VALUES ('frontend', 'document.keywords', 'Sleutelwoorden', 'nl-BE');
INSERT INTO OKM_TRANSLATION (TR_MODULE, TR_KEY, TR_TEXT, TR_LANGUAGE) VALUES ('frontend', 'document.by', 'door', 'nl-BE');
INSERT INTO OKM_TRANSLATION (TR_MODULE, TR_KEY, TR_TEXT, TR_LANGUAGE) VALUES ('frontend', 'document.status', 'Status', 'nl-BE');
INSERT INTO OKM_TRANSLATION (TR_MODULE, TR_KEY, TR_TEXT, TR_LANGUAGE) VALUES ('frontend', 'document.status.checkout', 'Bewerkt door', 'nl-BE');
INSERT INTO OKM_TRANSLATION (TR_MODULE, TR_KEY, TR_TEXT, TR_LANGUAGE) VALUES ('frontend', 'document.status.locked', 'Beschermd door', 'nl-BE');
INSERT INTO OKM_TRANSLATION (TR_MODULE, TR_KEY, TR_TEXT, TR_LANGUAGE) VALUES ('frontend', 'document.status.normal', 'Beschikbaar', 'nl-BE');
INSERT INTO OKM_TRANSLATION (TR_MODULE, TR_KEY, TR_TEXT, TR_LANGUAGE) VALUES ('frontend', 'document.subscribed', 'Subscribed', 'nl-BE');
INSERT INTO OKM_TRANSLATION (TR_MODULE, TR_KEY, TR_TEXT, TR_LANGUAGE) VALUES ('frontend', 'document.subscribed.yes', 'Yes', 'nl-BE');
INSERT INTO OKM_TRANSLATION (TR_MODULE, TR_KEY, TR_TEXT, TR_LANGUAGE) VALUES ('frontend', 'document.subscribed.no', 'No', 'nl-BE');
INSERT INTO OKM_TRANSLATION (TR_MODULE, TR_KEY, TR_TEXT, TR_LANGUAGE) VALUES ('frontend', 'document.history.size', 'History size', 'nl-BE');
INSERT INTO OKM_TRANSLATION (TR_MODULE, TR_KEY, TR_TEXT, TR_LANGUAGE) VALUES ('frontend', 'document.subscribed.users', 'Ingeschreven gebruikers', 'nl-BE');
INSERT INTO OKM_TRANSLATION (TR_MODULE, TR_KEY, TR_TEXT, TR_LANGUAGE) VALUES ('frontend', 'document.url', 'URL', 'nl-BE');
INSERT INTO OKM_TRANSLATION (TR_MODULE, TR_KEY, TR_TEXT, TR_LANGUAGE) VALUES ('frontend', 'document.webdav', 'WebDAV', 'nl-BE');
INSERT INTO OKM_TRANSLATION (TR_MODULE, TR_KEY, TR_TEXT, TR_LANGUAGE) VALUES ('frontend', 'document.add.note', 'Add note', 'nl-BE');
INSERT INTO OKM_TRANSLATION (TR_MODULE, TR_KEY, TR_TEXT, TR_LANGUAGE) VALUES ('frontend', 'document.keywords.cloud', 'Keywords wolk', 'nl-BE');
INSERT INTO OKM_TRANSLATION (TR_MODULE, TR_KEY, TR_TEXT, TR_LANGUAGE) VALUES ('frontend', 'document.categories', 'Categories', 'nl-BE');
INSERT INTO OKM_TRANSLATION (TR_MODULE, TR_KEY, TR_TEXT, TR_LANGUAGE) VALUES ('frontend', 'folder.uuid', 'UUID', 'nl-BE');
INSERT INTO OKM_TRANSLATION (TR_MODULE, TR_KEY, TR_TEXT, TR_LANGUAGE) VALUES ('frontend', 'folder.name', 'Naam', 'nl-BE');
INSERT INTO OKM_TRANSLATION (TR_MODULE, TR_KEY, TR_TEXT, TR_LANGUAGE) VALUES ('frontend', 'folder.parent', 'Bovenliggend', 'nl-BE');
INSERT INTO OKM_TRANSLATION (TR_MODULE, TR_KEY, TR_TEXT, TR_LANGUAGE) VALUES ('frontend', 'folder.created', 'Gemaakt', 'nl-BE');
INSERT INTO OKM_TRANSLATION (TR_MODULE, TR_KEY, TR_TEXT, TR_LANGUAGE) VALUES ('frontend', 'folder.by', 'door', 'nl-BE');
INSERT INTO OKM_TRANSLATION (TR_MODULE, TR_KEY, TR_TEXT, TR_LANGUAGE) VALUES ('frontend', 'folder.subscribed', 'Subscribed', 'nl-BE');
INSERT INTO OKM_TRANSLATION (TR_MODULE, TR_KEY, TR_TEXT, TR_LANGUAGE) VALUES ('frontend', 'folder.subscribed.yes', 'Yes', 'nl-BE');
INSERT INTO OKM_TRANSLATION (TR_MODULE, TR_KEY, TR_TEXT, TR_LANGUAGE) VALUES ('frontend', 'folder.subscribed.no', 'No', 'nl-BE');
INSERT INTO OKM_TRANSLATION (TR_MODULE, TR_KEY, TR_TEXT, TR_LANGUAGE) VALUES ('frontend', 'folder.subscribed.users', 'Subscribed users', 'nl-BE');
INSERT INTO OKM_TRANSLATION (TR_MODULE, TR_KEY, TR_TEXT, TR_LANGUAGE) VALUES ('frontend', 'folder.url', 'URL', 'nl-BE');
INSERT INTO OKM_TRANSLATION (TR_MODULE, TR_KEY, TR_TEXT, TR_LANGUAGE) VALUES ('frontend', 'folder.webdav', 'WebDAV', 'nl-BE');
INSERT INTO OKM_TRANSLATION (TR_MODULE, TR_KEY, TR_TEXT, TR_LANGUAGE) VALUES ('frontend', 'folder.number.folders', 'Folders', 'nl-BE');
INSERT INTO OKM_TRANSLATION (TR_MODULE, TR_KEY, TR_TEXT, TR_LANGUAGE) VALUES ('frontend', 'folder.number.documents', 'Documents', 'nl-BE');
INSERT INTO OKM_TRANSLATION (TR_MODULE, TR_KEY, TR_TEXT, TR_LANGUAGE) VALUES ('frontend', 'folder.number.mails', 'Mails', 'nl-BE');
INSERT INTO OKM_TRANSLATION (TR_MODULE, TR_KEY, TR_TEXT, TR_LANGUAGE) VALUES ('frontend', 'version.name', 'Versie', 'nl-BE');
INSERT INTO OKM_TRANSLATION (TR_MODULE, TR_KEY, TR_TEXT, TR_LANGUAGE) VALUES ('frontend', 'version.created', 'Datum', 'nl-BE');
INSERT INTO OKM_TRANSLATION (TR_MODULE, TR_KEY, TR_TEXT, TR_LANGUAGE) VALUES ('frontend', 'version.author', 'Auteur', 'nl-BE');
INSERT INTO OKM_TRANSLATION (TR_MODULE, TR_KEY, TR_TEXT, TR_LANGUAGE) VALUES ('frontend', 'version.size', 'Grootte', 'nl-BE');
INSERT INTO OKM_TRANSLATION (TR_MODULE, TR_KEY, TR_TEXT, TR_LANGUAGE) VALUES ('frontend', 'version.purge.document', 'Compact history', 'nl-BE');
INSERT INTO OKM_TRANSLATION (TR_MODULE, TR_KEY, TR_TEXT, TR_LANGUAGE) VALUES ('frontend', 'version.comment', 'Comment', 'nl-BE');
INSERT INTO OKM_TRANSLATION (TR_MODULE, TR_KEY, TR_TEXT, TR_LANGUAGE) VALUES ('frontend', 'security.label', 'Beveiliging', 'nl-BE');
INSERT INTO OKM_TRANSLATION (TR_MODULE, TR_KEY, TR_TEXT, TR_LANGUAGE) VALUES ('frontend', 'security.group.name', 'Groep', 'nl-BE');
INSERT INTO OKM_TRANSLATION (TR_MODULE, TR_KEY, TR_TEXT, TR_LANGUAGE) VALUES ('frontend', 'security.group.permission.read', 'Lees', 'nl-BE');
INSERT INTO OKM_TRANSLATION (TR_MODULE, TR_KEY, TR_TEXT, TR_LANGUAGE) VALUES ('frontend', 'security.group.permission.write', 'Schrijf', 'nl-BE');
INSERT INTO OKM_TRANSLATION (TR_MODULE, TR_KEY, TR_TEXT, TR_LANGUAGE) VALUES ('frontend', 'security.group.permission.delete', 'Delete', 'nl-BE');
INSERT INTO OKM_TRANSLATION (TR_MODULE, TR_KEY, TR_TEXT, TR_LANGUAGE) VALUES ('frontend', 'security.group.permission.security', 'Security', 'nl-BE');
INSERT INTO OKM_TRANSLATION (TR_MODULE, TR_KEY, TR_TEXT, TR_LANGUAGE) VALUES ('frontend', 'security.user.name', 'Gebruiker', 'nl-BE');
INSERT INTO OKM_TRANSLATION (TR_MODULE, TR_KEY, TR_TEXT, TR_LANGUAGE) VALUES ('frontend', 'security.user.permission.read', 'Lees', 'nl-BE');
INSERT INTO OKM_TRANSLATION (TR_MODULE, TR_KEY, TR_TEXT, TR_LANGUAGE) VALUES ('frontend', 'security.user.permission.write', 'Schrijf', 'nl-BE');
INSERT INTO OKM_TRANSLATION (TR_MODULE, TR_KEY, TR_TEXT, TR_LANGUAGE) VALUES ('frontend', 'security.user.permission.delete', 'Delete', 'nl-BE');
INSERT INTO OKM_TRANSLATION (TR_MODULE, TR_KEY, TR_TEXT, TR_LANGUAGE) VALUES ('frontend', 'security.user.permission.security', 'Security', 'nl-BE');
INSERT INTO OKM_TRANSLATION (TR_MODULE, TR_KEY, TR_TEXT, TR_LANGUAGE) VALUES ('frontend', 'security.users', 'Gebruikers', 'nl-BE');
INSERT INTO OKM_TRANSLATION (TR_MODULE, TR_KEY, TR_TEXT, TR_LANGUAGE) VALUES ('frontend', 'security.groups', 'Groepen', 'nl-BE');
INSERT INTO OKM_TRANSLATION (TR_MODULE, TR_KEY, TR_TEXT, TR_LANGUAGE) VALUES ('frontend', 'security.recursive', 'Overerfbare rechten', 'nl-BE');
INSERT INTO OKM_TRANSLATION (TR_MODULE, TR_KEY, TR_TEXT, TR_LANGUAGE) VALUES ('frontend', 'secutiry.filter.by.users', 'Users filter', 'nl-BE');
INSERT INTO OKM_TRANSLATION (TR_MODULE, TR_KEY, TR_TEXT, TR_LANGUAGE) VALUES ('frontend', 'secutiry.filter.by.groups', 'Groups filter', 'nl-BE');
INSERT INTO OKM_TRANSLATION (TR_MODULE, TR_KEY, TR_TEXT, TR_LANGUAGE) VALUES ('frontend', 'security.status.updating', 'Updating security', 'nl-BE');
INSERT INTO OKM_TRANSLATION (TR_MODULE, TR_KEY, TR_TEXT, TR_LANGUAGE) VALUES ('frontend', 'preview.unavailable', 'Preview unavailable', 'nl-BE');
INSERT INTO OKM_TRANSLATION (TR_MODULE, TR_KEY, TR_TEXT, TR_LANGUAGE) VALUES ('frontend', 'mail.from', 'Van', 'nl-BE');
INSERT INTO OKM_TRANSLATION (TR_MODULE, TR_KEY, TR_TEXT, TR_LANGUAGE) VALUES ('frontend', 'mail.reply', 'Beantwoorden', 'nl-BE');
INSERT INTO OKM_TRANSLATION (TR_MODULE, TR_KEY, TR_TEXT, TR_LANGUAGE) VALUES ('frontend', 'mail.to', 'Aan', 'nl-BE');
INSERT INTO OKM_TRANSLATION (TR_MODULE, TR_KEY, TR_TEXT, TR_LANGUAGE) VALUES ('frontend', 'mail.subject', 'Onderwerp', 'nl-BE');
INSERT INTO OKM_TRANSLATION (TR_MODULE, TR_KEY, TR_TEXT, TR_LANGUAGE) VALUES ('frontend', 'mail.attachment', 'Bijlagen', 'nl-BE');
INSERT INTO OKM_TRANSLATION (TR_MODULE, TR_KEY, TR_TEXT, TR_LANGUAGE) VALUES ('frontend', 'error.label', 'Het systeem heeft een fout gemaakt', 'nl-BE');
INSERT INTO OKM_TRANSLATION (TR_MODULE, TR_KEY, TR_TEXT, TR_LANGUAGE) VALUES ('frontend', 'error.invocation', 'Communicatiefout met server', 'nl-BE');
INSERT INTO OKM_TRANSLATION (TR_MODULE, TR_KEY, TR_TEXT, TR_LANGUAGE) VALUES ('frontend', 'about.label', 'Over OpenKM', 'nl-BE');
INSERT INTO OKM_TRANSLATION (TR_MODULE, TR_KEY, TR_TEXT, TR_LANGUAGE) VALUES ('frontend', 'about.loading', 'Laden ...', 'nl-BE');
INSERT INTO OKM_TRANSLATION (TR_MODULE, TR_KEY, TR_TEXT, TR_LANGUAGE) VALUES ('frontend', 'logout.label', 'Afsluiten', 'nl-BE');
INSERT INTO OKM_TRANSLATION (TR_MODULE, TR_KEY, TR_TEXT, TR_LANGUAGE) VALUES ('frontend', 'logout.closed', 'OpenKM werd correct afgesloten.', 'nl-BE');
INSERT INTO OKM_TRANSLATION (TR_MODULE, TR_KEY, TR_TEXT, TR_LANGUAGE) VALUES ('frontend', 'logout.logout', 'OpenKM is bezig met uitloggen,  aub geduld', 'nl-BE');
INSERT INTO OKM_TRANSLATION (TR_MODULE, TR_KEY, TR_TEXT, TR_LANGUAGE) VALUES ('frontend', 'confirm.label', 'Bevestigen', 'nl-BE');
INSERT INTO OKM_TRANSLATION (TR_MODULE, TR_KEY, TR_TEXT, TR_LANGUAGE) VALUES ('frontend', 'confirm.delete.folder', 'Wilt u echt deze map wissen ?', 'nl-BE');
INSERT INTO OKM_TRANSLATION (TR_MODULE, TR_KEY, TR_TEXT, TR_LANGUAGE) VALUES ('frontend', 'confirm.delete.document', 'Wilt u echt dit bestand wissen ?', 'nl-BE');
INSERT INTO OKM_TRANSLATION (TR_MODULE, TR_KEY, TR_TEXT, TR_LANGUAGE) VALUES ('frontend', 'confirm.delete.trash', 'Wilt u echt de prullenbak leegmaken ?', 'nl-BE');
INSERT INTO OKM_TRANSLATION (TR_MODULE, TR_KEY, TR_TEXT, TR_LANGUAGE) VALUES ('frontend', 'confirm.purge.folder', 'Wilt u echt deze map verwijderen ?', 'nl-BE');
INSERT INTO OKM_TRANSLATION (TR_MODULE, TR_KEY, TR_TEXT, TR_LANGUAGE) VALUES ('frontend', 'confirm.purge.document', 'Wilt u echt dit bestand verwijderen ?', 'nl-BE');
INSERT INTO OKM_TRANSLATION (TR_MODULE, TR_KEY, TR_TEXT, TR_LANGUAGE) VALUES ('frontend', 'confirm.delete.propety.group', ' Wilt u echt deze property groep verwijderen ?', 'nl-BE');
INSERT INTO OKM_TRANSLATION (TR_MODULE, TR_KEY, TR_TEXT, TR_LANGUAGE) VALUES ('frontend', 'confirm.purge.version.history.document', ' Wilt u echt deze document geschiedenis verwijderen ?', 'nl-BE');
INSERT INTO OKM_TRANSLATION (TR_MODULE, TR_KEY, TR_TEXT, TR_LANGUAGE) VALUES ('frontend', 'confirm.purge.restore.document', ' Wilt u echt deze document geschiedenis terughalen ?', 'nl-BE');
INSERT INTO OKM_TRANSLATION (TR_MODULE, TR_KEY, TR_TEXT, TR_LANGUAGE) VALUES ('frontend', 'confirm.set.default.home', ' Wilt u echt de standaard thuismap veranderen ?', 'nl-BE');
INSERT INTO OKM_TRANSLATION (TR_MODULE, TR_KEY, TR_TEXT, TR_LANGUAGE) VALUES ('frontend', 'confirm.delete.saved.search', ' Wilt u echt deze opgeslagen zoekopdracht verwijderen ?', 'nl-BE');
INSERT INTO OKM_TRANSLATION (TR_MODULE, TR_KEY, TR_TEXT, TR_LANGUAGE) VALUES ('frontend', 'confirm.delete.user.news', ' Wilt u echt dit gebruikers nieuws verwijderen ?', 'nl-BE');
INSERT INTO OKM_TRANSLATION (TR_MODULE, TR_KEY, TR_TEXT, TR_LANGUAGE) VALUES ('frontend', 'confirm.delete.mail', ' Wilt u echt deze mail verwijderen ?', 'nl-BE');
INSERT INTO OKM_TRANSLATION (TR_MODULE, TR_KEY, TR_TEXT, TR_LANGUAGE) VALUES ('frontend', 'confirm.get.pooled.workflow.task', 'Do you want to assign this task to you ?', 'nl-BE');
INSERT INTO OKM_TRANSLATION (TR_MODULE, TR_KEY, TR_TEXT, TR_LANGUAGE) VALUES ('frontend', 'confirm.force.unlock', 'Do you really want to force the document unlock ?', 'nl-BE');
INSERT INTO OKM_TRANSLATION (TR_MODULE, TR_KEY, TR_TEXT, TR_LANGUAGE) VALUES ('frontend', 'confirm.force.cancel.checkout', 'Do you really want to force the document cancel checkout ?', 'nl-BE');
INSERT INTO OKM_TRANSLATION (TR_MODULE, TR_KEY, TR_TEXT, TR_LANGUAGE) VALUES ('frontend', 'search.context', 'Context', 'nl-BE');
INSERT INTO OKM_TRANSLATION (TR_MODULE, TR_KEY, TR_TEXT, TR_LANGUAGE) VALUES ('frontend', 'search.content', 'Inhoud', 'nl-BE');
INSERT INTO OKM_TRANSLATION (TR_MODULE, TR_KEY, TR_TEXT, TR_LANGUAGE) VALUES ('frontend', 'search.name', 'Naam', 'nl-BE');
INSERT INTO OKM_TRANSLATION (TR_MODULE, TR_KEY, TR_TEXT, TR_LANGUAGE) VALUES ('frontend', 'search.keywords', 'Sleutelwoorden', 'nl-BE');
INSERT INTO OKM_TRANSLATION (TR_MODULE, TR_KEY, TR_TEXT, TR_LANGUAGE) VALUES ('frontend', 'search.folder', 'Map', 'nl-BE');
INSERT INTO OKM_TRANSLATION (TR_MODULE, TR_KEY, TR_TEXT, TR_LANGUAGE) VALUES ('frontend', 'search.category', 'Category', 'nl-BE');
INSERT INTO OKM_TRANSLATION (TR_MODULE, TR_KEY, TR_TEXT, TR_LANGUAGE) VALUES ('frontend', 'search.results', 'Resultaten', 'nl-BE');
INSERT INTO OKM_TRANSLATION (TR_MODULE, TR_KEY, TR_TEXT, TR_LANGUAGE) VALUES ('frontend', 'search.to', 'aan', 'nl-BE');
INSERT INTO OKM_TRANSLATION (TR_MODULE, TR_KEY, TR_TEXT, TR_LANGUAGE) VALUES ('frontend', 'search.page.results', 'Page results', 'nl-BE');
INSERT INTO OKM_TRANSLATION (TR_MODULE, TR_KEY, TR_TEXT, TR_LANGUAGE) VALUES ('frontend', 'search.add.property.group', 'Property groep toevoegen', 'nl-BE');
INSERT INTO OKM_TRANSLATION (TR_MODULE, TR_KEY, TR_TEXT, TR_LANGUAGE) VALUES ('frontend', 'search.mimetype', 'Mime type', 'nl-BE');
INSERT INTO OKM_TRANSLATION (TR_MODULE, TR_KEY, TR_TEXT, TR_LANGUAGE) VALUES ('frontend', 'search.type', 'Type', 'nl-BE');
INSERT INTO OKM_TRANSLATION (TR_MODULE, TR_KEY, TR_TEXT, TR_LANGUAGE) VALUES ('frontend', 'search.type.document', 'Dokument', 'nl-BE');
INSERT INTO OKM_TRANSLATION (TR_MODULE, TR_KEY, TR_TEXT, TR_LANGUAGE) VALUES ('frontend', 'search.type.folder', 'Map', 'nl-BE');
INSERT INTO OKM_TRANSLATION (TR_MODULE, TR_KEY, TR_TEXT, TR_LANGUAGE) VALUES ('frontend', 'search.type.mail', 'Mail', 'nl-BE');
INSERT INTO OKM_TRANSLATION (TR_MODULE, TR_KEY, TR_TEXT, TR_LANGUAGE) VALUES ('frontend', 'search.advanced', 'Uitgebreide zoekopdracht', 'nl-BE');
INSERT INTO OKM_TRANSLATION (TR_MODULE, TR_KEY, TR_TEXT, TR_LANGUAGE) VALUES ('frontend', 'search.user', 'Gebruiker', 'nl-BE');
INSERT INTO OKM_TRANSLATION (TR_MODULE, TR_KEY, TR_TEXT, TR_LANGUAGE) VALUES ('frontend', 'search.date.and', 'and', 'nl-BE');
INSERT INTO OKM_TRANSLATION (TR_MODULE, TR_KEY, TR_TEXT, TR_LANGUAGE) VALUES ('frontend', 'search.date.range', 'Datum tussen', 'nl-BE');
INSERT INTO OKM_TRANSLATION (TR_MODULE, TR_KEY, TR_TEXT, TR_LANGUAGE) VALUES ('frontend', 'search.save.as.news', 'Opslaan als gebruiker nieuws', 'nl-BE');
INSERT INTO OKM_TRANSLATION (TR_MODULE, TR_KEY, TR_TEXT, TR_LANGUAGE) VALUES ('frontend', 'search.folder.filter', 'Filter op map', 'nl-BE');
INSERT INTO OKM_TRANSLATION (TR_MODULE, TR_KEY, TR_TEXT, TR_LANGUAGE) VALUES ('frontend', 'search.category.filter', 'Filter by category', 'nl-BE');
INSERT INTO OKM_TRANSLATION (TR_MODULE, TR_KEY, TR_TEXT, TR_LANGUAGE) VALUES ('frontend', 'search.result.name', 'Naam', 'nl-BE');
INSERT INTO OKM_TRANSLATION (TR_MODULE, TR_KEY, TR_TEXT, TR_LANGUAGE) VALUES ('frontend', 'search.result.score', 'Relevance', 'nl-BE');
INSERT INTO OKM_TRANSLATION (TR_MODULE, TR_KEY, TR_TEXT, TR_LANGUAGE) VALUES ('frontend', 'search.result.size', 'Grootte', 'nl-BE');
INSERT INTO OKM_TRANSLATION (TR_MODULE, TR_KEY, TR_TEXT, TR_LANGUAGE) VALUES ('frontend', 'search.result.date.update', 'Datum bijwerken', 'nl-BE');
INSERT INTO OKM_TRANSLATION (TR_MODULE, TR_KEY, TR_TEXT, TR_LANGUAGE) VALUES ('frontend', 'search.result.author', 'Auteur', 'nl-BE');
INSERT INTO OKM_TRANSLATION (TR_MODULE, TR_KEY, TR_TEXT, TR_LANGUAGE) VALUES ('frontend', 'search.result.version', 'Versie', 'nl-BE');
INSERT INTO OKM_TRANSLATION (TR_MODULE, TR_KEY, TR_TEXT, TR_LANGUAGE) VALUES ('frontend', 'search.result.path', 'Pad', 'nl-BE');
INSERT INTO OKM_TRANSLATION (TR_MODULE, TR_KEY, TR_TEXT, TR_LANGUAGE) VALUES ('frontend', 'search.result.menu.download', 'Download', 'nl-BE');
INSERT INTO OKM_TRANSLATION (TR_MODULE, TR_KEY, TR_TEXT, TR_LANGUAGE) VALUES ('frontend', 'search.result.menu.go.folder', 'Ga naar map', 'nl-BE');
INSERT INTO OKM_TRANSLATION (TR_MODULE, TR_KEY, TR_TEXT, TR_LANGUAGE) VALUES ('frontend', 'search.result.menu.go.document', 'Ga naar document', 'nl-BE');
INSERT INTO OKM_TRANSLATION (TR_MODULE, TR_KEY, TR_TEXT, TR_LANGUAGE) VALUES ('frontend', 'search.result.status.findPaginated', 'Zoek op', 'nl-BE');
INSERT INTO OKM_TRANSLATION (TR_MODULE, TR_KEY, TR_TEXT, TR_LANGUAGE) VALUES ('frontend', 'search.result.status.runsearch', 'Werk opgeslagen zoekopdracht bij', 'nl-BE');
INSERT INTO OKM_TRANSLATION (TR_MODULE, TR_KEY, TR_TEXT, TR_LANGUAGE) VALUES ('frontend', 'search.saved.run', 'Uitvoeren', 'nl-BE');
INSERT INTO OKM_TRANSLATION (TR_MODULE, TR_KEY, TR_TEXT, TR_LANGUAGE) VALUES ('frontend', 'search.saved.delete', 'Wissen', 'nl-BE');
INSERT INTO OKM_TRANSLATION (TR_MODULE, TR_KEY, TR_TEXT, TR_LANGUAGE) VALUES ('frontend', 'search.saved.status.getsearchs', 'Opgeslagen zoekopdrachten verversen', 'nl-BE');
INSERT INTO OKM_TRANSLATION (TR_MODULE, TR_KEY, TR_TEXT, TR_LANGUAGE) VALUES ('frontend', 'search.saved.status.savesearch', 'Opgeslagen zoekopdracht bijwerken', 'nl-BE');
INSERT INTO OKM_TRANSLATION (TR_MODULE, TR_KEY, TR_TEXT, TR_LANGUAGE) VALUES ('frontend', 'search.saved.status.deletesearch', 'Opgeslagen zoekopdracht wissen', 'nl-BE');
INSERT INTO OKM_TRANSLATION (TR_MODULE, TR_KEY, TR_TEXT, TR_LANGUAGE) VALUES ('frontend', 'search.saved.status.getusernews', 'Refreshing user news', 'nl-BE');
INSERT INTO OKM_TRANSLATION (TR_MODULE, TR_KEY, TR_TEXT, TR_LANGUAGE) VALUES ('frontend', 'button.close', 'Sluit', 'nl-BE');
INSERT INTO OKM_TRANSLATION (TR_MODULE, TR_KEY, TR_TEXT, TR_LANGUAGE) VALUES ('frontend', 'button.logout', 'Afmelden', 'nl-BE');
INSERT INTO OKM_TRANSLATION (TR_MODULE, TR_KEY, TR_TEXT, TR_LANGUAGE) VALUES ('frontend', 'button.update', 'Bewerk', 'nl-BE');
INSERT INTO OKM_TRANSLATION (TR_MODULE, TR_KEY, TR_TEXT, TR_LANGUAGE) VALUES ('frontend', 'button.cancel', 'Annuleer', 'nl-BE');
INSERT INTO OKM_TRANSLATION (TR_MODULE, TR_KEY, TR_TEXT, TR_LANGUAGE) VALUES ('frontend', 'button.accept', 'Accepteer', 'nl-BE');
INSERT INTO OKM_TRANSLATION (TR_MODULE, TR_KEY, TR_TEXT, TR_LANGUAGE) VALUES ('frontend', 'button.restore', 'Plaats terug', 'nl-BE');
INSERT INTO OKM_TRANSLATION (TR_MODULE, TR_KEY, TR_TEXT, TR_LANGUAGE) VALUES ('frontend', 'button.move', 'Verplaats', 'nl-BE');
INSERT INTO OKM_TRANSLATION (TR_MODULE, TR_KEY, TR_TEXT, TR_LANGUAGE) VALUES ('frontend', 'button.change', 'Verander', 'nl-BE');
INSERT INTO OKM_TRANSLATION (TR_MODULE, TR_KEY, TR_TEXT, TR_LANGUAGE) VALUES ('frontend', 'button.search', 'Zoek', 'nl-BE');
INSERT INTO OKM_TRANSLATION (TR_MODULE, TR_KEY, TR_TEXT, TR_LANGUAGE) VALUES ('frontend', 'button.save.search', 'Zoekopdracht bewaren', 'nl-BE');
INSERT INTO OKM_TRANSLATION (TR_MODULE, TR_KEY, TR_TEXT, TR_LANGUAGE) VALUES ('frontend', 'button.view', 'Bekijk', 'nl-BE');
INSERT INTO OKM_TRANSLATION (TR_MODULE, TR_KEY, TR_TEXT, TR_LANGUAGE) VALUES ('frontend', 'button.clean', 'Opschonen', 'nl-BE');
INSERT INTO OKM_TRANSLATION (TR_MODULE, TR_KEY, TR_TEXT, TR_LANGUAGE) VALUES ('frontend', 'button.add', 'Voeg toe', 'nl-BE');
INSERT INTO OKM_TRANSLATION (TR_MODULE, TR_KEY, TR_TEXT, TR_LANGUAGE) VALUES ('frontend', 'button.delete', 'Verwijder', 'nl-BE');
INSERT INTO OKM_TRANSLATION (TR_MODULE, TR_KEY, TR_TEXT, TR_LANGUAGE) VALUES ('frontend', 'button.copy', 'Kopieer', 'nl-BE');
INSERT INTO OKM_TRANSLATION (TR_MODULE, TR_KEY, TR_TEXT, TR_LANGUAGE) VALUES ('frontend', 'button.create', 'Aanmaken', 'nl-BE');
INSERT INTO OKM_TRANSLATION (TR_MODULE, TR_KEY, TR_TEXT, TR_LANGUAGE) VALUES ('frontend', 'button.show', 'Toon', 'nl-BE');
INSERT INTO OKM_TRANSLATION (TR_MODULE, TR_KEY, TR_TEXT, TR_LANGUAGE) VALUES ('frontend', 'button.memory', 'Bewerk', 'nl-BE');
INSERT INTO OKM_TRANSLATION (TR_MODULE, TR_KEY, TR_TEXT, TR_LANGUAGE) VALUES ('frontend', 'button.copy.clipboard', 'Kopieren naar klembord', 'nl-BE');
INSERT INTO OKM_TRANSLATION (TR_MODULE, TR_KEY, TR_TEXT, TR_LANGUAGE) VALUES ('frontend', 'button.start', 'Start', 'nl-BE');
INSERT INTO OKM_TRANSLATION (TR_MODULE, TR_KEY, TR_TEXT, TR_LANGUAGE) VALUES ('frontend', 'button.select', 'Selecteer', 'nl-BE');
INSERT INTO OKM_TRANSLATION (TR_MODULE, TR_KEY, TR_TEXT, TR_LANGUAGE) VALUES ('frontend', 'button.test', 'Test', 'nl-BE');
INSERT INTO OKM_TRANSLATION (TR_MODULE, TR_KEY, TR_TEXT, TR_LANGUAGE) VALUES ('frontend', 'button.next', 'Next', 'nl-BE');
INSERT INTO OKM_TRANSLATION (TR_MODULE, TR_KEY, TR_TEXT, TR_LANGUAGE) VALUES ('frontend', 'group.label', 'Property groep toevoegen', 'nl-BE');
INSERT INTO OKM_TRANSLATION (TR_MODULE, TR_KEY, TR_TEXT, TR_LANGUAGE) VALUES ('frontend', 'group.group', 'Groep', 'nl-BE');
INSERT INTO OKM_TRANSLATION (TR_MODULE, TR_KEY, TR_TEXT, TR_LANGUAGE) VALUES ('frontend', 'group.property.group', 'Eigenschap', 'nl-BE');
INSERT INTO OKM_TRANSLATION (TR_MODULE, TR_KEY, TR_TEXT, TR_LANGUAGE) VALUES ('frontend', 'bookmark.label', 'Favoriet toevoegen', 'nl-BE');
INSERT INTO OKM_TRANSLATION (TR_MODULE, TR_KEY, TR_TEXT, TR_LANGUAGE) VALUES ('frontend', 'bookmark.name', 'Naam', 'nl-BE');
INSERT INTO OKM_TRANSLATION (TR_MODULE, TR_KEY, TR_TEXT, TR_LANGUAGE) VALUES ('frontend', 'bookmark.edit.label', 'Favoriet bewerken', 'nl-BE');
INSERT INTO OKM_TRANSLATION (TR_MODULE, TR_KEY, TR_TEXT, TR_LANGUAGE) VALUES ('frontend', 'bookmark.path', 'Pad', 'nl-BE');
INSERT INTO OKM_TRANSLATION (TR_MODULE, TR_KEY, TR_TEXT, TR_LANGUAGE) VALUES ('frontend', 'bookmark.type', 'Type', 'nl-BE');
INSERT INTO OKM_TRANSLATION (TR_MODULE, TR_KEY, TR_TEXT, TR_LANGUAGE) VALUES ('frontend', 'bookmark.type.document', 'Document', 'nl-BE');
INSERT INTO OKM_TRANSLATION (TR_MODULE, TR_KEY, TR_TEXT, TR_LANGUAGE) VALUES ('frontend', 'bookmark.type.folder', 'Map', 'nl-BE');
INSERT INTO OKM_TRANSLATION (TR_MODULE, TR_KEY, TR_TEXT, TR_LANGUAGE) VALUES ('frontend', 'notify.label', 'Document link versturen', 'nl-BE');
INSERT INTO OKM_TRANSLATION (TR_MODULE, TR_KEY, TR_TEXT, TR_LANGUAGE) VALUES ('frontend', 'notify.label.attachment', 'Send document attachment', 'nl-BE');
INSERT INTO OKM_TRANSLATION (TR_MODULE, TR_KEY, TR_TEXT, TR_LANGUAGE) VALUES ('frontend', 'status.document.copied', 'Document gemarkeerd voor kopieren', 'nl-BE');
INSERT INTO OKM_TRANSLATION (TR_MODULE, TR_KEY, TR_TEXT, TR_LANGUAGE) VALUES ('frontend', 'status.document.cut', 'Document gemarkeerd voor knippen', 'nl-BE');
INSERT INTO OKM_TRANSLATION (TR_MODULE, TR_KEY, TR_TEXT, TR_LANGUAGE) VALUES ('frontend', 'status.folder.copied', 'Map gemarkeerd voor kopieren', 'nl-BE');
INSERT INTO OKM_TRANSLATION (TR_MODULE, TR_KEY, TR_TEXT, TR_LANGUAGE) VALUES ('frontend', 'status.folder.cut', 'Map gemarkeerd voor knippen', 'nl-BE');
INSERT INTO OKM_TRANSLATION (TR_MODULE, TR_KEY, TR_TEXT, TR_LANGUAGE) VALUES ('frontend', 'status.keep.alive.error', 'Verloren verbinding naar de server gedetecteerd (keep alive)', 'nl-BE');
INSERT INTO OKM_TRANSLATION (TR_MODULE, TR_KEY, TR_TEXT, TR_LANGUAGE) VALUES ('frontend', 'status.debug.enabled', 'Debug Ingeschakeld', 'nl-BE');
INSERT INTO OKM_TRANSLATION (TR_MODULE, TR_KEY, TR_TEXT, TR_LANGUAGE) VALUES ('frontend', 'status.debug.disabled', 'Debug Uitgeschakeld', 'nl-BE');
INSERT INTO OKM_TRANSLATION (TR_MODULE, TR_KEY, TR_TEXT, TR_LANGUAGE) VALUES ('frontend', 'status.network.error.detected', 'Network error detected', 'nl-BE');
INSERT INTO OKM_TRANSLATION (TR_MODULE, TR_KEY, TR_TEXT, TR_LANGUAGE) VALUES ('frontend', 'calendar.day.sunday', 'Zondag', 'nl-BE');
INSERT INTO OKM_TRANSLATION (TR_MODULE, TR_KEY, TR_TEXT, TR_LANGUAGE) VALUES ('frontend', 'calendar.day.monday', 'Maandag', 'nl-BE');
INSERT INTO OKM_TRANSLATION (TR_MODULE, TR_KEY, TR_TEXT, TR_LANGUAGE) VALUES ('frontend', 'calendar.day.tuesday', 'Dinsdag', 'nl-BE');
INSERT INTO OKM_TRANSLATION (TR_MODULE, TR_KEY, TR_TEXT, TR_LANGUAGE) VALUES ('frontend', 'calendar.day.wednesday', 'Woensdag', 'nl-BE');
INSERT INTO OKM_TRANSLATION (TR_MODULE, TR_KEY, TR_TEXT, TR_LANGUAGE) VALUES ('frontend', 'calendar.day.thursday', 'Donderdag', 'nl-BE');
INSERT INTO OKM_TRANSLATION (TR_MODULE, TR_KEY, TR_TEXT, TR_LANGUAGE) VALUES ('frontend', 'calendar.day.friday', 'Vrijdag', 'nl-BE');
INSERT INTO OKM_TRANSLATION (TR_MODULE, TR_KEY, TR_TEXT, TR_LANGUAGE) VALUES ('frontend', 'calendar.day.saturday', 'Zaterdag', 'nl-BE');
INSERT INTO OKM_TRANSLATION (TR_MODULE, TR_KEY, TR_TEXT, TR_LANGUAGE) VALUES ('frontend', 'calendar.month.january', 'Januari', 'nl-BE');
INSERT INTO OKM_TRANSLATION (TR_MODULE, TR_KEY, TR_TEXT, TR_LANGUAGE) VALUES ('frontend', 'calendar.month.february', 'Februari', 'nl-BE');
INSERT INTO OKM_TRANSLATION (TR_MODULE, TR_KEY, TR_TEXT, TR_LANGUAGE) VALUES ('frontend', 'calendar.month.march', 'Maart', 'nl-BE');
INSERT INTO OKM_TRANSLATION (TR_MODULE, TR_KEY, TR_TEXT, TR_LANGUAGE) VALUES ('frontend', 'calendar.month.april', 'April', 'nl-BE');
INSERT INTO OKM_TRANSLATION (TR_MODULE, TR_KEY, TR_TEXT, TR_LANGUAGE) VALUES ('frontend', 'calendar.month.may', 'Mei', 'nl-BE');
INSERT INTO OKM_TRANSLATION (TR_MODULE, TR_KEY, TR_TEXT, TR_LANGUAGE) VALUES ('frontend', 'calendar.month.june', 'Juni', 'nl-BE');
INSERT INTO OKM_TRANSLATION (TR_MODULE, TR_KEY, TR_TEXT, TR_LANGUAGE) VALUES ('frontend', 'calendar.month.july', 'July', 'nl-BE');
INSERT INTO OKM_TRANSLATION (TR_MODULE, TR_KEY, TR_TEXT, TR_LANGUAGE) VALUES ('frontend', 'calendar.month.august', 'Augustus', 'nl-BE');
INSERT INTO OKM_TRANSLATION (TR_MODULE, TR_KEY, TR_TEXT, TR_LANGUAGE) VALUES ('frontend', 'calendar.month.september', 'September', 'nl-BE');
INSERT INTO OKM_TRANSLATION (TR_MODULE, TR_KEY, TR_TEXT, TR_LANGUAGE) VALUES ('frontend', 'calendar.month.october', 'Oktober', 'nl-BE');
INSERT INTO OKM_TRANSLATION (TR_MODULE, TR_KEY, TR_TEXT, TR_LANGUAGE) VALUES ('frontend', 'calendar.month.november', 'November', 'nl-BE');
INSERT INTO OKM_TRANSLATION (TR_MODULE, TR_KEY, TR_TEXT, TR_LANGUAGE) VALUES ('frontend', 'calendar.month.december', 'December', 'nl-BE');
INSERT INTO OKM_TRANSLATION (TR_MODULE, TR_KEY, TR_TEXT, TR_LANGUAGE) VALUES ('frontend', 'media.player.label', 'Media speler', 'nl-BE');
INSERT INTO OKM_TRANSLATION (TR_MODULE, TR_KEY, TR_TEXT, TR_LANGUAGE) VALUES ('frontend', 'image.viewer.label', 'Afbeelding viewer', 'nl-BE');
INSERT INTO OKM_TRANSLATION (TR_MODULE, TR_KEY, TR_TEXT, TR_LANGUAGE) VALUES ('frontend', 'image.viewer.zoom.in', 'Zoom in', 'nl-BE');
INSERT INTO OKM_TRANSLATION (TR_MODULE, TR_KEY, TR_TEXT, TR_LANGUAGE) VALUES ('frontend', 'image.viewer.zoom.out', 'Zoom uit', 'nl-BE');
INSERT INTO OKM_TRANSLATION (TR_MODULE, TR_KEY, TR_TEXT, TR_LANGUAGE) VALUES ('frontend', 'debug.console.label', 'Debug console', 'nl-BE');
INSERT INTO OKM_TRANSLATION (TR_MODULE, TR_KEY, TR_TEXT, TR_LANGUAGE) VALUES ('frontend', 'debug.enable.disable', 'CTRL+Z om debug modus aan/uit te zetten', 'nl-BE');
INSERT INTO OKM_TRANSLATION (TR_MODULE, TR_KEY, TR_TEXT, TR_LANGUAGE) VALUES ('frontend', 'dashboard.tab.general', 'Algemeen', 'nl-BE');
INSERT INTO OKM_TRANSLATION (TR_MODULE, TR_KEY, TR_TEXT, TR_LANGUAGE) VALUES ('frontend', 'dashboard.tab.news', 'Nieuws', 'nl-BE');
INSERT INTO OKM_TRANSLATION (TR_MODULE, TR_KEY, TR_TEXT, TR_LANGUAGE) VALUES ('frontend', 'dashboard.tab.user', 'User', 'nl-BE');
INSERT INTO OKM_TRANSLATION (TR_MODULE, TR_KEY, TR_TEXT, TR_LANGUAGE) VALUES ('frontend', 'dashboard.tab.workflow', 'Workflow', 'nl-BE');
INSERT INTO OKM_TRANSLATION (TR_MODULE, TR_KEY, TR_TEXT, TR_LANGUAGE) VALUES ('frontend', 'dashboard.tab.mail', 'Mail', 'nl-BE');
INSERT INTO OKM_TRANSLATION (TR_MODULE, TR_KEY, TR_TEXT, TR_LANGUAGE) VALUES ('frontend', 'dashboard.tab.keymap', 'Sleutelwoord mapping', 'nl-BE');
INSERT INTO OKM_TRANSLATION (TR_MODULE, TR_KEY, TR_TEXT, TR_LANGUAGE) VALUES ('frontend', 'dashboard.new.items', 'New', 'nl-BE');
INSERT INTO OKM_TRANSLATION (TR_MODULE, TR_KEY, TR_TEXT, TR_LANGUAGE) VALUES ('frontend', 'dashboard.user.locked.documents', 'Gelockte documenten', 'nl-BE');
INSERT INTO OKM_TRANSLATION (TR_MODULE, TR_KEY, TR_TEXT, TR_LANGUAGE) VALUES ('frontend', 'dashboard.user.checkout.documents', 'Check-out documenten', 'nl-BE');
INSERT INTO OKM_TRANSLATION (TR_MODULE, TR_KEY, TR_TEXT, TR_LANGUAGE) VALUES ('frontend', 'dashboard.user.last.modified.documents', 'Laatst bewerkte documenten', 'nl-BE');
INSERT INTO OKM_TRANSLATION (TR_MODULE, TR_KEY, TR_TEXT, TR_LANGUAGE) VALUES ('frontend', 'dashboard.user.last.downloaded.documents', 'Laatst gedownloade documenten', 'nl-BE');
INSERT INTO OKM_TRANSLATION (TR_MODULE, TR_KEY, TR_TEXT, TR_LANGUAGE) VALUES ('frontend', 'dashboard.user.subscribed.documents', 'Ingeschreven documenten', 'nl-BE');
INSERT INTO OKM_TRANSLATION (TR_MODULE, TR_KEY, TR_TEXT, TR_LANGUAGE) VALUES ('frontend', 'dashboard.user.subscribed.folders', 'Ingeschreven mappen', 'nl-BE');
INSERT INTO OKM_TRANSLATION (TR_MODULE, TR_KEY, TR_TEXT, TR_LANGUAGE) VALUES ('frontend', 'dashboard.user.last.uploaded.documents', 'Documenten laast ge-upload', 'nl-BE');
INSERT INTO OKM_TRANSLATION (TR_MODULE, TR_KEY, TR_TEXT, TR_LANGUAGE) VALUES ('frontend', 'dashboard.general.last.week.top.downloaded.documents', 'Vorige week top gedownloade documenten', 'nl-BE');
INSERT INTO OKM_TRANSLATION (TR_MODULE, TR_KEY, TR_TEXT, TR_LANGUAGE) VALUES ('frontend', 'dashboard.general.last.month.top.downloaded.documents', 'Vorige maand top gedownloade documenten', 'nl-BE');
INSERT INTO OKM_TRANSLATION (TR_MODULE, TR_KEY, TR_TEXT, TR_LANGUAGE) VALUES ('frontend', 'dashboard.general.last.week.top.modified.documents', 'Vorige week top bewerkte documenten', 'nl-BE');
INSERT INTO OKM_TRANSLATION (TR_MODULE, TR_KEY, TR_TEXT, TR_LANGUAGE) VALUES ('frontend', 'dashboard.general.last.month.top.modified.documents', 'Vorige maand top bekeken documenten', 'nl-BE');
INSERT INTO OKM_TRANSLATION (TR_MODULE, TR_KEY, TR_TEXT, TR_LANGUAGE) VALUES ('frontend', 'dashboard.general.last.uploaded.documents', 'Documenten laatst ge-upload', 'nl-BE');
INSERT INTO OKM_TRANSLATION (TR_MODULE, TR_KEY, TR_TEXT, TR_LANGUAGE) VALUES ('frontend', 'dashboard.workflow.pending.tasks', 'Wachtende opdrachten', 'nl-BE');
INSERT INTO OKM_TRANSLATION (TR_MODULE, TR_KEY, TR_TEXT, TR_LANGUAGE) VALUES ('frontend', 'dashboard.workflow.pending.tasks.unassigned', 'Unassigned pending tasks', 'nl-BE');
INSERT INTO OKM_TRANSLATION (TR_MODULE, TR_KEY, TR_TEXT, TR_LANGUAGE) VALUES ('frontend', 'dashboard.workflow.task', 'Opdracht', 'nl-BE');
INSERT INTO OKM_TRANSLATION (TR_MODULE, TR_KEY, TR_TEXT, TR_LANGUAGE) VALUES ('frontend', 'dashboard.workflow.task.id', 'ID', 'nl-BE');
INSERT INTO OKM_TRANSLATION (TR_MODULE, TR_KEY, TR_TEXT, TR_LANGUAGE) VALUES ('frontend', 'dashboard.workflow.task.name', 'Naam', 'nl-BE');
INSERT INTO OKM_TRANSLATION (TR_MODULE, TR_KEY, TR_TEXT, TR_LANGUAGE) VALUES ('frontend', 'dashboard.workflow.task.created', 'Creation date', 'nl-BE');
INSERT INTO OKM_TRANSLATION (TR_MODULE, TR_KEY, TR_TEXT, TR_LANGUAGE) VALUES ('frontend', 'dashboard.workflow.task.start', 'Start datum', 'nl-BE');
INSERT INTO OKM_TRANSLATION (TR_MODULE, TR_KEY, TR_TEXT, TR_LANGUAGE) VALUES ('frontend', 'dashboard.workflow.task.duedate', 'Due date', 'nl-BE');
INSERT INTO OKM_TRANSLATION (TR_MODULE, TR_KEY, TR_TEXT, TR_LANGUAGE) VALUES ('frontend', 'dashboard.workflow.task.end', 'Eind datum', 'nl-BE');
INSERT INTO OKM_TRANSLATION (TR_MODULE, TR_KEY, TR_TEXT, TR_LANGUAGE) VALUES ('frontend', 'dashboard.workflow.task.description', 'Description', 'nl-BE');
INSERT INTO OKM_TRANSLATION (TR_MODULE, TR_KEY, TR_TEXT, TR_LANGUAGE) VALUES ('frontend', 'dashboard.workflow.task.process.instance', 'Process instance', 'nl-BE');
INSERT INTO OKM_TRANSLATION (TR_MODULE, TR_KEY, TR_TEXT, TR_LANGUAGE) VALUES ('frontend', 'dashboard.workflow.task.process.id', 'ID', 'nl-BE');
INSERT INTO OKM_TRANSLATION (TR_MODULE, TR_KEY, TR_TEXT, TR_LANGUAGE) VALUES ('frontend', 'dashboard.workflow.task.process.version', 'Versie', 'nl-BE');
INSERT INTO OKM_TRANSLATION (TR_MODULE, TR_KEY, TR_TEXT, TR_LANGUAGE) VALUES ('frontend', 'dashboard.workflow.task.process.name', 'Naam', 'nl-BE');
INSERT INTO OKM_TRANSLATION (TR_MODULE, TR_KEY, TR_TEXT, TR_LANGUAGE) VALUES ('frontend', 'dashboard.workflow.task.process.description', 'Omschrijving', 'nl-BE');
INSERT INTO OKM_TRANSLATION (TR_MODULE, TR_KEY, TR_TEXT, TR_LANGUAGE) VALUES ('frontend', 'dashboard.workflow.task.process.data', 'Data', 'nl-BE');
INSERT INTO OKM_TRANSLATION (TR_MODULE, TR_KEY, TR_TEXT, TR_LANGUAGE) VALUES ('frontend', 'dashboard.workflow.comments', 'Comments', 'nl-BE');
INSERT INTO OKM_TRANSLATION (TR_MODULE, TR_KEY, TR_TEXT, TR_LANGUAGE) VALUES ('frontend', 'dashboard.workflow.task.process.forms', 'Form', 'nl-BE');
INSERT INTO OKM_TRANSLATION (TR_MODULE, TR_KEY, TR_TEXT, TR_LANGUAGE) VALUES ('frontend', 'dashboard.workflow.add.comment', 'Add comment', 'nl-BE');
INSERT INTO OKM_TRANSLATION (TR_MODULE, TR_KEY, TR_TEXT, TR_LANGUAGE) VALUES ('frontend', 'dashboard.workflow.task.process.definition', 'Proces definitie', 'nl-BE');
INSERT INTO OKM_TRANSLATION (TR_MODULE, TR_KEY, TR_TEXT, TR_LANGUAGE) VALUES ('frontend', 'dashboard.workflow.task.process.path', 'Pad', 'nl-BE');
INSERT INTO OKM_TRANSLATION (TR_MODULE, TR_KEY, TR_TEXT, TR_LANGUAGE) VALUES ('frontend', 'dashboard.refreshing', 'Refreshing', 'nl-BE');
INSERT INTO OKM_TRANSLATION (TR_MODULE, TR_KEY, TR_TEXT, TR_LANGUAGE) VALUES ('frontend', 'dashboard.keyword', 'Sleutelwoorden', 'nl-BE');
INSERT INTO OKM_TRANSLATION (TR_MODULE, TR_KEY, TR_TEXT, TR_LANGUAGE) VALUES ('frontend', 'dashboard.keyword.suggest', 'Tik het sleutelwoord', 'nl-BE');
INSERT INTO OKM_TRANSLATION (TR_MODULE, TR_KEY, TR_TEXT, TR_LANGUAGE) VALUES ('frontend', 'dashboard.keyword.all', 'Alle sleutelwoorden', 'nl-BE');
INSERT INTO OKM_TRANSLATION (TR_MODULE, TR_KEY, TR_TEXT, TR_LANGUAGE) VALUES ('frontend', 'dashboard.keyword.top', 'Top sleutelwoorden', 'nl-BE');
INSERT INTO OKM_TRANSLATION (TR_MODULE, TR_KEY, TR_TEXT, TR_LANGUAGE) VALUES ('frontend', 'dashboard.keyword.related', 'Gerelateerde sleutelwoorden', 'nl-BE');
INSERT INTO OKM_TRANSLATION (TR_MODULE, TR_KEY, TR_TEXT, TR_LANGUAGE) VALUES ('frontend', 'dashboard.keyword.goto.document', 'Go naar document', 'nl-BE');
INSERT INTO OKM_TRANSLATION (TR_MODULE, TR_KEY, TR_TEXT, TR_LANGUAGE) VALUES ('frontend', 'dashboard.keyword.clean.keywords', 'Sleutelwoorden opruimen', 'nl-BE');
INSERT INTO OKM_TRANSLATION (TR_MODULE, TR_KEY, TR_TEXT, TR_LANGUAGE) VALUES ('frontend', 'dashboard.mail.last.imported.mails', 'Electronic mails', 'nl-BE');
INSERT INTO OKM_TRANSLATION (TR_MODULE, TR_KEY, TR_TEXT, TR_LANGUAGE) VALUES ('frontend', 'dashboard.mail.last.imported.attached.documents', 'Attachments', 'nl-BE');
INSERT INTO OKM_TRANSLATION (TR_MODULE, TR_KEY, TR_TEXT, TR_LANGUAGE) VALUES ('frontend', 'workflow.label', 'Start workflow', 'nl-BE');
INSERT INTO OKM_TRANSLATION (TR_MODULE, TR_KEY, TR_TEXT, TR_LANGUAGE) VALUES ('frontend', 'user.preferences.label', 'User configuration', 'nl-BE');
INSERT INTO OKM_TRANSLATION (TR_MODULE, TR_KEY, TR_TEXT, TR_LANGUAGE) VALUES ('frontend', 'user.preferences.user', 'User', 'nl-BE');
INSERT INTO OKM_TRANSLATION (TR_MODULE, TR_KEY, TR_TEXT, TR_LANGUAGE) VALUES ('frontend', 'user.preferences.password', 'Password', 'nl-BE');
INSERT INTO OKM_TRANSLATION (TR_MODULE, TR_KEY, TR_TEXT, TR_LANGUAGE) VALUES ('frontend', 'user.preferences.mail', 'E-mail', 'nl-BE');
INSERT INTO OKM_TRANSLATION (TR_MODULE, TR_KEY, TR_TEXT, TR_LANGUAGE) VALUES ('frontend', 'user.preferences.roles', 'Roles', 'nl-BE');
INSERT INTO OKM_TRANSLATION (TR_MODULE, TR_KEY, TR_TEXT, TR_LANGUAGE) VALUES ('frontend', 'user.preferences.imap.host', 'IMAP server', 'nl-BE');
INSERT INTO OKM_TRANSLATION (TR_MODULE, TR_KEY, TR_TEXT, TR_LANGUAGE) VALUES ('frontend', 'user.preferences.imap.user', 'IMAP user name', 'nl-BE');
INSERT INTO OKM_TRANSLATION (TR_MODULE, TR_KEY, TR_TEXT, TR_LANGUAGE) VALUES ('frontend', 'user.preferences.imap.user.password', 'IMAP user password', 'nl-BE');
INSERT INTO OKM_TRANSLATION (TR_MODULE, TR_KEY, TR_TEXT, TR_LANGUAGE) VALUES ('frontend', 'user.preferences.imap.folder', 'IMAP folder', 'nl-BE');
INSERT INTO OKM_TRANSLATION (TR_MODULE, TR_KEY, TR_TEXT, TR_LANGUAGE) VALUES ('frontend', 'user.preferences.password.error', 'Error: passwords are diferent', 'nl-BE');
INSERT INTO OKM_TRANSLATION (TR_MODULE, TR_KEY, TR_TEXT, TR_LANGUAGE) VALUES ('frontend', 'user.preferences.user.data', 'User account', 'nl-BE');
INSERT INTO OKM_TRANSLATION (TR_MODULE, TR_KEY, TR_TEXT, TR_LANGUAGE) VALUES ('frontend', 'user.preferences.mail.data', 'Mail account', 'nl-BE');
INSERT INTO OKM_TRANSLATION (TR_MODULE, TR_KEY, TR_TEXT, TR_LANGUAGE) VALUES ('frontend', 'user.preferences.imap.error', 'All fields are obligatory to set the mail configurations', 'nl-BE');
INSERT INTO OKM_TRANSLATION (TR_MODULE, TR_KEY, TR_TEXT, TR_LANGUAGE) VALUES ('frontend', 'user.preferences.imap.password.error.void', 'Password must not be empty on IMAP mail creation', 'nl-BE');
INSERT INTO OKM_TRANSLATION (TR_MODULE, TR_KEY, TR_TEXT, TR_LANGUAGE) VALUES ('frontend', 'user.preferences.imap.test.error', 'IMAP configuration error', 'nl-BE');
INSERT INTO OKM_TRANSLATION (TR_MODULE, TR_KEY, TR_TEXT, TR_LANGUAGE) VALUES ('frontend', 'user.preferences.imap.test.ok', 'IMAP configuration ok', 'nl-BE');
INSERT INTO OKM_TRANSLATION (TR_MODULE, TR_KEY, TR_TEXT, TR_LANGUAGE) VALUES ('frontend', 'thesaurus.directory.select.label', 'Add thesaurus keyword', 'nl-BE');
INSERT INTO OKM_TRANSLATION (TR_MODULE, TR_KEY, TR_TEXT, TR_LANGUAGE) VALUES ('frontend', 'thesaurus.tab.tree', 'Tree', 'nl-BE');
INSERT INTO OKM_TRANSLATION (TR_MODULE, TR_KEY, TR_TEXT, TR_LANGUAGE) VALUES ('frontend', 'thesaurus.tab.keywords', 'Keywords', 'nl-BE');
INSERT INTO OKM_TRANSLATION (TR_MODULE, TR_KEY, TR_TEXT, TR_LANGUAGE) VALUES ('frontend', 'categories.folder.select.label', 'Add category', 'nl-BE');
INSERT INTO OKM_TRANSLATION (TR_MODULE, TR_KEY, TR_TEXT, TR_LANGUAGE) VALUES ('frontend', 'categories.folder.error.delete', 'Cannot delete category with documents', 'nl-BE');
INSERT INTO OKM_TRANSLATION (TR_MODULE, TR_KEY, TR_TEXT, TR_LANGUAGE) VALUES ('frontend', 'wizard.document.uploading', 'Document wizard', 'nl-BE');
INSERT INTO OKM_TRANSLATION (TR_MODULE, TR_KEY, TR_TEXT, TR_LANGUAGE) VALUES ('frontend', 'user.info.chat.connect', 'Connect to chat', 'nl-BE');
INSERT INTO OKM_TRANSLATION (TR_MODULE, TR_KEY, TR_TEXT, TR_LANGUAGE) VALUES ('frontend', 'user.info.chat.disconnect', 'Disconnet chat', 'nl-BE');
INSERT INTO OKM_TRANSLATION (TR_MODULE, TR_KEY, TR_TEXT, TR_LANGUAGE) VALUES ('frontend', 'user.info.chat.new.room', 'Net chat room', 'nl-BE');
INSERT INTO OKM_TRANSLATION (TR_MODULE, TR_KEY, TR_TEXT, TR_LANGUAGE) VALUES ('frontend', 'user.info.locked.actual', 'Locked documents', 'nl-BE');
INSERT INTO OKM_TRANSLATION (TR_MODULE, TR_KEY, TR_TEXT, TR_LANGUAGE) VALUES ('frontend', 'user.info.checkout.actual', 'Checkout documents', 'nl-BE');
INSERT INTO OKM_TRANSLATION (TR_MODULE, TR_KEY, TR_TEXT, TR_LANGUAGE) VALUES ('frontend', 'user.info.subscription.actual', 'Actual subscriptions', 'nl-BE');
INSERT INTO OKM_TRANSLATION (TR_MODULE, TR_KEY, TR_TEXT, TR_LANGUAGE) VALUES ('frontend', 'user.info.news.new', 'News', 'nl-BE');
INSERT INTO OKM_TRANSLATION (TR_MODULE, TR_KEY, TR_TEXT, TR_LANGUAGE) VALUES ('frontend', 'user.info.workflow.pending', 'Pending workflows', 'nl-BE');
INSERT INTO OKM_TRANSLATION (TR_MODULE, TR_KEY, TR_TEXT, TR_LANGUAGE) VALUES ('frontend', 'user.info.user.quota', 'Used quota', 'nl-BE');
INSERT INTO OKM_TRANSLATION (TR_MODULE, TR_KEY, TR_TEXT, TR_LANGUAGE) VALUES ('frontend', 'user.online', 'Users online', 'nl-BE');
INSERT INTO OKM_TRANSLATION (TR_MODULE, TR_KEY, TR_TEXT, TR_LANGUAGE) VALUES ('frontend', 'chat.room', 'Chat', 'nl-BE');
INSERT INTO OKM_TRANSLATION (TR_MODULE, TR_KEY, TR_TEXT, TR_LANGUAGE) VALUES ('frontend', 'chat.users.in.room', 'Users', 'nl-BE');
INSERT INTO OKM_TRANSLATION (TR_MODULE, TR_KEY, TR_TEXT, TR_LANGUAGE) VALUES ('frontend', 'OKM-017009', 'Bestand toegang geweigerd', 'nl-BE');
INSERT INTO OKM_TRANSLATION (TR_MODULE, TR_KEY, TR_TEXT, TR_LANGUAGE) VALUES ('frontend', 'OKM-017004', 'Bestand beschermen geweigerd', 'nl-BE');
INSERT INTO OKM_TRANSLATION (TR_MODULE, TR_KEY, TR_TEXT, TR_LANGUAGE) VALUES ('frontend', 'OKM-017001', 'Interne fout met bestand', 'nl-BE');
INSERT INTO OKM_TRANSLATION (TR_MODULE, TR_KEY, TR_TEXT, TR_LANGUAGE) VALUES ('frontend', 'OKM-017015', 'Document path not found', 'nl-BE');
INSERT INTO OKM_TRANSLATION (TR_MODULE, TR_KEY, TR_TEXT, TR_LANGUAGE) VALUES ('frontend', 'OKM-017016', 'Version error', 'nl-BE');
INSERT INTO OKM_TRANSLATION (TR_MODULE, TR_KEY, TR_TEXT, TR_LANGUAGE) VALUES ('frontend', 'OKM-002009', 'Bestand toegang geweigerd', 'nl-BE');
INSERT INTO OKM_TRANSLATION (TR_MODULE, TR_KEY, TR_TEXT, TR_LANGUAGE) VALUES ('frontend', 'OKM-002002', 'Bestand niet gevonden', 'nl-BE');
INSERT INTO OKM_TRANSLATION (TR_MODULE, TR_KEY, TR_TEXT, TR_LANGUAGE) VALUES ('frontend', 'OKM-002003', 'Bestand bestaat reeds', 'nl-BE');
INSERT INTO OKM_TRANSLATION (TR_MODULE, TR_KEY, TR_TEXT, TR_LANGUAGE) VALUES ('frontend', 'OKM-002004', 'Bestand beschermen geweigerd', 'nl-BE');
INSERT INTO OKM_TRANSLATION (TR_MODULE, TR_KEY, TR_TEXT, TR_LANGUAGE) VALUES ('frontend', 'OKM-002004', 'Bestand vrijgeven gewenst', 'nl-BE');
INSERT INTO OKM_TRANSLATION (TR_MODULE, TR_KEY, TR_TEXT, TR_LANGUAGE) VALUES ('frontend', 'OKM-002001', 'Interne fout met bestand', 'nl-BE');
INSERT INTO OKM_TRANSLATION (TR_MODULE, TR_KEY, TR_TEXT, TR_LANGUAGE) VALUES ('frontend', 'OKM-002006', 'Algemene fout met bestand', 'nl-BE');
INSERT INTO OKM_TRANSLATION (TR_MODULE, TR_KEY, TR_TEXT, TR_LANGUAGE) VALUES ('frontend', 'OKM-002015', 'Document path not found', 'nl-BE');
INSERT INTO OKM_TRANSLATION (TR_MODULE, TR_KEY, TR_TEXT, TR_LANGUAGE) VALUES ('frontend', 'OKM-002024', 'Database error', 'nl-BE');
INSERT INTO OKM_TRANSLATION (TR_MODULE, TR_KEY, TR_TEXT, TR_LANGUAGE) VALUES ('frontend', 'OKM-001009', 'Map toegang geweigerd', 'nl-BE');
INSERT INTO OKM_TRANSLATION (TR_MODULE, TR_KEY, TR_TEXT, TR_LANGUAGE) VALUES ('frontend', 'OKM-001002', 'Map niet gevonden', 'nl-BE');
INSERT INTO OKM_TRANSLATION (TR_MODULE, TR_KEY, TR_TEXT, TR_LANGUAGE) VALUES ('frontend', 'OKM-001003', 'Map bestaat reeds', 'nl-BE');
INSERT INTO OKM_TRANSLATION (TR_MODULE, TR_KEY, TR_TEXT, TR_LANGUAGE) VALUES ('frontend', 'OKM-001001', 'Interne fout met map', 'nl-BE');
INSERT INTO OKM_TRANSLATION (TR_MODULE, TR_KEY, TR_TEXT, TR_LANGUAGE) VALUES ('frontend', 'OKM-001006', 'Algemene fout met map', 'nl-BE');
INSERT INTO OKM_TRANSLATION (TR_MODULE, TR_KEY, TR_TEXT, TR_LANGUAGE) VALUES ('frontend', 'OKM-001015', 'Folder path not found', 'nl-BE');
INSERT INTO OKM_TRANSLATION (TR_MODULE, TR_KEY, TR_TEXT, TR_LANGUAGE) VALUES ('frontend', 'OKM-001024', 'Database error', 'nl-BE');
INSERT INTO OKM_TRANSLATION (TR_MODULE, TR_KEY, TR_TEXT, TR_LANGUAGE) VALUES ('frontend', 'OKM-007009', 'Toegang geweigerd', 'nl-BE');
INSERT INTO OKM_TRANSLATION (TR_MODULE, TR_KEY, TR_TEXT, TR_LANGUAGE) VALUES ('frontend', 'OKM-007002', 'Niet gevonden', 'nl-BE');
INSERT INTO OKM_TRANSLATION (TR_MODULE, TR_KEY, TR_TEXT, TR_LANGUAGE) VALUES ('frontend', 'OKM-007001', 'Interne fout', 'nl-BE');
INSERT INTO OKM_TRANSLATION (TR_MODULE, TR_KEY, TR_TEXT, TR_LANGUAGE) VALUES ('frontend', 'OKM-007006', 'Algemene fout', 'nl-BE');
INSERT INTO OKM_TRANSLATION (TR_MODULE, TR_KEY, TR_TEXT, TR_LANGUAGE) VALUES ('frontend', 'OKM-007024', 'Database error', 'nl-BE');
INSERT INTO OKM_TRANSLATION (TR_MODULE, TR_KEY, TR_TEXT, TR_LANGUAGE) VALUES ('frontend', 'OKM-009002', 'Bestand niet gevonden', 'nl-BE');
INSERT INTO OKM_TRANSLATION (TR_MODULE, TR_KEY, TR_TEXT, TR_LANGUAGE) VALUES ('frontend', 'OKM-009006', 'Algemene fout', 'nl-BE');
INSERT INTO OKM_TRANSLATION (TR_MODULE, TR_KEY, TR_TEXT, TR_LANGUAGE) VALUES ('frontend', 'OKM-005010', 'Bestandsformaat niet ondersteund', 'nl-BE');
INSERT INTO OKM_TRANSLATION (TR_MODULE, TR_KEY, TR_TEXT, TR_LANGUAGE) VALUES ('frontend', 'OKM-005003', 'Bestand bestaat reeds', 'nl-BE');
INSERT INTO OKM_TRANSLATION (TR_MODULE, TR_KEY, TR_TEXT, TR_LANGUAGE) VALUES ('frontend', 'OKM-005011', 'Bestandsgrootte overschreden', 'nl-BE');
INSERT INTO OKM_TRANSLATION (TR_MODULE, TR_KEY, TR_TEXT, TR_LANGUAGE) VALUES ('frontend', 'OKM-005027', 'Document name is diferent', 'nl-BE');
INSERT INTO OKM_TRANSLATION (TR_MODULE, TR_KEY, TR_TEXT, TR_LANGUAGE) VALUES ('frontend', 'OKM-004001', 'Sessie afgesloten', 'nl-BE');
INSERT INTO OKM_TRANSLATION (TR_MODULE, TR_KEY, TR_TEXT, TR_LANGUAGE) VALUES ('frontend', 'OKM-004024', 'Database error', 'nl-BE');
INSERT INTO OKM_TRANSLATION (TR_MODULE, TR_KEY, TR_TEXT, TR_LANGUAGE) VALUES ('frontend', 'OKM-008001', 'Algemene fout bij uitvoeren query', 'nl-BE');
INSERT INTO OKM_TRANSLATION (TR_MODULE, TR_KEY, TR_TEXT, TR_LANGUAGE) VALUES ('frontend', 'OKM-008003', 'De opgeslagen zoekopdracht naam moet uniek zijn', 'nl-BE');
INSERT INTO OKM_TRANSLATION (TR_MODULE, TR_KEY, TR_TEXT, TR_LANGUAGE) VALUES ('frontend', 'OKM-008024', 'Database error', 'nl-BE');
INSERT INTO OKM_TRANSLATION (TR_MODULE, TR_KEY, TR_TEXT, TR_LANGUAGE) VALUES ('frontend', 'OKM-011003', 'De favoriet naam moet uniek zijn', 'nl-BE');
INSERT INTO OKM_TRANSLATION (TR_MODULE, TR_KEY, TR_TEXT, TR_LANGUAGE) VALUES ('frontend', 'OKM-003017', 'Session lost', 'nl-BE');
INSERT INTO OKM_TRANSLATION (TR_MODULE, TR_KEY, TR_TEXT, TR_LANGUAGE) VALUES ('frontend', 'OKM-013001', 'Interne fout met map', 'nl-BE');
INSERT INTO OKM_TRANSLATION (TR_MODULE, TR_KEY, TR_TEXT, TR_LANGUAGE) VALUES ('frontend', 'OKM-013024', 'Database error', 'nl-BE');
INSERT INTO OKM_TRANSLATION (TR_MODULE, TR_KEY, TR_TEXT, TR_LANGUAGE) VALUES ('frontend', 'OKM-014001', 'Interne fout met map', 'nl-BE');
INSERT INTO OKM_TRANSLATION (TR_MODULE, TR_KEY, TR_TEXT, TR_LANGUAGE) VALUES ('frontend', 'OKM-014013', 'Error on I/O', 'nl-BE');
INSERT INTO OKM_TRANSLATION (TR_MODULE, TR_KEY, TR_TEXT, TR_LANGUAGE) VALUES ('frontend', 'OKM-015001', 'Interne fout met map', 'nl-BE');
INSERT INTO OKM_TRANSLATION (TR_MODULE, TR_KEY, TR_TEXT, TR_LANGUAGE) VALUES ('frontend', 'OKM-015024', 'Database error', 'nl-BE');
INSERT INTO OKM_TRANSLATION (TR_MODULE, TR_KEY, TR_TEXT, TR_LANGUAGE) VALUES ('frontend', 'OKM-018022', 'Error in browser configuration', 'nl-BE');
INSERT INTO OKM_TRANSLATION (TR_MODULE, TR_KEY, TR_TEXT, TR_LANGUAGE) VALUES ('frontend', 'OKM-018023', 'Error user quota exceed,  contact with adminitrator', 'nl-BE');
INSERT INTO OKM_TRANSLATION (TR_MODULE, TR_KEY, TR_TEXT, TR_LANGUAGE) VALUES ('frontend', 'OKM-016009', 'Document access denied', 'nl-BE');
INSERT INTO OKM_TRANSLATION (TR_MODULE, TR_KEY, TR_TEXT, TR_LANGUAGE) VALUES ('frontend', 'OKM-016002', 'Document not found', 'nl-BE');
INSERT INTO OKM_TRANSLATION (TR_MODULE, TR_KEY, TR_TEXT, TR_LANGUAGE) VALUES ('frontend', 'OKM-016003', 'Document already exists', 'nl-BE');
INSERT INTO OKM_TRANSLATION (TR_MODULE, TR_KEY, TR_TEXT, TR_LANGUAGE) VALUES ('frontend', 'OKM-016004', 'Document lock denied', 'nl-BE');
INSERT INTO OKM_TRANSLATION (TR_MODULE, TR_KEY, TR_TEXT, TR_LANGUAGE) VALUES ('frontend', 'OKM-016001', 'Repository internal error', 'nl-BE');
INSERT INTO OKM_TRANSLATION (TR_MODULE, TR_KEY, TR_TEXT, TR_LANGUAGE) VALUES ('frontend', 'OKM-016006', 'Application internal error', 'nl-BE');
INSERT INTO OKM_TRANSLATION (TR_MODULE, TR_KEY, TR_TEXT, TR_LANGUAGE) VALUES ('frontend', 'OKM-016015', 'Document path not found', 'nl-BE');
INSERT INTO OKM_TRANSLATION (TR_MODULE, TR_KEY, TR_TEXT, TR_LANGUAGE) VALUES ('frontend', 'OKM-016024', 'Database error', 'nl-BE');
INSERT INTO OKM_TRANSLATION (TR_MODULE, TR_KEY, TR_TEXT, TR_LANGUAGE) VALUES ('frontend', 'OKM-010015', 'Path not found', 'nl-BE');
INSERT INTO OKM_TRANSLATION (TR_MODULE, TR_KEY, TR_TEXT, TR_LANGUAGE) VALUES ('frontend', 'OKM-010009', 'Access denied', 'nl-BE');
INSERT INTO OKM_TRANSLATION (TR_MODULE, TR_KEY, TR_TEXT, TR_LANGUAGE) VALUES ('frontend', 'OKM-010001', 'Repository internal error', 'nl-BE');
INSERT INTO OKM_TRANSLATION (TR_MODULE, TR_KEY, TR_TEXT, TR_LANGUAGE) VALUES ('frontend', 'OKM-010024', 'Database error', 'nl-BE');
INSERT INTO OKM_TRANSLATION (TR_MODULE, TR_KEY, TR_TEXT, TR_LANGUAGE) VALUES ('frontend', 'OKM-010006', 'Application internal error ', 'nl-BE');
INSERT INTO OKM_TRANSLATION (TR_MODULE, TR_KEY, TR_TEXT, TR_LANGUAGE) VALUES ('frontend', 'OKM-009004', 'Locked', 'nl-BE');
INSERT INTO OKM_TRANSLATION (TR_MODULE, TR_KEY, TR_TEXT, TR_LANGUAGE) VALUES ('frontend', 'OKM-009015', 'Path not exist', 'nl-BE');
INSERT INTO OKM_TRANSLATION (TR_MODULE, TR_KEY, TR_TEXT, TR_LANGUAGE) VALUES ('frontend', 'OKM-009009', 'Access denied', 'nl-BE');
INSERT INTO OKM_TRANSLATION (TR_MODULE, TR_KEY, TR_TEXT, TR_LANGUAGE) VALUES ('frontend', 'OKM-009001', 'Repository internal error', 'nl-BE');
INSERT INTO OKM_TRANSLATION (TR_MODULE, TR_KEY, TR_TEXT, TR_LANGUAGE) VALUES ('frontend', 'OKM-009024', 'Database error', 'nl-BE');
INSERT INTO OKM_TRANSLATION (TR_MODULE, TR_KEY, TR_TEXT, TR_LANGUAGE) VALUES ('frontend', 'OKM-009006', 'Application internal error', 'nl-BE');
INSERT INTO OKM_TRANSLATION (TR_MODULE, TR_KEY, TR_TEXT, TR_LANGUAGE) VALUES ('frontend', 'OKM-009012', 'Group not exists', 'nl-BE');
INSERT INTO OKM_TRANSLATION (TR_MODULE, TR_KEY, TR_TEXT, TR_LANGUAGE) VALUES ('frontend', 'OKM-009014', 'Property not exists', 'nl-BE');
INSERT INTO OKM_TRANSLATION (TR_MODULE, TR_KEY, TR_TEXT, TR_LANGUAGE) VALUES ('frontend', 'OKM-009013', 'Error on I/O', 'nl-BE');
INSERT INTO OKM_TRANSLATION (TR_MODULE, TR_KEY, TR_TEXT, TR_LANGUAGE) VALUES ('frontend', 'OKM-012001', 'Repository internal error', 'nl-BE');
INSERT INTO OKM_TRANSLATION (TR_MODULE, TR_KEY, TR_TEXT, TR_LANGUAGE) VALUES ('frontend', 'OKM-012006', 'Application internal error', 'nl-BE');
INSERT INTO OKM_TRANSLATION (TR_MODULE, TR_KEY, TR_TEXT, TR_LANGUAGE) VALUES ('frontend', 'OKM-012015', 'Path not exist', 'nl-BE');
INSERT INTO OKM_TRANSLATION (TR_MODULE, TR_KEY, TR_TEXT, TR_LANGUAGE) VALUES ('frontend', 'OKM-012024', 'Database error', 'nl-BE');
INSERT INTO OKM_TRANSLATION (TR_MODULE, TR_KEY, TR_TEXT, TR_LANGUAGE) VALUES ('frontend', 'OKM-012009', 'Access denied', 'nl-BE');
INSERT INTO OKM_TRANSLATION (TR_MODULE, TR_KEY, TR_TEXT, TR_LANGUAGE) VALUES ('frontend', 'OKM-019001', 'Repository internal error', 'nl-BE');
INSERT INTO OKM_TRANSLATION (TR_MODULE, TR_KEY, TR_TEXT, TR_LANGUAGE) VALUES ('frontend', 'OKM-019006', 'Application internal error', 'nl-BE');
INSERT INTO OKM_TRANSLATION (TR_MODULE, TR_KEY, TR_TEXT, TR_LANGUAGE) VALUES ('frontend', 'OKM-019024', 'Database error', 'nl-BE');
INSERT INTO OKM_LANGUAGE (LG_ID, LG_NAME, LG_IMAGE_CONTENT, LG_IMAGE_MIME) VALUES ('zh-CN', 'Chinese simple', 'R0lGODlhEAALAOeGAJ0AAJ8AAKEAAKMAAKUAAKcAAKkAAKsAAK8AALMAALcAALkAAL0AAMEAAMMAAMcAAMsAAM0AAM8AANEAANMAANUAANcAANALC9EPDtEQENMTE9MUFNQZGdUZGdUaGtUeHtYfH9cfH9cgINcjI9gkJNklJdkmJtkpKdkqKtkrK9YsLNorK9ssLNYvL9cvL9suLtsvL9swMNgyMtwxMdg1Ndw0NN00NNg2Nt01Nd02Nt43Nt43N9o5Odo7O946Ot47Ot47O947PN48PNs9Pd88Pdw/P+A/P99AQOVFANxCQuBBQuBCQuFCQd1EROFERN1GRuFFReFHR99JSeNJSeNKSd9LS+FOTuNPT+RPT+FQUORSS+JTU+VTU+JUVeRUVONXV+ZXVONYWOZYWORcXOdcWeRdXeZgYOZhYudlZehmZuhpaehqauhvbelvb+pyc+x5dup/R+1/e+2Eee2JUO6JeeyQRu2SRu2WTO+YWfCbVPGoUfKld/W/cfXLS/XMS/bPUfnadPrce/rdevriXPvmXP3zX////////////////////////////////////////////////////////////////////////////////////////////////////////////////////////////////////////////////////////////////////////////////////////////////////////////////////////////////////////////////////////////////////////////////////////////////////////////////////////////////////////////////////////////////////////////////////////////////////////////////////////////////////////////////////////////////////////////////////////////////////////yH+EUNyZWF0ZWQgd2l0aCBHSU1QACwAAAAAEAALAAAIwQAtVKBQoQISCRIiQHjwwEEDBgwqxAkkZw8gPmzUoDEz5ssWKwooCCo0iEyeP3eiLCGyYwYLKQko0CGEx4uePnCUCNExY4WJJggovBEDZo6fOkyC5IixooSIIgcmuOFyRYudI0CWpigRwkOPAhLaYKEC5cgPHDBQkADRYcMNAhHWTIFixIeNtGvbZpAhAEIaJ3VrvDgx4gMHDRguuBDw4EyZMF2yVHmSZAgPGjJaqADQ8OECBQkQHDBQYICAAAAEBAQAOw==', 'image/gif');
INSERT INTO OKM_TRANSLATION (TR_MODULE, TR_KEY, TR_TEXT, TR_LANGUAGE) VALUES ('frontend', 'general.date.pattern', 'yyyy-MM-dd HH:mm:ss', 'zh-CN');
INSERT INTO OKM_TRANSLATION (TR_MODULE, TR_KEY, TR_TEXT, TR_LANGUAGE) VALUES ('frontend', 'general.day.pattern', 'yyyy-MM-dd', 'zh-CN');
INSERT INTO OKM_TRANSLATION (TR_MODULE, TR_KEY, TR_TEXT, TR_LANGUAGE) VALUES ('frontend', 'general.hour.pattern', 'HH:mm:ss', 'zh-CN');
INSERT INTO OKM_TRANSLATION (TR_MODULE, TR_KEY, TR_TEXT, TR_LANGUAGE) VALUES ('frontend', 'startup.openkm', 'OpenKM', 'zh-CN');
INSERT INTO OKM_TRANSLATION (TR_MODULE, TR_KEY, TR_TEXT, TR_LANGUAGE) VALUES ('frontend', 'startup.starting.loading', 'OpenKM', 'zh-CN');
INSERT INTO OKM_TRANSLATION (TR_MODULE, TR_KEY, TR_TEXT, TR_LANGUAGE) VALUES ('frontend', 'startup.taxonomy', '', 'zh-CN');
INSERT INTO OKM_TRANSLATION (TR_MODULE, TR_KEY, TR_TEXT, TR_LANGUAGE) VALUES ('frontend', 'startup.categories', '', 'zh-CN');
INSERT INTO OKM_TRANSLATION (TR_MODULE, TR_KEY, TR_TEXT, TR_LANGUAGE) VALUES ('frontend', 'startup.template', '', 'zh-CN');
INSERT INTO OKM_TRANSLATION (TR_MODULE, TR_KEY, TR_TEXT, TR_LANGUAGE) VALUES ('frontend', 'startup.personal', '', 'zh-CN');
INSERT INTO OKM_TRANSLATION (TR_MODULE, TR_KEY, TR_TEXT, TR_LANGUAGE) VALUES ('frontend', 'startup.mail', ' e-mail', 'zh-CN');
INSERT INTO OKM_TRANSLATION (TR_MODULE, TR_KEY, TR_TEXT, TR_LANGUAGE) VALUES ('frontend', 'startup.trash', '', 'zh-CN');
INSERT INTO OKM_TRANSLATION (TR_MODULE, TR_KEY, TR_TEXT, TR_LANGUAGE) VALUES ('frontend', 'startup.user.home', '', 'zh-CN');
INSERT INTO OKM_TRANSLATION (TR_MODULE, TR_KEY, TR_TEXT, TR_LANGUAGE) VALUES ('frontend', 'startup.bookmarks', '', 'zh-CN');
INSERT INTO OKM_TRANSLATION (TR_MODULE, TR_KEY, TR_TEXT, TR_LANGUAGE) VALUES ('frontend', 'startup.loading.taxonomy', '', 'zh-CN');
INSERT INTO OKM_TRANSLATION (TR_MODULE, TR_KEY, TR_TEXT, TR_LANGUAGE) VALUES ('frontend', 'startup.loading.taxonomy.getting.folders', '- ', 'zh-CN');
INSERT INTO OKM_TRANSLATION (TR_MODULE, TR_KEY, TR_TEXT, TR_LANGUAGE) VALUES ('frontend', 'startup.loading.taxonomy.eval.params', '- eval ', 'zh-CN');
INSERT INTO OKM_TRANSLATION (TR_MODULE, TR_KEY, TR_TEXT, TR_LANGUAGE) VALUES ('frontend', 'startup.loading.taxonomy.open.path', '- ', 'zh-CN');
INSERT INTO OKM_TRANSLATION (TR_MODULE, TR_KEY, TR_TEXT, TR_LANGUAGE) VALUES ('frontend', 'startup.loading.taxonomy.getting.filebrowser.folders', '- ', 'zh-CN');
INSERT INTO OKM_TRANSLATION (TR_MODULE, TR_KEY, TR_TEXT, TR_LANGUAGE) VALUES ('frontend', 'startup.loading.taxonomy.getting.filebrowser.documents', '- ', 'zh-CN');
INSERT INTO OKM_TRANSLATION (TR_MODULE, TR_KEY, TR_TEXT, TR_LANGUAGE) VALUES ('frontend', 'startup.loading.taxonomy.getting.filebrowser.mails', ' - ', 'zh-CN');
INSERT INTO OKM_TRANSLATION (TR_MODULE, TR_KEY, TR_TEXT, TR_LANGUAGE) VALUES ('frontend', 'startup.loading.personal', '', 'zh-CN');
INSERT INTO OKM_TRANSLATION (TR_MODULE, TR_KEY, TR_TEXT, TR_LANGUAGE) VALUES ('frontend', 'startup.loading.mail', '', 'zh-CN');
INSERT INTO OKM_TRANSLATION (TR_MODULE, TR_KEY, TR_TEXT, TR_LANGUAGE) VALUES ('frontend', 'startup.loading.templates', '', 'zh-CN');
INSERT INTO OKM_TRANSLATION (TR_MODULE, TR_KEY, TR_TEXT, TR_LANGUAGE) VALUES ('frontend', 'startup.loading.mail', '', 'zh-CN');
INSERT INTO OKM_TRANSLATION (TR_MODULE, TR_KEY, TR_TEXT, TR_LANGUAGE) VALUES ('frontend', 'startup.loading.categories', '', 'zh-CN');
INSERT INTO OKM_TRANSLATION (TR_MODULE, TR_KEY, TR_TEXT, TR_LANGUAGE) VALUES ('frontend', 'startup.loading.thesaurus', '', 'zh-CN');
INSERT INTO OKM_TRANSLATION (TR_MODULE, TR_KEY, TR_TEXT, TR_LANGUAGE) VALUES ('frontend', 'startup.loading.trash', '', 'zh-CN');
INSERT INTO OKM_TRANSLATION (TR_MODULE, TR_KEY, TR_TEXT, TR_LANGUAGE) VALUES ('frontend', 'startup.loading.history.search', '', 'zh-CN');
INSERT INTO OKM_TRANSLATION (TR_MODULE, TR_KEY, TR_TEXT, TR_LANGUAGE) VALUES ('frontend', 'startup.loading.user.values', '', 'zh-CN');
INSERT INTO OKM_TRANSLATION (TR_MODULE, TR_KEY, TR_TEXT, TR_LANGUAGE) VALUES ('frontend', 'startup.keep.alive', '', 'zh-CN');
INSERT INTO OKM_TRANSLATION (TR_MODULE, TR_KEY, TR_TEXT, TR_LANGUAGE) VALUES ('frontend', 'openkm.update.available', 'OpenKM ', 'zh-CN');
INSERT INTO OKM_TRANSLATION (TR_MODULE, TR_KEY, TR_TEXT, TR_LANGUAGE) VALUES ('frontend', 'leftpanel.label.taxonomy', '', 'zh-CN');
INSERT INTO OKM_TRANSLATION (TR_MODULE, TR_KEY, TR_TEXT, TR_LANGUAGE) VALUES ('frontend', 'leftpanel.label.trash', '', 'zh-CN');
INSERT INTO OKM_TRANSLATION (TR_MODULE, TR_KEY, TR_TEXT, TR_LANGUAGE) VALUES ('frontend', 'leftpanel.label.mail', '', 'zh-CN');
INSERT INTO OKM_TRANSLATION (TR_MODULE, TR_KEY, TR_TEXT, TR_LANGUAGE) VALUES ('frontend', 'leftpanel.label.stored.search', '', 'zh-CN');
INSERT INTO OKM_TRANSLATION (TR_MODULE, TR_KEY, TR_TEXT, TR_LANGUAGE) VALUES ('frontend', 'leftpanel.label.categories', '', 'zh-CN');
INSERT INTO OKM_TRANSLATION (TR_MODULE, TR_KEY, TR_TEXT, TR_LANGUAGE) VALUES ('frontend', 'leftpanel.label.thesaurus', '', 'zh-CN');
INSERT INTO OKM_TRANSLATION (TR_MODULE, TR_KEY, TR_TEXT, TR_LANGUAGE) VALUES ('frontend', 'leftpanel.label.templates', '', 'zh-CN');
INSERT INTO OKM_TRANSLATION (TR_MODULE, TR_KEY, TR_TEXT, TR_LANGUAGE) VALUES ('frontend', 'leftpanel.label.my.documents', '', 'zh-CN');
INSERT INTO OKM_TRANSLATION (TR_MODULE, TR_KEY, TR_TEXT, TR_LANGUAGE) VALUES ('frontend', 'leftpanel.label.user.search', '', 'zh-CN');
INSERT INTO OKM_TRANSLATION (TR_MODULE, TR_KEY, TR_TEXT, TR_LANGUAGE) VALUES ('frontend', 'leftpanel.label.all.repository', '', 'zh-CN');
INSERT INTO OKM_TRANSLATION (TR_MODULE, TR_KEY, TR_TEXT, TR_LANGUAGE) VALUES ('frontend', 'tree.menu.directory.create', '', 'zh-CN');
INSERT INTO OKM_TRANSLATION (TR_MODULE, TR_KEY, TR_TEXT, TR_LANGUAGE) VALUES ('frontend', 'tree.menu.directory.remove', '', 'zh-CN');
INSERT INTO OKM_TRANSLATION (TR_MODULE, TR_KEY, TR_TEXT, TR_LANGUAGE) VALUES ('frontend', 'tree.menu.directory.rename', '', 'zh-CN');
INSERT INTO OKM_TRANSLATION (TR_MODULE, TR_KEY, TR_TEXT, TR_LANGUAGE) VALUES ('frontend', 'tree.menu.directory.refresh', '', 'zh-CN');
INSERT INTO OKM_TRANSLATION (TR_MODULE, TR_KEY, TR_TEXT, TR_LANGUAGE) VALUES ('frontend', 'tree.menu.directory.move', '', 'zh-CN');
INSERT INTO OKM_TRANSLATION (TR_MODULE, TR_KEY, TR_TEXT, TR_LANGUAGE) VALUES ('frontend', 'tree.menu.directory.copy', '', 'zh-CN');
INSERT INTO OKM_TRANSLATION (TR_MODULE, TR_KEY, TR_TEXT, TR_LANGUAGE) VALUES ('frontend', 'tree.menu.directory.add.document', '', 'zh-CN');
INSERT INTO OKM_TRANSLATION (TR_MODULE, TR_KEY, TR_TEXT, TR_LANGUAGE) VALUES ('frontend', 'tree.menu.add.bookmark', '', 'zh-CN');
INSERT INTO OKM_TRANSLATION (TR_MODULE, TR_KEY, TR_TEXT, TR_LANGUAGE) VALUES ('frontend', 'tree.menu.set.home', '', 'zh-CN');
INSERT INTO OKM_TRANSLATION (TR_MODULE, TR_KEY, TR_TEXT, TR_LANGUAGE) VALUES ('frontend', 'tree.menu.export', '', 'zh-CN');
INSERT INTO OKM_TRANSLATION (TR_MODULE, TR_KEY, TR_TEXT, TR_LANGUAGE) VALUES ('frontend', 'tree.status.refresh.folder', '', 'zh-CN');
INSERT INTO OKM_TRANSLATION (TR_MODULE, TR_KEY, TR_TEXT, TR_LANGUAGE) VALUES ('frontend', 'tree.status.refresh.create', '', 'zh-CN');
INSERT INTO OKM_TRANSLATION (TR_MODULE, TR_KEY, TR_TEXT, TR_LANGUAGE) VALUES ('frontend', 'tree.status.refresh.delete', '', 'zh-CN');
INSERT INTO OKM_TRANSLATION (TR_MODULE, TR_KEY, TR_TEXT, TR_LANGUAGE) VALUES ('frontend', 'tree.status.refresh.rename', '', 'zh-CN');
INSERT INTO OKM_TRANSLATION (TR_MODULE, TR_KEY, TR_TEXT, TR_LANGUAGE) VALUES ('frontend', 'tree.status.refresh.restore', '', 'zh-CN');
INSERT INTO OKM_TRANSLATION (TR_MODULE, TR_KEY, TR_TEXT, TR_LANGUAGE) VALUES ('frontend', 'tree.status.refresh.purge', '', 'zh-CN');
INSERT INTO OKM_TRANSLATION (TR_MODULE, TR_KEY, TR_TEXT, TR_LANGUAGE) VALUES ('frontend', 'tree.status.refresh.get', '', 'zh-CN');
INSERT INTO OKM_TRANSLATION (TR_MODULE, TR_KEY, TR_TEXT, TR_LANGUAGE) VALUES ('frontend', 'tree.folder.new', '', 'zh-CN');
INSERT INTO OKM_TRANSLATION (TR_MODULE, TR_KEY, TR_TEXT, TR_LANGUAGE) VALUES ('frontend', 'tree.status.refresh.add.subscription', '', 'zh-CN');
INSERT INTO OKM_TRANSLATION (TR_MODULE, TR_KEY, TR_TEXT, TR_LANGUAGE) VALUES ('frontend', 'tree.status.refresh.remove.subscription', '', 'zh-CN');
INSERT INTO OKM_TRANSLATION (TR_MODULE, TR_KEY, TR_TEXT, TR_LANGUAGE) VALUES ('frontend', 'tree.status.refresh.get.root', '', 'zh-CN');
INSERT INTO OKM_TRANSLATION (TR_MODULE, TR_KEY, TR_TEXT, TR_LANGUAGE) VALUES ('frontend', 'tree.status.refresh.get.keywords', '', 'zh-CN');
INSERT INTO OKM_TRANSLATION (TR_MODULE, TR_KEY, TR_TEXT, TR_LANGUAGE) VALUES ('frontend', 'tree.status.refresh.get.user.home', '', 'zh-CN');
INSERT INTO OKM_TRANSLATION (TR_MODULE, TR_KEY, TR_TEXT, TR_LANGUAGE) VALUES ('frontend', 'tree.status.refresh.purge.trash', '', 'zh-CN');
INSERT INTO OKM_TRANSLATION (TR_MODULE, TR_KEY, TR_TEXT, TR_LANGUAGE) VALUES ('frontend', 'tree.menu.directory.find.folder', '...', 'zh-CN');
INSERT INTO OKM_TRANSLATION (TR_MODULE, TR_KEY, TR_TEXT, TR_LANGUAGE) VALUES ('frontend', 'trash.menu.directory.restore', '', 'zh-CN');
INSERT INTO OKM_TRANSLATION (TR_MODULE, TR_KEY, TR_TEXT, TR_LANGUAGE) VALUES ('frontend', 'trash.menu.directory.purge', '', 'zh-CN');
INSERT INTO OKM_TRANSLATION (TR_MODULE, TR_KEY, TR_TEXT, TR_LANGUAGE) VALUES ('frontend', 'trash.menu.directory.purge.trash', '', 'zh-CN');
INSERT INTO OKM_TRANSLATION (TR_MODULE, TR_KEY, TR_TEXT, TR_LANGUAGE) VALUES ('frontend', 'trash.directory.select.label', '', 'zh-CN');
INSERT INTO OKM_TRANSLATION (TR_MODULE, TR_KEY, TR_TEXT, TR_LANGUAGE) VALUES ('frontend', 'general.menu.file', '', 'zh-CN');
INSERT INTO OKM_TRANSLATION (TR_MODULE, TR_KEY, TR_TEXT, TR_LANGUAGE) VALUES ('frontend', 'general.menu.file.exit', '', 'zh-CN');
INSERT INTO OKM_TRANSLATION (TR_MODULE, TR_KEY, TR_TEXT, TR_LANGUAGE) VALUES ('frontend', 'general.menu.file.purge.trash', '', 'zh-CN');
INSERT INTO OKM_TRANSLATION (TR_MODULE, TR_KEY, TR_TEXT, TR_LANGUAGE) VALUES ('frontend', 'general.menu.edit', '', 'zh-CN');
INSERT INTO OKM_TRANSLATION (TR_MODULE, TR_KEY, TR_TEXT, TR_LANGUAGE) VALUES ('frontend', 'general.menu.file.create.directory', '', 'zh-CN');
INSERT INTO OKM_TRANSLATION (TR_MODULE, TR_KEY, TR_TEXT, TR_LANGUAGE) VALUES ('frontend', 'general.menu.file.download.document', '', 'zh-CN');
INSERT INTO OKM_TRANSLATION (TR_MODULE, TR_KEY, TR_TEXT, TR_LANGUAGE) VALUES ('frontend', 'general.menu.file.download.document.pdf', 'pdf', 'zh-CN');
INSERT INTO OKM_TRANSLATION (TR_MODULE, TR_KEY, TR_TEXT, TR_LANGUAGE) VALUES ('frontend', 'general.menu.file.send.link', '', 'zh-CN');
INSERT INTO OKM_TRANSLATION (TR_MODULE, TR_KEY, TR_TEXT, TR_LANGUAGE) VALUES ('frontend', 'general.menu.file.send.attachment', '', 'zh-CN');
INSERT INTO OKM_TRANSLATION (TR_MODULE, TR_KEY, TR_TEXT, TR_LANGUAGE) VALUES ('frontend', 'general.menu.file.lock', '', 'zh-CN');
INSERT INTO OKM_TRANSLATION (TR_MODULE, TR_KEY, TR_TEXT, TR_LANGUAGE) VALUES ('frontend', 'general.menu.file.unlock', '', 'zh-CN');
INSERT INTO OKM_TRANSLATION (TR_MODULE, TR_KEY, TR_TEXT, TR_LANGUAGE) VALUES ('frontend', 'general.menu.file.add.document', '', 'zh-CN');
INSERT INTO OKM_TRANSLATION (TR_MODULE, TR_KEY, TR_TEXT, TR_LANGUAGE) VALUES ('frontend', 'general.menu.file.checkout', '', 'zh-CN');
INSERT INTO OKM_TRANSLATION (TR_MODULE, TR_KEY, TR_TEXT, TR_LANGUAGE) VALUES ('frontend', 'general.menu.file.checkin', '', 'zh-CN');
INSERT INTO OKM_TRANSLATION (TR_MODULE, TR_KEY, TR_TEXT, TR_LANGUAGE) VALUES ('frontend', 'general.menu.file.cancel.checkout', '', 'zh-CN');
INSERT INTO OKM_TRANSLATION (TR_MODULE, TR_KEY, TR_TEXT, TR_LANGUAGE) VALUES ('frontend', 'general.menu.file.delete', '', 'zh-CN');
INSERT INTO OKM_TRANSLATION (TR_MODULE, TR_KEY, TR_TEXT, TR_LANGUAGE) VALUES ('frontend', 'general.menu.file.refresh', '', 'zh-CN');
INSERT INTO OKM_TRANSLATION (TR_MODULE, TR_KEY, TR_TEXT, TR_LANGUAGE) VALUES ('frontend', 'general.menu.file.scanner', '', 'zh-CN');
INSERT INTO OKM_TRANSLATION (TR_MODULE, TR_KEY, TR_TEXT, TR_LANGUAGE) VALUES ('frontend', 'general.menu.file.uploader', '', 'zh-CN');
INSERT INTO OKM_TRANSLATION (TR_MODULE, TR_KEY, TR_TEXT, TR_LANGUAGE) VALUES ('frontend', 'general.menu.tools', '', 'zh-CN');
INSERT INTO OKM_TRANSLATION (TR_MODULE, TR_KEY, TR_TEXT, TR_LANGUAGE) VALUES ('frontend', 'general.menu.tools.languages', '', 'zh-CN');
INSERT INTO OKM_TRANSLATION (TR_MODULE, TR_KEY, TR_TEXT, TR_LANGUAGE) VALUES ('frontend', 'general.menu.tools.skin', '', 'zh-CN');
INSERT INTO OKM_TRANSLATION (TR_MODULE, TR_KEY, TR_TEXT, TR_LANGUAGE) VALUES ('frontend', 'general.menu.tools.skin.default', '', 'zh-CN');
INSERT INTO OKM_TRANSLATION (TR_MODULE, TR_KEY, TR_TEXT, TR_LANGUAGE) VALUES ('frontend', 'general.menu.tools.skin.default2', '2', 'zh-CN');
INSERT INTO OKM_TRANSLATION (TR_MODULE, TR_KEY, TR_TEXT, TR_LANGUAGE) VALUES ('frontend', 'general.menu.tools.skin.mediumfont', '', 'zh-CN');
INSERT INTO OKM_TRANSLATION (TR_MODULE, TR_KEY, TR_TEXT, TR_LANGUAGE) VALUES ('frontend', 'general.menu.tools.skin.bigfont', '', 'zh-CN');
INSERT INTO OKM_TRANSLATION (TR_MODULE, TR_KEY, TR_TEXT, TR_LANGUAGE) VALUES ('frontend', 'general.menu.debug.console', '', 'zh-CN');
INSERT INTO OKM_TRANSLATION (TR_MODULE, TR_KEY, TR_TEXT, TR_LANGUAGE) VALUES ('frontend', 'general.menu.administration', '', 'zh-CN');
INSERT INTO OKM_TRANSLATION (TR_MODULE, TR_KEY, TR_TEXT, TR_LANGUAGE) VALUES ('frontend', 'general.menu.tools.preferences', 'Preferences', 'zh-CN');
INSERT INTO OKM_TRANSLATION (TR_MODULE, TR_KEY, TR_TEXT, TR_LANGUAGE) VALUES ('frontend', 'general.menu.tools.user.preferences', '', 'zh-CN');
INSERT INTO OKM_TRANSLATION (TR_MODULE, TR_KEY, TR_TEXT, TR_LANGUAGE) VALUES ('frontend', 'general.menu.bookmark', '', 'zh-CN');
INSERT INTO OKM_TRANSLATION (TR_MODULE, TR_KEY, TR_TEXT, TR_LANGUAGE) VALUES ('frontend', 'general.menu.bookmark.home', '', 'zh-CN');
INSERT INTO OKM_TRANSLATION (TR_MODULE, TR_KEY, TR_TEXT, TR_LANGUAGE) VALUES ('frontend', 'general.menu.bookmark.default.home', '', 'zh-CN');
INSERT INTO OKM_TRANSLATION (TR_MODULE, TR_KEY, TR_TEXT, TR_LANGUAGE) VALUES ('frontend', 'general.menu.bookmark.edit', '', 'zh-CN');
INSERT INTO OKM_TRANSLATION (TR_MODULE, TR_KEY, TR_TEXT, TR_LANGUAGE) VALUES ('frontend', 'general.menu.help', '', 'zh-CN');
INSERT INTO OKM_TRANSLATION (TR_MODULE, TR_KEY, TR_TEXT, TR_LANGUAGE) VALUES ('frontend', 'general.menu.bug.report', '', 'zh-CN');
INSERT INTO OKM_TRANSLATION (TR_MODULE, TR_KEY, TR_TEXT, TR_LANGUAGE) VALUES ('frontend', 'general.menu.support.request', '', 'zh-CN');
INSERT INTO OKM_TRANSLATION (TR_MODULE, TR_KEY, TR_TEXT, TR_LANGUAGE) VALUES ('frontend', 'general.menu.public.forum', '', 'zh-CN');
INSERT INTO OKM_TRANSLATION (TR_MODULE, TR_KEY, TR_TEXT, TR_LANGUAGE) VALUES ('frontend', 'general.menu.project.web', '', 'zh-CN');
INSERT INTO OKM_TRANSLATION (TR_MODULE, TR_KEY, TR_TEXT, TR_LANGUAGE) VALUES ('frontend', 'general.menu.version.changes', '', 'zh-CN');
INSERT INTO OKM_TRANSLATION (TR_MODULE, TR_KEY, TR_TEXT, TR_LANGUAGE) VALUES ('frontend', 'general.menu.documentation', '', 'zh-CN');
INSERT INTO OKM_TRANSLATION (TR_MODULE, TR_KEY, TR_TEXT, TR_LANGUAGE) VALUES ('frontend', 'general.menu.about', 'OpenKM', 'zh-CN');
INSERT INTO OKM_TRANSLATION (TR_MODULE, TR_KEY, TR_TEXT, TR_LANGUAGE) VALUES ('frontend', 'general.connected', '', 'zh-CN');
INSERT INTO OKM_TRANSLATION (TR_MODULE, TR_KEY, TR_TEXT, TR_LANGUAGE) VALUES ('frontend', 'filebrowser.name', '', 'zh-CN');
INSERT INTO OKM_TRANSLATION (TR_MODULE, TR_KEY, TR_TEXT, TR_LANGUAGE) VALUES ('frontend', 'filebrowser.date.update', '', 'zh-CN');
INSERT INTO OKM_TRANSLATION (TR_MODULE, TR_KEY, TR_TEXT, TR_LANGUAGE) VALUES ('frontend', 'filebrowser.size', '', 'zh-CN');
INSERT INTO OKM_TRANSLATION (TR_MODULE, TR_KEY, TR_TEXT, TR_LANGUAGE) VALUES ('frontend', 'filebrowser.path', '', 'zh-CN');
INSERT INTO OKM_TRANSLATION (TR_MODULE, TR_KEY, TR_TEXT, TR_LANGUAGE) VALUES ('frontend', 'filebrowser.author', '', 'zh-CN');
INSERT INTO OKM_TRANSLATION (TR_MODULE, TR_KEY, TR_TEXT, TR_LANGUAGE) VALUES ('frontend', 'filebrowser.version', '', 'zh-CN');
INSERT INTO OKM_TRANSLATION (TR_MODULE, TR_KEY, TR_TEXT, TR_LANGUAGE) VALUES ('frontend', 'filebrowser.menu.checkout', '', 'zh-CN');
INSERT INTO OKM_TRANSLATION (TR_MODULE, TR_KEY, TR_TEXT, TR_LANGUAGE) VALUES ('frontend', 'filebrowser.menu.checkin', '', 'zh-CN');
INSERT INTO OKM_TRANSLATION (TR_MODULE, TR_KEY, TR_TEXT, TR_LANGUAGE) VALUES ('frontend', 'filebrowser.menu.delete', '', 'zh-CN');
INSERT INTO OKM_TRANSLATION (TR_MODULE, TR_KEY, TR_TEXT, TR_LANGUAGE) VALUES ('frontend', 'filebrowser.menu.rename', '', 'zh-CN');
INSERT INTO OKM_TRANSLATION (TR_MODULE, TR_KEY, TR_TEXT, TR_LANGUAGE) VALUES ('frontend', 'filebrowser.menu.checkout.cancel', '', 'zh-CN');
INSERT INTO OKM_TRANSLATION (TR_MODULE, TR_KEY, TR_TEXT, TR_LANGUAGE) VALUES ('frontend', 'filebrowser.menu.lock', '', 'zh-CN');
INSERT INTO OKM_TRANSLATION (TR_MODULE, TR_KEY, TR_TEXT, TR_LANGUAGE) VALUES ('frontend', 'filebrowser.menu.unlock', '', 'zh-CN');
INSERT INTO OKM_TRANSLATION (TR_MODULE, TR_KEY, TR_TEXT, TR_LANGUAGE) VALUES ('frontend', 'filebrowser.menu.download', '', 'zh-CN');
INSERT INTO OKM_TRANSLATION (TR_MODULE, TR_KEY, TR_TEXT, TR_LANGUAGE) VALUES ('frontend', 'filebrowser.menu.move', '', 'zh-CN');
INSERT INTO OKM_TRANSLATION (TR_MODULE, TR_KEY, TR_TEXT, TR_LANGUAGE) VALUES ('frontend', 'filebrowser.menu.copy', '', 'zh-CN');
INSERT INTO OKM_TRANSLATION (TR_MODULE, TR_KEY, TR_TEXT, TR_LANGUAGE) VALUES ('frontend', 'filebrowser.menu.create.from.template', '', 'zh-CN');
INSERT INTO OKM_TRANSLATION (TR_MODULE, TR_KEY, TR_TEXT, TR_LANGUAGE) VALUES ('frontend', 'filebrowser.menu.add.property.group', '', 'zh-CN');
INSERT INTO OKM_TRANSLATION (TR_MODULE, TR_KEY, TR_TEXT, TR_LANGUAGE) VALUES ('frontend', 'filebrowser.menu.remove.property.group', '', 'zh-CN');
INSERT INTO OKM_TRANSLATION (TR_MODULE, TR_KEY, TR_TEXT, TR_LANGUAGE) VALUES ('frontend', 'filebrowser.menu.start.workflow', '', 'zh-CN');
INSERT INTO OKM_TRANSLATION (TR_MODULE, TR_KEY, TR_TEXT, TR_LANGUAGE) VALUES ('frontend', 'filebrowser.menu.add.subscription', '', 'zh-CN');
INSERT INTO OKM_TRANSLATION (TR_MODULE, TR_KEY, TR_TEXT, TR_LANGUAGE) VALUES ('frontend', 'filebrowser.menu.remove.subscription', '', 'zh-CN');
INSERT INTO OKM_TRANSLATION (TR_MODULE, TR_KEY, TR_TEXT, TR_LANGUAGE) VALUES ('frontend', 'filebrowser.menu.add.bookmark', '', 'zh-CN');
INSERT INTO OKM_TRANSLATION (TR_MODULE, TR_KEY, TR_TEXT, TR_LANGUAGE) VALUES ('frontend', 'filebrowser.menu.set.home', '', 'zh-CN');
INSERT INTO OKM_TRANSLATION (TR_MODULE, TR_KEY, TR_TEXT, TR_LANGUAGE) VALUES ('frontend', 'filebrowser.menu.refresh', '', 'zh-CN');
INSERT INTO OKM_TRANSLATION (TR_MODULE, TR_KEY, TR_TEXT, TR_LANGUAGE) VALUES ('frontend', 'filebrowser.menu.export', '', 'zh-CN');
INSERT INTO OKM_TRANSLATION (TR_MODULE, TR_KEY, TR_TEXT, TR_LANGUAGE) VALUES ('frontend', 'filebrowser.menu.play', '', 'zh-CN');
INSERT INTO OKM_TRANSLATION (TR_MODULE, TR_KEY, TR_TEXT, TR_LANGUAGE) VALUES ('frontend', 'filebrowser.menu.image.viewer', '', 'zh-CN');
INSERT INTO OKM_TRANSLATION (TR_MODULE, TR_KEY, TR_TEXT, TR_LANGUAGE) VALUES ('frontend', 'filebrowser.status.refresh.folder', '', 'zh-CN');
INSERT INTO OKM_TRANSLATION (TR_MODULE, TR_KEY, TR_TEXT, TR_LANGUAGE) VALUES ('frontend', 'filebrowser.status.refresh.document', '', 'zh-CN');
INSERT INTO OKM_TRANSLATION (TR_MODULE, TR_KEY, TR_TEXT, TR_LANGUAGE) VALUES ('frontend', 'filebrowser.status.refresh.mail', '', 'zh-CN');
INSERT INTO OKM_TRANSLATION (TR_MODULE, TR_KEY, TR_TEXT, TR_LANGUAGE) VALUES ('frontend', 'filebrowser.status.refresh.delete.folder', '', 'zh-CN');
INSERT INTO OKM_TRANSLATION (TR_MODULE, TR_KEY, TR_TEXT, TR_LANGUAGE) VALUES ('frontend', 'filebrowser.status.refresh.delete.document', '', 'zh-CN');
INSERT INTO OKM_TRANSLATION (TR_MODULE, TR_KEY, TR_TEXT, TR_LANGUAGE) VALUES ('frontend', 'filebrowser.status.refresh.checkout', '', 'zh-CN');
INSERT INTO OKM_TRANSLATION (TR_MODULE, TR_KEY, TR_TEXT, TR_LANGUAGE) VALUES ('frontend', 'filebrowser.status.refresh.lock', '', 'zh-CN');
INSERT INTO OKM_TRANSLATION (TR_MODULE, TR_KEY, TR_TEXT, TR_LANGUAGE) VALUES ('frontend', 'filebrowser.status.refresh.unlock', '', 'zh-CN');
INSERT INTO OKM_TRANSLATION (TR_MODULE, TR_KEY, TR_TEXT, TR_LANGUAGE) VALUES ('frontend', 'filebrowser.status.refresh.document.rename', '', 'zh-CN');
INSERT INTO OKM_TRANSLATION (TR_MODULE, TR_KEY, TR_TEXT, TR_LANGUAGE) VALUES ('frontend', 'filebrowser.status.refresh.folder.rename', '', 'zh-CN');
INSERT INTO OKM_TRANSLATION (TR_MODULE, TR_KEY, TR_TEXT, TR_LANGUAGE) VALUES ('frontend', 'filebrowser.status.refresh.document.purge', '', 'zh-CN');
INSERT INTO OKM_TRANSLATION (TR_MODULE, TR_KEY, TR_TEXT, TR_LANGUAGE) VALUES ('frontend', 'filebrowser.status.refresh.folder.purge', '', 'zh-CN');
INSERT INTO OKM_TRANSLATION (TR_MODULE, TR_KEY, TR_TEXT, TR_LANGUAGE) VALUES ('frontend', 'filebrowser.status.refresh.folder.get', '', 'zh-CN');
INSERT INTO OKM_TRANSLATION (TR_MODULE, TR_KEY, TR_TEXT, TR_LANGUAGE) VALUES ('frontend', 'filebrowser.status.refresh.document.get', '', 'zh-CN');
INSERT INTO OKM_TRANSLATION (TR_MODULE, TR_KEY, TR_TEXT, TR_LANGUAGE) VALUES ('frontend', 'filebrowser.status.refresh.add.subscription', '', 'zh-CN');
INSERT INTO OKM_TRANSLATION (TR_MODULE, TR_KEY, TR_TEXT, TR_LANGUAGE) VALUES ('frontend', 'filebrowser.status.refresh.remove.subscription', '', 'zh-CN');
INSERT INTO OKM_TRANSLATION (TR_MODULE, TR_KEY, TR_TEXT, TR_LANGUAGE) VALUES ('frontend', 'filebrowser.status.refresh.get.user.home', '', 'zh-CN');
INSERT INTO OKM_TRANSLATION (TR_MODULE, TR_KEY, TR_TEXT, TR_LANGUAGE) VALUES ('frontend', 'filebrowser.status.refresh.delete.mail', '', 'zh-CN');
INSERT INTO OKM_TRANSLATION (TR_MODULE, TR_KEY, TR_TEXT, TR_LANGUAGE) VALUES ('frontend', 'filebrowser.status.refresh.mail.purge', '', 'zh-CN');
INSERT INTO OKM_TRANSLATION (TR_MODULE, TR_KEY, TR_TEXT, TR_LANGUAGE) VALUES ('frontend', 'fileupload.send', '', 'zh-CN');
INSERT INTO OKM_TRANSLATION (TR_MODULE, TR_KEY, TR_TEXT, TR_LANGUAGE) VALUES ('frontend', 'fileupload.status.sending', '...', 'zh-CN');
INSERT INTO OKM_TRANSLATION (TR_MODULE, TR_KEY, TR_TEXT, TR_LANGUAGE) VALUES ('frontend', 'fileupload.status.indexing', '...', 'zh-CN');
INSERT INTO OKM_TRANSLATION (TR_MODULE, TR_KEY, TR_TEXT, TR_LANGUAGE) VALUES ('frontend', 'fileupload.status.ok', '', 'zh-CN');
INSERT INTO OKM_TRANSLATION (TR_MODULE, TR_KEY, TR_TEXT, TR_LANGUAGE) VALUES ('frontend', 'fileupload.upload.status', '', 'zh-CN');
INSERT INTO OKM_TRANSLATION (TR_MODULE, TR_KEY, TR_TEXT, TR_LANGUAGE) VALUES ('frontend', 'fileupload.upload.uploaded', '', 'zh-CN');
INSERT INTO OKM_TRANSLATION (TR_MODULE, TR_KEY, TR_TEXT, TR_LANGUAGE) VALUES ('frontend', 'fileupload.upload.completed', '', 'zh-CN');
INSERT INTO OKM_TRANSLATION (TR_MODULE, TR_KEY, TR_TEXT, TR_LANGUAGE) VALUES ('frontend', 'fileupload.upload.runtime', '', 'zh-CN');
INSERT INTO OKM_TRANSLATION (TR_MODULE, TR_KEY, TR_TEXT, TR_LANGUAGE) VALUES ('frontend', 'fileupload.upload.remaining', '', 'zh-CN');
INSERT INTO OKM_TRANSLATION (TR_MODULE, TR_KEY, TR_TEXT, TR_LANGUAGE) VALUES ('frontend', 'fileupload.button.close', '', 'zh-CN');
INSERT INTO OKM_TRANSLATION (TR_MODULE, TR_KEY, TR_TEXT, TR_LANGUAGE) VALUES ('frontend', 'fileupload.button.add.other.file', '', 'zh-CN');
INSERT INTO OKM_TRANSLATION (TR_MODULE, TR_KEY, TR_TEXT, TR_LANGUAGE) VALUES ('frontend', 'fileupload.status.move.file', '...', 'zh-CN');
INSERT INTO OKM_TRANSLATION (TR_MODULE, TR_KEY, TR_TEXT, TR_LANGUAGE) VALUES ('frontend', 'fileupload.status.move.mail', '...', 'zh-CN');
INSERT INTO OKM_TRANSLATION (TR_MODULE, TR_KEY, TR_TEXT, TR_LANGUAGE) VALUES ('frontend', 'fileupload.status.copy.file', '...', 'zh-CN');
INSERT INTO OKM_TRANSLATION (TR_MODULE, TR_KEY, TR_TEXT, TR_LANGUAGE) VALUES ('frontend', 'fileupload.status.copy.mail', '...', 'zh-CN');
INSERT INTO OKM_TRANSLATION (TR_MODULE, TR_KEY, TR_TEXT, TR_LANGUAGE) VALUES ('frontend', 'fileupload.status.restore.file', '...', 'zh-CN');
INSERT INTO OKM_TRANSLATION (TR_MODULE, TR_KEY, TR_TEXT, TR_LANGUAGE) VALUES ('frontend', 'fileupload.status.restore.mail', '...', 'zh-CN');
INSERT INTO OKM_TRANSLATION (TR_MODULE, TR_KEY, TR_TEXT, TR_LANGUAGE) VALUES ('frontend', 'fileupload.status.move.folder', '...', 'zh-CN');
INSERT INTO OKM_TRANSLATION (TR_MODULE, TR_KEY, TR_TEXT, TR_LANGUAGE) VALUES ('frontend', 'fileupload.status.copy.folder', '...', 'zh-CN');
INSERT INTO OKM_TRANSLATION (TR_MODULE, TR_KEY, TR_TEXT, TR_LANGUAGE) VALUES ('frontend', 'fileupload.status.restore.folder', '...', 'zh-CN');
INSERT INTO OKM_TRANSLATION (TR_MODULE, TR_KEY, TR_TEXT, TR_LANGUAGE) VALUES ('frontend', 'fileupload.status.create.from.template', '...', 'zh-CN');
INSERT INTO OKM_TRANSLATION (TR_MODULE, TR_KEY, TR_TEXT, TR_LANGUAGE) VALUES ('frontend', 'fileupload.status.of', '', 'zh-CN');
INSERT INTO OKM_TRANSLATION (TR_MODULE, TR_KEY, TR_TEXT, TR_LANGUAGE) VALUES ('frontend', 'fileupload.label.insert', '', 'zh-CN');
INSERT INTO OKM_TRANSLATION (TR_MODULE, TR_KEY, TR_TEXT, TR_LANGUAGE) VALUES ('frontend', 'fileupload.label.update', '', 'zh-CN');
INSERT INTO OKM_TRANSLATION (TR_MODULE, TR_KEY, TR_TEXT, TR_LANGUAGE) VALUES ('frontend', 'fileupload.label.users.notify', '', 'zh-CN');
INSERT INTO OKM_TRANSLATION (TR_MODULE, TR_KEY, TR_TEXT, TR_LANGUAGE) VALUES ('frontend', 'fileupload.label.comment', '', 'zh-CN');
INSERT INTO OKM_TRANSLATION (TR_MODULE, TR_KEY, TR_TEXT, TR_LANGUAGE) VALUES ('frontend', 'fileupload.label.users.to.notify', '', 'zh-CN');
INSERT INTO OKM_TRANSLATION (TR_MODULE, TR_KEY, TR_TEXT, TR_LANGUAGE) VALUES ('frontend', 'fileupload.label.users', '', 'zh-CN');
INSERT INTO OKM_TRANSLATION (TR_MODULE, TR_KEY, TR_TEXT, TR_LANGUAGE) VALUES ('frontend', 'fileupload.label.groups.to.notify', '', 'zh-CN');
INSERT INTO OKM_TRANSLATION (TR_MODULE, TR_KEY, TR_TEXT, TR_LANGUAGE) VALUES ('frontend', 'fileupload.label.groups', '', 'zh-CN');
INSERT INTO OKM_TRANSLATION (TR_MODULE, TR_KEY, TR_TEXT, TR_LANGUAGE) VALUES ('frontend', 'fileupload.label.must.select.users', '', 'zh-CN');
INSERT INTO OKM_TRANSLATION (TR_MODULE, TR_KEY, TR_TEXT, TR_LANGUAGE) VALUES ('frontend', 'fileupload.label.importZip', 'zip', 'zh-CN');
INSERT INTO OKM_TRANSLATION (TR_MODULE, TR_KEY, TR_TEXT, TR_LANGUAGE) VALUES ('frontend', 'fileupload.label.notify.comment', '', 'zh-CN');
INSERT INTO OKM_TRANSLATION (TR_MODULE, TR_KEY, TR_TEXT, TR_LANGUAGE) VALUES ('frontend', 'fileupload.label.error.importing.zip', '', 'zh-CN');
INSERT INTO OKM_TRANSLATION (TR_MODULE, TR_KEY, TR_TEXT, TR_LANGUAGE) VALUES ('frontend', 'fileupload.label.error.move.file', '', 'zh-CN');
INSERT INTO OKM_TRANSLATION (TR_MODULE, TR_KEY, TR_TEXT, TR_LANGUAGE) VALUES ('frontend', 'fileupload.label.error.move.mail', '', 'zh-CN');
INSERT INTO OKM_TRANSLATION (TR_MODULE, TR_KEY, TR_TEXT, TR_LANGUAGE) VALUES ('frontend', 'fileupload.label.error.copy.file', '', 'zh-CN');
INSERT INTO OKM_TRANSLATION (TR_MODULE, TR_KEY, TR_TEXT, TR_LANGUAGE) VALUES ('frontend', 'fileupload.label.error.copy.mail', '', 'zh-CN');
INSERT INTO OKM_TRANSLATION (TR_MODULE, TR_KEY, TR_TEXT, TR_LANGUAGE) VALUES ('frontend', 'fileupload.label.error.restore.file', '', 'zh-CN');
INSERT INTO OKM_TRANSLATION (TR_MODULE, TR_KEY, TR_TEXT, TR_LANGUAGE) VALUES ('frontend', 'fileupload.label.error.restore.mail', '', 'zh-CN');
INSERT INTO OKM_TRANSLATION (TR_MODULE, TR_KEY, TR_TEXT, TR_LANGUAGE) VALUES ('frontend', 'fileupload.label.error.move.folder', '', 'zh-CN');
INSERT INTO OKM_TRANSLATION (TR_MODULE, TR_KEY, TR_TEXT, TR_LANGUAGE) VALUES ('frontend', 'fileupload.label.error.copy.folder', '', 'zh-CN');
INSERT INTO OKM_TRANSLATION (TR_MODULE, TR_KEY, TR_TEXT, TR_LANGUAGE) VALUES ('frontend', 'fileupload.label.error.restore.folder', '', 'zh-CN');
INSERT INTO OKM_TRANSLATION (TR_MODULE, TR_KEY, TR_TEXT, TR_LANGUAGE) VALUES ('frontend', 'fileupload.label.error.create.from.template', '', 'zh-CN');
INSERT INTO OKM_TRANSLATION (TR_MODULE, TR_KEY, TR_TEXT, TR_LANGUAGE) VALUES ('frontend', 'fileupload.label.error.not.allowed.move.folder.child', '', 'zh-CN');
INSERT INTO OKM_TRANSLATION (TR_MODULE, TR_KEY, TR_TEXT, TR_LANGUAGE) VALUES ('frontend', 'fileupload.label.error.not.allowed.copy.same.folder', '', 'zh-CN');
INSERT INTO OKM_TRANSLATION (TR_MODULE, TR_KEY, TR_TEXT, TR_LANGUAGE) VALUES ('frontend', 'fileupload.label.error.not.allowed.create.from.template.same.folder', '', 'zh-CN');
INSERT INTO OKM_TRANSLATION (TR_MODULE, TR_KEY, TR_TEXT, TR_LANGUAGE) VALUES ('frontend', 'tab.document.properties', '', 'zh-CN');
INSERT INTO OKM_TRANSLATION (TR_MODULE, TR_KEY, TR_TEXT, TR_LANGUAGE) VALUES ('frontend', 'tab.document.notes', '', 'zh-CN');
INSERT INTO OKM_TRANSLATION (TR_MODULE, TR_KEY, TR_TEXT, TR_LANGUAGE) VALUES ('frontend', 'tab.document.history', '', 'zh-CN');
INSERT INTO OKM_TRANSLATION (TR_MODULE, TR_KEY, TR_TEXT, TR_LANGUAGE) VALUES ('frontend', 'tab.document.status.history', '', 'zh-CN');
INSERT INTO OKM_TRANSLATION (TR_MODULE, TR_KEY, TR_TEXT, TR_LANGUAGE) VALUES ('frontend', 'tab.status.security.role', '', 'zh-CN');
INSERT INTO OKM_TRANSLATION (TR_MODULE, TR_KEY, TR_TEXT, TR_LANGUAGE) VALUES ('frontend', 'tab.status.security.user', '', 'zh-CN');
INSERT INTO OKM_TRANSLATION (TR_MODULE, TR_KEY, TR_TEXT, TR_LANGUAGE) VALUES ('frontend', 'tab.document.status.group.properties', '', 'zh-CN');
INSERT INTO OKM_TRANSLATION (TR_MODULE, TR_KEY, TR_TEXT, TR_LANGUAGE) VALUES ('frontend', 'tab.document.status.set.keywords', '', 'zh-CN');
INSERT INTO OKM_TRANSLATION (TR_MODULE, TR_KEY, TR_TEXT, TR_LANGUAGE) VALUES ('frontend', 'tab.document.status.set.categories', '', 'zh-CN');
INSERT INTO OKM_TRANSLATION (TR_MODULE, TR_KEY, TR_TEXT, TR_LANGUAGE) VALUES ('frontend', 'tab.document.status.get.version.history.size', '', 'zh-CN');
INSERT INTO OKM_TRANSLATION (TR_MODULE, TR_KEY, TR_TEXT, TR_LANGUAGE) VALUES ('frontend', 'tab.document.status.purge.version.history', '', 'zh-CN');
INSERT INTO OKM_TRANSLATION (TR_MODULE, TR_KEY, TR_TEXT, TR_LANGUAGE) VALUES ('frontend', 'tab.document.status.restore.version', '', 'zh-CN');
INSERT INTO OKM_TRANSLATION (TR_MODULE, TR_KEY, TR_TEXT, TR_LANGUAGE) VALUES ('frontend', 'tab.document.security', '', 'zh-CN');
INSERT INTO OKM_TRANSLATION (TR_MODULE, TR_KEY, TR_TEXT, TR_LANGUAGE) VALUES ('frontend', 'tab.document.preview', '', 'zh-CN');
INSERT INTO OKM_TRANSLATION (TR_MODULE, TR_KEY, TR_TEXT, TR_LANGUAGE) VALUES ('frontend', 'tab.folder.properties', '', 'zh-CN');
INSERT INTO OKM_TRANSLATION (TR_MODULE, TR_KEY, TR_TEXT, TR_LANGUAGE) VALUES ('frontend', 'tab.folder.security', '', 'zh-CN');
INSERT INTO OKM_TRANSLATION (TR_MODULE, TR_KEY, TR_TEXT, TR_LANGUAGE) VALUES ('frontend', 'tab.folder.notes', '', 'zh-CN');
INSERT INTO OKM_TRANSLATION (TR_MODULE, TR_KEY, TR_TEXT, TR_LANGUAGE) VALUES ('frontend', 'tab.workspace.desktop', '', 'zh-CN');
INSERT INTO OKM_TRANSLATION (TR_MODULE, TR_KEY, TR_TEXT, TR_LANGUAGE) VALUES ('frontend', 'tab.workspace.search', '', 'zh-CN');
INSERT INTO OKM_TRANSLATION (TR_MODULE, TR_KEY, TR_TEXT, TR_LANGUAGE) VALUES ('frontend', 'tab.workspace.dashboard', '', 'zh-CN');
INSERT INTO OKM_TRANSLATION (TR_MODULE, TR_KEY, TR_TEXT, TR_LANGUAGE) VALUES ('frontend', 'tab.workspace.administration', '', 'zh-CN');
INSERT INTO OKM_TRANSLATION (TR_MODULE, TR_KEY, TR_TEXT, TR_LANGUAGE) VALUES ('frontend', 'document.uuid', 'UUID', 'zh-CN');
INSERT INTO OKM_TRANSLATION (TR_MODULE, TR_KEY, TR_TEXT, TR_LANGUAGE) VALUES ('frontend', 'document.name', '', 'zh-CN');
INSERT INTO OKM_TRANSLATION (TR_MODULE, TR_KEY, TR_TEXT, TR_LANGUAGE) VALUES ('frontend', 'document.folder', '', 'zh-CN');
INSERT INTO OKM_TRANSLATION (TR_MODULE, TR_KEY, TR_TEXT, TR_LANGUAGE) VALUES ('frontend', 'document.size', '', 'zh-CN');
INSERT INTO OKM_TRANSLATION (TR_MODULE, TR_KEY, TR_TEXT, TR_LANGUAGE) VALUES ('frontend', 'document.created', '', 'zh-CN');
INSERT INTO OKM_TRANSLATION (TR_MODULE, TR_KEY, TR_TEXT, TR_LANGUAGE) VALUES ('frontend', 'document.lastmodified', '', 'zh-CN');
INSERT INTO OKM_TRANSLATION (TR_MODULE, TR_KEY, TR_TEXT, TR_LANGUAGE) VALUES ('frontend', 'document.mimetype', 'MIME ', 'zh-CN');
INSERT INTO OKM_TRANSLATION (TR_MODULE, TR_KEY, TR_TEXT, TR_LANGUAGE) VALUES ('frontend', 'document.keywords', '', 'zh-CN');
INSERT INTO OKM_TRANSLATION (TR_MODULE, TR_KEY, TR_TEXT, TR_LANGUAGE) VALUES ('frontend', 'document.by', '', 'zh-CN');
INSERT INTO OKM_TRANSLATION (TR_MODULE, TR_KEY, TR_TEXT, TR_LANGUAGE) VALUES ('frontend', 'document.status', '', 'zh-CN');
INSERT INTO OKM_TRANSLATION (TR_MODULE, TR_KEY, TR_TEXT, TR_LANGUAGE) VALUES ('frontend', 'document.status.checkout', '', 'zh-CN');
INSERT INTO OKM_TRANSLATION (TR_MODULE, TR_KEY, TR_TEXT, TR_LANGUAGE) VALUES ('frontend', 'document.status.locked', '', 'zh-CN');
INSERT INTO OKM_TRANSLATION (TR_MODULE, TR_KEY, TR_TEXT, TR_LANGUAGE) VALUES ('frontend', 'document.status.normal', '', 'zh-CN');
INSERT INTO OKM_TRANSLATION (TR_MODULE, TR_KEY, TR_TEXT, TR_LANGUAGE) VALUES ('frontend', 'document.subscribed', '', 'zh-CN');
INSERT INTO OKM_TRANSLATION (TR_MODULE, TR_KEY, TR_TEXT, TR_LANGUAGE) VALUES ('frontend', 'document.subscribed.yes', '', 'zh-CN');
INSERT INTO OKM_TRANSLATION (TR_MODULE, TR_KEY, TR_TEXT, TR_LANGUAGE) VALUES ('frontend', 'document.subscribed.no', '', 'zh-CN');
INSERT INTO OKM_TRANSLATION (TR_MODULE, TR_KEY, TR_TEXT, TR_LANGUAGE) VALUES ('frontend', 'document.history.size', '', 'zh-CN');
INSERT INTO OKM_TRANSLATION (TR_MODULE, TR_KEY, TR_TEXT, TR_LANGUAGE) VALUES ('frontend', 'document.subscribed.users', '', 'zh-CN');
INSERT INTO OKM_TRANSLATION (TR_MODULE, TR_KEY, TR_TEXT, TR_LANGUAGE) VALUES ('frontend', 'document.url', 'URL', 'zh-CN');
INSERT INTO OKM_TRANSLATION (TR_MODULE, TR_KEY, TR_TEXT, TR_LANGUAGE) VALUES ('frontend', 'document.webdav', 'WebDAV', 'zh-CN');
INSERT INTO OKM_TRANSLATION (TR_MODULE, TR_KEY, TR_TEXT, TR_LANGUAGE) VALUES ('frontend', 'document.add.note', '', 'zh-CN');
INSERT INTO OKM_TRANSLATION (TR_MODULE, TR_KEY, TR_TEXT, TR_LANGUAGE) VALUES ('frontend', 'document.keywords.cloud', '', 'zh-CN');
INSERT INTO OKM_TRANSLATION (TR_MODULE, TR_KEY, TR_TEXT, TR_LANGUAGE) VALUES ('frontend', 'document.categories', '', 'zh-CN');
INSERT INTO OKM_TRANSLATION (TR_MODULE, TR_KEY, TR_TEXT, TR_LANGUAGE) VALUES ('frontend', 'folder.uuid', 'UUID', 'zh-CN');
INSERT INTO OKM_TRANSLATION (TR_MODULE, TR_KEY, TR_TEXT, TR_LANGUAGE) VALUES ('frontend', 'folder.name', '', 'zh-CN');
INSERT INTO OKM_TRANSLATION (TR_MODULE, TR_KEY, TR_TEXT, TR_LANGUAGE) VALUES ('frontend', 'folder.parent', '', 'zh-CN');
INSERT INTO OKM_TRANSLATION (TR_MODULE, TR_KEY, TR_TEXT, TR_LANGUAGE) VALUES ('frontend', 'folder.created', '', 'zh-CN');
INSERT INTO OKM_TRANSLATION (TR_MODULE, TR_KEY, TR_TEXT, TR_LANGUAGE) VALUES ('frontend', 'folder.by', '', 'zh-CN');
INSERT INTO OKM_TRANSLATION (TR_MODULE, TR_KEY, TR_TEXT, TR_LANGUAGE) VALUES ('frontend', 'folder.subscribed', '', 'zh-CN');
INSERT INTO OKM_TRANSLATION (TR_MODULE, TR_KEY, TR_TEXT, TR_LANGUAGE) VALUES ('frontend', 'folder.subscribed.yes', '', 'zh-CN');
INSERT INTO OKM_TRANSLATION (TR_MODULE, TR_KEY, TR_TEXT, TR_LANGUAGE) VALUES ('frontend', 'folder.subscribed.no', '', 'zh-CN');
INSERT INTO OKM_TRANSLATION (TR_MODULE, TR_KEY, TR_TEXT, TR_LANGUAGE) VALUES ('frontend', 'folder.subscribed.users', '', 'zh-CN');
INSERT INTO OKM_TRANSLATION (TR_MODULE, TR_KEY, TR_TEXT, TR_LANGUAGE) VALUES ('frontend', 'folder.url', 'URL', 'zh-CN');
INSERT INTO OKM_TRANSLATION (TR_MODULE, TR_KEY, TR_TEXT, TR_LANGUAGE) VALUES ('frontend', 'folder.webdav', 'WebDAV', 'zh-CN');
INSERT INTO OKM_TRANSLATION (TR_MODULE, TR_KEY, TR_TEXT, TR_LANGUAGE) VALUES ('frontend', 'folder.number.folders', '', 'zh-CN');
INSERT INTO OKM_TRANSLATION (TR_MODULE, TR_KEY, TR_TEXT, TR_LANGUAGE) VALUES ('frontend', 'folder.number.documents', '', 'zh-CN');
INSERT INTO OKM_TRANSLATION (TR_MODULE, TR_KEY, TR_TEXT, TR_LANGUAGE) VALUES ('frontend', 'folder.number.mails', '', 'zh-CN');
INSERT INTO OKM_TRANSLATION (TR_MODULE, TR_KEY, TR_TEXT, TR_LANGUAGE) VALUES ('frontend', 'version.name', '', 'zh-CN');
INSERT INTO OKM_TRANSLATION (TR_MODULE, TR_KEY, TR_TEXT, TR_LANGUAGE) VALUES ('frontend', 'version.created', '', 'zh-CN');
INSERT INTO OKM_TRANSLATION (TR_MODULE, TR_KEY, TR_TEXT, TR_LANGUAGE) VALUES ('frontend', 'version.author', '', 'zh-CN');
INSERT INTO OKM_TRANSLATION (TR_MODULE, TR_KEY, TR_TEXT, TR_LANGUAGE) VALUES ('frontend', 'version.size', '', 'zh-CN');
INSERT INTO OKM_TRANSLATION (TR_MODULE, TR_KEY, TR_TEXT, TR_LANGUAGE) VALUES ('frontend', 'version.purge.document', '', 'zh-CN');
INSERT INTO OKM_TRANSLATION (TR_MODULE, TR_KEY, TR_TEXT, TR_LANGUAGE) VALUES ('frontend', 'version.comment', '', 'zh-CN');
INSERT INTO OKM_TRANSLATION (TR_MODULE, TR_KEY, TR_TEXT, TR_LANGUAGE) VALUES ('frontend', 'security.label', '', 'zh-CN');
INSERT INTO OKM_TRANSLATION (TR_MODULE, TR_KEY, TR_TEXT, TR_LANGUAGE) VALUES ('frontend', 'security.group.name', '', 'zh-CN');
INSERT INTO OKM_TRANSLATION (TR_MODULE, TR_KEY, TR_TEXT, TR_LANGUAGE) VALUES ('frontend', 'security.group.permission.read', '', 'zh-CN');
INSERT INTO OKM_TRANSLATION (TR_MODULE, TR_KEY, TR_TEXT, TR_LANGUAGE) VALUES ('frontend', 'security.group.permission.write', '', 'zh-CN');
INSERT INTO OKM_TRANSLATION (TR_MODULE, TR_KEY, TR_TEXT, TR_LANGUAGE) VALUES ('frontend', 'security.group.permission.delete', '', 'zh-CN');
INSERT INTO OKM_TRANSLATION (TR_MODULE, TR_KEY, TR_TEXT, TR_LANGUAGE) VALUES ('frontend', 'security.group.permission.security', '', 'zh-CN');
INSERT INTO OKM_TRANSLATION (TR_MODULE, TR_KEY, TR_TEXT, TR_LANGUAGE) VALUES ('frontend', 'security.user.name', '', 'zh-CN');
INSERT INTO OKM_TRANSLATION (TR_MODULE, TR_KEY, TR_TEXT, TR_LANGUAGE) VALUES ('frontend', 'security.user.permission.read', '', 'zh-CN');
INSERT INTO OKM_TRANSLATION (TR_MODULE, TR_KEY, TR_TEXT, TR_LANGUAGE) VALUES ('frontend', 'security.user.permission.write', '', 'zh-CN');
INSERT INTO OKM_TRANSLATION (TR_MODULE, TR_KEY, TR_TEXT, TR_LANGUAGE) VALUES ('frontend', 'security.user.permission.delete', '', 'zh-CN');
INSERT INTO OKM_TRANSLATION (TR_MODULE, TR_KEY, TR_TEXT, TR_LANGUAGE) VALUES ('frontend', 'security.user.permission.security', '', 'zh-CN');
INSERT INTO OKM_TRANSLATION (TR_MODULE, TR_KEY, TR_TEXT, TR_LANGUAGE) VALUES ('frontend', 'security.users', '', 'zh-CN');
INSERT INTO OKM_TRANSLATION (TR_MODULE, TR_KEY, TR_TEXT, TR_LANGUAGE) VALUES ('frontend', 'security.groups', '', 'zh-CN');
INSERT INTO OKM_TRANSLATION (TR_MODULE, TR_KEY, TR_TEXT, TR_LANGUAGE) VALUES ('frontend', 'security.recursive', '', 'zh-CN');
INSERT INTO OKM_TRANSLATION (TR_MODULE, TR_KEY, TR_TEXT, TR_LANGUAGE) VALUES ('frontend', 'secutiry.filter.by.users', '', 'zh-CN');
INSERT INTO OKM_TRANSLATION (TR_MODULE, TR_KEY, TR_TEXT, TR_LANGUAGE) VALUES ('frontend', 'secutiry.filter.by.groups', '', 'zh-CN');
INSERT INTO OKM_TRANSLATION (TR_MODULE, TR_KEY, TR_TEXT, TR_LANGUAGE) VALUES ('frontend', 'security.status.updating', '...', 'zh-CN');
INSERT INTO OKM_TRANSLATION (TR_MODULE, TR_KEY, TR_TEXT, TR_LANGUAGE) VALUES ('frontend', 'preview.unavailable', '', 'zh-CN');
INSERT INTO OKM_TRANSLATION (TR_MODULE, TR_KEY, TR_TEXT, TR_LANGUAGE) VALUES ('frontend', 'mail.from', '(From)', 'zh-CN');
INSERT INTO OKM_TRANSLATION (TR_MODULE, TR_KEY, TR_TEXT, TR_LANGUAGE) VALUES ('frontend', 'mail.reply', '(Reply to)', 'zh-CN');
INSERT INTO OKM_TRANSLATION (TR_MODULE, TR_KEY, TR_TEXT, TR_LANGUAGE) VALUES ('frontend', 'mail.to', '(To)', 'zh-CN');
INSERT INTO OKM_TRANSLATION (TR_MODULE, TR_KEY, TR_TEXT, TR_LANGUAGE) VALUES ('frontend', 'mail.subject', '(Subject)', 'zh-CN');
INSERT INTO OKM_TRANSLATION (TR_MODULE, TR_KEY, TR_TEXT, TR_LANGUAGE) VALUES ('frontend', 'error.label', '', 'zh-CN');
INSERT INTO OKM_TRANSLATION (TR_MODULE, TR_KEY, TR_TEXT, TR_LANGUAGE) VALUES ('frontend', 'error.invocation', '', 'zh-CN');
INSERT INTO OKM_TRANSLATION (TR_MODULE, TR_KEY, TR_TEXT, TR_LANGUAGE) VALUES ('frontend', 'about.label', 'OpenKM', 'zh-CN');
INSERT INTO OKM_TRANSLATION (TR_MODULE, TR_KEY, TR_TEXT, TR_LANGUAGE) VALUES ('frontend', 'about.loading', '...', 'zh-CN');
INSERT INTO OKM_TRANSLATION (TR_MODULE, TR_KEY, TR_TEXT, TR_LANGUAGE) VALUES ('frontend', 'logout.label', '', 'zh-CN');
INSERT INTO OKM_TRANSLATION (TR_MODULE, TR_KEY, TR_TEXT, TR_LANGUAGE) VALUES ('frontend', 'logout.closed', 'OpenKM .', 'zh-CN');
INSERT INTO OKM_TRANSLATION (TR_MODULE, TR_KEY, TR_TEXT, TR_LANGUAGE) VALUES ('frontend', 'logout.logout', 'OpenKM ,  ', 'zh-CN');
INSERT INTO OKM_TRANSLATION (TR_MODULE, TR_KEY, TR_TEXT, TR_LANGUAGE) VALUES ('frontend', 'confirm.label', '', 'zh-CN');
INSERT INTO OKM_TRANSLATION (TR_MODULE, TR_KEY, TR_TEXT, TR_LANGUAGE) VALUES ('frontend', 'confirm.delete.folder', '?', 'zh-CN');
INSERT INTO OKM_TRANSLATION (TR_MODULE, TR_KEY, TR_TEXT, TR_LANGUAGE) VALUES ('frontend', 'confirm.delete.document', '?', 'zh-CN');
INSERT INTO OKM_TRANSLATION (TR_MODULE, TR_KEY, TR_TEXT, TR_LANGUAGE) VALUES ('frontend', 'confirm.delete.trash', '?', 'zh-CN');
INSERT INTO OKM_TRANSLATION (TR_MODULE, TR_KEY, TR_TEXT, TR_LANGUAGE) VALUES ('frontend', 'confirm.purge.folder', '?', 'zh-CN');
INSERT INTO OKM_TRANSLATION (TR_MODULE, TR_KEY, TR_TEXT, TR_LANGUAGE) VALUES ('frontend', 'confirm.purge.document', '?', 'zh-CN');
INSERT INTO OKM_TRANSLATION (TR_MODULE, TR_KEY, TR_TEXT, TR_LANGUAGE) VALUES ('frontend', 'confirm.delete.propety.group', '?', 'zh-CN');
INSERT INTO OKM_TRANSLATION (TR_MODULE, TR_KEY, TR_TEXT, TR_LANGUAGE) VALUES ('frontend', 'confirm.purge.version.history.document', '?', 'zh-CN');
INSERT INTO OKM_TRANSLATION (TR_MODULE, TR_KEY, TR_TEXT, TR_LANGUAGE) VALUES ('frontend', 'confirm.purge.restore.document', '?', 'zh-CN');
INSERT INTO OKM_TRANSLATION (TR_MODULE, TR_KEY, TR_TEXT, TR_LANGUAGE) VALUES ('frontend', 'confirm.set.default.home', '?', 'zh-CN');
INSERT INTO OKM_TRANSLATION (TR_MODULE, TR_KEY, TR_TEXT, TR_LANGUAGE) VALUES ('frontend', 'confirm.delete.saved.search', '', 'zh-CN');
INSERT INTO OKM_TRANSLATION (TR_MODULE, TR_KEY, TR_TEXT, TR_LANGUAGE) VALUES ('frontend', 'confirm.delete.user.news', '', 'zh-CN');
INSERT INTO OKM_TRANSLATION (TR_MODULE, TR_KEY, TR_TEXT, TR_LANGUAGE) VALUES ('frontend', 'confirm.delete.mail', '', 'zh-CN');
INSERT INTO OKM_TRANSLATION (TR_MODULE, TR_KEY, TR_TEXT, TR_LANGUAGE) VALUES ('frontend', 'confirm.get.pooled.workflow.task', '', 'zh-CN');
INSERT INTO OKM_TRANSLATION (TR_MODULE, TR_KEY, TR_TEXT, TR_LANGUAGE) VALUES ('frontend', 'confirm.force.unlock', '', 'zh-CN');
INSERT INTO OKM_TRANSLATION (TR_MODULE, TR_KEY, TR_TEXT, TR_LANGUAGE) VALUES ('frontend', 'confirm.force.cancel.checkout', '', 'zh-CN');
INSERT INTO OKM_TRANSLATION (TR_MODULE, TR_KEY, TR_TEXT, TR_LANGUAGE) VALUES ('frontend', 'search.context', '', 'zh-CN');
INSERT INTO OKM_TRANSLATION (TR_MODULE, TR_KEY, TR_TEXT, TR_LANGUAGE) VALUES ('frontend', 'search.content', '', 'zh-CN');
INSERT INTO OKM_TRANSLATION (TR_MODULE, TR_KEY, TR_TEXT, TR_LANGUAGE) VALUES ('frontend', 'search.name', '', 'zh-CN');
INSERT INTO OKM_TRANSLATION (TR_MODULE, TR_KEY, TR_TEXT, TR_LANGUAGE) VALUES ('frontend', 'search.keywords', '', 'zh-CN');
INSERT INTO OKM_TRANSLATION (TR_MODULE, TR_KEY, TR_TEXT, TR_LANGUAGE) VALUES ('frontend', 'search.folder', '', 'zh-CN');
INSERT INTO OKM_TRANSLATION (TR_MODULE, TR_KEY, TR_TEXT, TR_LANGUAGE) VALUES ('frontend', 'search.category', '', 'zh-CN');
INSERT INTO OKM_TRANSLATION (TR_MODULE, TR_KEY, TR_TEXT, TR_LANGUAGE) VALUES ('frontend', 'search.results', '', 'zh-CN');
INSERT INTO OKM_TRANSLATION (TR_MODULE, TR_KEY, TR_TEXT, TR_LANGUAGE) VALUES ('frontend', 'search.to', '', 'zh-CN');
INSERT INTO OKM_TRANSLATION (TR_MODULE, TR_KEY, TR_TEXT, TR_LANGUAGE) VALUES ('frontend', 'search.page.results', '', 'zh-CN');
INSERT INTO OKM_TRANSLATION (TR_MODULE, TR_KEY, TR_TEXT, TR_LANGUAGE) VALUES ('frontend', 'search.add.property.group', '', 'zh-CN');
INSERT INTO OKM_TRANSLATION (TR_MODULE, TR_KEY, TR_TEXT, TR_LANGUAGE) VALUES ('frontend', 'search.mimetype', 'Mime ', 'zh-CN');
INSERT INTO OKM_TRANSLATION (TR_MODULE, TR_KEY, TR_TEXT, TR_LANGUAGE) VALUES ('frontend', 'search.type', '', 'zh-CN');
INSERT INTO OKM_TRANSLATION (TR_MODULE, TR_KEY, TR_TEXT, TR_LANGUAGE) VALUES ('frontend', 'search.type.document', '', 'zh-CN');
INSERT INTO OKM_TRANSLATION (TR_MODULE, TR_KEY, TR_TEXT, TR_LANGUAGE) VALUES ('frontend', 'search.type.folder', '', 'zh-CN');
INSERT INTO OKM_TRANSLATION (TR_MODULE, TR_KEY, TR_TEXT, TR_LANGUAGE) VALUES ('frontend', 'search.type.mail', '', 'zh-CN');
INSERT INTO OKM_TRANSLATION (TR_MODULE, TR_KEY, TR_TEXT, TR_LANGUAGE) VALUES ('frontend', 'search.advanced', '', 'zh-CN');
INSERT INTO OKM_TRANSLATION (TR_MODULE, TR_KEY, TR_TEXT, TR_LANGUAGE) VALUES ('frontend', 'search.user', '', 'zh-CN');
INSERT INTO OKM_TRANSLATION (TR_MODULE, TR_KEY, TR_TEXT, TR_LANGUAGE) VALUES ('frontend', 'search.date.and', '', 'zh-CN');
INSERT INTO OKM_TRANSLATION (TR_MODULE, TR_KEY, TR_TEXT, TR_LANGUAGE) VALUES ('frontend', 'search.date.range', '', 'zh-CN');
INSERT INTO OKM_TRANSLATION (TR_MODULE, TR_KEY, TR_TEXT, TR_LANGUAGE) VALUES ('frontend', 'search.save.as.news', '', 'zh-CN');
INSERT INTO OKM_TRANSLATION (TR_MODULE, TR_KEY, TR_TEXT, TR_LANGUAGE) VALUES ('frontend', 'search.folder.filter', '', 'zh-CN');
INSERT INTO OKM_TRANSLATION (TR_MODULE, TR_KEY, TR_TEXT, TR_LANGUAGE) VALUES ('frontend', 'search.category.filter', '', 'zh-CN');
INSERT INTO OKM_TRANSLATION (TR_MODULE, TR_KEY, TR_TEXT, TR_LANGUAGE) VALUES ('frontend', 'search.result.name', '', 'zh-CN');
INSERT INTO OKM_TRANSLATION (TR_MODULE, TR_KEY, TR_TEXT, TR_LANGUAGE) VALUES ('frontend', 'search.result.score', '', 'zh-CN');
INSERT INTO OKM_TRANSLATION (TR_MODULE, TR_KEY, TR_TEXT, TR_LANGUAGE) VALUES ('frontend', 'search.result.size', '', 'zh-CN');
INSERT INTO OKM_TRANSLATION (TR_MODULE, TR_KEY, TR_TEXT, TR_LANGUAGE) VALUES ('frontend', 'search.result.date.update', '', 'zh-CN');
INSERT INTO OKM_TRANSLATION (TR_MODULE, TR_KEY, TR_TEXT, TR_LANGUAGE) VALUES ('frontend', 'search.result.author', '', 'zh-CN');
INSERT INTO OKM_TRANSLATION (TR_MODULE, TR_KEY, TR_TEXT, TR_LANGUAGE) VALUES ('frontend', 'search.result.version', '', 'zh-CN');
INSERT INTO OKM_TRANSLATION (TR_MODULE, TR_KEY, TR_TEXT, TR_LANGUAGE) VALUES ('frontend', 'search.result.path', '', 'zh-CN');
INSERT INTO OKM_TRANSLATION (TR_MODULE, TR_KEY, TR_TEXT, TR_LANGUAGE) VALUES ('frontend', 'search.result.menu.download', '', 'zh-CN');
INSERT INTO OKM_TRANSLATION (TR_MODULE, TR_KEY, TR_TEXT, TR_LANGUAGE) VALUES ('frontend', 'search.result.menu.go.folder', '', 'zh-CN');
INSERT INTO OKM_TRANSLATION (TR_MODULE, TR_KEY, TR_TEXT, TR_LANGUAGE) VALUES ('frontend', 'search.result.menu.go.document', '', 'zh-CN');
INSERT INTO OKM_TRANSLATION (TR_MODULE, TR_KEY, TR_TEXT, TR_LANGUAGE) VALUES ('frontend', 'search.result.status.findPaginated', '', 'zh-CN');
INSERT INTO OKM_TRANSLATION (TR_MODULE, TR_KEY, TR_TEXT, TR_LANGUAGE) VALUES ('frontend', 'search.result.status.runsearch', '', 'zh-CN');
INSERT INTO OKM_TRANSLATION (TR_MODULE, TR_KEY, TR_TEXT, TR_LANGUAGE) VALUES ('frontend', 'search.saved.run', '', 'zh-CN');
INSERT INTO OKM_TRANSLATION (TR_MODULE, TR_KEY, TR_TEXT, TR_LANGUAGE) VALUES ('frontend', 'search.saved.delete', '', 'zh-CN');
INSERT INTO OKM_TRANSLATION (TR_MODULE, TR_KEY, TR_TEXT, TR_LANGUAGE) VALUES ('frontend', 'search.saved.status.getsearchs', '', 'zh-CN');
INSERT INTO OKM_TRANSLATION (TR_MODULE, TR_KEY, TR_TEXT, TR_LANGUAGE) VALUES ('frontend', 'search.saved.status.savesearch', '', 'zh-CN');
INSERT INTO OKM_TRANSLATION (TR_MODULE, TR_KEY, TR_TEXT, TR_LANGUAGE) VALUES ('frontend', 'search.saved.status.deletesearch', '', 'zh-CN');
INSERT INTO OKM_TRANSLATION (TR_MODULE, TR_KEY, TR_TEXT, TR_LANGUAGE) VALUES ('frontend', 'search.saved.status.getusernews', '', 'zh-CN');
INSERT INTO OKM_TRANSLATION (TR_MODULE, TR_KEY, TR_TEXT, TR_LANGUAGE) VALUES ('frontend', 'button.close', '', 'zh-CN');
INSERT INTO OKM_TRANSLATION (TR_MODULE, TR_KEY, TR_TEXT, TR_LANGUAGE) VALUES ('frontend', 'button.logout', '', 'zh-CN');
INSERT INTO OKM_TRANSLATION (TR_MODULE, TR_KEY, TR_TEXT, TR_LANGUAGE) VALUES ('frontend', 'button.update', '', 'zh-CN');
INSERT INTO OKM_TRANSLATION (TR_MODULE, TR_KEY, TR_TEXT, TR_LANGUAGE) VALUES ('frontend', 'button.cancel', '', 'zh-CN');
INSERT INTO OKM_TRANSLATION (TR_MODULE, TR_KEY, TR_TEXT, TR_LANGUAGE) VALUES ('frontend', 'button.accept', '', 'zh-CN');
INSERT INTO OKM_TRANSLATION (TR_MODULE, TR_KEY, TR_TEXT, TR_LANGUAGE) VALUES ('frontend', 'button.restore', '', 'zh-CN');
INSERT INTO OKM_TRANSLATION (TR_MODULE, TR_KEY, TR_TEXT, TR_LANGUAGE) VALUES ('frontend', 'button.move', '', 'zh-CN');
INSERT INTO OKM_TRANSLATION (TR_MODULE, TR_KEY, TR_TEXT, TR_LANGUAGE) VALUES ('frontend', 'button.change', '', 'zh-CN');
INSERT INTO OKM_TRANSLATION (TR_MODULE, TR_KEY, TR_TEXT, TR_LANGUAGE) VALUES ('frontend', 'button.search', '', 'zh-CN');
INSERT INTO OKM_TRANSLATION (TR_MODULE, TR_KEY, TR_TEXT, TR_LANGUAGE) VALUES ('frontend', 'button.save.search', '', 'zh-CN');
INSERT INTO OKM_TRANSLATION (TR_MODULE, TR_KEY, TR_TEXT, TR_LANGUAGE) VALUES ('frontend', 'button.view', '', 'zh-CN');
INSERT INTO OKM_TRANSLATION (TR_MODULE, TR_KEY, TR_TEXT, TR_LANGUAGE) VALUES ('frontend', 'button.clean', '', 'zh-CN');
INSERT INTO OKM_TRANSLATION (TR_MODULE, TR_KEY, TR_TEXT, TR_LANGUAGE) VALUES ('frontend', 'button.add', '', 'zh-CN');
INSERT INTO OKM_TRANSLATION (TR_MODULE, TR_KEY, TR_TEXT, TR_LANGUAGE) VALUES ('frontend', 'button.delete', '', 'zh-CN');
INSERT INTO OKM_TRANSLATION (TR_MODULE, TR_KEY, TR_TEXT, TR_LANGUAGE) VALUES ('frontend', 'button.copy', '', 'zh-CN');
INSERT INTO OKM_TRANSLATION (TR_MODULE, TR_KEY, TR_TEXT, TR_LANGUAGE) VALUES ('frontend', 'button.create', '', 'zh-CN');
INSERT INTO OKM_TRANSLATION (TR_MODULE, TR_KEY, TR_TEXT, TR_LANGUAGE) VALUES ('frontend', 'button.show', '', 'zh-CN');
INSERT INTO OKM_TRANSLATION (TR_MODULE, TR_KEY, TR_TEXT, TR_LANGUAGE) VALUES ('frontend', 'button.memory', '', 'zh-CN');
INSERT INTO OKM_TRANSLATION (TR_MODULE, TR_KEY, TR_TEXT, TR_LANGUAGE) VALUES ('frontend', 'button.copy.clipboard', '', 'zh-CN');
INSERT INTO OKM_TRANSLATION (TR_MODULE, TR_KEY, TR_TEXT, TR_LANGUAGE) VALUES ('frontend', 'button.start', '', 'zh-CN');
INSERT INTO OKM_TRANSLATION (TR_MODULE, TR_KEY, TR_TEXT, TR_LANGUAGE) VALUES ('frontend', 'button.select', '', 'zh-CN');
INSERT INTO OKM_TRANSLATION (TR_MODULE, TR_KEY, TR_TEXT, TR_LANGUAGE) VALUES ('frontend', 'button.test', '', 'zh-CN');
INSERT INTO OKM_TRANSLATION (TR_MODULE, TR_KEY, TR_TEXT, TR_LANGUAGE) VALUES ('frontend', 'button.next', '', 'zh-CN');
INSERT INTO OKM_TRANSLATION (TR_MODULE, TR_KEY, TR_TEXT, TR_LANGUAGE) VALUES ('frontend', 'group.label', '', 'zh-CN');
INSERT INTO OKM_TRANSLATION (TR_MODULE, TR_KEY, TR_TEXT, TR_LANGUAGE) VALUES ('frontend', 'group.group', '', 'zh-CN');
INSERT INTO OKM_TRANSLATION (TR_MODULE, TR_KEY, TR_TEXT, TR_LANGUAGE) VALUES ('frontend', 'group.property.group', '', 'zh-CN');
INSERT INTO OKM_TRANSLATION (TR_MODULE, TR_KEY, TR_TEXT, TR_LANGUAGE) VALUES ('frontend', 'bookmark.label', '', 'zh-CN');
INSERT INTO OKM_TRANSLATION (TR_MODULE, TR_KEY, TR_TEXT, TR_LANGUAGE) VALUES ('frontend', 'bookmark.name', '', 'zh-CN');
INSERT INTO OKM_TRANSLATION (TR_MODULE, TR_KEY, TR_TEXT, TR_LANGUAGE) VALUES ('frontend', 'bookmark.edit.label', '', 'zh-CN');
INSERT INTO OKM_TRANSLATION (TR_MODULE, TR_KEY, TR_TEXT, TR_LANGUAGE) VALUES ('frontend', 'bookmark.path', '', 'zh-CN');
INSERT INTO OKM_TRANSLATION (TR_MODULE, TR_KEY, TR_TEXT, TR_LANGUAGE) VALUES ('frontend', 'bookmark.type', '', 'zh-CN');
INSERT INTO OKM_TRANSLATION (TR_MODULE, TR_KEY, TR_TEXT, TR_LANGUAGE) VALUES ('frontend', 'bookmark.type.document', '', 'zh-CN');
INSERT INTO OKM_TRANSLATION (TR_MODULE, TR_KEY, TR_TEXT, TR_LANGUAGE) VALUES ('frontend', 'bookmark.type.folder', '', 'zh-CN');
INSERT INTO OKM_TRANSLATION (TR_MODULE, TR_KEY, TR_TEXT, TR_LANGUAGE) VALUES ('frontend', 'notify.label', '', 'zh-CN');
INSERT INTO OKM_TRANSLATION (TR_MODULE, TR_KEY, TR_TEXT, TR_LANGUAGE) VALUES ('frontend', 'notify.label.attachment', '', 'zh-CN');
INSERT INTO OKM_TRANSLATION (TR_MODULE, TR_KEY, TR_TEXT, TR_LANGUAGE) VALUES ('frontend', 'status.document.copied', '', 'zh-CN');
INSERT INTO OKM_TRANSLATION (TR_MODULE, TR_KEY, TR_TEXT, TR_LANGUAGE) VALUES ('frontend', 'status.document.cut', '', 'zh-CN');
INSERT INTO OKM_TRANSLATION (TR_MODULE, TR_KEY, TR_TEXT, TR_LANGUAGE) VALUES ('frontend', 'status.folder.copied', '', 'zh-CN');
INSERT INTO OKM_TRANSLATION (TR_MODULE, TR_KEY, TR_TEXT, TR_LANGUAGE) VALUES ('frontend', 'status.folder.cut', '', 'zh-CN');
INSERT INTO OKM_TRANSLATION (TR_MODULE, TR_KEY, TR_TEXT, TR_LANGUAGE) VALUES ('frontend', 'status.keep.alive.error', '()', 'zh-CN');
INSERT INTO OKM_TRANSLATION (TR_MODULE, TR_KEY, TR_TEXT, TR_LANGUAGE) VALUES ('frontend', 'status.debug.enabled', '', 'zh-CN');
INSERT INTO OKM_TRANSLATION (TR_MODULE, TR_KEY, TR_TEXT, TR_LANGUAGE) VALUES ('frontend', 'status.debug.disabled', '', 'zh-CN');
INSERT INTO OKM_TRANSLATION (TR_MODULE, TR_KEY, TR_TEXT, TR_LANGUAGE) VALUES ('frontend', 'status.network.error.detected', '', 'zh-CN');
INSERT INTO OKM_TRANSLATION (TR_MODULE, TR_KEY, TR_TEXT, TR_LANGUAGE) VALUES ('frontend', 'calendar.day.sunday', '', 'zh-CN');
INSERT INTO OKM_TRANSLATION (TR_MODULE, TR_KEY, TR_TEXT, TR_LANGUAGE) VALUES ('frontend', 'calendar.day.monday', '', 'zh-CN');
INSERT INTO OKM_TRANSLATION (TR_MODULE, TR_KEY, TR_TEXT, TR_LANGUAGE) VALUES ('frontend', 'calendar.day.tuesday', '', 'zh-CN');
INSERT INTO OKM_TRANSLATION (TR_MODULE, TR_KEY, TR_TEXT, TR_LANGUAGE) VALUES ('frontend', 'calendar.day.wednesday', '', 'zh-CN');
INSERT INTO OKM_TRANSLATION (TR_MODULE, TR_KEY, TR_TEXT, TR_LANGUAGE) VALUES ('frontend', 'calendar.day.thursday', '', 'zh-CN');
INSERT INTO OKM_TRANSLATION (TR_MODULE, TR_KEY, TR_TEXT, TR_LANGUAGE) VALUES ('frontend', 'calendar.day.friday', '', 'zh-CN');
INSERT INTO OKM_TRANSLATION (TR_MODULE, TR_KEY, TR_TEXT, TR_LANGUAGE) VALUES ('frontend', 'calendar.day.saturday', '', 'zh-CN');
INSERT INTO OKM_TRANSLATION (TR_MODULE, TR_KEY, TR_TEXT, TR_LANGUAGE) VALUES ('frontend', 'calendar.month.january', '', 'zh-CN');
INSERT INTO OKM_TRANSLATION (TR_MODULE, TR_KEY, TR_TEXT, TR_LANGUAGE) VALUES ('frontend', 'calendar.month.february', '', 'zh-CN');
INSERT INTO OKM_TRANSLATION (TR_MODULE, TR_KEY, TR_TEXT, TR_LANGUAGE) VALUES ('frontend', 'calendar.month.march', '', 'zh-CN');
INSERT INTO OKM_TRANSLATION (TR_MODULE, TR_KEY, TR_TEXT, TR_LANGUAGE) VALUES ('frontend', 'calendar.month.april', '', 'zh-CN');
INSERT INTO OKM_TRANSLATION (TR_MODULE, TR_KEY, TR_TEXT, TR_LANGUAGE) VALUES ('frontend', 'calendar.month.may', '', 'zh-CN');
INSERT INTO OKM_TRANSLATION (TR_MODULE, TR_KEY, TR_TEXT, TR_LANGUAGE) VALUES ('frontend', 'calendar.month.june', '', 'zh-CN');
INSERT INTO OKM_TRANSLATION (TR_MODULE, TR_KEY, TR_TEXT, TR_LANGUAGE) VALUES ('frontend', 'calendar.month.july', '', 'zh-CN');
INSERT INTO OKM_TRANSLATION (TR_MODULE, TR_KEY, TR_TEXT, TR_LANGUAGE) VALUES ('frontend', 'calendar.month.august', '', 'zh-CN');
INSERT INTO OKM_TRANSLATION (TR_MODULE, TR_KEY, TR_TEXT, TR_LANGUAGE) VALUES ('frontend', 'calendar.month.september', '', 'zh-CN');
INSERT INTO OKM_TRANSLATION (TR_MODULE, TR_KEY, TR_TEXT, TR_LANGUAGE) VALUES ('frontend', 'calendar.month.october', '', 'zh-CN');
INSERT INTO OKM_TRANSLATION (TR_MODULE, TR_KEY, TR_TEXT, TR_LANGUAGE) VALUES ('frontend', 'calendar.month.november', '', 'zh-CN');
INSERT INTO OKM_TRANSLATION (TR_MODULE, TR_KEY, TR_TEXT, TR_LANGUAGE) VALUES ('frontend', 'calendar.month.december', '', 'zh-CN');
INSERT INTO OKM_TRANSLATION (TR_MODULE, TR_KEY, TR_TEXT, TR_LANGUAGE) VALUES ('frontend', 'media.player.label', '', 'zh-CN');
INSERT INTO OKM_TRANSLATION (TR_MODULE, TR_KEY, TR_TEXT, TR_LANGUAGE) VALUES ('frontend', 'image.viewer.label', '', 'zh-CN');
INSERT INTO OKM_TRANSLATION (TR_MODULE, TR_KEY, TR_TEXT, TR_LANGUAGE) VALUES ('frontend', 'image.viewer.zoom.in', '', 'zh-CN');
INSERT INTO OKM_TRANSLATION (TR_MODULE, TR_KEY, TR_TEXT, TR_LANGUAGE) VALUES ('frontend', 'image.viewer.zoom.out', '', 'zh-CN');
INSERT INTO OKM_TRANSLATION (TR_MODULE, TR_KEY, TR_TEXT, TR_LANGUAGE) VALUES ('frontend', 'debug.console.label', '', 'zh-CN');
INSERT INTO OKM_TRANSLATION (TR_MODULE, TR_KEY, TR_TEXT, TR_LANGUAGE) VALUES ('frontend', 'debug.enable.disable', 'CTRL+Z ', 'zh-CN');
INSERT INTO OKM_TRANSLATION (TR_MODULE, TR_KEY, TR_TEXT, TR_LANGUAGE) VALUES ('frontend', 'dashboard.tab.general', '', 'zh-CN');
INSERT INTO OKM_TRANSLATION (TR_MODULE, TR_KEY, TR_TEXT, TR_LANGUAGE) VALUES ('frontend', 'dashboard.tab.news', '', 'zh-CN');
INSERT INTO OKM_TRANSLATION (TR_MODULE, TR_KEY, TR_TEXT, TR_LANGUAGE) VALUES ('frontend', 'dashboard.tab.user', '', 'zh-CN');
INSERT INTO OKM_TRANSLATION (TR_MODULE, TR_KEY, TR_TEXT, TR_LANGUAGE) VALUES ('frontend', 'dashboard.tab.workflow', '', 'zh-CN');
INSERT INTO OKM_TRANSLATION (TR_MODULE, TR_KEY, TR_TEXT, TR_LANGUAGE) VALUES ('frontend', 'dashboard.tab.mail', '', 'zh-CN');
INSERT INTO OKM_TRANSLATION (TR_MODULE, TR_KEY, TR_TEXT, TR_LANGUAGE) VALUES ('frontend', 'dashboard.tab.keymap', '', 'zh-CN');
INSERT INTO OKM_TRANSLATION (TR_MODULE, TR_KEY, TR_TEXT, TR_LANGUAGE) VALUES ('frontend', 'dashboard.new.items', ' ', 'zh-CN');
INSERT INTO OKM_TRANSLATION (TR_MODULE, TR_KEY, TR_TEXT, TR_LANGUAGE) VALUES ('frontend', 'dashboard.user.locked.documents', '', 'zh-CN');
INSERT INTO OKM_TRANSLATION (TR_MODULE, TR_KEY, TR_TEXT, TR_LANGUAGE) VALUES ('frontend', 'dashboard.user.checkout.documents', '', 'zh-CN');
INSERT INTO OKM_TRANSLATION (TR_MODULE, TR_KEY, TR_TEXT, TR_LANGUAGE) VALUES ('frontend', 'dashboard.user.last.modified.documents', '', 'zh-CN');
INSERT INTO OKM_TRANSLATION (TR_MODULE, TR_KEY, TR_TEXT, TR_LANGUAGE) VALUES ('frontend', 'dashboard.user.last.downloaded.documents', '', 'zh-CN');
INSERT INTO OKM_TRANSLATION (TR_MODULE, TR_KEY, TR_TEXT, TR_LANGUAGE) VALUES ('frontend', 'dashboard.user.subscribed.documents', '', 'zh-CN');
INSERT INTO OKM_TRANSLATION (TR_MODULE, TR_KEY, TR_TEXT, TR_LANGUAGE) VALUES ('frontend', 'dashboard.user.subscribed.folders', '', 'zh-CN');
INSERT INTO OKM_TRANSLATION (TR_MODULE, TR_KEY, TR_TEXT, TR_LANGUAGE) VALUES ('frontend', 'dashboard.user.last.uploaded.documents', '', 'zh-CN');
INSERT INTO OKM_TRANSLATION (TR_MODULE, TR_KEY, TR_TEXT, TR_LANGUAGE) VALUES ('frontend', 'dashboard.general.last.week.top.downloaded.documents', '', 'zh-CN');
INSERT INTO OKM_TRANSLATION (TR_MODULE, TR_KEY, TR_TEXT, TR_LANGUAGE) VALUES ('frontend', 'dashboard.general.last.month.top.downloaded.documents', '', 'zh-CN');
INSERT INTO OKM_TRANSLATION (TR_MODULE, TR_KEY, TR_TEXT, TR_LANGUAGE) VALUES ('frontend', 'dashboard.general.last.week.top.modified.documents', '', 'zh-CN');
INSERT INTO OKM_TRANSLATION (TR_MODULE, TR_KEY, TR_TEXT, TR_LANGUAGE) VALUES ('frontend', 'dashboard.general.last.month.top.modified.documents', '', 'zh-CN');
INSERT INTO OKM_TRANSLATION (TR_MODULE, TR_KEY, TR_TEXT, TR_LANGUAGE) VALUES ('frontend', 'dashboard.general.last.uploaded.documents', '', 'zh-CN');
INSERT INTO OKM_TRANSLATION (TR_MODULE, TR_KEY, TR_TEXT, TR_LANGUAGE) VALUES ('frontend', 'dashboard.workflow.pending.tasks', '', 'zh-CN');
INSERT INTO OKM_TRANSLATION (TR_MODULE, TR_KEY, TR_TEXT, TR_LANGUAGE) VALUES ('frontend', 'dashboard.workflow.pending.tasks.unassigned', '', 'zh-CN');
INSERT INTO OKM_TRANSLATION (TR_MODULE, TR_KEY, TR_TEXT, TR_LANGUAGE) VALUES ('frontend', 'dashboard.workflow.task', '', 'zh-CN');
INSERT INTO OKM_TRANSLATION (TR_MODULE, TR_KEY, TR_TEXT, TR_LANGUAGE) VALUES ('frontend', 'dashboard.workflow.task.id', 'ID', 'zh-CN');
INSERT INTO OKM_TRANSLATION (TR_MODULE, TR_KEY, TR_TEXT, TR_LANGUAGE) VALUES ('frontend', 'dashboard.workflow.task.name', '', 'zh-CN');
INSERT INTO OKM_TRANSLATION (TR_MODULE, TR_KEY, TR_TEXT, TR_LANGUAGE) VALUES ('frontend', 'dashboard.workflow.task.created', '', 'zh-CN');
INSERT INTO OKM_TRANSLATION (TR_MODULE, TR_KEY, TR_TEXT, TR_LANGUAGE) VALUES ('frontend', 'dashboard.workflow.task.start', '', 'zh-CN');
INSERT INTO OKM_TRANSLATION (TR_MODULE, TR_KEY, TR_TEXT, TR_LANGUAGE) VALUES ('frontend', 'dashboard.workflow.task.duedate', '', 'zh-CN');
INSERT INTO OKM_TRANSLATION (TR_MODULE, TR_KEY, TR_TEXT, TR_LANGUAGE) VALUES ('frontend', 'dashboard.workflow.task.end', '', 'zh-CN');
INSERT INTO OKM_TRANSLATION (TR_MODULE, TR_KEY, TR_TEXT, TR_LANGUAGE) VALUES ('frontend', 'dashboard.workflow.task.description', '', 'zh-CN');
INSERT INTO OKM_TRANSLATION (TR_MODULE, TR_KEY, TR_TEXT, TR_LANGUAGE) VALUES ('frontend', 'dashboard.workflow.task.process.instance', '', 'zh-CN');
INSERT INTO OKM_TRANSLATION (TR_MODULE, TR_KEY, TR_TEXT, TR_LANGUAGE) VALUES ('frontend', 'dashboard.workflow.task.process.id', 'ID', 'zh-CN');
INSERT INTO OKM_TRANSLATION (TR_MODULE, TR_KEY, TR_TEXT, TR_LANGUAGE) VALUES ('frontend', 'dashboard.workflow.task.process.version', '', 'zh-CN');
INSERT INTO OKM_TRANSLATION (TR_MODULE, TR_KEY, TR_TEXT, TR_LANGUAGE) VALUES ('frontend', 'dashboard.workflow.task.process.name', '', 'zh-CN');
INSERT INTO OKM_TRANSLATION (TR_MODULE, TR_KEY, TR_TEXT, TR_LANGUAGE) VALUES ('frontend', 'dashboard.workflow.task.process.description', '', 'zh-CN');
INSERT INTO OKM_TRANSLATION (TR_MODULE, TR_KEY, TR_TEXT, TR_LANGUAGE) VALUES ('frontend', 'dashboard.workflow.task.process.data', '', 'zh-CN');
INSERT INTO OKM_TRANSLATION (TR_MODULE, TR_KEY, TR_TEXT, TR_LANGUAGE) VALUES ('frontend', 'dashboard.workflow.comments', '', 'zh-CN');
INSERT INTO OKM_TRANSLATION (TR_MODULE, TR_KEY, TR_TEXT, TR_LANGUAGE) VALUES ('frontend', 'dashboard.workflow.task.process.forms', '', 'zh-CN');
INSERT INTO OKM_TRANSLATION (TR_MODULE, TR_KEY, TR_TEXT, TR_LANGUAGE) VALUES ('frontend', 'dashboard.workflow.add.comment', '', 'zh-CN');
INSERT INTO OKM_TRANSLATION (TR_MODULE, TR_KEY, TR_TEXT, TR_LANGUAGE) VALUES ('frontend', 'dashboard.workflow.task.process.definition', '', 'zh-CN');
INSERT INTO OKM_TRANSLATION (TR_MODULE, TR_KEY, TR_TEXT, TR_LANGUAGE) VALUES ('frontend', 'dashboard.workflow.task.process.path', '', 'zh-CN');
INSERT INTO OKM_TRANSLATION (TR_MODULE, TR_KEY, TR_TEXT, TR_LANGUAGE) VALUES ('frontend', 'dashboard.refreshing', '', 'zh-CN');
INSERT INTO OKM_TRANSLATION (TR_MODULE, TR_KEY, TR_TEXT, TR_LANGUAGE) VALUES ('frontend', 'dashboard.keyword', '', 'zh-CN');
INSERT INTO OKM_TRANSLATION (TR_MODULE, TR_KEY, TR_TEXT, TR_LANGUAGE) VALUES ('frontend', 'dashboard.keyword.suggest', '', 'zh-CN');
INSERT INTO OKM_TRANSLATION (TR_MODULE, TR_KEY, TR_TEXT, TR_LANGUAGE) VALUES ('frontend', 'dashboard.keyword.all', '', 'zh-CN');
INSERT INTO OKM_TRANSLATION (TR_MODULE, TR_KEY, TR_TEXT, TR_LANGUAGE) VALUES ('frontend', 'dashboard.keyword.top', '', 'zh-CN');
INSERT INTO OKM_TRANSLATION (TR_MODULE, TR_KEY, TR_TEXT, TR_LANGUAGE) VALUES ('frontend', 'dashboard.keyword.related', '', 'zh-CN');
INSERT INTO OKM_TRANSLATION (TR_MODULE, TR_KEY, TR_TEXT, TR_LANGUAGE) VALUES ('frontend', 'dashboard.keyword.goto.document', '', 'zh-CN');
INSERT INTO OKM_TRANSLATION (TR_MODULE, TR_KEY, TR_TEXT, TR_LANGUAGE) VALUES ('frontend', 'dashboard.keyword.clean.keywords', '', 'zh-CN');
INSERT INTO OKM_TRANSLATION (TR_MODULE, TR_KEY, TR_TEXT, TR_LANGUAGE) VALUES ('frontend', 'dashboard.mail.last.imported.mails', '', 'zh-CN');
INSERT INTO OKM_TRANSLATION (TR_MODULE, TR_KEY, TR_TEXT, TR_LANGUAGE) VALUES ('frontend', 'dashboard.mail.last.imported.attached.documents', '', 'zh-CN');
INSERT INTO OKM_TRANSLATION (TR_MODULE, TR_KEY, TR_TEXT, TR_LANGUAGE) VALUES ('frontend', 'workflow.label', '', 'zh-CN');
INSERT INTO OKM_TRANSLATION (TR_MODULE, TR_KEY, TR_TEXT, TR_LANGUAGE) VALUES ('frontend', 'user.preferences.label', '', 'zh-CN');
INSERT INTO OKM_TRANSLATION (TR_MODULE, TR_KEY, TR_TEXT, TR_LANGUAGE) VALUES ('frontend', 'user.preferences.user', '', 'zh-CN');
INSERT INTO OKM_TRANSLATION (TR_MODULE, TR_KEY, TR_TEXT, TR_LANGUAGE) VALUES ('frontend', 'user.preferences.password', '', 'zh-CN');
INSERT INTO OKM_TRANSLATION (TR_MODULE, TR_KEY, TR_TEXT, TR_LANGUAGE) VALUES ('frontend', 'user.preferences.mail', '', 'zh-CN');
INSERT INTO OKM_TRANSLATION (TR_MODULE, TR_KEY, TR_TEXT, TR_LANGUAGE) VALUES ('frontend', 'user.preferences.roles', '', 'zh-CN');
INSERT INTO OKM_TRANSLATION (TR_MODULE, TR_KEY, TR_TEXT, TR_LANGUAGE) VALUES ('frontend', 'user.preferences.imap.host', 'IMAP', 'zh-CN');
INSERT INTO OKM_TRANSLATION (TR_MODULE, TR_KEY, TR_TEXT, TR_LANGUAGE) VALUES ('frontend', 'user.preferences.imap.user', 'IMAP', 'zh-CN');
INSERT INTO OKM_TRANSLATION (TR_MODULE, TR_KEY, TR_TEXT, TR_LANGUAGE) VALUES ('frontend', 'user.preferences.imap.user.password', 'IMAP', 'zh-CN');
INSERT INTO OKM_TRANSLATION (TR_MODULE, TR_KEY, TR_TEXT, TR_LANGUAGE) VALUES ('frontend', 'user.preferences.imap.folder', 'IMAP', 'zh-CN');
INSERT INTO OKM_TRANSLATION (TR_MODULE, TR_KEY, TR_TEXT, TR_LANGUAGE) VALUES ('frontend', 'user.preferences.password.error', '', 'zh-CN');
INSERT INTO OKM_TRANSLATION (TR_MODULE, TR_KEY, TR_TEXT, TR_LANGUAGE) VALUES ('frontend', 'user.preferences.user.data', '', 'zh-CN');
INSERT INTO OKM_TRANSLATION (TR_MODULE, TR_KEY, TR_TEXT, TR_LANGUAGE) VALUES ('frontend', 'user.preferences.mail.data', '', 'zh-CN');
INSERT INTO OKM_TRANSLATION (TR_MODULE, TR_KEY, TR_TEXT, TR_LANGUAGE) VALUES ('frontend', 'user.preferences.imap.error', '', 'zh-CN');
INSERT INTO OKM_TRANSLATION (TR_MODULE, TR_KEY, TR_TEXT, TR_LANGUAGE) VALUES ('frontend', 'user.preferences.imap.password.error.void', 'IMAP', 'zh-CN');
INSERT INTO OKM_TRANSLATION (TR_MODULE, TR_KEY, TR_TEXT, TR_LANGUAGE) VALUES ('frontend', 'user.preferences.imap.test.error', 'IMAP ', 'zh-CN');
INSERT INTO OKM_TRANSLATION (TR_MODULE, TR_KEY, TR_TEXT, TR_LANGUAGE) VALUES ('frontend', 'user.preferences.imap.test.ok', 'IMAP ', 'zh-CN');
INSERT INTO OKM_TRANSLATION (TR_MODULE, TR_KEY, TR_TEXT, TR_LANGUAGE) VALUES ('frontend', 'thesaurus.directory.select.label', '', 'zh-CN');
INSERT INTO OKM_TRANSLATION (TR_MODULE, TR_KEY, TR_TEXT, TR_LANGUAGE) VALUES ('frontend', 'thesaurus.tab.tree', '', 'zh-CN');
INSERT INTO OKM_TRANSLATION (TR_MODULE, TR_KEY, TR_TEXT, TR_LANGUAGE) VALUES ('frontend', 'thesaurus.tab.keywords', '', 'zh-CN');
INSERT INTO OKM_TRANSLATION (TR_MODULE, TR_KEY, TR_TEXT, TR_LANGUAGE) VALUES ('frontend', 'categories.folder.select.label', '', 'zh-CN');
INSERT INTO OKM_TRANSLATION (TR_MODULE, TR_KEY, TR_TEXT, TR_LANGUAGE) VALUES ('frontend', 'categories.folder.error.delete', '', 'zh-CN');
INSERT INTO OKM_TRANSLATION (TR_MODULE, TR_KEY, TR_TEXT, TR_LANGUAGE) VALUES ('frontend', 'wizard.document.uploading', '', 'zh-CN');
INSERT INTO OKM_TRANSLATION (TR_MODULE, TR_KEY, TR_TEXT, TR_LANGUAGE) VALUES ('frontend', 'user.info.chat.connect', '', 'zh-CN');
INSERT INTO OKM_TRANSLATION (TR_MODULE, TR_KEY, TR_TEXT, TR_LANGUAGE) VALUES ('frontend', 'user.info.chat.disconnect', '', 'zh-CN');
INSERT INTO OKM_TRANSLATION (TR_MODULE, TR_KEY, TR_TEXT, TR_LANGUAGE) VALUES ('frontend', 'user.info.chat.new.room', '', 'zh-CN');
INSERT INTO OKM_TRANSLATION (TR_MODULE, TR_KEY, TR_TEXT, TR_LANGUAGE) VALUES ('frontend', 'user.info.locked.actual', '', 'zh-CN');
INSERT INTO OKM_TRANSLATION (TR_MODULE, TR_KEY, TR_TEXT, TR_LANGUAGE) VALUES ('frontend', 'user.info.checkout.actual', '', 'zh-CN');
INSERT INTO OKM_TRANSLATION (TR_MODULE, TR_KEY, TR_TEXT, TR_LANGUAGE) VALUES ('frontend', 'user.info.subscription.actual', '', 'zh-CN');
INSERT INTO OKM_TRANSLATION (TR_MODULE, TR_KEY, TR_TEXT, TR_LANGUAGE) VALUES ('frontend', 'user.info.news.new', '', 'zh-CN');
INSERT INTO OKM_TRANSLATION (TR_MODULE, TR_KEY, TR_TEXT, TR_LANGUAGE) VALUES ('frontend', 'user.info.workflow.pending', '', 'zh-CN');
INSERT INTO OKM_TRANSLATION (TR_MODULE, TR_KEY, TR_TEXT, TR_LANGUAGE) VALUES ('frontend', 'user.info.user.quota', '', 'zh-CN');
INSERT INTO OKM_TRANSLATION (TR_MODULE, TR_KEY, TR_TEXT, TR_LANGUAGE) VALUES ('frontend', 'user.online', '', 'zh-CN');
INSERT INTO OKM_TRANSLATION (TR_MODULE, TR_KEY, TR_TEXT, TR_LANGUAGE) VALUES ('frontend', 'chat.room', '', 'zh-CN');
INSERT INTO OKM_TRANSLATION (TR_MODULE, TR_KEY, TR_TEXT, TR_LANGUAGE) VALUES ('frontend', 'chat.users.in.room', '', 'zh-CN');
INSERT INTO OKM_TRANSLATION (TR_MODULE, TR_KEY, TR_TEXT, TR_LANGUAGE) VALUES ('frontend', 'OKM-017009', '', 'zh-CN');
INSERT INTO OKM_TRANSLATION (TR_MODULE, TR_KEY, TR_TEXT, TR_LANGUAGE) VALUES ('frontend', 'OKM-017004', '', 'zh-CN');
INSERT INTO OKM_TRANSLATION (TR_MODULE, TR_KEY, TR_TEXT, TR_LANGUAGE) VALUES ('frontend', 'OKM-017001', '', 'zh-CN');
INSERT INTO OKM_TRANSLATION (TR_MODULE, TR_KEY, TR_TEXT, TR_LANGUAGE) VALUES ('frontend', 'OKM-017015', '', 'zh-CN');
INSERT INTO OKM_TRANSLATION (TR_MODULE, TR_KEY, TR_TEXT, TR_LANGUAGE) VALUES ('frontend', 'OKM-017016', '', 'zh-CN');
INSERT INTO OKM_TRANSLATION (TR_MODULE, TR_KEY, TR_TEXT, TR_LANGUAGE) VALUES ('frontend', 'OKM-002009', '', 'zh-CN');
INSERT INTO OKM_TRANSLATION (TR_MODULE, TR_KEY, TR_TEXT, TR_LANGUAGE) VALUES ('frontend', 'OKM-002002', '', 'zh-CN');
INSERT INTO OKM_TRANSLATION (TR_MODULE, TR_KEY, TR_TEXT, TR_LANGUAGE) VALUES ('frontend', 'OKM-002003', '', 'zh-CN');
INSERT INTO OKM_TRANSLATION (TR_MODULE, TR_KEY, TR_TEXT, TR_LANGUAGE) VALUES ('frontend', 'OKM-002004', '', 'zh-CN');
INSERT INTO OKM_TRANSLATION (TR_MODULE, TR_KEY, TR_TEXT, TR_LANGUAGE) VALUES ('frontend', 'OKM-002004', '', 'zh-CN');
INSERT INTO OKM_TRANSLATION (TR_MODULE, TR_KEY, TR_TEXT, TR_LANGUAGE) VALUES ('frontend', 'OKM-002001', '', 'zh-CN');
INSERT INTO OKM_TRANSLATION (TR_MODULE, TR_KEY, TR_TEXT, TR_LANGUAGE) VALUES ('frontend', 'OKM-002006', '', 'zh-CN');
INSERT INTO OKM_TRANSLATION (TR_MODULE, TR_KEY, TR_TEXT, TR_LANGUAGE) VALUES ('frontend', 'OKM-002015', '', 'zh-CN');
INSERT INTO OKM_TRANSLATION (TR_MODULE, TR_KEY, TR_TEXT, TR_LANGUAGE) VALUES ('frontend', 'OKM-002024', '', 'zh-CN');
INSERT INTO OKM_TRANSLATION (TR_MODULE, TR_KEY, TR_TEXT, TR_LANGUAGE) VALUES ('frontend', 'OKM-001009', '', 'zh-CN');
INSERT INTO OKM_TRANSLATION (TR_MODULE, TR_KEY, TR_TEXT, TR_LANGUAGE) VALUES ('frontend', 'OKM-001002', '', 'zh-CN');
INSERT INTO OKM_TRANSLATION (TR_MODULE, TR_KEY, TR_TEXT, TR_LANGUAGE) VALUES ('frontend', 'OKM-001003', '', 'zh-CN');
INSERT INTO OKM_TRANSLATION (TR_MODULE, TR_KEY, TR_TEXT, TR_LANGUAGE) VALUES ('frontend', 'OKM-001001', '', 'zh-CN');
INSERT INTO OKM_TRANSLATION (TR_MODULE, TR_KEY, TR_TEXT, TR_LANGUAGE) VALUES ('frontend', 'OKM-001006', '', 'zh-CN');
INSERT INTO OKM_TRANSLATION (TR_MODULE, TR_KEY, TR_TEXT, TR_LANGUAGE) VALUES ('frontend', 'OKM-001015', '', 'zh-CN');
INSERT INTO OKM_TRANSLATION (TR_MODULE, TR_KEY, TR_TEXT, TR_LANGUAGE) VALUES ('frontend', 'OKM-001024', '', 'zh-CN');
INSERT INTO OKM_TRANSLATION (TR_MODULE, TR_KEY, TR_TEXT, TR_LANGUAGE) VALUES ('frontend', 'OKM-007009', '', 'zh-CN');
INSERT INTO OKM_TRANSLATION (TR_MODULE, TR_KEY, TR_TEXT, TR_LANGUAGE) VALUES ('frontend', 'OKM-007002', '', 'zh-CN');
INSERT INTO OKM_TRANSLATION (TR_MODULE, TR_KEY, TR_TEXT, TR_LANGUAGE) VALUES ('frontend', 'OKM-007001', '', 'zh-CN');
INSERT INTO OKM_TRANSLATION (TR_MODULE, TR_KEY, TR_TEXT, TR_LANGUAGE) VALUES ('frontend', 'OKM-007006', '', 'zh-CN');
INSERT INTO OKM_TRANSLATION (TR_MODULE, TR_KEY, TR_TEXT, TR_LANGUAGE) VALUES ('frontend', 'OKM-007024', '', 'zh-CN');
INSERT INTO OKM_TRANSLATION (TR_MODULE, TR_KEY, TR_TEXT, TR_LANGUAGE) VALUES ('frontend', 'OKM-009002', '', 'zh-CN');
INSERT INTO OKM_TRANSLATION (TR_MODULE, TR_KEY, TR_TEXT, TR_LANGUAGE) VALUES ('frontend', 'OKM-009006', '', 'zh-CN');
INSERT INTO OKM_TRANSLATION (TR_MODULE, TR_KEY, TR_TEXT, TR_LANGUAGE) VALUES ('frontend', 'OKM-005010', '', 'zh-CN');
INSERT INTO OKM_TRANSLATION (TR_MODULE, TR_KEY, TR_TEXT, TR_LANGUAGE) VALUES ('frontend', 'OKM-005003', '', 'zh-CN');
INSERT INTO OKM_TRANSLATION (TR_MODULE, TR_KEY, TR_TEXT, TR_LANGUAGE) VALUES ('frontend', 'OKM-005011', '', 'zh-CN');
INSERT INTO OKM_TRANSLATION (TR_MODULE, TR_KEY, TR_TEXT, TR_LANGUAGE) VALUES ('frontend', 'OKM-005027', '', 'zh-CN');
INSERT INTO OKM_TRANSLATION (TR_MODULE, TR_KEY, TR_TEXT, TR_LANGUAGE) VALUES ('frontend', 'OKM-004001', '', 'zh-CN');
INSERT INTO OKM_TRANSLATION (TR_MODULE, TR_KEY, TR_TEXT, TR_LANGUAGE) VALUES ('frontend', 'OKM-004024', '', 'zh-CN');
INSERT INTO OKM_TRANSLATION (TR_MODULE, TR_KEY, TR_TEXT, TR_LANGUAGE) VALUES ('frontend', 'OKM-008001', '', 'zh-CN');
INSERT INTO OKM_TRANSLATION (TR_MODULE, TR_KEY, TR_TEXT, TR_LANGUAGE) VALUES ('frontend', 'OKM-008003', '', 'zh-CN');
INSERT INTO OKM_TRANSLATION (TR_MODULE, TR_KEY, TR_TEXT, TR_LANGUAGE) VALUES ('frontend', 'OKM-008024', '', 'zh-CN');
INSERT INTO OKM_TRANSLATION (TR_MODULE, TR_KEY, TR_TEXT, TR_LANGUAGE) VALUES ('frontend', 'OKM-011003', '', 'zh-CN');
INSERT INTO OKM_TRANSLATION (TR_MODULE, TR_KEY, TR_TEXT, TR_LANGUAGE) VALUES ('frontend', 'OKM-003017', '', 'zh-CN');
INSERT INTO OKM_TRANSLATION (TR_MODULE, TR_KEY, TR_TEXT, TR_LANGUAGE) VALUES ('frontend', 'OKM-013001', '', 'zh-CN');
INSERT INTO OKM_TRANSLATION (TR_MODULE, TR_KEY, TR_TEXT, TR_LANGUAGE) VALUES ('frontend', 'OKM-013024', '', 'zh-CN');
INSERT INTO OKM_TRANSLATION (TR_MODULE, TR_KEY, TR_TEXT, TR_LANGUAGE) VALUES ('frontend', 'OKM-014001', 'I/O', 'zh-CN');
INSERT INTO OKM_TRANSLATION (TR_MODULE, TR_KEY, TR_TEXT, TR_LANGUAGE) VALUES ('frontend', 'OKM-014013', '', 'zh-CN');
INSERT INTO OKM_TRANSLATION (TR_MODULE, TR_KEY, TR_TEXT, TR_LANGUAGE) VALUES ('frontend', 'OKM-015001', '', 'zh-CN');
INSERT INTO OKM_TRANSLATION (TR_MODULE, TR_KEY, TR_TEXT, TR_LANGUAGE) VALUES ('frontend', 'OKM-015024', '', 'zh-CN');
INSERT INTO OKM_TRANSLATION (TR_MODULE, TR_KEY, TR_TEXT, TR_LANGUAGE) VALUES ('frontend', 'OKM-018022', '', 'zh-CN');
INSERT INTO OKM_TRANSLATION (TR_MODULE, TR_KEY, TR_TEXT, TR_LANGUAGE) VALUES ('frontend', 'OKM-018023', '', 'zh-CN');
INSERT INTO OKM_TRANSLATION (TR_MODULE, TR_KEY, TR_TEXT, TR_LANGUAGE) VALUES ('frontend', 'OKM-016009', '', 'zh-CN');
INSERT INTO OKM_TRANSLATION (TR_MODULE, TR_KEY, TR_TEXT, TR_LANGUAGE) VALUES ('frontend', 'OKM-016002', '', 'zh-CN');
INSERT INTO OKM_TRANSLATION (TR_MODULE, TR_KEY, TR_TEXT, TR_LANGUAGE) VALUES ('frontend', 'OKM-016003', '', 'zh-CN');
INSERT INTO OKM_TRANSLATION (TR_MODULE, TR_KEY, TR_TEXT, TR_LANGUAGE) VALUES ('frontend', 'OKM-016004', '', 'zh-CN');
INSERT INTO OKM_TRANSLATION (TR_MODULE, TR_KEY, TR_TEXT, TR_LANGUAGE) VALUES ('frontend', 'OKM-016001', '', 'zh-CN');
INSERT INTO OKM_TRANSLATION (TR_MODULE, TR_KEY, TR_TEXT, TR_LANGUAGE) VALUES ('frontend', 'OKM-016006', '', 'zh-CN');
INSERT INTO OKM_TRANSLATION (TR_MODULE, TR_KEY, TR_TEXT, TR_LANGUAGE) VALUES ('frontend', 'OKM-016015', '', 'zh-CN');
INSERT INTO OKM_TRANSLATION (TR_MODULE, TR_KEY, TR_TEXT, TR_LANGUAGE) VALUES ('frontend', 'OKM-016024', '', 'zh-CN');
INSERT INTO OKM_TRANSLATION (TR_MODULE, TR_KEY, TR_TEXT, TR_LANGUAGE) VALUES ('frontend', 'OKM-010015', '', 'zh-CN');
INSERT INTO OKM_TRANSLATION (TR_MODULE, TR_KEY, TR_TEXT, TR_LANGUAGE) VALUES ('frontend', 'OKM-010009', '', 'zh-CN');
INSERT INTO OKM_TRANSLATION (TR_MODULE, TR_KEY, TR_TEXT, TR_LANGUAGE) VALUES ('frontend', 'OKM-010001', '', 'zh-CN');
INSERT INTO OKM_TRANSLATION (TR_MODULE, TR_KEY, TR_TEXT, TR_LANGUAGE) VALUES ('frontend', 'OKM-010024', ' ', 'zh-CN');
INSERT INTO OKM_LANGUAGE (LG_ID, LG_NAME, LG_IMAGE_CONTENT, LG_IMAGE_MIME) VALUES ('zh-TW', 'Chinese traditional', 'R0lGODlhEAALAOeGAJ0AAJ8AAKEAAKMAAKUAAKcAAKkAAKsAAK8AALMAALcAALkAAL0AAMEAAMMAAMcAAMsAAM0AAM8AANEAANMAANUAANcAANALC9EPDtEQENMTE9MUFNQZGdUZGdUaGtUeHtYfH9cfH9cgINcjI9gkJNklJdkmJtkpKdkqKtkrK9YsLNorK9ssLNYvL9cvL9suLtsvL9swMNgyMtwxMdg1Ndw0NN00NNg2Nt01Nd02Nt43Nt43N9o5Odo7O946Ot47Ot47O947PN48PNs9Pd88Pdw/P+A/P99AQOVFANxCQuBBQuBCQuFCQd1EROFERN1GRuFFReFHR99JSeNJSeNKSd9LS+FOTuNPT+RPT+FQUORSS+JTU+VTU+JUVeRUVONXV+ZXVONYWOZYWORcXOdcWeRdXeZgYOZhYudlZehmZuhpaehqauhvbelvb+pyc+x5dup/R+1/e+2Eee2JUO6JeeyQRu2SRu2WTO+YWfCbVPGoUfKld/W/cfXLS/XMS/bPUfnadPrce/rdevriXPvmXP3zX////////////////////////////////////////////////////////////////////////////////////////////////////////////////////////////////////////////////////////////////////////////////////////////////////////////////////////////////////////////////////////////////////////////////////////////////////////////////////////////////////////////////////////////////////////////////////////////////////////////////////////////////////////////////////////////////////////////////////////////////////////yH+EUNyZWF0ZWQgd2l0aCBHSU1QACwAAAAAEAALAAAIwQAtVKBQoQISCRIiQHjwwEEDBgwqxAkkZw8gPmzUoDEz5ssWKwooCCo0iEyeP3eiLCGyYwYLKQko0CGEx4uePnCUCNExY4WJJggovBEDZo6fOkyC5IixooSIIgcmuOFyRYudI0CWpigRwkOPAhLaYKEC5cgPHDBQkADRYcMNAhHWTIFixIeNtGvbZpAhAEIaJ3VrvDgx4gMHDRguuBDw4EyZMF2yVHmSZAgPGjJaqADQ8OECBQkQHDBQYICAAAAEBAQAOw==', 'image/gif');
INSERT INTO OKM_TRANSLATION (TR_MODULE, TR_KEY, TR_TEXT, TR_LANGUAGE) VALUES ('frontend', 'general.date.pattern', 'yyyy-MM-dd hh:mm:ss', 'zh-TW');
INSERT INTO OKM_TRANSLATION (TR_MODULE, TR_KEY, TR_TEXT, TR_LANGUAGE) VALUES ('frontend', 'general.day.pattern', 'yyyy-MM-dd', 'zh-TW');
INSERT INTO OKM_TRANSLATION (TR_MODULE, TR_KEY, TR_TEXT, TR_LANGUAGE) VALUES ('frontend', 'general.hour.pattern', 'HH:mm:ss', 'zh-TW');
INSERT INTO OKM_TRANSLATION (TR_MODULE, TR_KEY, TR_TEXT, TR_LANGUAGE) VALUES ('frontend', 'startup.openkm', 'OpenKM', 'zh-TW');
INSERT INTO OKM_TRANSLATION (TR_MODULE, TR_KEY, TR_TEXT, TR_LANGUAGE) VALUES ('frontend', 'startup.starting.loading', 'OpenKM', 'zh-TW');
INSERT INTO OKM_TRANSLATION (TR_MODULE, TR_KEY, TR_TEXT, TR_LANGUAGE) VALUES ('frontend', 'startup.taxonomy', '', 'zh-TW');
INSERT INTO OKM_TRANSLATION (TR_MODULE, TR_KEY, TR_TEXT, TR_LANGUAGE) VALUES ('frontend', 'startup.categories', 'categories', 'zh-TW');
INSERT INTO OKM_TRANSLATION (TR_MODULE, TR_KEY, TR_TEXT, TR_LANGUAGE) VALUES ('frontend', 'startup.thesaurus', 'thesaurus', 'zh-TW');
INSERT INTO OKM_TRANSLATION (TR_MODULE, TR_KEY, TR_TEXT, TR_LANGUAGE) VALUES ('frontend', 'startup.template', '', 'zh-TW');
INSERT INTO OKM_TRANSLATION (TR_MODULE, TR_KEY, TR_TEXT, TR_LANGUAGE) VALUES ('frontend', 'startup.personal', '', 'zh-TW');
INSERT INTO OKM_TRANSLATION (TR_MODULE, TR_KEY, TR_TEXT, TR_LANGUAGE) VALUES ('frontend', 'startup.mail', '', 'zh-TW');
INSERT INTO OKM_TRANSLATION (TR_MODULE, TR_KEY, TR_TEXT, TR_LANGUAGE) VALUES ('frontend', 'startup.trash', '', 'zh-TW');
INSERT INTO OKM_TRANSLATION (TR_MODULE, TR_KEY, TR_TEXT, TR_LANGUAGE) VALUES ('frontend', 'startup.user.home', '', 'zh-TW');
INSERT INTO OKM_TRANSLATION (TR_MODULE, TR_KEY, TR_TEXT, TR_LANGUAGE) VALUES ('frontend', 'startup.bookmarks', '', 'zh-TW');
INSERT INTO OKM_TRANSLATION (TR_MODULE, TR_KEY, TR_TEXT, TR_LANGUAGE) VALUES ('frontend', 'startup.loading.taxonomy', '', 'zh-TW');
INSERT INTO OKM_TRANSLATION (TR_MODULE, TR_KEY, TR_TEXT, TR_LANGUAGE) VALUES ('frontend', 'startup.loading.taxonomy.getting.folders', ' - ', 'zh-TW');
INSERT INTO OKM_TRANSLATION (TR_MODULE, TR_KEY, TR_TEXT, TR_LANGUAGE) VALUES ('frontend', 'startup.loading.taxonomy.eval.params', ' - ', 'zh-TW');
INSERT INTO OKM_TRANSLATION (TR_MODULE, TR_KEY, TR_TEXT, TR_LANGUAGE) VALUES ('frontend', 'startup.loading.taxonomy.open.path', ' - ', 'zh-TW');
INSERT INTO OKM_TRANSLATION (TR_MODULE, TR_KEY, TR_TEXT, TR_LANGUAGE) VALUES ('frontend', 'startup.loading.taxonomy.getting.filebrowser.folders', ' - ', 'zh-TW');
INSERT INTO OKM_TRANSLATION (TR_MODULE, TR_KEY, TR_TEXT, TR_LANGUAGE) VALUES ('frontend', 'startup.loading.taxonomy.getting.filebrowser.documents', ' - ', 'zh-TW');
INSERT INTO OKM_TRANSLATION (TR_MODULE, TR_KEY, TR_TEXT, TR_LANGUAGE) VALUES ('frontend', 'startup.loading.taxonomy.getting.filebrowser.mails', ' - ', 'zh-TW');
INSERT INTO OKM_TRANSLATION (TR_MODULE, TR_KEY, TR_TEXT, TR_LANGUAGE) VALUES ('frontend', 'startup.loading.personal', '', 'zh-TW');
INSERT INTO OKM_TRANSLATION (TR_MODULE, TR_KEY, TR_TEXT, TR_LANGUAGE) VALUES ('frontend', 'startup.loading.mail', '', 'zh-TW');
INSERT INTO OKM_TRANSLATION (TR_MODULE, TR_KEY, TR_TEXT, TR_LANGUAGE) VALUES ('frontend', 'startup.loading.categories', 'categories', 'zh-TW');
INSERT INTO OKM_TRANSLATION (TR_MODULE, TR_KEY, TR_TEXT, TR_LANGUAGE) VALUES ('frontend', 'startup.loading.thesaurus', 'thesaurus', 'zh-TW');
INSERT INTO OKM_TRANSLATION (TR_MODULE, TR_KEY, TR_TEXT, TR_LANGUAGE) VALUES ('frontend', 'startup.loading.templates', '', 'zh-TW');
INSERT INTO OKM_TRANSLATION (TR_MODULE, TR_KEY, TR_TEXT, TR_LANGUAGE) VALUES ('frontend', 'startup.loading.trash', '', 'zh-TW');
INSERT INTO OKM_TRANSLATION (TR_MODULE, TR_KEY, TR_TEXT, TR_LANGUAGE) VALUES ('frontend', 'startup.loading.history.search', '', 'zh-TW');
INSERT INTO OKM_TRANSLATION (TR_MODULE, TR_KEY, TR_TEXT, TR_LANGUAGE) VALUES ('frontend', 'startup.loading.user.values', '', 'zh-TW');
INSERT INTO OKM_TRANSLATION (TR_MODULE, TR_KEY, TR_TEXT, TR_LANGUAGE) VALUES ('frontend', 'startup.keep.alive', 'keep alive', 'zh-TW');
INSERT INTO OKM_TRANSLATION (TR_MODULE, TR_KEY, TR_TEXT, TR_LANGUAGE) VALUES ('frontend', 'openkm.update.available', 'OpenKM', 'zh-TW');
INSERT INTO OKM_TRANSLATION (TR_MODULE, TR_KEY, TR_TEXT, TR_LANGUAGE) VALUES ('frontend', 'leftpanel.label.taxonomy', '', 'zh-TW');
INSERT INTO OKM_TRANSLATION (TR_MODULE, TR_KEY, TR_TEXT, TR_LANGUAGE) VALUES ('frontend', 'leftpanel.label.trash', '', 'zh-TW');
INSERT INTO OKM_TRANSLATION (TR_MODULE, TR_KEY, TR_TEXT, TR_LANGUAGE) VALUES ('frontend', 'leftpanel.label.mail', '', 'zh-TW');
INSERT INTO OKM_TRANSLATION (TR_MODULE, TR_KEY, TR_TEXT, TR_LANGUAGE) VALUES ('frontend', 'leftpanel.label.stored.search', '', 'zh-TW');
INSERT INTO OKM_TRANSLATION (TR_MODULE, TR_KEY, TR_TEXT, TR_LANGUAGE) VALUES ('frontend', 'leftpanel.label.categories', 'Categories', 'zh-TW');
INSERT INTO OKM_TRANSLATION (TR_MODULE, TR_KEY, TR_TEXT, TR_LANGUAGE) VALUES ('frontend', 'leftpanel.label.thesaurus', 'Thesaurus', 'zh-TW');
INSERT INTO OKM_TRANSLATION (TR_MODULE, TR_KEY, TR_TEXT, TR_LANGUAGE) VALUES ('frontend', 'leftpanel.label.templates', '', 'zh-TW');
INSERT INTO OKM_TRANSLATION (TR_MODULE, TR_KEY, TR_TEXT, TR_LANGUAGE) VALUES ('frontend', 'leftpanel.label.my.documents', '', 'zh-TW');
INSERT INTO OKM_TRANSLATION (TR_MODULE, TR_KEY, TR_TEXT, TR_LANGUAGE) VALUES ('frontend', 'leftpanel.label.user.search', '', 'zh-TW');
INSERT INTO OKM_TRANSLATION (TR_MODULE, TR_KEY, TR_TEXT, TR_LANGUAGE) VALUES ('frontend', 'leftpanel.label.all.repository', '', 'zh-TW');
INSERT INTO OKM_TRANSLATION (TR_MODULE, TR_KEY, TR_TEXT, TR_LANGUAGE) VALUES ('frontend', 'tree.menu.directory.create', '', 'zh-TW');
INSERT INTO OKM_TRANSLATION (TR_MODULE, TR_KEY, TR_TEXT, TR_LANGUAGE) VALUES ('frontend', 'tree.menu.directory.remove', '', 'zh-TW');
INSERT INTO OKM_TRANSLATION (TR_MODULE, TR_KEY, TR_TEXT, TR_LANGUAGE) VALUES ('frontend', 'tree.menu.directory.rename', '', 'zh-TW');
INSERT INTO OKM_TRANSLATION (TR_MODULE, TR_KEY, TR_TEXT, TR_LANGUAGE) VALUES ('frontend', 'tree.menu.directory.refresh', '', 'zh-TW');
INSERT INTO OKM_TRANSLATION (TR_MODULE, TR_KEY, TR_TEXT, TR_LANGUAGE) VALUES ('frontend', 'tree.menu.directory.move', '', 'zh-TW');
INSERT INTO OKM_TRANSLATION (TR_MODULE, TR_KEY, TR_TEXT, TR_LANGUAGE) VALUES ('frontend', 'tree.menu.directory.copy', '', 'zh-TW');
INSERT INTO OKM_TRANSLATION (TR_MODULE, TR_KEY, TR_TEXT, TR_LANGUAGE) VALUES ('frontend', 'tree.menu.directory.add.document', '', 'zh-TW');
INSERT INTO OKM_TRANSLATION (TR_MODULE, TR_KEY, TR_TEXT, TR_LANGUAGE) VALUES ('frontend', 'tree.menu.add.bookmark', '', 'zh-TW');
INSERT INTO OKM_TRANSLATION (TR_MODULE, TR_KEY, TR_TEXT, TR_LANGUAGE) VALUES ('frontend', 'tree.menu.set.home', '', 'zh-TW');
INSERT INTO OKM_TRANSLATION (TR_MODULE, TR_KEY, TR_TEXT, TR_LANGUAGE) VALUES ('frontend', 'tree.menu.export', '', 'zh-TW');
INSERT INTO OKM_TRANSLATION (TR_MODULE, TR_KEY, TR_TEXT, TR_LANGUAGE) VALUES ('frontend', 'tree.status.refresh.folder', '', 'zh-TW');
INSERT INTO OKM_TRANSLATION (TR_MODULE, TR_KEY, TR_TEXT, TR_LANGUAGE) VALUES ('frontend', 'tree.status.refresh.create', '', 'zh-TW');
INSERT INTO OKM_TRANSLATION (TR_MODULE, TR_KEY, TR_TEXT, TR_LANGUAGE) VALUES ('frontend', 'tree.status.refresh.delete', '', 'zh-TW');
INSERT INTO OKM_TRANSLATION (TR_MODULE, TR_KEY, TR_TEXT, TR_LANGUAGE) VALUES ('frontend', 'tree.status.refresh.rename', '', 'zh-TW');
INSERT INTO OKM_TRANSLATION (TR_MODULE, TR_KEY, TR_TEXT, TR_LANGUAGE) VALUES ('frontend', 'tree.status.refresh.restore', '', 'zh-TW');
INSERT INTO OKM_TRANSLATION (TR_MODULE, TR_KEY, TR_TEXT, TR_LANGUAGE) VALUES ('frontend', 'tree.status.refresh.purge', '', 'zh-TW');
INSERT INTO OKM_TRANSLATION (TR_MODULE, TR_KEY, TR_TEXT, TR_LANGUAGE) VALUES ('frontend', 'tree.status.refresh.get', '', 'zh-TW');
INSERT INTO OKM_TRANSLATION (TR_MODULE, TR_KEY, TR_TEXT, TR_LANGUAGE) VALUES ('frontend', 'tree.folder.new', '', 'zh-TW');
INSERT INTO OKM_TRANSLATION (TR_MODULE, TR_KEY, TR_TEXT, TR_LANGUAGE) VALUES ('frontend', 'tree.status.refresh.add.subscription', '', 'zh-TW');
INSERT INTO OKM_TRANSLATION (TR_MODULE, TR_KEY, TR_TEXT, TR_LANGUAGE) VALUES ('frontend', 'tree.status.refresh.remove.subscription', '', 'zh-TW');
INSERT INTO OKM_TRANSLATION (TR_MODULE, TR_KEY, TR_TEXT, TR_LANGUAGE) VALUES ('frontend', 'tree.status.refresh.get.root', '', 'zh-TW');
INSERT INTO OKM_TRANSLATION (TR_MODULE, TR_KEY, TR_TEXT, TR_LANGUAGE) VALUES ('frontend', 'tree.status.refresh.get.keywords', '', 'zh-TW');
INSERT INTO OKM_TRANSLATION (TR_MODULE, TR_KEY, TR_TEXT, TR_LANGUAGE) VALUES ('frontend', 'tree.status.refresh.get.user.home', '', 'zh-TW');
INSERT INTO OKM_TRANSLATION (TR_MODULE, TR_KEY, TR_TEXT, TR_LANGUAGE) VALUES ('frontend', 'tree.status.refresh.purge.trash', '', 'zh-TW');
INSERT INTO OKM_TRANSLATION (TR_MODULE, TR_KEY, TR_TEXT, TR_LANGUAGE) VALUES ('frontend', 'tree.menu.directory.find.folder', '', 'zh-TW');
INSERT INTO OKM_TRANSLATION (TR_MODULE, TR_KEY, TR_TEXT, TR_LANGUAGE) VALUES ('frontend', 'trash.menu.directory.restore', '', 'zh-TW');
INSERT INTO OKM_TRANSLATION (TR_MODULE, TR_KEY, TR_TEXT, TR_LANGUAGE) VALUES ('frontend', 'trash.menu.directory.purge', '', 'zh-TW');
INSERT INTO OKM_TRANSLATION (TR_MODULE, TR_KEY, TR_TEXT, TR_LANGUAGE) VALUES ('frontend', 'trash.menu.directory.purge.trash', '', 'zh-TW');
INSERT INTO OKM_TRANSLATION (TR_MODULE, TR_KEY, TR_TEXT, TR_LANGUAGE) VALUES ('frontend', 'trash.directory.select.label', '', 'zh-TW');
INSERT INTO OKM_TRANSLATION (TR_MODULE, TR_KEY, TR_TEXT, TR_LANGUAGE) VALUES ('frontend', 'general.menu.file', '', 'zh-TW');
INSERT INTO OKM_TRANSLATION (TR_MODULE, TR_KEY, TR_TEXT, TR_LANGUAGE) VALUES ('frontend', 'general.menu.file.exit', '', 'zh-TW');
INSERT INTO OKM_TRANSLATION (TR_MODULE, TR_KEY, TR_TEXT, TR_LANGUAGE) VALUES ('frontend', 'general.menu.file.purge.trash', '', 'zh-TW');
INSERT INTO OKM_TRANSLATION (TR_MODULE, TR_KEY, TR_TEXT, TR_LANGUAGE) VALUES ('frontend', 'general.menu.edit', '', 'zh-TW');
INSERT INTO OKM_TRANSLATION (TR_MODULE, TR_KEY, TR_TEXT, TR_LANGUAGE) VALUES ('frontend', 'general.menu.file.create.directory', '', 'zh-TW');
INSERT INTO OKM_TRANSLATION (TR_MODULE, TR_KEY, TR_TEXT, TR_LANGUAGE) VALUES ('frontend', 'general.menu.file.download.document', '', 'zh-TW');
INSERT INTO OKM_TRANSLATION (TR_MODULE, TR_KEY, TR_TEXT, TR_LANGUAGE) VALUES ('frontend', 'general.menu.file.download.document.pdf', 'PDF', 'zh-TW');
INSERT INTO OKM_TRANSLATION (TR_MODULE, TR_KEY, TR_TEXT, TR_LANGUAGE) VALUES ('frontend', 'general.menu.file.send.link', '', 'zh-TW');
INSERT INTO OKM_TRANSLATION (TR_MODULE, TR_KEY, TR_TEXT, TR_LANGUAGE) VALUES ('frontend', 'general.menu.file.send.attachment', '', 'zh-TW');
INSERT INTO OKM_TRANSLATION (TR_MODULE, TR_KEY, TR_TEXT, TR_LANGUAGE) VALUES ('frontend', 'general.menu.file.lock', '', 'zh-TW');
INSERT INTO OKM_TRANSLATION (TR_MODULE, TR_KEY, TR_TEXT, TR_LANGUAGE) VALUES ('frontend', 'general.menu.file.unlock', '', 'zh-TW');
INSERT INTO OKM_TRANSLATION (TR_MODULE, TR_KEY, TR_TEXT, TR_LANGUAGE) VALUES ('frontend', 'general.menu.file.add.document', '', 'zh-TW');
INSERT INTO OKM_TRANSLATION (TR_MODULE, TR_KEY, TR_TEXT, TR_LANGUAGE) VALUES ('frontend', 'general.menu.file.checkout', '', 'zh-TW');
INSERT INTO OKM_TRANSLATION (TR_MODULE, TR_KEY, TR_TEXT, TR_LANGUAGE) VALUES ('frontend', 'general.menu.file.checkin', '', 'zh-TW');
INSERT INTO OKM_TRANSLATION (TR_MODULE, TR_KEY, TR_TEXT, TR_LANGUAGE) VALUES ('frontend', 'general.menu.file.cancel.checkout', '', 'zh-TW');
INSERT INTO OKM_TRANSLATION (TR_MODULE, TR_KEY, TR_TEXT, TR_LANGUAGE) VALUES ('frontend', 'general.menu.file.delete', '', 'zh-TW');
INSERT INTO OKM_TRANSLATION (TR_MODULE, TR_KEY, TR_TEXT, TR_LANGUAGE) VALUES ('frontend', 'general.menu.file.refresh', '', 'zh-TW');
INSERT INTO OKM_TRANSLATION (TR_MODULE, TR_KEY, TR_TEXT, TR_LANGUAGE) VALUES ('frontend', 'general.menu.file.scanner', '', 'zh-TW');
INSERT INTO OKM_TRANSLATION (TR_MODULE, TR_KEY, TR_TEXT, TR_LANGUAGE) VALUES ('frontend', 'general.menu.file.uploader', '', 'zh-TW');
INSERT INTO OKM_TRANSLATION (TR_MODULE, TR_KEY, TR_TEXT, TR_LANGUAGE) VALUES ('frontend', 'general.menu.tools', '', 'zh-TW');
INSERT INTO OKM_TRANSLATION (TR_MODULE, TR_KEY, TR_TEXT, TR_LANGUAGE) VALUES ('frontend', 'general.menu.tools.languages', '', 'zh-TW');
INSERT INTO OKM_TRANSLATION (TR_MODULE, TR_KEY, TR_TEXT, TR_LANGUAGE) VALUES ('frontend', 'general.menu.tools.skin', '', 'zh-TW');
INSERT INTO OKM_TRANSLATION (TR_MODULE, TR_KEY, TR_TEXT, TR_LANGUAGE) VALUES ('frontend', 'general.menu.tools.skin.default', '', 'zh-TW');
INSERT INTO OKM_TRANSLATION (TR_MODULE, TR_KEY, TR_TEXT, TR_LANGUAGE) VALUES ('frontend', 'general.menu.tools.skin.default2', '2', 'zh-TW');
INSERT INTO OKM_TRANSLATION (TR_MODULE, TR_KEY, TR_TEXT, TR_LANGUAGE) VALUES ('frontend', 'general.menu.tools.skin.mediumfont', '', 'zh-TW');
INSERT INTO OKM_TRANSLATION (TR_MODULE, TR_KEY, TR_TEXT, TR_LANGUAGE) VALUES ('frontend', 'general.menu.tools.skin.bigfont', '', 'zh-TW');
INSERT INTO OKM_TRANSLATION (TR_MODULE, TR_KEY, TR_TEXT, TR_LANGUAGE) VALUES ('frontend', 'general.menu.debug.console', '', 'zh-TW');
INSERT INTO OKM_TRANSLATION (TR_MODULE, TR_KEY, TR_TEXT, TR_LANGUAGE) VALUES ('frontend', 'general.menu.administration', '', 'zh-TW');
INSERT INTO OKM_TRANSLATION (TR_MODULE, TR_KEY, TR_TEXT, TR_LANGUAGE) VALUES ('frontend', 'general.menu.tools.preferences', '', 'zh-TW');
INSERT INTO OKM_TRANSLATION (TR_MODULE, TR_KEY, TR_TEXT, TR_LANGUAGE) VALUES ('frontend', 'general.menu.bookmark', '', 'zh-TW');
INSERT INTO OKM_TRANSLATION (TR_MODULE, TR_KEY, TR_TEXT, TR_LANGUAGE) VALUES ('frontend', 'general.menu.bookmark.home', '', 'zh-TW');
INSERT INTO OKM_TRANSLATION (TR_MODULE, TR_KEY, TR_TEXT, TR_LANGUAGE) VALUES ('frontend', 'general.menu.bookmark.default.home', '', 'zh-TW');
INSERT INTO OKM_TRANSLATION (TR_MODULE, TR_KEY, TR_TEXT, TR_LANGUAGE) VALUES ('frontend', 'general.menu.bookmark.edit', '', 'zh-TW');
INSERT INTO OKM_TRANSLATION (TR_MODULE, TR_KEY, TR_TEXT, TR_LANGUAGE) VALUES ('frontend', 'general.menu.help', '', 'zh-TW');
INSERT INTO OKM_TRANSLATION (TR_MODULE, TR_KEY, TR_TEXT, TR_LANGUAGE) VALUES ('frontend', 'general.menu.bug.report', '', 'zh-TW');
INSERT INTO OKM_TRANSLATION (TR_MODULE, TR_KEY, TR_TEXT, TR_LANGUAGE) VALUES ('frontend', 'general.menu.support.request', '', 'zh-TW');
INSERT INTO OKM_TRANSLATION (TR_MODULE, TR_KEY, TR_TEXT, TR_LANGUAGE) VALUES ('frontend', 'general.menu.public.forum', '', 'zh-TW');
INSERT INTO OKM_TRANSLATION (TR_MODULE, TR_KEY, TR_TEXT, TR_LANGUAGE) VALUES ('frontend', 'general.menu.project.web', 'OpenKM', 'zh-TW');
INSERT INTO OKM_TRANSLATION (TR_MODULE, TR_KEY, TR_TEXT, TR_LANGUAGE) VALUES ('frontend', 'general.menu.version.changes', '', 'zh-TW');
INSERT INTO OKM_TRANSLATION (TR_MODULE, TR_KEY, TR_TEXT, TR_LANGUAGE) VALUES ('frontend', 'general.menu.documentation', '', 'zh-TW');
INSERT INTO OKM_TRANSLATION (TR_MODULE, TR_KEY, TR_TEXT, TR_LANGUAGE) VALUES ('frontend', 'general.menu.about', 'OpenKM', 'zh-TW');
INSERT INTO OKM_TRANSLATION (TR_MODULE, TR_KEY, TR_TEXT, TR_LANGUAGE) VALUES ('frontend', 'general.connected', '', 'zh-TW');
INSERT INTO OKM_TRANSLATION (TR_MODULE, TR_KEY, TR_TEXT, TR_LANGUAGE) VALUES ('frontend', 'filebrowser.name', '', 'zh-TW');
INSERT INTO OKM_TRANSLATION (TR_MODULE, TR_KEY, TR_TEXT, TR_LANGUAGE) VALUES ('frontend', 'filebrowser.date.update', '', 'zh-TW');
INSERT INTO OKM_TRANSLATION (TR_MODULE, TR_KEY, TR_TEXT, TR_LANGUAGE) VALUES ('frontend', 'filebrowser.size', '', 'zh-TW');
INSERT INTO OKM_TRANSLATION (TR_MODULE, TR_KEY, TR_TEXT, TR_LANGUAGE) VALUES ('frontend', 'filebrowser.path', '', 'zh-TW');
INSERT INTO OKM_TRANSLATION (TR_MODULE, TR_KEY, TR_TEXT, TR_LANGUAGE) VALUES ('frontend', 'filebrowser.author', '', 'zh-TW');
INSERT INTO OKM_TRANSLATION (TR_MODULE, TR_KEY, TR_TEXT, TR_LANGUAGE) VALUES ('frontend', 'filebrowser.version', '', 'zh-TW');
INSERT INTO OKM_TRANSLATION (TR_MODULE, TR_KEY, TR_TEXT, TR_LANGUAGE) VALUES ('frontend', 'filebrowser.menu.checkout', '', 'zh-TW');
INSERT INTO OKM_TRANSLATION (TR_MODULE, TR_KEY, TR_TEXT, TR_LANGUAGE) VALUES ('frontend', 'filebrowser.menu.checkin', '', 'zh-TW');
INSERT INTO OKM_TRANSLATION (TR_MODULE, TR_KEY, TR_TEXT, TR_LANGUAGE) VALUES ('frontend', 'filebrowser.menu.delete', '', 'zh-TW');
INSERT INTO OKM_TRANSLATION (TR_MODULE, TR_KEY, TR_TEXT, TR_LANGUAGE) VALUES ('frontend', 'filebrowser.menu.rename', '', 'zh-TW');
INSERT INTO OKM_TRANSLATION (TR_MODULE, TR_KEY, TR_TEXT, TR_LANGUAGE) VALUES ('frontend', 'filebrowser.menu.checkout.cancel', '', 'zh-TW');
INSERT INTO OKM_TRANSLATION (TR_MODULE, TR_KEY, TR_TEXT, TR_LANGUAGE) VALUES ('frontend', 'filebrowser.menu.lock', '', 'zh-TW');
INSERT INTO OKM_TRANSLATION (TR_MODULE, TR_KEY, TR_TEXT, TR_LANGUAGE) VALUES ('frontend', 'filebrowser.menu.unlock', '', 'zh-TW');
INSERT INTO OKM_TRANSLATION (TR_MODULE, TR_KEY, TR_TEXT, TR_LANGUAGE) VALUES ('frontend', 'filebrowser.menu.download', '', 'zh-TW');
INSERT INTO OKM_TRANSLATION (TR_MODULE, TR_KEY, TR_TEXT, TR_LANGUAGE) VALUES ('frontend', 'filebrowser.menu.move', '', 'zh-TW');
INSERT INTO OKM_TRANSLATION (TR_MODULE, TR_KEY, TR_TEXT, TR_LANGUAGE) VALUES ('frontend', 'filebrowser.menu.copy', '', 'zh-TW');
INSERT INTO OKM_TRANSLATION (TR_MODULE, TR_KEY, TR_TEXT, TR_LANGUAGE) VALUES ('frontend', 'filebrowser.menu.create.from.template', '', 'zh-TW');
INSERT INTO OKM_TRANSLATION (TR_MODULE, TR_KEY, TR_TEXT, TR_LANGUAGE) VALUES ('frontend', 'filebrowser.menu.add.property.group', '', 'zh-TW');
INSERT INTO OKM_TRANSLATION (TR_MODULE, TR_KEY, TR_TEXT, TR_LANGUAGE) VALUES ('frontend', 'filebrowser.menu.remove.property.group', '', 'zh-TW');
INSERT INTO OKM_TRANSLATION (TR_MODULE, TR_KEY, TR_TEXT, TR_LANGUAGE) VALUES ('frontend', 'filebrowser.menu.start.workflow', '', 'zh-TW');
INSERT INTO OKM_TRANSLATION (TR_MODULE, TR_KEY, TR_TEXT, TR_LANGUAGE) VALUES ('frontend', 'filebrowser.menu.add.subscription', '', 'zh-TW');
INSERT INTO OKM_TRANSLATION (TR_MODULE, TR_KEY, TR_TEXT, TR_LANGUAGE) VALUES ('frontend', 'filebrowser.menu.remove.subscription', '', 'zh-TW');
INSERT INTO OKM_TRANSLATION (TR_MODULE, TR_KEY, TR_TEXT, TR_LANGUAGE) VALUES ('frontend', 'filebrowser.menu.add.bookmark', '', 'zh-TW');
INSERT INTO OKM_TRANSLATION (TR_MODULE, TR_KEY, TR_TEXT, TR_LANGUAGE) VALUES ('frontend', 'filebrowser.menu.set.home', '', 'zh-TW');
INSERT INTO OKM_TRANSLATION (TR_MODULE, TR_KEY, TR_TEXT, TR_LANGUAGE) VALUES ('frontend', 'filebrowser.menu.refresh', '', 'zh-TW');
INSERT INTO OKM_TRANSLATION (TR_MODULE, TR_KEY, TR_TEXT, TR_LANGUAGE) VALUES ('frontend', 'filebrowser.menu.export', 'ZIP', 'zh-TW');
INSERT INTO OKM_TRANSLATION (TR_MODULE, TR_KEY, TR_TEXT, TR_LANGUAGE) VALUES ('frontend', 'filebrowser.menu.play', '', 'zh-TW');
INSERT INTO OKM_TRANSLATION (TR_MODULE, TR_KEY, TR_TEXT, TR_LANGUAGE) VALUES ('frontend', 'filebrowser.menu.image.viewer', '', 'zh-TW');
INSERT INTO OKM_TRANSLATION (TR_MODULE, TR_KEY, TR_TEXT, TR_LANGUAGE) VALUES ('frontend', 'filebrowser.status.refresh.folder', '', 'zh-TW');
INSERT INTO OKM_TRANSLATION (TR_MODULE, TR_KEY, TR_TEXT, TR_LANGUAGE) VALUES ('frontend', 'filebrowser.status.refresh.document', '', 'zh-TW');
INSERT INTO OKM_TRANSLATION (TR_MODULE, TR_KEY, TR_TEXT, TR_LANGUAGE) VALUES ('frontend', 'filebrowser.status.refresh.mail', '', 'zh-TW');
INSERT INTO OKM_TRANSLATION (TR_MODULE, TR_KEY, TR_TEXT, TR_LANGUAGE) VALUES ('frontend', 'filebrowser.status.refresh.delete.folder', '', 'zh-TW');
INSERT INTO OKM_TRANSLATION (TR_MODULE, TR_KEY, TR_TEXT, TR_LANGUAGE) VALUES ('frontend', 'filebrowser.status.refresh.delete.document', '', 'zh-TW');
INSERT INTO OKM_TRANSLATION (TR_MODULE, TR_KEY, TR_TEXT, TR_LANGUAGE) VALUES ('frontend', 'filebrowser.status.refresh.checkout', '', 'zh-TW');
INSERT INTO OKM_TRANSLATION (TR_MODULE, TR_KEY, TR_TEXT, TR_LANGUAGE) VALUES ('frontend', 'filebrowser.status.refresh.lock', '', 'zh-TW');
INSERT INTO OKM_TRANSLATION (TR_MODULE, TR_KEY, TR_TEXT, TR_LANGUAGE) VALUES ('frontend', 'filebrowser.status.refresh.unlock', '', 'zh-TW');
INSERT INTO OKM_TRANSLATION (TR_MODULE, TR_KEY, TR_TEXT, TR_LANGUAGE) VALUES ('frontend', 'filebrowser.status.refresh.document.rename', '', 'zh-TW');
INSERT INTO OKM_TRANSLATION (TR_MODULE, TR_KEY, TR_TEXT, TR_LANGUAGE) VALUES ('frontend', 'filebrowser.status.refresh.folder.rename', '', 'zh-TW');
INSERT INTO OKM_TRANSLATION (TR_MODULE, TR_KEY, TR_TEXT, TR_LANGUAGE) VALUES ('frontend', 'filebrowser.status.refresh.document.purge', '', 'zh-TW');
INSERT INTO OKM_TRANSLATION (TR_MODULE, TR_KEY, TR_TEXT, TR_LANGUAGE) VALUES ('frontend', 'filebrowser.status.refresh.folder.purge', '', 'zh-TW');
INSERT INTO OKM_TRANSLATION (TR_MODULE, TR_KEY, TR_TEXT, TR_LANGUAGE) VALUES ('frontend', 'filebrowser.status.refresh.folder.get', '', 'zh-TW');
INSERT INTO OKM_TRANSLATION (TR_MODULE, TR_KEY, TR_TEXT, TR_LANGUAGE) VALUES ('frontend', 'filebrowser.status.refresh.document.get', '', 'zh-TW');
INSERT INTO OKM_TRANSLATION (TR_MODULE, TR_KEY, TR_TEXT, TR_LANGUAGE) VALUES ('frontend', 'filebrowser.status.refresh.add.subscription', '', 'zh-TW');
INSERT INTO OKM_TRANSLATION (TR_MODULE, TR_KEY, TR_TEXT, TR_LANGUAGE) VALUES ('frontend', 'filebrowser.status.refresh.remove.subscription', '', 'zh-TW');
INSERT INTO OKM_TRANSLATION (TR_MODULE, TR_KEY, TR_TEXT, TR_LANGUAGE) VALUES ('frontend', 'filebrowser.status.refresh.get.user.home', '', 'zh-TW');
INSERT INTO OKM_TRANSLATION (TR_MODULE, TR_KEY, TR_TEXT, TR_LANGUAGE) VALUES ('frontend', 'filebrowser.status.refresh.delete.mail', '', 'zh-TW');
INSERT INTO OKM_TRANSLATION (TR_MODULE, TR_KEY, TR_TEXT, TR_LANGUAGE) VALUES ('frontend', 'filebrowser.status.refresh.mail.purge', '', 'zh-TW');
INSERT INTO OKM_TRANSLATION (TR_MODULE, TR_KEY, TR_TEXT, TR_LANGUAGE) VALUES ('frontend', 'fileupload.send', '', 'zh-TW');
INSERT INTO OKM_TRANSLATION (TR_MODULE, TR_KEY, TR_TEXT, TR_LANGUAGE) VALUES ('frontend', 'fileupload.status.sending', '...', 'zh-TW');
INSERT INTO OKM_TRANSLATION (TR_MODULE, TR_KEY, TR_TEXT, TR_LANGUAGE) VALUES ('frontend', 'fileupload.status.indexing', '...', 'zh-TW');
INSERT INTO OKM_TRANSLATION (TR_MODULE, TR_KEY, TR_TEXT, TR_LANGUAGE) VALUES ('frontend', 'fileupload.status.ok', '', 'zh-TW');
INSERT INTO OKM_TRANSLATION (TR_MODULE, TR_KEY, TR_TEXT, TR_LANGUAGE) VALUES ('frontend', 'fileupload.upload.status', '', 'zh-TW');
INSERT INTO OKM_TRANSLATION (TR_MODULE, TR_KEY, TR_TEXT, TR_LANGUAGE) VALUES ('frontend', 'fileupload.upload.uploaded', '', 'zh-TW');
INSERT INTO OKM_TRANSLATION (TR_MODULE, TR_KEY, TR_TEXT, TR_LANGUAGE) VALUES ('frontend', 'fileupload.upload.completed', '', 'zh-TW');
INSERT INTO OKM_TRANSLATION (TR_MODULE, TR_KEY, TR_TEXT, TR_LANGUAGE) VALUES ('frontend', 'fileupload.upload.runtime', '', 'zh-TW');
INSERT INTO OKM_TRANSLATION (TR_MODULE, TR_KEY, TR_TEXT, TR_LANGUAGE) VALUES ('frontend', 'fileupload.upload.remaining', '', 'zh-TW');
INSERT INTO OKM_TRANSLATION (TR_MODULE, TR_KEY, TR_TEXT, TR_LANGUAGE) VALUES ('frontend', 'fileupload.button.close', '', 'zh-TW');
INSERT INTO OKM_TRANSLATION (TR_MODULE, TR_KEY, TR_TEXT, TR_LANGUAGE) VALUES ('frontend', 'fileupload.button.add.other.file', '', 'zh-TW');
INSERT INTO OKM_TRANSLATION (TR_MODULE, TR_KEY, TR_TEXT, TR_LANGUAGE) VALUES ('frontend', 'fileupload.status.move.file', '...', 'zh-TW');
INSERT INTO OKM_TRANSLATION (TR_MODULE, TR_KEY, TR_TEXT, TR_LANGUAGE) VALUES ('frontend', 'fileupload.status.move.mail', '...', 'zh-TW');
INSERT INTO OKM_TRANSLATION (TR_MODULE, TR_KEY, TR_TEXT, TR_LANGUAGE) VALUES ('frontend', 'fileupload.status.copy.file', '...', 'zh-TW');
INSERT INTO OKM_TRANSLATION (TR_MODULE, TR_KEY, TR_TEXT, TR_LANGUAGE) VALUES ('frontend', 'fileupload.status.copy.mail', '...', 'zh-TW');
INSERT INTO OKM_TRANSLATION (TR_MODULE, TR_KEY, TR_TEXT, TR_LANGUAGE) VALUES ('frontend', 'fileupload.status.restore.file', '...', 'zh-TW');
INSERT INTO OKM_TRANSLATION (TR_MODULE, TR_KEY, TR_TEXT, TR_LANGUAGE) VALUES ('frontend', 'fileupload.status.restore.mail', '...', 'zh-TW');
INSERT INTO OKM_TRANSLATION (TR_MODULE, TR_KEY, TR_TEXT, TR_LANGUAGE) VALUES ('frontend', 'fileupload.status.move.folder', '...', 'zh-TW');
INSERT INTO OKM_TRANSLATION (TR_MODULE, TR_KEY, TR_TEXT, TR_LANGUAGE) VALUES ('frontend', 'fileupload.status.copy.folder', '...', 'zh-TW');
INSERT INTO OKM_TRANSLATION (TR_MODULE, TR_KEY, TR_TEXT, TR_LANGUAGE) VALUES ('frontend', 'fileupload.status.restore.folder', '...', 'zh-TW');
INSERT INTO OKM_TRANSLATION (TR_MODULE, TR_KEY, TR_TEXT, TR_LANGUAGE) VALUES ('frontend', 'fileupload.status.create.from.template', '...', 'zh-TW');
INSERT INTO OKM_TRANSLATION (TR_MODULE, TR_KEY, TR_TEXT, TR_LANGUAGE) VALUES ('frontend', 'fileupload.status.of', '', 'zh-TW');
INSERT INTO OKM_TRANSLATION (TR_MODULE, TR_KEY, TR_TEXT, TR_LANGUAGE) VALUES ('frontend', 'fileupload.label.insert', '', 'zh-TW');
INSERT INTO OKM_TRANSLATION (TR_MODULE, TR_KEY, TR_TEXT, TR_LANGUAGE) VALUES ('frontend', 'fileupload.label.update', '', 'zh-TW');
INSERT INTO OKM_TRANSLATION (TR_MODULE, TR_KEY, TR_TEXT, TR_LANGUAGE) VALUES ('frontend', 'fileupload.label.users.notify', '', 'zh-TW');
INSERT INTO OKM_TRANSLATION (TR_MODULE, TR_KEY, TR_TEXT, TR_LANGUAGE) VALUES ('frontend', 'fileupload.label.comment', '', 'zh-TW');
INSERT INTO OKM_TRANSLATION (TR_MODULE, TR_KEY, TR_TEXT, TR_LANGUAGE) VALUES ('frontend', 'fileupload.label.users.to.notify"', '  "', 'zh-TW');
INSERT INTO OKM_TRANSLATION (TR_MODULE, TR_KEY, TR_TEXT, TR_LANGUAGE) VALUES ('frontend', 'fileupload.label.users"', '  "', 'zh-TW');
INSERT INTO OKM_TRANSLATION (TR_MODULE, TR_KEY, TR_TEXT, TR_LANGUAGE) VALUES ('frontend', 'fileupload.label.groups.to.notify', '', 'zh-TW');
INSERT INTO OKM_TRANSLATION (TR_MODULE, TR_KEY, TR_TEXT, TR_LANGUAGE) VALUES ('frontend', 'fileupload.label.groups', '', 'zh-TW');
INSERT INTO OKM_TRANSLATION (TR_MODULE, TR_KEY, TR_TEXT, TR_LANGUAGE) VALUES ('frontend', 'fileupload.label.must.select.users"', '  "', 'zh-TW');
INSERT INTO OKM_TRANSLATION (TR_MODULE, TR_KEY, TR_TEXT, TR_LANGUAGE) VALUES ('frontend', 'fileupload.label.importZip', 'ZIP', 'zh-TW');
INSERT INTO OKM_TRANSLATION (TR_MODULE, TR_KEY, TR_TEXT, TR_LANGUAGE) VALUES ('frontend', 'fileupload.label.notify.comment', '', 'zh-TW');
INSERT INTO OKM_TRANSLATION (TR_MODULE, TR_KEY, TR_TEXT, TR_LANGUAGE) VALUES ('frontend', 'fileupload.label.error.importing.zip', '', 'zh-TW');
INSERT INTO OKM_TRANSLATION (TR_MODULE, TR_KEY, TR_TEXT, TR_LANGUAGE) VALUES ('frontend', 'fileupload.label.error.move.file', '', 'zh-TW');
INSERT INTO OKM_TRANSLATION (TR_MODULE, TR_KEY, TR_TEXT, TR_LANGUAGE) VALUES ('frontend', 'fileupload.label.error.move.mail', '', 'zh-TW');
INSERT INTO OKM_TRANSLATION (TR_MODULE, TR_KEY, TR_TEXT, TR_LANGUAGE) VALUES ('frontend', 'fileupload.label.error.copy.file', '', 'zh-TW');
INSERT INTO OKM_TRANSLATION (TR_MODULE, TR_KEY, TR_TEXT, TR_LANGUAGE) VALUES ('frontend', 'fileupload.label.error.copy.mail', '', 'zh-TW');
INSERT INTO OKM_TRANSLATION (TR_MODULE, TR_KEY, TR_TEXT, TR_LANGUAGE) VALUES ('frontend', 'fileupload.label.error.restore.file', '', 'zh-TW');
INSERT INTO OKM_TRANSLATION (TR_MODULE, TR_KEY, TR_TEXT, TR_LANGUAGE) VALUES ('frontend', 'fileupload.label.error.restore.mail', '', 'zh-TW');
INSERT INTO OKM_TRANSLATION (TR_MODULE, TR_KEY, TR_TEXT, TR_LANGUAGE) VALUES ('frontend', 'fileupload.label.error.move.folder', '', 'zh-TW');
INSERT INTO OKM_TRANSLATION (TR_MODULE, TR_KEY, TR_TEXT, TR_LANGUAGE) VALUES ('frontend', 'fileupload.label.error.copy.folder', '', 'zh-TW');
INSERT INTO OKM_TRANSLATION (TR_MODULE, TR_KEY, TR_TEXT, TR_LANGUAGE) VALUES ('frontend', 'fileupload.label.error.restore.folder', '', 'zh-TW');
INSERT INTO OKM_TRANSLATION (TR_MODULE, TR_KEY, TR_TEXT, TR_LANGUAGE) VALUES ('frontend', 'fileupload.label.error.create.from.template', '', 'zh-TW');
INSERT INTO OKM_TRANSLATION (TR_MODULE, TR_KEY, TR_TEXT, TR_LANGUAGE) VALUES ('frontend', 'fileupload.label.error.not.allowed.move.folder.child', '', 'zh-TW');
INSERT INTO OKM_TRANSLATION (TR_MODULE, TR_KEY, TR_TEXT, TR_LANGUAGE) VALUES ('frontend', 'fileupload.label.error.not.allowed.copy.same.folder', '', 'zh-TW');
INSERT INTO OKM_TRANSLATION (TR_MODULE, TR_KEY, TR_TEXT, TR_LANGUAGE) VALUES ('frontend', 'fileupload.label.error.not.allowed.create.from.template.same.folder', '', 'zh-TW');
INSERT INTO OKM_TRANSLATION (TR_MODULE, TR_KEY, TR_TEXT, TR_LANGUAGE) VALUES ('frontend', 'tab.document.properties', '', 'zh-TW');
INSERT INTO OKM_TRANSLATION (TR_MODULE, TR_KEY, TR_TEXT, TR_LANGUAGE) VALUES ('frontend', 'tab.document.notes', '', 'zh-TW');
INSERT INTO OKM_TRANSLATION (TR_MODULE, TR_KEY, TR_TEXT, TR_LANGUAGE) VALUES ('frontend', 'tab.document.history', '', 'zh-TW');
INSERT INTO OKM_TRANSLATION (TR_MODULE, TR_KEY, TR_TEXT, TR_LANGUAGE) VALUES ('frontend', 'tab.document.status.history', '', 'zh-TW');
INSERT INTO OKM_TRANSLATION (TR_MODULE, TR_KEY, TR_TEXT, TR_LANGUAGE) VALUES ('frontend', 'tab.status.security.role', '', 'zh-TW');
INSERT INTO OKM_TRANSLATION (TR_MODULE, TR_KEY, TR_TEXT, TR_LANGUAGE) VALUES ('frontend', 'tab.status.security.user', '', 'zh-TW');
INSERT INTO OKM_TRANSLATION (TR_MODULE, TR_KEY, TR_TEXT, TR_LANGUAGE) VALUES ('frontend', 'tab.document.status.group.properties', '', 'zh-TW');
INSERT INTO OKM_TRANSLATION (TR_MODULE, TR_KEY, TR_TEXT, TR_LANGUAGE) VALUES ('frontend', 'tab.document.status.set.keywords', '', 'zh-TW');
INSERT INTO OKM_TRANSLATION (TR_MODULE, TR_KEY, TR_TEXT, TR_LANGUAGE) VALUES ('frontend', 'tab.document.status.set.categories', 'categories', 'zh-TW');
INSERT INTO OKM_TRANSLATION (TR_MODULE, TR_KEY, TR_TEXT, TR_LANGUAGE) VALUES ('frontend', 'tab.document.status.get.version.history.size', '', 'zh-TW');
INSERT INTO OKM_TRANSLATION (TR_MODULE, TR_KEY, TR_TEXT, TR_LANGUAGE) VALUES ('frontend', 'tab.document.status.purge.version.history', '', 'zh-TW');
INSERT INTO OKM_TRANSLATION (TR_MODULE, TR_KEY, TR_TEXT, TR_LANGUAGE) VALUES ('frontend', 'tab.document.status.restore.version', '', 'zh-TW');
INSERT INTO OKM_TRANSLATION (TR_MODULE, TR_KEY, TR_TEXT, TR_LANGUAGE) VALUES ('frontend', 'tab.document.security', '', 'zh-TW');
INSERT INTO OKM_TRANSLATION (TR_MODULE, TR_KEY, TR_TEXT, TR_LANGUAGE) VALUES ('frontend', 'tab.document.preview', '', 'zh-TW');
INSERT INTO OKM_TRANSLATION (TR_MODULE, TR_KEY, TR_TEXT, TR_LANGUAGE) VALUES ('frontend', 'tab.folder.properties', '', 'zh-TW');
INSERT INTO OKM_TRANSLATION (TR_MODULE, TR_KEY, TR_TEXT, TR_LANGUAGE) VALUES ('frontend', 'tab.folder.security', '', 'zh-TW');
INSERT INTO OKM_TRANSLATION (TR_MODULE, TR_KEY, TR_TEXT, TR_LANGUAGE) VALUES ('frontend', 'tab.folder.notes', '', 'zh-TW');
INSERT INTO OKM_TRANSLATION (TR_MODULE, TR_KEY, TR_TEXT, TR_LANGUAGE) VALUES ('frontend', 'tab.workspace.desktop', '', 'zh-TW');
INSERT INTO OKM_TRANSLATION (TR_MODULE, TR_KEY, TR_TEXT, TR_LANGUAGE) VALUES ('frontend', 'tab.workspace.search', '', 'zh-TW');
INSERT INTO OKM_TRANSLATION (TR_MODULE, TR_KEY, TR_TEXT, TR_LANGUAGE) VALUES ('frontend', 'tab.workspace.dashboard', '', 'zh-TW');
INSERT INTO OKM_TRANSLATION (TR_MODULE, TR_KEY, TR_TEXT, TR_LANGUAGE) VALUES ('frontend', 'tab.workspace.administration', '', 'zh-TW');
INSERT INTO OKM_TRANSLATION (TR_MODULE, TR_KEY, TR_TEXT, TR_LANGUAGE) VALUES ('frontend', 'document.uuid', 'UUID', 'zh-TW');
INSERT INTO OKM_TRANSLATION (TR_MODULE, TR_KEY, TR_TEXT, TR_LANGUAGE) VALUES ('frontend', 'document.name', '', 'zh-TW');
INSERT INTO OKM_TRANSLATION (TR_MODULE, TR_KEY, TR_TEXT, TR_LANGUAGE) VALUES ('frontend', 'document.folder', '', 'zh-TW');
INSERT INTO OKM_TRANSLATION (TR_MODULE, TR_KEY, TR_TEXT, TR_LANGUAGE) VALUES ('frontend', 'document.size', '', 'zh-TW');
INSERT INTO OKM_TRANSLATION (TR_MODULE, TR_KEY, TR_TEXT, TR_LANGUAGE) VALUES ('frontend', 'document.created', '', 'zh-TW');
INSERT INTO OKM_TRANSLATION (TR_MODULE, TR_KEY, TR_TEXT, TR_LANGUAGE) VALUES ('frontend', 'document.lastmodified', '', 'zh-TW');
INSERT INTO OKM_TRANSLATION (TR_MODULE, TR_KEY, TR_TEXT, TR_LANGUAGE) VALUES ('frontend', 'document.mimetype', 'MIME ', 'zh-TW');
INSERT INTO OKM_TRANSLATION (TR_MODULE, TR_KEY, TR_TEXT, TR_LANGUAGE) VALUES ('frontend', 'document.keywords', '', 'zh-TW');
INSERT INTO OKM_TRANSLATION (TR_MODULE, TR_KEY, TR_TEXT, TR_LANGUAGE) VALUES ('frontend', 'document.by', '', 'zh-TW');
INSERT INTO OKM_TRANSLATION (TR_MODULE, TR_KEY, TR_TEXT, TR_LANGUAGE) VALUES ('frontend', 'document.status', '', 'zh-TW');
INSERT INTO OKM_TRANSLATION (TR_MODULE, TR_KEY, TR_TEXT, TR_LANGUAGE) VALUES ('frontend', 'document.status.checkout', '', 'zh-TW');
INSERT INTO OKM_TRANSLATION (TR_MODULE, TR_KEY, TR_TEXT, TR_LANGUAGE) VALUES ('frontend', 'document.status.locked', '', 'zh-TW');
INSERT INTO OKM_TRANSLATION (TR_MODULE, TR_KEY, TR_TEXT, TR_LANGUAGE) VALUES ('frontend', 'document.status.normal', '', 'zh-TW');
INSERT INTO OKM_TRANSLATION (TR_MODULE, TR_KEY, TR_TEXT, TR_LANGUAGE) VALUES ('frontend', 'document.subscribed', '', 'zh-TW');
INSERT INTO OKM_TRANSLATION (TR_MODULE, TR_KEY, TR_TEXT, TR_LANGUAGE) VALUES ('frontend', 'document.subscribed.yes', '', 'zh-TW');
INSERT INTO OKM_TRANSLATION (TR_MODULE, TR_KEY, TR_TEXT, TR_LANGUAGE) VALUES ('frontend', 'document.subscribed.no', '', 'zh-TW');
INSERT INTO OKM_TRANSLATION (TR_MODULE, TR_KEY, TR_TEXT, TR_LANGUAGE) VALUES ('frontend', 'document.history.size', '', 'zh-TW');
INSERT INTO OKM_TRANSLATION (TR_MODULE, TR_KEY, TR_TEXT, TR_LANGUAGE) VALUES ('frontend', 'document.subscribed.users', '', 'zh-TW');
INSERT INTO OKM_TRANSLATION (TR_MODULE, TR_KEY, TR_TEXT, TR_LANGUAGE) VALUES ('frontend', 'document.url', '', 'zh-TW');
INSERT INTO OKM_TRANSLATION (TR_MODULE, TR_KEY, TR_TEXT, TR_LANGUAGE) VALUES ('frontend', 'document.webdav', 'WebDAV', 'zh-TW');
INSERT INTO OKM_TRANSLATION (TR_MODULE, TR_KEY, TR_TEXT, TR_LANGUAGE) VALUES ('frontend', 'document.add.note', '', 'zh-TW');
INSERT INTO OKM_TRANSLATION (TR_MODULE, TR_KEY, TR_TEXT, TR_LANGUAGE) VALUES ('frontend', 'document.keywords.cloud', '', 'zh-TW');
INSERT INTO OKM_TRANSLATION (TR_MODULE, TR_KEY, TR_TEXT, TR_LANGUAGE) VALUES ('frontend', 'document.categories', 'Categories', 'zh-TW');
INSERT INTO OKM_TRANSLATION (TR_MODULE, TR_KEY, TR_TEXT, TR_LANGUAGE) VALUES ('frontend', 'folder.uuid', 'UUID', 'zh-TW');
INSERT INTO OKM_TRANSLATION (TR_MODULE, TR_KEY, TR_TEXT, TR_LANGUAGE) VALUES ('frontend', 'folder.name', '', 'zh-TW');
INSERT INTO OKM_TRANSLATION (TR_MODULE, TR_KEY, TR_TEXT, TR_LANGUAGE) VALUES ('frontend', 'folder.parent', '', 'zh-TW');
INSERT INTO OKM_TRANSLATION (TR_MODULE, TR_KEY, TR_TEXT, TR_LANGUAGE) VALUES ('frontend', 'folder.created', '', 'zh-TW');
INSERT INTO OKM_TRANSLATION (TR_MODULE, TR_KEY, TR_TEXT, TR_LANGUAGE) VALUES ('frontend', 'folder.by', '', 'zh-TW');
INSERT INTO OKM_TRANSLATION (TR_MODULE, TR_KEY, TR_TEXT, TR_LANGUAGE) VALUES ('frontend', 'folder.subscribed', '', 'zh-TW');
INSERT INTO OKM_TRANSLATION (TR_MODULE, TR_KEY, TR_TEXT, TR_LANGUAGE) VALUES ('frontend', 'folder.subscribed.yes', '', 'zh-TW');
INSERT INTO OKM_TRANSLATION (TR_MODULE, TR_KEY, TR_TEXT, TR_LANGUAGE) VALUES ('frontend', 'folder.subscribed.no', '', 'zh-TW');
INSERT INTO OKM_TRANSLATION (TR_MODULE, TR_KEY, TR_TEXT, TR_LANGUAGE) VALUES ('frontend', 'folder.subscribed.users', '', 'zh-TW');
INSERT INTO OKM_TRANSLATION (TR_MODULE, TR_KEY, TR_TEXT, TR_LANGUAGE) VALUES ('frontend', 'folder.url', 'URL', 'zh-TW');
INSERT INTO OKM_TRANSLATION (TR_MODULE, TR_KEY, TR_TEXT, TR_LANGUAGE) VALUES ('frontend', 'folder.webdav', 'WebDAV', 'zh-TW');
INSERT INTO OKM_TRANSLATION (TR_MODULE, TR_KEY, TR_TEXT, TR_LANGUAGE) VALUES ('frontend', 'folder.number.folders', '', 'zh-TW');
INSERT INTO OKM_TRANSLATION (TR_MODULE, TR_KEY, TR_TEXT, TR_LANGUAGE) VALUES ('frontend', 'folder.number.documents', '', 'zh-TW');
INSERT INTO OKM_TRANSLATION (TR_MODULE, TR_KEY, TR_TEXT, TR_LANGUAGE) VALUES ('frontend', 'folder.number.mails', '', 'zh-TW');
INSERT INTO OKM_TRANSLATION (TR_MODULE, TR_KEY, TR_TEXT, TR_LANGUAGE) VALUES ('frontend', 'version.name', '', 'zh-TW');
INSERT INTO OKM_TRANSLATION (TR_MODULE, TR_KEY, TR_TEXT, TR_LANGUAGE) VALUES ('frontend', 'version.created', '', 'zh-TW');
INSERT INTO OKM_TRANSLATION (TR_MODULE, TR_KEY, TR_TEXT, TR_LANGUAGE) VALUES ('frontend', 'version.author', '', 'zh-TW');
INSERT INTO OKM_TRANSLATION (TR_MODULE, TR_KEY, TR_TEXT, TR_LANGUAGE) VALUES ('frontend', 'version.size', 'Size', 'zh-TW');
INSERT INTO OKM_TRANSLATION (TR_MODULE, TR_KEY, TR_TEXT, TR_LANGUAGE) VALUES ('frontend', 'version.purge.document', '', 'zh-TW');
INSERT INTO OKM_TRANSLATION (TR_MODULE, TR_KEY, TR_TEXT, TR_LANGUAGE) VALUES ('frontend', 'version.comment', '', 'zh-TW');
INSERT INTO OKM_TRANSLATION (TR_MODULE, TR_KEY, TR_TEXT, TR_LANGUAGE) VALUES ('frontend', 'security.label', '', 'zh-TW');
INSERT INTO OKM_TRANSLATION (TR_MODULE, TR_KEY, TR_TEXT, TR_LANGUAGE) VALUES ('frontend', 'security.group.name', '', 'zh-TW');
INSERT INTO OKM_TRANSLATION (TR_MODULE, TR_KEY, TR_TEXT, TR_LANGUAGE) VALUES ('frontend', 'security.group.permission.read', '', 'zh-TW');
INSERT INTO OKM_TRANSLATION (TR_MODULE, TR_KEY, TR_TEXT, TR_LANGUAGE) VALUES ('frontend', 'security.group.permission.write', '', 'zh-TW');
INSERT INTO OKM_TRANSLATION (TR_MODULE, TR_KEY, TR_TEXT, TR_LANGUAGE) VALUES ('frontend', 'security.group.permission.delete', '', 'zh-TW');
INSERT INTO OKM_TRANSLATION (TR_MODULE, TR_KEY, TR_TEXT, TR_LANGUAGE) VALUES ('frontend', 'security.group.permission.security', '', 'zh-TW');
INSERT INTO OKM_TRANSLATION (TR_MODULE, TR_KEY, TR_TEXT, TR_LANGUAGE) VALUES ('frontend', 'security.user.name', '', 'zh-TW');
INSERT INTO OKM_TRANSLATION (TR_MODULE, TR_KEY, TR_TEXT, TR_LANGUAGE) VALUES ('frontend', 'security.user.permission.read', '', 'zh-TW');
INSERT INTO OKM_TRANSLATION (TR_MODULE, TR_KEY, TR_TEXT, TR_LANGUAGE) VALUES ('frontend', 'security.user.permission.write', '', 'zh-TW');
INSERT INTO OKM_TRANSLATION (TR_MODULE, TR_KEY, TR_TEXT, TR_LANGUAGE) VALUES ('frontend', 'security.user.permission.delete', '', 'zh-TW');
INSERT INTO OKM_TRANSLATION (TR_MODULE, TR_KEY, TR_TEXT, TR_LANGUAGE) VALUES ('frontend', 'security.user.permission.security', '', 'zh-TW');
INSERT INTO OKM_TRANSLATION (TR_MODULE, TR_KEY, TR_TEXT, TR_LANGUAGE) VALUES ('frontend', 'security.user.permission.security', '', 'zh-TW');
INSERT INTO OKM_TRANSLATION (TR_MODULE, TR_KEY, TR_TEXT, TR_LANGUAGE) VALUES ('frontend', 'security.users', '', 'zh-TW');
INSERT INTO OKM_TRANSLATION (TR_MODULE, TR_KEY, TR_TEXT, TR_LANGUAGE) VALUES ('frontend', 'security.groups', '', 'zh-TW');
INSERT INTO OKM_TRANSLATION (TR_MODULE, TR_KEY, TR_TEXT, TR_LANGUAGE) VALUES ('frontend', 'security.recursive', '', 'zh-TW');
INSERT INTO OKM_TRANSLATION (TR_MODULE, TR_KEY, TR_TEXT, TR_LANGUAGE) VALUES ('frontend', 'secutiry.filter.by.users', '', 'zh-TW');
INSERT INTO OKM_TRANSLATION (TR_MODULE, TR_KEY, TR_TEXT, TR_LANGUAGE) VALUES ('frontend', 'secutiry.filter.by.groups', '', 'zh-TW');
INSERT INTO OKM_TRANSLATION (TR_MODULE, TR_KEY, TR_TEXT, TR_LANGUAGE) VALUES ('frontend', 'security.status.updating', '', 'zh-TW');
INSERT INTO OKM_TRANSLATION (TR_MODULE, TR_KEY, TR_TEXT, TR_LANGUAGE) VALUES ('frontend', 'preview.unavailable', '', 'zh-TW');
INSERT INTO OKM_TRANSLATION (TR_MODULE, TR_KEY, TR_TEXT, TR_LANGUAGE) VALUES ('frontend', 'mail.from', '', 'zh-TW');
INSERT INTO OKM_TRANSLATION (TR_MODULE, TR_KEY, TR_TEXT, TR_LANGUAGE) VALUES ('frontend', 'mail.reply', '', 'zh-TW');
INSERT INTO OKM_TRANSLATION (TR_MODULE, TR_KEY, TR_TEXT, TR_LANGUAGE) VALUES ('frontend', 'mail.to', '', 'zh-TW');
INSERT INTO OKM_TRANSLATION (TR_MODULE, TR_KEY, TR_TEXT, TR_LANGUAGE) VALUES ('frontend', 'mail.subject', '', 'zh-TW');
INSERT INTO OKM_TRANSLATION (TR_MODULE, TR_KEY, TR_TEXT, TR_LANGUAGE) VALUES ('frontend', 'error.label', '', 'zh-TW');
INSERT INTO OKM_TRANSLATION (TR_MODULE, TR_KEY, TR_TEXT, TR_LANGUAGE) VALUES ('frontend', 'error.invocation', '', 'zh-TW');
INSERT INTO OKM_TRANSLATION (TR_MODULE, TR_KEY, TR_TEXT, TR_LANGUAGE) VALUES ('frontend', 'about.label', 'OpenKM', 'zh-TW');
INSERT INTO OKM_TRANSLATION (TR_MODULE, TR_KEY, TR_TEXT, TR_LANGUAGE) VALUES ('frontend', 'about.loading', ' ...', 'zh-TW');
INSERT INTO OKM_TRANSLATION (TR_MODULE, TR_KEY, TR_TEXT, TR_LANGUAGE) VALUES ('frontend', 'logout.label', '', 'zh-TW');
INSERT INTO OKM_TRANSLATION (TR_MODULE, TR_KEY, TR_TEXT, TR_LANGUAGE) VALUES ('frontend', 'logout.closed', 'OpenKM', 'zh-TW');
INSERT INTO OKM_TRANSLATION (TR_MODULE, TR_KEY, TR_TEXT, TR_LANGUAGE) VALUES ('frontend', 'logout.logout', 'OpenKM', 'zh-TW');
INSERT INTO OKM_TRANSLATION (TR_MODULE, TR_KEY, TR_TEXT, TR_LANGUAGE) VALUES ('frontend', 'confirm.label', '', 'zh-TW');
INSERT INTO OKM_TRANSLATION (TR_MODULE, TR_KEY, TR_TEXT, TR_LANGUAGE) VALUES ('frontend', 'confirm.delete.folder', '?', 'zh-TW');
INSERT INTO OKM_TRANSLATION (TR_MODULE, TR_KEY, TR_TEXT, TR_LANGUAGE) VALUES ('frontend', 'confirm.delete.document', '?', 'zh-TW');
INSERT INTO OKM_TRANSLATION (TR_MODULE, TR_KEY, TR_TEXT, TR_LANGUAGE) VALUES ('frontend', 'confirm.delete.trash', '?', 'zh-TW');
INSERT INTO OKM_TRANSLATION (TR_MODULE, TR_KEY, TR_TEXT, TR_LANGUAGE) VALUES ('frontend', 'confirm.purge.folder', '??', 'zh-TW');
INSERT INTO OKM_TRANSLATION (TR_MODULE, TR_KEY, TR_TEXT, TR_LANGUAGE) VALUES ('frontend', 'confirm.purge.document', '?', 'zh-TW');
INSERT INTO OKM_TRANSLATION (TR_MODULE, TR_KEY, TR_TEXT, TR_LANGUAGE) VALUES ('frontend', 'confirm.delete.propety.group', '?', 'zh-TW');
INSERT INTO OKM_TRANSLATION (TR_MODULE, TR_KEY, TR_TEXT, TR_LANGUAGE) VALUES ('frontend', 'confirm.purge.version.history.document', '?', 'zh-TW');
INSERT INTO OKM_TRANSLATION (TR_MODULE, TR_KEY, TR_TEXT, TR_LANGUAGE) VALUES ('frontend', 'confirm.purge.restore.document', '?', 'zh-TW');
INSERT INTO OKM_TRANSLATION (TR_MODULE, TR_KEY, TR_TEXT, TR_LANGUAGE) VALUES ('frontend', 'confirm.set.default.home', '?', 'zh-TW');
INSERT INTO OKM_TRANSLATION (TR_MODULE, TR_KEY, TR_TEXT, TR_LANGUAGE) VALUES ('frontend', 'confirm.delete.saved.search', '?', 'zh-TW');
INSERT INTO OKM_TRANSLATION (TR_MODULE, TR_KEY, TR_TEXT, TR_LANGUAGE) VALUES ('frontend', 'confirm.delete.user.news', '?', 'zh-TW');
INSERT INTO OKM_TRANSLATION (TR_MODULE, TR_KEY, TR_TEXT, TR_LANGUAGE) VALUES ('frontend', 'confirm.delete.mail', '', 'zh-TW');
INSERT INTO OKM_TRANSLATION (TR_MODULE, TR_KEY, TR_TEXT, TR_LANGUAGE) VALUES ('frontend', 'confirm.get.pooled.workflow.task', '', 'zh-TW');
INSERT INTO OKM_TRANSLATION (TR_MODULE, TR_KEY, TR_TEXT, TR_LANGUAGE) VALUES ('frontend', 'confirm.force.unlock', '', 'zh-TW');
INSERT INTO OKM_TRANSLATION (TR_MODULE, TR_KEY, TR_TEXT, TR_LANGUAGE) VALUES ('frontend', 'confirm.force.cancel.checkout', '', 'zh-TW');
INSERT INTO OKM_TRANSLATION (TR_MODULE, TR_KEY, TR_TEXT, TR_LANGUAGE) VALUES ('frontend', 'search.context', '', 'zh-TW');
INSERT INTO OKM_TRANSLATION (TR_MODULE, TR_KEY, TR_TEXT, TR_LANGUAGE) VALUES ('frontend', 'search.content', '', 'zh-TW');
INSERT INTO OKM_TRANSLATION (TR_MODULE, TR_KEY, TR_TEXT, TR_LANGUAGE) VALUES ('frontend', 'search.name', '', 'zh-TW');
INSERT INTO OKM_TRANSLATION (TR_MODULE, TR_KEY, TR_TEXT, TR_LANGUAGE) VALUES ('frontend', 'search.keywords', '', 'zh-TW');
INSERT INTO OKM_TRANSLATION (TR_MODULE, TR_KEY, TR_TEXT, TR_LANGUAGE) VALUES ('frontend', 'search.folder', '', 'zh-TW');
INSERT INTO OKM_TRANSLATION (TR_MODULE, TR_KEY, TR_TEXT, TR_LANGUAGE) VALUES ('frontend', 'search.category', 'Category', 'zh-TW');
INSERT INTO OKM_TRANSLATION (TR_MODULE, TR_KEY, TR_TEXT, TR_LANGUAGE) VALUES ('frontend', 'search.results', '', 'zh-TW');
INSERT INTO OKM_TRANSLATION (TR_MODULE, TR_KEY, TR_TEXT, TR_LANGUAGE) VALUES ('frontend', 'search.to', '', 'zh-TW');
INSERT INTO OKM_TRANSLATION (TR_MODULE, TR_KEY, TR_TEXT, TR_LANGUAGE) VALUES ('frontend', 'search.page.results', '', 'zh-TW');
INSERT INTO OKM_TRANSLATION (TR_MODULE, TR_KEY, TR_TEXT, TR_LANGUAGE) VALUES ('frontend', 'search.add.property.group', '', 'zh-TW');
INSERT INTO OKM_TRANSLATION (TR_MODULE, TR_KEY, TR_TEXT, TR_LANGUAGE) VALUES ('frontend', 'search.mimetype', 'Mime ', 'zh-TW');
INSERT INTO OKM_TRANSLATION (TR_MODULE, TR_KEY, TR_TEXT, TR_LANGUAGE) VALUES ('frontend', 'search.type', '', 'zh-TW');
INSERT INTO OKM_TRANSLATION (TR_MODULE, TR_KEY, TR_TEXT, TR_LANGUAGE) VALUES ('frontend', 'search.type.document', '', 'zh-TW');
INSERT INTO OKM_TRANSLATION (TR_MODULE, TR_KEY, TR_TEXT, TR_LANGUAGE) VALUES ('frontend', 'search.type.folder', '', 'zh-TW');
INSERT INTO OKM_TRANSLATION (TR_MODULE, TR_KEY, TR_TEXT, TR_LANGUAGE) VALUES ('frontend', 'search.type.mail', '', 'zh-TW');
INSERT INTO OKM_TRANSLATION (TR_MODULE, TR_KEY, TR_TEXT, TR_LANGUAGE) VALUES ('frontend', 'search.advanced', '', 'zh-TW');
INSERT INTO OKM_TRANSLATION (TR_MODULE, TR_KEY, TR_TEXT, TR_LANGUAGE) VALUES ('frontend', 'search.user', '', 'zh-TW');
INSERT INTO OKM_TRANSLATION (TR_MODULE, TR_KEY, TR_TEXT, TR_LANGUAGE) VALUES ('frontend', 'search.date.and', '', 'zh-TW');
INSERT INTO OKM_TRANSLATION (TR_MODULE, TR_KEY, TR_TEXT, TR_LANGUAGE) VALUES ('frontend', 'search.date.range', '', 'zh-TW');
INSERT INTO OKM_TRANSLATION (TR_MODULE, TR_KEY, TR_TEXT, TR_LANGUAGE) VALUES ('frontend', 'search.save.as.news', '', 'zh-TW');
INSERT INTO OKM_TRANSLATION (TR_MODULE, TR_KEY, TR_TEXT, TR_LANGUAGE) VALUES ('frontend', 'search.folder.filter', '', 'zh-TW');
INSERT INTO OKM_TRANSLATION (TR_MODULE, TR_KEY, TR_TEXT, TR_LANGUAGE) VALUES ('frontend', 'search.category.filter', 'category', 'zh-TW');
INSERT INTO OKM_TRANSLATION (TR_MODULE, TR_KEY, TR_TEXT, TR_LANGUAGE) VALUES ('frontend', 'search.result.name', '', 'zh-TW');
INSERT INTO OKM_TRANSLATION (TR_MODULE, TR_KEY, TR_TEXT, TR_LANGUAGE) VALUES ('frontend', 'search.result.score', '', 'zh-TW');
INSERT INTO OKM_TRANSLATION (TR_MODULE, TR_KEY, TR_TEXT, TR_LANGUAGE) VALUES ('frontend', 'search.result.size', '', 'zh-TW');
INSERT INTO OKM_TRANSLATION (TR_MODULE, TR_KEY, TR_TEXT, TR_LANGUAGE) VALUES ('frontend', 'search.result.date.update', '', 'zh-TW');
INSERT INTO OKM_TRANSLATION (TR_MODULE, TR_KEY, TR_TEXT, TR_LANGUAGE) VALUES ('frontend', 'search.result.author', '', 'zh-TW');
INSERT INTO OKM_TRANSLATION (TR_MODULE, TR_KEY, TR_TEXT, TR_LANGUAGE) VALUES ('frontend', 'search.result.version', '', 'zh-TW');
INSERT INTO OKM_TRANSLATION (TR_MODULE, TR_KEY, TR_TEXT, TR_LANGUAGE) VALUES ('frontend', 'search.result.path', '', 'zh-TW');
INSERT INTO OKM_TRANSLATION (TR_MODULE, TR_KEY, TR_TEXT, TR_LANGUAGE) VALUES ('frontend', 'search.result.menu.download', '', 'zh-TW');
INSERT INTO OKM_TRANSLATION (TR_MODULE, TR_KEY, TR_TEXT, TR_LANGUAGE) VALUES ('frontend', 'search.result.menu.go.folder', '', 'zh-TW');
INSERT INTO OKM_TRANSLATION (TR_MODULE, TR_KEY, TR_TEXT, TR_LANGUAGE) VALUES ('frontend', 'search.result.menu.go.document', '', 'zh-TW');
INSERT INTO OKM_TRANSLATION (TR_MODULE, TR_KEY, TR_TEXT, TR_LANGUAGE) VALUES ('frontend', 'search.result.status.findPaginated', '', 'zh-TW');
INSERT INTO OKM_TRANSLATION (TR_MODULE, TR_KEY, TR_TEXT, TR_LANGUAGE) VALUES ('frontend', 'search.result.status.runsearch', '', 'zh-TW');
INSERT INTO OKM_TRANSLATION (TR_MODULE, TR_KEY, TR_TEXT, TR_LANGUAGE) VALUES ('frontend', 'search.saved.run', '', 'zh-TW');
INSERT INTO OKM_TRANSLATION (TR_MODULE, TR_KEY, TR_TEXT, TR_LANGUAGE) VALUES ('frontend', 'search.saved.delete', '', 'zh-TW');
INSERT INTO OKM_TRANSLATION (TR_MODULE, TR_KEY, TR_TEXT, TR_LANGUAGE) VALUES ('frontend', 'search.saved.status.getsearchs', '', 'zh-TW');
INSERT INTO OKM_TRANSLATION (TR_MODULE, TR_KEY, TR_TEXT, TR_LANGUAGE) VALUES ('frontend', 'search.saved.status.savesearch', '', 'zh-TW');
INSERT INTO OKM_TRANSLATION (TR_MODULE, TR_KEY, TR_TEXT, TR_LANGUAGE) VALUES ('frontend', 'search.saved.status.deletesearch', '', 'zh-TW');
INSERT INTO OKM_TRANSLATION (TR_MODULE, TR_KEY, TR_TEXT, TR_LANGUAGE) VALUES ('frontend', 'search.saved.status.getusernews', '', 'zh-TW');
INSERT INTO OKM_TRANSLATION (TR_MODULE, TR_KEY, TR_TEXT, TR_LANGUAGE) VALUES ('frontend', 'button.close', '', 'zh-TW');
INSERT INTO OKM_TRANSLATION (TR_MODULE, TR_KEY, TR_TEXT, TR_LANGUAGE) VALUES ('frontend', 'button.logout', '', 'zh-TW');
INSERT INTO OKM_TRANSLATION (TR_MODULE, TR_KEY, TR_TEXT, TR_LANGUAGE) VALUES ('frontend', 'button.update', '', 'zh-TW');
INSERT INTO OKM_TRANSLATION (TR_MODULE, TR_KEY, TR_TEXT, TR_LANGUAGE) VALUES ('frontend', 'button.cancel', '', 'zh-TW');
INSERT INTO OKM_TRANSLATION (TR_MODULE, TR_KEY, TR_TEXT, TR_LANGUAGE) VALUES ('frontend', 'button.accept', '', 'zh-TW');
INSERT INTO OKM_TRANSLATION (TR_MODULE, TR_KEY, TR_TEXT, TR_LANGUAGE) VALUES ('frontend', 'button.restore', '', 'zh-TW');
INSERT INTO OKM_TRANSLATION (TR_MODULE, TR_KEY, TR_TEXT, TR_LANGUAGE) VALUES ('frontend', 'button.move', '', 'zh-TW');
INSERT INTO OKM_TRANSLATION (TR_MODULE, TR_KEY, TR_TEXT, TR_LANGUAGE) VALUES ('frontend', 'button.change', '', 'zh-TW');
INSERT INTO OKM_TRANSLATION (TR_MODULE, TR_KEY, TR_TEXT, TR_LANGUAGE) VALUES ('frontend', 'button.search', '', 'zh-TW');
INSERT INTO OKM_TRANSLATION (TR_MODULE, TR_KEY, TR_TEXT, TR_LANGUAGE) VALUES ('frontend', 'button.save.search', '', 'zh-TW');
INSERT INTO OKM_TRANSLATION (TR_MODULE, TR_KEY, TR_TEXT, TR_LANGUAGE) VALUES ('frontend', 'button.view', '', 'zh-TW');
INSERT INTO OKM_TRANSLATION (TR_MODULE, TR_KEY, TR_TEXT, TR_LANGUAGE) VALUES ('frontend', 'button.clean', '', 'zh-TW');
INSERT INTO OKM_TRANSLATION (TR_MODULE, TR_KEY, TR_TEXT, TR_LANGUAGE) VALUES ('frontend', 'button.add', '', 'zh-TW');
INSERT INTO OKM_TRANSLATION (TR_MODULE, TR_KEY, TR_TEXT, TR_LANGUAGE) VALUES ('frontend', 'button.delete', '', 'zh-TW');
INSERT INTO OKM_TRANSLATION (TR_MODULE, TR_KEY, TR_TEXT, TR_LANGUAGE) VALUES ('frontend', 'button.copy', '', 'zh-TW');
INSERT INTO OKM_TRANSLATION (TR_MODULE, TR_KEY, TR_TEXT, TR_LANGUAGE) VALUES ('frontend', 'button.create', '', 'zh-TW');
INSERT INTO OKM_TRANSLATION (TR_MODULE, TR_KEY, TR_TEXT, TR_LANGUAGE) VALUES ('frontend', 'button.show', '', 'zh-TW');
INSERT INTO OKM_TRANSLATION (TR_MODULE, TR_KEY, TR_TEXT, TR_LANGUAGE) VALUES ('frontend', 'button.memory', '', 'zh-TW');
INSERT INTO OKM_TRANSLATION (TR_MODULE, TR_KEY, TR_TEXT, TR_LANGUAGE) VALUES ('frontend', 'button.copy.clipboard', '', 'zh-TW');
INSERT INTO OKM_TRANSLATION (TR_MODULE, TR_KEY, TR_TEXT, TR_LANGUAGE) VALUES ('frontend', 'button.start', '', 'zh-TW');
INSERT INTO OKM_TRANSLATION (TR_MODULE, TR_KEY, TR_TEXT, TR_LANGUAGE) VALUES ('frontend', 'button.select', '', 'zh-TW');
INSERT INTO OKM_TRANSLATION (TR_MODULE, TR_KEY, TR_TEXT, TR_LANGUAGE) VALUES ('frontend', 'button.test', '', 'zh-TW');
INSERT INTO OKM_TRANSLATION (TR_MODULE, TR_KEY, TR_TEXT, TR_LANGUAGE) VALUES ('frontend', 'button.next', '', 'zh-TW');
INSERT INTO OKM_TRANSLATION (TR_MODULE, TR_KEY, TR_TEXT, TR_LANGUAGE) VALUES ('frontend', 'group.label', '', 'zh-TW');
INSERT INTO OKM_TRANSLATION (TR_MODULE, TR_KEY, TR_TEXT, TR_LANGUAGE) VALUES ('frontend', 'group.group', '', 'zh-TW');
INSERT INTO OKM_TRANSLATION (TR_MODULE, TR_KEY, TR_TEXT, TR_LANGUAGE) VALUES ('frontend', 'group.property.group', '', 'zh-TW');
INSERT INTO OKM_TRANSLATION (TR_MODULE, TR_KEY, TR_TEXT, TR_LANGUAGE) VALUES ('frontend', 'bookmark.label', '', 'zh-TW');
INSERT INTO OKM_TRANSLATION (TR_MODULE, TR_KEY, TR_TEXT, TR_LANGUAGE) VALUES ('frontend', 'bookmark.name', '', 'zh-TW');
INSERT INTO OKM_TRANSLATION (TR_MODULE, TR_KEY, TR_TEXT, TR_LANGUAGE) VALUES ('frontend', 'bookmark.edit.label', '', 'zh-TW');
INSERT INTO OKM_TRANSLATION (TR_MODULE, TR_KEY, TR_TEXT, TR_LANGUAGE) VALUES ('frontend', 'bookmark.path', '', 'zh-TW');
INSERT INTO OKM_TRANSLATION (TR_MODULE, TR_KEY, TR_TEXT, TR_LANGUAGE) VALUES ('frontend', 'bookmark.type', '', 'zh-TW');
INSERT INTO OKM_TRANSLATION (TR_MODULE, TR_KEY, TR_TEXT, TR_LANGUAGE) VALUES ('frontend', 'bookmark.type.document', '', 'zh-TW');
INSERT INTO OKM_TRANSLATION (TR_MODULE, TR_KEY, TR_TEXT, TR_LANGUAGE) VALUES ('frontend', 'bookmark.type.folder', '', 'zh-TW');
INSERT INTO OKM_TRANSLATION (TR_MODULE, TR_KEY, TR_TEXT, TR_LANGUAGE) VALUES ('frontend', 'notify.label', '', 'zh-TW');
INSERT INTO OKM_TRANSLATION (TR_MODULE, TR_KEY, TR_TEXT, TR_LANGUAGE) VALUES ('frontend', 'notify.label.attachment', '', 'zh-TW');
INSERT INTO OKM_TRANSLATION (TR_MODULE, TR_KEY, TR_TEXT, TR_LANGUAGE) VALUES ('frontend', 'status.document.copied', '', 'zh-TW');
INSERT INTO OKM_TRANSLATION (TR_MODULE, TR_KEY, TR_TEXT, TR_LANGUAGE) VALUES ('frontend', 'status.document.cut', '', 'zh-TW');
INSERT INTO OKM_TRANSLATION (TR_MODULE, TR_KEY, TR_TEXT, TR_LANGUAGE) VALUES ('frontend', 'status.folder.copied', '', 'zh-TW');
INSERT INTO OKM_TRANSLATION (TR_MODULE, TR_KEY, TR_TEXT, TR_LANGUAGE) VALUES ('frontend', 'status.folder.cut', '', 'zh-TW');
INSERT INTO OKM_TRANSLATION (TR_MODULE, TR_KEY, TR_TEXT, TR_LANGUAGE) VALUES ('frontend', 'status.keep.alive.error', '', 'zh-TW');
INSERT INTO OKM_TRANSLATION (TR_MODULE, TR_KEY, TR_TEXT, TR_LANGUAGE) VALUES ('frontend', 'status.debug.enabled', '', 'zh-TW');
INSERT INTO OKM_TRANSLATION (TR_MODULE, TR_KEY, TR_TEXT, TR_LANGUAGE) VALUES ('frontend', 'status.debug.disabled', '', 'zh-TW');
INSERT INTO OKM_TRANSLATION (TR_MODULE, TR_KEY, TR_TEXT, TR_LANGUAGE) VALUES ('frontend', 'status.network.error.detected', '', 'zh-TW');
INSERT INTO OKM_TRANSLATION (TR_MODULE, TR_KEY, TR_TEXT, TR_LANGUAGE) VALUES ('frontend', 'calendar.day.sunday', '', 'zh-TW');
INSERT INTO OKM_TRANSLATION (TR_MODULE, TR_KEY, TR_TEXT, TR_LANGUAGE) VALUES ('frontend', 'calendar.day.monday', '', 'zh-TW');
INSERT INTO OKM_TRANSLATION (TR_MODULE, TR_KEY, TR_TEXT, TR_LANGUAGE) VALUES ('frontend', 'calendar.day.tuesday', '', 'zh-TW');
INSERT INTO OKM_TRANSLATION (TR_MODULE, TR_KEY, TR_TEXT, TR_LANGUAGE) VALUES ('frontend', 'calendar.day.wednesday', '', 'zh-TW');
INSERT INTO OKM_TRANSLATION (TR_MODULE, TR_KEY, TR_TEXT, TR_LANGUAGE) VALUES ('frontend', 'calendar.day.thursday', '', 'zh-TW');
INSERT INTO OKM_TRANSLATION (TR_MODULE, TR_KEY, TR_TEXT, TR_LANGUAGE) VALUES ('frontend', 'calendar.day.friday', '', 'zh-TW');
INSERT INTO OKM_TRANSLATION (TR_MODULE, TR_KEY, TR_TEXT, TR_LANGUAGE) VALUES ('frontend', 'calendar.day.saturday', '', 'zh-TW');
INSERT INTO OKM_TRANSLATION (TR_MODULE, TR_KEY, TR_TEXT, TR_LANGUAGE) VALUES ('frontend', 'calendar.month.january', '', 'zh-TW');
INSERT INTO OKM_TRANSLATION (TR_MODULE, TR_KEY, TR_TEXT, TR_LANGUAGE) VALUES ('frontend', 'calendar.month.february', '', 'zh-TW');
INSERT INTO OKM_TRANSLATION (TR_MODULE, TR_KEY, TR_TEXT, TR_LANGUAGE) VALUES ('frontend', 'calendar.month.march', '', 'zh-TW');
INSERT INTO OKM_TRANSLATION (TR_MODULE, TR_KEY, TR_TEXT, TR_LANGUAGE) VALUES ('frontend', 'calendar.month.april', '', 'zh-TW');
INSERT INTO OKM_TRANSLATION (TR_MODULE, TR_KEY, TR_TEXT, TR_LANGUAGE) VALUES ('frontend', 'calendar.month.may', '', 'zh-TW');
INSERT INTO OKM_TRANSLATION (TR_MODULE, TR_KEY, TR_TEXT, TR_LANGUAGE) VALUES ('frontend', 'calendar.month.june', '', 'zh-TW');
INSERT INTO OKM_TRANSLATION (TR_MODULE, TR_KEY, TR_TEXT, TR_LANGUAGE) VALUES ('frontend', 'calendar.month.july', '', 'zh-TW');
INSERT INTO OKM_TRANSLATION (TR_MODULE, TR_KEY, TR_TEXT, TR_LANGUAGE) VALUES ('frontend', 'calendar.month.august', '', 'zh-TW');
INSERT INTO OKM_TRANSLATION (TR_MODULE, TR_KEY, TR_TEXT, TR_LANGUAGE) VALUES ('frontend', 'calendar.month.september', '', 'zh-TW');
INSERT INTO OKM_TRANSLATION (TR_MODULE, TR_KEY, TR_TEXT, TR_LANGUAGE) VALUES ('frontend', 'calendar.month.october', '', 'zh-TW');
INSERT INTO OKM_TRANSLATION (TR_MODULE, TR_KEY, TR_TEXT, TR_LANGUAGE) VALUES ('frontend', 'calendar.month.november', '', 'zh-TW');
INSERT INTO OKM_TRANSLATION (TR_MODULE, TR_KEY, TR_TEXT, TR_LANGUAGE) VALUES ('frontend', 'calendar.month.december', '', 'zh-TW');
INSERT INTO OKM_TRANSLATION (TR_MODULE, TR_KEY, TR_TEXT, TR_LANGUAGE) VALUES ('frontend', 'media.player.label', '', 'zh-TW');
INSERT INTO OKM_TRANSLATION (TR_MODULE, TR_KEY, TR_TEXT, TR_LANGUAGE) VALUES ('frontend', 'image.viewer.label', '', 'zh-TW');
INSERT INTO OKM_TRANSLATION (TR_MODULE, TR_KEY, TR_TEXT, TR_LANGUAGE) VALUES ('frontend', 'image.viewer.zoom.in', '', 'zh-TW');
INSERT INTO OKM_TRANSLATION (TR_MODULE, TR_KEY, TR_TEXT, TR_LANGUAGE) VALUES ('frontend', 'image.viewer.zoom.out', '', 'zh-TW');
INSERT INTO OKM_TRANSLATION (TR_MODULE, TR_KEY, TR_TEXT, TR_LANGUAGE) VALUES ('frontend', 'debug.console.label', '', 'zh-TW');
INSERT INTO OKM_TRANSLATION (TR_MODULE, TR_KEY, TR_TEXT, TR_LANGUAGE) VALUES ('frontend', 'debug.enable.disable', 'CTRL+Z', 'zh-TW');
INSERT INTO OKM_TRANSLATION (TR_MODULE, TR_KEY, TR_TEXT, TR_LANGUAGE) VALUES ('frontend', 'dashboard.tab.general', '', 'zh-TW');
INSERT INTO OKM_TRANSLATION (TR_MODULE, TR_KEY, TR_TEXT, TR_LANGUAGE) VALUES ('frontend', 'dashboard.tab.news', '', 'zh-TW');
INSERT INTO OKM_TRANSLATION (TR_MODULE, TR_KEY, TR_TEXT, TR_LANGUAGE) VALUES ('frontend', 'dashboard.tab.user', '', 'zh-TW');
INSERT INTO OKM_TRANSLATION (TR_MODULE, TR_KEY, TR_TEXT, TR_LANGUAGE) VALUES ('frontend', 'dashboard.tab.workflow', '', 'zh-TW');
INSERT INTO OKM_TRANSLATION (TR_MODULE, TR_KEY, TR_TEXT, TR_LANGUAGE) VALUES ('frontend', 'dashboard.tab.mail', '', 'zh-TW');
INSERT INTO OKM_TRANSLATION (TR_MODULE, TR_KEY, TR_TEXT, TR_LANGUAGE) VALUES ('frontend', 'dashboard.tab.keymap', '', 'zh-TW');
INSERT INTO OKM_TRANSLATION (TR_MODULE, TR_KEY, TR_TEXT, TR_LANGUAGE) VALUES ('frontend', 'dashboard.new.items', '', 'zh-TW');
INSERT INTO OKM_TRANSLATION (TR_MODULE, TR_KEY, TR_TEXT, TR_LANGUAGE) VALUES ('frontend', 'dashboard.user.locked.documents', '', 'zh-TW');
INSERT INTO OKM_TRANSLATION (TR_MODULE, TR_KEY, TR_TEXT, TR_LANGUAGE) VALUES ('frontend', 'dashboard.user.checkout.documents', '', 'zh-TW');
INSERT INTO OKM_TRANSLATION (TR_MODULE, TR_KEY, TR_TEXT, TR_LANGUAGE) VALUES ('frontend', 'dashboard.user.last.modified.documents', '', 'zh-TW');
INSERT INTO OKM_TRANSLATION (TR_MODULE, TR_KEY, TR_TEXT, TR_LANGUAGE) VALUES ('frontend', 'dashboard.user.last.downloaded.documents', '', 'zh-TW');
INSERT INTO OKM_TRANSLATION (TR_MODULE, TR_KEY, TR_TEXT, TR_LANGUAGE) VALUES ('frontend', 'dashboard.user.subscribed.documents', '', 'zh-TW');
INSERT INTO OKM_TRANSLATION (TR_MODULE, TR_KEY, TR_TEXT, TR_LANGUAGE) VALUES ('frontend', 'dashboard.user.subscribed.folders', '', 'zh-TW');
INSERT INTO OKM_TRANSLATION (TR_MODULE, TR_KEY, TR_TEXT, TR_LANGUAGE) VALUES ('frontend', 'dashboard.user.last.uploaded.documents', '', 'zh-TW');
INSERT INTO OKM_TRANSLATION (TR_MODULE, TR_KEY, TR_TEXT, TR_LANGUAGE) VALUES ('frontend', 'dashboard.general.last.week.top.downloaded.documents', '', 'zh-TW');
INSERT INTO OKM_TRANSLATION (TR_MODULE, TR_KEY, TR_TEXT, TR_LANGUAGE) VALUES ('frontend', 'dashboard.general.last.month.top.downloaded.documents', '', 'zh-TW');
INSERT INTO OKM_TRANSLATION (TR_MODULE, TR_KEY, TR_TEXT, TR_LANGUAGE) VALUES ('frontend', 'dashboard.general.last.week.top.modified.documents', '', 'zh-TW');
INSERT INTO OKM_TRANSLATION (TR_MODULE, TR_KEY, TR_TEXT, TR_LANGUAGE) VALUES ('frontend', 'dashboard.general.last.month.top.modified.documents', '', 'zh-TW');
INSERT INTO OKM_TRANSLATION (TR_MODULE, TR_KEY, TR_TEXT, TR_LANGUAGE) VALUES ('frontend', 'dashboard.general.last.uploaded.documents', '', 'zh-TW');
INSERT INTO OKM_TRANSLATION (TR_MODULE, TR_KEY, TR_TEXT, TR_LANGUAGE) VALUES ('frontend', 'dashboard.workflow.pending.tasks', 'Pending', 'zh-TW');
INSERT INTO OKM_TRANSLATION (TR_MODULE, TR_KEY, TR_TEXT, TR_LANGUAGE) VALUES ('frontend', 'dashboard.workflow.pending.tasks.unassigned', '', 'zh-TW');
INSERT INTO OKM_TRANSLATION (TR_MODULE, TR_KEY, TR_TEXT, TR_LANGUAGE) VALUES ('frontend', 'dashboard.workflow.task', '', 'zh-TW');
INSERT INTO OKM_TRANSLATION (TR_MODULE, TR_KEY, TR_TEXT, TR_LANGUAGE) VALUES ('frontend', 'dashboard.workflow.task.id', 'ID', 'zh-TW');
INSERT INTO OKM_TRANSLATION (TR_MODULE, TR_KEY, TR_TEXT, TR_LANGUAGE) VALUES ('frontend', 'dashboard.workflow.task.name', '', 'zh-TW');
INSERT INTO OKM_TRANSLATION (TR_MODULE, TR_KEY, TR_TEXT, TR_LANGUAGE) VALUES ('frontend', 'dashboard.workflow.task.created', '', 'zh-TW');
INSERT INTO OKM_TRANSLATION (TR_MODULE, TR_KEY, TR_TEXT, TR_LANGUAGE) VALUES ('frontend', 'dashboard.workflow.task.start', '', 'zh-TW');
INSERT INTO OKM_TRANSLATION (TR_MODULE, TR_KEY, TR_TEXT, TR_LANGUAGE) VALUES ('frontend', 'dashboard.workflow.task.duedate', '', 'zh-TW');
INSERT INTO OKM_TRANSLATION (TR_MODULE, TR_KEY, TR_TEXT, TR_LANGUAGE) VALUES ('frontend', 'dashboard.workflow.task.end', '', 'zh-TW');
INSERT INTO OKM_TRANSLATION (TR_MODULE, TR_KEY, TR_TEXT, TR_LANGUAGE) VALUES ('frontend', 'dashboard.workflow.task.description', '', 'zh-TW');
INSERT INTO OKM_TRANSLATION (TR_MODULE, TR_KEY, TR_TEXT, TR_LANGUAGE) VALUES ('frontend', 'dashboard.workflow.task.process.instance', '', 'zh-TW');
INSERT INTO OKM_TRANSLATION (TR_MODULE, TR_KEY, TR_TEXT, TR_LANGUAGE) VALUES ('frontend', 'dashboard.workflow.task.process.id', 'ID', 'zh-TW');
INSERT INTO OKM_TRANSLATION (TR_MODULE, TR_KEY, TR_TEXT, TR_LANGUAGE) VALUES ('frontend', 'dashboard.workflow.task.process.version', '', 'zh-TW');
INSERT INTO OKM_TRANSLATION (TR_MODULE, TR_KEY, TR_TEXT, TR_LANGUAGE) VALUES ('frontend', 'dashboard.workflow.task.process.name', '', 'zh-TW');
INSERT INTO OKM_TRANSLATION (TR_MODULE, TR_KEY, TR_TEXT, TR_LANGUAGE) VALUES ('frontend', 'dashboard.workflow.task.process.description', '', 'zh-TW');
INSERT INTO OKM_TRANSLATION (TR_MODULE, TR_KEY, TR_TEXT, TR_LANGUAGE) VALUES ('frontend', 'dashboard.workflow.task.process.data', '', 'zh-TW');
INSERT INTO OKM_TRANSLATION (TR_MODULE, TR_KEY, TR_TEXT, TR_LANGUAGE) VALUES ('frontend', 'dashboard.workflow.comments', '', 'zh-TW');
INSERT INTO OKM_TRANSLATION (TR_MODULE, TR_KEY, TR_TEXT, TR_LANGUAGE) VALUES ('frontend', 'dashboard.workflow.task.process.forms', '', 'zh-TW');
INSERT INTO OKM_TRANSLATION (TR_MODULE, TR_KEY, TR_TEXT, TR_LANGUAGE) VALUES ('frontend', 'dashboard.workflow.add.comment', '', 'zh-TW');
INSERT INTO OKM_TRANSLATION (TR_MODULE, TR_KEY, TR_TEXT, TR_LANGUAGE) VALUES ('frontend', 'dashboard.workflow.task.process.definition', '', 'zh-TW');
INSERT INTO OKM_TRANSLATION (TR_MODULE, TR_KEY, TR_TEXT, TR_LANGUAGE) VALUES ('frontend', 'dashboard.workflow.task.process.path', '', 'zh-TW');
INSERT INTO OKM_TRANSLATION (TR_MODULE, TR_KEY, TR_TEXT, TR_LANGUAGE) VALUES ('frontend', 'dashboard.refreshing', '', 'zh-TW');
INSERT INTO OKM_TRANSLATION (TR_MODULE, TR_KEY, TR_TEXT, TR_LANGUAGE) VALUES ('frontend', 'dashboard.keyword', '', 'zh-TW');
INSERT INTO OKM_TRANSLATION (TR_MODULE, TR_KEY, TR_TEXT, TR_LANGUAGE) VALUES ('frontend', 'dashboard.keyword.suggest', '', 'zh-TW');
INSERT INTO OKM_TRANSLATION (TR_MODULE, TR_KEY, TR_TEXT, TR_LANGUAGE) VALUES ('frontend', 'dashboard.keyword.all', '', 'zh-TW');
INSERT INTO OKM_TRANSLATION (TR_MODULE, TR_KEY, TR_TEXT, TR_LANGUAGE) VALUES ('frontend', 'dashboard.keyword.top', '', 'zh-TW');
INSERT INTO OKM_TRANSLATION (TR_MODULE, TR_KEY, TR_TEXT, TR_LANGUAGE) VALUES ('frontend', 'dashboard.keyword.related', '', 'zh-TW');
INSERT INTO OKM_TRANSLATION (TR_MODULE, TR_KEY, TR_TEXT, TR_LANGUAGE) VALUES ('frontend', 'dashboard.keyword.goto.document', '', 'zh-TW');
INSERT INTO OKM_TRANSLATION (TR_MODULE, TR_KEY, TR_TEXT, TR_LANGUAGE) VALUES ('frontend', 'dashboard.keyword.clean.keywords', '', 'zh-TW');
INSERT INTO OKM_TRANSLATION (TR_MODULE, TR_KEY, TR_TEXT, TR_LANGUAGE) VALUES ('frontend', 'dashboard.mail.last.imported.mails', '', 'zh-TW');
INSERT INTO OKM_TRANSLATION (TR_MODULE, TR_KEY, TR_TEXT, TR_LANGUAGE) VALUES ('frontend', 'dashboard.mail.last.imported.attached.documents', '', 'zh-TW');
INSERT INTO OKM_TRANSLATION (TR_MODULE, TR_KEY, TR_TEXT, TR_LANGUAGE) VALUES ('frontend', 'workflow.label', '', 'zh-TW');
INSERT INTO OKM_TRANSLATION (TR_MODULE, TR_KEY, TR_TEXT, TR_LANGUAGE) VALUES ('frontend', 'user.preferences.label', '', 'zh-TW');
INSERT INTO OKM_TRANSLATION (TR_MODULE, TR_KEY, TR_TEXT, TR_LANGUAGE) VALUES ('frontend', 'user.preferences.user', '', 'zh-TW');
INSERT INTO OKM_TRANSLATION (TR_MODULE, TR_KEY, TR_TEXT, TR_LANGUAGE) VALUES ('frontend', 'user.preferences.password', '', 'zh-TW');
INSERT INTO OKM_TRANSLATION (TR_MODULE, TR_KEY, TR_TEXT, TR_LANGUAGE) VALUES ('frontend', 'user.preferences.mail', '', 'zh-TW');
INSERT INTO OKM_TRANSLATION (TR_MODULE, TR_KEY, TR_TEXT, TR_LANGUAGE) VALUES ('frontend', 'user.preferences.roles', '', 'zh-TW');
INSERT INTO OKM_TRANSLATION (TR_MODULE, TR_KEY, TR_TEXT, TR_LANGUAGE) VALUES ('frontend', 'user.preferences.imap.host', 'IMAP', 'zh-TW');
INSERT INTO OKM_TRANSLATION (TR_MODULE, TR_KEY, TR_TEXT, TR_LANGUAGE) VALUES ('frontend', 'user.preferences.imap.user', 'IMAP', 'zh-TW');
INSERT INTO OKM_TRANSLATION (TR_MODULE, TR_KEY, TR_TEXT, TR_LANGUAGE) VALUES ('frontend', 'user.preferences.imap.user.password', 'IMAP', 'zh-TW');
INSERT INTO OKM_TRANSLATION (TR_MODULE, TR_KEY, TR_TEXT, TR_LANGUAGE) VALUES ('frontend', 'user.preferences.imap.folder', 'IMAP', 'zh-TW');
INSERT INTO OKM_TRANSLATION (TR_MODULE, TR_KEY, TR_TEXT, TR_LANGUAGE) VALUES ('frontend', 'user.preferences.password.error', ':', 'zh-TW');
INSERT INTO OKM_TRANSLATION (TR_MODULE, TR_KEY, TR_TEXT, TR_LANGUAGE) VALUES ('frontend', 'user.preferences.user.data', '', 'zh-TW');
INSERT INTO OKM_TRANSLATION (TR_MODULE, TR_KEY, TR_TEXT, TR_LANGUAGE) VALUES ('frontend', 'user.preferences.mail.data', '', 'zh-TW');
INSERT INTO OKM_TRANSLATION (TR_MODULE, TR_KEY, TR_TEXT, TR_LANGUAGE) VALUES ('frontend', 'user.preferences.imap.error', '', 'zh-TW');
INSERT INTO OKM_TRANSLATION (TR_MODULE, TR_KEY, TR_TEXT, TR_LANGUAGE) VALUES ('frontend', 'user.preferences.imap.password.error.void', 'IMAP', 'zh-TW');
INSERT INTO OKM_TRANSLATION (TR_MODULE, TR_KEY, TR_TEXT, TR_LANGUAGE) VALUES ('frontend', 'user.preferences.imap.test.error', 'IMAP', 'zh-TW');
INSERT INTO OKM_TRANSLATION (TR_MODULE, TR_KEY, TR_TEXT, TR_LANGUAGE) VALUES ('frontend', 'user.preferences.imap.test.ok', 'IMAP', 'zh-TW');
INSERT INTO OKM_TRANSLATION (TR_MODULE, TR_KEY, TR_TEXT, TR_LANGUAGE) VALUES ('frontend', 'thesaurus.directory.select.label', 'thesaurus', 'zh-TW');
INSERT INTO OKM_TRANSLATION (TR_MODULE, TR_KEY, TR_TEXT, TR_LANGUAGE) VALUES ('frontend', 'thesaurus.tab.tree', '', 'zh-TW');
INSERT INTO OKM_TRANSLATION (TR_MODULE, TR_KEY, TR_TEXT, TR_LANGUAGE) VALUES ('frontend', 'thesaurus.tab.keywords', '', 'zh-TW');
INSERT INTO OKM_TRANSLATION (TR_MODULE, TR_KEY, TR_TEXT, TR_LANGUAGE) VALUES ('frontend', 'categories.folder.select.label', 'category', 'zh-TW');
INSERT INTO OKM_TRANSLATION (TR_MODULE, TR_KEY, TR_TEXT, TR_LANGUAGE) VALUES ('frontend', 'categories.folder.error.delete', 'category', 'zh-TW');
INSERT INTO OKM_TRANSLATION (TR_MODULE, TR_KEY, TR_TEXT, TR_LANGUAGE) VALUES ('frontend', 'wizard.document.uploading', '', 'zh-TW');
INSERT INTO OKM_TRANSLATION (TR_MODULE, TR_KEY, TR_TEXT, TR_LANGUAGE) VALUES ('frontend', 'user.info.chat.connect', '', 'zh-TW');
INSERT INTO OKM_TRANSLATION (TR_MODULE, TR_KEY, TR_TEXT, TR_LANGUAGE) VALUES ('frontend', 'user.info.chat.disconnect', '', 'zh-TW');
INSERT INTO OKM_TRANSLATION (TR_MODULE, TR_KEY, TR_TEXT, TR_LANGUAGE) VALUES ('frontend', 'user.info.chat.new.room', '', 'zh-TW');
INSERT INTO OKM_TRANSLATION (TR_MODULE, TR_KEY, TR_TEXT, TR_LANGUAGE) VALUES ('frontend', 'user.info.locked.actual', '', 'zh-TW');
INSERT INTO OKM_TRANSLATION (TR_MODULE, TR_KEY, TR_TEXT, TR_LANGUAGE) VALUES ('frontend', 'user.info.checkout.actual', '', 'zh-TW');
INSERT INTO OKM_TRANSLATION (TR_MODULE, TR_KEY, TR_TEXT, TR_LANGUAGE) VALUES ('frontend', 'user.info.subscription.actual', '', 'zh-TW');
INSERT INTO OKM_TRANSLATION (TR_MODULE, TR_KEY, TR_TEXT, TR_LANGUAGE) VALUES ('frontend', 'user.info.news.new', '', 'zh-TW');
INSERT INTO OKM_TRANSLATION (TR_MODULE, TR_KEY, TR_TEXT, TR_LANGUAGE) VALUES ('frontend', 'user.info.workflow.pending', '', 'zh-TW');
INSERT INTO OKM_TRANSLATION (TR_MODULE, TR_KEY, TR_TEXT, TR_LANGUAGE) VALUES ('frontend', 'user.info.user.quota', '', 'zh-TW');
INSERT INTO OKM_TRANSLATION (TR_MODULE, TR_KEY, TR_TEXT, TR_LANGUAGE) VALUES ('frontend', 'user.online', '', 'zh-TW');
INSERT INTO OKM_TRANSLATION (TR_MODULE, TR_KEY, TR_TEXT, TR_LANGUAGE) VALUES ('frontend', 'chat.room', '', 'zh-TW');
INSERT INTO OKM_TRANSLATION (TR_MODULE, TR_KEY, TR_TEXT, TR_LANGUAGE) VALUES ('frontend', 'chat.users.in.room', '', 'zh-TW');
INSERT INTO OKM_TRANSLATION (TR_MODULE, TR_KEY, TR_TEXT, TR_LANGUAGE) VALUES ('frontend', 'OKM-017009', '', 'zh-TW');
INSERT INTO OKM_TRANSLATION (TR_MODULE, TR_KEY, TR_TEXT, TR_LANGUAGE) VALUES ('frontend', 'OKM-017004', '', 'zh-TW');
INSERT INTO OKM_TRANSLATION (TR_MODULE, TR_KEY, TR_TEXT, TR_LANGUAGE) VALUES ('frontend', 'OKM-017001', '', 'zh-TW');
INSERT INTO OKM_TRANSLATION (TR_MODULE, TR_KEY, TR_TEXT, TR_LANGUAGE) VALUES ('frontend', 'OKM-017015', '', 'zh-TW');
INSERT INTO OKM_TRANSLATION (TR_MODULE, TR_KEY, TR_TEXT, TR_LANGUAGE) VALUES ('frontend', 'OKM-017016', '', 'zh-TW');
INSERT INTO OKM_TRANSLATION (TR_MODULE, TR_KEY, TR_TEXT, TR_LANGUAGE) VALUES ('frontend', 'OKM-002009', '', 'zh-TW');
INSERT INTO OKM_TRANSLATION (TR_MODULE, TR_KEY, TR_TEXT, TR_LANGUAGE) VALUES ('frontend', 'OKM-002002', '', 'zh-TW');
INSERT INTO OKM_TRANSLATION (TR_MODULE, TR_KEY, TR_TEXT, TR_LANGUAGE) VALUES ('frontend', 'OKM-002003', '', 'zh-TW');
INSERT INTO OKM_TRANSLATION (TR_MODULE, TR_KEY, TR_TEXT, TR_LANGUAGE) VALUES ('frontend', 'OKM-002004', '', 'zh-TW');
INSERT INTO OKM_TRANSLATION (TR_MODULE, TR_KEY, TR_TEXT, TR_LANGUAGE) VALUES ('frontend', 'OKM-002004', '', 'zh-TW');
INSERT INTO OKM_TRANSLATION (TR_MODULE, TR_KEY, TR_TEXT, TR_LANGUAGE) VALUES ('frontend', 'OKM-002001', '', 'zh-TW');
INSERT INTO OKM_TRANSLATION (TR_MODULE, TR_KEY, TR_TEXT, TR_LANGUAGE) VALUES ('frontend', 'OKM-002006', '', 'zh-TW');
INSERT INTO OKM_TRANSLATION (TR_MODULE, TR_KEY, TR_TEXT, TR_LANGUAGE) VALUES ('frontend', 'OKM-002015', '', 'zh-TW');
INSERT INTO OKM_TRANSLATION (TR_MODULE, TR_KEY, TR_TEXT, TR_LANGUAGE) VALUES ('frontend', 'OKM-002024', '', 'zh-TW');
INSERT INTO OKM_TRANSLATION (TR_MODULE, TR_KEY, TR_TEXT, TR_LANGUAGE) VALUES ('frontend', 'OKM-001009', '', 'zh-TW');
INSERT INTO OKM_TRANSLATION (TR_MODULE, TR_KEY, TR_TEXT, TR_LANGUAGE) VALUES ('frontend', 'OKM-001002', '', 'zh-TW');
INSERT INTO OKM_TRANSLATION (TR_MODULE, TR_KEY, TR_TEXT, TR_LANGUAGE) VALUES ('frontend', 'OKM-001003', '', 'zh-TW');
INSERT INTO OKM_TRANSLATION (TR_MODULE, TR_KEY, TR_TEXT, TR_LANGUAGE) VALUES ('frontend', 'OKM-001001', '', 'zh-TW');
INSERT INTO OKM_TRANSLATION (TR_MODULE, TR_KEY, TR_TEXT, TR_LANGUAGE) VALUES ('frontend', 'OKM-001006', '', 'zh-TW');
INSERT INTO OKM_TRANSLATION (TR_MODULE, TR_KEY, TR_TEXT, TR_LANGUAGE) VALUES ('frontend', 'OKM-001015', '', 'zh-TW');
INSERT INTO OKM_TRANSLATION (TR_MODULE, TR_KEY, TR_TEXT, TR_LANGUAGE) VALUES ('frontend', 'OKM-001024', '', 'zh-TW');
INSERT INTO OKM_TRANSLATION (TR_MODULE, TR_KEY, TR_TEXT, TR_LANGUAGE) VALUES ('frontend', 'OKM-007009', '', 'zh-TW');
INSERT INTO OKM_TRANSLATION (TR_MODULE, TR_KEY, TR_TEXT, TR_LANGUAGE) VALUES ('frontend', 'OKM-007002', '', 'zh-TW');
INSERT INTO OKM_TRANSLATION (TR_MODULE, TR_KEY, TR_TEXT, TR_LANGUAGE) VALUES ('frontend', 'OKM-007001', '', 'zh-TW');
INSERT INTO OKM_TRANSLATION (TR_MODULE, TR_KEY, TR_TEXT, TR_LANGUAGE) VALUES ('frontend', 'OKM-007006', '', 'zh-TW');
INSERT INTO OKM_TRANSLATION (TR_MODULE, TR_KEY, TR_TEXT, TR_LANGUAGE) VALUES ('frontend', 'OKM-007024', '', 'zh-TW');
INSERT INTO OKM_TRANSLATION (TR_MODULE, TR_KEY, TR_TEXT, TR_LANGUAGE) VALUES ('frontend', 'OKM-009002', '', 'zh-TW');
INSERT INTO OKM_TRANSLATION (TR_MODULE, TR_KEY, TR_TEXT, TR_LANGUAGE) VALUES ('frontend', 'OKM-009006', 'Session', 'zh-TW');
INSERT INTO OKM_TRANSLATION (TR_MODULE, TR_KEY, TR_TEXT, TR_LANGUAGE) VALUES ('frontend', 'OKM-005010', '', 'zh-TW');
INSERT INTO OKM_TRANSLATION (TR_MODULE, TR_KEY, TR_TEXT, TR_LANGUAGE) VALUES ('frontend', 'OKM-005003', '', 'zh-TW');
INSERT INTO OKM_TRANSLATION (TR_MODULE, TR_KEY, TR_TEXT, TR_LANGUAGE) VALUES ('frontend', 'OKM-005011', '', 'zh-TW');
INSERT INTO OKM_TRANSLATION (TR_MODULE, TR_KEY, TR_TEXT, TR_LANGUAGE) VALUES ('frontend', 'OKM-005027', '', 'zh-TW');
INSERT INTO OKM_TRANSLATION (TR_MODULE, TR_KEY, TR_TEXT, TR_LANGUAGE) VALUES ('frontend', 'OKM-004001', 'Session', 'zh-TW');
INSERT INTO OKM_TRANSLATION (TR_MODULE, TR_KEY, TR_TEXT, TR_LANGUAGE) VALUES ('frontend', 'OKM-004024', '', 'zh-TW');
INSERT INTO OKM_TRANSLATION (TR_MODULE, TR_KEY, TR_TEXT, TR_LANGUAGE) VALUES ('frontend', 'OKM-008001', '', 'zh-TW');
INSERT INTO OKM_TRANSLATION (TR_MODULE, TR_KEY, TR_TEXT, TR_LANGUAGE) VALUES ('frontend', 'OKM-008003', '', 'zh-TW');
INSERT INTO OKM_TRANSLATION (TR_MODULE, TR_KEY, TR_TEXT, TR_LANGUAGE) VALUES ('frontend', 'OKM-008024', 'I/O', 'zh-TW');
INSERT INTO OKM_TRANSLATION (TR_MODULE, TR_KEY, TR_TEXT, TR_LANGUAGE) VALUES ('frontend', 'OKM-011003', '', 'zh-TW');
INSERT INTO OKM_TRANSLATION (TR_MODULE, TR_KEY, TR_TEXT, TR_LANGUAGE) VALUES ('frontend', 'OKM-003017', '', 'zh-TW');
INSERT INTO OKM_TRANSLATION (TR_MODULE, TR_KEY, TR_TEXT, TR_LANGUAGE) VALUES ('frontend', 'OKM-013001', '', 'zh-TW');
INSERT INTO OKM_TRANSLATION (TR_MODULE, TR_KEY, TR_TEXT, TR_LANGUAGE) VALUES ('frontend', 'OKM-013024', ',  ', 'zh-TW');
INSERT INTO OKM_TRANSLATION (TR_MODULE, TR_KEY, TR_TEXT, TR_LANGUAGE) VALUES ('frontend', 'OKM-014001', '', 'zh-TW');
INSERT INTO OKM_TRANSLATION (TR_MODULE, TR_KEY, TR_TEXT, TR_LANGUAGE) VALUES ('frontend', 'OKM-014013', '', 'zh-TW');
INSERT INTO OKM_TRANSLATION (TR_MODULE, TR_KEY, TR_TEXT, TR_LANGUAGE) VALUES ('frontend', 'OKM-015001', '', 'zh-TW');
INSERT INTO OKM_TRANSLATION (TR_MODULE, TR_KEY, TR_TEXT, TR_LANGUAGE) VALUES ('frontend', 'OKM-015024', '', 'zh-TW');
INSERT INTO OKM_TRANSLATION (TR_MODULE, TR_KEY, TR_TEXT, TR_LANGUAGE) VALUES ('frontend', 'OKM-018022', '', 'zh-TW');
INSERT INTO OKM_TRANSLATION (TR_MODULE, TR_KEY, TR_TEXT, TR_LANGUAGE) VALUES ('frontend', 'OKM-018023', '', 'zh-TW');
INSERT INTO OKM_TRANSLATION (TR_MODULE, TR_KEY, TR_TEXT, TR_LANGUAGE) VALUES ('frontend', 'OKM-016009', '', 'zh-TW');
INSERT INTO OKM_TRANSLATION (TR_MODULE, TR_KEY, TR_TEXT, TR_LANGUAGE) VALUES ('frontend', 'OKM-016002', '', 'zh-TW');
INSERT INTO OKM_TRANSLATION (TR_MODULE, TR_KEY, TR_TEXT, TR_LANGUAGE) VALUES ('frontend', 'OKM-016003', '', 'zh-TW');
INSERT INTO OKM_TRANSLATION (TR_MODULE, TR_KEY, TR_TEXT, TR_LANGUAGE) VALUES ('frontend', 'OKM-016004', '', 'zh-TW');
INSERT INTO OKM_TRANSLATION (TR_MODULE, TR_KEY, TR_TEXT, TR_LANGUAGE) VALUES ('frontend', 'OKM-016001', '', 'zh-TW');
INSERT INTO OKM_TRANSLATION (TR_MODULE, TR_KEY, TR_TEXT, TR_LANGUAGE) VALUES ('frontend', 'OKM-016006', '', 'zh-TW');
INSERT INTO OKM_TRANSLATION (TR_MODULE, TR_KEY, TR_TEXT, TR_LANGUAGE) VALUES ('frontend', 'OKM-016015', ' ', 'zh-TW');
INSERT INTO OKM_LANGUAGE (LG_ID, LG_NAME, LG_IMAGE_CONTENT, LG_IMAGE_MIME) VALUES ('co-ES', 'Espaol Colombia', 'R0lGODlhEAALANUAABhR0O5aWueqAOMzNvrWQnCV57kAACRa1NuUAPzdY98kKP7iczlq2lJ/4NcAAOuwAMYAAPXNJO9maAANx/7keffWTP7eXfzZS90bIDxs1kNz3f7dWfjTNvfRMdSJAOdCQ+xPT/nUPNsUGi1h1zNm2DNk1U173/bOLAAAnkh33v3aUf3bVPnZV+lISgABx+Y7PvbTQs9/APbQK/3ga8+BAFaC4eItL/3dVD9v2/vYR/jYU/3cUNgOE/rbXOGfAO21ACH5BAAAAAAALAAAAAAQAAsAAAZ+wJ9Q+HgIjr4kYvmjOCmLxWyWSPRYuoqnabFsVqpLjhDidE5a7jc8Lp8jMNqDsrntxGSzLAKPTQo1DSYpGjgMJCMHBwAZKH+ChIaIigAADCguBZGHI4mLlSUoDhItHy8DAzYKChgiIjwDBqMBtCAgpaaoqbIOvb0QwMAGw8NBADs=', 'image/gif');
INSERT INTO OKM_TRANSLATION (TR_MODULE, TR_KEY, TR_TEXT, TR_LANGUAGE) VALUES ('frontend', 'general.date.pattern', 'dd/MM/yyyy hh:mm:ss', 'co-ES');
INSERT INTO OKM_TRANSLATION (TR_MODULE, TR_KEY, TR_TEXT, TR_LANGUAGE) VALUES ('frontend', 'general.day.pattern', 'dd/MM/yyyy', 'co-ES');
INSERT INTO OKM_TRANSLATION (TR_MODULE, TR_KEY, TR_TEXT, TR_LANGUAGE) VALUES ('frontend', 'general.hour.pattern', 'HH:mm:ss', 'co-ES');
INSERT INTO OKM_TRANSLATION (TR_MODULE, TR_KEY, TR_TEXT, TR_LANGUAGE) VALUES ('frontend', 'startup.openkm', 'Cargando OpenKM', 'co-ES');
INSERT INTO OKM_TRANSLATION (TR_MODULE, TR_KEY, TR_TEXT, TR_LANGUAGE) VALUES ('frontend', 'startup.starting.loading', 'Comenzando la carga de OpenKM', 'co-ES');
INSERT INTO OKM_TRANSLATION (TR_MODULE, TR_KEY, TR_TEXT, TR_LANGUAGE) VALUES ('frontend', 'startup.taxonomy', 'Obteniendo el nodo principal de la taxonoma', 'co-ES');
INSERT INTO OKM_TRANSLATION (TR_MODULE, TR_KEY, TR_TEXT, TR_LANGUAGE) VALUES ('frontend', 'startup.categories', 'Obteniendo el nodo principald de las categoras', 'co-ES');
INSERT INTO OKM_TRANSLATION (TR_MODULE, TR_KEY, TR_TEXT, TR_LANGUAGE) VALUES ('frontend', 'startup.thesaurus', 'Obteniendo el nodo principal del thesaurus', 'co-ES');
INSERT INTO OKM_TRANSLATION (TR_MODULE, TR_KEY, TR_TEXT, TR_LANGUAGE) VALUES ('frontend', 'startup.template', 'Obteniendo el nodo principal de las plantillas', 'co-ES');
INSERT INTO OKM_TRANSLATION (TR_MODULE, TR_KEY, TR_TEXT, TR_LANGUAGE) VALUES ('frontend', 'startup.personal', 'Obteniendo el nodo principal de personal', 'co-ES');
INSERT INTO OKM_TRANSLATION (TR_MODULE, TR_KEY, TR_TEXT, TR_LANGUAGE) VALUES ('frontend', 'startup.mail', 'Obteniendo el nodo principal de mail', 'co-ES');
INSERT INTO OKM_TRANSLATION (TR_MODULE, TR_KEY, TR_TEXT, TR_LANGUAGE) VALUES ('frontend', 'startup.trash', 'Oteniendo el nodo principal de la papelera', 'co-ES');
INSERT INTO OKM_TRANSLATION (TR_MODULE, TR_KEY, TR_TEXT, TR_LANGUAGE) VALUES ('frontend', 'startup.user.home', 'Obteniendo el inicio de usuarios', 'co-ES');
INSERT INTO OKM_TRANSLATION (TR_MODULE, TR_KEY, TR_TEXT, TR_LANGUAGE) VALUES ('frontend', 'startup.bookmarks', 'Obteniendo marcadores', 'co-ES');
INSERT INTO OKM_TRANSLATION (TR_MODULE, TR_KEY, TR_TEXT, TR_LANGUAGE) VALUES ('frontend', 'startup.loading.taxonomy', 'Cargando taxonoma', 'co-ES');
INSERT INTO OKM_TRANSLATION (TR_MODULE, TR_KEY, TR_TEXT, TR_LANGUAGE) VALUES ('frontend', 'startup.loading.taxonomy.getting.folders', 'Cargando taxonoma - obteniendo carpetas', 'co-ES');
INSERT INTO OKM_TRANSLATION (TR_MODULE, TR_KEY, TR_TEXT, TR_LANGUAGE) VALUES ('frontend', 'startup.loading.taxonomy.eval.params', 'Cargando taxonoma - evaluando parmetros', 'co-ES');
INSERT INTO OKM_TRANSLATION (TR_MODULE, TR_KEY, TR_TEXT, TR_LANGUAGE) VALUES ('frontend', 'startup.loading.taxonomy.open.path', 'Cargando taxonoma - abriendo la ruta', 'co-ES');
INSERT INTO OKM_TRANSLATION (TR_MODULE, TR_KEY, TR_TEXT, TR_LANGUAGE) VALUES ('frontend', 'startup.loading.taxonomy.getting.filebrowser.folders', 'Cargando taxonoma - obteniendo carpetas', 'co-ES');
INSERT INTO OKM_TRANSLATION (TR_MODULE, TR_KEY, TR_TEXT, TR_LANGUAGE) VALUES ('frontend', 'startup.loading.taxonomy.getting.filebrowser.documents', 'Cargando taxonoma - obteniendo documentos', 'co-ES');
INSERT INTO OKM_TRANSLATION (TR_MODULE, TR_KEY, TR_TEXT, TR_LANGUAGE) VALUES ('frontend', 'startup.loading.taxonomy.getting.filebrowser.mails', 'Cargando taxonoma - obteniendo correos electrnicos', 'co-ES');
INSERT INTO OKM_TRANSLATION (TR_MODULE, TR_KEY, TR_TEXT, TR_LANGUAGE) VALUES ('frontend', 'startup.loading.personal', 'Cargando personales', 'co-ES');
INSERT INTO OKM_TRANSLATION (TR_MODULE, TR_KEY, TR_TEXT, TR_LANGUAGE) VALUES ('frontend', 'startup.loading.mail', 'Cargando correos', 'co-ES');
INSERT INTO OKM_TRANSLATION (TR_MODULE, TR_KEY, TR_TEXT, TR_LANGUAGE) VALUES ('frontend', 'startup.loading.categories', 'Cargando categoras', 'co-ES');
INSERT INTO OKM_TRANSLATION (TR_MODULE, TR_KEY, TR_TEXT, TR_LANGUAGE) VALUES ('frontend', 'startup.loading.thesaurus', 'Cargando thesaurus', 'co-ES');
INSERT INTO OKM_TRANSLATION (TR_MODULE, TR_KEY, TR_TEXT, TR_LANGUAGE) VALUES ('frontend', 'startup.loading.templates', 'Cargando plantillas', 'co-ES');
INSERT INTO OKM_TRANSLATION (TR_MODULE, TR_KEY, TR_TEXT, TR_LANGUAGE) VALUES ('frontend', 'startup.loading.trash', 'Cargando papelera', 'co-ES');
INSERT INTO OKM_TRANSLATION (TR_MODULE, TR_KEY, TR_TEXT, TR_LANGUAGE) VALUES ('frontend', 'startup.loading.history.search', 'Cargando histrico de bsquedas', 'co-ES');
INSERT INTO OKM_TRANSLATION (TR_MODULE, TR_KEY, TR_TEXT, TR_LANGUAGE) VALUES ('frontend', 'startup.loading.user.values', 'Cargando datos del usuario', 'co-ES');
INSERT INTO OKM_TRANSLATION (TR_MODULE, TR_KEY, TR_TEXT, TR_LANGUAGE) VALUES ('frontend', 'startup.keep.alive', 'Cargando keep alive', 'co-ES');
INSERT INTO OKM_TRANSLATION (TR_MODULE, TR_KEY, TR_TEXT, TR_LANGUAGE) VALUES ('frontend', 'openkm.update.available', 'Actualizacin disponible de OpenKM', 'co-ES');
INSERT INTO OKM_TRANSLATION (TR_MODULE, TR_KEY, TR_TEXT, TR_LANGUAGE) VALUES ('frontend', 'leftpanel.label.taxonomy', 'Taxonoma', 'co-ES');
INSERT INTO OKM_TRANSLATION (TR_MODULE, TR_KEY, TR_TEXT, TR_LANGUAGE) VALUES ('frontend', 'leftpanel.label.trash', 'Papelera', 'co-ES');
INSERT INTO OKM_TRANSLATION (TR_MODULE, TR_KEY, TR_TEXT, TR_LANGUAGE) VALUES ('frontend', 'leftpanel.label.mail', 'Correo electrnico', 'co-ES');
INSERT INTO OKM_TRANSLATION (TR_MODULE, TR_KEY, TR_TEXT, TR_LANGUAGE) VALUES ('frontend', 'leftpanel.label.stored.search', 'Bsquedas almacenadas', 'co-ES');
INSERT INTO OKM_TRANSLATION (TR_MODULE, TR_KEY, TR_TEXT, TR_LANGUAGE) VALUES ('frontend', 'leftpanel.label.categories', 'Categoras', 'co-ES');
INSERT INTO OKM_TRANSLATION (TR_MODULE, TR_KEY, TR_TEXT, TR_LANGUAGE) VALUES ('frontend', 'leftpanel.label.thesaurus', 'Thesaurus', 'co-ES');
INSERT INTO OKM_TRANSLATION (TR_MODULE, TR_KEY, TR_TEXT, TR_LANGUAGE) VALUES ('frontend', 'leftpanel.label.templates', 'Plantillas', 'co-ES');
INSERT INTO OKM_TRANSLATION (TR_MODULE, TR_KEY, TR_TEXT, TR_LANGUAGE) VALUES ('frontend', 'leftpanel.label.my.documents', 'Documentos personales', 'co-ES');
INSERT INTO OKM_TRANSLATION (TR_MODULE, TR_KEY, TR_TEXT, TR_LANGUAGE) VALUES ('frontend', 'leftpanel.label.user.search', 'Novedades de usuario', 'co-ES');
INSERT INTO OKM_TRANSLATION (TR_MODULE, TR_KEY, TR_TEXT, TR_LANGUAGE) VALUES ('frontend', 'leftpanel.label.all.repository', 'En todo el repositorio', 'co-ES');
INSERT INTO OKM_TRANSLATION (TR_MODULE, TR_KEY, TR_TEXT, TR_LANGUAGE) VALUES ('frontend', 'tree.menu.directory.create', 'Crear carpeta', 'co-ES');
INSERT INTO OKM_TRANSLATION (TR_MODULE, TR_KEY, TR_TEXT, TR_LANGUAGE) VALUES ('frontend', 'tree.menu.directory.remove', 'Eliminar', 'co-ES');
INSERT INTO OKM_TRANSLATION (TR_MODULE, TR_KEY, TR_TEXT, TR_LANGUAGE) VALUES ('frontend', 'tree.menu.directory.rename', 'Renombrar', 'co-ES');
INSERT INTO OKM_TRANSLATION (TR_MODULE, TR_KEY, TR_TEXT, TR_LANGUAGE) VALUES ('frontend', 'tree.menu.directory.refresh', 'Refrescar', 'co-ES');
INSERT INTO OKM_TRANSLATION (TR_MODULE, TR_KEY, TR_TEXT, TR_LANGUAGE) VALUES ('frontend', 'tree.menu.directory.move', 'Mover', 'co-ES');
INSERT INTO OKM_TRANSLATION (TR_MODULE, TR_KEY, TR_TEXT, TR_LANGUAGE) VALUES ('frontend', 'tree.menu.directory.copy', 'Copiar', 'co-ES');
INSERT INTO OKM_TRANSLATION (TR_MODULE, TR_KEY, TR_TEXT, TR_LANGUAGE) VALUES ('frontend', 'tree.menu.directory.add.document', 'Aadir documento', 'co-ES');
INSERT INTO OKM_TRANSLATION (TR_MODULE, TR_KEY, TR_TEXT, TR_LANGUAGE) VALUES ('frontend', 'tree.menu.add.bookmark', 'Aadir marcador', 'co-ES');
INSERT INTO OKM_TRANSLATION (TR_MODULE, TR_KEY, TR_TEXT, TR_LANGUAGE) VALUES ('frontend', 'tree.menu.set.home', 'Establecer inicio', 'co-ES');
INSERT INTO OKM_TRANSLATION (TR_MODULE, TR_KEY, TR_TEXT, TR_LANGUAGE) VALUES ('frontend', 'tree.menu.export', 'Exportar a archivo', 'co-ES');
INSERT INTO OKM_TRANSLATION (TR_MODULE, TR_KEY, TR_TEXT, TR_LANGUAGE) VALUES ('frontend', 'tree.status.refresh.folder', 'Actualizando rbol de carpetas', 'co-ES');
INSERT INTO OKM_TRANSLATION (TR_MODULE, TR_KEY, TR_TEXT, TR_LANGUAGE) VALUES ('frontend', 'tree.status.refresh.create', 'Creando carpeta', 'co-ES');
INSERT INTO OKM_TRANSLATION (TR_MODULE, TR_KEY, TR_TEXT, TR_LANGUAGE) VALUES ('frontend', 'tree.status.refresh.delete', 'Eliminando carpeta', 'co-ES');
INSERT INTO OKM_TRANSLATION (TR_MODULE, TR_KEY, TR_TEXT, TR_LANGUAGE) VALUES ('frontend', 'tree.status.refresh.rename', 'Renombrando carpeta', 'co-ES');
INSERT INTO OKM_TRANSLATION (TR_MODULE, TR_KEY, TR_TEXT, TR_LANGUAGE) VALUES ('frontend', 'tree.status.refresh.restore', 'Restaurando carpeta', 'co-ES');
INSERT INTO OKM_TRANSLATION (TR_MODULE, TR_KEY, TR_TEXT, TR_LANGUAGE) VALUES ('frontend', 'tree.status.refresh.purge', 'Eliminando carpeta', 'co-ES');
INSERT INTO OKM_TRANSLATION (TR_MODULE, TR_KEY, TR_TEXT, TR_LANGUAGE) VALUES ('frontend', 'tree.status.refresh.get', 'Actualizando carpeta', 'co-ES');
INSERT INTO OKM_TRANSLATION (TR_MODULE, TR_KEY, TR_TEXT, TR_LANGUAGE) VALUES ('frontend', 'tree.folder.new', 'Nueva carpeta', 'co-ES');
INSERT INTO OKM_TRANSLATION (TR_MODULE, TR_KEY, TR_TEXT, TR_LANGUAGE) VALUES ('frontend', 'tree.status.refresh.add.subscription', 'Estableciendo suscripcin', 'co-ES');
INSERT INTO OKM_TRANSLATION (TR_MODULE, TR_KEY, TR_TEXT, TR_LANGUAGE) VALUES ('frontend', 'tree.status.refresh.remove.subscription', 'Eliminando suscripcin', 'co-ES');
INSERT INTO OKM_TRANSLATION (TR_MODULE, TR_KEY, TR_TEXT, TR_LANGUAGE) VALUES ('frontend', 'tree.status.refresh.get.root', 'Refrescando carpeta inicial', 'co-ES');
INSERT INTO OKM_TRANSLATION (TR_MODULE, TR_KEY, TR_TEXT, TR_LANGUAGE) VALUES ('frontend', 'tree.status.refresh.get.keywords', 'Refrescando palabras clave', 'co-ES');
INSERT INTO OKM_TRANSLATION (TR_MODULE, TR_KEY, TR_TEXT, TR_LANGUAGE) VALUES ('frontend', 'tree.status.refresh.get.user.home', 'Obteniendo inicio del usuario', 'co-ES');
INSERT INTO OKM_TRANSLATION (TR_MODULE, TR_KEY, TR_TEXT, TR_LANGUAGE) VALUES ('frontend', 'tree.status.refresh.purge.trash', 'Vaciando papelera', 'co-ES');
INSERT INTO OKM_TRANSLATION (TR_MODULE, TR_KEY, TR_TEXT, TR_LANGUAGE) VALUES ('frontend', 'tree.menu.directory.find.folder', 'Buscar carpeta', 'co-ES');
INSERT INTO OKM_TRANSLATION (TR_MODULE, TR_KEY, TR_TEXT, TR_LANGUAGE) VALUES ('frontend', 'trash.menu.directory.restore', 'Restaurar', 'co-ES');
INSERT INTO OKM_TRANSLATION (TR_MODULE, TR_KEY, TR_TEXT, TR_LANGUAGE) VALUES ('frontend', 'trash.menu.directory.purge', 'Eliminar', 'co-ES');
INSERT INTO OKM_TRANSLATION (TR_MODULE, TR_KEY, TR_TEXT, TR_LANGUAGE) VALUES ('frontend', 'trash.menu.directory.purge.trash', 'Vaciar papelera', 'co-ES');
INSERT INTO OKM_TRANSLATION (TR_MODULE, TR_KEY, TR_TEXT, TR_LANGUAGE) VALUES ('frontend', 'trash.directory.select.label', 'Seleccionar capeta de destino', 'co-ES');
INSERT INTO OKM_TRANSLATION (TR_MODULE, TR_KEY, TR_TEXT, TR_LANGUAGE) VALUES ('frontend', 'general.menu.file', 'Archivo', 'co-ES');
INSERT INTO OKM_TRANSLATION (TR_MODULE, TR_KEY, TR_TEXT, TR_LANGUAGE) VALUES ('frontend', 'general.menu.file.exit', 'Salir', 'co-ES');
INSERT INTO OKM_TRANSLATION (TR_MODULE, TR_KEY, TR_TEXT, TR_LANGUAGE) VALUES ('frontend', 'general.menu.file.purge.trash', 'Vaciar papelera', 'co-ES');
INSERT INTO OKM_TRANSLATION (TR_MODULE, TR_KEY, TR_TEXT, TR_LANGUAGE) VALUES ('frontend', 'general.menu.edit', 'Edicin', 'co-ES');
INSERT INTO OKM_TRANSLATION (TR_MODULE, TR_KEY, TR_TEXT, TR_LANGUAGE) VALUES ('frontend', 'general.menu.file.create.directory', 'Crear carpeta', 'co-ES');
INSERT INTO OKM_TRANSLATION (TR_MODULE, TR_KEY, TR_TEXT, TR_LANGUAGE) VALUES ('frontend', 'general.menu.file.download.document', 'Descargar documento', 'co-ES');
INSERT INTO OKM_TRANSLATION (TR_MODULE, TR_KEY, TR_TEXT, TR_LANGUAGE) VALUES ('frontend', 'general.menu.file.download.document.pdf', 'Descargar documento como PDF', 'co-ES');
INSERT INTO OKM_TRANSLATION (TR_MODULE, TR_KEY, TR_TEXT, TR_LANGUAGE) VALUES ('frontend', 'general.menu.file.send.link', 'Enviar enlace del documento', 'co-ES');
INSERT INTO OKM_TRANSLATION (TR_MODULE, TR_KEY, TR_TEXT, TR_LANGUAGE) VALUES ('frontend', 'general.menu.file.send.attachment', 'Enviar documento adjunto', 'co-ES');
INSERT INTO OKM_TRANSLATION (TR_MODULE, TR_KEY, TR_TEXT, TR_LANGUAGE) VALUES ('frontend', 'general.menu.file.lock', 'Bloquear', 'co-ES');
INSERT INTO OKM_TRANSLATION (TR_MODULE, TR_KEY, TR_TEXT, TR_LANGUAGE) VALUES ('frontend', 'general.menu.file.unlock', 'Desbloquear', 'co-ES');
INSERT INTO OKM_TRANSLATION (TR_MODULE, TR_KEY, TR_TEXT, TR_LANGUAGE) VALUES ('frontend', 'general.menu.file.add.document', 'Aadir documento', 'co-ES');
INSERT INTO OKM_TRANSLATION (TR_MODULE, TR_KEY, TR_TEXT, TR_LANGUAGE) VALUES ('frontend', 'general.menu.file.checkout', 'Checkout', 'co-ES');
INSERT INTO OKM_TRANSLATION (TR_MODULE, TR_KEY, TR_TEXT, TR_LANGUAGE) VALUES ('frontend', 'general.menu.file.checkin', 'Checkin', 'co-ES');
INSERT INTO OKM_TRANSLATION (TR_MODULE, TR_KEY, TR_TEXT, TR_LANGUAGE) VALUES ('frontend', 'general.menu.file.cancel.checkout', 'Cancelar checkout', 'co-ES');
INSERT INTO OKM_TRANSLATION (TR_MODULE, TR_KEY, TR_TEXT, TR_LANGUAGE) VALUES ('frontend', 'general.menu.file.delete', 'Eliminar', 'co-ES');
INSERT INTO OKM_TRANSLATION (TR_MODULE, TR_KEY, TR_TEXT, TR_LANGUAGE) VALUES ('frontend', 'general.menu.file.refresh', 'Refrescar', 'co-ES');
INSERT INTO OKM_TRANSLATION (TR_MODULE, TR_KEY, TR_TEXT, TR_LANGUAGE) VALUES ('frontend', 'general.menu.file.scanner', 'Scanner', 'co-ES');
INSERT INTO OKM_TRANSLATION (TR_MODULE, TR_KEY, TR_TEXT, TR_LANGUAGE) VALUES ('frontend', 'general.menu.file.uploader', 'Subida de ficheros', 'co-ES');
INSERT INTO OKM_TRANSLATION (TR_MODULE, TR_KEY, TR_TEXT, TR_LANGUAGE) VALUES ('frontend', 'general.menu.tools', 'Herramientas', 'co-ES');
INSERT INTO OKM_TRANSLATION (TR_MODULE, TR_KEY, TR_TEXT, TR_LANGUAGE) VALUES ('frontend', 'general.menu.tools.languages', 'Idiomas', 'co-ES');
INSERT INTO OKM_TRANSLATION (TR_MODULE, TR_KEY, TR_TEXT, TR_LANGUAGE) VALUES ('frontend', 'general.menu.tools.skin', 'Apariencia', 'co-ES');
INSERT INTO OKM_TRANSLATION (TR_MODULE, TR_KEY, TR_TEXT, TR_LANGUAGE) VALUES ('frontend', 'general.menu.tools.skin.default', 'Por defecto', 'co-ES');
INSERT INTO OKM_TRANSLATION (TR_MODULE, TR_KEY, TR_TEXT, TR_LANGUAGE) VALUES ('frontend', 'general.menu.tools.skin.default2', 'Por defecto 2', 'co-ES');
INSERT INTO OKM_TRANSLATION (TR_MODULE, TR_KEY, TR_TEXT, TR_LANGUAGE) VALUES ('frontend', 'general.menu.tools.skin.mediumfont', 'Fuente mediana', 'co-ES');
INSERT INTO OKM_TRANSLATION (TR_MODULE, TR_KEY, TR_TEXT, TR_LANGUAGE) VALUES ('frontend', 'general.menu.tools.skin.bigfont', 'Fuente grande', 'co-ES');
INSERT INTO OKM_TRANSLATION (TR_MODULE, TR_KEY, TR_TEXT, TR_LANGUAGE) VALUES ('frontend', 'general.menu.debug.console', 'Consola de depuracin', 'co-ES');
INSERT INTO OKM_TRANSLATION (TR_MODULE, TR_KEY, TR_TEXT, TR_LANGUAGE) VALUES ('frontend', 'general.menu.administration', 'Mostrar administracin', 'co-ES');
INSERT INTO OKM_TRANSLATION (TR_MODULE, TR_KEY, TR_TEXT, TR_LANGUAGE) VALUES ('frontend', 'general.menu.tools.preferences', 'Preferencias', 'co-ES');
INSERT INTO OKM_TRANSLATION (TR_MODULE, TR_KEY, TR_TEXT, TR_LANGUAGE) VALUES ('frontend', 'general.menu.tools.user.preferences', 'User configuration', 'co-ES');
INSERT INTO OKM_TRANSLATION (TR_MODULE, TR_KEY, TR_TEXT, TR_LANGUAGE) VALUES ('frontend', 'general.menu.bookmark', 'Marcadores', 'co-ES');
INSERT INTO OKM_TRANSLATION (TR_MODULE, TR_KEY, TR_TEXT, TR_LANGUAGE) VALUES ('frontend', 'general.menu.bookmark.home', 'Inicio', 'co-ES');
INSERT INTO OKM_TRANSLATION (TR_MODULE, TR_KEY, TR_TEXT, TR_LANGUAGE) VALUES ('frontend', 'general.menu.bookmark.default.home', 'Establecer inicio por defecto', 'co-ES');
INSERT INTO OKM_TRANSLATION (TR_MODULE, TR_KEY, TR_TEXT, TR_LANGUAGE) VALUES ('frontend', 'general.menu.bookmark.edit', 'Editar marcadores', 'co-ES');
INSERT INTO OKM_TRANSLATION (TR_MODULE, TR_KEY, TR_TEXT, TR_LANGUAGE) VALUES ('frontend', 'general.menu.help', 'Ayuda', 'co-ES');
INSERT INTO OKM_TRANSLATION (TR_MODULE, TR_KEY, TR_TEXT, TR_LANGUAGE) VALUES ('frontend', 'general.menu.bug.report', 'Reporte de errores', 'co-ES');
INSERT INTO OKM_TRANSLATION (TR_MODULE, TR_KEY, TR_TEXT, TR_LANGUAGE) VALUES ('frontend', 'general.menu.support.request', 'Solicitud soporte', 'co-ES');
INSERT INTO OKM_TRANSLATION (TR_MODULE, TR_KEY, TR_TEXT, TR_LANGUAGE) VALUES ('frontend', 'general.menu.public.forum', 'Foro pblico', 'co-ES');
INSERT INTO OKM_TRANSLATION (TR_MODULE, TR_KEY, TR_TEXT, TR_LANGUAGE) VALUES ('frontend', 'general.menu.project.web', 'Web del proyecto', 'co-ES');
INSERT INTO OKM_TRANSLATION (TR_MODULE, TR_KEY, TR_TEXT, TR_LANGUAGE) VALUES ('frontend', 'general.menu.documentation', 'Documentacin', 'co-ES');
INSERT INTO OKM_TRANSLATION (TR_MODULE, TR_KEY, TR_TEXT, TR_LANGUAGE) VALUES ('frontend', 'general.menu.version.changes', 'Notas de la versin', 'co-ES');
INSERT INTO OKM_TRANSLATION (TR_MODULE, TR_KEY, TR_TEXT, TR_LANGUAGE) VALUES ('frontend', 'general.menu.about', 'Sobre OpenKM', 'co-ES');
INSERT INTO OKM_TRANSLATION (TR_MODULE, TR_KEY, TR_TEXT, TR_LANGUAGE) VALUES ('frontend', 'general.connected', 'Conectado como', 'co-ES');
INSERT INTO OKM_TRANSLATION (TR_MODULE, TR_KEY, TR_TEXT, TR_LANGUAGE) VALUES ('frontend', 'filebrowser.name', 'Nombre', 'co-ES');
INSERT INTO OKM_TRANSLATION (TR_MODULE, TR_KEY, TR_TEXT, TR_LANGUAGE) VALUES ('frontend', 'filebrowser.date.update', 'Fecha de modificacin', 'co-ES');
INSERT INTO OKM_TRANSLATION (TR_MODULE, TR_KEY, TR_TEXT, TR_LANGUAGE) VALUES ('frontend', 'filebrowser.size', 'Tamao', 'co-ES');
INSERT INTO OKM_TRANSLATION (TR_MODULE, TR_KEY, TR_TEXT, TR_LANGUAGE) VALUES ('frontend', 'filebrowser.path', 'Ruta', 'co-ES');
INSERT INTO OKM_TRANSLATION (TR_MODULE, TR_KEY, TR_TEXT, TR_LANGUAGE) VALUES ('frontend', 'filebrowser.author', 'Autor', 'co-ES');
INSERT INTO OKM_TRANSLATION (TR_MODULE, TR_KEY, TR_TEXT, TR_LANGUAGE) VALUES ('frontend', 'filebrowser.version', 'Versin', 'co-ES');
INSERT INTO OKM_TRANSLATION (TR_MODULE, TR_KEY, TR_TEXT, TR_LANGUAGE) VALUES ('frontend', 'filebrowser.menu.checkout', 'Check-out', 'co-ES');
INSERT INTO OKM_TRANSLATION (TR_MODULE, TR_KEY, TR_TEXT, TR_LANGUAGE) VALUES ('frontend', 'filebrowser.menu.checkin', 'Check-in', 'co-ES');
INSERT INTO OKM_TRANSLATION (TR_MODULE, TR_KEY, TR_TEXT, TR_LANGUAGE) VALUES ('frontend', 'filebrowser.menu.delete', 'Eliminar', 'co-ES');
INSERT INTO OKM_TRANSLATION (TR_MODULE, TR_KEY, TR_TEXT, TR_LANGUAGE) VALUES ('frontend', 'filebrowser.menu.rename', 'Renombrar', 'co-ES');
INSERT INTO OKM_TRANSLATION (TR_MODULE, TR_KEY, TR_TEXT, TR_LANGUAGE) VALUES ('frontend', 'filebrowser.menu.checkout.cancel', 'Cancelar check-out', 'co-ES');
INSERT INTO OKM_TRANSLATION (TR_MODULE, TR_KEY, TR_TEXT, TR_LANGUAGE) VALUES ('frontend', 'filebrowser.menu.lock', 'Bloquear', 'co-ES');
INSERT INTO OKM_TRANSLATION (TR_MODULE, TR_KEY, TR_TEXT, TR_LANGUAGE) VALUES ('frontend', 'filebrowser.menu.unlock', 'Desbloquear', 'co-ES');
INSERT INTO OKM_TRANSLATION (TR_MODULE, TR_KEY, TR_TEXT, TR_LANGUAGE) VALUES ('frontend', 'filebrowser.menu.download', 'Descargar', 'co-ES');
INSERT INTO OKM_TRANSLATION (TR_MODULE, TR_KEY, TR_TEXT, TR_LANGUAGE) VALUES ('frontend', 'filebrowser.menu.move', 'Mover', 'co-ES');
INSERT INTO OKM_TRANSLATION (TR_MODULE, TR_KEY, TR_TEXT, TR_LANGUAGE) VALUES ('frontend', 'filebrowser.menu.copy', 'Copiar', 'co-ES');
INSERT INTO OKM_TRANSLATION (TR_MODULE, TR_KEY, TR_TEXT, TR_LANGUAGE) VALUES ('frontend', 'filebrowser.menu.create.from.template', 'Crear desde plantilla', 'co-ES');
INSERT INTO OKM_TRANSLATION (TR_MODULE, TR_KEY, TR_TEXT, TR_LANGUAGE) VALUES ('frontend', 'filebrowser.menu.add.property.group', 'Aadir grupo de propiedades', 'co-ES');
INSERT INTO OKM_TRANSLATION (TR_MODULE, TR_KEY, TR_TEXT, TR_LANGUAGE) VALUES ('frontend', 'filebrowser.menu.remove.property.group', 'Eliminar grupo de propiedades', 'co-ES');
INSERT INTO OKM_TRANSLATION (TR_MODULE, TR_KEY, TR_TEXT, TR_LANGUAGE) VALUES ('frontend', 'filebrowser.menu.start.workflow', 'Iniciar flujo', 'co-ES');
INSERT INTO OKM_TRANSLATION (TR_MODULE, TR_KEY, TR_TEXT, TR_LANGUAGE) VALUES ('frontend', 'filebrowser.menu.add.subscription', 'Aadir suscripcin', 'co-ES');
INSERT INTO OKM_TRANSLATION (TR_MODULE, TR_KEY, TR_TEXT, TR_LANGUAGE) VALUES ('frontend', 'filebrowser.menu.remove.subscription', 'Eliminar suscripcin', 'co-ES');
INSERT INTO OKM_TRANSLATION (TR_MODULE, TR_KEY, TR_TEXT, TR_LANGUAGE) VALUES ('frontend', 'filebrowser.menu.add.bookmark', 'Aadir marcador', 'co-ES');
INSERT INTO OKM_TRANSLATION (TR_MODULE, TR_KEY, TR_TEXT, TR_LANGUAGE) VALUES ('frontend', 'filebrowser.menu.set.home', 'Establecer inicio', 'co-ES');
INSERT INTO OKM_TRANSLATION (TR_MODULE, TR_KEY, TR_TEXT, TR_LANGUAGE) VALUES ('frontend', 'filebrowser.menu.refresh', 'Refrescar', 'co-ES');
INSERT INTO OKM_TRANSLATION (TR_MODULE, TR_KEY, TR_TEXT, TR_LANGUAGE) VALUES ('frontend', 'filebrowser.menu.export', 'Exportar a ZIP', 'co-ES');
INSERT INTO OKM_TRANSLATION (TR_MODULE, TR_KEY, TR_TEXT, TR_LANGUAGE) VALUES ('frontend', 'filebrowser.menu.play', 'Reproducir', 'co-ES');
INSERT INTO OKM_TRANSLATION (TR_MODULE, TR_KEY, TR_TEXT, TR_LANGUAGE) VALUES ('frontend', 'filebrowser.menu.image.viewer', 'Visor de imgenes', 'co-ES');
INSERT INTO OKM_TRANSLATION (TR_MODULE, TR_KEY, TR_TEXT, TR_LANGUAGE) VALUES ('frontend', 'filebrowser.status.refresh.folder', 'Actualizando lista de carpetas', 'co-ES');
INSERT INTO OKM_TRANSLATION (TR_MODULE, TR_KEY, TR_TEXT, TR_LANGUAGE) VALUES ('frontend', 'filebrowser.status.refresh.document', 'Actualizando lista de documentos', 'co-ES');
INSERT INTO OKM_TRANSLATION (TR_MODULE, TR_KEY, TR_TEXT, TR_LANGUAGE) VALUES ('frontend', 'filebrowser.status.refresh.mail', 'Actualizando lista de correos electrnicos', 'co-ES');
INSERT INTO OKM_TRANSLATION (TR_MODULE, TR_KEY, TR_TEXT, TR_LANGUAGE) VALUES ('frontend', 'filebrowser.status.refresh.delete.folder', 'Eliminando carpeta', 'co-ES');
INSERT INTO OKM_TRANSLATION (TR_MODULE, TR_KEY, TR_TEXT, TR_LANGUAGE) VALUES ('frontend', 'filebrowser.status.refresh.delete.document', 'Eliminando documento', 'co-ES');
INSERT INTO OKM_TRANSLATION (TR_MODULE, TR_KEY, TR_TEXT, TR_LANGUAGE) VALUES ('frontend', 'filebrowser.status.refresh.checkout', 'Realizando checkout', 'co-ES');
INSERT INTO OKM_TRANSLATION (TR_MODULE, TR_KEY, TR_TEXT, TR_LANGUAGE) VALUES ('frontend', 'filebrowser.status.refresh.lock', 'Estableciendo lock', 'co-ES');
INSERT INTO OKM_TRANSLATION (TR_MODULE, TR_KEY, TR_TEXT, TR_LANGUAGE) VALUES ('frontend', 'filebrowser.status.refresh.unlock', 'Eliminando lock', 'co-ES');
INSERT INTO OKM_TRANSLATION (TR_MODULE, TR_KEY, TR_TEXT, TR_LANGUAGE) VALUES ('frontend', 'filebrowser.status.refresh.document.rename', 'Renombrando documento', 'co-ES');
INSERT INTO OKM_TRANSLATION (TR_MODULE, TR_KEY, TR_TEXT, TR_LANGUAGE) VALUES ('frontend', 'filebrowser.status.refresh.folder.rename', 'Renombrando carpeta', 'co-ES');
INSERT INTO OKM_TRANSLATION (TR_MODULE, TR_KEY, TR_TEXT, TR_LANGUAGE) VALUES ('frontend', 'filebrowser.status.refresh.document.purge', 'Eliminando documento', 'co-ES');
INSERT INTO OKM_TRANSLATION (TR_MODULE, TR_KEY, TR_TEXT, TR_LANGUAGE) VALUES ('frontend', 'filebrowser.status.refresh.folder.purge', 'Eliminando carpeta', 'co-ES');
INSERT INTO OKM_TRANSLATION (TR_MODULE, TR_KEY, TR_TEXT, TR_LANGUAGE) VALUES ('frontend', 'filebrowser.status.refresh.folder.get', 'Actualizando carpeta', 'co-ES');
INSERT INTO OKM_TRANSLATION (TR_MODULE, TR_KEY, TR_TEXT, TR_LANGUAGE) VALUES ('frontend', 'filebrowser.status.refresh.document.get', 'Actualizando documento', 'co-ES');
INSERT INTO OKM_TRANSLATION (TR_MODULE, TR_KEY, TR_TEXT, TR_LANGUAGE) VALUES ('frontend', 'filebrowser.status.refresh.add.subscription', 'Estableciendo suscripcin', 'co-ES');
INSERT INTO OKM_TRANSLATION (TR_MODULE, TR_KEY, TR_TEXT, TR_LANGUAGE) VALUES ('frontend', 'filebrowser.status.refresh.remove.subscription', 'Eliminando suscripcin', 'co-ES');
INSERT INTO OKM_TRANSLATION (TR_MODULE, TR_KEY, TR_TEXT, TR_LANGUAGE) VALUES ('frontend', 'filebrowser.status.refresh.get.user.home', 'Obteniendo inicio', 'co-ES');
INSERT INTO OKM_TRANSLATION (TR_MODULE, TR_KEY, TR_TEXT, TR_LANGUAGE) VALUES ('frontend', 'filebrowser.status.refresh.delete.mail', 'Eliminando correo electrnico', 'co-ES');
INSERT INTO OKM_TRANSLATION (TR_MODULE, TR_KEY, TR_TEXT, TR_LANGUAGE) VALUES ('frontend', 'filebrowser.status.refresh.mail.purge', 'Eliminando correo electrnico', 'co-ES');
INSERT INTO OKM_TRANSLATION (TR_MODULE, TR_KEY, TR_TEXT, TR_LANGUAGE) VALUES ('frontend', 'fileupload.send', 'Enviar', 'co-ES');
INSERT INTO OKM_TRANSLATION (TR_MODULE, TR_KEY, TR_TEXT, TR_LANGUAGE) VALUES ('frontend', 'fileupload.status.sending', 'Subiendo el archivo...', 'co-ES');
INSERT INTO OKM_TRANSLATION (TR_MODULE, TR_KEY, TR_TEXT, TR_LANGUAGE) VALUES ('frontend', 'fileupload.status.indexing', 'Indexando el archivo...', 'co-ES');
INSERT INTO OKM_TRANSLATION (TR_MODULE, TR_KEY, TR_TEXT, TR_LANGUAGE) VALUES ('frontend', 'fileupload.status.ok', 'Envo completado correctamente', 'co-ES');
INSERT INTO OKM_TRANSLATION (TR_MODULE, TR_KEY, TR_TEXT, TR_LANGUAGE) VALUES ('frontend', 'fileupload.upload.status', 'Estado envio', 'co-ES');
INSERT INTO OKM_TRANSLATION (TR_MODULE, TR_KEY, TR_TEXT, TR_LANGUAGE) VALUES ('frontend', 'fileupload.upload.uploaded', 'Completado', 'co-ES');
INSERT INTO OKM_TRANSLATION (TR_MODULE, TR_KEY, TR_TEXT, TR_LANGUAGE) VALUES ('frontend', 'fileupload.upload.completed', 'Envio completado', 'co-ES');
INSERT INTO OKM_TRANSLATION (TR_MODULE, TR_KEY, TR_TEXT, TR_LANGUAGE) VALUES ('frontend', 'fileupload.upload.runtime', 'Tiempo de ejecucin', 'co-ES');
INSERT INTO OKM_TRANSLATION (TR_MODULE, TR_KEY, TR_TEXT, TR_LANGUAGE) VALUES ('frontend', 'fileupload.upload.remaining', 'falta', 'co-ES');
INSERT INTO OKM_TRANSLATION (TR_MODULE, TR_KEY, TR_TEXT, TR_LANGUAGE) VALUES ('frontend', 'fileupload.button.close', 'Cerrar', 'co-ES');
INSERT INTO OKM_TRANSLATION (TR_MODULE, TR_KEY, TR_TEXT, TR_LANGUAGE) VALUES ('frontend', 'fileupload.button.add.other.file', 'Aadir otro archivo', 'co-ES');
INSERT INTO OKM_TRANSLATION (TR_MODULE, TR_KEY, TR_TEXT, TR_LANGUAGE) VALUES ('frontend', 'fileupload.status.move.file', 'Moviendo el archivo...', 'co-ES');
INSERT INTO OKM_TRANSLATION (TR_MODULE, TR_KEY, TR_TEXT, TR_LANGUAGE) VALUES ('frontend', 'fileupload.status.move.mail', 'Moviendo el correo electrnico...', 'co-ES');
INSERT INTO OKM_TRANSLATION (TR_MODULE, TR_KEY, TR_TEXT, TR_LANGUAGE) VALUES ('frontend', 'fileupload.status.copy.file', 'Copiando el archivo...', 'co-ES');
INSERT INTO OKM_TRANSLATION (TR_MODULE, TR_KEY, TR_TEXT, TR_LANGUAGE) VALUES ('frontend', 'fileupload.status.copy.mail', 'Copiando el correo electrnico...', 'co-ES');
INSERT INTO OKM_TRANSLATION (TR_MODULE, TR_KEY, TR_TEXT, TR_LANGUAGE) VALUES ('frontend', 'fileupload.status.restore.file', 'Restaurando el archivo...', 'co-ES');
INSERT INTO OKM_TRANSLATION (TR_MODULE, TR_KEY, TR_TEXT, TR_LANGUAGE) VALUES ('frontend', 'fileupload.status.restore.mail', 'Restaurando el correo electrnico...', 'co-ES');
INSERT INTO OKM_TRANSLATION (TR_MODULE, TR_KEY, TR_TEXT, TR_LANGUAGE) VALUES ('frontend', 'fileupload.status.move.folder', 'Moviendo la carpeta...', 'co-ES');
INSERT INTO OKM_TRANSLATION (TR_MODULE, TR_KEY, TR_TEXT, TR_LANGUAGE) VALUES ('frontend', 'fileupload.status.copy.folder', 'Copiando la carpeta...', 'co-ES');
INSERT INTO OKM_TRANSLATION (TR_MODULE, TR_KEY, TR_TEXT, TR_LANGUAGE) VALUES ('frontend', 'fileupload.status.restore.folder', 'Restaurando la carpeta...', 'co-ES');
INSERT INTO OKM_TRANSLATION (TR_MODULE, TR_KEY, TR_TEXT, TR_LANGUAGE) VALUES ('frontend', 'fileupload.status.create.from.template', 'Creando el archivo desde la plantilla...', 'co-ES');
INSERT INTO OKM_TRANSLATION (TR_MODULE, TR_KEY, TR_TEXT, TR_LANGUAGE) VALUES ('frontend', 'fileupload.status.of', 'de', 'co-ES');
INSERT INTO OKM_TRANSLATION (TR_MODULE, TR_KEY, TR_TEXT, TR_LANGUAGE) VALUES ('frontend', 'fileupload.label.insert', 'Insercin de documentos', 'co-ES');
INSERT INTO OKM_TRANSLATION (TR_MODULE, TR_KEY, TR_TEXT, TR_LANGUAGE) VALUES ('frontend', 'fileupload.label.update', 'Actualizacin de documentos', 'co-ES');
INSERT INTO OKM_TRANSLATION (TR_MODULE, TR_KEY, TR_TEXT, TR_LANGUAGE) VALUES ('frontend', 'fileupload.label.users.notify', 'Notificar a los usuarios', 'co-ES');
INSERT INTO OKM_TRANSLATION (TR_MODULE, TR_KEY, TR_TEXT, TR_LANGUAGE) VALUES ('frontend', 'fileupload.label.comment', 'Comentario', 'co-ES');
INSERT INTO OKM_TRANSLATION (TR_MODULE, TR_KEY, TR_TEXT, TR_LANGUAGE) VALUES ('frontend', 'fileupload.label.users.to.notify"', '  "Usuarios a notificar', 'co-ES');
INSERT INTO OKM_TRANSLATION (TR_MODULE, TR_KEY, TR_TEXT, TR_LANGUAGE) VALUES ('frontend', 'fileupload.label.users"', '  "Usuarios', 'co-ES');
INSERT INTO OKM_TRANSLATION (TR_MODULE, TR_KEY, TR_TEXT, TR_LANGUAGE) VALUES ('frontend', 'fileupload.label.groups.to.notify', 'Grupos a notificar', 'co-ES');
INSERT INTO OKM_TRANSLATION (TR_MODULE, TR_KEY, TR_TEXT, TR_LANGUAGE) VALUES ('frontend', 'fileupload.label.groups', 'Grupos', 'co-ES');
INSERT INTO OKM_TRANSLATION (TR_MODULE, TR_KEY, TR_TEXT, TR_LANGUAGE) VALUES ('frontend', 'fileupload.label.must.select.users"', '  "Seleccione algn usuario al que notificar', 'co-ES');
INSERT INTO OKM_TRANSLATION (TR_MODULE, TR_KEY, TR_TEXT, TR_LANGUAGE) VALUES ('frontend', 'fileupload.label.importZip', 'Importar documentos desde ZIP', 'co-ES');
INSERT INTO OKM_TRANSLATION (TR_MODULE, TR_KEY, TR_TEXT, TR_LANGUAGE) VALUES ('frontend', 'fileupload.label.notify.comment', 'Mensaje de notificacin', 'co-ES');
INSERT INTO OKM_TRANSLATION (TR_MODULE, TR_KEY, TR_TEXT, TR_LANGUAGE) VALUES ('frontend', 'fileupload.label.error.importing.zip', 'Error al importar el archivo', 'co-ES');
INSERT INTO OKM_TRANSLATION (TR_MODULE, TR_KEY, TR_TEXT, TR_LANGUAGE) VALUES ('frontend', 'fileupload.label.error.move.file', 'Error moviendo el archivo', 'co-ES');
INSERT INTO OKM_TRANSLATION (TR_MODULE, TR_KEY, TR_TEXT, TR_LANGUAGE) VALUES ('frontend', 'fileupload.label.error.move.mail', 'Error moviendo el correo electrnico', 'co-ES');
INSERT INTO OKM_TRANSLATION (TR_MODULE, TR_KEY, TR_TEXT, TR_LANGUAGE) VALUES ('frontend', 'fileupload.label.error.copy.file', 'Error copiando el archivo', 'co-ES');
INSERT INTO OKM_TRANSLATION (TR_MODULE, TR_KEY, TR_TEXT, TR_LANGUAGE) VALUES ('frontend', 'fileupload.label.error.copy.mail', 'Error copiando el correo electrnico', 'co-ES');
INSERT INTO OKM_TRANSLATION (TR_MODULE, TR_KEY, TR_TEXT, TR_LANGUAGE) VALUES ('frontend', 'fileupload.label.error.restore.file', 'Error restaurando el archivo', 'co-ES');
INSERT INTO OKM_TRANSLATION (TR_MODULE, TR_KEY, TR_TEXT, TR_LANGUAGE) VALUES ('frontend', 'fileupload.label.error.restore.mail', 'Error restaurando el correo electrnico', 'co-ES');
INSERT INTO OKM_TRANSLATION (TR_MODULE, TR_KEY, TR_TEXT, TR_LANGUAGE) VALUES ('frontend', 'fileupload.label.error.move.folder', 'Error moviendo la carpeta', 'co-ES');
INSERT INTO OKM_TRANSLATION (TR_MODULE, TR_KEY, TR_TEXT, TR_LANGUAGE) VALUES ('frontend', 'fileupload.label.error.copy.folder', 'Error copiando la carpeta', 'co-ES');
INSERT INTO OKM_TRANSLATION (TR_MODULE, TR_KEY, TR_TEXT, TR_LANGUAGE) VALUES ('frontend', 'fileupload.label.error.restore.folder', 'Error restaurando la carpeta', 'co-ES');
INSERT INTO OKM_TRANSLATION (TR_MODULE, TR_KEY, TR_TEXT, TR_LANGUAGE) VALUES ('frontend', 'fileupload.label.error.create.from.template', 'Error creando archivo desde la plantilla', 'co-ES');
INSERT INTO OKM_TRANSLATION (TR_MODULE, TR_KEY, TR_TEXT, TR_LANGUAGE) VALUES ('frontend', 'fileupload.label.error.not.allowed.move.folder.child', 'No se permite mover en la carpeta origen o hijas', 'co-ES');
INSERT INTO OKM_TRANSLATION (TR_MODULE, TR_KEY, TR_TEXT, TR_LANGUAGE) VALUES ('frontend', 'fileupload.label.error.not.allowed.copy.same.folder', 'No se permite copiar en la carpeta origen', 'co-ES');
INSERT INTO OKM_TRANSLATION (TR_MODULE, TR_KEY, TR_TEXT, TR_LANGUAGE) VALUES ('frontend', 'fileupload.label.error.not.allowed.create.from.template.same.folder', 'No se permite crear un archivo en la carpeta origen', 'co-ES');
INSERT INTO OKM_TRANSLATION (TR_MODULE, TR_KEY, TR_TEXT, TR_LANGUAGE) VALUES ('frontend', 'tab.document.properties', 'Propiedades', 'co-ES');
INSERT INTO OKM_TRANSLATION (TR_MODULE, TR_KEY, TR_TEXT, TR_LANGUAGE) VALUES ('frontend', 'tab.document.notes', 'Notas', 'co-ES');
INSERT INTO OKM_TRANSLATION (TR_MODULE, TR_KEY, TR_TEXT, TR_LANGUAGE) VALUES ('frontend', 'tab.document.history', 'Historial', 'co-ES');
INSERT INTO OKM_TRANSLATION (TR_MODULE, TR_KEY, TR_TEXT, TR_LANGUAGE) VALUES ('frontend', 'tab.document.status.history', 'Actualizando historial', 'co-ES');
INSERT INTO OKM_TRANSLATION (TR_MODULE, TR_KEY, TR_TEXT, TR_LANGUAGE) VALUES ('frontend', 'tab.status.security.role', 'Actualizando seguridad roles', 'co-ES');
INSERT INTO OKM_TRANSLATION (TR_MODULE, TR_KEY, TR_TEXT, TR_LANGUAGE) VALUES ('frontend', 'tab.status.security.user', 'Actualizando seguridad usuarios', 'co-ES');
INSERT INTO OKM_TRANSLATION (TR_MODULE, TR_KEY, TR_TEXT, TR_LANGUAGE) VALUES ('frontend', 'tab.document.status.group.properties', 'Actualizando grupo de propiedades', 'co-ES');
INSERT INTO OKM_TRANSLATION (TR_MODULE, TR_KEY, TR_TEXT, TR_LANGUAGE) VALUES ('frontend', 'tab.document.status.set.keywords', 'Estableciendo palabras clave', 'co-ES');
INSERT INTO OKM_TRANSLATION (TR_MODULE, TR_KEY, TR_TEXT, TR_LANGUAGE) VALUES ('frontend', 'tab.document.status.set.categories', 'Actualizando categoras', 'co-ES');
INSERT INTO OKM_TRANSLATION (TR_MODULE, TR_KEY, TR_TEXT, TR_LANGUAGE) VALUES ('frontend', 'tab.document.status.get.version.history.size', 'Refrescando el tamao del histrico del documento', 'co-ES');
INSERT INTO OKM_TRANSLATION (TR_MODULE, TR_KEY, TR_TEXT, TR_LANGUAGE) VALUES ('frontend', 'tab.document.status.purge.version.history', 'Compactando el histrico de documentos', 'co-ES');
INSERT INTO OKM_TRANSLATION (TR_MODULE, TR_KEY, TR_TEXT, TR_LANGUAGE) VALUES ('frontend', 'tab.document.status.restore.version', 'Restaurando la versin del documento', 'co-ES');
INSERT INTO OKM_TRANSLATION (TR_MODULE, TR_KEY, TR_TEXT, TR_LANGUAGE) VALUES ('frontend', 'tab.document.security', 'Seguridad', 'co-ES');
INSERT INTO OKM_TRANSLATION (TR_MODULE, TR_KEY, TR_TEXT, TR_LANGUAGE) VALUES ('frontend', 'tab.document.preview', 'Previsualizar', 'co-ES');
INSERT INTO OKM_TRANSLATION (TR_MODULE, TR_KEY, TR_TEXT, TR_LANGUAGE) VALUES ('frontend', 'tab.folder.properties', 'Propiedades', 'co-ES');
INSERT INTO OKM_TRANSLATION (TR_MODULE, TR_KEY, TR_TEXT, TR_LANGUAGE) VALUES ('frontend', 'tab.folder.security', 'Seguridad', 'co-ES');
INSERT INTO OKM_TRANSLATION (TR_MODULE, TR_KEY, TR_TEXT, TR_LANGUAGE) VALUES ('frontend', 'tab.workspace.desktop', 'Escritorio', 'co-ES');
INSERT INTO OKM_TRANSLATION (TR_MODULE, TR_KEY, TR_TEXT, TR_LANGUAGE) VALUES ('frontend', 'tab.workspace.search', 'Buscador', 'co-ES');
INSERT INTO OKM_TRANSLATION (TR_MODULE, TR_KEY, TR_TEXT, TR_LANGUAGE) VALUES ('frontend', 'tab.workspace.dashboard', 'Tablero de mando', 'co-ES');
INSERT INTO OKM_TRANSLATION (TR_MODULE, TR_KEY, TR_TEXT, TR_LANGUAGE) VALUES ('frontend', 'tab.workspace.administration', 'Administracin', 'co-ES');
INSERT INTO OKM_TRANSLATION (TR_MODULE, TR_KEY, TR_TEXT, TR_LANGUAGE) VALUES ('frontend', 'document.uuid', 'UUID', 'co-ES');
INSERT INTO OKM_TRANSLATION (TR_MODULE, TR_KEY, TR_TEXT, TR_LANGUAGE) VALUES ('frontend', 'document.name', 'Nombre', 'co-ES');
INSERT INTO OKM_TRANSLATION (TR_MODULE, TR_KEY, TR_TEXT, TR_LANGUAGE) VALUES ('frontend', 'document.folder', 'Carpeta', 'co-ES');
INSERT INTO OKM_TRANSLATION (TR_MODULE, TR_KEY, TR_TEXT, TR_LANGUAGE) VALUES ('frontend', 'document.size', 'Tamao', 'co-ES');
INSERT INTO OKM_TRANSLATION (TR_MODULE, TR_KEY, TR_TEXT, TR_LANGUAGE) VALUES ('frontend', 'document.created', 'Creado', 'co-ES');
INSERT INTO OKM_TRANSLATION (TR_MODULE, TR_KEY, TR_TEXT, TR_LANGUAGE) VALUES ('frontend', 'document.lastmodified', 'Modificado', 'co-ES');
INSERT INTO OKM_TRANSLATION (TR_MODULE, TR_KEY, TR_TEXT, TR_LANGUAGE) VALUES ('frontend', 'document.mimetype', 'Tipo MIME', 'co-ES');
INSERT INTO OKM_TRANSLATION (TR_MODULE, TR_KEY, TR_TEXT, TR_LANGUAGE) VALUES ('frontend', 'document.keywords', 'Palabras clave', 'co-ES');
INSERT INTO OKM_TRANSLATION (TR_MODULE, TR_KEY, TR_TEXT, TR_LANGUAGE) VALUES ('frontend', 'document.by', 'por', 'co-ES');
INSERT INTO OKM_TRANSLATION (TR_MODULE, TR_KEY, TR_TEXT, TR_LANGUAGE) VALUES ('frontend', 'document.status', 'Estado', 'co-ES');
INSERT INTO OKM_TRANSLATION (TR_MODULE, TR_KEY, TR_TEXT, TR_LANGUAGE) VALUES ('frontend', 'document.status.checkout', 'Editado por', 'co-ES');
INSERT INTO OKM_TRANSLATION (TR_MODULE, TR_KEY, TR_TEXT, TR_LANGUAGE) VALUES ('frontend', 'document.status.locked', 'Bloqueado por', 'co-ES');
INSERT INTO OKM_TRANSLATION (TR_MODULE, TR_KEY, TR_TEXT, TR_LANGUAGE) VALUES ('frontend', 'document.status.normal', 'Disponible', 'co-ES');
INSERT INTO OKM_TRANSLATION (TR_MODULE, TR_KEY, TR_TEXT, TR_LANGUAGE) VALUES ('frontend', 'document.subscribed', 'Suscrito', 'co-ES');
INSERT INTO OKM_TRANSLATION (TR_MODULE, TR_KEY, TR_TEXT, TR_LANGUAGE) VALUES ('frontend', 'document.subscribed.yes', 'S', 'co-ES');
INSERT INTO OKM_TRANSLATION (TR_MODULE, TR_KEY, TR_TEXT, TR_LANGUAGE) VALUES ('frontend', 'document.subscribed.no', 'No', 'co-ES');
INSERT INTO OKM_TRANSLATION (TR_MODULE, TR_KEY, TR_TEXT, TR_LANGUAGE) VALUES ('frontend', 'document.history.size', 'Tamao del histrico', 'co-ES');
INSERT INTO OKM_TRANSLATION (TR_MODULE, TR_KEY, TR_TEXT, TR_LANGUAGE) VALUES ('frontend', 'document.subscribed.users', 'Usuarios suscritos', 'co-ES');
INSERT INTO OKM_TRANSLATION (TR_MODULE, TR_KEY, TR_TEXT, TR_LANGUAGE) VALUES ('frontend', 'document.url', 'URL', 'co-ES');
INSERT INTO OKM_TRANSLATION (TR_MODULE, TR_KEY, TR_TEXT, TR_LANGUAGE) VALUES ('frontend', 'document.webdav', 'WebDAV', 'co-ES');
INSERT INTO OKM_TRANSLATION (TR_MODULE, TR_KEY, TR_TEXT, TR_LANGUAGE) VALUES ('frontend', 'document.add.note', 'Aadir nota', 'co-ES');
INSERT INTO OKM_TRANSLATION (TR_MODULE, TR_KEY, TR_TEXT, TR_LANGUAGE) VALUES ('frontend', 'document.keywords.cloud', 'Nube de palabras clave', 'co-ES');
INSERT INTO OKM_TRANSLATION (TR_MODULE, TR_KEY, TR_TEXT, TR_LANGUAGE) VALUES ('frontend', 'document.categories', 'Categoras', 'co-ES');
INSERT INTO OKM_TRANSLATION (TR_MODULE, TR_KEY, TR_TEXT, TR_LANGUAGE) VALUES ('frontend', 'folder.uuid', 'UUID', 'co-ES');
INSERT INTO OKM_TRANSLATION (TR_MODULE, TR_KEY, TR_TEXT, TR_LANGUAGE) VALUES ('frontend', 'folder.name', 'Nombre', 'co-ES');
INSERT INTO OKM_TRANSLATION (TR_MODULE, TR_KEY, TR_TEXT, TR_LANGUAGE) VALUES ('frontend', 'folder.parent', 'Padre', 'co-ES');
INSERT INTO OKM_TRANSLATION (TR_MODULE, TR_KEY, TR_TEXT, TR_LANGUAGE) VALUES ('frontend', 'folder.created', 'Creado', 'co-ES');
INSERT INTO OKM_TRANSLATION (TR_MODULE, TR_KEY, TR_TEXT, TR_LANGUAGE) VALUES ('frontend', 'folder.by', 'por', 'co-ES');
INSERT INTO OKM_TRANSLATION (TR_MODULE, TR_KEY, TR_TEXT, TR_LANGUAGE) VALUES ('frontend', 'folder.subscribed', 'Suscrito', 'co-ES');
INSERT INTO OKM_TRANSLATION (TR_MODULE, TR_KEY, TR_TEXT, TR_LANGUAGE) VALUES ('frontend', 'folder.subscribed.yes', 'S', 'co-ES');
INSERT INTO OKM_TRANSLATION (TR_MODULE, TR_KEY, TR_TEXT, TR_LANGUAGE) VALUES ('frontend', 'folder.subscribed.no', 'No', 'co-ES');
INSERT INTO OKM_TRANSLATION (TR_MODULE, TR_KEY, TR_TEXT, TR_LANGUAGE) VALUES ('frontend', 'folder.subscribed.users', 'Usuarios suscritos', 'co-ES');
INSERT INTO OKM_TRANSLATION (TR_MODULE, TR_KEY, TR_TEXT, TR_LANGUAGE) VALUES ('frontend', 'folder.url', 'URL', 'co-ES');
INSERT INTO OKM_TRANSLATION (TR_MODULE, TR_KEY, TR_TEXT, TR_LANGUAGE) VALUES ('frontend', 'folder.webdav', 'WebDAV', 'co-ES');
INSERT INTO OKM_TRANSLATION (TR_MODULE, TR_KEY, TR_TEXT, TR_LANGUAGE) VALUES ('frontend', 'folder.number.folders', 'Carpetas', 'co-ES');
INSERT INTO OKM_TRANSLATION (TR_MODULE, TR_KEY, TR_TEXT, TR_LANGUAGE) VALUES ('frontend', 'folder.number.documents', 'Documentos', 'co-ES');
INSERT INTO OKM_TRANSLATION (TR_MODULE, TR_KEY, TR_TEXT, TR_LANGUAGE) VALUES ('frontend', 'folder.number.mails', 'Correos electrnicos', 'co-ES');
INSERT INTO OKM_TRANSLATION (TR_MODULE, TR_KEY, TR_TEXT, TR_LANGUAGE) VALUES ('frontend', 'version.name', 'Versin', 'co-ES');
INSERT INTO OKM_TRANSLATION (TR_MODULE, TR_KEY, TR_TEXT, TR_LANGUAGE) VALUES ('frontend', 'version.created', 'Fecha', 'co-ES');
INSERT INTO OKM_TRANSLATION (TR_MODULE, TR_KEY, TR_TEXT, TR_LANGUAGE) VALUES ('frontend', 'version.author', 'Autor', 'co-ES');
INSERT INTO OKM_TRANSLATION (TR_MODULE, TR_KEY, TR_TEXT, TR_LANGUAGE) VALUES ('frontend', 'version.size', 'Tamao', 'co-ES');
INSERT INTO OKM_TRANSLATION (TR_MODULE, TR_KEY, TR_TEXT, TR_LANGUAGE) VALUES ('frontend', 'version.purge.document', 'Compactar histrico', 'co-ES');
INSERT INTO OKM_TRANSLATION (TR_MODULE, TR_KEY, TR_TEXT, TR_LANGUAGE) VALUES ('frontend', 'version.comment', 'Comentario', 'co-ES');
INSERT INTO OKM_TRANSLATION (TR_MODULE, TR_KEY, TR_TEXT, TR_LANGUAGE) VALUES ('frontend', 'security.label', 'Seguridad', 'co-ES');
INSERT INTO OKM_TRANSLATION (TR_MODULE, TR_KEY, TR_TEXT, TR_LANGUAGE) VALUES ('frontend', 'security.group.name', 'Grupo', 'co-ES');
INSERT INTO OKM_TRANSLATION (TR_MODULE, TR_KEY, TR_TEXT, TR_LANGUAGE) VALUES ('frontend', 'security.group.permission.read', 'Lectura', 'co-ES');
INSERT INTO OKM_TRANSLATION (TR_MODULE, TR_KEY, TR_TEXT, TR_LANGUAGE) VALUES ('frontend', 'security.group.permission.write', 'Escritura', 'co-ES');
INSERT INTO OKM_TRANSLATION (TR_MODULE, TR_KEY, TR_TEXT, TR_LANGUAGE) VALUES ('frontend', 'security.group.permission.delete', 'Borrado', 'co-ES');
INSERT INTO OKM_TRANSLATION (TR_MODULE, TR_KEY, TR_TEXT, TR_LANGUAGE) VALUES ('frontend', 'security.group.permission.security', 'Seguridad', 'co-ES');
INSERT INTO OKM_TRANSLATION (TR_MODULE, TR_KEY, TR_TEXT, TR_LANGUAGE) VALUES ('frontend', 'security.user.name', 'Usuario', 'co-ES');
INSERT INTO OKM_TRANSLATION (TR_MODULE, TR_KEY, TR_TEXT, TR_LANGUAGE) VALUES ('frontend', 'security.user.permission.read', 'Lectura', 'co-ES');
INSERT INTO OKM_TRANSLATION (TR_MODULE, TR_KEY, TR_TEXT, TR_LANGUAGE) VALUES ('frontend', 'security.user.permission.write', 'Escritura', 'co-ES');
INSERT INTO OKM_TRANSLATION (TR_MODULE, TR_KEY, TR_TEXT, TR_LANGUAGE) VALUES ('frontend', 'security.user.permission.delete', 'Borrado', 'co-ES');
INSERT INTO OKM_TRANSLATION (TR_MODULE, TR_KEY, TR_TEXT, TR_LANGUAGE) VALUES ('frontend', 'security.user.permission.security', 'Seguridad', 'co-ES');
INSERT INTO OKM_TRANSLATION (TR_MODULE, TR_KEY, TR_TEXT, TR_LANGUAGE) VALUES ('frontend', 'security.users', 'Usuarios', 'co-ES');
INSERT INTO OKM_TRANSLATION (TR_MODULE, TR_KEY, TR_TEXT, TR_LANGUAGE) VALUES ('frontend', 'security.groups', 'Grupos', 'co-ES');
INSERT INTO OKM_TRANSLATION (TR_MODULE, TR_KEY, TR_TEXT, TR_LANGUAGE) VALUES ('frontend', 'security.recursive', 'Aplicar cambios de forma recursiva', 'co-ES');
INSERT INTO OKM_TRANSLATION (TR_MODULE, TR_KEY, TR_TEXT, TR_LANGUAGE) VALUES ('frontend', 'secutiry.filter.by.users', 'Filtro de usuarios', 'co-ES');
INSERT INTO OKM_TRANSLATION (TR_MODULE, TR_KEY, TR_TEXT, TR_LANGUAGE) VALUES ('frontend', 'secutiry.filter.by.groups', 'Filtro de grupos', 'co-ES');
INSERT INTO OKM_TRANSLATION (TR_MODULE, TR_KEY, TR_TEXT, TR_LANGUAGE) VALUES ('frontend', 'security.status.updating', 'Actualizando la seguridad', 'co-ES');
INSERT INTO OKM_TRANSLATION (TR_MODULE, TR_KEY, TR_TEXT, TR_LANGUAGE) VALUES ('frontend', 'preview.unavailable', 'Previsualizacin no disponible', 'co-ES');
INSERT INTO OKM_TRANSLATION (TR_MODULE, TR_KEY, TR_TEXT, TR_LANGUAGE) VALUES ('frontend', 'mail.from', 'Desde', 'co-ES');
INSERT INTO OKM_TRANSLATION (TR_MODULE, TR_KEY, TR_TEXT, TR_LANGUAGE) VALUES ('frontend', 'mail.reply', 'Contestar a', 'co-ES');
INSERT INTO OKM_TRANSLATION (TR_MODULE, TR_KEY, TR_TEXT, TR_LANGUAGE) VALUES ('frontend', 'mail.to', 'Para', 'co-ES');
INSERT INTO OKM_TRANSLATION (TR_MODULE, TR_KEY, TR_TEXT, TR_LANGUAGE) VALUES ('frontend', 'mail.subject', 'Asunto', 'co-ES');
INSERT INTO OKM_TRANSLATION (TR_MODULE, TR_KEY, TR_TEXT, TR_LANGUAGE) VALUES ('frontend', 'mail.attachment', 'Archivos adjuntos', 'co-ES');
INSERT INTO OKM_TRANSLATION (TR_MODULE, TR_KEY, TR_TEXT, TR_LANGUAGE) VALUES ('frontend', 'error.label', 'El sistema ha generado un error', 'co-ES');
INSERT INTO OKM_TRANSLATION (TR_MODULE, TR_KEY, TR_TEXT, TR_LANGUAGE) VALUES ('frontend', 'error.invocation', 'Error de comunicacin con el servidor', 'co-ES');
INSERT INTO OKM_TRANSLATION (TR_MODULE, TR_KEY, TR_TEXT, TR_LANGUAGE) VALUES ('frontend', 'about.label', 'Sobre OpenKM', 'co-ES');
INSERT INTO OKM_TRANSLATION (TR_MODULE, TR_KEY, TR_TEXT, TR_LANGUAGE) VALUES ('frontend', 'about.loading', 'Cargando ...', 'co-ES');
INSERT INTO OKM_TRANSLATION (TR_MODULE, TR_KEY, TR_TEXT, TR_LANGUAGE) VALUES ('frontend', 'logout.label', 'Salir', 'co-ES');
INSERT INTO OKM_TRANSLATION (TR_MODULE, TR_KEY, TR_TEXT, TR_LANGUAGE) VALUES ('frontend', 'logout.closed', 'OpenKM se ha cerrado correctamente.', 'co-ES');
INSERT INTO OKM_TRANSLATION (TR_MODULE, TR_KEY, TR_TEXT, TR_LANGUAGE) VALUES ('frontend', 'logout.logout', 'OpenKM se est cerrando; por favor espere un momento', 'co-ES');
INSERT INTO OKM_TRANSLATION (TR_MODULE, TR_KEY, TR_TEXT, TR_LANGUAGE) VALUES ('frontend', 'confirm.label', 'Confirmacin', 'co-ES');
INSERT INTO OKM_TRANSLATION (TR_MODULE, TR_KEY, TR_TEXT, TR_LANGUAGE) VALUES ('frontend', 'confirm.delete.folder', 'Seguro que desea eliminar la carpeta?', 'co-ES');
INSERT INTO OKM_TRANSLATION (TR_MODULE, TR_KEY, TR_TEXT, TR_LANGUAGE) VALUES ('frontend', 'confirm.delete.document', 'Seguro que desea eliminar el documento?', 'co-ES');
INSERT INTO OKM_TRANSLATION (TR_MODULE, TR_KEY, TR_TEXT, TR_LANGUAGE) VALUES ('frontend', 'confirm.delete.trash', 'Seguro que desea vaciar la papelera?', 'co-ES');
INSERT INTO OKM_TRANSLATION (TR_MODULE, TR_KEY, TR_TEXT, TR_LANGUAGE) VALUES ('frontend', 'confirm.purge.folder', 'Seguro que desea eliminar la carpeta?', 'co-ES');
INSERT INTO OKM_TRANSLATION (TR_MODULE, TR_KEY, TR_TEXT, TR_LANGUAGE) VALUES ('frontend', 'confirm.purge.document', 'Seguro que desea eliminar el documento?', 'co-ES');
INSERT INTO OKM_TRANSLATION (TR_MODULE, TR_KEY, TR_TEXT, TR_LANGUAGE) VALUES ('frontend', 'confirm.delete.propety.group', 'Seguro que desea eliminar el grupo de propiedades?', 'co-ES');
INSERT INTO OKM_TRANSLATION (TR_MODULE, TR_KEY, TR_TEXT, TR_LANGUAGE) VALUES ('frontend', 'confirm.purge.version.history.document', 'Seguro que desea eliminar el histrico del documento?', 'co-ES');
INSERT INTO OKM_TRANSLATION (TR_MODULE, TR_KEY, TR_TEXT, TR_LANGUAGE) VALUES ('frontend', 'confirm.purge.restore.document', 'Seguro que desea restaurar a esta versin del histrico del documento?', 'co-ES');
INSERT INTO OKM_TRANSLATION (TR_MODULE, TR_KEY, TR_TEXT, TR_LANGUAGE) VALUES ('frontend', 'confirm.set.default.home', 'Seguro que desea establecer el inicio por defecto?', 'co-ES');
INSERT INTO OKM_TRANSLATION (TR_MODULE, TR_KEY, TR_TEXT, TR_LANGUAGE) VALUES ('frontend', 'confirm.delete.saved.search', 'Seguro que desea eliminar la consulta almacenada?', 'co-ES');
INSERT INTO OKM_TRANSLATION (TR_MODULE, TR_KEY, TR_TEXT, TR_LANGUAGE) VALUES ('frontend', 'confirm.delete.user.news', 'Seguro que desea eliminar la novedad de usuario?', 'co-ES');
INSERT INTO OKM_TRANSLATION (TR_MODULE, TR_KEY, TR_TEXT, TR_LANGUAGE) VALUES ('frontend', 'confirm.delete.mail', 'Seguro que desea eliminar el correo electrnico?', 'co-ES');
INSERT INTO OKM_TRANSLATION (TR_MODULE, TR_KEY, TR_TEXT, TR_LANGUAGE) VALUES ('frontend', 'confirm.get.pooled.workflow.task', ' Seguro que desea asignarse esta tarea ?', 'co-ES');
INSERT INTO OKM_TRANSLATION (TR_MODULE, TR_KEY, TR_TEXT, TR_LANGUAGE) VALUES ('frontend', 'confirm.force.unlock', ' Seguro que desea forzar el desbloqueo del documento ?', 'co-ES');
INSERT INTO OKM_TRANSLATION (TR_MODULE, TR_KEY, TR_TEXT, TR_LANGUAGE) VALUES ('frontend', 'confirm.force.cancel.checkout', ' Seguro que desea forzar la cancelacin del documento editado ?', 'co-ES');
INSERT INTO OKM_TRANSLATION (TR_MODULE, TR_KEY, TR_TEXT, TR_LANGUAGE) VALUES ('frontend', 'search.context', 'Contexto', 'co-ES');
INSERT INTO OKM_TRANSLATION (TR_MODULE, TR_KEY, TR_TEXT, TR_LANGUAGE) VALUES ('frontend', 'search.content', 'Contenido', 'co-ES');
INSERT INTO OKM_TRANSLATION (TR_MODULE, TR_KEY, TR_TEXT, TR_LANGUAGE) VALUES ('frontend', 'search.name', 'Nombre', 'co-ES');
INSERT INTO OKM_TRANSLATION (TR_MODULE, TR_KEY, TR_TEXT, TR_LANGUAGE) VALUES ('frontend', 'search.keywords', 'Palabras clave', 'co-ES');
INSERT INTO OKM_TRANSLATION (TR_MODULE, TR_KEY, TR_TEXT, TR_LANGUAGE) VALUES ('frontend', 'search.folder', 'Carpeta', 'co-ES');
INSERT INTO OKM_TRANSLATION (TR_MODULE, TR_KEY, TR_TEXT, TR_LANGUAGE) VALUES ('frontend', 'search.category', 'Categora', 'co-ES');
INSERT INTO OKM_TRANSLATION (TR_MODULE, TR_KEY, TR_TEXT, TR_LANGUAGE) VALUES ('frontend', 'search.results', 'Resultados', 'co-ES');
INSERT INTO OKM_TRANSLATION (TR_MODULE, TR_KEY, TR_TEXT, TR_LANGUAGE) VALUES ('frontend', 'search.to', 'al', 'co-ES');
INSERT INTO OKM_TRANSLATION (TR_MODULE, TR_KEY, TR_TEXT, TR_LANGUAGE) VALUES ('frontend', 'search.page.results', 'Resultados por pgina', 'co-ES');
INSERT INTO OKM_TRANSLATION (TR_MODULE, TR_KEY, TR_TEXT, TR_LANGUAGE) VALUES ('frontend', 'search.add.property.group', 'Aadir propiedad de grupo', 'co-ES');
INSERT INTO OKM_TRANSLATION (TR_MODULE, TR_KEY, TR_TEXT, TR_LANGUAGE) VALUES ('frontend', 'search.mimetype', 'Tipo documento', 'co-ES');
INSERT INTO OKM_TRANSLATION (TR_MODULE, TR_KEY, TR_TEXT, TR_LANGUAGE) VALUES ('frontend', 'search.type', 'Tipo', 'co-ES');
INSERT INTO OKM_TRANSLATION (TR_MODULE, TR_KEY, TR_TEXT, TR_LANGUAGE) VALUES ('frontend', 'search.type.document', 'Documento', 'co-ES');
INSERT INTO OKM_TRANSLATION (TR_MODULE, TR_KEY, TR_TEXT, TR_LANGUAGE) VALUES ('frontend', 'search.type.folder', 'Carpeta', 'co-ES');
INSERT INTO OKM_TRANSLATION (TR_MODULE, TR_KEY, TR_TEXT, TR_LANGUAGE) VALUES ('frontend', 'search.type.mail', 'Correo electrnico', 'co-ES');
INSERT INTO OKM_TRANSLATION (TR_MODULE, TR_KEY, TR_TEXT, TR_LANGUAGE) VALUES ('frontend', 'search.advanced', 'Bsqueda avanzada', 'co-ES');
INSERT INTO OKM_TRANSLATION (TR_MODULE, TR_KEY, TR_TEXT, TR_LANGUAGE) VALUES ('frontend', 'search.user', 'Usuario', 'co-ES');
INSERT INTO OKM_TRANSLATION (TR_MODULE, TR_KEY, TR_TEXT, TR_LANGUAGE) VALUES ('frontend', 'search.date.and', 'y', 'co-ES');
INSERT INTO OKM_TRANSLATION (TR_MODULE, TR_KEY, TR_TEXT, TR_LANGUAGE) VALUES ('frontend', 'search.date.range', 'Rango de fechas entre', 'co-ES');
INSERT INTO OKM_TRANSLATION (TR_MODULE, TR_KEY, TR_TEXT, TR_LANGUAGE) VALUES ('frontend', 'search.save.as.news', 'Guardar como novedades de usuario', 'co-ES');
INSERT INTO OKM_TRANSLATION (TR_MODULE, TR_KEY, TR_TEXT, TR_LANGUAGE) VALUES ('frontend', 'search.folder.filter', 'Filtrado por carpeta', 'co-ES');
INSERT INTO OKM_TRANSLATION (TR_MODULE, TR_KEY, TR_TEXT, TR_LANGUAGE) VALUES ('frontend', 'search.category.filter', 'Filtrado por categoras', 'co-ES');
INSERT INTO OKM_TRANSLATION (TR_MODULE, TR_KEY, TR_TEXT, TR_LANGUAGE) VALUES ('frontend', 'search.result.name', 'Nombre', 'co-ES');
INSERT INTO OKM_TRANSLATION (TR_MODULE, TR_KEY, TR_TEXT, TR_LANGUAGE) VALUES ('frontend', 'search.result.score', 'Relevancia', 'co-ES');
INSERT INTO OKM_TRANSLATION (TR_MODULE, TR_KEY, TR_TEXT, TR_LANGUAGE) VALUES ('frontend', 'search.result.size', 'Tamao', 'co-ES');
INSERT INTO OKM_TRANSLATION (TR_MODULE, TR_KEY, TR_TEXT, TR_LANGUAGE) VALUES ('frontend', 'search.result.date.update', 'Fecha de modificacin', 'co-ES');
INSERT INTO OKM_TRANSLATION (TR_MODULE, TR_KEY, TR_TEXT, TR_LANGUAGE) VALUES ('frontend', 'search.result.author', 'Autor', 'co-ES');
INSERT INTO OKM_TRANSLATION (TR_MODULE, TR_KEY, TR_TEXT, TR_LANGUAGE) VALUES ('frontend', 'search.result.version', 'Versin', 'co-ES');
INSERT INTO OKM_TRANSLATION (TR_MODULE, TR_KEY, TR_TEXT, TR_LANGUAGE) VALUES ('frontend', 'search.result.path', 'Ubicacin', 'co-ES');
INSERT INTO OKM_TRANSLATION (TR_MODULE, TR_KEY, TR_TEXT, TR_LANGUAGE) VALUES ('frontend', 'search.result.menu.download', 'Descargar', 'co-ES');
INSERT INTO OKM_TRANSLATION (TR_MODULE, TR_KEY, TR_TEXT, TR_LANGUAGE) VALUES ('frontend', 'search.result.menu.go.folder', 'Ir a la carpeta', 'co-ES');
INSERT INTO OKM_TRANSLATION (TR_MODULE, TR_KEY, TR_TEXT, TR_LANGUAGE) VALUES ('frontend', 'search.result.menu.go.document', 'Ir al documento', 'co-ES');
INSERT INTO OKM_TRANSLATION (TR_MODULE, TR_KEY, TR_TEXT, TR_LANGUAGE) VALUES ('frontend', 'search.result.status.findPaginated', 'Ejecutando bsqueda', 'co-ES');
INSERT INTO OKM_TRANSLATION (TR_MODULE, TR_KEY, TR_TEXT, TR_LANGUAGE) VALUES ('frontend', 'search.result.status.runsearch', 'Ejecutando bsqueda almacenada', 'co-ES');
INSERT INTO OKM_TRANSLATION (TR_MODULE, TR_KEY, TR_TEXT, TR_LANGUAGE) VALUES ('frontend', 'search.saved.run', 'Ejecutar', 'co-ES');
INSERT INTO OKM_TRANSLATION (TR_MODULE, TR_KEY, TR_TEXT, TR_LANGUAGE) VALUES ('frontend', 'search.saved.delete', 'Eliminar', 'co-ES');
INSERT INTO OKM_TRANSLATION (TR_MODULE, TR_KEY, TR_TEXT, TR_LANGUAGE) VALUES ('frontend', 'search.saved.status.getsearchs', 'Actualizando bsquedas almacenadas', 'co-ES');
INSERT INTO OKM_TRANSLATION (TR_MODULE, TR_KEY, TR_TEXT, TR_LANGUAGE) VALUES ('frontend', 'search.saved.status.savesearch', 'Almacenando bsqueda', 'co-ES');
INSERT INTO OKM_TRANSLATION (TR_MODULE, TR_KEY, TR_TEXT, TR_LANGUAGE) VALUES ('frontend', 'search.saved.status.deletesearch', 'Eliminando bsqueda almacenada', 'co-ES');
INSERT INTO OKM_TRANSLATION (TR_MODULE, TR_KEY, TR_TEXT, TR_LANGUAGE) VALUES ('frontend', 'search.saved.status.getusernews', 'Actualizando las novedades de usuario', 'co-ES');
INSERT INTO OKM_TRANSLATION (TR_MODULE, TR_KEY, TR_TEXT, TR_LANGUAGE) VALUES ('frontend', 'button.close', 'Cerrar', 'co-ES');
INSERT INTO OKM_TRANSLATION (TR_MODULE, TR_KEY, TR_TEXT, TR_LANGUAGE) VALUES ('frontend', 'button.logout', 'Salir', 'co-ES');
INSERT INTO OKM_TRANSLATION (TR_MODULE, TR_KEY, TR_TEXT, TR_LANGUAGE) VALUES ('frontend', 'button.update', 'Actualizar', 'co-ES');
INSERT INTO OKM_TRANSLATION (TR_MODULE, TR_KEY, TR_TEXT, TR_LANGUAGE) VALUES ('frontend', 'button.cancel', 'Cancelar', 'co-ES');
INSERT INTO OKM_TRANSLATION (TR_MODULE, TR_KEY, TR_TEXT, TR_LANGUAGE) VALUES ('frontend', 'button.accept', 'Aceptar', 'co-ES');
INSERT INTO OKM_TRANSLATION (TR_MODULE, TR_KEY, TR_TEXT, TR_LANGUAGE) VALUES ('frontend', 'button.restore', 'Restaurar', 'co-ES');
INSERT INTO OKM_TRANSLATION (TR_MODULE, TR_KEY, TR_TEXT, TR_LANGUAGE) VALUES ('frontend', 'button.move', 'Mover', 'co-ES');
INSERT INTO OKM_TRANSLATION (TR_MODULE, TR_KEY, TR_TEXT, TR_LANGUAGE) VALUES ('frontend', 'button.change', 'Modificar', 'co-ES');
INSERT INTO OKM_TRANSLATION (TR_MODULE, TR_KEY, TR_TEXT, TR_LANGUAGE) VALUES ('frontend', 'button.search', 'Buscar', 'co-ES');
INSERT INTO OKM_TRANSLATION (TR_MODULE, TR_KEY, TR_TEXT, TR_LANGUAGE) VALUES ('frontend', 'button.save.search', 'Guardar la consulta', 'co-ES');
INSERT INTO OKM_TRANSLATION (TR_MODULE, TR_KEY, TR_TEXT, TR_LANGUAGE) VALUES ('frontend', 'button.view', 'Ver', 'co-ES');
INSERT INTO OKM_TRANSLATION (TR_MODULE, TR_KEY, TR_TEXT, TR_LANGUAGE) VALUES ('frontend', 'button.clean', 'Limpiar', 'co-ES');
INSERT INTO OKM_TRANSLATION (TR_MODULE, TR_KEY, TR_TEXT, TR_LANGUAGE) VALUES ('frontend', 'button.add', 'Aadir', 'co-ES');
INSERT INTO OKM_TRANSLATION (TR_MODULE, TR_KEY, TR_TEXT, TR_LANGUAGE) VALUES ('frontend', 'button.delete', 'Eliminar', 'co-ES');
INSERT INTO OKM_TRANSLATION (TR_MODULE, TR_KEY, TR_TEXT, TR_LANGUAGE) VALUES ('frontend', 'button.copy', 'Copiar', 'co-ES');
INSERT INTO OKM_TRANSLATION (TR_MODULE, TR_KEY, TR_TEXT, TR_LANGUAGE) VALUES ('frontend', 'button.create', 'Crear', 'co-ES');
INSERT INTO OKM_TRANSLATION (TR_MODULE, TR_KEY, TR_TEXT, TR_LANGUAGE) VALUES ('frontend', 'button.show', 'Mostrar', 'co-ES');
INSERT INTO OKM_TRANSLATION (TR_MODULE, TR_KEY, TR_TEXT, TR_LANGUAGE) VALUES ('frontend', 'button.memory', 'Actualizar', 'co-ES');
INSERT INTO OKM_TRANSLATION (TR_MODULE, TR_KEY, TR_TEXT, TR_LANGUAGE) VALUES ('frontend', 'button.copy.clipboard', 'Copiar al portapapeles', 'co-ES');
INSERT INTO OKM_TRANSLATION (TR_MODULE, TR_KEY, TR_TEXT, TR_LANGUAGE) VALUES ('frontend', 'button.start', 'Iniciar', 'co-ES');
INSERT INTO OKM_TRANSLATION (TR_MODULE, TR_KEY, TR_TEXT, TR_LANGUAGE) VALUES ('frontend', 'button.select', 'Seleccionar', 'co-ES');
INSERT INTO OKM_TRANSLATION (TR_MODULE, TR_KEY, TR_TEXT, TR_LANGUAGE) VALUES ('frontend', 'button.test', 'Comprobar', 'co-ES');
INSERT INTO OKM_TRANSLATION (TR_MODULE, TR_KEY, TR_TEXT, TR_LANGUAGE) VALUES ('frontend', 'button.next', 'Siguiente', 'co-ES');
INSERT INTO OKM_TRANSLATION (TR_MODULE, TR_KEY, TR_TEXT, TR_LANGUAGE) VALUES ('frontend', 'group.label', 'Aadir grupo de propiedad', 'co-ES');
INSERT INTO OKM_TRANSLATION (TR_MODULE, TR_KEY, TR_TEXT, TR_LANGUAGE) VALUES ('frontend', 'group.group', 'Grupo', 'co-ES');
INSERT INTO OKM_TRANSLATION (TR_MODULE, TR_KEY, TR_TEXT, TR_LANGUAGE) VALUES ('frontend', 'group.property.group', 'Propiedad', 'co-ES');
INSERT INTO OKM_TRANSLATION (TR_MODULE, TR_KEY, TR_TEXT, TR_LANGUAGE) VALUES ('frontend', 'bookmark.label', 'Aadir marcador', 'co-ES');
INSERT INTO OKM_TRANSLATION (TR_MODULE, TR_KEY, TR_TEXT, TR_LANGUAGE) VALUES ('frontend', 'bookmark.name', 'Nombre', 'co-ES');
INSERT INTO OKM_TRANSLATION (TR_MODULE, TR_KEY, TR_TEXT, TR_LANGUAGE) VALUES ('frontend', 'bookmark.edit.label', 'Edicin de marcadores', 'co-ES');
INSERT INTO OKM_TRANSLATION (TR_MODULE, TR_KEY, TR_TEXT, TR_LANGUAGE) VALUES ('frontend', 'bookmark.path', 'Ruta', 'co-ES');
INSERT INTO OKM_TRANSLATION (TR_MODULE, TR_KEY, TR_TEXT, TR_LANGUAGE) VALUES ('frontend', 'bookmark.type', 'Tipo', 'co-ES');
INSERT INTO OKM_TRANSLATION (TR_MODULE, TR_KEY, TR_TEXT, TR_LANGUAGE) VALUES ('frontend', 'bookmark.type.document', 'Documento', 'co-ES');
INSERT INTO OKM_TRANSLATION (TR_MODULE, TR_KEY, TR_TEXT, TR_LANGUAGE) VALUES ('frontend', 'bookmark.type.folder', 'Carpeta', 'co-ES');
INSERT INTO OKM_TRANSLATION (TR_MODULE, TR_KEY, TR_TEXT, TR_LANGUAGE) VALUES ('frontend', 'notify.label', 'Enviar enlace del documento', 'co-ES');
INSERT INTO OKM_TRANSLATION (TR_MODULE, TR_KEY, TR_TEXT, TR_LANGUAGE) VALUES ('frontend', 'notify.label.attachment', 'Enviar el documento adjunto', 'co-ES');
INSERT INTO OKM_TRANSLATION (TR_MODULE, TR_KEY, TR_TEXT, TR_LANGUAGE) VALUES ('frontend', 'status.document.copied', 'Documento marcado para copiar', 'co-ES');
INSERT INTO OKM_TRANSLATION (TR_MODULE, TR_KEY, TR_TEXT, TR_LANGUAGE) VALUES ('frontend', 'status.document.cut', 'Documento marcado para recortar', 'co-ES');
INSERT INTO OKM_TRANSLATION (TR_MODULE, TR_KEY, TR_TEXT, TR_LANGUAGE) VALUES ('frontend', 'status.folder.copied', 'Carpeta marcada para copiar', 'co-ES');
INSERT INTO OKM_TRANSLATION (TR_MODULE, TR_KEY, TR_TEXT, TR_LANGUAGE) VALUES ('frontend', 'status.folder.cut', 'Carpeta marcada para recortar', 'co-ES');
INSERT INTO OKM_TRANSLATION (TR_MODULE, TR_KEY, TR_TEXT, TR_LANGUAGE) VALUES ('frontend', 'status.keep.alive.error', 'Detectada prdida de conexin con el servidor (keep alive)', 'co-ES');
INSERT INTO OKM_TRANSLATION (TR_MODULE, TR_KEY, TR_TEXT, TR_LANGUAGE) VALUES ('frontend', 'status.debug.enabled', 'Depuracin activada', 'co-ES');
INSERT INTO OKM_TRANSLATION (TR_MODULE, TR_KEY, TR_TEXT, TR_LANGUAGE) VALUES ('frontend', 'status.debug.disabled', 'Depuracin desactivada', 'co-ES');
INSERT INTO OKM_TRANSLATION (TR_MODULE, TR_KEY, TR_TEXT, TR_LANGUAGE) VALUES ('frontend', 'status.network.error.detected', 'Detectado error de red', 'co-ES');
INSERT INTO OKM_TRANSLATION (TR_MODULE, TR_KEY, TR_TEXT, TR_LANGUAGE) VALUES ('frontend', 'calendar.day.sunday', 'Domingo', 'co-ES');
INSERT INTO OKM_TRANSLATION (TR_MODULE, TR_KEY, TR_TEXT, TR_LANGUAGE) VALUES ('frontend', 'calendar.day.monday', 'Lunes', 'co-ES');
INSERT INTO OKM_TRANSLATION (TR_MODULE, TR_KEY, TR_TEXT, TR_LANGUAGE) VALUES ('frontend', 'calendar.day.tuesday', 'Martes', 'co-ES');
INSERT INTO OKM_TRANSLATION (TR_MODULE, TR_KEY, TR_TEXT, TR_LANGUAGE) VALUES ('frontend', 'calendar.day.wednesday', 'Mircoles', 'co-ES');
INSERT INTO OKM_TRANSLATION (TR_MODULE, TR_KEY, TR_TEXT, TR_LANGUAGE) VALUES ('frontend', 'calendar.day.thursday', 'Jueves', 'co-ES');
INSERT INTO OKM_TRANSLATION (TR_MODULE, TR_KEY, TR_TEXT, TR_LANGUAGE) VALUES ('frontend', 'calendar.day.friday', 'Viernes', 'co-ES');
INSERT INTO OKM_TRANSLATION (TR_MODULE, TR_KEY, TR_TEXT, TR_LANGUAGE) VALUES ('frontend', 'calendar.day.saturday', 'Sbado', 'co-ES');
INSERT INTO OKM_TRANSLATION (TR_MODULE, TR_KEY, TR_TEXT, TR_LANGUAGE) VALUES ('frontend', 'calendar.month.january', 'Enero', 'co-ES');
INSERT INTO OKM_TRANSLATION (TR_MODULE, TR_KEY, TR_TEXT, TR_LANGUAGE) VALUES ('frontend', 'calendar.month.february', 'Febrero', 'co-ES');
INSERT INTO OKM_TRANSLATION (TR_MODULE, TR_KEY, TR_TEXT, TR_LANGUAGE) VALUES ('frontend', 'calendar.month.march', 'Marzo', 'co-ES');
INSERT INTO OKM_TRANSLATION (TR_MODULE, TR_KEY, TR_TEXT, TR_LANGUAGE) VALUES ('frontend', 'calendar.month.april', 'Abril', 'co-ES');
INSERT INTO OKM_TRANSLATION (TR_MODULE, TR_KEY, TR_TEXT, TR_LANGUAGE) VALUES ('frontend', 'calendar.month.may', 'Mayo', 'co-ES');
INSERT INTO OKM_TRANSLATION (TR_MODULE, TR_KEY, TR_TEXT, TR_LANGUAGE) VALUES ('frontend', 'calendar.month.june', 'Junio', 'co-ES');
INSERT INTO OKM_TRANSLATION (TR_MODULE, TR_KEY, TR_TEXT, TR_LANGUAGE) VALUES ('frontend', 'calendar.month.july', 'Julio', 'co-ES');
INSERT INTO OKM_TRANSLATION (TR_MODULE, TR_KEY, TR_TEXT, TR_LANGUAGE) VALUES ('frontend', 'calendar.month.august', 'Agosto', 'co-ES');
INSERT INTO OKM_TRANSLATION (TR_MODULE, TR_KEY, TR_TEXT, TR_LANGUAGE) VALUES ('frontend', 'calendar.month.september', 'Septiembre', 'co-ES');
INSERT INTO OKM_TRANSLATION (TR_MODULE, TR_KEY, TR_TEXT, TR_LANGUAGE) VALUES ('frontend', 'calendar.month.october', 'Octubre', 'co-ES');
INSERT INTO OKM_TRANSLATION (TR_MODULE, TR_KEY, TR_TEXT, TR_LANGUAGE) VALUES ('frontend', 'calendar.month.november', 'Noviembre', 'co-ES');
INSERT INTO OKM_TRANSLATION (TR_MODULE, TR_KEY, TR_TEXT, TR_LANGUAGE) VALUES ('frontend', 'calendar.month.december', 'Diciembre', 'co-ES');
INSERT INTO OKM_TRANSLATION (TR_MODULE, TR_KEY, TR_TEXT, TR_LANGUAGE) VALUES ('frontend', 'media.player.label', 'Reproductor multimedia', 'co-ES');
INSERT INTO OKM_TRANSLATION (TR_MODULE, TR_KEY, TR_TEXT, TR_LANGUAGE) VALUES ('frontend', 'image.viewer.label', 'Visor de imgenes', 'co-ES');
INSERT INTO OKM_TRANSLATION (TR_MODULE, TR_KEY, TR_TEXT, TR_LANGUAGE) VALUES ('frontend', 'image.viewer.zoom.in', 'Ampliar', 'co-ES');
INSERT INTO OKM_TRANSLATION (TR_MODULE, TR_KEY, TR_TEXT, TR_LANGUAGE) VALUES ('frontend', 'image.viewer.zoom.out', 'Reducir', 'co-ES');
INSERT INTO OKM_TRANSLATION (TR_MODULE, TR_KEY, TR_TEXT, TR_LANGUAGE) VALUES ('frontend', 'debug.console.label', 'Consola de depuracin', 'co-ES');
INSERT INTO OKM_TRANSLATION (TR_MODULE, TR_KEY, TR_TEXT, TR_LANGUAGE) VALUES ('frontend', 'debug.enable.disable', 'CTRL+Z para activar o desactivar el modo de depuracin', 'co-ES');
INSERT INTO OKM_TRANSLATION (TR_MODULE, TR_KEY, TR_TEXT, TR_LANGUAGE) VALUES ('frontend', 'dashboard.tab.general', 'General', 'co-ES');
INSERT INTO OKM_TRANSLATION (TR_MODULE, TR_KEY, TR_TEXT, TR_LANGUAGE) VALUES ('frontend', 'dashboard.tab.news', 'Novedades', 'co-ES');
INSERT INTO OKM_TRANSLATION (TR_MODULE, TR_KEY, TR_TEXT, TR_LANGUAGE) VALUES ('frontend', 'dashboard.tab.user', 'Usuario', 'co-ES');
INSERT INTO OKM_TRANSLATION (TR_MODULE, TR_KEY, TR_TEXT, TR_LANGUAGE) VALUES ('frontend', 'dashboard.tab.workflow', 'Flujos', 'co-ES');
INSERT INTO OKM_TRANSLATION (TR_MODULE, TR_KEY, TR_TEXT, TR_LANGUAGE) VALUES ('frontend', 'dashboard.tab.mail', 'Correo', 'co-ES');
INSERT INTO OKM_TRANSLATION (TR_MODULE, TR_KEY, TR_TEXT, TR_LANGUAGE) VALUES ('frontend', 'dashboard.tab.keymap', 'Palabras clave', 'co-ES');
INSERT INTO OKM_TRANSLATION (TR_MODULE, TR_KEY, TR_TEXT, TR_LANGUAGE) VALUES ('frontend', 'dashboard.new.items', 'Nuevos', 'co-ES');
INSERT INTO OKM_TRANSLATION (TR_MODULE, TR_KEY, TR_TEXT, TR_LANGUAGE) VALUES ('frontend', 'dashboard.user.locked.documents', 'Documentos bloqueados', 'co-ES');
INSERT INTO OKM_TRANSLATION (TR_MODULE, TR_KEY, TR_TEXT, TR_LANGUAGE) VALUES ('frontend', 'dashboard.user.checkout.documents', 'Documentos en checkout', 'co-ES');
INSERT INTO OKM_TRANSLATION (TR_MODULE, TR_KEY, TR_TEXT, TR_LANGUAGE) VALUES ('frontend', 'dashboard.user.last.modified.documents', 'ltimos documentos modificados', 'co-ES');
INSERT INTO OKM_TRANSLATION (TR_MODULE, TR_KEY, TR_TEXT, TR_LANGUAGE) VALUES ('frontend', 'dashboard.user.last.downloaded.documents', 'ltimos documentos descargados', 'co-ES');
INSERT INTO OKM_TRANSLATION (TR_MODULE, TR_KEY, TR_TEXT, TR_LANGUAGE) VALUES ('frontend', 'dashboard.user.subscribed.documents', 'Documentos suscritos', 'co-ES');
INSERT INTO OKM_TRANSLATION (TR_MODULE, TR_KEY, TR_TEXT, TR_LANGUAGE) VALUES ('frontend', 'dashboard.user.subscribed.folders', 'Carpetas suscritas', 'co-ES');
INSERT INTO OKM_TRANSLATION (TR_MODULE, TR_KEY, TR_TEXT, TR_LANGUAGE) VALUES ('frontend', 'dashboard.user.last.uploaded.documents', 'ltimos documentos subidos', 'co-ES');
INSERT INTO OKM_TRANSLATION (TR_MODULE, TR_KEY, TR_TEXT, TR_LANGUAGE) VALUES ('frontend', 'dashboard.general.last.week.top.downloaded.documents', 'Documentos ms vistos la ltima semana', 'co-ES');
INSERT INTO OKM_TRANSLATION (TR_MODULE, TR_KEY, TR_TEXT, TR_LANGUAGE) VALUES ('frontend', 'dashboard.general.last.month.top.downloaded.documents', 'Documentos ms vistos el ltimo mes', 'co-ES');
INSERT INTO OKM_TRANSLATION (TR_MODULE, TR_KEY, TR_TEXT, TR_LANGUAGE) VALUES ('frontend', 'dashboard.general.last.week.top.modified.documents', 'Documentos ms modificados la ltima semana', 'co-ES');
INSERT INTO OKM_TRANSLATION (TR_MODULE, TR_KEY, TR_TEXT, TR_LANGUAGE) VALUES ('frontend', 'dashboard.general.last.month.top.modified.documents', 'Documentos ms modificados el ltimo mes', 'co-ES');
INSERT INTO OKM_TRANSLATION (TR_MODULE, TR_KEY, TR_TEXT, TR_LANGUAGE) VALUES ('frontend', 'dashboard.general.last.uploaded.documents', 'ltimos documentos subidos', 'co-ES');
INSERT INTO OKM_TRANSLATION (TR_MODULE, TR_KEY, TR_TEXT, TR_LANGUAGE) VALUES ('frontend', 'dashboard.workflow.pending.tasks', 'Tareas pendientes', 'co-ES');
INSERT INTO OKM_TRANSLATION (TR_MODULE, TR_KEY, TR_TEXT, TR_LANGUAGE) VALUES ('frontend', 'dashboard.workflow.pending.tasks.unassigned', 'Tareas pendientes no asignadas', 'co-ES');
INSERT INTO OKM_TRANSLATION (TR_MODULE, TR_KEY, TR_TEXT, TR_LANGUAGE) VALUES ('frontend', 'dashboard.workflow.task', 'Tarea', 'co-ES');
INSERT INTO OKM_TRANSLATION (TR_MODULE, TR_KEY, TR_TEXT, TR_LANGUAGE) VALUES ('frontend', 'dashboard.workflow.task.id', 'ID', 'co-ES');
INSERT INTO OKM_TRANSLATION (TR_MODULE, TR_KEY, TR_TEXT, TR_LANGUAGE) VALUES ('frontend', 'dashboard.workflow.task.name', 'Nombre', 'co-ES');
INSERT INTO OKM_TRANSLATION (TR_MODULE, TR_KEY, TR_TEXT, TR_LANGUAGE) VALUES ('frontend', 'dashboard.workflow.task.created', 'Fecha de creacin', 'co-ES');
INSERT INTO OKM_TRANSLATION (TR_MODULE, TR_KEY, TR_TEXT, TR_LANGUAGE) VALUES ('frontend', 'dashboard.workflow.task.start', 'Fecha de inicio', 'co-ES');
INSERT INTO OKM_TRANSLATION (TR_MODULE, TR_KEY, TR_TEXT, TR_LANGUAGE) VALUES ('frontend', 'dashboard.workflow.task.duedate', 'Fecha lmite', 'co-ES');
INSERT INTO OKM_TRANSLATION (TR_MODULE, TR_KEY, TR_TEXT, TR_LANGUAGE) VALUES ('frontend', 'dashboard.workflow.task.end', 'Fecha de fin', 'co-ES');
INSERT INTO OKM_TRANSLATION (TR_MODULE, TR_KEY, TR_TEXT, TR_LANGUAGE) VALUES ('frontend', 'dashboard.workflow.task.description', 'Descripcin', 'co-ES');
INSERT INTO OKM_TRANSLATION (TR_MODULE, TR_KEY, TR_TEXT, TR_LANGUAGE) VALUES ('frontend', 'dashboard.workflow.task.process.instance', 'Instancia de proceso', 'co-ES');
INSERT INTO OKM_TRANSLATION (TR_MODULE, TR_KEY, TR_TEXT, TR_LANGUAGE) VALUES ('frontend', 'dashboard.workflow.task.process.id', 'ID', 'co-ES');
INSERT INTO OKM_TRANSLATION (TR_MODULE, TR_KEY, TR_TEXT, TR_LANGUAGE) VALUES ('frontend', 'dashboard.workflow.task.process.version', 'Versin', 'co-ES');
INSERT INTO OKM_TRANSLATION (TR_MODULE, TR_KEY, TR_TEXT, TR_LANGUAGE) VALUES ('frontend', 'dashboard.workflow.task.process.name', 'Nombre', 'co-ES');
INSERT INTO OKM_TRANSLATION (TR_MODULE, TR_KEY, TR_TEXT, TR_LANGUAGE) VALUES ('frontend', 'dashboard.workflow.task.process.description', 'Descripcin', 'co-ES');
INSERT INTO OKM_TRANSLATION (TR_MODULE, TR_KEY, TR_TEXT, TR_LANGUAGE) VALUES ('frontend', 'dashboard.workflow.task.process.data', 'Datos', 'co-ES');
INSERT INTO OKM_TRANSLATION (TR_MODULE, TR_KEY, TR_TEXT, TR_LANGUAGE) VALUES ('frontend', 'dashboard.workflow.comments', 'Comentarios', 'co-ES');
INSERT INTO OKM_TRANSLATION (TR_MODULE, TR_KEY, TR_TEXT, TR_LANGUAGE) VALUES ('frontend', 'dashboard.workflow.task.process.forms', 'Formulario', 'co-ES');
INSERT INTO OKM_TRANSLATION (TR_MODULE, TR_KEY, TR_TEXT, TR_LANGUAGE) VALUES ('frontend', 'dashboard.workflow.add.comment', 'Aadir comentario', 'co-ES');
INSERT INTO OKM_TRANSLATION (TR_MODULE, TR_KEY, TR_TEXT, TR_LANGUAGE) VALUES ('frontend', 'dashboard.workflow.task.process.definition', 'Definicin de proceso', 'co-ES');
INSERT INTO OKM_TRANSLATION (TR_MODULE, TR_KEY, TR_TEXT, TR_LANGUAGE) VALUES ('frontend', 'dashboard.workflow.task.process.path', 'Ruta', 'co-ES');
INSERT INTO OKM_TRANSLATION (TR_MODULE, TR_KEY, TR_TEXT, TR_LANGUAGE) VALUES ('frontend', 'dashboard.refreshing', 'Refrescando', 'co-ES');
INSERT INTO OKM_TRANSLATION (TR_MODULE, TR_KEY, TR_TEXT, TR_LANGUAGE) VALUES ('frontend', 'dashboard.keyword', 'Palabras clave', 'co-ES');
INSERT INTO OKM_TRANSLATION (TR_MODULE, TR_KEY, TR_TEXT, TR_LANGUAGE) VALUES ('frontend', 'dashboard.keyword.suggest', 'Escribe la palabra', 'co-ES');
INSERT INTO OKM_TRANSLATION (TR_MODULE, TR_KEY, TR_TEXT, TR_LANGUAGE) VALUES ('frontend', 'dashboard.keyword.all', 'Palabras clave', 'co-ES');
INSERT INTO OKM_TRANSLATION (TR_MODULE, TR_KEY, TR_TEXT, TR_LANGUAGE) VALUES ('frontend', 'dashboard.keyword.top', 'Palabras clave ms usadas', 'co-ES');
INSERT INTO OKM_TRANSLATION (TR_MODULE, TR_KEY, TR_TEXT, TR_LANGUAGE) VALUES ('frontend', 'dashboard.keyword.related', 'Palabras clave relacionadas', 'co-ES');
INSERT INTO OKM_TRANSLATION (TR_MODULE, TR_KEY, TR_TEXT, TR_LANGUAGE) VALUES ('frontend', 'dashboard.keyword.goto.document', 'Ir al documento', 'co-ES');
INSERT INTO OKM_TRANSLATION (TR_MODULE, TR_KEY, TR_TEXT, TR_LANGUAGE) VALUES ('frontend', 'dashboard.keyword.clean.keywords', 'Limpiar palabras clave', 'co-ES');
INSERT INTO OKM_TRANSLATION (TR_MODULE, TR_KEY, TR_TEXT, TR_LANGUAGE) VALUES ('frontend', 'dashboard.mail.last.imported.mails', 'Correos electrnicos', 'co-ES');
INSERT INTO OKM_TRANSLATION (TR_MODULE, TR_KEY, TR_TEXT, TR_LANGUAGE) VALUES ('frontend', 'dashboard.mail.last.imported.attached.documents', 'Documentos adjuntos', 'co-ES');
INSERT INTO OKM_TRANSLATION (TR_MODULE, TR_KEY, TR_TEXT, TR_LANGUAGE) VALUES ('frontend', 'workflow.label', 'Iniciar flujo', 'co-ES');
INSERT INTO OKM_TRANSLATION (TR_MODULE, TR_KEY, TR_TEXT, TR_LANGUAGE) VALUES ('frontend', 'user.preferences.label', 'Configuracin de usuario', 'co-ES');
INSERT INTO OKM_TRANSLATION (TR_MODULE, TR_KEY, TR_TEXT, TR_LANGUAGE) VALUES ('frontend', 'user.preferences.user', 'Usuario', 'co-ES');
INSERT INTO OKM_TRANSLATION (TR_MODULE, TR_KEY, TR_TEXT, TR_LANGUAGE) VALUES ('frontend', 'user.preferences.password', 'Password', 'co-ES');
INSERT INTO OKM_TRANSLATION (TR_MODULE, TR_KEY, TR_TEXT, TR_LANGUAGE) VALUES ('frontend', 'user.preferences.mail', 'Correo electrnico', 'co-ES');
INSERT INTO OKM_TRANSLATION (TR_MODULE, TR_KEY, TR_TEXT, TR_LANGUAGE) VALUES ('frontend', 'user.preferences.roles', 'Grupos', 'co-ES');
INSERT INTO OKM_TRANSLATION (TR_MODULE, TR_KEY, TR_TEXT, TR_LANGUAGE) VALUES ('frontend', 'user.preferences.imap.host', 'Servidor de IMAP', 'co-ES');
INSERT INTO OKM_TRANSLATION (TR_MODULE, TR_KEY, TR_TEXT, TR_LANGUAGE) VALUES ('frontend', 'user.preferences.imap.user', 'Usuario de IMAP', 'co-ES');
INSERT INTO OKM_TRANSLATION (TR_MODULE, TR_KEY, TR_TEXT, TR_LANGUAGE) VALUES ('frontend', 'user.preferences.imap.user.password', 'Clave de IMAP', 'co-ES');
INSERT INTO OKM_TRANSLATION (TR_MODULE, TR_KEY, TR_TEXT, TR_LANGUAGE) VALUES ('frontend', 'user.preferences.imap.folder', 'Carpeta de IMAP', 'co-ES');
INSERT INTO OKM_TRANSLATION (TR_MODULE, TR_KEY, TR_TEXT, TR_LANGUAGE) VALUES ('frontend', 'user.preferences.password.error', 'Error: las claves son distintas', 'co-ES');
INSERT INTO OKM_TRANSLATION (TR_MODULE, TR_KEY, TR_TEXT, TR_LANGUAGE) VALUES ('frontend', 'user.preferences.user.data', 'Cuenta de usuario', 'co-ES');
INSERT INTO OKM_TRANSLATION (TR_MODULE, TR_KEY, TR_TEXT, TR_LANGUAGE) VALUES ('frontend', 'user.preferences.mail.data', 'Cuenta de mail', 'co-ES');
INSERT INTO OKM_TRANSLATION (TR_MODULE, TR_KEY, TR_TEXT, TR_LANGUAGE) VALUES ('frontend', 'user.preferences.imap.error', 'Todos los campos son obligatorios para configurar el correo', 'co-ES');
INSERT INTO OKM_TRANSLATION (TR_MODULE, TR_KEY, TR_TEXT, TR_LANGUAGE) VALUES ('frontend', 'user.preferences.imap.password.error.void', 'La clave de IMAP no puede estar vaca en la creacin', 'co-ES');
INSERT INTO OKM_TRANSLATION (TR_MODULE, TR_KEY, TR_TEXT, TR_LANGUAGE) VALUES ('frontend', 'user.preferences.imap.test.error', 'Configuracin de IMAP incorrecta', 'co-ES');
INSERT INTO OKM_TRANSLATION (TR_MODULE, TR_KEY, TR_TEXT, TR_LANGUAGE) VALUES ('frontend', 'user.preferences.imap.test.ok', 'Configuracin de IMAP correcta', 'co-ES');
INSERT INTO OKM_TRANSLATION (TR_MODULE, TR_KEY, TR_TEXT, TR_LANGUAGE) VALUES ('frontend', 'thesaurus.directory.select.label', 'Aadir una palabra clave del thesaurus', 'co-ES');
INSERT INTO OKM_TRANSLATION (TR_MODULE, TR_KEY, TR_TEXT, TR_LANGUAGE) VALUES ('frontend', 'thesaurus.tab.tree', 'Arbol', 'co-ES');
INSERT INTO OKM_TRANSLATION (TR_MODULE, TR_KEY, TR_TEXT, TR_LANGUAGE) VALUES ('frontend', 'thesaurus.tab.keywords', 'Palabras clave', 'co-ES');
INSERT INTO OKM_TRANSLATION (TR_MODULE, TR_KEY, TR_TEXT, TR_LANGUAGE) VALUES ('frontend', 'categories.folder.select.label', 'Aadir una categora', 'co-ES');
INSERT INTO OKM_TRANSLATION (TR_MODULE, TR_KEY, TR_TEXT, TR_LANGUAGE) VALUES ('frontend', 'categories.folder.error.delete', 'No se puede eliminar una categora con documentos', 'co-ES');
INSERT INTO OKM_TRANSLATION (TR_MODULE, TR_KEY, TR_TEXT, TR_LANGUAGE) VALUES ('frontend', 'wizard.document.uploading', 'Asistente de documento', 'co-ES');
INSERT INTO OKM_TRANSLATION (TR_MODULE, TR_KEY, TR_TEXT, TR_LANGUAGE) VALUES ('frontend', 'user.info.chat.connect', 'Conectar al chat', 'co-ES');
INSERT INTO OKM_TRANSLATION (TR_MODULE, TR_KEY, TR_TEXT, TR_LANGUAGE) VALUES ('frontend', 'user.info.chat.disconnect', 'Desconectar al chat', 'co-ES');
INSERT INTO OKM_TRANSLATION (TR_MODULE, TR_KEY, TR_TEXT, TR_LANGUAGE) VALUES ('frontend', 'user.info.chat.new.room', 'Nueva ventana', 'co-ES');
INSERT INTO OKM_TRANSLATION (TR_MODULE, TR_KEY, TR_TEXT, TR_LANGUAGE) VALUES ('frontend', 'user.info.locked.actual', 'Documentos bloqueados', 'co-ES');
INSERT INTO OKM_TRANSLATION (TR_MODULE, TR_KEY, TR_TEXT, TR_LANGUAGE) VALUES ('frontend', 'user.info.checkout.actual', 'Documentos editados', 'co-ES');
INSERT INTO OKM_TRANSLATION (TR_MODULE, TR_KEY, TR_TEXT, TR_LANGUAGE) VALUES ('frontend', 'user.info.subscription.actual', 'Suscripciones actuales', 'co-ES');
INSERT INTO OKM_TRANSLATION (TR_MODULE, TR_KEY, TR_TEXT, TR_LANGUAGE) VALUES ('frontend', 'user.info.news.new', 'Novedades', 'co-ES');
INSERT INTO OKM_TRANSLATION (TR_MODULE, TR_KEY, TR_TEXT, TR_LANGUAGE) VALUES ('frontend', 'user.info.workflow.pending', 'Workflows pendientes', 'co-ES');
INSERT INTO OKM_TRANSLATION (TR_MODULE, TR_KEY, TR_TEXT, TR_LANGUAGE) VALUES ('frontend', 'user.info.user.quota', 'Cuota utilizada', 'co-ES');
INSERT INTO OKM_TRANSLATION (TR_MODULE, TR_KEY, TR_TEXT, TR_LANGUAGE) VALUES ('frontend', 'user.online', 'Usuarios conectados', 'co-ES');
INSERT INTO OKM_TRANSLATION (TR_MODULE, TR_KEY, TR_TEXT, TR_LANGUAGE) VALUES ('frontend', 'chat.room', 'Chat', 'co-ES');
INSERT INTO OKM_TRANSLATION (TR_MODULE, TR_KEY, TR_TEXT, TR_LANGUAGE) VALUES ('frontend', 'chat.users.in.room', 'Usuarios', 'co-ES');
INSERT INTO OKM_TRANSLATION (TR_MODULE, TR_KEY, TR_TEXT, TR_LANGUAGE) VALUES ('frontend', 'OKM-017009', 'No tiene permisos para acceder al documento', 'co-ES');
INSERT INTO OKM_TRANSLATION (TR_MODULE, TR_KEY, TR_TEXT, TR_LANGUAGE) VALUES ('frontend', 'OKM-017004', 'No se pudo bloquear el documento', 'co-ES');
INSERT INTO OKM_TRANSLATION (TR_MODULE, TR_KEY, TR_TEXT, TR_LANGUAGE) VALUES ('frontend', 'OKM-017001', 'Error interno del repositorio', 'co-ES');
INSERT INTO OKM_TRANSLATION (TR_MODULE, TR_KEY, TR_TEXT, TR_LANGUAGE) VALUES ('frontend', 'OKM-017015', 'La ruta del documento no existe', 'co-ES');
INSERT INTO OKM_TRANSLATION (TR_MODULE, TR_KEY, TR_TEXT, TR_LANGUAGE) VALUES ('frontend', 'OKM-017016', 'Error en la versin', 'co-ES');
INSERT INTO OKM_TRANSLATION (TR_MODULE, TR_KEY, TR_TEXT, TR_LANGUAGE) VALUES ('frontend', 'OKM-002009', 'No tiene permisos para acceder al documento', 'co-ES');
INSERT INTO OKM_TRANSLATION (TR_MODULE, TR_KEY, TR_TEXT, TR_LANGUAGE) VALUES ('frontend', 'OKM-002002', 'No existe un documento con ese nombre', 'co-ES');
INSERT INTO OKM_TRANSLATION (TR_MODULE, TR_KEY, TR_TEXT, TR_LANGUAGE) VALUES ('frontend', 'OKM-002003', 'Ya existe un documento con ese nombre', 'co-ES');
INSERT INTO OKM_TRANSLATION (TR_MODULE, TR_KEY, TR_TEXT, TR_LANGUAGE) VALUES ('frontend', 'OKM-002004', 'No se pudo bloquear el documento', 'co-ES');
INSERT INTO OKM_TRANSLATION (TR_MODULE, TR_KEY, TR_TEXT, TR_LANGUAGE) VALUES ('frontend', 'OKM-002004', 'No se pudo desbloquear el documento', 'co-ES');
INSERT INTO OKM_TRANSLATION (TR_MODULE, TR_KEY, TR_TEXT, TR_LANGUAGE) VALUES ('frontend', 'OKM-002001', 'Error interno del repositorio', 'co-ES');
INSERT INTO OKM_TRANSLATION (TR_MODULE, TR_KEY, TR_TEXT, TR_LANGUAGE) VALUES ('frontend', 'OKM-002006', 'Error interno de la aplicacin', 'co-ES');
INSERT INTO OKM_TRANSLATION (TR_MODULE, TR_KEY, TR_TEXT, TR_LANGUAGE) VALUES ('frontend', 'OKM-002015', 'La ruta del documento no existe', 'co-ES');
INSERT INTO OKM_TRANSLATION (TR_MODULE, TR_KEY, TR_TEXT, TR_LANGUAGE) VALUES ('frontend', 'OKM-002024', 'Error en la base de datos', 'co-ES');
INSERT INTO OKM_TRANSLATION (TR_MODULE, TR_KEY, TR_TEXT, TR_LANGUAGE) VALUES ('frontend', 'OKM-001009', 'No tiene permisos para acceder a la carpeta', 'co-ES');
INSERT INTO OKM_TRANSLATION (TR_MODULE, TR_KEY, TR_TEXT, TR_LANGUAGE) VALUES ('frontend', 'OKM-001002', 'No existe una carpeta con ese nombre', 'co-ES');
INSERT INTO OKM_TRANSLATION (TR_MODULE, TR_KEY, TR_TEXT, TR_LANGUAGE) VALUES ('frontend', 'OKM-001003', 'Ya existe una carpeta con ese nombre', 'co-ES');
INSERT INTO OKM_TRANSLATION (TR_MODULE, TR_KEY, TR_TEXT, TR_LANGUAGE) VALUES ('frontend', 'OKM-001001', 'Error interno del repositorio', 'co-ES');
INSERT INTO OKM_TRANSLATION (TR_MODULE, TR_KEY, TR_TEXT, TR_LANGUAGE) VALUES ('frontend', 'OKM-001006', 'Error interno de la aplicacin', 'co-ES');
INSERT INTO OKM_TRANSLATION (TR_MODULE, TR_KEY, TR_TEXT, TR_LANGUAGE) VALUES ('frontend', 'OKM-001015', 'La ruta de la carpeta no existe', 'co-ES');
INSERT INTO OKM_TRANSLATION (TR_MODULE, TR_KEY, TR_TEXT, TR_LANGUAGE) VALUES ('frontend', 'OKM-001024', 'Error en la base de datos', 'co-ES');
INSERT INTO OKM_TRANSLATION (TR_MODULE, TR_KEY, TR_TEXT, TR_LANGUAGE) VALUES ('frontend', 'OKM-007009', 'No tiene permisos para acceder al elemento', 'co-ES');
INSERT INTO OKM_TRANSLATION (TR_MODULE, TR_KEY, TR_TEXT, TR_LANGUAGE) VALUES ('frontend', 'OKM-007002', 'No existe un elemento con ese nombre', 'co-ES');
INSERT INTO OKM_TRANSLATION (TR_MODULE, TR_KEY, TR_TEXT, TR_LANGUAGE) VALUES ('frontend', 'OKM-007001', 'Error interno del repositorio', 'co-ES');
INSERT INTO OKM_TRANSLATION (TR_MODULE, TR_KEY, TR_TEXT, TR_LANGUAGE) VALUES ('frontend', 'OKM-007006', 'Error interno de la aplicacin', 'co-ES');
INSERT INTO OKM_TRANSLATION (TR_MODULE, TR_KEY, TR_TEXT, TR_LANGUAGE) VALUES ('frontend', 'OKM-007024', 'Error en la base de datos', 'co-ES');
INSERT INTO OKM_TRANSLATION (TR_MODULE, TR_KEY, TR_TEXT, TR_LANGUAGE) VALUES ('frontend', 'OKM-009002', 'No existe un documento con ese nombre', 'co-ES');
INSERT INTO OKM_TRANSLATION (TR_MODULE, TR_KEY, TR_TEXT, TR_LANGUAGE) VALUES ('frontend', 'OKM-009006', 'Error interno de la aplicacin', 'co-ES');
INSERT INTO OKM_TRANSLATION (TR_MODULE, TR_KEY, TR_TEXT, TR_LANGUAGE) VALUES ('frontend', 'OKM-005010', 'Tipo de archivo no soportado', 'co-ES');
INSERT INTO OKM_TRANSLATION (TR_MODULE, TR_KEY, TR_TEXT, TR_LANGUAGE) VALUES ('frontend', 'OKM-005003', 'Ya existe un documento con ese nombre', 'co-ES');
INSERT INTO OKM_TRANSLATION (TR_MODULE, TR_KEY, TR_TEXT, TR_LANGUAGE) VALUES ('frontend', 'OKM-005011', 'El documento es demasiado grande', 'co-ES');
INSERT INTO OKM_TRANSLATION (TR_MODULE, TR_KEY, TR_TEXT, TR_LANGUAGE) VALUES ('frontend', 'OKM-005027', 'El nombre del documento no coincide', 'co-ES');
INSERT INTO OKM_TRANSLATION (TR_MODULE, TR_KEY, TR_TEXT, TR_LANGUAGE) VALUES ('frontend', 'OKM-004001', 'La sesin se ha cerrado', 'co-ES');
INSERT INTO OKM_TRANSLATION (TR_MODULE, TR_KEY, TR_TEXT, TR_LANGUAGE) VALUES ('frontend', 'OKM-004024', 'Error en la base de datos', 'co-ES');
INSERT INTO OKM_TRANSLATION (TR_MODULE, TR_KEY, TR_TEXT, TR_LANGUAGE) VALUES ('frontend', 'OKM-008001', 'Error genrico al ejecutar la consulta', 'co-ES');
INSERT INTO OKM_TRANSLATION (TR_MODULE, TR_KEY, TR_TEXT, TR_LANGUAGE) VALUES ('frontend', 'OKM-008003', 'El nombre de la consulta almacenada debe ser nico', 'co-ES');
INSERT INTO OKM_TRANSLATION (TR_MODULE, TR_KEY, TR_TEXT, TR_LANGUAGE) VALUES ('frontend', 'OKM-008024', 'Error en la base de datos', 'co-ES');
INSERT INTO OKM_TRANSLATION (TR_MODULE, TR_KEY, TR_TEXT, TR_LANGUAGE) VALUES ('frontend', 'OKM-011003', 'El nombre del marcador deber ser nico', 'co-ES');
INSERT INTO OKM_TRANSLATION (TR_MODULE, TR_KEY, TR_TEXT, TR_LANGUAGE) VALUES ('frontend', 'OKM-003017', 'Se ha perdido la sesin', 'co-ES');
INSERT INTO OKM_TRANSLATION (TR_MODULE, TR_KEY, TR_TEXT, TR_LANGUAGE) VALUES ('frontend', 'OKM-013001', 'Error interno del repositorio', 'co-ES');
INSERT INTO OKM_TRANSLATION (TR_MODULE, TR_KEY, TR_TEXT, TR_LANGUAGE) VALUES ('frontend', 'OKM-013024', 'Error en la base de datos', 'co-ES');
INSERT INTO OKM_TRANSLATION (TR_MODULE, TR_KEY, TR_TEXT, TR_LANGUAGE) VALUES ('frontend', 'OKM-014001', 'Error interno del repositorio', 'co-ES');
INSERT INTO OKM_TRANSLATION (TR_MODULE, TR_KEY, TR_TEXT, TR_LANGUAGE) VALUES ('frontend', 'OKM-014013', 'Error en el dispositivo de entrada/salida', 'co-ES');
INSERT INTO OKM_TRANSLATION (TR_MODULE, TR_KEY, TR_TEXT, TR_LANGUAGE) VALUES ('frontend', 'OKM-015001', 'Error interno del repositorio', 'co-ES');
INSERT INTO OKM_TRANSLATION (TR_MODULE, TR_KEY, TR_TEXT, TR_LANGUAGE) VALUES ('frontend', 'OKM-015024', 'Error en la base de datos', 'co-ES');
INSERT INTO OKM_TRANSLATION (TR_MODULE, TR_KEY, TR_TEXT, TR_LANGUAGE) VALUES ('frontend', 'OKM-018022', 'Error en la configuracin del navegador', 'co-ES');
INSERT INTO OKM_TRANSLATION (TR_MODULE, TR_KEY, TR_TEXT, TR_LANGUAGE) VALUES ('frontend', 'OKM-018023', 'Error ha excedido la cuota de usuario,  contacte con el administrador', 'co-ES');
INSERT INTO OKM_TRANSLATION (TR_MODULE, TR_KEY, TR_TEXT, TR_LANGUAGE) VALUES ('frontend', 'OKM-016009', 'No tiene permisos para acceder al correo', 'co-ES');
INSERT INTO OKM_TRANSLATION (TR_MODULE, TR_KEY, TR_TEXT, TR_LANGUAGE) VALUES ('frontend', 'OKM-016002', 'No existe un correo con ese nombre', 'co-ES');
INSERT INTO OKM_TRANSLATION (TR_MODULE, TR_KEY, TR_TEXT, TR_LANGUAGE) VALUES ('frontend', 'OKM-016003', 'Ya existe un correo con ese nombre', 'co-ES');
INSERT INTO OKM_TRANSLATION (TR_MODULE, TR_KEY, TR_TEXT, TR_LANGUAGE) VALUES ('frontend', 'OKM-016004', 'No se pudo desbloquear el correo', 'co-ES');
INSERT INTO OKM_TRANSLATION (TR_MODULE, TR_KEY, TR_TEXT, TR_LANGUAGE) VALUES ('frontend', 'OKM-016001', 'Error interno del repositorio', 'co-ES');
INSERT INTO OKM_TRANSLATION (TR_MODULE, TR_KEY, TR_TEXT, TR_LANGUAGE) VALUES ('frontend', 'OKM-016006', 'Error interno de la aplicacin', 'co-ES');
INSERT INTO OKM_TRANSLATION (TR_MODULE, TR_KEY, TR_TEXT, TR_LANGUAGE) VALUES ('frontend', 'OKM-016015', 'La ruta del correo no existe', 'co-ES');
INSERT INTO OKM_TRANSLATION (TR_MODULE, TR_KEY, TR_TEXT, TR_LANGUAGE) VALUES ('frontend', 'OKM-016024', 'Error en la base de datos', 'co-ES');
INSERT INTO OKM_TRANSLATION (TR_MODULE, TR_KEY, TR_TEXT, TR_LANGUAGE) VALUES ('frontend', 'OKM-010015', 'La ruta del no existe', 'co-ES');
INSERT INTO OKM_TRANSLATION (TR_MODULE, TR_KEY, TR_TEXT, TR_LANGUAGE) VALUES ('frontend', 'OKM-010009', 'No tiene permisos para acceder', 'co-ES');
INSERT INTO OKM_TRANSLATION (TR_MODULE, TR_KEY, TR_TEXT, TR_LANGUAGE) VALUES ('frontend', 'OKM-010001', 'Error interno del repositorio', 'co-ES');
INSERT INTO OKM_TRANSLATION (TR_MODULE, TR_KEY, TR_TEXT, TR_LANGUAGE) VALUES ('frontend', 'OKM-010024', 'Error en la base de datos', 'co-ES');
INSERT INTO OKM_TRANSLATION (TR_MODULE, TR_KEY, TR_TEXT, TR_LANGUAGE) VALUES ('frontend', 'OKM-010006', 'Error interno de la aplicacin ', 'co-ES');
INSERT INTO OKM_TRANSLATION (TR_MODULE, TR_KEY, TR_TEXT, TR_LANGUAGE) VALUES ('frontend', 'OKM-009004', 'Bloqueado', 'co-ES');
INSERT INTO OKM_TRANSLATION (TR_MODULE, TR_KEY, TR_TEXT, TR_LANGUAGE) VALUES ('frontend', 'OKM-009015', 'La ruta no existe', 'co-ES');
INSERT INTO OKM_TRANSLATION (TR_MODULE, TR_KEY, TR_TEXT, TR_LANGUAGE) VALUES ('frontend', 'OKM-009009', 'No tiene permisos para acceder', 'co-ES');
INSERT INTO OKM_TRANSLATION (TR_MODULE, TR_KEY, TR_TEXT, TR_LANGUAGE) VALUES ('frontend', 'OKM-009001', 'Error interno del repositorio', 'co-ES');
INSERT INTO OKM_TRANSLATION (TR_MODULE, TR_KEY, TR_TEXT, TR_LANGUAGE) VALUES ('frontend', 'OKM-009024', 'Error en la base de datos', 'co-ES');
INSERT INTO OKM_TRANSLATION (TR_MODULE, TR_KEY, TR_TEXT, TR_LANGUAGE) VALUES ('frontend', 'OKM-009006', 'Error interno de la aplicacin', 'co-ES');
INSERT INTO OKM_TRANSLATION (TR_MODULE, TR_KEY, TR_TEXT, TR_LANGUAGE) VALUES ('frontend', 'OKM-009012', 'No existe el grupo', 'co-ES');
INSERT INTO OKM_TRANSLATION (TR_MODULE, TR_KEY, TR_TEXT, TR_LANGUAGE) VALUES ('frontend', 'OKM-009014', 'No existe la propiedad', 'co-ES');
INSERT INTO OKM_TRANSLATION (TR_MODULE, TR_KEY, TR_TEXT, TR_LANGUAGE) VALUES ('frontend', 'OKM-009013', 'Error en el dispositivo de entrada/salida', 'co-ES');
INSERT INTO OKM_TRANSLATION (TR_MODULE, TR_KEY, TR_TEXT, TR_LANGUAGE) VALUES ('frontend', 'OKM-012001', 'Error interno del repositorio', 'co-ES');
INSERT INTO OKM_TRANSLATION (TR_MODULE, TR_KEY, TR_TEXT, TR_LANGUAGE) VALUES ('frontend', 'OKM-012006', 'Error interno de la aplicacin', 'co-ES');
INSERT INTO OKM_TRANSLATION (TR_MODULE, TR_KEY, TR_TEXT, TR_LANGUAGE) VALUES ('frontend', 'OKM-012015', 'La ruta del no existe', 'co-ES');
INSERT INTO OKM_TRANSLATION (TR_MODULE, TR_KEY, TR_TEXT, TR_LANGUAGE) VALUES ('frontend', 'OKM-012024', 'Error en la base de datos', 'co-ES');
INSERT INTO OKM_TRANSLATION (TR_MODULE, TR_KEY, TR_TEXT, TR_LANGUAGE) VALUES ('frontend', 'OKM-012009', 'No tiene permisos para acceder', 'co-ES');
INSERT INTO OKM_TRANSLATION (TR_MODULE, TR_KEY, TR_TEXT, TR_LANGUAGE) VALUES ('frontend', 'OKM-019001', 'Error interno del repositorio', 'co-ES');
INSERT INTO OKM_TRANSLATION (TR_MODULE, TR_KEY, TR_TEXT, TR_LANGUAGE) VALUES ('frontend', 'OKM-019006', 'Error interno de la aplicacin', 'co-ES');
INSERT INTO OKM_TRANSLATION (TR_MODULE, TR_KEY, TR_TEXT, TR_LANGUAGE) VALUES ('frontend', 'OKM-019024', 'Error en la base de datos', 'co-ES');
INSERT INTO OKM_LANGUAGE (LG_ID, LG_NAME, LG_IMAGE_CONTENT, LG_IMAGE_MIME) VALUES ('el-GR', 'Greece', 'R0lGODlhEAALANUAADxkzwAFq9PT1cLN7KK05LrG6vn5+u7w9r7J6rTB5fDw8vb2+PHy9DRdzI2i2+nt9eHk7Ymf2ws9xAApvIKa3QAAl42k4fT09U1y1YGDy+3v9put4HuU2i1XyZWo3gAZtLnF5wAAiubp8vj5/Pf4+/P1+uPm8AI1wuLi4vz8/LfE58/X71h2yAo0odLW3fL0973I58jK1gAYodnf8ejq86qwx+zu8vLz+Achqejo7JKm4Jeq4Ki55/39/f7+/v///yH5BAAAAAAALAAAAAAQAAsAAAaNQIlEIBCeJsjPJ8AMSDA/HwYzqpJIi+zLhYr6fL3BAIEogFQJRAb1Bfd0FkuEQuFwHLInGAAolW43DAcaNgcxJxg9KXwADY4NHZENODkpKQaYWQsXFwwKCgwCOytiYggwZipoCTAZLAU8PAQEGxs7HjoODhEbLTMHgw/CNCIiJscQEDVLTQEVz88h0tJBADs=', 'image/gif');
INSERT INTO OKM_TRANSLATION (TR_MODULE, TR_KEY, TR_TEXT, TR_LANGUAGE) VALUES ('frontend', 'general.date.pattern', 'dd-MM-yyyy hh:mm:ss', 'el-GR');
INSERT INTO OKM_TRANSLATION (TR_MODULE, TR_KEY, TR_TEXT, TR_LANGUAGE) VALUES ('frontend', 'general.day.pattern', 'dd-MM-yyyy', 'el-GR');
INSERT INTO OKM_TRANSLATION (TR_MODULE, TR_KEY, TR_TEXT, TR_LANGUAGE) VALUES ('frontend', 'general.hour.pattern', 'HH:mm:ss', 'el-GR');
INSERT INTO OKM_TRANSLATION (TR_MODULE, TR_KEY, TR_TEXT, TR_LANGUAGE) VALUES ('frontend', 'startup.openkm', ' OpenKM', 'el-GR');
INSERT INTO OKM_TRANSLATION (TR_MODULE, TR_KEY, TR_TEXT, TR_LANGUAGE) VALUES ('frontend', 'startup.starting.loading', '  OpenKM', 'el-GR');
INSERT INTO OKM_TRANSLATION (TR_MODULE, TR_KEY, TR_TEXT, TR_LANGUAGE) VALUES ('frontend', 'startup.taxonomy', ' ', 'el-GR');
INSERT INTO OKM_TRANSLATION (TR_MODULE, TR_KEY, TR_TEXT, TR_LANGUAGE) VALUES ('frontend', 'startup.categories', ' ', 'el-GR');
INSERT INTO OKM_TRANSLATION (TR_MODULE, TR_KEY, TR_TEXT, TR_LANGUAGE) VALUES ('frontend', 'startup.thesaurus', '  ', 'el-GR');
INSERT INTO OKM_TRANSLATION (TR_MODULE, TR_KEY, TR_TEXT, TR_LANGUAGE) VALUES ('frontend', 'startup.template', ' ', 'el-GR');
INSERT INTO OKM_TRANSLATION (TR_MODULE, TR_KEY, TR_TEXT, TR_LANGUAGE) VALUES ('frontend', 'startup.personal', '  ', 'el-GR');
INSERT INTO OKM_TRANSLATION (TR_MODULE, TR_KEY, TR_TEXT, TR_LANGUAGE) VALUES ('frontend', 'startup.mail', '  e-mail', 'el-GR');
INSERT INTO OKM_TRANSLATION (TR_MODULE, TR_KEY, TR_TEXT, TR_LANGUAGE) VALUES ('frontend', 'startup.trash', '  ', 'el-GR');
INSERT INTO OKM_TRANSLATION (TR_MODULE, TR_KEY, TR_TEXT, TR_LANGUAGE) VALUES ('frontend', 'startup.user.home', '   ', 'el-GR');
INSERT INTO OKM_TRANSLATION (TR_MODULE, TR_KEY, TR_TEXT, TR_LANGUAGE) VALUES ('frontend', 'startup.bookmarks', ' ', 'el-GR');
INSERT INTO OKM_TRANSLATION (TR_MODULE, TR_KEY, TR_TEXT, TR_LANGUAGE) VALUES ('frontend', 'startup.loading.taxonomy', ' ', 'el-GR');
INSERT INTO OKM_TRANSLATION (TR_MODULE, TR_KEY, TR_TEXT, TR_LANGUAGE) VALUES ('frontend', 'startup.loading.taxonomy.getting.folders', '  -   ', 'el-GR');
INSERT INTO OKM_TRANSLATION (TR_MODULE, TR_KEY, TR_TEXT, TR_LANGUAGE) VALUES ('frontend', 'startup.loading.taxonomy.eval.params', '  - EVAL  ', 'el-GR');
INSERT INTO OKM_TRANSLATION (TR_MODULE, TR_KEY, TR_TEXT, TR_LANGUAGE) VALUES ('frontend', 'startup.loading.taxonomy.open.path', '  -  ', 'el-GR');
INSERT INTO OKM_TRANSLATION (TR_MODULE, TR_KEY, TR_TEXT, TR_LANGUAGE) VALUES ('frontend', 'startup.loading.taxonomy.getting.filebrowser.folders', '  -   ', 'el-GR');
INSERT INTO OKM_TRANSLATION (TR_MODULE, TR_KEY, TR_TEXT, TR_LANGUAGE) VALUES ('frontend', 'startup.loading.taxonomy.getting.filebrowser.documents', '  -   ', 'el-GR');
INSERT INTO OKM_TRANSLATION (TR_MODULE, TR_KEY, TR_TEXT, TR_LANGUAGE) VALUES ('frontend', 'startup.loading.taxonomy.getting.filebrowser.mails', '  -  e-mails', 'el-GR');
INSERT INTO OKM_TRANSLATION (TR_MODULE, TR_KEY, TR_TEXT, TR_LANGUAGE) VALUES ('frontend', 'startup.loading.personal', '  ', 'el-GR');
INSERT INTO OKM_TRANSLATION (TR_MODULE, TR_KEY, TR_TEXT, TR_LANGUAGE) VALUES ('frontend', 'startup.loading.mail', ' e-mail', 'el-GR');
INSERT INTO OKM_TRANSLATION (TR_MODULE, TR_KEY, TR_TEXT, TR_LANGUAGE) VALUES ('frontend', 'startup.loading.categories', ' ', 'el-GR');
INSERT INTO OKM_TRANSLATION (TR_MODULE, TR_KEY, TR_TEXT, TR_LANGUAGE) VALUES ('frontend', 'startup.loading.thesaurus', '  ', 'el-GR');
INSERT INTO OKM_TRANSLATION (TR_MODULE, TR_KEY, TR_TEXT, TR_LANGUAGE) VALUES ('frontend', 'startup.loading.templates', ' ', 'el-GR');
INSERT INTO OKM_TRANSLATION (TR_MODULE, TR_KEY, TR_TEXT, TR_LANGUAGE) VALUES ('frontend', 'startup.loading.trash', ' ', 'el-GR');
INSERT INTO OKM_TRANSLATION (TR_MODULE, TR_KEY, TR_TEXT, TR_LANGUAGE) VALUES ('frontend', 'startup.loading.history.search', '  ', 'el-GR');
INSERT INTO OKM_TRANSLATION (TR_MODULE, TR_KEY, TR_TEXT, TR_LANGUAGE) VALUES ('frontend', 'startup.loading.user.values', '  ', 'el-GR');
INSERT INTO OKM_TRANSLATION (TR_MODULE, TR_KEY, TR_TEXT, TR_LANGUAGE) VALUES ('frontend', 'startup.keep.alive', ' keep alive', 'el-GR');
INSERT INTO OKM_TRANSLATION (TR_MODULE, TR_KEY, TR_TEXT, TR_LANGUAGE) VALUES ('frontend', 'openkm.update.available', '      OpenKM', 'el-GR');
INSERT INTO OKM_TRANSLATION (TR_MODULE, TR_KEY, TR_TEXT, TR_LANGUAGE) VALUES ('frontend', 'leftpanel.label.taxonomy', '', 'el-GR');
INSERT INTO OKM_TRANSLATION (TR_MODULE, TR_KEY, TR_TEXT, TR_LANGUAGE) VALUES ('frontend', 'leftpanel.label.trash', '', 'el-GR');
INSERT INTO OKM_TRANSLATION (TR_MODULE, TR_KEY, TR_TEXT, TR_LANGUAGE) VALUES ('frontend', 'leftpanel.label.mail', 'E-mail', 'el-GR');
INSERT INTO OKM_TRANSLATION (TR_MODULE, TR_KEY, TR_TEXT, TR_LANGUAGE) VALUES ('frontend', 'leftpanel.label.stored.search', ' ', 'el-GR');
INSERT INTO OKM_TRANSLATION (TR_MODULE, TR_KEY, TR_TEXT, TR_LANGUAGE) VALUES ('frontend', 'leftpanel.label.categories', '', 'el-GR');
INSERT INTO OKM_TRANSLATION (TR_MODULE, TR_KEY, TR_TEXT, TR_LANGUAGE) VALUES ('frontend', 'leftpanel.label.thesaurus', ' ', 'el-GR');
INSERT INTO OKM_TRANSLATION (TR_MODULE, TR_KEY, TR_TEXT, TR_LANGUAGE) VALUES ('frontend', 'leftpanel.label.templates', '', 'el-GR');
INSERT INTO OKM_TRANSLATION (TR_MODULE, TR_KEY, TR_TEXT, TR_LANGUAGE) VALUES ('frontend', 'leftpanel.label.my.documents', '  ', 'el-GR');
INSERT INTO OKM_TRANSLATION (TR_MODULE, TR_KEY, TR_TEXT, TR_LANGUAGE) VALUES ('frontend', 'leftpanel.label.user.search', '', 'el-GR');
INSERT INTO OKM_TRANSLATION (TR_MODULE, TR_KEY, TR_TEXT, TR_LANGUAGE) VALUES ('frontend', 'leftpanel.label.all.repository', '  ', 'el-GR');
INSERT INTO OKM_TRANSLATION (TR_MODULE, TR_KEY, TR_TEXT, TR_LANGUAGE) VALUES ('frontend', 'tree.menu.directory.create', ' ', 'el-GR');
INSERT INTO OKM_TRANSLATION (TR_MODULE, TR_KEY, TR_TEXT, TR_LANGUAGE) VALUES ('frontend', 'tree.menu.directory.remove', '', 'el-GR');
INSERT INTO OKM_TRANSLATION (TR_MODULE, TR_KEY, TR_TEXT, TR_LANGUAGE) VALUES ('frontend', 'tree.menu.directory.rename', '', 'el-GR');
INSERT INTO OKM_TRANSLATION (TR_MODULE, TR_KEY, TR_TEXT, TR_LANGUAGE) VALUES ('frontend', 'tree.menu.directory.refresh', '', 'el-GR');
INSERT INTO OKM_TRANSLATION (TR_MODULE, TR_KEY, TR_TEXT, TR_LANGUAGE) VALUES ('frontend', 'tree.menu.directory.move', '', 'el-GR');
INSERT INTO OKM_TRANSLATION (TR_MODULE, TR_KEY, TR_TEXT, TR_LANGUAGE) VALUES ('frontend', 'tree.menu.directory.copy', '', 'el-GR');
INSERT INTO OKM_TRANSLATION (TR_MODULE, TR_KEY, TR_TEXT, TR_LANGUAGE) VALUES ('frontend', 'tree.menu.directory.add.document', ' ', 'el-GR');
INSERT INTO OKM_TRANSLATION (TR_MODULE, TR_KEY, TR_TEXT, TR_LANGUAGE) VALUES ('frontend', 'tree.menu.add.bookmark', ' ', 'el-GR');
INSERT INTO OKM_TRANSLATION (TR_MODULE, TR_KEY, TR_TEXT, TR_LANGUAGE) VALUES ('frontend', 'tree.menu.set.home', '   ', 'el-GR');
INSERT INTO OKM_TRANSLATION (TR_MODULE, TR_KEY, TR_TEXT, TR_LANGUAGE) VALUES ('frontend', 'tree.menu.export', '  ', 'el-GR');
INSERT INTO OKM_TRANSLATION (TR_MODULE, TR_KEY, TR_TEXT, TR_LANGUAGE) VALUES ('frontend', 'tree.status.refresh.folder', ' ', 'el-GR');
INSERT INTO OKM_TRANSLATION (TR_MODULE, TR_KEY, TR_TEXT, TR_LANGUAGE) VALUES ('frontend', 'tree.status.refresh.create', ' ', 'el-GR');
INSERT INTO OKM_TRANSLATION (TR_MODULE, TR_KEY, TR_TEXT, TR_LANGUAGE) VALUES ('frontend', 'tree.status.refresh.delete', ' ', 'el-GR');
INSERT INTO OKM_TRANSLATION (TR_MODULE, TR_KEY, TR_TEXT, TR_LANGUAGE) VALUES ('frontend', 'tree.status.refresh.rename', ' ', 'el-GR');
INSERT INTO OKM_TRANSLATION (TR_MODULE, TR_KEY, TR_TEXT, TR_LANGUAGE) VALUES ('frontend', 'tree.status.refresh.restore', ' ', 'el-GR');
INSERT INTO OKM_TRANSLATION (TR_MODULE, TR_KEY, TR_TEXT, TR_LANGUAGE) VALUES ('frontend', 'tree.status.refresh.purge', ' ', 'el-GR');
INSERT INTO OKM_TRANSLATION (TR_MODULE, TR_KEY, TR_TEXT, TR_LANGUAGE) VALUES ('frontend', 'tree.status.refresh.get', ' ', 'el-GR');
INSERT INTO OKM_TRANSLATION (TR_MODULE, TR_KEY, TR_TEXT, TR_LANGUAGE) VALUES ('frontend', 'tree.folder.new', ' ', 'el-GR');
INSERT INTO OKM_TRANSLATION (TR_MODULE, TR_KEY, TR_TEXT, TR_LANGUAGE) VALUES ('frontend', 'tree.status.refresh.add.subscription', ' ', 'el-GR');
INSERT INTO OKM_TRANSLATION (TR_MODULE, TR_KEY, TR_TEXT, TR_LANGUAGE) VALUES ('frontend', 'tree.status.refresh.remove.subscription', ' ', 'el-GR');
INSERT INTO OKM_TRANSLATION (TR_MODULE, TR_KEY, TR_TEXT, TR_LANGUAGE) VALUES ('frontend', 'tree.status.refresh.get.root', '  ', 'el-GR');
INSERT INTO OKM_TRANSLATION (TR_MODULE, TR_KEY, TR_TEXT, TR_LANGUAGE) VALUES ('frontend', 'tree.status.refresh.get.keywords', '  ', 'el-GR');
INSERT INTO OKM_TRANSLATION (TR_MODULE, TR_KEY, TR_TEXT, TR_LANGUAGE) VALUES ('frontend', 'tree.status.refresh.get.user.home', '   ', 'el-GR');
INSERT INTO OKM_TRANSLATION (TR_MODULE, TR_KEY, TR_TEXT, TR_LANGUAGE) VALUES ('frontend', 'tree.status.refresh.purge.trash', ' ', 'el-GR');
INSERT INTO OKM_TRANSLATION (TR_MODULE, TR_KEY, TR_TEXT, TR_LANGUAGE) VALUES ('frontend', 'tree.menu.directory.find.folder', ' ', 'el-GR');
INSERT INTO OKM_TRANSLATION (TR_MODULE, TR_KEY, TR_TEXT, TR_LANGUAGE) VALUES ('frontend', 'trash.menu.directory.restore', '', 'el-GR');
INSERT INTO OKM_TRANSLATION (TR_MODULE, TR_KEY, TR_TEXT, TR_LANGUAGE) VALUES ('frontend', 'trash.menu.directory.purge', '', 'el-GR');
INSERT INTO OKM_TRANSLATION (TR_MODULE, TR_KEY, TR_TEXT, TR_LANGUAGE) VALUES ('frontend', 'trash.menu.directory.purge.trash', ' ', 'el-GR');
INSERT INTO OKM_TRANSLATION (TR_MODULE, TR_KEY, TR_TEXT, TR_LANGUAGE) VALUES ('frontend', 'trash.directory.select.label', '  ', 'el-GR');
INSERT INTO OKM_TRANSLATION (TR_MODULE, TR_KEY, TR_TEXT, TR_LANGUAGE) VALUES ('frontend', 'general.menu.file', '', 'el-GR');
INSERT INTO OKM_TRANSLATION (TR_MODULE, TR_KEY, TR_TEXT, TR_LANGUAGE) VALUES ('frontend', 'general.menu.file.exit', '', 'el-GR');
INSERT INTO OKM_TRANSLATION (TR_MODULE, TR_KEY, TR_TEXT, TR_LANGUAGE) VALUES ('frontend', 'general.menu.file.purge.trash', ' ', 'el-GR');
INSERT INTO OKM_TRANSLATION (TR_MODULE, TR_KEY, TR_TEXT, TR_LANGUAGE) VALUES ('frontend', 'general.menu.edit', '', 'el-GR');
INSERT INTO OKM_TRANSLATION (TR_MODULE, TR_KEY, TR_TEXT, TR_LANGUAGE) VALUES ('frontend', 'general.menu.file.create.directory', ' ', 'el-GR');
INSERT INTO OKM_TRANSLATION (TR_MODULE, TR_KEY, TR_TEXT, TR_LANGUAGE) VALUES ('frontend', 'general.menu.file.download.document', ' ', 'el-GR');
INSERT INTO OKM_TRANSLATION (TR_MODULE, TR_KEY, TR_TEXT, TR_LANGUAGE) VALUES ('frontend', 'general.menu.file.download.document.pdf', '    PDF', 'el-GR');
INSERT INTO OKM_TRANSLATION (TR_MODULE, TR_KEY, TR_TEXT, TR_LANGUAGE) VALUES ('frontend', 'general.menu.file.send.link', '   ', 'el-GR');
INSERT INTO OKM_TRANSLATION (TR_MODULE, TR_KEY, TR_TEXT, TR_LANGUAGE) VALUES ('frontend', 'general.menu.file.send.attachment', '  ', 'el-GR');
INSERT INTO OKM_TRANSLATION (TR_MODULE, TR_KEY, TR_TEXT, TR_LANGUAGE) VALUES ('frontend', 'general.menu.file.lock', '', 'el-GR');
INSERT INTO OKM_TRANSLATION (TR_MODULE, TR_KEY, TR_TEXT, TR_LANGUAGE) VALUES ('frontend', 'general.menu.file.unlock', '', 'el-GR');
INSERT INTO OKM_TRANSLATION (TR_MODULE, TR_KEY, TR_TEXT, TR_LANGUAGE) VALUES ('frontend', 'general.menu.file.add.document', ' ', 'el-GR');
INSERT INTO OKM_TRANSLATION (TR_MODULE, TR_KEY, TR_TEXT, TR_LANGUAGE) VALUES ('frontend', 'general.menu.file.checkout', 'Check out', 'el-GR');
INSERT INTO OKM_TRANSLATION (TR_MODULE, TR_KEY, TR_TEXT, TR_LANGUAGE) VALUES ('frontend', 'general.menu.file.checkin', 'Check in', 'el-GR');
INSERT INTO OKM_TRANSLATION (TR_MODULE, TR_KEY, TR_TEXT, TR_LANGUAGE) VALUES ('frontend', 'general.menu.file.cancel.checkout', ' check out', 'el-GR');
INSERT INTO OKM_TRANSLATION (TR_MODULE, TR_KEY, TR_TEXT, TR_LANGUAGE) VALUES ('frontend', 'general.menu.file.delete', '', 'el-GR');
INSERT INTO OKM_TRANSLATION (TR_MODULE, TR_KEY, TR_TEXT, TR_LANGUAGE) VALUES ('frontend', 'general.menu.file.refresh', '', 'el-GR');
INSERT INTO OKM_TRANSLATION (TR_MODULE, TR_KEY, TR_TEXT, TR_LANGUAGE) VALUES ('frontend', 'general.menu.file.scanner', '', 'el-GR');
INSERT INTO OKM_TRANSLATION (TR_MODULE, TR_KEY, TR_TEXT, TR_LANGUAGE) VALUES ('frontend', 'general.menu.file.uploader', ' ', 'el-GR');
INSERT INTO OKM_TRANSLATION (TR_MODULE, TR_KEY, TR_TEXT, TR_LANGUAGE) VALUES ('frontend', 'general.menu.tools', '', 'el-GR');
INSERT INTO OKM_TRANSLATION (TR_MODULE, TR_KEY, TR_TEXT, TR_LANGUAGE) VALUES ('frontend', 'general.menu.tools.languages', '', 'el-GR');
INSERT INTO OKM_TRANSLATION (TR_MODULE, TR_KEY, TR_TEXT, TR_LANGUAGE) VALUES ('frontend', 'general.menu.tools.skin', '', 'el-GR');
INSERT INTO OKM_TRANSLATION (TR_MODULE, TR_KEY, TR_TEXT, TR_LANGUAGE) VALUES ('frontend', 'general.menu.tools.skin.default', ' ', 'el-GR');
INSERT INTO OKM_TRANSLATION (TR_MODULE, TR_KEY, TR_TEXT, TR_LANGUAGE) VALUES ('frontend', 'general.menu.tools.skin.default2', '  2', 'el-GR');
INSERT INTO OKM_TRANSLATION (TR_MODULE, TR_KEY, TR_TEXT, TR_LANGUAGE) VALUES ('frontend', 'general.menu.tools.skin.mediumfont', ' ', 'el-GR');
INSERT INTO OKM_TRANSLATION (TR_MODULE, TR_KEY, TR_TEXT, TR_LANGUAGE) VALUES ('frontend', 'general.menu.tools.skin.bigfont', ' ', 'el-GR');
INSERT INTO OKM_TRANSLATION (TR_MODULE, TR_KEY, TR_TEXT, TR_LANGUAGE) VALUES ('frontend', 'general.menu.debug.console', ' Debug', 'el-GR');
INSERT INTO OKM_TRANSLATION (TR_MODULE, TR_KEY, TR_TEXT, TR_LANGUAGE) VALUES ('frontend', 'general.menu.administration', '', 'el-GR');
INSERT INTO OKM_TRANSLATION (TR_MODULE, TR_KEY, TR_TEXT, TR_LANGUAGE) VALUES ('frontend', 'general.menu.tools.preferences', '', 'el-GR');
INSERT INTO OKM_TRANSLATION (TR_MODULE, TR_KEY, TR_TEXT, TR_LANGUAGE) VALUES ('frontend', 'general.menu.tools.user.preferences', ' ', 'el-GR');
INSERT INTO OKM_TRANSLATION (TR_MODULE, TR_KEY, TR_TEXT, TR_LANGUAGE) VALUES ('frontend', 'general.menu.bookmark', '', 'el-GR');
INSERT INTO OKM_TRANSLATION (TR_MODULE, TR_KEY, TR_TEXT, TR_LANGUAGE) VALUES ('frontend', 'general.menu.bookmark.home', '   ', 'el-GR');
INSERT INTO OKM_TRANSLATION (TR_MODULE, TR_KEY, TR_TEXT, TR_LANGUAGE) VALUES ('frontend', 'general.menu.bookmark.default.home', '   ', 'el-GR');
INSERT INTO OKM_TRANSLATION (TR_MODULE, TR_KEY, TR_TEXT, TR_LANGUAGE) VALUES ('frontend', 'general.menu.bookmark.edit', ' ', 'el-GR');
INSERT INTO OKM_TRANSLATION (TR_MODULE, TR_KEY, TR_TEXT, TR_LANGUAGE) VALUES ('frontend', 'general.menu.help', '', 'el-GR');
INSERT INTO OKM_TRANSLATION (TR_MODULE, TR_KEY, TR_TEXT, TR_LANGUAGE) VALUES ('frontend', 'general.menu.bug.report', ' ', 'el-GR');
INSERT INTO OKM_TRANSLATION (TR_MODULE, TR_KEY, TR_TEXT, TR_LANGUAGE) VALUES ('frontend', 'general.menu.support.request', ' ', 'el-GR');
INSERT INTO OKM_TRANSLATION (TR_MODULE, TR_KEY, TR_TEXT, TR_LANGUAGE) VALUES ('frontend', 'general.menu.public.forum', ' forum', 'el-GR');
INSERT INTO OKM_TRANSLATION (TR_MODULE, TR_KEY, TR_TEXT, TR_LANGUAGE) VALUES ('frontend', 'general.menu.project.web', '  OpenKM', 'el-GR');
INSERT INTO OKM_TRANSLATION (TR_MODULE, TR_KEY, TR_TEXT, TR_LANGUAGE) VALUES ('frontend', 'general.menu.version.changes', '     ', 'el-GR');
INSERT INTO OKM_TRANSLATION (TR_MODULE, TR_KEY, TR_TEXT, TR_LANGUAGE) VALUES ('frontend', 'general.menu.documentation', 'Documentation', 'el-GR');
INSERT INTO OKM_TRANSLATION (TR_MODULE, TR_KEY, TR_TEXT, TR_LANGUAGE) VALUES ('frontend', 'general.menu.about', '   OpenKM', 'el-GR');
INSERT INTO OKM_TRANSLATION (TR_MODULE, TR_KEY, TR_TEXT, TR_LANGUAGE) VALUES ('frontend', 'general.connected', ' ', 'el-GR');
INSERT INTO OKM_TRANSLATION (TR_MODULE, TR_KEY, TR_TEXT, TR_LANGUAGE) VALUES ('frontend', 'filebrowser.name', ' ', 'el-GR');
INSERT INTO OKM_TRANSLATION (TR_MODULE, TR_KEY, TR_TEXT, TR_LANGUAGE) VALUES ('frontend', 'filebrowser.date.update', ' ', 'el-GR');
INSERT INTO OKM_TRANSLATION (TR_MODULE, TR_KEY, TR_TEXT, TR_LANGUAGE) VALUES ('frontend', 'filebrowser.size', ' ', 'el-GR');
INSERT INTO OKM_TRANSLATION (TR_MODULE, TR_KEY, TR_TEXT, TR_LANGUAGE) VALUES ('frontend', 'filebrowser.path', ' ', 'el-GR');
INSERT INTO OKM_TRANSLATION (TR_MODULE, TR_KEY, TR_TEXT, TR_LANGUAGE) VALUES ('frontend', 'filebrowser.author', '', 'el-GR');
INSERT INTO OKM_TRANSLATION (TR_MODULE, TR_KEY, TR_TEXT, TR_LANGUAGE) VALUES ('frontend', 'filebrowser.version', '', 'el-GR');
INSERT INTO OKM_TRANSLATION (TR_MODULE, TR_KEY, TR_TEXT, TR_LANGUAGE) VALUES ('frontend', 'filebrowser.menu.checkout', 'Check out', 'el-GR');
INSERT INTO OKM_TRANSLATION (TR_MODULE, TR_KEY, TR_TEXT, TR_LANGUAGE) VALUES ('frontend', 'filebrowser.menu.checkin', 'Check in', 'el-GR');
INSERT INTO OKM_TRANSLATION (TR_MODULE, TR_KEY, TR_TEXT, TR_LANGUAGE) VALUES ('frontend', 'filebrowser.menu.delete', '', 'el-GR');
INSERT INTO OKM_TRANSLATION (TR_MODULE, TR_KEY, TR_TEXT, TR_LANGUAGE) VALUES ('frontend', 'filebrowser.menu.rename', '', 'el-GR');
INSERT INTO OKM_TRANSLATION (TR_MODULE, TR_KEY, TR_TEXT, TR_LANGUAGE) VALUES ('frontend', 'filebrowser.menu.checkout.cancel', ' Check out', 'el-GR');
INSERT INTO OKM_TRANSLATION (TR_MODULE, TR_KEY, TR_TEXT, TR_LANGUAGE) VALUES ('frontend', 'filebrowser.menu.lock', '', 'el-GR');
INSERT INTO OKM_TRANSLATION (TR_MODULE, TR_KEY, TR_TEXT, TR_LANGUAGE) VALUES ('frontend', 'filebrowser.menu.unlock', '', 'el-GR');
INSERT INTO OKM_TRANSLATION (TR_MODULE, TR_KEY, TR_TEXT, TR_LANGUAGE) VALUES ('frontend', 'filebrowser.menu.download', '', 'el-GR');
INSERT INTO OKM_TRANSLATION (TR_MODULE, TR_KEY, TR_TEXT, TR_LANGUAGE) VALUES ('frontend', 'filebrowser.menu.move', '', 'el-GR');
INSERT INTO OKM_TRANSLATION (TR_MODULE, TR_KEY, TR_TEXT, TR_LANGUAGE) VALUES ('frontend', 'filebrowser.menu.copy', '', 'el-GR');
INSERT INTO OKM_TRANSLATION (TR_MODULE, TR_KEY, TR_TEXT, TR_LANGUAGE) VALUES ('frontend', 'filebrowser.menu.create.from.template', '  ', 'el-GR');
INSERT INTO OKM_TRANSLATION (TR_MODULE, TR_KEY, TR_TEXT, TR_LANGUAGE) VALUES ('frontend', 'filebrowser.menu.add.property.group', '  ', 'el-GR');
INSERT INTO OKM_TRANSLATION (TR_MODULE, TR_KEY, TR_TEXT, TR_LANGUAGE) VALUES ('frontend', 'filebrowser.menu.remove.property.group', '  ', 'el-GR');
INSERT INTO OKM_TRANSLATION (TR_MODULE, TR_KEY, TR_TEXT, TR_LANGUAGE) VALUES ('frontend', 'filebrowser.menu.start.workflow', '  ', 'el-GR');
INSERT INTO OKM_TRANSLATION (TR_MODULE, TR_KEY, TR_TEXT, TR_LANGUAGE) VALUES ('frontend', 'filebrowser.menu.add.subscription', ' ', 'el-GR');
INSERT INTO OKM_TRANSLATION (TR_MODULE, TR_KEY, TR_TEXT, TR_LANGUAGE) VALUES ('frontend', 'filebrowser.menu.remove.subscription', ' ', 'el-GR');
INSERT INTO OKM_TRANSLATION (TR_MODULE, TR_KEY, TR_TEXT, TR_LANGUAGE) VALUES ('frontend', 'filebrowser.menu.add.bookmark', ' ', 'el-GR');
INSERT INTO OKM_TRANSLATION (TR_MODULE, TR_KEY, TR_TEXT, TR_LANGUAGE) VALUES ('frontend', 'filebrowser.menu.set.home', '   ', 'el-GR');
INSERT INTO OKM_TRANSLATION (TR_MODULE, TR_KEY, TR_TEXT, TR_LANGUAGE) VALUES ('frontend', 'filebrowser.menu.refresh', '', 'el-GR');
INSERT INTO OKM_TRANSLATION (TR_MODULE, TR_KEY, TR_TEXT, TR_LANGUAGE) VALUES ('frontend', 'filebrowser.menu.export', '   ZIP', 'el-GR');
INSERT INTO OKM_TRANSLATION (TR_MODULE, TR_KEY, TR_TEXT, TR_LANGUAGE) VALUES ('frontend', 'filebrowser.menu.play', '', 'el-GR');
INSERT INTO OKM_TRANSLATION (TR_MODULE, TR_KEY, TR_TEXT, TR_LANGUAGE) VALUES ('frontend', 'filebrowser.menu.image.viewer', ' ', 'el-GR');
INSERT INTO OKM_TRANSLATION (TR_MODULE, TR_KEY, TR_TEXT, TR_LANGUAGE) VALUES ('frontend', 'filebrowser.status.refresh.folder', '  ', 'el-GR');
INSERT INTO OKM_TRANSLATION (TR_MODULE, TR_KEY, TR_TEXT, TR_LANGUAGE) VALUES ('frontend', 'filebrowser.status.refresh.document', '  ', 'el-GR');
INSERT INTO OKM_TRANSLATION (TR_MODULE, TR_KEY, TR_TEXT, TR_LANGUAGE) VALUES ('frontend', 'filebrowser.status.refresh.mail', '  e-mail', 'el-GR');
INSERT INTO OKM_TRANSLATION (TR_MODULE, TR_KEY, TR_TEXT, TR_LANGUAGE) VALUES ('frontend', 'filebrowser.status.refresh.delete.folder', ' ', 'el-GR');
INSERT INTO OKM_TRANSLATION (TR_MODULE, TR_KEY, TR_TEXT, TR_LANGUAGE) VALUES ('frontend', 'filebrowser.status.refresh.delete.document', ' ', 'el-GR');
INSERT INTO OKM_TRANSLATION (TR_MODULE, TR_KEY, TR_TEXT, TR_LANGUAGE) VALUES ('frontend', 'filebrowser.status.refresh.checkout', 'Checking out ', 'el-GR');
INSERT INTO OKM_TRANSLATION (TR_MODULE, TR_KEY, TR_TEXT, TR_LANGUAGE) VALUES ('frontend', 'filebrowser.status.refresh.lock', ' ', 'el-GR');
INSERT INTO OKM_TRANSLATION (TR_MODULE, TR_KEY, TR_TEXT, TR_LANGUAGE) VALUES ('frontend', 'filebrowser.status.refresh.unlock', ' ', 'el-GR');
INSERT INTO OKM_TRANSLATION (TR_MODULE, TR_KEY, TR_TEXT, TR_LANGUAGE) VALUES ('frontend', 'filebrowser.status.refresh.document.rename', ' ', 'el-GR');
INSERT INTO OKM_TRANSLATION (TR_MODULE, TR_KEY, TR_TEXT, TR_LANGUAGE) VALUES ('frontend', 'filebrowser.status.refresh.folder.rename', ' ', 'el-GR');
INSERT INTO OKM_TRANSLATION (TR_MODULE, TR_KEY, TR_TEXT, TR_LANGUAGE) VALUES ('frontend', 'filebrowser.status.refresh.document.purge', '  ', 'el-GR');
INSERT INTO OKM_TRANSLATION (TR_MODULE, TR_KEY, TR_TEXT, TR_LANGUAGE) VALUES ('frontend', 'filebrowser.status.refresh.folder.purge', '  ', 'el-GR');
INSERT INTO OKM_TRANSLATION (TR_MODULE, TR_KEY, TR_TEXT, TR_LANGUAGE) VALUES ('frontend', 'filebrowser.status.refresh.folder.get', ' ', 'el-GR');
INSERT INTO OKM_TRANSLATION (TR_MODULE, TR_KEY, TR_TEXT, TR_LANGUAGE) VALUES ('frontend', 'filebrowser.status.refresh.document.get', ' ', 'el-GR');
INSERT INTO OKM_TRANSLATION (TR_MODULE, TR_KEY, TR_TEXT, TR_LANGUAGE) VALUES ('frontend', 'filebrowser.status.refresh.add.subscription', ' ', 'el-GR');
INSERT INTO OKM_TRANSLATION (TR_MODULE, TR_KEY, TR_TEXT, TR_LANGUAGE) VALUES ('frontend', 'filebrowser.status.refresh.remove.subscription', ' ', 'el-GR');
INSERT INTO OKM_TRANSLATION (TR_MODULE, TR_KEY, TR_TEXT, TR_LANGUAGE) VALUES ('frontend', 'filebrowser.status.refresh.get.user.home', '  ', 'el-GR');
INSERT INTO OKM_TRANSLATION (TR_MODULE, TR_KEY, TR_TEXT, TR_LANGUAGE) VALUES ('frontend', 'filebrowser.status.refresh.delete.mail', ' e-mail', 'el-GR');
INSERT INTO OKM_TRANSLATION (TR_MODULE, TR_KEY, TR_TEXT, TR_LANGUAGE) VALUES ('frontend', 'filebrowser.status.refresh.mail.purge', '  e-mail', 'el-GR');
INSERT INTO OKM_TRANSLATION (TR_MODULE, TR_KEY, TR_TEXT, TR_LANGUAGE) VALUES ('frontend', 'fileupload.send', '', 'el-GR');
INSERT INTO OKM_TRANSLATION (TR_MODULE, TR_KEY, TR_TEXT, TR_LANGUAGE) VALUES ('frontend', 'fileupload.status.sending', '  ...', 'el-GR');
INSERT INTO OKM_TRANSLATION (TR_MODULE, TR_KEY, TR_TEXT, TR_LANGUAGE) VALUES ('frontend', 'fileupload.status.indexing', 'Indexing...', 'el-GR');
INSERT INTO OKM_TRANSLATION (TR_MODULE, TR_KEY, TR_TEXT, TR_LANGUAGE) VALUES ('frontend', 'fileupload.status.ok', '   ', 'el-GR');
INSERT INTO OKM_TRANSLATION (TR_MODULE, TR_KEY, TR_TEXT, TR_LANGUAGE) VALUES ('frontend', 'fileupload.upload.status', ' ', 'el-GR');
INSERT INTO OKM_TRANSLATION (TR_MODULE, TR_KEY, TR_TEXT, TR_LANGUAGE) VALUES ('frontend', 'fileupload.upload.uploaded', '', 'el-GR');
INSERT INTO OKM_TRANSLATION (TR_MODULE, TR_KEY, TR_TEXT, TR_LANGUAGE) VALUES ('frontend', 'fileupload.upload.completed', '  ', 'el-GR');
INSERT INTO OKM_TRANSLATION (TR_MODULE, TR_KEY, TR_TEXT, TR_LANGUAGE) VALUES ('frontend', 'fileupload.upload.runtime', ' ', 'el-GR');
INSERT INTO OKM_TRANSLATION (TR_MODULE, TR_KEY, TR_TEXT, TR_LANGUAGE) VALUES ('frontend', 'fileupload.upload.remaining', '', 'el-GR');
INSERT INTO OKM_TRANSLATION (TR_MODULE, TR_KEY, TR_TEXT, TR_LANGUAGE) VALUES ('frontend', 'fileupload.button.close', '', 'el-GR');
INSERT INTO OKM_TRANSLATION (TR_MODULE, TR_KEY, TR_TEXT, TR_LANGUAGE) VALUES ('frontend', 'fileupload.button.add.other.file', '  ', 'el-GR');
INSERT INTO OKM_TRANSLATION (TR_MODULE, TR_KEY, TR_TEXT, TR_LANGUAGE) VALUES ('frontend', 'fileupload.status.move.file', ' ', 'el-GR');
INSERT INTO OKM_TRANSLATION (TR_MODULE, TR_KEY, TR_TEXT, TR_LANGUAGE) VALUES ('frontend', 'fileupload.status.move.mail', ' e-mail...', 'el-GR');
INSERT INTO OKM_TRANSLATION (TR_MODULE, TR_KEY, TR_TEXT, TR_LANGUAGE) VALUES ('frontend', 'fileupload.status.copy.file', '  ...', 'el-GR');
INSERT INTO OKM_TRANSLATION (TR_MODULE, TR_KEY, TR_TEXT, TR_LANGUAGE) VALUES ('frontend', 'fileupload.status.copy.mail', ' e-mail ...', 'el-GR');
INSERT INTO OKM_TRANSLATION (TR_MODULE, TR_KEY, TR_TEXT, TR_LANGUAGE) VALUES ('frontend', 'fileupload.status.restore.file', '  ...', 'el-GR');
INSERT INTO OKM_TRANSLATION (TR_MODULE, TR_KEY, TR_TEXT, TR_LANGUAGE) VALUES ('frontend', 'fileupload.status.restore.mail', ' e-mail ...', 'el-GR');
INSERT INTO OKM_TRANSLATION (TR_MODULE, TR_KEY, TR_TEXT, TR_LANGUAGE) VALUES ('frontend', 'fileupload.status.move.folder', '  ...', 'el-GR');
INSERT INTO OKM_TRANSLATION (TR_MODULE, TR_KEY, TR_TEXT, TR_LANGUAGE) VALUES ('frontend', 'fileupload.status.copy.folder', '  ...', 'el-GR');
INSERT INTO OKM_TRANSLATION (TR_MODULE, TR_KEY, TR_TEXT, TR_LANGUAGE) VALUES ('frontend', 'fileupload.status.restore.folder', '  ...', 'el-GR');
INSERT INTO OKM_TRANSLATION (TR_MODULE, TR_KEY, TR_TEXT, TR_LANGUAGE) VALUES ('frontend', 'fileupload.status.create.from.template', '    ...', 'el-GR');
INSERT INTO OKM_TRANSLATION (TR_MODULE, TR_KEY, TR_TEXT, TR_LANGUAGE) VALUES ('frontend', 'fileupload.status.of', 'of', 'el-GR');
INSERT INTO OKM_TRANSLATION (TR_MODULE, TR_KEY, TR_TEXT, TR_LANGUAGE) VALUES ('frontend', 'fileupload.label.insert', '  ', 'el-GR');
INSERT INTO OKM_TRANSLATION (TR_MODULE, TR_KEY, TR_TEXT, TR_LANGUAGE) VALUES ('frontend', 'fileupload.label.update', ' ', 'el-GR');
INSERT INTO OKM_TRANSLATION (TR_MODULE, TR_KEY, TR_TEXT, TR_LANGUAGE) VALUES ('frontend', 'fileupload.label.users.notify', ' ', 'el-GR');
INSERT INTO OKM_TRANSLATION (TR_MODULE, TR_KEY, TR_TEXT, TR_LANGUAGE) VALUES ('frontend', 'fileupload.label.comment', '', 'el-GR');
INSERT INTO OKM_TRANSLATION (TR_MODULE, TR_KEY, TR_TEXT, TR_LANGUAGE) VALUES ('frontend', 'fileupload.label.users.to.notify"', '  "  ', 'el-GR');
INSERT INTO OKM_TRANSLATION (TR_MODULE, TR_KEY, TR_TEXT, TR_LANGUAGE) VALUES ('frontend', 'fileupload.label.users"', '  "', 'el-GR');
INSERT INTO OKM_TRANSLATION (TR_MODULE, TR_KEY, TR_TEXT, TR_LANGUAGE) VALUES ('frontend', 'fileupload.label.groups.to.notify', '  ', 'el-GR');
INSERT INTO OKM_TRANSLATION (TR_MODULE, TR_KEY, TR_TEXT, TR_LANGUAGE) VALUES ('frontend', 'fileupload.label.groups', '', 'el-GR');
INSERT INTO OKM_TRANSLATION (TR_MODULE, TR_KEY, TR_TEXT, TR_LANGUAGE) VALUES ('frontend', 'fileupload.label.must.select.users"', '  " ', 'el-GR');
INSERT INTO OKM_TRANSLATION (TR_MODULE, TR_KEY, TR_TEXT, TR_LANGUAGE) VALUES ('frontend', 'fileupload.label.importZip', '    zip', 'el-GR');
INSERT INTO OKM_TRANSLATION (TR_MODULE, TR_KEY, TR_TEXT, TR_LANGUAGE) VALUES ('frontend', 'fileupload.label.notify.comment', ' ', 'el-GR');
INSERT INTO OKM_TRANSLATION (TR_MODULE, TR_KEY, TR_TEXT, TR_LANGUAGE) VALUES ('frontend', 'fileupload.label.error.importing.zip', '    ', 'el-GR');
INSERT INTO OKM_TRANSLATION (TR_MODULE, TR_KEY, TR_TEXT, TR_LANGUAGE) VALUES ('frontend', 'fileupload.label.error.move.file', '    ', 'el-GR');
INSERT INTO OKM_TRANSLATION (TR_MODULE, TR_KEY, TR_TEXT, TR_LANGUAGE) VALUES ('frontend', 'fileupload.label.error.move.mail', '    e-mail', 'el-GR');
INSERT INTO OKM_TRANSLATION (TR_MODULE, TR_KEY, TR_TEXT, TR_LANGUAGE) VALUES ('frontend', 'fileupload.label.error.copy.file', '    ', 'el-GR');
INSERT INTO OKM_TRANSLATION (TR_MODULE, TR_KEY, TR_TEXT, TR_LANGUAGE) VALUES ('frontend', 'fileupload.label.error.copy.mail', '    e-mail', 'el-GR');
INSERT INTO OKM_TRANSLATION (TR_MODULE, TR_KEY, TR_TEXT, TR_LANGUAGE) VALUES ('frontend', 'fileupload.label.error.restore.file', '    ', 'el-GR');
INSERT INTO OKM_TRANSLATION (TR_MODULE, TR_KEY, TR_TEXT, TR_LANGUAGE) VALUES ('frontend', 'fileupload.label.error.restore.mail', '    e-mail', 'el-GR');
INSERT INTO OKM_TRANSLATION (TR_MODULE, TR_KEY, TR_TEXT, TR_LANGUAGE) VALUES ('frontend', 'fileupload.label.error.move.folder', '    ', 'el-GR');
INSERT INTO OKM_TRANSLATION (TR_MODULE, TR_KEY, TR_TEXT, TR_LANGUAGE) VALUES ('frontend', 'fileupload.label.error.copy.folder', '    ', 'el-GR');
INSERT INTO OKM_TRANSLATION (TR_MODULE, TR_KEY, TR_TEXT, TR_LANGUAGE) VALUES ('frontend', 'fileupload.label.error.restore.folder', '    ', 'el-GR');
INSERT INTO OKM_TRANSLATION (TR_MODULE, TR_KEY, TR_TEXT, TR_LANGUAGE) VALUES ('frontend', 'fileupload.label.error.create.from.template', '      ', 'el-GR');
INSERT INTO OKM_TRANSLATION (TR_MODULE, TR_KEY, TR_TEXT, TR_LANGUAGE) VALUES ('frontend', 'fileupload.label.error.not.allowed.move.folder.child', '     ', 'el-GR');
INSERT INTO OKM_TRANSLATION (TR_MODULE, TR_KEY, TR_TEXT, TR_LANGUAGE) VALUES ('frontend', 'fileupload.label.error.not.allowed.copy.same.folder', '     ', 'el-GR');
INSERT INTO OKM_TRANSLATION (TR_MODULE, TR_KEY, TR_TEXT, TR_LANGUAGE) VALUES ('frontend', 'fileupload.label.error.not.allowed.create.from.template.same.folder', '        ', 'el-GR');
INSERT INTO OKM_TRANSLATION (TR_MODULE, TR_KEY, TR_TEXT, TR_LANGUAGE) VALUES ('frontend', 'tab.document.properties', '', 'el-GR');
INSERT INTO OKM_TRANSLATION (TR_MODULE, TR_KEY, TR_TEXT, TR_LANGUAGE) VALUES ('frontend', 'tab.document.notes', '', 'el-GR');
INSERT INTO OKM_TRANSLATION (TR_MODULE, TR_KEY, TR_TEXT, TR_LANGUAGE) VALUES ('frontend', 'tab.document.history', '', 'el-GR');
INSERT INTO OKM_TRANSLATION (TR_MODULE, TR_KEY, TR_TEXT, TR_LANGUAGE) VALUES ('frontend', 'tab.document.status.history', ' ', 'el-GR');
INSERT INTO OKM_TRANSLATION (TR_MODULE, TR_KEY, TR_TEXT, TR_LANGUAGE) VALUES ('frontend', 'tab.status.security.role', '  ', 'el-GR');
INSERT INTO OKM_TRANSLATION (TR_MODULE, TR_KEY, TR_TEXT, TR_LANGUAGE) VALUES ('frontend', 'tab.status.security.user', '   ', 'el-GR');
INSERT INTO OKM_TRANSLATION (TR_MODULE, TR_KEY, TR_TEXT, TR_LANGUAGE) VALUES ('frontend', 'tab.document.status.group.properties', '  ', 'el-GR');
INSERT INTO OKM_TRANSLATION (TR_MODULE, TR_KEY, TR_TEXT, TR_LANGUAGE) VALUES ('frontend', 'tab.document.status.set.keywords', ' -', 'el-GR');
INSERT INTO OKM_TRANSLATION (TR_MODULE, TR_KEY, TR_TEXT, TR_LANGUAGE) VALUES ('frontend', 'tab.document.status.set.categories', ' ', 'el-GR');
INSERT INTO OKM_TRANSLATION (TR_MODULE, TR_KEY, TR_TEXT, TR_LANGUAGE) VALUES ('frontend', 'tab.document.status.get.version.history.size', '  ', 'el-GR');
INSERT INTO OKM_TRANSLATION (TR_MODULE, TR_KEY, TR_TEXT, TR_LANGUAGE) VALUES ('frontend', 'tab.document.status.purge.version.history', '  ', 'el-GR');
INSERT INTO OKM_TRANSLATION (TR_MODULE, TR_KEY, TR_TEXT, TR_LANGUAGE) VALUES ('frontend', 'tab.document.status.restore.version', '  ', 'el-GR');
INSERT INTO OKM_TRANSLATION (TR_MODULE, TR_KEY, TR_TEXT, TR_LANGUAGE) VALUES ('frontend', 'tab.document.security', '', 'el-GR');
INSERT INTO OKM_TRANSLATION (TR_MODULE, TR_KEY, TR_TEXT, TR_LANGUAGE) VALUES ('frontend', 'tab.document.preview', '', 'el-GR');
INSERT INTO OKM_TRANSLATION (TR_MODULE, TR_KEY, TR_TEXT, TR_LANGUAGE) VALUES ('frontend', 'tab.folder.properties', '', 'el-GR');
INSERT INTO OKM_TRANSLATION (TR_MODULE, TR_KEY, TR_TEXT, TR_LANGUAGE) VALUES ('frontend', 'tab.folder.security', '', 'el-GR');
INSERT INTO OKM_TRANSLATION (TR_MODULE, TR_KEY, TR_TEXT, TR_LANGUAGE) VALUES ('frontend', 'tab.folder.notes', '', 'el-GR');
INSERT INTO OKM_TRANSLATION (TR_MODULE, TR_KEY, TR_TEXT, TR_LANGUAGE) VALUES ('frontend', 'tab.workspace.desktop', ' ', 'el-GR');
INSERT INTO OKM_TRANSLATION (TR_MODULE, TR_KEY, TR_TEXT, TR_LANGUAGE) VALUES ('frontend', 'tab.workspace.search', '', 'el-GR');
INSERT INTO OKM_TRANSLATION (TR_MODULE, TR_KEY, TR_TEXT, TR_LANGUAGE) VALUES ('frontend', 'tab.workspace.dashboard', ' ', 'el-GR');
INSERT INTO OKM_TRANSLATION (TR_MODULE, TR_KEY, TR_TEXT, TR_LANGUAGE) VALUES ('frontend', 'tab.workspace.administration', '', 'el-GR');
INSERT INTO OKM_TRANSLATION (TR_MODULE, TR_KEY, TR_TEXT, TR_LANGUAGE) VALUES ('frontend', 'document.uuid', 'UUID', 'el-GR');
INSERT INTO OKM_TRANSLATION (TR_MODULE, TR_KEY, TR_TEXT, TR_LANGUAGE) VALUES ('frontend', 'document.name', '', 'el-GR');
INSERT INTO OKM_TRANSLATION (TR_MODULE, TR_KEY, TR_TEXT, TR_LANGUAGE) VALUES ('frontend', 'document.folder', '', 'el-GR');
INSERT INTO OKM_TRANSLATION (TR_MODULE, TR_KEY, TR_TEXT, TR_LANGUAGE) VALUES ('frontend', 'document.size', '', 'el-GR');
INSERT INTO OKM_TRANSLATION (TR_MODULE, TR_KEY, TR_TEXT, TR_LANGUAGE) VALUES ('frontend', 'document.created', '', 'el-GR');
INSERT INTO OKM_TRANSLATION (TR_MODULE, TR_KEY, TR_TEXT, TR_LANGUAGE) VALUES ('frontend', 'document.lastmodified', '', 'el-GR');
INSERT INTO OKM_TRANSLATION (TR_MODULE, TR_KEY, TR_TEXT, TR_LANGUAGE) VALUES ('frontend', 'document.mimetype', ' MIME', 'el-GR');
INSERT INTO OKM_TRANSLATION (TR_MODULE, TR_KEY, TR_TEXT, TR_LANGUAGE) VALUES ('frontend', 'document.keywords', '-', 'el-GR');
INSERT INTO OKM_TRANSLATION (TR_MODULE, TR_KEY, TR_TEXT, TR_LANGUAGE) VALUES ('frontend', 'document.by', '', 'el-GR');
INSERT INTO OKM_TRANSLATION (TR_MODULE, TR_KEY, TR_TEXT, TR_LANGUAGE) VALUES ('frontend', 'document.status', '', 'el-GR');
INSERT INTO OKM_TRANSLATION (TR_MODULE, TR_KEY, TR_TEXT, TR_LANGUAGE) VALUES ('frontend', 'document.status.checkout', ' ', 'el-GR');
INSERT INTO OKM_TRANSLATION (TR_MODULE, TR_KEY, TR_TEXT, TR_LANGUAGE) VALUES ('frontend', 'document.status.locked', ' ', 'el-GR');
INSERT INTO OKM_TRANSLATION (TR_MODULE, TR_KEY, TR_TEXT, TR_LANGUAGE) VALUES ('frontend', 'document.status.normal', '', 'el-GR');
INSERT INTO OKM_TRANSLATION (TR_MODULE, TR_KEY, TR_TEXT, TR_LANGUAGE) VALUES ('frontend', 'document.subscribed', '', 'el-GR');
INSERT INTO OKM_TRANSLATION (TR_MODULE, TR_KEY, TR_TEXT, TR_LANGUAGE) VALUES ('frontend', 'document.subscribed.yes', '', 'el-GR');
INSERT INTO OKM_TRANSLATION (TR_MODULE, TR_KEY, TR_TEXT, TR_LANGUAGE) VALUES ('frontend', 'document.subscribed.no', '', 'el-GR');
INSERT INTO OKM_TRANSLATION (TR_MODULE, TR_KEY, TR_TEXT, TR_LANGUAGE) VALUES ('frontend', 'document.history.size', ' ', 'el-GR');
INSERT INTO OKM_TRANSLATION (TR_MODULE, TR_KEY, TR_TEXT, TR_LANGUAGE) VALUES ('frontend', 'document.subscribed.users', ' ', 'el-GR');
INSERT INTO OKM_TRANSLATION (TR_MODULE, TR_KEY, TR_TEXT, TR_LANGUAGE) VALUES ('frontend', 'document.url', 'URL', 'el-GR');
INSERT INTO OKM_TRANSLATION (TR_MODULE, TR_KEY, TR_TEXT, TR_LANGUAGE) VALUES ('frontend', 'document.webdav', 'WebDAV', 'el-GR');
INSERT INTO OKM_TRANSLATION (TR_MODULE, TR_KEY, TR_TEXT, TR_LANGUAGE) VALUES ('frontend', 'document.add.note', ' ', 'el-GR');
INSERT INTO OKM_TRANSLATION (TR_MODULE, TR_KEY, TR_TEXT, TR_LANGUAGE) VALUES ('frontend', 'document.keywords.cloud', 'Keywords cloud', 'el-GR');
INSERT INTO OKM_TRANSLATION (TR_MODULE, TR_KEY, TR_TEXT, TR_LANGUAGE) VALUES ('frontend', 'document.categories', '', 'el-GR');
INSERT INTO OKM_TRANSLATION (TR_MODULE, TR_KEY, TR_TEXT, TR_LANGUAGE) VALUES ('frontend', 'folder.uuid', 'UUID', 'el-GR');
INSERT INTO OKM_TRANSLATION (TR_MODULE, TR_KEY, TR_TEXT, TR_LANGUAGE) VALUES ('frontend', 'folder.name', '', 'el-GR');
INSERT INTO OKM_TRANSLATION (TR_MODULE, TR_KEY, TR_TEXT, TR_LANGUAGE) VALUES ('frontend', 'folder.parent', '', 'el-GR');
INSERT INTO OKM_TRANSLATION (TR_MODULE, TR_KEY, TR_TEXT, TR_LANGUAGE) VALUES ('frontend', 'folder.created', '', 'el-GR');
INSERT INTO OKM_TRANSLATION (TR_MODULE, TR_KEY, TR_TEXT, TR_LANGUAGE) VALUES ('frontend', 'folder.by', '', 'el-GR');
INSERT INTO OKM_TRANSLATION (TR_MODULE, TR_KEY, TR_TEXT, TR_LANGUAGE) VALUES ('frontend', 'folder.subscribed', '', 'el-GR');
INSERT INTO OKM_TRANSLATION (TR_MODULE, TR_KEY, TR_TEXT, TR_LANGUAGE) VALUES ('frontend', 'folder.subscribed.yes', '', 'el-GR');
INSERT INTO OKM_TRANSLATION (TR_MODULE, TR_KEY, TR_TEXT, TR_LANGUAGE) VALUES ('frontend', 'folder.subscribed.no', '', 'el-GR');
INSERT INTO OKM_TRANSLATION (TR_MODULE, TR_KEY, TR_TEXT, TR_LANGUAGE) VALUES ('frontend', 'folder.subscribed.users', ' ', 'el-GR');
INSERT INTO OKM_TRANSLATION (TR_MODULE, TR_KEY, TR_TEXT, TR_LANGUAGE) VALUES ('frontend', 'folder.url', 'URL', 'el-GR');
INSERT INTO OKM_TRANSLATION (TR_MODULE, TR_KEY, TR_TEXT, TR_LANGUAGE) VALUES ('frontend', 'folder.webdav', 'WebDAV', 'el-GR');
INSERT INTO OKM_TRANSLATION (TR_MODULE, TR_KEY, TR_TEXT, TR_LANGUAGE) VALUES ('frontend', 'folder.number.folders', '', 'el-GR');
INSERT INTO OKM_TRANSLATION (TR_MODULE, TR_KEY, TR_TEXT, TR_LANGUAGE) VALUES ('frontend', 'folder.number.documents', '', 'el-GR');
INSERT INTO OKM_TRANSLATION (TR_MODULE, TR_KEY, TR_TEXT, TR_LANGUAGE) VALUES ('frontend', 'folder.number.mails', '-mails', 'el-GR');
INSERT INTO OKM_TRANSLATION (TR_MODULE, TR_KEY, TR_TEXT, TR_LANGUAGE) VALUES ('frontend', 'version.name', '', 'el-GR');
INSERT INTO OKM_TRANSLATION (TR_MODULE, TR_KEY, TR_TEXT, TR_LANGUAGE) VALUES ('frontend', 'version.created', '', 'el-GR');
INSERT INTO OKM_TRANSLATION (TR_MODULE, TR_KEY, TR_TEXT, TR_LANGUAGE) VALUES ('frontend', 'version.author', '', 'el-GR');
INSERT INTO OKM_TRANSLATION (TR_MODULE, TR_KEY, TR_TEXT, TR_LANGUAGE) VALUES ('frontend', 'version.size', '', 'el-GR');
INSERT INTO OKM_TRANSLATION (TR_MODULE, TR_KEY, TR_TEXT, TR_LANGUAGE) VALUES ('frontend', 'version.purge.document', ' ', 'el-GR');
INSERT INTO OKM_TRANSLATION (TR_MODULE, TR_KEY, TR_TEXT, TR_LANGUAGE) VALUES ('frontend', 'version.comment', '', 'el-GR');
INSERT INTO OKM_TRANSLATION (TR_MODULE, TR_KEY, TR_TEXT, TR_LANGUAGE) VALUES ('frontend', 'security.label', '', 'el-GR');
INSERT INTO OKM_TRANSLATION (TR_MODULE, TR_KEY, TR_TEXT, TR_LANGUAGE) VALUES ('frontend', 'security.group.name', '', 'el-GR');
INSERT INTO OKM_TRANSLATION (TR_MODULE, TR_KEY, TR_TEXT, TR_LANGUAGE) VALUES ('frontend', 'security.group.permission.read', '', 'el-GR');
INSERT INTO OKM_TRANSLATION (TR_MODULE, TR_KEY, TR_TEXT, TR_LANGUAGE) VALUES ('frontend', 'security.group.permission.write', '', 'el-GR');
INSERT INTO OKM_TRANSLATION (TR_MODULE, TR_KEY, TR_TEXT, TR_LANGUAGE) VALUES ('frontend', 'security.group.permission.delete', '', 'el-GR');
INSERT INTO OKM_TRANSLATION (TR_MODULE, TR_KEY, TR_TEXT, TR_LANGUAGE) VALUES ('frontend', 'security.group.permission.security', '', 'el-GR');
INSERT INTO OKM_TRANSLATION (TR_MODULE, TR_KEY, TR_TEXT, TR_LANGUAGE) VALUES ('frontend', 'security.user.name', '', 'el-GR');
INSERT INTO OKM_TRANSLATION (TR_MODULE, TR_KEY, TR_TEXT, TR_LANGUAGE) VALUES ('frontend', 'security.user.permission.read', '', 'el-GR');
INSERT INTO OKM_TRANSLATION (TR_MODULE, TR_KEY, TR_TEXT, TR_LANGUAGE) VALUES ('frontend', 'security.user.permission.write', '', 'el-GR');
INSERT INTO OKM_TRANSLATION (TR_MODULE, TR_KEY, TR_TEXT, TR_LANGUAGE) VALUES ('frontend', 'security.user.permission.delete', 'Delete', 'el-GR');
INSERT INTO OKM_TRANSLATION (TR_MODULE, TR_KEY, TR_TEXT, TR_LANGUAGE) VALUES ('frontend', 'security.user.permission.security', '', 'el-GR');
INSERT INTO OKM_TRANSLATION (TR_MODULE, TR_KEY, TR_TEXT, TR_LANGUAGE) VALUES ('frontend', 'security.users', '', 'el-GR');
INSERT INTO OKM_TRANSLATION (TR_MODULE, TR_KEY, TR_TEXT, TR_LANGUAGE) VALUES ('frontend', 'security.groups', '', 'el-GR');
INSERT INTO OKM_TRANSLATION (TR_MODULE, TR_KEY, TR_TEXT, TR_LANGUAGE) VALUES ('frontend', 'security.recursive', '   ', 'el-GR');
INSERT INTO OKM_TRANSLATION (TR_MODULE, TR_KEY, TR_TEXT, TR_LANGUAGE) VALUES ('frontend', 'secutiry.filter.by.users', ' ', 'el-GR');
INSERT INTO OKM_TRANSLATION (TR_MODULE, TR_KEY, TR_TEXT, TR_LANGUAGE) VALUES ('frontend', 'secutiry.filter.by.groups', ' ', 'el-GR');
INSERT INTO OKM_TRANSLATION (TR_MODULE, TR_KEY, TR_TEXT, TR_LANGUAGE) VALUES ('frontend', 'security.status.updating', ' ', 'el-GR');
INSERT INTO OKM_TRANSLATION (TR_MODULE, TR_KEY, TR_TEXT, TR_LANGUAGE) VALUES ('frontend', 'preview.unavailable', '  ', 'el-GR');
INSERT INTO OKM_TRANSLATION (TR_MODULE, TR_KEY, TR_TEXT, TR_LANGUAGE) VALUES ('frontend', 'mail.from', '', 'el-GR');
INSERT INTO OKM_TRANSLATION (TR_MODULE, TR_KEY, TR_TEXT, TR_LANGUAGE) VALUES ('frontend', 'mail.reply', '', 'el-GR');
INSERT INTO OKM_TRANSLATION (TR_MODULE, TR_KEY, TR_TEXT, TR_LANGUAGE) VALUES ('frontend', 'mail.to', '', 'el-GR');
INSERT INTO OKM_TRANSLATION (TR_MODULE, TR_KEY, TR_TEXT, TR_LANGUAGE) VALUES ('frontend', 'mail.subject', '', 'el-GR');
INSERT INTO OKM_TRANSLATION (TR_MODULE, TR_KEY, TR_TEXT, TR_LANGUAGE) VALUES ('frontend', 'mail.attachment', '', 'el-GR');
INSERT INTO OKM_TRANSLATION (TR_MODULE, TR_KEY, TR_TEXT, TR_LANGUAGE) VALUES ('frontend', 'error.label', '   ', 'el-GR');
INSERT INTO OKM_TRANSLATION (TR_MODULE, TR_KEY, TR_TEXT, TR_LANGUAGE) VALUES ('frontend', 'error.invocation', '      ', 'el-GR');
INSERT INTO OKM_TRANSLATION (TR_MODULE, TR_KEY, TR_TEXT, TR_LANGUAGE) VALUES ('frontend', 'about.label', '   OpenKM', 'el-GR');
INSERT INTO OKM_TRANSLATION (TR_MODULE, TR_KEY, TR_TEXT, TR_LANGUAGE) VALUES ('frontend', 'about.loading', ' ...', 'el-GR');
INSERT INTO OKM_TRANSLATION (TR_MODULE, TR_KEY, TR_TEXT, TR_LANGUAGE) VALUES ('frontend', 'logout.label', '', 'el-GR');
INSERT INTO OKM_TRANSLATION (TR_MODULE, TR_KEY, TR_TEXT, TR_LANGUAGE) VALUES ('frontend', 'logout.closed', ' OpenKM   .', 'el-GR');
INSERT INTO OKM_TRANSLATION (TR_MODULE, TR_KEY, TR_TEXT, TR_LANGUAGE) VALUES ('frontend', 'logout.logout', ' OpenKM ,   .', 'el-GR');
INSERT INTO OKM_TRANSLATION (TR_MODULE, TR_KEY, TR_TEXT, TR_LANGUAGE) VALUES ('frontend', 'confirm.label', '', 'el-GR');
INSERT INTO OKM_TRANSLATION (TR_MODULE, TR_KEY, TR_TEXT, TR_LANGUAGE) VALUES ('frontend', 'confirm.delete.folder', '        ?', 'el-GR');
INSERT INTO OKM_TRANSLATION (TR_MODULE, TR_KEY, TR_TEXT, TR_LANGUAGE) VALUES ('frontend', 'confirm.delete.document', '        ?', 'el-GR');
INSERT INTO OKM_TRANSLATION (TR_MODULE, TR_KEY, TR_TEXT, TR_LANGUAGE) VALUES ('frontend', 'confirm.delete.trash', '        ?', 'el-GR');
INSERT INTO OKM_TRANSLATION (TR_MODULE, TR_KEY, TR_TEXT, TR_LANGUAGE) VALUES ('frontend', 'confirm.purge.folder', '        ?', 'el-GR');
INSERT INTO OKM_TRANSLATION (TR_MODULE, TR_KEY, TR_TEXT, TR_LANGUAGE) VALUES ('frontend', 'confirm.purge.document', '        ?', 'el-GR');
INSERT INTO OKM_TRANSLATION (TR_MODULE, TR_KEY, TR_TEXT, TR_LANGUAGE) VALUES ('frontend', 'confirm.delete.propety.group', '         ?', 'el-GR');
INSERT INTO OKM_TRANSLATION (TR_MODULE, TR_KEY, TR_TEXT, TR_LANGUAGE) VALUES ('frontend', 'confirm.purge.version.history.document', '         ?', 'el-GR');
INSERT INTO OKM_TRANSLATION (TR_MODULE, TR_KEY, TR_TEXT, TR_LANGUAGE) VALUES ('frontend', 'confirm.purge.restore.document', '           ?', 'el-GR');
INSERT INTO OKM_TRANSLATION (TR_MODULE, TR_KEY, TR_TEXT, TR_LANGUAGE) VALUES ('frontend', 'confirm.set.default.home', '          ?', 'el-GR');
INSERT INTO OKM_TRANSLATION (TR_MODULE, TR_KEY, TR_TEXT, TR_LANGUAGE) VALUES ('frontend', 'confirm.delete.saved.search', '         ?', 'el-GR');
INSERT INTO OKM_TRANSLATION (TR_MODULE, TR_KEY, TR_TEXT, TR_LANGUAGE) VALUES ('frontend', 'confirm.delete.user.news', '         ?', 'el-GR');
INSERT INTO OKM_TRANSLATION (TR_MODULE, TR_KEY, TR_TEXT, TR_LANGUAGE) VALUES ('frontend', 'confirm.delete.mail', '       e-mail ?', 'el-GR');
INSERT INTO OKM_TRANSLATION (TR_MODULE, TR_KEY, TR_TEXT, TR_LANGUAGE) VALUES ('frontend', 'confirm.get.pooled.workflow.task', 'Do you want to assign this task to you ?', 'el-GR');
INSERT INTO OKM_TRANSLATION (TR_MODULE, TR_KEY, TR_TEXT, TR_LANGUAGE) VALUES ('frontend', 'confirm.force.unlock', 'Do you really want to force the document unlock ?', 'el-GR');
INSERT INTO OKM_TRANSLATION (TR_MODULE, TR_KEY, TR_TEXT, TR_LANGUAGE) VALUES ('frontend', 'confirm.force.cancel.checkout', 'Do you really want to force the document cancel checkout ?', 'el-GR');
INSERT INTO OKM_TRANSLATION (TR_MODULE, TR_KEY, TR_TEXT, TR_LANGUAGE) VALUES ('frontend', 'search.context', '', 'el-GR');
INSERT INTO OKM_TRANSLATION (TR_MODULE, TR_KEY, TR_TEXT, TR_LANGUAGE) VALUES ('frontend', 'search.content', '', 'el-GR');
INSERT INTO OKM_TRANSLATION (TR_MODULE, TR_KEY, TR_TEXT, TR_LANGUAGE) VALUES ('frontend', 'search.name', '', 'el-GR');
INSERT INTO OKM_TRANSLATION (TR_MODULE, TR_KEY, TR_TEXT, TR_LANGUAGE) VALUES ('frontend', 'search.keywords', '-', 'el-GR');
INSERT INTO OKM_TRANSLATION (TR_MODULE, TR_KEY, TR_TEXT, TR_LANGUAGE) VALUES ('frontend', 'search.folder', '', 'el-GR');
INSERT INTO OKM_TRANSLATION (TR_MODULE, TR_KEY, TR_TEXT, TR_LANGUAGE) VALUES ('frontend', 'search.category', '', 'el-GR');
INSERT INTO OKM_TRANSLATION (TR_MODULE, TR_KEY, TR_TEXT, TR_LANGUAGE) VALUES ('frontend', 'search.results', '', 'el-GR');
INSERT INTO OKM_TRANSLATION (TR_MODULE, TR_KEY, TR_TEXT, TR_LANGUAGE) VALUES ('frontend', 'search.to', '', 'el-GR');
INSERT INTO OKM_TRANSLATION (TR_MODULE, TR_KEY, TR_TEXT, TR_LANGUAGE) VALUES ('frontend', 'search.page.results', ' ', 'el-GR');
INSERT INTO OKM_TRANSLATION (TR_MODULE, TR_KEY, TR_TEXT, TR_LANGUAGE) VALUES ('frontend', 'search.add.property.group', '  ', 'el-GR');
INSERT INTO OKM_TRANSLATION (TR_MODULE, TR_KEY, TR_TEXT, TR_LANGUAGE) VALUES ('frontend', 'search.mimetype', ' Mime', 'el-GR');
INSERT INTO OKM_TRANSLATION (TR_MODULE, TR_KEY, TR_TEXT, TR_LANGUAGE) VALUES ('frontend', 'search.type', '', 'el-GR');
INSERT INTO OKM_TRANSLATION (TR_MODULE, TR_KEY, TR_TEXT, TR_LANGUAGE) VALUES ('frontend', 'search.type.document', '', 'el-GR');
INSERT INTO OKM_TRANSLATION (TR_MODULE, TR_KEY, TR_TEXT, TR_LANGUAGE) VALUES ('frontend', 'search.type.folder', '', 'el-GR');
INSERT INTO OKM_TRANSLATION (TR_MODULE, TR_KEY, TR_TEXT, TR_LANGUAGE) VALUES ('frontend', 'search.type.mail', '-mail', 'el-GR');
INSERT INTO OKM_TRANSLATION (TR_MODULE, TR_KEY, TR_TEXT, TR_LANGUAGE) VALUES ('frontend', 'search.advanced', ' ', 'el-GR');
INSERT INTO OKM_TRANSLATION (TR_MODULE, TR_KEY, TR_TEXT, TR_LANGUAGE) VALUES ('frontend', 'search.user', '', 'el-GR');
INSERT INTO OKM_TRANSLATION (TR_MODULE, TR_KEY, TR_TEXT, TR_LANGUAGE) VALUES ('frontend', 'search.date.and', '', 'el-GR');
INSERT INTO OKM_TRANSLATION (TR_MODULE, TR_KEY, TR_TEXT, TR_LANGUAGE) VALUES ('frontend', 'search.date.range', ' ', 'el-GR');
INSERT INTO OKM_TRANSLATION (TR_MODULE, TR_KEY, TR_TEXT, TR_LANGUAGE) VALUES ('frontend', 'search.save.as.news', '  ', 'el-GR');
INSERT INTO OKM_TRANSLATION (TR_MODULE, TR_KEY, TR_TEXT, TR_LANGUAGE) VALUES ('frontend', 'search.folder.filter', ' ', 'el-GR');
INSERT INTO OKM_TRANSLATION (TR_MODULE, TR_KEY, TR_TEXT, TR_LANGUAGE) VALUES ('frontend', 'search.category.filter', ' ', 'el-GR');
INSERT INTO OKM_TRANSLATION (TR_MODULE, TR_KEY, TR_TEXT, TR_LANGUAGE) VALUES ('frontend', 'search.result.name', '', 'el-GR');
INSERT INTO OKM_TRANSLATION (TR_MODULE, TR_KEY, TR_TEXT, TR_LANGUAGE) VALUES ('frontend', 'search.result.score', '', 'el-GR');
INSERT INTO OKM_TRANSLATION (TR_MODULE, TR_KEY, TR_TEXT, TR_LANGUAGE) VALUES ('frontend', 'search.result.size', '', 'el-GR');
INSERT INTO OKM_TRANSLATION (TR_MODULE, TR_KEY, TR_TEXT, TR_LANGUAGE) VALUES ('frontend', 'search.result.date.update', ' ', 'el-GR');
INSERT INTO OKM_TRANSLATION (TR_MODULE, TR_KEY, TR_TEXT, TR_LANGUAGE) VALUES ('frontend', 'search.result.author', '', 'el-GR');
INSERT INTO OKM_TRANSLATION (TR_MODULE, TR_KEY, TR_TEXT, TR_LANGUAGE) VALUES ('frontend', 'search.result.version', '', 'el-GR');
INSERT INTO OKM_TRANSLATION (TR_MODULE, TR_KEY, TR_TEXT, TR_LANGUAGE) VALUES ('frontend', 'search.result.path', '', 'el-GR');
INSERT INTO OKM_TRANSLATION (TR_MODULE, TR_KEY, TR_TEXT, TR_LANGUAGE) VALUES ('frontend', 'search.result.menu.download', '', 'el-GR');
INSERT INTO OKM_TRANSLATION (TR_MODULE, TR_KEY, TR_TEXT, TR_LANGUAGE) VALUES ('frontend', 'search.result.menu.go.folder', '  ', 'el-GR');
INSERT INTO OKM_TRANSLATION (TR_MODULE, TR_KEY, TR_TEXT, TR_LANGUAGE) VALUES ('frontend', 'search.result.menu.go.document', '  ', 'el-GR');
INSERT INTO OKM_TRANSLATION (TR_MODULE, TR_KEY, TR_TEXT, TR_LANGUAGE) VALUES ('frontend', 'search.result.status.findPaginated', ' ', 'el-GR');
INSERT INTO OKM_TRANSLATION (TR_MODULE, TR_KEY, TR_TEXT, TR_LANGUAGE) VALUES ('frontend', 'search.result.status.runsearch', '  ', 'el-GR');
INSERT INTO OKM_TRANSLATION (TR_MODULE, TR_KEY, TR_TEXT, TR_LANGUAGE) VALUES ('frontend', 'search.saved.run', '', 'el-GR');
INSERT INTO OKM_TRANSLATION (TR_MODULE, TR_KEY, TR_TEXT, TR_LANGUAGE) VALUES ('frontend', 'search.saved.delete', '', 'el-GR');
INSERT INTO OKM_TRANSLATION (TR_MODULE, TR_KEY, TR_TEXT, TR_LANGUAGE) VALUES ('frontend', 'search.saved.status.getsearchs', '  ', 'el-GR');
INSERT INTO OKM_TRANSLATION (TR_MODULE, TR_KEY, TR_TEXT, TR_LANGUAGE) VALUES ('frontend', 'search.saved.status.savesearch', '  ', 'el-GR');
INSERT INTO OKM_TRANSLATION (TR_MODULE, TR_KEY, TR_TEXT, TR_LANGUAGE) VALUES ('frontend', 'search.saved.status.deletesearch', '  ', 'el-GR');
INSERT INTO OKM_TRANSLATION (TR_MODULE, TR_KEY, TR_TEXT, TR_LANGUAGE) VALUES ('frontend', 'search.saved.status.getusernews', '  ', 'el-GR');
INSERT INTO OKM_TRANSLATION (TR_MODULE, TR_KEY, TR_TEXT, TR_LANGUAGE) VALUES ('frontend', 'button.close', '', 'el-GR');
INSERT INTO OKM_TRANSLATION (TR_MODULE, TR_KEY, TR_TEXT, TR_LANGUAGE) VALUES ('frontend', 'button.logout', '', 'el-GR');
INSERT INTO OKM_TRANSLATION (TR_MODULE, TR_KEY, TR_TEXT, TR_LANGUAGE) VALUES ('frontend', 'button.update', '', 'el-GR');
INSERT INTO OKM_TRANSLATION (TR_MODULE, TR_KEY, TR_TEXT, TR_LANGUAGE) VALUES ('frontend', 'button.cancel', '', 'el-GR');
INSERT INTO OKM_TRANSLATION (TR_MODULE, TR_KEY, TR_TEXT, TR_LANGUAGE) VALUES ('frontend', 'button.accept', '', 'el-GR');
INSERT INTO OKM_TRANSLATION (TR_MODULE, TR_KEY, TR_TEXT, TR_LANGUAGE) VALUES ('frontend', 'button.restore', '', 'el-GR');
INSERT INTO OKM_TRANSLATION (TR_MODULE, TR_KEY, TR_TEXT, TR_LANGUAGE) VALUES ('frontend', 'button.move', '', 'el-GR');
INSERT INTO OKM_TRANSLATION (TR_MODULE, TR_KEY, TR_TEXT, TR_LANGUAGE) VALUES ('frontend', 'button.change', '', 'el-GR');
INSERT INTO OKM_TRANSLATION (TR_MODULE, TR_KEY, TR_TEXT, TR_LANGUAGE) VALUES ('frontend', 'button.search', '', 'el-GR');
INSERT INTO OKM_TRANSLATION (TR_MODULE, TR_KEY, TR_TEXT, TR_LANGUAGE) VALUES ('frontend', 'button.save.search', ' ', 'el-GR');
INSERT INTO OKM_TRANSLATION (TR_MODULE, TR_KEY, TR_TEXT, TR_LANGUAGE) VALUES ('frontend', 'button.view', '', 'el-GR');
INSERT INTO OKM_TRANSLATION (TR_MODULE, TR_KEY, TR_TEXT, TR_LANGUAGE) VALUES ('frontend', 'button.clean', '', 'el-GR');
INSERT INTO OKM_TRANSLATION (TR_MODULE, TR_KEY, TR_TEXT, TR_LANGUAGE) VALUES ('frontend', 'button.add', '', 'el-GR');
INSERT INTO OKM_TRANSLATION (TR_MODULE, TR_KEY, TR_TEXT, TR_LANGUAGE) VALUES ('frontend', 'button.delete', '', 'el-GR');
INSERT INTO OKM_TRANSLATION (TR_MODULE, TR_KEY, TR_TEXT, TR_LANGUAGE) VALUES ('frontend', 'button.copy', '', 'el-GR');
INSERT INTO OKM_TRANSLATION (TR_MODULE, TR_KEY, TR_TEXT, TR_LANGUAGE) VALUES ('frontend', 'button.create', '', 'el-GR');
INSERT INTO OKM_TRANSLATION (TR_MODULE, TR_KEY, TR_TEXT, TR_LANGUAGE) VALUES ('frontend', 'button.show', '', 'el-GR');
INSERT INTO OKM_TRANSLATION (TR_MODULE, TR_KEY, TR_TEXT, TR_LANGUAGE) VALUES ('frontend', 'button.memory', '', 'el-GR');
INSERT INTO OKM_TRANSLATION (TR_MODULE, TR_KEY, TR_TEXT, TR_LANGUAGE) VALUES ('frontend', 'button.copy.clipboard', '  ', 'el-GR');
INSERT INTO OKM_TRANSLATION (TR_MODULE, TR_KEY, TR_TEXT, TR_LANGUAGE) VALUES ('frontend', 'button.start', '', 'el-GR');
INSERT INTO OKM_TRANSLATION (TR_MODULE, TR_KEY, TR_TEXT, TR_LANGUAGE) VALUES ('frontend', 'button.select', '', 'el-GR');
INSERT INTO OKM_TRANSLATION (TR_MODULE, TR_KEY, TR_TEXT, TR_LANGUAGE) VALUES ('frontend', 'button.test', 'Test', 'el-GR');
INSERT INTO OKM_TRANSLATION (TR_MODULE, TR_KEY, TR_TEXT, TR_LANGUAGE) VALUES ('frontend', 'button.next', '', 'el-GR');
INSERT INTO OKM_TRANSLATION (TR_MODULE, TR_KEY, TR_TEXT, TR_LANGUAGE) VALUES ('frontend', 'group.label', '  ', 'el-GR');
INSERT INTO OKM_TRANSLATION (TR_MODULE, TR_KEY, TR_TEXT, TR_LANGUAGE) VALUES ('frontend', 'group.group', '', 'el-GR');
INSERT INTO OKM_TRANSLATION (TR_MODULE, TR_KEY, TR_TEXT, TR_LANGUAGE) VALUES ('frontend', 'group.property.group', '', 'el-GR');
INSERT INTO OKM_TRANSLATION (TR_MODULE, TR_KEY, TR_TEXT, TR_LANGUAGE) VALUES ('frontend', 'bookmark.label', ' ', 'el-GR');
INSERT INTO OKM_TRANSLATION (TR_MODULE, TR_KEY, TR_TEXT, TR_LANGUAGE) VALUES ('frontend', 'bookmark.name', '', 'el-GR');
INSERT INTO OKM_TRANSLATION (TR_MODULE, TR_KEY, TR_TEXT, TR_LANGUAGE) VALUES ('frontend', 'bookmark.edit.label', ' ', 'el-GR');
INSERT INTO OKM_TRANSLATION (TR_MODULE, TR_KEY, TR_TEXT, TR_LANGUAGE) VALUES ('frontend', 'bookmark.path', '', 'el-GR');
INSERT INTO OKM_TRANSLATION (TR_MODULE, TR_KEY, TR_TEXT, TR_LANGUAGE) VALUES ('frontend', 'bookmark.type', '', 'el-GR');
INSERT INTO OKM_TRANSLATION (TR_MODULE, TR_KEY, TR_TEXT, TR_LANGUAGE) VALUES ('frontend', 'bookmark.type.document', '', 'el-GR');
INSERT INTO OKM_TRANSLATION (TR_MODULE, TR_KEY, TR_TEXT, TR_LANGUAGE) VALUES ('frontend', 'bookmark.type.folder', '', 'el-GR');
INSERT INTO OKM_TRANSLATION (TR_MODULE, TR_KEY, TR_TEXT, TR_LANGUAGE) VALUES ('frontend', 'notify.label', '  ', 'el-GR');
INSERT INTO OKM_TRANSLATION (TR_MODULE, TR_KEY, TR_TEXT, TR_LANGUAGE) VALUES ('frontend', 'notify.label.attachment', '  ', 'el-GR');
INSERT INTO OKM_TRANSLATION (TR_MODULE, TR_KEY, TR_TEXT, TR_LANGUAGE) VALUES ('frontend', 'status.document.copied', '    ', 'el-GR');
INSERT INTO OKM_TRANSLATION (TR_MODULE, TR_KEY, TR_TEXT, TR_LANGUAGE) VALUES ('frontend', 'status.document.cut', '    ', 'el-GR');
INSERT INTO OKM_TRANSLATION (TR_MODULE, TR_KEY, TR_TEXT, TR_LANGUAGE) VALUES ('frontend', 'status.folder.copied', '    ', 'el-GR');
INSERT INTO OKM_TRANSLATION (TR_MODULE, TR_KEY, TR_TEXT, TR_LANGUAGE) VALUES ('frontend', 'status.folder.cut', '    ', 'el-GR');
INSERT INTO OKM_TRANSLATION (TR_MODULE, TR_KEY, TR_TEXT, TR_LANGUAGE) VALUES ('frontend', 'status.keep.alive.error', '   ', 'el-GR');
INSERT INTO OKM_TRANSLATION (TR_MODULE, TR_KEY, TR_TEXT, TR_LANGUAGE) VALUES ('frontend', 'status.debug.enabled', 'Debug ', 'el-GR');
INSERT INTO OKM_TRANSLATION (TR_MODULE, TR_KEY, TR_TEXT, TR_LANGUAGE) VALUES ('frontend', 'status.debug.disabled', 'Debug ', 'el-GR');
INSERT INTO OKM_TRANSLATION (TR_MODULE, TR_KEY, TR_TEXT, TR_LANGUAGE) VALUES ('frontend', 'status.network.error.detected', '  ', 'el-GR');
INSERT INTO OKM_TRANSLATION (TR_MODULE, TR_KEY, TR_TEXT, TR_LANGUAGE) VALUES ('frontend', 'calendar.day.sunday', '', 'el-GR');
INSERT INTO OKM_TRANSLATION (TR_MODULE, TR_KEY, TR_TEXT, TR_LANGUAGE) VALUES ('frontend', 'calendar.day.monday', '', 'el-GR');
INSERT INTO OKM_TRANSLATION (TR_MODULE, TR_KEY, TR_TEXT, TR_LANGUAGE) VALUES ('frontend', 'calendar.day.tuesday', '', 'el-GR');
INSERT INTO OKM_TRANSLATION (TR_MODULE, TR_KEY, TR_TEXT, TR_LANGUAGE) VALUES ('frontend', 'calendar.day.wednesday', '', 'el-GR');
INSERT INTO OKM_TRANSLATION (TR_MODULE, TR_KEY, TR_TEXT, TR_LANGUAGE) VALUES ('frontend', 'calendar.day.thursday', '', 'el-GR');
INSERT INTO OKM_TRANSLATION (TR_MODULE, TR_KEY, TR_TEXT, TR_LANGUAGE) VALUES ('frontend', 'calendar.day.friday', '', 'el-GR');
INSERT INTO OKM_TRANSLATION (TR_MODULE, TR_KEY, TR_TEXT, TR_LANGUAGE) VALUES ('frontend', 'calendar.day.saturday', '', 'el-GR');
INSERT INTO OKM_TRANSLATION (TR_MODULE, TR_KEY, TR_TEXT, TR_LANGUAGE) VALUES ('frontend', 'calendar.month.january', '', 'el-GR');
INSERT INTO OKM_TRANSLATION (TR_MODULE, TR_KEY, TR_TEXT, TR_LANGUAGE) VALUES ('frontend', 'calendar.month.february', '', 'el-GR');
INSERT INTO OKM_TRANSLATION (TR_MODULE, TR_KEY, TR_TEXT, TR_LANGUAGE) VALUES ('frontend', 'calendar.month.march', '', 'el-GR');
INSERT INTO OKM_TRANSLATION (TR_MODULE, TR_KEY, TR_TEXT, TR_LANGUAGE) VALUES ('frontend', 'calendar.month.april', '', 'el-GR');
INSERT INTO OKM_TRANSLATION (TR_MODULE, TR_KEY, TR_TEXT, TR_LANGUAGE) VALUES ('frontend', 'calendar.month.may', '', 'el-GR');
INSERT INTO OKM_TRANSLATION (TR_MODULE, TR_KEY, TR_TEXT, TR_LANGUAGE) VALUES ('frontend', 'calendar.month.june', '', 'el-GR');
INSERT INTO OKM_TRANSLATION (TR_MODULE, TR_KEY, TR_TEXT, TR_LANGUAGE) VALUES ('frontend', 'calendar.month.july', '', 'el-GR');
INSERT INTO OKM_TRANSLATION (TR_MODULE, TR_KEY, TR_TEXT, TR_LANGUAGE) VALUES ('frontend', 'calendar.month.august', '', 'el-GR');
INSERT INTO OKM_TRANSLATION (TR_MODULE, TR_KEY, TR_TEXT, TR_LANGUAGE) VALUES ('frontend', 'calendar.month.september', '', 'el-GR');
INSERT INTO OKM_TRANSLATION (TR_MODULE, TR_KEY, TR_TEXT, TR_LANGUAGE) VALUES ('frontend', 'calendar.month.october', '', 'el-GR');
INSERT INTO OKM_TRANSLATION (TR_MODULE, TR_KEY, TR_TEXT, TR_LANGUAGE) VALUES ('frontend', 'calendar.month.november', '', 'el-GR');
INSERT INTO OKM_TRANSLATION (TR_MODULE, TR_KEY, TR_TEXT, TR_LANGUAGE) VALUES ('frontend', 'calendar.month.december', '', 'el-GR');
INSERT INTO OKM_TRANSLATION (TR_MODULE, TR_KEY, TR_TEXT, TR_LANGUAGE) VALUES ('frontend', 'media.player.label', 'Media Player', 'el-GR');
INSERT INTO OKM_TRANSLATION (TR_MODULE, TR_KEY, TR_TEXT, TR_LANGUAGE) VALUES ('frontend', 'image.viewer.label', ' ', 'el-GR');
INSERT INTO OKM_TRANSLATION (TR_MODULE, TR_KEY, TR_TEXT, TR_LANGUAGE) VALUES ('frontend', 'image.viewer.zoom.in', '', 'el-GR');
INSERT INTO OKM_TRANSLATION (TR_MODULE, TR_KEY, TR_TEXT, TR_LANGUAGE) VALUES ('frontend', 'image.viewer.zoom.out', '', 'el-GR');
INSERT INTO OKM_TRANSLATION (TR_MODULE, TR_KEY, TR_TEXT, TR_LANGUAGE) VALUES ('frontend', 'debug.console.label', 'Debug ', 'el-GR');
INSERT INTO OKM_TRANSLATION (TR_MODULE, TR_KEY, TR_TEXT, TR_LANGUAGE) VALUES ('frontend', 'debug.enable.disable', 'CTRL Z         ', 'el-GR');
INSERT INTO OKM_TRANSLATION (TR_MODULE, TR_KEY, TR_TEXT, TR_LANGUAGE) VALUES ('frontend', 'dashboard.tab.general', '', 'el-GR');
INSERT INTO OKM_TRANSLATION (TR_MODULE, TR_KEY, TR_TEXT, TR_LANGUAGE) VALUES ('frontend', 'dashboard.tab.news', '', 'el-GR');
INSERT INTO OKM_TRANSLATION (TR_MODULE, TR_KEY, TR_TEXT, TR_LANGUAGE) VALUES ('frontend', 'dashboard.tab.user', '', 'el-GR');
INSERT INTO OKM_TRANSLATION (TR_MODULE, TR_KEY, TR_TEXT, TR_LANGUAGE) VALUES ('frontend', 'dashboard.tab.workflow', ' ', 'el-GR');
INSERT INTO OKM_TRANSLATION (TR_MODULE, TR_KEY, TR_TEXT, TR_LANGUAGE) VALUES ('frontend', 'dashboard.tab.mail', 'Mail', 'el-GR');
INSERT INTO OKM_TRANSLATION (TR_MODULE, TR_KEY, TR_TEXT, TR_LANGUAGE) VALUES ('frontend', 'dashboard.tab.keymap', 'Keyword map', 'el-GR');
INSERT INTO OKM_TRANSLATION (TR_MODULE, TR_KEY, TR_TEXT, TR_LANGUAGE) VALUES ('frontend', 'dashboard.new.items', '', 'el-GR');
INSERT INTO OKM_TRANSLATION (TR_MODULE, TR_KEY, TR_TEXT, TR_LANGUAGE) VALUES ('frontend', 'dashboard.user.locked.documents', ' ', 'el-GR');
INSERT INTO OKM_TRANSLATION (TR_MODULE, TR_KEY, TR_TEXT, TR_LANGUAGE) VALUES ('frontend', 'dashboard.user.checkout.documents', 'Checkout ', 'el-GR');
INSERT INTO OKM_TRANSLATION (TR_MODULE, TR_KEY, TR_TEXT, TR_LANGUAGE) VALUES ('frontend', 'dashboard.user.last.modified.documents', '  ', 'el-GR');
INSERT INTO OKM_TRANSLATION (TR_MODULE, TR_KEY, TR_TEXT, TR_LANGUAGE) VALUES ('frontend', 'dashboard.user.last.downloaded.documents', '  ', 'el-GR');
INSERT INTO OKM_TRANSLATION (TR_MODULE, TR_KEY, TR_TEXT, TR_LANGUAGE) VALUES ('frontend', 'dashboard.user.subscribed.documents', '  ', 'el-GR');
INSERT INTO OKM_TRANSLATION (TR_MODULE, TR_KEY, TR_TEXT, TR_LANGUAGE) VALUES ('frontend', 'dashboard.user.subscribed.folders', '  ', 'el-GR');
INSERT INTO OKM_TRANSLATION (TR_MODULE, TR_KEY, TR_TEXT, TR_LANGUAGE) VALUES ('frontend', 'dashboard.user.last.uploaded.documents', '  ', 'el-GR');
INSERT INTO OKM_TRANSLATION (TR_MODULE, TR_KEY, TR_TEXT, TR_LANGUAGE) VALUES ('frontend', 'dashboard.general.last.week.top.downloaded.documents', '        ', 'el-GR');
INSERT INTO OKM_TRANSLATION (TR_MODULE, TR_KEY, TR_TEXT, TR_LANGUAGE) VALUES ('frontend', 'dashboard.general.last.month.top.downloaded.documents', '       ', 'el-GR');
INSERT INTO OKM_TRANSLATION (TR_MODULE, TR_KEY, TR_TEXT, TR_LANGUAGE) VALUES ('frontend', 'dashboard.general.last.week.top.modified.documents', '        ', 'el-GR');
INSERT INTO OKM_TRANSLATION (TR_MODULE, TR_KEY, TR_TEXT, TR_LANGUAGE) VALUES ('frontend', 'dashboard.general.last.month.top.modified.documents', '       ', 'el-GR');
INSERT INTO OKM_TRANSLATION (TR_MODULE, TR_KEY, TR_TEXT, TR_LANGUAGE) VALUES ('frontend', 'dashboard.general.last.uploaded.documents', '  ', 'el-GR');
INSERT INTO OKM_TRANSLATION (TR_MODULE, TR_KEY, TR_TEXT, TR_LANGUAGE) VALUES ('frontend', 'dashboard.workflow.pending.tasks', ' ', 'el-GR');
INSERT INTO OKM_TRANSLATION (TR_MODULE, TR_KEY, TR_TEXT, TR_LANGUAGE) VALUES ('frontend', 'dashboard.workflow.pending.tasks.unassigned', '   ', 'el-GR');
INSERT INTO OKM_TRANSLATION (TR_MODULE, TR_KEY, TR_TEXT, TR_LANGUAGE) VALUES ('frontend', 'dashboard.workflow.task', '', 'el-GR');
INSERT INTO OKM_TRANSLATION (TR_MODULE, TR_KEY, TR_TEXT, TR_LANGUAGE) VALUES ('frontend', 'dashboard.workflow.task.id', 'ID', 'el-GR');
INSERT INTO OKM_TRANSLATION (TR_MODULE, TR_KEY, TR_TEXT, TR_LANGUAGE) VALUES ('frontend', 'dashboard.workflow.task.name', '', 'el-GR');
INSERT INTO OKM_TRANSLATION (TR_MODULE, TR_KEY, TR_TEXT, TR_LANGUAGE) VALUES ('frontend', 'dashboard.workflow.task.created', ' ', 'el-GR');
INSERT INTO OKM_TRANSLATION (TR_MODULE, TR_KEY, TR_TEXT, TR_LANGUAGE) VALUES ('frontend', 'dashboard.workflow.task.start', ' ', 'el-GR');
INSERT INTO OKM_TRANSLATION (TR_MODULE, TR_KEY, TR_TEXT, TR_LANGUAGE) VALUES ('frontend', 'dashboard.workflow.task.duedate', ' ', 'el-GR');
INSERT INTO OKM_TRANSLATION (TR_MODULE, TR_KEY, TR_TEXT, TR_LANGUAGE) VALUES ('frontend', 'dashboard.workflow.task.end', ' ', 'el-GR');
INSERT INTO OKM_TRANSLATION (TR_MODULE, TR_KEY, TR_TEXT, TR_LANGUAGE) VALUES ('frontend', 'dashboard.workflow.task.description', '', 'el-GR');
INSERT INTO OKM_TRANSLATION (TR_MODULE, TR_KEY, TR_TEXT, TR_LANGUAGE) VALUES ('frontend', 'dashboard.workflow.task.process.instance', '', 'el-GR');
INSERT INTO OKM_TRANSLATION (TR_MODULE, TR_KEY, TR_TEXT, TR_LANGUAGE) VALUES ('frontend', 'dashboard.workflow.task.process.id', 'ID', 'el-GR');
INSERT INTO OKM_TRANSLATION (TR_MODULE, TR_KEY, TR_TEXT, TR_LANGUAGE) VALUES ('frontend', 'dashboard.workflow.task.process.version', '', 'el-GR');
INSERT INTO OKM_TRANSLATION (TR_MODULE, TR_KEY, TR_TEXT, TR_LANGUAGE) VALUES ('frontend', 'dashboard.workflow.task.process.name', '', 'el-GR');
INSERT INTO OKM_TRANSLATION (TR_MODULE, TR_KEY, TR_TEXT, TR_LANGUAGE) VALUES ('frontend', 'dashboard.workflow.task.process.description', '', 'el-GR');
INSERT INTO OKM_TRANSLATION (TR_MODULE, TR_KEY, TR_TEXT, TR_LANGUAGE) VALUES ('frontend', 'dashboard.workflow.task.process.data', '', 'el-GR');
INSERT INTO OKM_TRANSLATION (TR_MODULE, TR_KEY, TR_TEXT, TR_LANGUAGE) VALUES ('frontend', 'dashboard.workflow.comments', '', 'el-GR');
INSERT INTO OKM_TRANSLATION (TR_MODULE, TR_KEY, TR_TEXT, TR_LANGUAGE) VALUES ('frontend', 'dashboard.workflow.task.process.forms', '', 'el-GR');
INSERT INTO OKM_TRANSLATION (TR_MODULE, TR_KEY, TR_TEXT, TR_LANGUAGE) VALUES ('frontend', 'dashboard.workflow.add.comment', ' ', 'el-GR');
INSERT INTO OKM_TRANSLATION (TR_MODULE, TR_KEY, TR_TEXT, TR_LANGUAGE) VALUES ('frontend', 'dashboard.workflow.task.process.definition', '', 'el-GR');
INSERT INTO OKM_TRANSLATION (TR_MODULE, TR_KEY, TR_TEXT, TR_LANGUAGE) VALUES ('frontend', 'dashboard.workflow.task.process.path', '', 'el-GR');
INSERT INTO OKM_TRANSLATION (TR_MODULE, TR_KEY, TR_TEXT, TR_LANGUAGE) VALUES ('frontend', 'dashboard.refreshing', '', 'el-GR');
INSERT INTO OKM_TRANSLATION (TR_MODULE, TR_KEY, TR_TEXT, TR_LANGUAGE) VALUES ('frontend', 'dashboard.keyword', ' ', 'el-GR');
INSERT INTO OKM_TRANSLATION (TR_MODULE, TR_KEY, TR_TEXT, TR_LANGUAGE) VALUES ('frontend', 'dashboard.keyword.suggest', '   ', 'el-GR');
INSERT INTO OKM_TRANSLATION (TR_MODULE, TR_KEY, TR_TEXT, TR_LANGUAGE) VALUES ('frontend', 'dashboard.keyword.all', '   ', 'el-GR');
INSERT INTO OKM_TRANSLATION (TR_MODULE, TR_KEY, TR_TEXT, TR_LANGUAGE) VALUES ('frontend', 'dashboard.keyword.top', 'Top keywords', 'el-GR');
INSERT INTO OKM_TRANSLATION (TR_MODULE, TR_KEY, TR_TEXT, TR_LANGUAGE) VALUES ('frontend', 'dashboard.keyword.related', '   ', 'el-GR');
INSERT INTO OKM_TRANSLATION (TR_MODULE, TR_KEY, TR_TEXT, TR_LANGUAGE) VALUES ('frontend', 'dashboard.keyword.goto.document', '  ', 'el-GR');
INSERT INTO OKM_TRANSLATION (TR_MODULE, TR_KEY, TR_TEXT, TR_LANGUAGE) VALUES ('frontend', 'dashboard.keyword.clean.keywords', '  ', 'el-GR');
INSERT INTO OKM_TRANSLATION (TR_MODULE, TR_KEY, TR_TEXT, TR_LANGUAGE) VALUES ('frontend', 'dashboard.mail.last.imported.mails', ' e-mails', 'el-GR');
INSERT INTO OKM_TRANSLATION (TR_MODULE, TR_KEY, TR_TEXT, TR_LANGUAGE) VALUES ('frontend', 'dashboard.mail.last.imported.attached.documents', ' ', 'el-GR');
INSERT INTO OKM_TRANSLATION (TR_MODULE, TR_KEY, TR_TEXT, TR_LANGUAGE) VALUES ('frontend', 'workflow.label', '  ', 'el-GR');
INSERT INTO OKM_TRANSLATION (TR_MODULE, TR_KEY, TR_TEXT, TR_LANGUAGE) VALUES ('frontend', 'user.preferences.label', 'User configuration', 'el-GR');
INSERT INTO OKM_TRANSLATION (TR_MODULE, TR_KEY, TR_TEXT, TR_LANGUAGE) VALUES ('frontend', 'user.preferences.user', '', 'el-GR');
INSERT INTO OKM_TRANSLATION (TR_MODULE, TR_KEY, TR_TEXT, TR_LANGUAGE) VALUES ('frontend', 'user.preferences.password', '', 'el-GR');
INSERT INTO OKM_TRANSLATION (TR_MODULE, TR_KEY, TR_TEXT, TR_LANGUAGE) VALUES ('frontend', 'user.preferences.mail', 'E-mail', 'el-GR');
INSERT INTO OKM_TRANSLATION (TR_MODULE, TR_KEY, TR_TEXT, TR_LANGUAGE) VALUES ('frontend', 'user.preferences.roles', 'Roles', 'el-GR');
INSERT INTO OKM_TRANSLATION (TR_MODULE, TR_KEY, TR_TEXT, TR_LANGUAGE) VALUES ('frontend', 'user.preferences.imap.host', ' IMAP', 'el-GR');
INSERT INTO OKM_TRANSLATION (TR_MODULE, TR_KEY, TR_TEXT, TR_LANGUAGE) VALUES ('frontend', 'user.preferences.imap.user', 'IMAP  ', 'el-GR');
INSERT INTO OKM_TRANSLATION (TR_MODULE, TR_KEY, TR_TEXT, TR_LANGUAGE) VALUES ('frontend', 'user.preferences.imap.user.password', 'IMAP ', 'el-GR');
INSERT INTO OKM_TRANSLATION (TR_MODULE, TR_KEY, TR_TEXT, TR_LANGUAGE) VALUES ('frontend', 'user.preferences.imap.folder', 'IMAP ', 'el-GR');
INSERT INTO OKM_TRANSLATION (TR_MODULE, TR_KEY, TR_TEXT, TR_LANGUAGE) VALUES ('frontend', 'user.preferences.password.error', ':  ', 'el-GR');
INSERT INTO OKM_TRANSLATION (TR_MODULE, TR_KEY, TR_TEXT, TR_LANGUAGE) VALUES ('frontend', 'user.preferences.user.data', ' ', 'el-GR');
INSERT INTO OKM_TRANSLATION (TR_MODULE, TR_KEY, TR_TEXT, TR_LANGUAGE) VALUES ('frontend', 'user.preferences.mail.data', ' mail', 'el-GR');
INSERT INTO OKM_TRANSLATION (TR_MODULE, TR_KEY, TR_TEXT, TR_LANGUAGE) VALUES ('frontend', 'user.preferences.imap.error', '         e-mail', 'el-GR');
INSERT INTO OKM_TRANSLATION (TR_MODULE, TR_KEY, TR_TEXT, TR_LANGUAGE) VALUES ('frontend', 'user.preferences.imap.password.error.void', 'O           IMAP mail', 'el-GR');
INSERT INTO OKM_TRANSLATION (TR_MODULE, TR_KEY, TR_TEXT, TR_LANGUAGE) VALUES ('frontend', 'user.preferences.imap.test.error', '  IMAP', 'el-GR');
INSERT INTO OKM_TRANSLATION (TR_MODULE, TR_KEY, TR_TEXT, TR_LANGUAGE) VALUES ('frontend', 'user.preferences.imap.test.ok', '  IMAP ok', 'el-GR');
INSERT INTO OKM_TRANSLATION (TR_MODULE, TR_KEY, TR_TEXT, TR_LANGUAGE) VALUES ('frontend', 'thesaurus.directory.select.label', '  ', 'el-GR');
INSERT INTO OKM_TRANSLATION (TR_MODULE, TR_KEY, TR_TEXT, TR_LANGUAGE) VALUES ('frontend', 'thesaurus.tab.tree', '', 'el-GR');
INSERT INTO OKM_TRANSLATION (TR_MODULE, TR_KEY, TR_TEXT, TR_LANGUAGE) VALUES ('frontend', 'thesaurus.tab.keywords', ' ', 'el-GR');
INSERT INTO OKM_TRANSLATION (TR_MODULE, TR_KEY, TR_TEXT, TR_LANGUAGE) VALUES ('frontend', 'categories.folder.select.label', ' ', 'el-GR');
INSERT INTO OKM_TRANSLATION (TR_MODULE, TR_KEY, TR_TEXT, TR_LANGUAGE) VALUES ('frontend', 'categories.folder.error.delete', '         ', 'el-GR');
INSERT INTO OKM_TRANSLATION (TR_MODULE, TR_KEY, TR_TEXT, TR_LANGUAGE) VALUES ('frontend', 'wizard.document.uploading', 'Document wizard', 'el-GR');
INSERT INTO OKM_TRANSLATION (TR_MODULE, TR_KEY, TR_TEXT, TR_LANGUAGE) VALUES ('frontend', 'user.info.chat.connect', '  ', 'el-GR');
INSERT INTO OKM_TRANSLATION (TR_MODULE, TR_KEY, TR_TEXT, TR_LANGUAGE) VALUES ('frontend', 'user.info.chat.disconnect', '   ', 'el-GR');
INSERT INTO OKM_TRANSLATION (TR_MODULE, TR_KEY, TR_TEXT, TR_LANGUAGE) VALUES ('frontend', 'user.info.chat.new.room', ' ', 'el-GR');
INSERT INTO OKM_TRANSLATION (TR_MODULE, TR_KEY, TR_TEXT, TR_LANGUAGE) VALUES ('frontend', 'user.info.locked.actual', ' ', 'el-GR');
INSERT INTO OKM_TRANSLATION (TR_MODULE, TR_KEY, TR_TEXT, TR_LANGUAGE) VALUES ('frontend', 'user.info.checkout.actual', 'Checkout documents', 'el-GR');
INSERT INTO OKM_TRANSLATION (TR_MODULE, TR_KEY, TR_TEXT, TR_LANGUAGE) VALUES ('frontend', 'user.info.subscription.actual', 'Actual subscriptions', 'el-GR');
INSERT INTO OKM_TRANSLATION (TR_MODULE, TR_KEY, TR_TEXT, TR_LANGUAGE) VALUES ('frontend', 'user.info.news.new', '', 'el-GR');
INSERT INTO OKM_TRANSLATION (TR_MODULE, TR_KEY, TR_TEXT, TR_LANGUAGE) VALUES ('frontend', 'user.info.workflow.pending', '  ', 'el-GR');
INSERT INTO OKM_TRANSLATION (TR_MODULE, TR_KEY, TR_TEXT, TR_LANGUAGE) VALUES ('frontend', 'user.info.user.quota', 'User quota', 'el-GR');
INSERT INTO OKM_TRANSLATION (TR_MODULE, TR_KEY, TR_TEXT, TR_LANGUAGE) VALUES ('frontend', 'user.online', ' ', 'el-GR');
INSERT INTO OKM_TRANSLATION (TR_MODULE, TR_KEY, TR_TEXT, TR_LANGUAGE) VALUES ('frontend', 'chat.room', '', 'el-GR');
INSERT INTO OKM_TRANSLATION (TR_MODULE, TR_KEY, TR_TEXT, TR_LANGUAGE) VALUES ('frontend', 'chat.users.in.room', '', 'el-GR');
INSERT INTO OKM_TRANSLATION (TR_MODULE, TR_KEY, TR_TEXT, TR_LANGUAGE) VALUES ('frontend', 'OKM-017009', '    ', 'el-GR');
INSERT INTO OKM_TRANSLATION (TR_MODULE, TR_KEY, TR_TEXT, TR_LANGUAGE) VALUES ('frontend', 'OKM-017004', '    ', 'el-GR');
INSERT INTO OKM_TRANSLATION (TR_MODULE, TR_KEY, TR_TEXT, TR_LANGUAGE) VALUES ('frontend', 'OKM-017001', '  Repository', 'el-GR');
INSERT INTO OKM_TRANSLATION (TR_MODULE, TR_KEY, TR_TEXT, TR_LANGUAGE) VALUES ('frontend', 'OKM-017015', '    ', 'el-GR');
INSERT INTO OKM_TRANSLATION (TR_MODULE, TR_KEY, TR_TEXT, TR_LANGUAGE) VALUES ('frontend', 'OKM-017016', ' ', 'el-GR');
INSERT INTO OKM_TRANSLATION (TR_MODULE, TR_KEY, TR_TEXT, TR_LANGUAGE) VALUES ('frontend', 'OKM-002009', '    ', 'el-GR');
INSERT INTO OKM_TRANSLATION (TR_MODULE, TR_KEY, TR_TEXT, TR_LANGUAGE) VALUES ('frontend', 'OKM-002002', '   ', 'el-GR');
INSERT INTO OKM_TRANSLATION (TR_MODULE, TR_KEY, TR_TEXT, TR_LANGUAGE) VALUES ('frontend', 'OKM-002003', '   ', 'el-GR');
INSERT INTO OKM_TRANSLATION (TR_MODULE, TR_KEY, TR_TEXT, TR_LANGUAGE) VALUES ('frontend', 'OKM-002004', '    ', 'el-GR');
INSERT INTO OKM_TRANSLATION (TR_MODULE, TR_KEY, TR_TEXT, TR_LANGUAGE) VALUES ('frontend', 'OKM-002004', '  ', 'el-GR');
INSERT INTO OKM_TRANSLATION (TR_MODULE, TR_KEY, TR_TEXT, TR_LANGUAGE) VALUES ('frontend', 'OKM-002001', '  Repository', 'el-GR');
INSERT INTO OKM_TRANSLATION (TR_MODULE, TR_KEY, TR_TEXT, TR_LANGUAGE) VALUES ('frontend', 'OKM-002006', '  ', 'el-GR');
INSERT INTO OKM_TRANSLATION (TR_MODULE, TR_KEY, TR_TEXT, TR_LANGUAGE) VALUES ('frontend', 'OKM-002015', '    ', 'el-GR');
INSERT INTO OKM_TRANSLATION (TR_MODULE, TR_KEY, TR_TEXT, TR_LANGUAGE) VALUES ('frontend', 'OKM-002024', ' ', 'el-GR');
INSERT INTO OKM_TRANSLATION (TR_MODULE, TR_KEY, TR_TEXT, TR_LANGUAGE) VALUES ('frontend', 'OKM-001009', '    ', 'el-GR');
INSERT INTO OKM_TRANSLATION (TR_MODULE, TR_KEY, TR_TEXT, TR_LANGUAGE) VALUES ('frontend', 'OKM-001002', '    ', 'el-GR');
INSERT INTO OKM_TRANSLATION (TR_MODULE, TR_KEY, TR_TEXT, TR_LANGUAGE) VALUES ('frontend', 'OKM-001003', '   ', 'el-GR');
INSERT INTO OKM_TRANSLATION (TR_MODULE, TR_KEY, TR_TEXT, TR_LANGUAGE) VALUES ('frontend', 'OKM-001001', '  Repository', 'el-GR');
INSERT INTO OKM_TRANSLATION (TR_MODULE, TR_KEY, TR_TEXT, TR_LANGUAGE) VALUES ('frontend', 'OKM-001006', '  Repository', 'el-GR');
INSERT INTO OKM_TRANSLATION (TR_MODULE, TR_KEY, TR_TEXT, TR_LANGUAGE) VALUES ('frontend', 'OKM-001015', '    ', 'el-GR');
INSERT INTO OKM_TRANSLATION (TR_MODULE, TR_KEY, TR_TEXT, TR_LANGUAGE) VALUES ('frontend', 'OKM-001024', ' ', 'el-GR');
INSERT INTO OKM_TRANSLATION (TR_MODULE, TR_KEY, TR_TEXT, TR_LANGUAGE) VALUES ('frontend', 'OKM-007009', '   ', 'el-GR');
INSERT INTO OKM_TRANSLATION (TR_MODULE, TR_KEY, TR_TEXT, TR_LANGUAGE) VALUES ('frontend', 'OKM-007002', '   ', 'el-GR');
INSERT INTO OKM_TRANSLATION (TR_MODULE, TR_KEY, TR_TEXT, TR_LANGUAGE) VALUES ('frontend', 'OKM-007001', '  Repository', 'el-GR');
INSERT INTO OKM_TRANSLATION (TR_MODULE, TR_KEY, TR_TEXT, TR_LANGUAGE) VALUES ('frontend', 'OKM-007006', '  Repository', 'el-GR');
INSERT INTO OKM_TRANSLATION (TR_MODULE, TR_KEY, TR_TEXT, TR_LANGUAGE) VALUES ('frontend', 'OKM-007024', ' ', 'el-GR');
INSERT INTO OKM_TRANSLATION (TR_MODULE, TR_KEY, TR_TEXT, TR_LANGUAGE) VALUES ('frontend', 'OKM-009002', '   ', 'el-GR');
INSERT INTO OKM_TRANSLATION (TR_MODULE, TR_KEY, TR_TEXT, TR_LANGUAGE) VALUES ('frontend', 'OKM-009006', '  Repository', 'el-GR');
INSERT INTO OKM_TRANSLATION (TR_MODULE, TR_KEY, TR_TEXT, TR_LANGUAGE) VALUES ('frontend', 'OKM-005010', '   ', 'el-GR');
INSERT INTO OKM_TRANSLATION (TR_MODULE, TR_KEY, TR_TEXT, TR_LANGUAGE) VALUES ('frontend', 'OKM-005003', '   ', 'el-GR');
INSERT INTO OKM_TRANSLATION (TR_MODULE, TR_KEY, TR_TEXT, TR_LANGUAGE) VALUES ('frontend', 'OKM-005011', '  ', 'el-GR');
INSERT INTO OKM_TRANSLATION (TR_MODULE, TR_KEY, TR_TEXT, TR_LANGUAGE) VALUES ('frontend', 'OKM-005027', 'Document name is diferent', 'el-GR');
INSERT INTO OKM_TRANSLATION (TR_MODULE, TR_KEY, TR_TEXT, TR_LANGUAGE) VALUES ('frontend', 'OKM-004001', ' ', 'el-GR');
INSERT INTO OKM_TRANSLATION (TR_MODULE, TR_KEY, TR_TEXT, TR_LANGUAGE) VALUES ('frontend', 'OKM-004024', ' ', 'el-GR');
INSERT INTO OKM_TRANSLATION (TR_MODULE, TR_KEY, TR_TEXT, TR_LANGUAGE) VALUES ('frontend', 'OKM-008001', '   ', 'el-GR');
INSERT INTO OKM_TRANSLATION (TR_MODULE, TR_KEY, TR_TEXT, TR_LANGUAGE) VALUES ('frontend', 'OKM-008003', '       ', 'el-GR');
INSERT INTO OKM_TRANSLATION (TR_MODULE, TR_KEY, TR_TEXT, TR_LANGUAGE) VALUES ('frontend', 'OKM-008024', ' ', 'el-GR');
INSERT INTO OKM_TRANSLATION (TR_MODULE, TR_KEY, TR_TEXT, TR_LANGUAGE) VALUES ('frontend', 'OKM-011003', '      ', 'el-GR');
INSERT INTO OKM_TRANSLATION (TR_MODULE, TR_KEY, TR_TEXT, TR_LANGUAGE) VALUES ('frontend', 'OKM-003017', ' ', 'el-GR');
INSERT INTO OKM_TRANSLATION (TR_MODULE, TR_KEY, TR_TEXT, TR_LANGUAGE) VALUES ('frontend', 'OKM-013001', '  Repository', 'el-GR');
INSERT INTO OKM_TRANSLATION (TR_MODULE, TR_KEY, TR_TEXT, TR_LANGUAGE) VALUES ('frontend', 'OKM-013024', ' ', 'el-GR');
INSERT INTO OKM_TRANSLATION (TR_MODULE, TR_KEY, TR_TEXT, TR_LANGUAGE) VALUES ('frontend', 'OKM-014001', '  Repository', 'el-GR');
INSERT INTO OKM_TRANSLATION (TR_MODULE, TR_KEY, TR_TEXT, TR_LANGUAGE) VALUES ('frontend', 'OKM-014013', ' ', 'el-GR');
INSERT INTO OKM_TRANSLATION (TR_MODULE, TR_KEY, TR_TEXT, TR_LANGUAGE) VALUES ('frontend', 'OKM-015001', '  Repository', 'el-GR');
INSERT INTO OKM_TRANSLATION (TR_MODULE, TR_KEY, TR_TEXT, TR_LANGUAGE) VALUES ('frontend', 'OKM-015024', ' ', 'el-GR');
INSERT INTO OKM_TRANSLATION (TR_MODULE, TR_KEY, TR_TEXT, TR_LANGUAGE) VALUES ('frontend', 'OKM-018022', '    ', 'el-GR');
INSERT INTO OKM_TRANSLATION (TR_MODULE, TR_KEY, TR_TEXT, TR_LANGUAGE) VALUES ('frontend', 'OKM-018023', 'Error user quota exceed,  contact with adminitrator', 'el-GR');
INSERT INTO OKM_TRANSLATION (TR_MODULE, TR_KEY, TR_TEXT, TR_LANGUAGE) VALUES ('frontend', 'OKM-016009', '    ', 'el-GR');
INSERT INTO OKM_TRANSLATION (TR_MODULE, TR_KEY, TR_TEXT, TR_LANGUAGE) VALUES ('frontend', 'OKM-016002', '   ', 'el-GR');
INSERT INTO OKM_TRANSLATION (TR_MODULE, TR_KEY, TR_TEXT, TR_LANGUAGE) VALUES ('frontend', 'OKM-016003', '   ', 'el-GR');
INSERT INTO OKM_TRANSLATION (TR_MODULE, TR_KEY, TR_TEXT, TR_LANGUAGE) VALUES ('frontend', 'OKM-016004', 'Document lock denied', 'el-GR');
INSERT INTO OKM_TRANSLATION (TR_MODULE, TR_KEY, TR_TEXT, TR_LANGUAGE) VALUES ('frontend', 'OKM-016001', 'Repository  ', 'el-GR');
INSERT INTO OKM_TRANSLATION (TR_MODULE, TR_KEY, TR_TEXT, TR_LANGUAGE) VALUES ('frontend', 'OKM-016006', '  ', 'el-GR');
INSERT INTO OKM_TRANSLATION (TR_MODULE, TR_KEY, TR_TEXT, TR_LANGUAGE) VALUES ('frontend', 'OKM-016015', '    ', 'el-GR');
INSERT INTO OKM_TRANSLATION (TR_MODULE, TR_KEY, TR_TEXT, TR_LANGUAGE) VALUES ('frontend', 'OKM-016024', ' ', 'el-GR');
INSERT INTO OKM_TRANSLATION (TR_MODULE, TR_KEY, TR_TEXT, TR_LANGUAGE) VALUES ('frontend', 'OKM-010015', '   ', 'el-GR');
INSERT INTO OKM_TRANSLATION (TR_MODULE, TR_KEY, TR_TEXT, TR_LANGUAGE) VALUES ('frontend', 'OKM-010009', ' ', 'el-GR');
INSERT INTO OKM_TRANSLATION (TR_MODULE, TR_KEY, TR_TEXT, TR_LANGUAGE) VALUES ('frontend', 'OKM-010001', 'Repository internal error', 'el-GR');
INSERT INTO OKM_TRANSLATION (TR_MODULE, TR_KEY, TR_TEXT, TR_LANGUAGE) VALUES ('frontend', 'OKM-010024', ' ', 'el-GR');
INSERT INTO OKM_TRANSLATION (TR_MODULE, TR_KEY, TR_TEXT, TR_LANGUAGE) VALUES ('frontend', 'OKM-010006', '   ', 'el-GR');
INSERT INTO OKM_TRANSLATION (TR_MODULE, TR_KEY, TR_TEXT, TR_LANGUAGE) VALUES ('frontend', 'OKM-009004', '', 'el-GR');
INSERT INTO OKM_TRANSLATION (TR_MODULE, TR_KEY, TR_TEXT, TR_LANGUAGE) VALUES ('frontend', 'OKM-009015', '   ', 'el-GR');
INSERT INTO OKM_TRANSLATION (TR_MODULE, TR_KEY, TR_TEXT, TR_LANGUAGE) VALUES ('frontend', 'OKM-009009', '  ', 'el-GR');
INSERT INTO OKM_TRANSLATION (TR_MODULE, TR_KEY, TR_TEXT, TR_LANGUAGE) VALUES ('frontend', 'OKM-009001', 'Repository internal error', 'el-GR');
INSERT INTO OKM_TRANSLATION (TR_MODULE, TR_KEY, TR_TEXT, TR_LANGUAGE) VALUES ('frontend', 'OKM-009024', ' ', 'el-GR');
INSERT INTO OKM_TRANSLATION (TR_MODULE, TR_KEY, TR_TEXT, TR_LANGUAGE) VALUES ('frontend', 'OKM-009006', '  ', 'el-GR');
INSERT INTO OKM_TRANSLATION (TR_MODULE, TR_KEY, TR_TEXT, TR_LANGUAGE) VALUES ('frontend', 'OKM-009012', '   ', 'el-GR');
INSERT INTO OKM_TRANSLATION (TR_MODULE, TR_KEY, TR_TEXT, TR_LANGUAGE) VALUES ('frontend', 'OKM-009014', 'Property not exists', 'el-GR');
INSERT INTO OKM_TRANSLATION (TR_MODULE, TR_KEY, TR_TEXT, TR_LANGUAGE) VALUES ('frontend', 'OKM-009013', 'Error on I/O', 'el-GR');
INSERT INTO OKM_TRANSLATION (TR_MODULE, TR_KEY, TR_TEXT, TR_LANGUAGE) VALUES ('frontend', 'OKM-012001', 'Repository internal error', 'el-GR');
INSERT INTO OKM_TRANSLATION (TR_MODULE, TR_KEY, TR_TEXT, TR_LANGUAGE) VALUES ('frontend', 'OKM-012006', '  ', 'el-GR');
INSERT INTO OKM_TRANSLATION (TR_MODULE, TR_KEY, TR_TEXT, TR_LANGUAGE) VALUES ('frontend', 'OKM-012015', ' ', 'el-GR');
INSERT INTO OKM_TRANSLATION (TR_MODULE, TR_KEY, TR_TEXT, TR_LANGUAGE) VALUES ('frontend', 'OKM-012024', ' ', 'el-GR');
INSERT INTO OKM_TRANSLATION (TR_MODULE, TR_KEY, TR_TEXT, TR_LANGUAGE) VALUES ('frontend', 'OKM-012009', '  ', 'el-GR');
INSERT INTO OKM_TRANSLATION (TR_MODULE, TR_KEY, TR_TEXT, TR_LANGUAGE) VALUES ('frontend', 'OKM-019001', 'Repository internal error', 'el-GR');
INSERT INTO OKM_TRANSLATION (TR_MODULE, TR_KEY, TR_TEXT, TR_LANGUAGE) VALUES ('frontend', 'OKM-019006', '  ', 'el-GR');
INSERT INTO OKM_TRANSLATION (TR_MODULE, TR_KEY, TR_TEXT, TR_LANGUAGE) VALUES ('frontend', 'OKM-019024', ' ', 'el-GR');
INSERT INTO OKM_LANGUAGE (LG_ID, LG_NAME, LG_IMAGE_CONTENT, LG_IMAGE_MIME) VALUES ('en-US', 'English - Usa', 'R0lGODlhEAALANUAAGNjtvr6+vb29fHx8fxGRvkQEP15eatjSuNjSjx6+TV0+f2Kd+np6dvb2PxUVPx4YttjSvsrK5q7/PxlZrpjSvw6Oubm5e7u7sljSgR09Z1jSvT080iB+gBMtkF9+vofHwBpu/f39uLi3/syMtVjSqG+/C9y+Ozs7KLA/GNlwPyBbO3t6gNx5QArs/2XhpGRgKysn+z+/rS0qPR0XuXl/P7KwcnJwf39Wzh3+f7+/fv/+vHx7wNv4df+/f3h3GNnxCH5BAAAAAAALAAAAAAQAAsAAAaMwJ/wl0oBjqoHYgmB/HIoXSkgoQYCoawA9kNxOJ5EAmcyTByEiouUmnoEiYspMxhcTreNrR1OKOYgaBUjEQsYAAEJAwonLCIddwwMFj0yABI4fzwgHS2DER8fCwciAQIbG3aRkxYNPi8qNWZoaRGgBbgqGg0BMVqoqTsrNBYiM0sITU0kGBQUBwca0kEAOw==', 'image/gif');
INSERT INTO OKM_TRANSLATION (TR_MODULE, TR_KEY, TR_TEXT, TR_LANGUAGE) VALUES ('frontend', 'general.date.pattern', 'MM-dd-yyyy hh:mm:ss', 'en-US');
INSERT INTO OKM_TRANSLATION (TR_MODULE, TR_KEY, TR_TEXT, TR_LANGUAGE) VALUES ('frontend', 'general.day.pattern', 'MM-dd-yyyy', 'en-US');
INSERT INTO OKM_TRANSLATION (TR_MODULE, TR_KEY, TR_TEXT, TR_LANGUAGE) VALUES ('frontend', 'general.hour.pattern', 'HH:mm:ss', 'en-US');
INSERT INTO OKM_TRANSLATION (TR_MODULE, TR_KEY, TR_TEXT, TR_LANGUAGE) VALUES ('frontend', 'startup.openkm', 'Loading OpenKM', 'en-US');
INSERT INTO OKM_TRANSLATION (TR_MODULE, TR_KEY, TR_TEXT, TR_LANGUAGE) VALUES ('frontend', 'startup.starting.loading', 'Starting loading OpenKM', 'en-US');
INSERT INTO OKM_TRANSLATION (TR_MODULE, TR_KEY, TR_TEXT, TR_LANGUAGE) VALUES ('frontend', 'startup.taxonomy', 'Getting taxonomy root node', 'en-US');
INSERT INTO OKM_TRANSLATION (TR_MODULE, TR_KEY, TR_TEXT, TR_LANGUAGE) VALUES ('frontend', 'startup.categories', 'Getting categories root node', 'en-US');
INSERT INTO OKM_TRANSLATION (TR_MODULE, TR_KEY, TR_TEXT, TR_LANGUAGE) VALUES ('frontend', 'startup.thesaurus', 'Getting thesaurus root node', 'en-US');
INSERT INTO OKM_TRANSLATION (TR_MODULE, TR_KEY, TR_TEXT, TR_LANGUAGE) VALUES ('frontend', 'startup.template', 'Getting template root node', 'en-US');
INSERT INTO OKM_TRANSLATION (TR_MODULE, TR_KEY, TR_TEXT, TR_LANGUAGE) VALUES ('frontend', 'startup.personal', 'Getting personal root node', 'en-US');
INSERT INTO OKM_TRANSLATION (TR_MODULE, TR_KEY, TR_TEXT, TR_LANGUAGE) VALUES ('frontend', 'startup.mail', 'Getting e-mail root node', 'en-US');
INSERT INTO OKM_TRANSLATION (TR_MODULE, TR_KEY, TR_TEXT, TR_LANGUAGE) VALUES ('frontend', 'startup.trash', 'Getting trash root node', 'en-US');
INSERT INTO OKM_TRANSLATION (TR_MODULE, TR_KEY, TR_TEXT, TR_LANGUAGE) VALUES ('frontend', 'startup.user.home', 'Getting user home node', 'en-US');
INSERT INTO OKM_TRANSLATION (TR_MODULE, TR_KEY, TR_TEXT, TR_LANGUAGE) VALUES ('frontend', 'startup.bookmarks', 'Getting bookmarks', 'en-US');
INSERT INTO OKM_TRANSLATION (TR_MODULE, TR_KEY, TR_TEXT, TR_LANGUAGE) VALUES ('frontend', 'startup.loading.taxonomy', 'Loading taxonomy', 'en-US');
INSERT INTO OKM_TRANSLATION (TR_MODULE, TR_KEY, TR_TEXT, TR_LANGUAGE) VALUES ('frontend', 'startup.loading.taxonomy.getting.folders', 'Loading taxonomy - getting folders', 'en-US');
INSERT INTO OKM_TRANSLATION (TR_MODULE, TR_KEY, TR_TEXT, TR_LANGUAGE) VALUES ('frontend', 'startup.loading.taxonomy.eval.params', 'Loading taxonomy - eval browser params', 'en-US');
INSERT INTO OKM_TRANSLATION (TR_MODULE, TR_KEY, TR_TEXT, TR_LANGUAGE) VALUES ('frontend', 'startup.loading.taxonomy.open.path', 'Loading taxonomy - open path', 'en-US');
INSERT INTO OKM_TRANSLATION (TR_MODULE, TR_KEY, TR_TEXT, TR_LANGUAGE) VALUES ('frontend', 'startup.loading.taxonomy.getting.filebrowser.folders', 'Loading taxonomy - getting folders', 'en-US');
INSERT INTO OKM_TRANSLATION (TR_MODULE, TR_KEY, TR_TEXT, TR_LANGUAGE) VALUES ('frontend', 'startup.loading.taxonomy.getting.filebrowser.documents', 'Loading taxonomy - getting documents', 'en-US');
INSERT INTO OKM_TRANSLATION (TR_MODULE, TR_KEY, TR_TEXT, TR_LANGUAGE) VALUES ('frontend', 'startup.loading.taxonomy.getting.filebrowser.mails', 'Loading taxonomy - getting mails', 'en-US');
INSERT INTO OKM_TRANSLATION (TR_MODULE, TR_KEY, TR_TEXT, TR_LANGUAGE) VALUES ('frontend', 'startup.loading.personal', 'Loading personal', 'en-US');
INSERT INTO OKM_TRANSLATION (TR_MODULE, TR_KEY, TR_TEXT, TR_LANGUAGE) VALUES ('frontend', 'startup.loading.mail', 'Loading e-mails', 'en-US');
INSERT INTO OKM_TRANSLATION (TR_MODULE, TR_KEY, TR_TEXT, TR_LANGUAGE) VALUES ('frontend', 'startup.loading.categories', 'Loading categories', 'en-US');
INSERT INTO OKM_TRANSLATION (TR_MODULE, TR_KEY, TR_TEXT, TR_LANGUAGE) VALUES ('frontend', 'startup.loading.thesaurus', 'Loading thesaurus', 'en-US');
INSERT INTO OKM_TRANSLATION (TR_MODULE, TR_KEY, TR_TEXT, TR_LANGUAGE) VALUES ('frontend', 'startup.loading.templates', 'Loading templates', 'en-US');
INSERT INTO OKM_TRANSLATION (TR_MODULE, TR_KEY, TR_TEXT, TR_LANGUAGE) VALUES ('frontend', 'startup.loading.trash', 'Loading trash', 'en-US');
INSERT INTO OKM_TRANSLATION (TR_MODULE, TR_KEY, TR_TEXT, TR_LANGUAGE) VALUES ('frontend', 'startup.loading.history.search', 'Loading history search', 'en-US');
INSERT INTO OKM_TRANSLATION (TR_MODULE, TR_KEY, TR_TEXT, TR_LANGUAGE) VALUES ('frontend', 'startup.loading.user.values', 'Loading user values', 'en-US');
INSERT INTO OKM_TRANSLATION (TR_MODULE, TR_KEY, TR_TEXT, TR_LANGUAGE) VALUES ('frontend', 'startup.keep.alive', 'Loading keep alive', 'en-US');
INSERT INTO OKM_TRANSLATION (TR_MODULE, TR_KEY, TR_TEXT, TR_LANGUAGE) VALUES ('frontend', 'openkm.update.available', 'OpenKM update available', 'en-US');
INSERT INTO OKM_TRANSLATION (TR_MODULE, TR_KEY, TR_TEXT, TR_LANGUAGE) VALUES ('frontend', 'leftpanel.label.taxonomy', 'Taxonomy', 'en-US');
INSERT INTO OKM_TRANSLATION (TR_MODULE, TR_KEY, TR_TEXT, TR_LANGUAGE) VALUES ('frontend', 'leftpanel.label.trash', 'Trash', 'en-US');
INSERT INTO OKM_TRANSLATION (TR_MODULE, TR_KEY, TR_TEXT, TR_LANGUAGE) VALUES ('frontend', 'leftpanel.label.mail', 'E-mail', 'en-US');
INSERT INTO OKM_TRANSLATION (TR_MODULE, TR_KEY, TR_TEXT, TR_LANGUAGE) VALUES ('frontend', 'leftpanel.label.stored.search', 'Stored searches', 'en-US');
INSERT INTO OKM_TRANSLATION (TR_MODULE, TR_KEY, TR_TEXT, TR_LANGUAGE) VALUES ('frontend', 'leftpanel.label.categories', 'Categories', 'en-US');
INSERT INTO OKM_TRANSLATION (TR_MODULE, TR_KEY, TR_TEXT, TR_LANGUAGE) VALUES ('frontend', 'leftpanel.label.thesaurus', 'Thesaurus', 'en-US');
INSERT INTO OKM_TRANSLATION (TR_MODULE, TR_KEY, TR_TEXT, TR_LANGUAGE) VALUES ('frontend', 'leftpanel.label.templates', 'Templates', 'en-US');
INSERT INTO OKM_TRANSLATION (TR_MODULE, TR_KEY, TR_TEXT, TR_LANGUAGE) VALUES ('frontend', 'leftpanel.label.my.documents', 'My documents', 'en-US');
INSERT INTO OKM_TRANSLATION (TR_MODULE, TR_KEY, TR_TEXT, TR_LANGUAGE) VALUES ('frontend', 'leftpanel.label.user.search', 'User news', 'en-US');
INSERT INTO OKM_TRANSLATION (TR_MODULE, TR_KEY, TR_TEXT, TR_LANGUAGE) VALUES ('frontend', 'leftpanel.label.all.repository', 'All repository', 'en-US');
INSERT INTO OKM_TRANSLATION (TR_MODULE, TR_KEY, TR_TEXT, TR_LANGUAGE) VALUES ('frontend', 'tree.menu.directory.create', 'Create folder', 'en-US');
INSERT INTO OKM_TRANSLATION (TR_MODULE, TR_KEY, TR_TEXT, TR_LANGUAGE) VALUES ('frontend', 'tree.menu.directory.remove', 'Delete', 'en-US');
INSERT INTO OKM_TRANSLATION (TR_MODULE, TR_KEY, TR_TEXT, TR_LANGUAGE) VALUES ('frontend', 'tree.menu.directory.rename', 'Rename', 'en-US');
INSERT INTO OKM_TRANSLATION (TR_MODULE, TR_KEY, TR_TEXT, TR_LANGUAGE) VALUES ('frontend', 'tree.menu.directory.refresh', 'Refresh', 'en-US');
INSERT INTO OKM_TRANSLATION (TR_MODULE, TR_KEY, TR_TEXT, TR_LANGUAGE) VALUES ('frontend', 'tree.menu.directory.move', 'Move', 'en-US');
INSERT INTO OKM_TRANSLATION (TR_MODULE, TR_KEY, TR_TEXT, TR_LANGUAGE) VALUES ('frontend', 'tree.menu.directory.copy', 'Copy', 'en-US');
INSERT INTO OKM_TRANSLATION (TR_MODULE, TR_KEY, TR_TEXT, TR_LANGUAGE) VALUES ('frontend', 'tree.menu.directory.add.document', 'Add document', 'en-US');
INSERT INTO OKM_TRANSLATION (TR_MODULE, TR_KEY, TR_TEXT, TR_LANGUAGE) VALUES ('frontend', 'tree.menu.add.bookmark', 'Add bookmark', 'en-US');
INSERT INTO OKM_TRANSLATION (TR_MODULE, TR_KEY, TR_TEXT, TR_LANGUAGE) VALUES ('frontend', 'tree.menu.set.home', 'Set default home', 'en-US');
INSERT INTO OKM_TRANSLATION (TR_MODULE, TR_KEY, TR_TEXT, TR_LANGUAGE) VALUES ('frontend', 'tree.menu.export', 'Export to file', 'en-US');
INSERT INTO OKM_TRANSLATION (TR_MODULE, TR_KEY, TR_TEXT, TR_LANGUAGE) VALUES ('frontend', 'tree.status.refresh.folder', 'Updating folder tree', 'en-US');
INSERT INTO OKM_TRANSLATION (TR_MODULE, TR_KEY, TR_TEXT, TR_LANGUAGE) VALUES ('frontend', 'tree.status.refresh.create', 'Creating folder', 'en-US');
INSERT INTO OKM_TRANSLATION (TR_MODULE, TR_KEY, TR_TEXT, TR_LANGUAGE) VALUES ('frontend', 'tree.status.refresh.delete', 'Deleting folder', 'en-US');
INSERT INTO OKM_TRANSLATION (TR_MODULE, TR_KEY, TR_TEXT, TR_LANGUAGE) VALUES ('frontend', 'tree.status.refresh.rename', 'Renaming folder', 'en-US');
INSERT INTO OKM_TRANSLATION (TR_MODULE, TR_KEY, TR_TEXT, TR_LANGUAGE) VALUES ('frontend', 'tree.status.refresh.restore', 'Restoring folder', 'en-US');
INSERT INTO OKM_TRANSLATION (TR_MODULE, TR_KEY, TR_TEXT, TR_LANGUAGE) VALUES ('frontend', 'tree.status.refresh.purge', 'Purging folder', 'en-US');
INSERT INTO OKM_TRANSLATION (TR_MODULE, TR_KEY, TR_TEXT, TR_LANGUAGE) VALUES ('frontend', 'tree.status.refresh.get', 'Updating folder', 'en-US');
INSERT INTO OKM_TRANSLATION (TR_MODULE, TR_KEY, TR_TEXT, TR_LANGUAGE) VALUES ('frontend', 'tree.folder.new', 'New folder', 'en-US');
INSERT INTO OKM_TRANSLATION (TR_MODULE, TR_KEY, TR_TEXT, TR_LANGUAGE) VALUES ('frontend', 'tree.status.refresh.add.subscription', 'Adding subscription', 'en-US');
INSERT INTO OKM_TRANSLATION (TR_MODULE, TR_KEY, TR_TEXT, TR_LANGUAGE) VALUES ('frontend', 'tree.status.refresh.remove.subscription', 'Deleting subscription', 'en-US');
INSERT INTO OKM_TRANSLATION (TR_MODULE, TR_KEY, TR_TEXT, TR_LANGUAGE) VALUES ('frontend', 'tree.status.refresh.get.root', 'Refreshing root folder', 'en-US');
INSERT INTO OKM_TRANSLATION (TR_MODULE, TR_KEY, TR_TEXT, TR_LANGUAGE) VALUES ('frontend', 'tree.status.refresh.get.keywords', 'Refreshing keywords', 'en-US');
INSERT INTO OKM_TRANSLATION (TR_MODULE, TR_KEY, TR_TEXT, TR_LANGUAGE) VALUES ('frontend', 'tree.status.refresh.get.user.home', 'Getting user home', 'en-US');
INSERT INTO OKM_TRANSLATION (TR_MODULE, TR_KEY, TR_TEXT, TR_LANGUAGE) VALUES ('frontend', 'tree.status.refresh.purge.trash', 'Cleaning trash', 'en-US');
INSERT INTO OKM_TRANSLATION (TR_MODULE, TR_KEY, TR_TEXT, TR_LANGUAGE) VALUES ('frontend', 'tree.menu.directory.find.folder', 'Find folder', 'en-US');
INSERT INTO OKM_TRANSLATION (TR_MODULE, TR_KEY, TR_TEXT, TR_LANGUAGE) VALUES ('frontend', 'trash.menu.directory.restore', 'Restore', 'en-US');
INSERT INTO OKM_TRANSLATION (TR_MODULE, TR_KEY, TR_TEXT, TR_LANGUAGE) VALUES ('frontend', 'trash.menu.directory.purge', 'Purge', 'en-US');
INSERT INTO OKM_TRANSLATION (TR_MODULE, TR_KEY, TR_TEXT, TR_LANGUAGE) VALUES ('frontend', 'trash.menu.directory.purge.trash', 'Purge trash', 'en-US');
INSERT INTO OKM_TRANSLATION (TR_MODULE, TR_KEY, TR_TEXT, TR_LANGUAGE) VALUES ('frontend', 'trash.directory.select.label', 'Select destination folder', 'en-US');
INSERT INTO OKM_TRANSLATION (TR_MODULE, TR_KEY, TR_TEXT, TR_LANGUAGE) VALUES ('frontend', 'general.menu.file', 'File', 'en-US');
INSERT INTO OKM_TRANSLATION (TR_MODULE, TR_KEY, TR_TEXT, TR_LANGUAGE) VALUES ('frontend', 'general.menu.file.exit', 'Exit', 'en-US');
INSERT INTO OKM_TRANSLATION (TR_MODULE, TR_KEY, TR_TEXT, TR_LANGUAGE) VALUES ('frontend', 'general.menu.file.purge.trash', 'Purge trash', 'en-US');
INSERT INTO OKM_TRANSLATION (TR_MODULE, TR_KEY, TR_TEXT, TR_LANGUAGE) VALUES ('frontend', 'general.menu.edit', 'Edit', 'en-US');
INSERT INTO OKM_TRANSLATION (TR_MODULE, TR_KEY, TR_TEXT, TR_LANGUAGE) VALUES ('frontend', 'general.menu.file.create.directory', 'Create folder', 'en-US');
INSERT INTO OKM_TRANSLATION (TR_MODULE, TR_KEY, TR_TEXT, TR_LANGUAGE) VALUES ('frontend', 'general.menu.file.download.document', 'Download document', 'en-US');
INSERT INTO OKM_TRANSLATION (TR_MODULE, TR_KEY, TR_TEXT, TR_LANGUAGE) VALUES ('frontend', 'general.menu.file.download.document.pdf', 'Download document as PDF', 'en-US');
INSERT INTO OKM_TRANSLATION (TR_MODULE, TR_KEY, TR_TEXT, TR_LANGUAGE) VALUES ('frontend', 'general.menu.file.send.link', 'Send document link', 'en-US');
INSERT INTO OKM_TRANSLATION (TR_MODULE, TR_KEY, TR_TEXT, TR_LANGUAGE) VALUES ('frontend', 'general.menu.file.send.attachment', 'Send document attachment', 'en-US');
INSERT INTO OKM_TRANSLATION (TR_MODULE, TR_KEY, TR_TEXT, TR_LANGUAGE) VALUES ('frontend', 'general.menu.file.lock', 'Lock', 'en-US');
INSERT INTO OKM_TRANSLATION (TR_MODULE, TR_KEY, TR_TEXT, TR_LANGUAGE) VALUES ('frontend', 'general.menu.file.unlock', 'Unlock', 'en-US');
INSERT INTO OKM_TRANSLATION (TR_MODULE, TR_KEY, TR_TEXT, TR_LANGUAGE) VALUES ('frontend', 'general.menu.file.add.document', 'Add document', 'en-US');
INSERT INTO OKM_TRANSLATION (TR_MODULE, TR_KEY, TR_TEXT, TR_LANGUAGE) VALUES ('frontend', 'general.menu.file.checkout', 'Check out', 'en-US');
INSERT INTO OKM_TRANSLATION (TR_MODULE, TR_KEY, TR_TEXT, TR_LANGUAGE) VALUES ('frontend', 'general.menu.file.checkin', 'Check in', 'en-US');
INSERT INTO OKM_TRANSLATION (TR_MODULE, TR_KEY, TR_TEXT, TR_LANGUAGE) VALUES ('frontend', 'general.menu.file.cancel.checkout', 'Cancel check out', 'en-US');
INSERT INTO OKM_TRANSLATION (TR_MODULE, TR_KEY, TR_TEXT, TR_LANGUAGE) VALUES ('frontend', 'general.menu.file.delete', 'Delete', 'en-US');
INSERT INTO OKM_TRANSLATION (TR_MODULE, TR_KEY, TR_TEXT, TR_LANGUAGE) VALUES ('frontend', 'general.menu.file.refresh', 'Refresh', 'en-US');
INSERT INTO OKM_TRANSLATION (TR_MODULE, TR_KEY, TR_TEXT, TR_LANGUAGE) VALUES ('frontend', 'general.menu.file.scanner', 'Scanner', 'en-US');
INSERT INTO OKM_TRANSLATION (TR_MODULE, TR_KEY, TR_TEXT, TR_LANGUAGE) VALUES ('frontend', 'general.menu.file.uploader', 'File uploader', 'en-US');
INSERT INTO OKM_TRANSLATION (TR_MODULE, TR_KEY, TR_TEXT, TR_LANGUAGE) VALUES ('frontend', 'general.menu.tools', 'Tools', 'en-US');
INSERT INTO OKM_TRANSLATION (TR_MODULE, TR_KEY, TR_TEXT, TR_LANGUAGE) VALUES ('frontend', 'general.menu.tools.languages', 'Languages', 'en-US');
INSERT INTO OKM_TRANSLATION (TR_MODULE, TR_KEY, TR_TEXT, TR_LANGUAGE) VALUES ('frontend', 'general.menu.tools.skin', 'Skin', 'en-US');
INSERT INTO OKM_TRANSLATION (TR_MODULE, TR_KEY, TR_TEXT, TR_LANGUAGE) VALUES ('frontend', 'general.menu.tools.skin.default', 'By default', 'en-US');
INSERT INTO OKM_TRANSLATION (TR_MODULE, TR_KEY, TR_TEXT, TR_LANGUAGE) VALUES ('frontend', 'general.menu.tools.skin.default2', 'By default 2', 'en-US');
INSERT INTO OKM_TRANSLATION (TR_MODULE, TR_KEY, TR_TEXT, TR_LANGUAGE) VALUES ('frontend', 'general.menu.tools.skin.mediumfont', 'Medium font', 'en-US');
INSERT INTO OKM_TRANSLATION (TR_MODULE, TR_KEY, TR_TEXT, TR_LANGUAGE) VALUES ('frontend', 'general.menu.tools.skin.bigfont', 'Big font', 'en-US');
INSERT INTO OKM_TRANSLATION (TR_MODULE, TR_KEY, TR_TEXT, TR_LANGUAGE) VALUES ('frontend', 'general.menu.debug.console', 'Debug console', 'en-US');
INSERT INTO OKM_TRANSLATION (TR_MODULE, TR_KEY, TR_TEXT, TR_LANGUAGE) VALUES ('frontend', 'general.menu.administration', 'Show administration', 'en-US');
INSERT INTO OKM_TRANSLATION (TR_MODULE, TR_KEY, TR_TEXT, TR_LANGUAGE) VALUES ('frontend', 'general.menu.tools.preferences', 'Preferences', 'en-US');
INSERT INTO OKM_TRANSLATION (TR_MODULE, TR_KEY, TR_TEXT, TR_LANGUAGE) VALUES ('frontend', 'general.menu.tools.user.preferences', 'User configuration', 'en-US');
INSERT INTO OKM_TRANSLATION (TR_MODULE, TR_KEY, TR_TEXT, TR_LANGUAGE) VALUES ('frontend', 'general.menu.bookmark', 'Bookmarks', 'en-US');
INSERT INTO OKM_TRANSLATION (TR_MODULE, TR_KEY, TR_TEXT, TR_LANGUAGE) VALUES ('frontend', 'general.menu.bookmark.home', 'Home', 'en-US');
INSERT INTO OKM_TRANSLATION (TR_MODULE, TR_KEY, TR_TEXT, TR_LANGUAGE) VALUES ('frontend', 'general.menu.bookmark.default.home', 'Set default home', 'en-US');
INSERT INTO OKM_TRANSLATION (TR_MODULE, TR_KEY, TR_TEXT, TR_LANGUAGE) VALUES ('frontend', 'general.menu.bookmark.edit', 'Edit bookmarks', 'en-US');
INSERT INTO OKM_TRANSLATION (TR_MODULE, TR_KEY, TR_TEXT, TR_LANGUAGE) VALUES ('frontend', 'general.menu.help', 'Help', 'en-US');
INSERT INTO OKM_TRANSLATION (TR_MODULE, TR_KEY, TR_TEXT, TR_LANGUAGE) VALUES ('frontend', 'general.menu.bug.report', 'Bug report', 'en-US');
INSERT INTO OKM_TRANSLATION (TR_MODULE, TR_KEY, TR_TEXT, TR_LANGUAGE) VALUES ('frontend', 'general.menu.support.request', 'Support request', 'en-US');
INSERT INTO OKM_TRANSLATION (TR_MODULE, TR_KEY, TR_TEXT, TR_LANGUAGE) VALUES ('frontend', 'general.menu.public.forum', 'Public forum', 'en-US');
INSERT INTO OKM_TRANSLATION (TR_MODULE, TR_KEY, TR_TEXT, TR_LANGUAGE) VALUES ('frontend', 'general.menu.project.web', 'Project web', 'en-US');
INSERT INTO OKM_TRANSLATION (TR_MODULE, TR_KEY, TR_TEXT, TR_LANGUAGE) VALUES ('frontend', 'general.menu.version.changes', 'Version notes', 'en-US');
INSERT INTO OKM_TRANSLATION (TR_MODULE, TR_KEY, TR_TEXT, TR_LANGUAGE) VALUES ('frontend', 'general.menu.documentation', 'Documentation', 'en-US');
INSERT INTO OKM_TRANSLATION (TR_MODULE, TR_KEY, TR_TEXT, TR_LANGUAGE) VALUES ('frontend', 'general.menu.about', 'About OpenKM', 'en-US');
INSERT INTO OKM_TRANSLATION (TR_MODULE, TR_KEY, TR_TEXT, TR_LANGUAGE) VALUES ('frontend', 'general.connected', 'Connected as', 'en-US');
INSERT INTO OKM_TRANSLATION (TR_MODULE, TR_KEY, TR_TEXT, TR_LANGUAGE) VALUES ('frontend', 'filebrowser.name', 'Name', 'en-US');
INSERT INTO OKM_TRANSLATION (TR_MODULE, TR_KEY, TR_TEXT, TR_LANGUAGE) VALUES ('frontend', 'filebrowser.date.update', 'Update date', 'en-US');
INSERT INTO OKM_TRANSLATION (TR_MODULE, TR_KEY, TR_TEXT, TR_LANGUAGE) VALUES ('frontend', 'filebrowser.size', 'Size', 'en-US');
INSERT INTO OKM_TRANSLATION (TR_MODULE, TR_KEY, TR_TEXT, TR_LANGUAGE) VALUES ('frontend', 'filebrowser.path', 'Path', 'en-US');
INSERT INTO OKM_TRANSLATION (TR_MODULE, TR_KEY, TR_TEXT, TR_LANGUAGE) VALUES ('frontend', 'filebrowser.author', 'Author', 'en-US');
INSERT INTO OKM_TRANSLATION (TR_MODULE, TR_KEY, TR_TEXT, TR_LANGUAGE) VALUES ('frontend', 'filebrowser.version', 'Version', 'en-US');
INSERT INTO OKM_TRANSLATION (TR_MODULE, TR_KEY, TR_TEXT, TR_LANGUAGE) VALUES ('frontend', 'filebrowser.menu.checkout', 'Check out', 'en-US');
INSERT INTO OKM_TRANSLATION (TR_MODULE, TR_KEY, TR_TEXT, TR_LANGUAGE) VALUES ('frontend', 'filebrowser.menu.checkin', 'Check in', 'en-US');
INSERT INTO OKM_TRANSLATION (TR_MODULE, TR_KEY, TR_TEXT, TR_LANGUAGE) VALUES ('frontend', 'filebrowser.menu.delete', 'Delete', 'en-US');
INSERT INTO OKM_TRANSLATION (TR_MODULE, TR_KEY, TR_TEXT, TR_LANGUAGE) VALUES ('frontend', 'filebrowser.menu.rename', 'Rename', 'en-US');
INSERT INTO OKM_TRANSLATION (TR_MODULE, TR_KEY, TR_TEXT, TR_LANGUAGE) VALUES ('frontend', 'filebrowser.menu.checkout.cancel', 'Cancel check out', 'en-US');
INSERT INTO OKM_TRANSLATION (TR_MODULE, TR_KEY, TR_TEXT, TR_LANGUAGE) VALUES ('frontend', 'filebrowser.menu.lock', 'Lock', 'en-US');
INSERT INTO OKM_TRANSLATION (TR_MODULE, TR_KEY, TR_TEXT, TR_LANGUAGE) VALUES ('frontend', 'filebrowser.menu.unlock', 'Unlock', 'en-US');
INSERT INTO OKM_TRANSLATION (TR_MODULE, TR_KEY, TR_TEXT, TR_LANGUAGE) VALUES ('frontend', 'filebrowser.menu.download', 'Download', 'en-US');
INSERT INTO OKM_TRANSLATION (TR_MODULE, TR_KEY, TR_TEXT, TR_LANGUAGE) VALUES ('frontend', 'filebrowser.menu.move', 'Move', 'en-US');
INSERT INTO OKM_TRANSLATION (TR_MODULE, TR_KEY, TR_TEXT, TR_LANGUAGE) VALUES ('frontend', 'filebrowser.menu.copy', 'Copy', 'en-US');
INSERT INTO OKM_TRANSLATION (TR_MODULE, TR_KEY, TR_TEXT, TR_LANGUAGE) VALUES ('frontend', 'filebrowser.menu.create.from.template', 'Create from template', 'en-US');
INSERT INTO OKM_TRANSLATION (TR_MODULE, TR_KEY, TR_TEXT, TR_LANGUAGE) VALUES ('frontend', 'filebrowser.menu.add.property.group', 'Add property group', 'en-US');
INSERT INTO OKM_TRANSLATION (TR_MODULE, TR_KEY, TR_TEXT, TR_LANGUAGE) VALUES ('frontend', 'filebrowser.menu.remove.property.group', 'Remove property group', 'en-US');
INSERT INTO OKM_TRANSLATION (TR_MODULE, TR_KEY, TR_TEXT, TR_LANGUAGE) VALUES ('frontend', 'filebrowser.menu.start.workflow', 'Start workflow', 'en-US');
INSERT INTO OKM_TRANSLATION (TR_MODULE, TR_KEY, TR_TEXT, TR_LANGUAGE) VALUES ('frontend', 'filebrowser.menu.add.subscription', 'Add subscription', 'en-US');
INSERT INTO OKM_TRANSLATION (TR_MODULE, TR_KEY, TR_TEXT, TR_LANGUAGE) VALUES ('frontend', 'filebrowser.menu.remove.subscription', 'Remove subscription', 'en-US');
INSERT INTO OKM_TRANSLATION (TR_MODULE, TR_KEY, TR_TEXT, TR_LANGUAGE) VALUES ('frontend', 'filebrowser.menu.add.bookmark', 'Add bookmark', 'en-US');
INSERT INTO OKM_TRANSLATION (TR_MODULE, TR_KEY, TR_TEXT, TR_LANGUAGE) VALUES ('frontend', 'filebrowser.menu.set.home', 'Set default home', 'en-US');
INSERT INTO OKM_TRANSLATION (TR_MODULE, TR_KEY, TR_TEXT, TR_LANGUAGE) VALUES ('frontend', 'filebrowser.menu.refresh', 'Refresh', 'en-US');
INSERT INTO OKM_TRANSLATION (TR_MODULE, TR_KEY, TR_TEXT, TR_LANGUAGE) VALUES ('frontend', 'filebrowser.menu.export', 'Export to ZIP', 'en-US');
INSERT INTO OKM_TRANSLATION (TR_MODULE, TR_KEY, TR_TEXT, TR_LANGUAGE) VALUES ('frontend', 'filebrowser.menu.play', 'Play', 'en-US');
INSERT INTO OKM_TRANSLATION (TR_MODULE, TR_KEY, TR_TEXT, TR_LANGUAGE) VALUES ('frontend', 'filebrowser.menu.image.viewer', 'Image viewer', 'en-US');
INSERT INTO OKM_TRANSLATION (TR_MODULE, TR_KEY, TR_TEXT, TR_LANGUAGE) VALUES ('frontend', 'filebrowser.status.refresh.folder', 'Updating folder list', 'en-US');
INSERT INTO OKM_TRANSLATION (TR_MODULE, TR_KEY, TR_TEXT, TR_LANGUAGE) VALUES ('frontend', 'filebrowser.status.refresh.document', 'Updating document list', 'en-US');
INSERT INTO OKM_TRANSLATION (TR_MODULE, TR_KEY, TR_TEXT, TR_LANGUAGE) VALUES ('frontend', 'filebrowser.status.refresh.mail', 'Updating mail list', 'en-US');
INSERT INTO OKM_TRANSLATION (TR_MODULE, TR_KEY, TR_TEXT, TR_LANGUAGE) VALUES ('frontend', 'filebrowser.status.refresh.delete.folder', 'Deleting folder', 'en-US');
INSERT INTO OKM_TRANSLATION (TR_MODULE, TR_KEY, TR_TEXT, TR_LANGUAGE) VALUES ('frontend', 'filebrowser.status.refresh.delete.document', 'Deleting document', 'en-US');
INSERT INTO OKM_TRANSLATION (TR_MODULE, TR_KEY, TR_TEXT, TR_LANGUAGE) VALUES ('frontend', 'filebrowser.status.refresh.checkout', 'Checking out document', 'en-US');
INSERT INTO OKM_TRANSLATION (TR_MODULE, TR_KEY, TR_TEXT, TR_LANGUAGE) VALUES ('frontend', 'filebrowser.status.refresh.lock', 'Locking document', 'en-US');
INSERT INTO OKM_TRANSLATION (TR_MODULE, TR_KEY, TR_TEXT, TR_LANGUAGE) VALUES ('frontend', 'filebrowser.status.refresh.unlock', 'Unlocking document', 'en-US');
INSERT INTO OKM_TRANSLATION (TR_MODULE, TR_KEY, TR_TEXT, TR_LANGUAGE) VALUES ('frontend', 'filebrowser.status.refresh.document.rename', 'Renaming document', 'en-US');
INSERT INTO OKM_TRANSLATION (TR_MODULE, TR_KEY, TR_TEXT, TR_LANGUAGE) VALUES ('frontend', 'filebrowser.status.refresh.folder.rename', 'Renaming folder', 'en-US');
INSERT INTO OKM_TRANSLATION (TR_MODULE, TR_KEY, TR_TEXT, TR_LANGUAGE) VALUES ('frontend', 'filebrowser.status.refresh.document.purge', 'Deleting document', 'en-US');
INSERT INTO OKM_TRANSLATION (TR_MODULE, TR_KEY, TR_TEXT, TR_LANGUAGE) VALUES ('frontend', 'filebrowser.status.refresh.folder.purge', 'Deleting folder', 'en-US');
INSERT INTO OKM_TRANSLATION (TR_MODULE, TR_KEY, TR_TEXT, TR_LANGUAGE) VALUES ('frontend', 'filebrowser.status.refresh.folder.get', 'Updating folder', 'en-US');
INSERT INTO OKM_TRANSLATION (TR_MODULE, TR_KEY, TR_TEXT, TR_LANGUAGE) VALUES ('frontend', 'filebrowser.status.refresh.document.get', 'Updating document', 'en-US');
INSERT INTO OKM_TRANSLATION (TR_MODULE, TR_KEY, TR_TEXT, TR_LANGUAGE) VALUES ('frontend', 'filebrowser.status.refresh.add.subscription', 'Adding subscription', 'en-US');
INSERT INTO OKM_TRANSLATION (TR_MODULE, TR_KEY, TR_TEXT, TR_LANGUAGE) VALUES ('frontend', 'filebrowser.status.refresh.remove.subscription', 'Deleting subscription', 'en-US');
INSERT INTO OKM_TRANSLATION (TR_MODULE, TR_KEY, TR_TEXT, TR_LANGUAGE) VALUES ('frontend', 'filebrowser.status.refresh.get.user.home', 'Getting user home', 'en-US');
INSERT INTO OKM_TRANSLATION (TR_MODULE, TR_KEY, TR_TEXT, TR_LANGUAGE) VALUES ('frontend', 'filebrowser.status.refresh.delete.mail', 'Deleting mail', 'en-US');
INSERT INTO OKM_TRANSLATION (TR_MODULE, TR_KEY, TR_TEXT, TR_LANGUAGE) VALUES ('frontend', 'filebrowser.status.refresh.mail.purge', 'Deleting mail', 'en-US');
INSERT INTO OKM_TRANSLATION (TR_MODULE, TR_KEY, TR_TEXT, TR_LANGUAGE) VALUES ('frontend', 'fileupload.send', 'Send', 'en-US');
INSERT INTO OKM_TRANSLATION (TR_MODULE, TR_KEY, TR_TEXT, TR_LANGUAGE) VALUES ('frontend', 'fileupload.status.sending', 'Uploading file...', 'en-US');
INSERT INTO OKM_TRANSLATION (TR_MODULE, TR_KEY, TR_TEXT, TR_LANGUAGE) VALUES ('frontend', 'fileupload.status.indexing', 'Indexing file...', 'en-US');
INSERT INTO OKM_TRANSLATION (TR_MODULE, TR_KEY, TR_TEXT, TR_LANGUAGE) VALUES ('frontend', 'fileupload.status.ok', 'File uploaded correctly', 'en-US');
INSERT INTO OKM_TRANSLATION (TR_MODULE, TR_KEY, TR_TEXT, TR_LANGUAGE) VALUES ('frontend', 'fileupload.upload.status', 'Upload status', 'en-US');
INSERT INTO OKM_TRANSLATION (TR_MODULE, TR_KEY, TR_TEXT, TR_LANGUAGE) VALUES ('frontend', 'fileupload.upload.uploaded', 'Uploaded', 'en-US');
INSERT INTO OKM_TRANSLATION (TR_MODULE, TR_KEY, TR_TEXT, TR_LANGUAGE) VALUES ('frontend', 'fileupload.upload.completed', 'Upload completed', 'en-US');
INSERT INTO OKM_TRANSLATION (TR_MODULE, TR_KEY, TR_TEXT, TR_LANGUAGE) VALUES ('frontend', 'fileupload.upload.runtime', 'Runtime', 'en-US');
INSERT INTO OKM_TRANSLATION (TR_MODULE, TR_KEY, TR_TEXT, TR_LANGUAGE) VALUES ('frontend', 'fileupload.upload.remaining', 'Remaining', 'en-US');
INSERT INTO OKM_TRANSLATION (TR_MODULE, TR_KEY, TR_TEXT, TR_LANGUAGE) VALUES ('frontend', 'fileupload.button.close', 'Close', 'en-US');
INSERT INTO OKM_TRANSLATION (TR_MODULE, TR_KEY, TR_TEXT, TR_LANGUAGE) VALUES ('frontend', 'fileupload.button.add.other.file', 'Add another file', 'en-US');
INSERT INTO OKM_TRANSLATION (TR_MODULE, TR_KEY, TR_TEXT, TR_LANGUAGE) VALUES ('frontend', 'fileupload.status.move.file', 'Moving file...', 'en-US');
INSERT INTO OKM_TRANSLATION (TR_MODULE, TR_KEY, TR_TEXT, TR_LANGUAGE) VALUES ('frontend', 'fileupload.status.move.mail', 'Moving mail...', 'en-US');
INSERT INTO OKM_TRANSLATION (TR_MODULE, TR_KEY, TR_TEXT, TR_LANGUAGE) VALUES ('frontend', 'fileupload.status.copy.file', 'Copying file...', 'en-US');
INSERT INTO OKM_TRANSLATION (TR_MODULE, TR_KEY, TR_TEXT, TR_LANGUAGE) VALUES ('frontend', 'fileupload.status.copy.mail', 'Copying mail...', 'en-US');
INSERT INTO OKM_TRANSLATION (TR_MODULE, TR_KEY, TR_TEXT, TR_LANGUAGE) VALUES ('frontend', 'fileupload.status.restore.file', 'Restoring file...', 'en-US');
INSERT INTO OKM_TRANSLATION (TR_MODULE, TR_KEY, TR_TEXT, TR_LANGUAGE) VALUES ('frontend', 'fileupload.status.restore.mail', 'Restoring mail...', 'en-US');
INSERT INTO OKM_TRANSLATION (TR_MODULE, TR_KEY, TR_TEXT, TR_LANGUAGE) VALUES ('frontend', 'fileupload.status.move.folder', 'Moving folder...', 'en-US');
INSERT INTO OKM_TRANSLATION (TR_MODULE, TR_KEY, TR_TEXT, TR_LANGUAGE) VALUES ('frontend', 'fileupload.status.copy.folder', 'Copying folder...', 'en-US');
INSERT INTO OKM_TRANSLATION (TR_MODULE, TR_KEY, TR_TEXT, TR_LANGUAGE) VALUES ('frontend', 'fileupload.status.restore.folder', 'Restoring folder...', 'en-US');
INSERT INTO OKM_TRANSLATION (TR_MODULE, TR_KEY, TR_TEXT, TR_LANGUAGE) VALUES ('frontend', 'fileupload.status.create.from.template', 'Creating file from template...', 'en-US');
INSERT INTO OKM_TRANSLATION (TR_MODULE, TR_KEY, TR_TEXT, TR_LANGUAGE) VALUES ('frontend', 'fileupload.status.of', 'of', 'en-US');
INSERT INTO OKM_TRANSLATION (TR_MODULE, TR_KEY, TR_TEXT, TR_LANGUAGE) VALUES ('frontend', 'fileupload.label.insert', 'Add new documents', 'en-US');
INSERT INTO OKM_TRANSLATION (TR_MODULE, TR_KEY, TR_TEXT, TR_LANGUAGE) VALUES ('frontend', 'fileupload.label.update', 'Update documents', 'en-US');
INSERT INTO OKM_TRANSLATION (TR_MODULE, TR_KEY, TR_TEXT, TR_LANGUAGE) VALUES ('frontend', 'fileupload.label.users.notify', 'Notify users', 'en-US');
INSERT INTO OKM_TRANSLATION (TR_MODULE, TR_KEY, TR_TEXT, TR_LANGUAGE) VALUES ('frontend', 'fileupload.label.comment', 'Comment', 'en-US');
INSERT INTO OKM_TRANSLATION (TR_MODULE, TR_KEY, TR_TEXT, TR_LANGUAGE) VALUES ('frontend', 'fileupload.label.users.to.notify"', '  "Users to be notified', 'en-US');
INSERT INTO OKM_TRANSLATION (TR_MODULE, TR_KEY, TR_TEXT, TR_LANGUAGE) VALUES ('frontend', 'fileupload.label.users"', '  "Users', 'en-US');
INSERT INTO OKM_TRANSLATION (TR_MODULE, TR_KEY, TR_TEXT, TR_LANGUAGE) VALUES ('frontend', 'fileupload.label.groups.to.notify', 'Groups to notify', 'en-US');
INSERT INTO OKM_TRANSLATION (TR_MODULE, TR_KEY, TR_TEXT, TR_LANGUAGE) VALUES ('frontend', 'fileupload.label.groups', 'Groups', 'en-US');
INSERT INTO OKM_TRANSLATION (TR_MODULE, TR_KEY, TR_TEXT, TR_LANGUAGE) VALUES ('frontend', 'fileupload.label.must.select.users"', '  "You must select some user to notify', 'en-US');
INSERT INTO OKM_TRANSLATION (TR_MODULE, TR_KEY, TR_TEXT, TR_LANGUAGE) VALUES ('frontend', 'fileupload.label.importZip', 'Import Documents from ZIP', 'en-US');
INSERT INTO OKM_TRANSLATION (TR_MODULE, TR_KEY, TR_TEXT, TR_LANGUAGE) VALUES ('frontend', 'fileupload.label.notify.comment', 'Notification message', 'en-US');
INSERT INTO OKM_TRANSLATION (TR_MODULE, TR_KEY, TR_TEXT, TR_LANGUAGE) VALUES ('frontend', 'fileupload.label.error.importing.zip', 'Error importing file', 'en-US');
INSERT INTO OKM_TRANSLATION (TR_MODULE, TR_KEY, TR_TEXT, TR_LANGUAGE) VALUES ('frontend', 'fileupload.label.error.move.file', 'Error moving file', 'en-US');
INSERT INTO OKM_TRANSLATION (TR_MODULE, TR_KEY, TR_TEXT, TR_LANGUAGE) VALUES ('frontend', 'fileupload.label.error.move.mail', 'Error moving mail', 'en-US');
INSERT INTO OKM_TRANSLATION (TR_MODULE, TR_KEY, TR_TEXT, TR_LANGUAGE) VALUES ('frontend', 'fileupload.label.error.copy.file', 'Error copying file', 'en-US');
INSERT INTO OKM_TRANSLATION (TR_MODULE, TR_KEY, TR_TEXT, TR_LANGUAGE) VALUES ('frontend', 'fileupload.label.error.copy.mail', 'Error copying mail', 'en-US');
INSERT INTO OKM_TRANSLATION (TR_MODULE, TR_KEY, TR_TEXT, TR_LANGUAGE) VALUES ('frontend', 'fileupload.label.error.restore.file', 'Error restoring file', 'en-US');
INSERT INTO OKM_TRANSLATION (TR_MODULE, TR_KEY, TR_TEXT, TR_LANGUAGE) VALUES ('frontend', 'fileupload.label.error.restore.mail', 'Error restoring mail', 'en-US');
INSERT INTO OKM_TRANSLATION (TR_MODULE, TR_KEY, TR_TEXT, TR_LANGUAGE) VALUES ('frontend', 'fileupload.label.error.move.folder', 'Error moving folder', 'en-US');
INSERT INTO OKM_TRANSLATION (TR_MODULE, TR_KEY, TR_TEXT, TR_LANGUAGE) VALUES ('frontend', 'fileupload.label.error.copy.folder', 'Error copying folder', 'en-US');
INSERT INTO OKM_TRANSLATION (TR_MODULE, TR_KEY, TR_TEXT, TR_LANGUAGE) VALUES ('frontend', 'fileupload.label.error.restore.folder', 'Error restoring folder', 'en-US');
INSERT INTO OKM_TRANSLATION (TR_MODULE, TR_KEY, TR_TEXT, TR_LANGUAGE) VALUES ('frontend', 'fileupload.label.error.create.from.template', 'Error creating file from template', 'en-US');
INSERT INTO OKM_TRANSLATION (TR_MODULE, TR_KEY, TR_TEXT, TR_LANGUAGE) VALUES ('frontend', 'fileupload.label.error.not.allowed.move.folder.child', 'Not allowed to move to origin or child folder', 'en-US');
INSERT INTO OKM_TRANSLATION (TR_MODULE, TR_KEY, TR_TEXT, TR_LANGUAGE) VALUES ('frontend', 'fileupload.label.error.not.allowed.copy.same.folder', 'Not allowed to move to origin folder', 'en-US');
INSERT INTO OKM_TRANSLATION (TR_MODULE, TR_KEY, TR_TEXT, TR_LANGUAGE) VALUES ('frontend', 'fileupload.label.error.not.allowed.create.from.template.same.folder', 'Not allowed to create a file in origin folder', 'en-US');
INSERT INTO OKM_TRANSLATION (TR_MODULE, TR_KEY, TR_TEXT, TR_LANGUAGE) VALUES ('frontend', 'tab.document.properties', 'Properties', 'en-US');
INSERT INTO OKM_TRANSLATION (TR_MODULE, TR_KEY, TR_TEXT, TR_LANGUAGE) VALUES ('frontend', 'tab.document.notes', 'Notes', 'en-US');
INSERT INTO OKM_TRANSLATION (TR_MODULE, TR_KEY, TR_TEXT, TR_LANGUAGE) VALUES ('frontend', 'tab.document.history', 'History', 'en-US');
INSERT INTO OKM_TRANSLATION (TR_MODULE, TR_KEY, TR_TEXT, TR_LANGUAGE) VALUES ('frontend', 'tab.document.status.history', 'Updating history', 'en-US');
INSERT INTO OKM_TRANSLATION (TR_MODULE, TR_KEY, TR_TEXT, TR_LANGUAGE) VALUES ('frontend', 'tab.status.security.role', 'Updating security roles', 'en-US');
INSERT INTO OKM_TRANSLATION (TR_MODULE, TR_KEY, TR_TEXT, TR_LANGUAGE) VALUES ('frontend', 'tab.status.security.user', 'Updating security users', 'en-US');
INSERT INTO OKM_TRANSLATION (TR_MODULE, TR_KEY, TR_TEXT, TR_LANGUAGE) VALUES ('frontend', 'tab.document.status.group.properties', 'Updating property group', 'en-US');
INSERT INTO OKM_TRANSLATION (TR_MODULE, TR_KEY, TR_TEXT, TR_LANGUAGE) VALUES ('frontend', 'tab.document.status.set.keywords', 'Setting keywords', 'en-US');
INSERT INTO OKM_TRANSLATION (TR_MODULE, TR_KEY, TR_TEXT, TR_LANGUAGE) VALUES ('frontend', 'tab.document.status.set.categories', 'Updating categories', 'en-US');
INSERT INTO OKM_TRANSLATION (TR_MODULE, TR_KEY, TR_TEXT, TR_LANGUAGE) VALUES ('frontend', 'tab.document.status.get.version.history.size', 'Refreshing document history size', 'en-US');
INSERT INTO OKM_TRANSLATION (TR_MODULE, TR_KEY, TR_TEXT, TR_LANGUAGE) VALUES ('frontend', 'tab.document.status.purge.version.history', 'Compacting document history', 'en-US');
INSERT INTO OKM_TRANSLATION (TR_MODULE, TR_KEY, TR_TEXT, TR_LANGUAGE) VALUES ('frontend', 'tab.document.status.restore.version', 'Restoring document version', 'en-US');
INSERT INTO OKM_TRANSLATION (TR_MODULE, TR_KEY, TR_TEXT, TR_LANGUAGE) VALUES ('frontend', 'tab.document.security', 'Security', 'en-US');
INSERT INTO OKM_TRANSLATION (TR_MODULE, TR_KEY, TR_TEXT, TR_LANGUAGE) VALUES ('frontend', 'tab.document.preview', 'Preview', 'en-US');
INSERT INTO OKM_TRANSLATION (TR_MODULE, TR_KEY, TR_TEXT, TR_LANGUAGE) VALUES ('frontend', 'tab.folder.properties', 'Properties', 'en-US');
INSERT INTO OKM_TRANSLATION (TR_MODULE, TR_KEY, TR_TEXT, TR_LANGUAGE) VALUES ('frontend', 'tab.folder.security', 'Security', 'en-US');
INSERT INTO OKM_TRANSLATION (TR_MODULE, TR_KEY, TR_TEXT, TR_LANGUAGE) VALUES ('frontend', 'tab.folder.notes', 'Notes', 'en-US');
INSERT INTO OKM_TRANSLATION (TR_MODULE, TR_KEY, TR_TEXT, TR_LANGUAGE) VALUES ('frontend', 'tab.workspace.desktop', 'Desktop', 'en-US');
INSERT INTO OKM_TRANSLATION (TR_MODULE, TR_KEY, TR_TEXT, TR_LANGUAGE) VALUES ('frontend', 'tab.workspace.search', 'Search', 'en-US');
INSERT INTO OKM_TRANSLATION (TR_MODULE, TR_KEY, TR_TEXT, TR_LANGUAGE) VALUES ('frontend', 'tab.workspace.dashboard', 'Dashboard', 'en-US');
INSERT INTO OKM_TRANSLATION (TR_MODULE, TR_KEY, TR_TEXT, TR_LANGUAGE) VALUES ('frontend', 'tab.workspace.administration', 'Administration', 'en-US');
INSERT INTO OKM_TRANSLATION (TR_MODULE, TR_KEY, TR_TEXT, TR_LANGUAGE) VALUES ('frontend', 'document.uuid', 'UUID', 'en-US');
INSERT INTO OKM_TRANSLATION (TR_MODULE, TR_KEY, TR_TEXT, TR_LANGUAGE) VALUES ('frontend', 'document.name', 'Name', 'en-US');
INSERT INTO OKM_TRANSLATION (TR_MODULE, TR_KEY, TR_TEXT, TR_LANGUAGE) VALUES ('frontend', 'document.folder', 'Folder', 'en-US');
INSERT INTO OKM_TRANSLATION (TR_MODULE, TR_KEY, TR_TEXT, TR_LANGUAGE) VALUES ('frontend', 'document.size', 'Size', 'en-US');
INSERT INTO OKM_TRANSLATION (TR_MODULE, TR_KEY, TR_TEXT, TR_LANGUAGE) VALUES ('frontend', 'document.created', 'Created', 'en-US');
INSERT INTO OKM_TRANSLATION (TR_MODULE, TR_KEY, TR_TEXT, TR_LANGUAGE) VALUES ('frontend', 'document.lastmodified', 'Modified', 'en-US');
INSERT INTO OKM_TRANSLATION (TR_MODULE, TR_KEY, TR_TEXT, TR_LANGUAGE) VALUES ('frontend', 'document.mimetype', 'MIME type', 'en-US');
INSERT INTO OKM_TRANSLATION (TR_MODULE, TR_KEY, TR_TEXT, TR_LANGUAGE) VALUES ('frontend', 'document.keywords', 'Keywords', 'en-US');
INSERT INTO OKM_TRANSLATION (TR_MODULE, TR_KEY, TR_TEXT, TR_LANGUAGE) VALUES ('frontend', 'document.by', 'by', 'en-US');
INSERT INTO OKM_TRANSLATION (TR_MODULE, TR_KEY, TR_TEXT, TR_LANGUAGE) VALUES ('frontend', 'document.status', 'Status', 'en-US');
INSERT INTO OKM_TRANSLATION (TR_MODULE, TR_KEY, TR_TEXT, TR_LANGUAGE) VALUES ('frontend', 'document.status.checkout', 'Edited by', 'en-US');
INSERT INTO OKM_TRANSLATION (TR_MODULE, TR_KEY, TR_TEXT, TR_LANGUAGE) VALUES ('frontend', 'document.status.locked', 'Locked by', 'en-US');
INSERT INTO OKM_TRANSLATION (TR_MODULE, TR_KEY, TR_TEXT, TR_LANGUAGE) VALUES ('frontend', 'document.status.normal', 'Available', 'en-US');
INSERT INTO OKM_TRANSLATION (TR_MODULE, TR_KEY, TR_TEXT, TR_LANGUAGE) VALUES ('frontend', 'document.subscribed', 'Subscribed', 'en-US');
INSERT INTO OKM_TRANSLATION (TR_MODULE, TR_KEY, TR_TEXT, TR_LANGUAGE) VALUES ('frontend', 'document.subscribed.yes', 'Yes', 'en-US');
INSERT INTO OKM_TRANSLATION (TR_MODULE, TR_KEY, TR_TEXT, TR_LANGUAGE) VALUES ('frontend', 'document.subscribed.no', 'No', 'en-US');
INSERT INTO OKM_TRANSLATION (TR_MODULE, TR_KEY, TR_TEXT, TR_LANGUAGE) VALUES ('frontend', 'document.history.size', 'History size', 'en-US');
INSERT INTO OKM_TRANSLATION (TR_MODULE, TR_KEY, TR_TEXT, TR_LANGUAGE) VALUES ('frontend', 'document.subscribed.users', 'Subscribed users', 'en-US');
INSERT INTO OKM_TRANSLATION (TR_MODULE, TR_KEY, TR_TEXT, TR_LANGUAGE) VALUES ('frontend', 'document.url', 'URL', 'en-US');
INSERT INTO OKM_TRANSLATION (TR_MODULE, TR_KEY, TR_TEXT, TR_LANGUAGE) VALUES ('frontend', 'document.webdav', 'WebDAV', 'en-US');
INSERT INTO OKM_TRANSLATION (TR_MODULE, TR_KEY, TR_TEXT, TR_LANGUAGE) VALUES ('frontend', 'document.add.note', 'Add note', 'en-US');
INSERT INTO OKM_TRANSLATION (TR_MODULE, TR_KEY, TR_TEXT, TR_LANGUAGE) VALUES ('frontend', 'document.keywords.cloud', 'Keywords cloud', 'en-US');
INSERT INTO OKM_TRANSLATION (TR_MODULE, TR_KEY, TR_TEXT, TR_LANGUAGE) VALUES ('frontend', 'document.categories', 'Categories', 'en-US');
INSERT INTO OKM_TRANSLATION (TR_MODULE, TR_KEY, TR_TEXT, TR_LANGUAGE) VALUES ('frontend', 'folder.uuid', 'UUID', 'en-US');
INSERT INTO OKM_TRANSLATION (TR_MODULE, TR_KEY, TR_TEXT, TR_LANGUAGE) VALUES ('frontend', 'folder.name', 'Name', 'en-US');
INSERT INTO OKM_TRANSLATION (TR_MODULE, TR_KEY, TR_TEXT, TR_LANGUAGE) VALUES ('frontend', 'folder.parent', 'Parent', 'en-US');
INSERT INTO OKM_TRANSLATION (TR_MODULE, TR_KEY, TR_TEXT, TR_LANGUAGE) VALUES ('frontend', 'folder.created', 'Created', 'en-US');
INSERT INTO OKM_TRANSLATION (TR_MODULE, TR_KEY, TR_TEXT, TR_LANGUAGE) VALUES ('frontend', 'folder.by', 'by', 'en-US');
INSERT INTO OKM_TRANSLATION (TR_MODULE, TR_KEY, TR_TEXT, TR_LANGUAGE) VALUES ('frontend', 'folder.subscribed', 'Subscribed', 'en-US');
INSERT INTO OKM_TRANSLATION (TR_MODULE, TR_KEY, TR_TEXT, TR_LANGUAGE) VALUES ('frontend', 'folder.subscribed.yes', 'Yes', 'en-US');
INSERT INTO OKM_TRANSLATION (TR_MODULE, TR_KEY, TR_TEXT, TR_LANGUAGE) VALUES ('frontend', 'folder.subscribed.no', 'No', 'en-US');
INSERT INTO OKM_TRANSLATION (TR_MODULE, TR_KEY, TR_TEXT, TR_LANGUAGE) VALUES ('frontend', 'folder.subscribed.users', 'Subscribed users', 'en-US');
INSERT INTO OKM_TRANSLATION (TR_MODULE, TR_KEY, TR_TEXT, TR_LANGUAGE) VALUES ('frontend', 'folder.url', 'URL', 'en-US');
INSERT INTO OKM_TRANSLATION (TR_MODULE, TR_KEY, TR_TEXT, TR_LANGUAGE) VALUES ('frontend', 'folder.webdav', 'WebDAV', 'en-US');
INSERT INTO OKM_TRANSLATION (TR_MODULE, TR_KEY, TR_TEXT, TR_LANGUAGE) VALUES ('frontend', 'folder.number.folders', 'Folders', 'en-US');
INSERT INTO OKM_TRANSLATION (TR_MODULE, TR_KEY, TR_TEXT, TR_LANGUAGE) VALUES ('frontend', 'folder.number.documents', 'Documents', 'en-US');
INSERT INTO OKM_TRANSLATION (TR_MODULE, TR_KEY, TR_TEXT, TR_LANGUAGE) VALUES ('frontend', 'folder.number.mails', 'Mails', 'en-US');
INSERT INTO OKM_TRANSLATION (TR_MODULE, TR_KEY, TR_TEXT, TR_LANGUAGE) VALUES ('frontend', 'version.name', 'Version', 'en-US');
INSERT INTO OKM_TRANSLATION (TR_MODULE, TR_KEY, TR_TEXT, TR_LANGUAGE) VALUES ('frontend', 'version.created', 'Date', 'en-US');
INSERT INTO OKM_TRANSLATION (TR_MODULE, TR_KEY, TR_TEXT, TR_LANGUAGE) VALUES ('frontend', 'version.author', 'Author', 'en-US');
INSERT INTO OKM_TRANSLATION (TR_MODULE, TR_KEY, TR_TEXT, TR_LANGUAGE) VALUES ('frontend', 'version.size', 'Size', 'en-US');
INSERT INTO OKM_TRANSLATION (TR_MODULE, TR_KEY, TR_TEXT, TR_LANGUAGE) VALUES ('frontend', 'version.purge.document', 'Compact history', 'en-US');
INSERT INTO OKM_TRANSLATION (TR_MODULE, TR_KEY, TR_TEXT, TR_LANGUAGE) VALUES ('frontend', 'version.comment', 'Comment', 'en-US');
INSERT INTO OKM_TRANSLATION (TR_MODULE, TR_KEY, TR_TEXT, TR_LANGUAGE) VALUES ('frontend', 'security.label', 'Security', 'en-US');
INSERT INTO OKM_TRANSLATION (TR_MODULE, TR_KEY, TR_TEXT, TR_LANGUAGE) VALUES ('frontend', 'security.group.name', 'Group', 'en-US');
INSERT INTO OKM_TRANSLATION (TR_MODULE, TR_KEY, TR_TEXT, TR_LANGUAGE) VALUES ('frontend', 'security.group.permission.read', 'Read', 'en-US');
INSERT INTO OKM_TRANSLATION (TR_MODULE, TR_KEY, TR_TEXT, TR_LANGUAGE) VALUES ('frontend', 'security.group.permission.write', 'Write', 'en-US');
INSERT INTO OKM_TRANSLATION (TR_MODULE, TR_KEY, TR_TEXT, TR_LANGUAGE) VALUES ('frontend', 'security.group.permission.delete', 'Delete', 'en-US');
INSERT INTO OKM_TRANSLATION (TR_MODULE, TR_KEY, TR_TEXT, TR_LANGUAGE) VALUES ('frontend', 'security.group.permission.security', 'Security', 'en-US');
INSERT INTO OKM_TRANSLATION (TR_MODULE, TR_KEY, TR_TEXT, TR_LANGUAGE) VALUES ('frontend', 'security.user.name', 'User', 'en-US');
INSERT INTO OKM_TRANSLATION (TR_MODULE, TR_KEY, TR_TEXT, TR_LANGUAGE) VALUES ('frontend', 'security.user.permission.read', 'Read', 'en-US');
INSERT INTO OKM_TRANSLATION (TR_MODULE, TR_KEY, TR_TEXT, TR_LANGUAGE) VALUES ('frontend', 'security.user.permission.write', 'Write', 'en-US');
INSERT INTO OKM_TRANSLATION (TR_MODULE, TR_KEY, TR_TEXT, TR_LANGUAGE) VALUES ('frontend', 'security.user.permission.delete', 'Delete', 'en-US');
INSERT INTO OKM_TRANSLATION (TR_MODULE, TR_KEY, TR_TEXT, TR_LANGUAGE) VALUES ('frontend', 'security.user.permission.security', 'Security', 'en-US');
INSERT INTO OKM_TRANSLATION (TR_MODULE, TR_KEY, TR_TEXT, TR_LANGUAGE) VALUES ('frontend', 'security.users', 'Users', 'en-US');
INSERT INTO OKM_TRANSLATION (TR_MODULE, TR_KEY, TR_TEXT, TR_LANGUAGE) VALUES ('frontend', 'security.groups', 'Groups', 'en-US');
INSERT INTO OKM_TRANSLATION (TR_MODULE, TR_KEY, TR_TEXT, TR_LANGUAGE) VALUES ('frontend', 'security.recursive', 'Recursive permission changes', 'en-US');
INSERT INTO OKM_TRANSLATION (TR_MODULE, TR_KEY, TR_TEXT, TR_LANGUAGE) VALUES ('frontend', 'secutiry.filter.by.users', 'Users filter', 'en-US');
INSERT INTO OKM_TRANSLATION (TR_MODULE, TR_KEY, TR_TEXT, TR_LANGUAGE) VALUES ('frontend', 'secutiry.filter.by.groups', 'Groups filter', 'en-US');
INSERT INTO OKM_TRANSLATION (TR_MODULE, TR_KEY, TR_TEXT, TR_LANGUAGE) VALUES ('frontend', 'security.status.updating', 'Updating security', 'en-US');
INSERT INTO OKM_TRANSLATION (TR_MODULE, TR_KEY, TR_TEXT, TR_LANGUAGE) VALUES ('frontend', 'preview.unavailable', 'Preview unavailable', 'en-US');
INSERT INTO OKM_TRANSLATION (TR_MODULE, TR_KEY, TR_TEXT, TR_LANGUAGE) VALUES ('frontend', 'mail.from', 'From', 'en-US');
INSERT INTO OKM_TRANSLATION (TR_MODULE, TR_KEY, TR_TEXT, TR_LANGUAGE) VALUES ('frontend', 'mail.reply', 'Reply to', 'en-US');
INSERT INTO OKM_TRANSLATION (TR_MODULE, TR_KEY, TR_TEXT, TR_LANGUAGE) VALUES ('frontend', 'mail.to', 'To', 'en-US');
INSERT INTO OKM_TRANSLATION (TR_MODULE, TR_KEY, TR_TEXT, TR_LANGUAGE) VALUES ('frontend', 'mail.subject', 'Subject', 'en-US');
INSERT INTO OKM_TRANSLATION (TR_MODULE, TR_KEY, TR_TEXT, TR_LANGUAGE) VALUES ('frontend', 'mail.attachment', 'Attachments', 'en-US');
INSERT INTO OKM_TRANSLATION (TR_MODULE, TR_KEY, TR_TEXT, TR_LANGUAGE) VALUES ('frontend', 'error.label', 'The system has generated an error', 'en-US');
INSERT INTO OKM_TRANSLATION (TR_MODULE, TR_KEY, TR_TEXT, TR_LANGUAGE) VALUES ('frontend', 'error.invocation', 'Error when communicating with server', 'en-US');
INSERT INTO OKM_TRANSLATION (TR_MODULE, TR_KEY, TR_TEXT, TR_LANGUAGE) VALUES ('frontend', 'about.label', 'About OpenKM', 'en-US');
INSERT INTO OKM_TRANSLATION (TR_MODULE, TR_KEY, TR_TEXT, TR_LANGUAGE) VALUES ('frontend', 'about.loading', 'Loading ...', 'en-US');
INSERT INTO OKM_TRANSLATION (TR_MODULE, TR_KEY, TR_TEXT, TR_LANGUAGE) VALUES ('frontend', 'logout.label', 'Exit', 'en-US');
INSERT INTO OKM_TRANSLATION (TR_MODULE, TR_KEY, TR_TEXT, TR_LANGUAGE) VALUES ('frontend', 'logout.closed', 'OpenKM has been closed correctly.', 'en-US');
INSERT INTO OKM_TRANSLATION (TR_MODULE, TR_KEY, TR_TEXT, TR_LANGUAGE) VALUES ('frontend', 'logout.logout', 'OpenKM is logging out,  please wait', 'en-US');
INSERT INTO OKM_TRANSLATION (TR_MODULE, TR_KEY, TR_TEXT, TR_LANGUAGE) VALUES ('frontend', 'confirm.label', 'Confirmation', 'en-US');
INSERT INTO OKM_TRANSLATION (TR_MODULE, TR_KEY, TR_TEXT, TR_LANGUAGE) VALUES ('frontend', 'confirm.delete.folder', 'Do you really want to delete folder ?', 'en-US');
INSERT INTO OKM_TRANSLATION (TR_MODULE, TR_KEY, TR_TEXT, TR_LANGUAGE) VALUES ('frontend', 'confirm.delete.document', 'Do you really want to delete document ?', 'en-US');
INSERT INTO OKM_TRANSLATION (TR_MODULE, TR_KEY, TR_TEXT, TR_LANGUAGE) VALUES ('frontend', 'confirm.delete.trash', 'Do you really want to empty trash ?', 'en-US');
INSERT INTO OKM_TRANSLATION (TR_MODULE, TR_KEY, TR_TEXT, TR_LANGUAGE) VALUES ('frontend', 'confirm.purge.folder', 'Do you really want to delete folder ?', 'en-US');
INSERT INTO OKM_TRANSLATION (TR_MODULE, TR_KEY, TR_TEXT, TR_LANGUAGE) VALUES ('frontend', 'confirm.purge.document', 'Do you really want to delete document ?', 'en-US');
INSERT INTO OKM_TRANSLATION (TR_MODULE, TR_KEY, TR_TEXT, TR_LANGUAGE) VALUES ('frontend', 'confirm.delete.propety.group', 'Do you really want to delete property group ?', 'en-US');
INSERT INTO OKM_TRANSLATION (TR_MODULE, TR_KEY, TR_TEXT, TR_LANGUAGE) VALUES ('frontend', 'confirm.purge.version.history.document', 'Do you really want to delete document history ?', 'en-US');
INSERT INTO OKM_TRANSLATION (TR_MODULE, TR_KEY, TR_TEXT, TR_LANGUAGE) VALUES ('frontend', 'confirm.purge.restore.document', 'Do you really want to restore to this document version ?', 'en-US');
INSERT INTO OKM_TRANSLATION (TR_MODULE, TR_KEY, TR_TEXT, TR_LANGUAGE) VALUES ('frontend', 'confirm.set.default.home', 'Do you really want to set default home ?', 'en-US');
INSERT INTO OKM_TRANSLATION (TR_MODULE, TR_KEY, TR_TEXT, TR_LANGUAGE) VALUES ('frontend', 'confirm.delete.saved.search', 'Do you really want to delete saved search ?', 'en-US');
INSERT INTO OKM_TRANSLATION (TR_MODULE, TR_KEY, TR_TEXT, TR_LANGUAGE) VALUES ('frontend', 'confirm.delete.user.news', 'Do you really want to delete user news ?', 'en-US');
INSERT INTO OKM_TRANSLATION (TR_MODULE, TR_KEY, TR_TEXT, TR_LANGUAGE) VALUES ('frontend', 'confirm.delete.mail', 'Do you really want to delete mail ?', 'en-US');
INSERT INTO OKM_TRANSLATION (TR_MODULE, TR_KEY, TR_TEXT, TR_LANGUAGE) VALUES ('frontend', 'confirm.get.pooled.workflow.task', 'Do you want to assign this task to you ?', 'en-US');
INSERT INTO OKM_TRANSLATION (TR_MODULE, TR_KEY, TR_TEXT, TR_LANGUAGE) VALUES ('frontend', 'confirm.force.unlock', 'Do you really want to force the document unlock ?', 'en-US');
INSERT INTO OKM_TRANSLATION (TR_MODULE, TR_KEY, TR_TEXT, TR_LANGUAGE) VALUES ('frontend', 'confirm.force.cancel.checkout', 'Do you really want to force the document cancel checkout ?', 'en-US');
INSERT INTO OKM_TRANSLATION (TR_MODULE, TR_KEY, TR_TEXT, TR_LANGUAGE) VALUES ('frontend', 'search.context', 'Context', 'en-US');
INSERT INTO OKM_TRANSLATION (TR_MODULE, TR_KEY, TR_TEXT, TR_LANGUAGE) VALUES ('frontend', 'search.content', 'Content', 'en-US');
INSERT INTO OKM_TRANSLATION (TR_MODULE, TR_KEY, TR_TEXT, TR_LANGUAGE) VALUES ('frontend', 'search.name', 'Name', 'en-US');
INSERT INTO OKM_TRANSLATION (TR_MODULE, TR_KEY, TR_TEXT, TR_LANGUAGE) VALUES ('frontend', 'search.keywords', 'Keywords', 'en-US');
INSERT INTO OKM_TRANSLATION (TR_MODULE, TR_KEY, TR_TEXT, TR_LANGUAGE) VALUES ('frontend', 'search.folder', 'Folder', 'en-US');
INSERT INTO OKM_TRANSLATION (TR_MODULE, TR_KEY, TR_TEXT, TR_LANGUAGE) VALUES ('frontend', 'search.category', 'Category', 'en-US');
INSERT INTO OKM_TRANSLATION (TR_MODULE, TR_KEY, TR_TEXT, TR_LANGUAGE) VALUES ('frontend', 'search.results', 'Results', 'en-US');
INSERT INTO OKM_TRANSLATION (TR_MODULE, TR_KEY, TR_TEXT, TR_LANGUAGE) VALUES ('frontend', 'search.to', 'to', 'en-US');
INSERT INTO OKM_TRANSLATION (TR_MODULE, TR_KEY, TR_TEXT, TR_LANGUAGE) VALUES ('frontend', 'search.page.results', 'Page results', 'en-US');
INSERT INTO OKM_TRANSLATION (TR_MODULE, TR_KEY, TR_TEXT, TR_LANGUAGE) VALUES ('frontend', 'search.add.property.group', 'Add property group', 'en-US');
INSERT INTO OKM_TRANSLATION (TR_MODULE, TR_KEY, TR_TEXT, TR_LANGUAGE) VALUES ('frontend', 'search.mimetype', 'MIME type', 'en-US');
INSERT INTO OKM_TRANSLATION (TR_MODULE, TR_KEY, TR_TEXT, TR_LANGUAGE) VALUES ('frontend', 'search.type', 'Type', 'en-US');
INSERT INTO OKM_TRANSLATION (TR_MODULE, TR_KEY, TR_TEXT, TR_LANGUAGE) VALUES ('frontend', 'search.type.document', 'Document', 'en-US');
INSERT INTO OKM_TRANSLATION (TR_MODULE, TR_KEY, TR_TEXT, TR_LANGUAGE) VALUES ('frontend', 'search.type.folder', 'Folder', 'en-US');
INSERT INTO OKM_TRANSLATION (TR_MODULE, TR_KEY, TR_TEXT, TR_LANGUAGE) VALUES ('frontend', 'search.type.mail', 'Mail', 'en-US');
INSERT INTO OKM_TRANSLATION (TR_MODULE, TR_KEY, TR_TEXT, TR_LANGUAGE) VALUES ('frontend', 'search.advanced', 'Advanced search', 'en-US');
INSERT INTO OKM_TRANSLATION (TR_MODULE, TR_KEY, TR_TEXT, TR_LANGUAGE) VALUES ('frontend', 'search.user', 'User', 'en-US');
INSERT INTO OKM_TRANSLATION (TR_MODULE, TR_KEY, TR_TEXT, TR_LANGUAGE) VALUES ('frontend', 'search.date.and', 'and', 'en-US');
INSERT INTO OKM_TRANSLATION (TR_MODULE, TR_KEY, TR_TEXT, TR_LANGUAGE) VALUES ('frontend', 'search.date.range', 'Date range between', 'en-US');
INSERT INTO OKM_TRANSLATION (TR_MODULE, TR_KEY, TR_TEXT, TR_LANGUAGE) VALUES ('frontend', 'search.save.as.news', 'Save as user news', 'en-US');
INSERT INTO OKM_TRANSLATION (TR_MODULE, TR_KEY, TR_TEXT, TR_LANGUAGE) VALUES ('frontend', 'search.folder.filter', 'Filter by folder', 'en-US');
INSERT INTO OKM_TRANSLATION (TR_MODULE, TR_KEY, TR_TEXT, TR_LANGUAGE) VALUES ('frontend', 'search.category.filter', 'Filter by category', 'en-US');
INSERT INTO OKM_TRANSLATION (TR_MODULE, TR_KEY, TR_TEXT, TR_LANGUAGE) VALUES ('frontend', 'search.result.name', 'Name', 'en-US');
INSERT INTO OKM_TRANSLATION (TR_MODULE, TR_KEY, TR_TEXT, TR_LANGUAGE) VALUES ('frontend', 'search.result.score', 'Relevance', 'en-US');
INSERT INTO OKM_TRANSLATION (TR_MODULE, TR_KEY, TR_TEXT, TR_LANGUAGE) VALUES ('frontend', 'search.result.size', 'Size', 'en-US');
INSERT INTO OKM_TRANSLATION (TR_MODULE, TR_KEY, TR_TEXT, TR_LANGUAGE) VALUES ('frontend', 'search.result.date.update', 'Update date', 'en-US');
INSERT INTO OKM_TRANSLATION (TR_MODULE, TR_KEY, TR_TEXT, TR_LANGUAGE) VALUES ('frontend', 'search.result.author', 'Author', 'en-US');
INSERT INTO OKM_TRANSLATION (TR_MODULE, TR_KEY, TR_TEXT, TR_LANGUAGE) VALUES ('frontend', 'search.result.version', 'Version', 'en-US');
INSERT INTO OKM_TRANSLATION (TR_MODULE, TR_KEY, TR_TEXT, TR_LANGUAGE) VALUES ('frontend', 'search.result.path', 'Path', 'en-US');
INSERT INTO OKM_TRANSLATION (TR_MODULE, TR_KEY, TR_TEXT, TR_LANGUAGE) VALUES ('frontend', 'search.result.menu.download', 'Download', 'en-US');
INSERT INTO OKM_TRANSLATION (TR_MODULE, TR_KEY, TR_TEXT, TR_LANGUAGE) VALUES ('frontend', 'search.result.menu.go.folder', 'Go to folder', 'en-US');
INSERT INTO OKM_TRANSLATION (TR_MODULE, TR_KEY, TR_TEXT, TR_LANGUAGE) VALUES ('frontend', 'search.result.menu.go.document', 'Go to document', 'en-US');
INSERT INTO OKM_TRANSLATION (TR_MODULE, TR_KEY, TR_TEXT, TR_LANGUAGE) VALUES ('frontend', 'search.result.status.findPaginated', 'Updating search', 'en-US');
INSERT INTO OKM_TRANSLATION (TR_MODULE, TR_KEY, TR_TEXT, TR_LANGUAGE) VALUES ('frontend', 'search.result.status.runsearch', 'Updating saved search', 'en-US');
INSERT INTO OKM_TRANSLATION (TR_MODULE, TR_KEY, TR_TEXT, TR_LANGUAGE) VALUES ('frontend', 'search.saved.run', 'Run', 'en-US');
INSERT INTO OKM_TRANSLATION (TR_MODULE, TR_KEY, TR_TEXT, TR_LANGUAGE) VALUES ('frontend', 'search.saved.delete', 'Delete', 'en-US');
INSERT INTO OKM_TRANSLATION (TR_MODULE, TR_KEY, TR_TEXT, TR_LANGUAGE) VALUES ('frontend', 'search.saved.status.getsearchs', 'Refreshing saved searches', 'en-US');
INSERT INTO OKM_TRANSLATION (TR_MODULE, TR_KEY, TR_TEXT, TR_LANGUAGE) VALUES ('frontend', 'search.saved.status.savesearch', 'Updating saved search', 'en-US');
INSERT INTO OKM_TRANSLATION (TR_MODULE, TR_KEY, TR_TEXT, TR_LANGUAGE) VALUES ('frontend', 'search.saved.status.deletesearch', 'Deleting saved search', 'en-US');
INSERT INTO OKM_TRANSLATION (TR_MODULE, TR_KEY, TR_TEXT, TR_LANGUAGE) VALUES ('frontend', 'search.saved.status.getusernews', 'Refreshing user news', 'en-US');
INSERT INTO OKM_TRANSLATION (TR_MODULE, TR_KEY, TR_TEXT, TR_LANGUAGE) VALUES ('frontend', 'button.close', 'Close', 'en-US');
INSERT INTO OKM_TRANSLATION (TR_MODULE, TR_KEY, TR_TEXT, TR_LANGUAGE) VALUES ('frontend', 'button.logout', 'Logout', 'en-US');
INSERT INTO OKM_TRANSLATION (TR_MODULE, TR_KEY, TR_TEXT, TR_LANGUAGE) VALUES ('frontend', 'button.update', 'Update', 'en-US');
INSERT INTO OKM_TRANSLATION (TR_MODULE, TR_KEY, TR_TEXT, TR_LANGUAGE) VALUES ('frontend', 'button.cancel', 'Cancel', 'en-US');
INSERT INTO OKM_TRANSLATION (TR_MODULE, TR_KEY, TR_TEXT, TR_LANGUAGE) VALUES ('frontend', 'button.accept', 'Accept', 'en-US');
INSERT INTO OKM_TRANSLATION (TR_MODULE, TR_KEY, TR_TEXT, TR_LANGUAGE) VALUES ('frontend', 'button.restore', 'Restore', 'en-US');
INSERT INTO OKM_TRANSLATION (TR_MODULE, TR_KEY, TR_TEXT, TR_LANGUAGE) VALUES ('frontend', 'button.move', 'Move', 'en-US');
INSERT INTO OKM_TRANSLATION (TR_MODULE, TR_KEY, TR_TEXT, TR_LANGUAGE) VALUES ('frontend', 'button.change', 'Change', 'en-US');
INSERT INTO OKM_TRANSLATION (TR_MODULE, TR_KEY, TR_TEXT, TR_LANGUAGE) VALUES ('frontend', 'button.search', 'Search', 'en-US');
INSERT INTO OKM_TRANSLATION (TR_MODULE, TR_KEY, TR_TEXT, TR_LANGUAGE) VALUES ('frontend', 'button.save.search', 'Save search', 'en-US');
INSERT INTO OKM_TRANSLATION (TR_MODULE, TR_KEY, TR_TEXT, TR_LANGUAGE) VALUES ('frontend', 'button.view', 'View', 'en-US');
INSERT INTO OKM_TRANSLATION (TR_MODULE, TR_KEY, TR_TEXT, TR_LANGUAGE) VALUES ('frontend', 'button.clean', 'Clean', 'en-US');
INSERT INTO OKM_TRANSLATION (TR_MODULE, TR_KEY, TR_TEXT, TR_LANGUAGE) VALUES ('frontend', 'button.add', 'Add', 'en-US');
INSERT INTO OKM_TRANSLATION (TR_MODULE, TR_KEY, TR_TEXT, TR_LANGUAGE) VALUES ('frontend', 'button.delete', 'Delete', 'en-US');
INSERT INTO OKM_TRANSLATION (TR_MODULE, TR_KEY, TR_TEXT, TR_LANGUAGE) VALUES ('frontend', 'button.copy', 'Copy', 'en-US');
INSERT INTO OKM_TRANSLATION (TR_MODULE, TR_KEY, TR_TEXT, TR_LANGUAGE) VALUES ('frontend', 'button.create', 'Create', 'en-US');
INSERT INTO OKM_TRANSLATION (TR_MODULE, TR_KEY, TR_TEXT, TR_LANGUAGE) VALUES ('frontend', 'button.show', 'Show', 'en-US');
INSERT INTO OKM_TRANSLATION (TR_MODULE, TR_KEY, TR_TEXT, TR_LANGUAGE) VALUES ('frontend', 'button.memory', 'Update', 'en-US');
INSERT INTO OKM_TRANSLATION (TR_MODULE, TR_KEY, TR_TEXT, TR_LANGUAGE) VALUES ('frontend', 'button.copy.clipboard', 'Copy to clipboard', 'en-US');
INSERT INTO OKM_TRANSLATION (TR_MODULE, TR_KEY, TR_TEXT, TR_LANGUAGE) VALUES ('frontend', 'button.start', 'Start', 'en-US');
INSERT INTO OKM_TRANSLATION (TR_MODULE, TR_KEY, TR_TEXT, TR_LANGUAGE) VALUES ('frontend', 'button.select', 'Select', 'en-US');
INSERT INTO OKM_TRANSLATION (TR_MODULE, TR_KEY, TR_TEXT, TR_LANGUAGE) VALUES ('frontend', 'button.test', 'Test', 'en-US');
INSERT INTO OKM_TRANSLATION (TR_MODULE, TR_KEY, TR_TEXT, TR_LANGUAGE) VALUES ('frontend', 'button.next', 'Next', 'en-US');
INSERT INTO OKM_TRANSLATION (TR_MODULE, TR_KEY, TR_TEXT, TR_LANGUAGE) VALUES ('frontend', 'group.label', 'Add property group', 'en-US');
INSERT INTO OKM_TRANSLATION (TR_MODULE, TR_KEY, TR_TEXT, TR_LANGUAGE) VALUES ('frontend', 'group.group', 'Group', 'en-US');
INSERT INTO OKM_TRANSLATION (TR_MODULE, TR_KEY, TR_TEXT, TR_LANGUAGE) VALUES ('frontend', 'group.property.group', 'Property', 'en-US');
INSERT INTO OKM_TRANSLATION (TR_MODULE, TR_KEY, TR_TEXT, TR_LANGUAGE) VALUES ('frontend', 'bookmark.label', 'Add bookmark', 'en-US');
INSERT INTO OKM_TRANSLATION (TR_MODULE, TR_KEY, TR_TEXT, TR_LANGUAGE) VALUES ('frontend', 'bookmark.name', 'Name', 'en-US');
INSERT INTO OKM_TRANSLATION (TR_MODULE, TR_KEY, TR_TEXT, TR_LANGUAGE) VALUES ('frontend', 'bookmark.edit.label', 'Edit bookmarks', 'en-US');
INSERT INTO OKM_TRANSLATION (TR_MODULE, TR_KEY, TR_TEXT, TR_LANGUAGE) VALUES ('frontend', 'bookmark.path', 'Path', 'en-US');
INSERT INTO OKM_TRANSLATION (TR_MODULE, TR_KEY, TR_TEXT, TR_LANGUAGE) VALUES ('frontend', 'bookmark.type', 'Type', 'en-US');
INSERT INTO OKM_TRANSLATION (TR_MODULE, TR_KEY, TR_TEXT, TR_LANGUAGE) VALUES ('frontend', 'bookmark.type.document', 'Document', 'en-US');
INSERT INTO OKM_TRANSLATION (TR_MODULE, TR_KEY, TR_TEXT, TR_LANGUAGE) VALUES ('frontend', 'bookmark.type.folder', 'Folder', 'en-US');
INSERT INTO OKM_TRANSLATION (TR_MODULE, TR_KEY, TR_TEXT, TR_LANGUAGE) VALUES ('frontend', 'notify.label', 'Sending document link', 'en-US');
INSERT INTO OKM_TRANSLATION (TR_MODULE, TR_KEY, TR_TEXT, TR_LANGUAGE) VALUES ('frontend', 'notify.label.attachment', 'Send document attachment', 'en-US');
INSERT INTO OKM_TRANSLATION (TR_MODULE, TR_KEY, TR_TEXT, TR_LANGUAGE) VALUES ('frontend', 'status.document.copied', 'Document marked to copy', 'en-US');
INSERT INTO OKM_TRANSLATION (TR_MODULE, TR_KEY, TR_TEXT, TR_LANGUAGE) VALUES ('frontend', 'status.document.cut', 'Document marked to cut', 'en-US');
INSERT INTO OKM_TRANSLATION (TR_MODULE, TR_KEY, TR_TEXT, TR_LANGUAGE) VALUES ('frontend', 'status.folder.copied', 'Folder marked to copy', 'en-US');
INSERT INTO OKM_TRANSLATION (TR_MODULE, TR_KEY, TR_TEXT, TR_LANGUAGE) VALUES ('frontend', 'status.folder.cut', 'Folder marked to cut', 'en-US');
INSERT INTO OKM_TRANSLATION (TR_MODULE, TR_KEY, TR_TEXT, TR_LANGUAGE) VALUES ('frontend', 'status.keep.alive.error', 'Detected lost connection to server (keep alive)', 'en-US');
INSERT INTO OKM_TRANSLATION (TR_MODULE, TR_KEY, TR_TEXT, TR_LANGUAGE) VALUES ('frontend', 'status.debug.enabled', 'Debug enabled', 'en-US');
INSERT INTO OKM_TRANSLATION (TR_MODULE, TR_KEY, TR_TEXT, TR_LANGUAGE) VALUES ('frontend', 'status.debug.disabled', 'Debug disabled', 'en-US');
INSERT INTO OKM_TRANSLATION (TR_MODULE, TR_KEY, TR_TEXT, TR_LANGUAGE) VALUES ('frontend', 'status.network.error.detected', 'Network error detected', 'en-US');
INSERT INTO OKM_TRANSLATION (TR_MODULE, TR_KEY, TR_TEXT, TR_LANGUAGE) VALUES ('frontend', 'calendar.day.sunday', 'Sunday', 'en-US');
INSERT INTO OKM_TRANSLATION (TR_MODULE, TR_KEY, TR_TEXT, TR_LANGUAGE) VALUES ('frontend', 'calendar.day.monday', 'Monday', 'en-US');
INSERT INTO OKM_TRANSLATION (TR_MODULE, TR_KEY, TR_TEXT, TR_LANGUAGE) VALUES ('frontend', 'calendar.day.tuesday', 'Tuesday', 'en-US');
INSERT INTO OKM_TRANSLATION (TR_MODULE, TR_KEY, TR_TEXT, TR_LANGUAGE) VALUES ('frontend', 'calendar.day.wednesday', 'Wednesday', 'en-US');
INSERT INTO OKM_TRANSLATION (TR_MODULE, TR_KEY, TR_TEXT, TR_LANGUAGE) VALUES ('frontend', 'calendar.day.thursday', 'Thursday', 'en-US');
INSERT INTO OKM_TRANSLATION (TR_MODULE, TR_KEY, TR_TEXT, TR_LANGUAGE) VALUES ('frontend', 'calendar.day.friday', 'Friday', 'en-US');
INSERT INTO OKM_TRANSLATION (TR_MODULE, TR_KEY, TR_TEXT, TR_LANGUAGE) VALUES ('frontend', 'calendar.day.saturday', 'Saturday', 'en-US');
INSERT INTO OKM_TRANSLATION (TR_MODULE, TR_KEY, TR_TEXT, TR_LANGUAGE) VALUES ('frontend', 'calendar.month.january', 'January', 'en-US');
INSERT INTO OKM_TRANSLATION (TR_MODULE, TR_KEY, TR_TEXT, TR_LANGUAGE) VALUES ('frontend', 'calendar.month.february', 'February', 'en-US');
INSERT INTO OKM_TRANSLATION (TR_MODULE, TR_KEY, TR_TEXT, TR_LANGUAGE) VALUES ('frontend', 'calendar.month.march', 'March', 'en-US');
INSERT INTO OKM_TRANSLATION (TR_MODULE, TR_KEY, TR_TEXT, TR_LANGUAGE) VALUES ('frontend', 'calendar.month.april', 'April', 'en-US');
INSERT INTO OKM_TRANSLATION (TR_MODULE, TR_KEY, TR_TEXT, TR_LANGUAGE) VALUES ('frontend', 'calendar.month.may', 'May', 'en-US');
INSERT INTO OKM_TRANSLATION (TR_MODULE, TR_KEY, TR_TEXT, TR_LANGUAGE) VALUES ('frontend', 'calendar.month.june', 'June', 'en-US');
INSERT INTO OKM_TRANSLATION (TR_MODULE, TR_KEY, TR_TEXT, TR_LANGUAGE) VALUES ('frontend', 'calendar.month.july', 'July', 'en-US');
INSERT INTO OKM_TRANSLATION (TR_MODULE, TR_KEY, TR_TEXT, TR_LANGUAGE) VALUES ('frontend', 'calendar.month.august', 'August', 'en-US');
INSERT INTO OKM_TRANSLATION (TR_MODULE, TR_KEY, TR_TEXT, TR_LANGUAGE) VALUES ('frontend', 'calendar.month.september', 'September', 'en-US');
INSERT INTO OKM_TRANSLATION (TR_MODULE, TR_KEY, TR_TEXT, TR_LANGUAGE) VALUES ('frontend', 'calendar.month.october', 'October', 'en-US');
INSERT INTO OKM_TRANSLATION (TR_MODULE, TR_KEY, TR_TEXT, TR_LANGUAGE) VALUES ('frontend', 'calendar.month.november', 'November', 'en-US');
INSERT INTO OKM_TRANSLATION (TR_MODULE, TR_KEY, TR_TEXT, TR_LANGUAGE) VALUES ('frontend', 'calendar.month.december', 'December', 'en-US');
INSERT INTO OKM_TRANSLATION (TR_MODULE, TR_KEY, TR_TEXT, TR_LANGUAGE) VALUES ('frontend', 'media.player.label', 'Media player', 'en-US');
INSERT INTO OKM_TRANSLATION (TR_MODULE, TR_KEY, TR_TEXT, TR_LANGUAGE) VALUES ('frontend', 'image.viewer.label', 'Image viewer', 'en-US');
INSERT INTO OKM_TRANSLATION (TR_MODULE, TR_KEY, TR_TEXT, TR_LANGUAGE) VALUES ('frontend', 'image.viewer.zoom.in', 'Zoom in', 'en-US');
INSERT INTO OKM_TRANSLATION (TR_MODULE, TR_KEY, TR_TEXT, TR_LANGUAGE) VALUES ('frontend', 'image.viewer.zoom.out', 'Zoom out', 'en-US');
INSERT INTO OKM_TRANSLATION (TR_MODULE, TR_KEY, TR_TEXT, TR_LANGUAGE) VALUES ('frontend', 'debug.console.label', 'Debug console', 'en-US');
INSERT INTO OKM_TRANSLATION (TR_MODULE, TR_KEY, TR_TEXT, TR_LANGUAGE) VALUES ('frontend', 'debug.enable.disable', 'CTRL+Z to enable or disable debug mode', 'en-US');
INSERT INTO OKM_TRANSLATION (TR_MODULE, TR_KEY, TR_TEXT, TR_LANGUAGE) VALUES ('frontend', 'dashboard.tab.general', 'General', 'en-US');
INSERT INTO OKM_TRANSLATION (TR_MODULE, TR_KEY, TR_TEXT, TR_LANGUAGE) VALUES ('frontend', 'dashboard.tab.news', 'News', 'en-US');
INSERT INTO OKM_TRANSLATION (TR_MODULE, TR_KEY, TR_TEXT, TR_LANGUAGE) VALUES ('frontend', 'dashboard.tab.user', 'User', 'en-US');
INSERT INTO OKM_TRANSLATION (TR_MODULE, TR_KEY, TR_TEXT, TR_LANGUAGE) VALUES ('frontend', 'dashboard.tab.workflow', 'Workflow', 'en-US');
INSERT INTO OKM_TRANSLATION (TR_MODULE, TR_KEY, TR_TEXT, TR_LANGUAGE) VALUES ('frontend', 'dashboard.tab.mail', 'Mail', 'en-US');
INSERT INTO OKM_TRANSLATION (TR_MODULE, TR_KEY, TR_TEXT, TR_LANGUAGE) VALUES ('frontend', 'dashboard.tab.keymap', 'Keyword map', 'en-US');
INSERT INTO OKM_TRANSLATION (TR_MODULE, TR_KEY, TR_TEXT, TR_LANGUAGE) VALUES ('frontend', 'dashboard.new.items', 'New', 'en-US');
INSERT INTO OKM_TRANSLATION (TR_MODULE, TR_KEY, TR_TEXT, TR_LANGUAGE) VALUES ('frontend', 'dashboard.user.locked.documents', 'Locked documents', 'en-US');
INSERT INTO OKM_TRANSLATION (TR_MODULE, TR_KEY, TR_TEXT, TR_LANGUAGE) VALUES ('frontend', 'dashboard.user.checkout.documents', 'Checkout documents', 'en-US');
INSERT INTO OKM_TRANSLATION (TR_MODULE, TR_KEY, TR_TEXT, TR_LANGUAGE) VALUES ('frontend', 'dashboard.user.last.modified.documents', 'Last modified documents', 'en-US');
INSERT INTO OKM_TRANSLATION (TR_MODULE, TR_KEY, TR_TEXT, TR_LANGUAGE) VALUES ('frontend', 'dashboard.user.last.downloaded.documents', 'Last downloaded documents', 'en-US');
INSERT INTO OKM_TRANSLATION (TR_MODULE, TR_KEY, TR_TEXT, TR_LANGUAGE) VALUES ('frontend', 'dashboard.user.subscribed.documents', 'Subscribed documents', 'en-US');
INSERT INTO OKM_TRANSLATION (TR_MODULE, TR_KEY, TR_TEXT, TR_LANGUAGE) VALUES ('frontend', 'dashboard.user.subscribed.folders', 'Subscribed folders', 'en-US');
INSERT INTO OKM_TRANSLATION (TR_MODULE, TR_KEY, TR_TEXT, TR_LANGUAGE) VALUES ('frontend', 'dashboard.user.last.uploaded.documents', 'Last uploaded documents', 'en-US');
INSERT INTO OKM_TRANSLATION (TR_MODULE, TR_KEY, TR_TEXT, TR_LANGUAGE) VALUES ('frontend', 'dashboard.general.last.week.top.downloaded.documents', 'Last week top viewed documents', 'en-US');
INSERT INTO OKM_TRANSLATION (TR_MODULE, TR_KEY, TR_TEXT, TR_LANGUAGE) VALUES ('frontend', 'dashboard.general.last.month.top.downloaded.documents', 'Last month top viewed documents', 'en-US');
INSERT INTO OKM_TRANSLATION (TR_MODULE, TR_KEY, TR_TEXT, TR_LANGUAGE) VALUES ('frontend', 'dashboard.general.last.week.top.modified.documents', 'Last week top modified documents', 'en-US');
INSERT INTO OKM_TRANSLATION (TR_MODULE, TR_KEY, TR_TEXT, TR_LANGUAGE) VALUES ('frontend', 'dashboard.general.last.month.top.modified.documents', 'Last month top viewed documents', 'en-US');
INSERT INTO OKM_TRANSLATION (TR_MODULE, TR_KEY, TR_TEXT, TR_LANGUAGE) VALUES ('frontend', 'dashboard.general.last.uploaded.documents', 'Last uploaded documents', 'en-US');
INSERT INTO OKM_TRANSLATION (TR_MODULE, TR_KEY, TR_TEXT, TR_LANGUAGE) VALUES ('frontend', 'dashboard.workflow.pending.tasks', 'Pending tasks', 'en-US');
INSERT INTO OKM_TRANSLATION (TR_MODULE, TR_KEY, TR_TEXT, TR_LANGUAGE) VALUES ('frontend', 'dashboard.workflow.pending.tasks.unassigned', 'Unassigned pending tasks', 'en-US');
INSERT INTO OKM_TRANSLATION (TR_MODULE, TR_KEY, TR_TEXT, TR_LANGUAGE) VALUES ('frontend', 'dashboard.workflow.task', 'Task', 'en-US');
INSERT INTO OKM_TRANSLATION (TR_MODULE, TR_KEY, TR_TEXT, TR_LANGUAGE) VALUES ('frontend', 'dashboard.workflow.task.id', 'ID', 'en-US');
INSERT INTO OKM_TRANSLATION (TR_MODULE, TR_KEY, TR_TEXT, TR_LANGUAGE) VALUES ('frontend', 'dashboard.workflow.task.name', 'Name', 'en-US');
INSERT INTO OKM_TRANSLATION (TR_MODULE, TR_KEY, TR_TEXT, TR_LANGUAGE) VALUES ('frontend', 'dashboard.workflow.task.created', 'Creation date', 'en-US');
INSERT INTO OKM_TRANSLATION (TR_MODULE, TR_KEY, TR_TEXT, TR_LANGUAGE) VALUES ('frontend', 'dashboard.workflow.task.start', 'Start date', 'en-US');
INSERT INTO OKM_TRANSLATION (TR_MODULE, TR_KEY, TR_TEXT, TR_LANGUAGE) VALUES ('frontend', 'dashboard.workflow.task.duedate', 'Due date', 'en-US');
INSERT INTO OKM_TRANSLATION (TR_MODULE, TR_KEY, TR_TEXT, TR_LANGUAGE) VALUES ('frontend', 'dashboard.workflow.task.end', 'End date', 'en-US');
INSERT INTO OKM_TRANSLATION (TR_MODULE, TR_KEY, TR_TEXT, TR_LANGUAGE) VALUES ('frontend', 'dashboard.workflow.task.description', 'Description', 'en-US');
INSERT INTO OKM_TRANSLATION (TR_MODULE, TR_KEY, TR_TEXT, TR_LANGUAGE) VALUES ('frontend', 'dashboard.workflow.task.process.instance', 'Process instance', 'en-US');
INSERT INTO OKM_TRANSLATION (TR_MODULE, TR_KEY, TR_TEXT, TR_LANGUAGE) VALUES ('frontend', 'dashboard.workflow.task.process.id', 'ID', 'en-US');
INSERT INTO OKM_TRANSLATION (TR_MODULE, TR_KEY, TR_TEXT, TR_LANGUAGE) VALUES ('frontend', 'dashboard.workflow.task.process.version', 'Version', 'en-US');
INSERT INTO OKM_TRANSLATION (TR_MODULE, TR_KEY, TR_TEXT, TR_LANGUAGE) VALUES ('frontend', 'dashboard.workflow.task.process.name', 'Name', 'en-US');
INSERT INTO OKM_TRANSLATION (TR_MODULE, TR_KEY, TR_TEXT, TR_LANGUAGE) VALUES ('frontend', 'dashboard.workflow.task.process.description', 'Description', 'en-US');
INSERT INTO OKM_TRANSLATION (TR_MODULE, TR_KEY, TR_TEXT, TR_LANGUAGE) VALUES ('frontend', 'dashboard.workflow.task.process.data', 'Data', 'en-US');
INSERT INTO OKM_TRANSLATION (TR_MODULE, TR_KEY, TR_TEXT, TR_LANGUAGE) VALUES ('frontend', 'dashboard.workflow.comments', 'Comments', 'en-US');
INSERT INTO OKM_TRANSLATION (TR_MODULE, TR_KEY, TR_TEXT, TR_LANGUAGE) VALUES ('frontend', 'dashboard.workflow.task.process.forms', 'Form', 'en-US');
INSERT INTO OKM_TRANSLATION (TR_MODULE, TR_KEY, TR_TEXT, TR_LANGUAGE) VALUES ('frontend', 'dashboard.workflow.add.comment', 'Add comment', 'en-US');
INSERT INTO OKM_TRANSLATION (TR_MODULE, TR_KEY, TR_TEXT, TR_LANGUAGE) VALUES ('frontend', 'dashboard.workflow.task.process.definition', 'Process definition', 'en-US');
INSERT INTO OKM_TRANSLATION (TR_MODULE, TR_KEY, TR_TEXT, TR_LANGUAGE) VALUES ('frontend', 'dashboard.workflow.task.process.path', 'Path', 'en-US');
INSERT INTO OKM_TRANSLATION (TR_MODULE, TR_KEY, TR_TEXT, TR_LANGUAGE) VALUES ('frontend', 'dashboard.refreshing', 'Refreshing', 'en-US');
INSERT INTO OKM_TRANSLATION (TR_MODULE, TR_KEY, TR_TEXT, TR_LANGUAGE) VALUES ('frontend', 'dashboard.keyword', 'Keywords', 'en-US');
INSERT INTO OKM_TRANSLATION (TR_MODULE, TR_KEY, TR_TEXT, TR_LANGUAGE) VALUES ('frontend', 'dashboard.keyword.suggest', 'Type the keyword', 'en-US');
INSERT INTO OKM_TRANSLATION (TR_MODULE, TR_KEY, TR_TEXT, TR_LANGUAGE) VALUES ('frontend', 'dashboard.keyword.all', 'All keywords', 'en-US');
INSERT INTO OKM_TRANSLATION (TR_MODULE, TR_KEY, TR_TEXT, TR_LANGUAGE) VALUES ('frontend', 'dashboard.keyword.top', 'Top keywords', 'en-US');
INSERT INTO OKM_TRANSLATION (TR_MODULE, TR_KEY, TR_TEXT, TR_LANGUAGE) VALUES ('frontend', 'dashboard.keyword.related', 'Related keywords', 'en-US');
INSERT INTO OKM_TRANSLATION (TR_MODULE, TR_KEY, TR_TEXT, TR_LANGUAGE) VALUES ('frontend', 'dashboard.keyword.goto.document', 'Go to document', 'en-US');
INSERT INTO OKM_TRANSLATION (TR_MODULE, TR_KEY, TR_TEXT, TR_LANGUAGE) VALUES ('frontend', 'dashboard.keyword.clean.keywords', 'Clean keywords', 'en-US');
INSERT INTO OKM_TRANSLATION (TR_MODULE, TR_KEY, TR_TEXT, TR_LANGUAGE) VALUES ('frontend', 'dashboard.mail.last.imported.mails', 'Electronic mails', 'en-US');
INSERT INTO OKM_TRANSLATION (TR_MODULE, TR_KEY, TR_TEXT, TR_LANGUAGE) VALUES ('frontend', 'dashboard.mail.last.imported.attached.documents', 'Attachments', 'en-US');
INSERT INTO OKM_TRANSLATION (TR_MODULE, TR_KEY, TR_TEXT, TR_LANGUAGE) VALUES ('frontend', 'workflow.label', 'Start workflow', 'en-US');
INSERT INTO OKM_TRANSLATION (TR_MODULE, TR_KEY, TR_TEXT, TR_LANGUAGE) VALUES ('frontend', 'user.preferences.label', 'User configuration', 'en-US');
INSERT INTO OKM_TRANSLATION (TR_MODULE, TR_KEY, TR_TEXT, TR_LANGUAGE) VALUES ('frontend', 'user.preferences.user', 'User', 'en-US');
INSERT INTO OKM_TRANSLATION (TR_MODULE, TR_KEY, TR_TEXT, TR_LANGUAGE) VALUES ('frontend', 'user.preferences.password', 'Password', 'en-US');
INSERT INTO OKM_TRANSLATION (TR_MODULE, TR_KEY, TR_TEXT, TR_LANGUAGE) VALUES ('frontend', 'user.preferences.mail', 'E-mail', 'en-US');
INSERT INTO OKM_TRANSLATION (TR_MODULE, TR_KEY, TR_TEXT, TR_LANGUAGE) VALUES ('frontend', 'user.preferences.roles', 'Roles', 'en-US');
INSERT INTO OKM_TRANSLATION (TR_MODULE, TR_KEY, TR_TEXT, TR_LANGUAGE) VALUES ('frontend', 'user.preferences.imap.host', 'IMAP server', 'en-US');
INSERT INTO OKM_TRANSLATION (TR_MODULE, TR_KEY, TR_TEXT, TR_LANGUAGE) VALUES ('frontend', 'user.preferences.imap.user', 'IMAP user name', 'en-US');
INSERT INTO OKM_TRANSLATION (TR_MODULE, TR_KEY, TR_TEXT, TR_LANGUAGE) VALUES ('frontend', 'user.preferences.imap.user.password', 'IMAP user password', 'en-US');
INSERT INTO OKM_TRANSLATION (TR_MODULE, TR_KEY, TR_TEXT, TR_LANGUAGE) VALUES ('frontend', 'user.preferences.imap.folder', 'IMAP folder', 'en-US');
INSERT INTO OKM_TRANSLATION (TR_MODULE, TR_KEY, TR_TEXT, TR_LANGUAGE) VALUES ('frontend', 'user.preferences.password.error', 'Error: passwords are different', 'en-US');
INSERT INTO OKM_TRANSLATION (TR_MODULE, TR_KEY, TR_TEXT, TR_LANGUAGE) VALUES ('frontend', 'user.preferences.user.data', 'User account', 'en-US');
INSERT INTO OKM_TRANSLATION (TR_MODULE, TR_KEY, TR_TEXT, TR_LANGUAGE) VALUES ('frontend', 'user.preferences.mail.data', 'Mail account', 'en-US');
INSERT INTO OKM_TRANSLATION (TR_MODULE, TR_KEY, TR_TEXT, TR_LANGUAGE) VALUES ('frontend', 'user.preferences.imap.error', 'All fields are obligatory to set the mail configurations', 'en-US');
INSERT INTO OKM_TRANSLATION (TR_MODULE, TR_KEY, TR_TEXT, TR_LANGUAGE) VALUES ('frontend', 'user.preferences.imap.password.error.void', 'Password must not be empty on IMAP mail creation', 'en-US');
INSERT INTO OKM_TRANSLATION (TR_MODULE, TR_KEY, TR_TEXT, TR_LANGUAGE) VALUES ('frontend', 'user.preferences.imap.test.error', 'IMAP configuration error', 'en-US');
INSERT INTO OKM_TRANSLATION (TR_MODULE, TR_KEY, TR_TEXT, TR_LANGUAGE) VALUES ('frontend', 'user.preferences.imap.test.ok', 'IMAP configuration ok', 'en-US');
INSERT INTO OKM_TRANSLATION (TR_MODULE, TR_KEY, TR_TEXT, TR_LANGUAGE) VALUES ('frontend', 'thesaurus.directory.select.label', 'Add thesaurus keyword', 'en-US');
INSERT INTO OKM_TRANSLATION (TR_MODULE, TR_KEY, TR_TEXT, TR_LANGUAGE) VALUES ('frontend', 'thesaurus.tab.tree', 'Tree', 'en-US');
INSERT INTO OKM_TRANSLATION (TR_MODULE, TR_KEY, TR_TEXT, TR_LANGUAGE) VALUES ('frontend', 'thesaurus.tab.keywords', 'Keywords', 'en-US');
INSERT INTO OKM_TRANSLATION (TR_MODULE, TR_KEY, TR_TEXT, TR_LANGUAGE) VALUES ('frontend', 'categories.folder.select.label', 'Add category', 'en-US');
INSERT INTO OKM_TRANSLATION (TR_MODULE, TR_KEY, TR_TEXT, TR_LANGUAGE) VALUES ('frontend', 'categories.folder.error.delete', 'Cannot delete category with documents', 'en-US');
INSERT INTO OKM_TRANSLATION (TR_MODULE, TR_KEY, TR_TEXT, TR_LANGUAGE) VALUES ('frontend', 'wizard.document.uploading', 'Document wizard', 'en-US');
INSERT INTO OKM_TRANSLATION (TR_MODULE, TR_KEY, TR_TEXT, TR_LANGUAGE) VALUES ('frontend', 'user.info.chat.connect', 'Connect to chat', 'en-US');
INSERT INTO OKM_TRANSLATION (TR_MODULE, TR_KEY, TR_TEXT, TR_LANGUAGE) VALUES ('frontend', 'user.info.chat.disconnect', 'Disconnet chat', 'en-US');
INSERT INTO OKM_TRANSLATION (TR_MODULE, TR_KEY, TR_TEXT, TR_LANGUAGE) VALUES ('frontend', 'user.info.chat.new.room', 'Net chat room', 'en-US');
INSERT INTO OKM_TRANSLATION (TR_MODULE, TR_KEY, TR_TEXT, TR_LANGUAGE) VALUES ('frontend', 'user.info.locked.actual', 'Locked documents', 'en-US');
INSERT INTO OKM_TRANSLATION (TR_MODULE, TR_KEY, TR_TEXT, TR_LANGUAGE) VALUES ('frontend', 'user.info.checkout.actual', 'Checkout documents', 'en-US');
INSERT INTO OKM_TRANSLATION (TR_MODULE, TR_KEY, TR_TEXT, TR_LANGUAGE) VALUES ('frontend', 'user.info.subscription.actual', 'Actual subscriptions', 'en-US');
INSERT INTO OKM_TRANSLATION (TR_MODULE, TR_KEY, TR_TEXT, TR_LANGUAGE) VALUES ('frontend', 'user.info.news.new', 'News', 'en-US');
INSERT INTO OKM_TRANSLATION (TR_MODULE, TR_KEY, TR_TEXT, TR_LANGUAGE) VALUES ('frontend', 'user.info.workflow.pending', 'Pending workflows', 'en-US');
INSERT INTO OKM_TRANSLATION (TR_MODULE, TR_KEY, TR_TEXT, TR_LANGUAGE) VALUES ('frontend', 'user.info.user.quota', 'Used quota', 'en-US');
INSERT INTO OKM_TRANSLATION (TR_MODULE, TR_KEY, TR_TEXT, TR_LANGUAGE) VALUES ('frontend', 'user.online', 'Users online', 'en-US');
INSERT INTO OKM_TRANSLATION (TR_MODULE, TR_KEY, TR_TEXT, TR_LANGUAGE) VALUES ('frontend', 'chat.room', 'Chat', 'en-US');
INSERT INTO OKM_TRANSLATION (TR_MODULE, TR_KEY, TR_TEXT, TR_LANGUAGE) VALUES ('frontend', 'chat.users.in.room', 'Users', 'en-US');
INSERT INTO OKM_TRANSLATION (TR_MODULE, TR_KEY, TR_TEXT, TR_LANGUAGE) VALUES ('frontend', 'OKM-017009', 'Document access denied', 'en-US');
INSERT INTO OKM_TRANSLATION (TR_MODULE, TR_KEY, TR_TEXT, TR_LANGUAGE) VALUES ('frontend', 'OKM-017004', 'Document lock denied', 'en-US');
INSERT INTO OKM_TRANSLATION (TR_MODULE, TR_KEY, TR_TEXT, TR_LANGUAGE) VALUES ('frontend', 'OKM-017001', 'Repository internal error', 'en-US');
INSERT INTO OKM_TRANSLATION (TR_MODULE, TR_KEY, TR_TEXT, TR_LANGUAGE) VALUES ('frontend', 'OKM-017015', 'Document path not found', 'en-US');
INSERT INTO OKM_TRANSLATION (TR_MODULE, TR_KEY, TR_TEXT, TR_LANGUAGE) VALUES ('frontend', 'OKM-017016', 'Version error', 'en-US');
INSERT INTO OKM_TRANSLATION (TR_MODULE, TR_KEY, TR_TEXT, TR_LANGUAGE) VALUES ('frontend', 'OKM-002009', 'Document access denied', 'en-US');
INSERT INTO OKM_TRANSLATION (TR_MODULE, TR_KEY, TR_TEXT, TR_LANGUAGE) VALUES ('frontend', 'OKM-002002', 'Document not found', 'en-US');
INSERT INTO OKM_TRANSLATION (TR_MODULE, TR_KEY, TR_TEXT, TR_LANGUAGE) VALUES ('frontend', 'OKM-002003', 'Document already exists', 'en-US');
INSERT INTO OKM_TRANSLATION (TR_MODULE, TR_KEY, TR_TEXT, TR_LANGUAGE) VALUES ('frontend', 'OKM-002004', 'Document lock denied', 'en-US');
INSERT INTO OKM_TRANSLATION (TR_MODULE, TR_KEY, TR_TEXT, TR_LANGUAGE) VALUES ('frontend', 'OKM-002004', 'Document unlock desired', 'en-US');
INSERT INTO OKM_TRANSLATION (TR_MODULE, TR_KEY, TR_TEXT, TR_LANGUAGE) VALUES ('frontend', 'OKM-002001', 'Repository internal error', 'en-US');
INSERT INTO OKM_TRANSLATION (TR_MODULE, TR_KEY, TR_TEXT, TR_LANGUAGE) VALUES ('frontend', 'OKM-002006', 'Application internal error', 'en-US');
INSERT INTO OKM_TRANSLATION (TR_MODULE, TR_KEY, TR_TEXT, TR_LANGUAGE) VALUES ('frontend', 'OKM-002015', 'Document path not found', 'en-US');
INSERT INTO OKM_TRANSLATION (TR_MODULE, TR_KEY, TR_TEXT, TR_LANGUAGE) VALUES ('frontend', 'OKM-002024', 'Database error', 'en-US');
INSERT INTO OKM_TRANSLATION (TR_MODULE, TR_KEY, TR_TEXT, TR_LANGUAGE) VALUES ('frontend', 'OKM-001009', 'Folder access denied', 'en-US');
INSERT INTO OKM_TRANSLATION (TR_MODULE, TR_KEY, TR_TEXT, TR_LANGUAGE) VALUES ('frontend', 'OKM-001002', 'Folder not found', 'en-US');
INSERT INTO OKM_TRANSLATION (TR_MODULE, TR_KEY, TR_TEXT, TR_LANGUAGE) VALUES ('frontend', 'OKM-001003', 'Folder already exists', 'en-US');
INSERT INTO OKM_TRANSLATION (TR_MODULE, TR_KEY, TR_TEXT, TR_LANGUAGE) VALUES ('frontend', 'OKM-001001', 'Repository internal error', 'en-US');
INSERT INTO OKM_TRANSLATION (TR_MODULE, TR_KEY, TR_TEXT, TR_LANGUAGE) VALUES ('frontend', 'OKM-001006', 'Repository internal error', 'en-US');
INSERT INTO OKM_TRANSLATION (TR_MODULE, TR_KEY, TR_TEXT, TR_LANGUAGE) VALUES ('frontend', 'OKM-001015', 'Folder path not found', 'en-US');
INSERT INTO OKM_TRANSLATION (TR_MODULE, TR_KEY, TR_TEXT, TR_LANGUAGE) VALUES ('frontend', 'OKM-001024', 'Database error', 'en-US');
INSERT INTO OKM_TRANSLATION (TR_MODULE, TR_KEY, TR_TEXT, TR_LANGUAGE) VALUES ('frontend', 'OKM-007009', 'Item access denied', 'en-US');
INSERT INTO OKM_TRANSLATION (TR_MODULE, TR_KEY, TR_TEXT, TR_LANGUAGE) VALUES ('frontend', 'OKM-007002', 'Item not found', 'en-US');
INSERT INTO OKM_TRANSLATION (TR_MODULE, TR_KEY, TR_TEXT, TR_LANGUAGE) VALUES ('frontend', 'OKM-007001', 'Repository internal error', 'en-US');
INSERT INTO OKM_TRANSLATION (TR_MODULE, TR_KEY, TR_TEXT, TR_LANGUAGE) VALUES ('frontend', 'OKM-007006', 'Repository internal error', 'en-US');
INSERT INTO OKM_TRANSLATION (TR_MODULE, TR_KEY, TR_TEXT, TR_LANGUAGE) VALUES ('frontend', 'OKM-007024', 'Database error', 'en-US');
INSERT INTO OKM_TRANSLATION (TR_MODULE, TR_KEY, TR_TEXT, TR_LANGUAGE) VALUES ('frontend', 'OKM-009002', 'Document not found', 'en-US');
INSERT INTO OKM_TRANSLATION (TR_MODULE, TR_KEY, TR_TEXT, TR_LANGUAGE) VALUES ('frontend', 'OKM-009006', 'Repository internal error', 'en-US');
INSERT INTO OKM_TRANSLATION (TR_MODULE, TR_KEY, TR_TEXT, TR_LANGUAGE) VALUES ('frontend', 'OKM-005010', 'Unsupported file format', 'en-US');
INSERT INTO OKM_TRANSLATION (TR_MODULE, TR_KEY, TR_TEXT, TR_LANGUAGE) VALUES ('frontend', 'OKM-005003', 'Document already exists', 'en-US');
INSERT INTO OKM_TRANSLATION (TR_MODULE, TR_KEY, TR_TEXT, TR_LANGUAGE) VALUES ('frontend', 'OKM-005011', 'Document size exceeded', 'en-US');
INSERT INTO OKM_TRANSLATION (TR_MODULE, TR_KEY, TR_TEXT, TR_LANGUAGE) VALUES ('frontend', 'OKM-005027', 'Document name is diferent', 'en-US');
INSERT INTO OKM_TRANSLATION (TR_MODULE, TR_KEY, TR_TEXT, TR_LANGUAGE) VALUES ('frontend', 'OKM-004001', 'Session closed', 'en-US');
INSERT INTO OKM_TRANSLATION (TR_MODULE, TR_KEY, TR_TEXT, TR_LANGUAGE) VALUES ('frontend', 'OKM-004024', 'Database error', 'en-US');
INSERT INTO OKM_TRANSLATION (TR_MODULE, TR_KEY, TR_TEXT, TR_LANGUAGE) VALUES ('frontend', 'OKM-008001', 'Generic error executing query', 'en-US');
INSERT INTO OKM_TRANSLATION (TR_MODULE, TR_KEY, TR_TEXT, TR_LANGUAGE) VALUES ('frontend', 'OKM-008003', 'The stored search name must be unique', 'en-US');
INSERT INTO OKM_TRANSLATION (TR_MODULE, TR_KEY, TR_TEXT, TR_LANGUAGE) VALUES ('frontend', 'OKM-008024', 'Database error', 'en-US');
INSERT INTO OKM_TRANSLATION (TR_MODULE, TR_KEY, TR_TEXT, TR_LANGUAGE) VALUES ('frontend', 'OKM-011003', 'The bookmark name must be unique', 'en-US');
INSERT INTO OKM_TRANSLATION (TR_MODULE, TR_KEY, TR_TEXT, TR_LANGUAGE) VALUES ('frontend', 'OKM-003017', 'Session lost', 'en-US');
INSERT INTO OKM_TRANSLATION (TR_MODULE, TR_KEY, TR_TEXT, TR_LANGUAGE) VALUES ('frontend', 'OKM-013001', 'Repository internal error', 'en-US');
INSERT INTO OKM_TRANSLATION (TR_MODULE, TR_KEY, TR_TEXT, TR_LANGUAGE) VALUES ('frontend', 'OKM-013024', 'Database error', 'en-US');
INSERT INTO OKM_TRANSLATION (TR_MODULE, TR_KEY, TR_TEXT, TR_LANGUAGE) VALUES ('frontend', 'OKM-014001', 'Repository internal error', 'en-US');
INSERT INTO OKM_TRANSLATION (TR_MODULE, TR_KEY, TR_TEXT, TR_LANGUAGE) VALUES ('frontend', 'OKM-014013', 'Error on I/O', 'en-US');
INSERT INTO OKM_TRANSLATION (TR_MODULE, TR_KEY, TR_TEXT, TR_LANGUAGE) VALUES ('frontend', 'OKM-015001', 'Repository internal error', 'en-US');
INSERT INTO OKM_TRANSLATION (TR_MODULE, TR_KEY, TR_TEXT, TR_LANGUAGE) VALUES ('frontend', 'OKM-015024', 'Database error', 'en-US');
INSERT INTO OKM_TRANSLATION (TR_MODULE, TR_KEY, TR_TEXT, TR_LANGUAGE) VALUES ('frontend', 'OKM-018022', 'Error in browser configuration', 'en-US');
INSERT INTO OKM_TRANSLATION (TR_MODULE, TR_KEY, TR_TEXT, TR_LANGUAGE) VALUES ('frontend', 'OKM-018023', 'Error user quota exceed,  contact with adminitrator', 'en-US');
INSERT INTO OKM_TRANSLATION (TR_MODULE, TR_KEY, TR_TEXT, TR_LANGUAGE) VALUES ('frontend', 'OKM-016009', 'Document access denied', 'en-US');
INSERT INTO OKM_TRANSLATION (TR_MODULE, TR_KEY, TR_TEXT, TR_LANGUAGE) VALUES ('frontend', 'OKM-016002', 'Document not found', 'en-US');
INSERT INTO OKM_TRANSLATION (TR_MODULE, TR_KEY, TR_TEXT, TR_LANGUAGE) VALUES ('frontend', 'OKM-016003', 'Document already exists', 'en-US');
INSERT INTO OKM_TRANSLATION (TR_MODULE, TR_KEY, TR_TEXT, TR_LANGUAGE) VALUES ('frontend', 'OKM-016004', 'Document lock denied', 'en-US');
INSERT INTO OKM_TRANSLATION (TR_MODULE, TR_KEY, TR_TEXT, TR_LANGUAGE) VALUES ('frontend', 'OKM-016001', 'Repository internal error', 'en-US');
INSERT INTO OKM_TRANSLATION (TR_MODULE, TR_KEY, TR_TEXT, TR_LANGUAGE) VALUES ('frontend', 'OKM-016006', 'Application internal error', 'en-US');
INSERT INTO OKM_TRANSLATION (TR_MODULE, TR_KEY, TR_TEXT, TR_LANGUAGE) VALUES ('frontend', 'OKM-016015', 'Document path not found', 'en-US');
INSERT INTO OKM_TRANSLATION (TR_MODULE, TR_KEY, TR_TEXT, TR_LANGUAGE) VALUES ('frontend', 'OKM-016024', 'Database error', 'en-US');
INSERT INTO OKM_TRANSLATION (TR_MODULE, TR_KEY, TR_TEXT, TR_LANGUAGE) VALUES ('frontend', 'OKM-010015', 'Path not found', 'en-US');
INSERT INTO OKM_TRANSLATION (TR_MODULE, TR_KEY, TR_TEXT, TR_LANGUAGE) VALUES ('frontend', 'OKM-010009', 'Access denied', 'en-US');
INSERT INTO OKM_TRANSLATION (TR_MODULE, TR_KEY, TR_TEXT, TR_LANGUAGE) VALUES ('frontend', 'OKM-010001', 'Repository internal error', 'en-US');
INSERT INTO OKM_TRANSLATION (TR_MODULE, TR_KEY, TR_TEXT, TR_LANGUAGE) VALUES ('frontend', 'OKM-010024', 'Database error', 'en-US');
INSERT INTO OKM_TRANSLATION (TR_MODULE, TR_KEY, TR_TEXT, TR_LANGUAGE) VALUES ('frontend', 'OKM-010006', 'Application internal error', 'en-US');
INSERT INTO OKM_TRANSLATION (TR_MODULE, TR_KEY, TR_TEXT, TR_LANGUAGE) VALUES ('frontend', 'OKM-009004', 'Locked', 'en-US');
INSERT INTO OKM_TRANSLATION (TR_MODULE, TR_KEY, TR_TEXT, TR_LANGUAGE) VALUES ('frontend', 'OKM-009015', 'Path not exist', 'en-US');
INSERT INTO OKM_TRANSLATION (TR_MODULE, TR_KEY, TR_TEXT, TR_LANGUAGE) VALUES ('frontend', 'OKM-009009', 'Access denied', 'en-US');
INSERT INTO OKM_TRANSLATION (TR_MODULE, TR_KEY, TR_TEXT, TR_LANGUAGE) VALUES ('frontend', 'OKM-009001', 'Repository internal error', 'en-US');
INSERT INTO OKM_TRANSLATION (TR_MODULE, TR_KEY, TR_TEXT, TR_LANGUAGE) VALUES ('frontend', 'OKM-009024', 'Database error', 'en-US');
INSERT INTO OKM_TRANSLATION (TR_MODULE, TR_KEY, TR_TEXT, TR_LANGUAGE) VALUES ('frontend', 'OKM-009006', 'Application internal error', 'en-US');
INSERT INTO OKM_TRANSLATION (TR_MODULE, TR_KEY, TR_TEXT, TR_LANGUAGE) VALUES ('frontend', 'OKM-009012', 'Group not exists', 'en-US');
INSERT INTO OKM_TRANSLATION (TR_MODULE, TR_KEY, TR_TEXT, TR_LANGUAGE) VALUES ('frontend', 'OKM-009014', 'Property not exists', 'en-US');
INSERT INTO OKM_TRANSLATION (TR_MODULE, TR_KEY, TR_TEXT, TR_LANGUAGE) VALUES ('frontend', 'OKM-009013', 'Error on I/O', 'en-US');
INSERT INTO OKM_TRANSLATION (TR_MODULE, TR_KEY, TR_TEXT, TR_LANGUAGE) VALUES ('frontend', 'OKM-012001', 'Repository internal error', 'en-US');
INSERT INTO OKM_TRANSLATION (TR_MODULE, TR_KEY, TR_TEXT, TR_LANGUAGE) VALUES ('frontend', 'OKM-012006', 'Application internal error', 'en-US');
INSERT INTO OKM_TRANSLATION (TR_MODULE, TR_KEY, TR_TEXT, TR_LANGUAGE) VALUES ('frontend', 'OKM-012015', 'Path not exist', 'en-US');
INSERT INTO OKM_TRANSLATION (TR_MODULE, TR_KEY, TR_TEXT, TR_LANGUAGE) VALUES ('frontend', 'OKM-012024', 'Database error', 'en-US');
INSERT INTO OKM_TRANSLATION (TR_MODULE, TR_KEY, TR_TEXT, TR_LANGUAGE) VALUES ('frontend', 'OKM-012009', 'Access denied', 'en-US');
INSERT INTO OKM_TRANSLATION (TR_MODULE, TR_KEY, TR_TEXT, TR_LANGUAGE) VALUES ('frontend', 'OKM-019001', 'Repository internal error', 'en-US');
INSERT INTO OKM_TRANSLATION (TR_MODULE, TR_KEY, TR_TEXT, TR_LANGUAGE) VALUES ('frontend', 'OKM-019006', 'Application internal error', 'en-US');
INSERT INTO OKM_TRANSLATION (TR_MODULE, TR_KEY, TR_TEXT, TR_LANGUAGE) VALUES ('frontend', 'OKM-019024', 'Database error', 'en-US');
INSERT INTO OKM_LANGUAGE (LG_ID, LG_NAME, LG_IMAGE_CONTENT, LG_IMAGE_MIME) VALUES ('eu-ES', 'Euskera', 'R0lGODlhEAALAOcBAAAAAP///9EaHOUgItgeIdgfIuMhJeEhJOMiJdUhJd8jJNokJdkkJtclJtUlKdQnKNEnKM8tMM4vMcowMdVAQddBQ90WHNkXHOgcJeEbIegdJuceJeUeI+YgKeEfJ98gKN4gJeEiKN4iJ90jK9ckKscqMdEtMt09Q+IZJeAgK9shKtsjLNomMufDxeIeLfC/w+A7S+nCxvzy8/zz9Oq8w+y/xvvw8v/u8vrv8vvy9fj19vrv9vrw9/fy+PXy9/j4/vX1+PX29/Lz9O319vL8/e33+O759+P++PT6+PP29ev+9u359Ov68wCAQBWETRqMUyCNV7vezAB+PQB+OwB9OwB7OgF5OSGOVDGIWwCDOgCAOgB/OAB7OAN+OwCBOAB9NgF/NwF8NAV6OAd6Nx6OTyJ9SACFNQCBMwCANQp6Nwt3Nwx2NxJtN/H28wCDMQB/MRJzNjSFUjaHVQt2Mh9uPB5xOjqAUj6DVQxxLBFyLR5zNhNxKxp2MiBuNRVvKyFqMxp0Lkl6U8vZzvD58ixvNR5sJyNoLC1pMzZpLz5hNz1lMEVgMEdfMvP370leMElcME9cNPj48vb29FdWMltXNl1WMF1UNfj28GJUMGZTMmlMKWxRL2lNLW5QMvj29GtPN3ZMMHlJLoZHKoVGKn1KM/jz8fry74s+JPPw74E1HpFDLI5DLY48KIMzIp49Lfv19KE8LpU+MqlRR8wrHq03LKc4Lp04L6JVT8ggFdMkGc8kG8IjGtYpILYzKrU0LOnEwufFw9olHtYmINYlINQnINgnIdMoI88pI80rJcQtJ8QtKcAvKcwxLMY1L7gyLKs2Ms1FQbZKRrlNSunFxOEbGtofG94eHN0eHNogHNIbG+AdHdAcG8weG9ofH90kIdQiINsjItwjI9clItQmI9ImI9kmJdUlJdMmJtQnJ9IqJ8orKMUrKr0vLbwwL9ZBQNNDQc9DQdJDQ9FEQ9FDQ89EQ85DQs5IRevDw/nx8ffy8vX19f///////////////////yH+EUNyZWF0ZWQgd2l0aCBHSU1QACH5BAEAAP8ALAAAAAAQAAsAAAjJAKVQUTcgmINdMXxMUDGOlwY1WzDNIfRMBLFsNYqYMLdBGaI3jtJxmDQmyyMLwNow+4RmC6Ny4r5Vy3DKEJdWNPDZcoOHEwps1+bRg0ch2h0nUfRhiXMLhj149UqVymcDlSklQX4ckeQjRyR8peTJe3dCWqAygnTIsSMLmrt58RLoIsDqz5dULfLFssJGk7UEBYoZoBTmzKILL4SwsHRmS6IQyDqtOQRLAblt93ZIAHFgmSIxkKZQWWcAXANuwJJEYGDMG7ouVgICADs=', 'image/gif');
INSERT INTO OKM_TRANSLATION (TR_MODULE, TR_KEY, TR_TEXT, TR_LANGUAGE) VALUES ('frontend','general.date.pattern','dd/MM/yyyy HH:mm:ss','eu-ES');
INSERT INTO OKM_TRANSLATION (TR_MODULE, TR_KEY, TR_TEXT, TR_LANGUAGE) VALUES ('frontend','general.day.pattern','dd/MM/yyyy','eu-ES');
INSERT INTO OKM_TRANSLATION (TR_MODULE, TR_KEY, TR_TEXT, TR_LANGUAGE) VALUES ('frontend','general.hour.pattern','HH:mm:ss','eu-ES');
INSERT INTO OKM_TRANSLATION (TR_MODULE, TR_KEY, TR_TEXT, TR_LANGUAGE) VALUES ('frontend','startup.openkm','OpenKM kargatzen','eu-ES');
INSERT INTO OKM_TRANSLATION (TR_MODULE, TR_KEY, TR_TEXT, TR_LANGUAGE) VALUES ('frontend','startup.starting.loading',' OpenKMren kargatzea hasten','eu-ES');
INSERT INTO OKM_TRANSLATION (TR_MODULE, TR_KEY, TR_TEXT, TR_LANGUAGE) VALUES ('frontend','startup.taxonomy','Taxonomiaren nodo nagusia lortzen','eu-ES');
INSERT INTO OKM_TRANSLATION (TR_MODULE, TR_KEY, TR_TEXT, TR_LANGUAGE) VALUES ('frontend','startup.categories','Kategorien nodo nagusia lortzen','eu-ES');
INSERT INTO OKM_TRANSLATION (TR_MODULE, TR_KEY, TR_TEXT, TR_LANGUAGE) VALUES ('frontend','startup.thesaurus','Thesausus-en nodo nagusia lortzen','eu-ES');
INSERT INTO OKM_TRANSLATION (TR_MODULE, TR_KEY, TR_TEXT, TR_LANGUAGE) VALUES ('frontend','startup.template','Txantiloien nodo nagusia lortzen','eu-ES');
INSERT INTO OKM_TRANSLATION (TR_MODULE, TR_KEY, TR_TEXT, TR_LANGUAGE) VALUES ('frontend','startup.personal','Pertsonalen nodo nagusia lortzen','eu-ES');
INSERT INTO OKM_TRANSLATION (TR_MODULE, TR_KEY, TR_TEXT, TR_LANGUAGE) VALUES ('frontend','startup.mail','Posten nodo nagusia lortzen','eu-ES');
INSERT INTO OKM_TRANSLATION (TR_MODULE, TR_KEY, TR_TEXT, TR_LANGUAGE) VALUES ('frontend','startup.trash','Paperontziaren nodo nagusia lortzen','eu-ES');
INSERT INTO OKM_TRANSLATION (TR_MODULE, TR_KEY, TR_TEXT, TR_LANGUAGE) VALUES ('frontend','startup.user.home','Erabiltzaileen hasiera lortzen','eu-ES');
INSERT INTO OKM_TRANSLATION (TR_MODULE, TR_KEY, TR_TEXT, TR_LANGUAGE) VALUES ('frontend','startup.bookmarks','Markatzaileak lortzen','eu-ES');
INSERT INTO OKM_TRANSLATION (TR_MODULE, TR_KEY, TR_TEXT, TR_LANGUAGE) VALUES ('frontend','startup.loading.taxonomy','Taxonoma kargatzen','eu-ES');
INSERT INTO OKM_TRANSLATION (TR_MODULE, TR_KEY, TR_TEXT, TR_LANGUAGE) VALUES ('frontend','startup.loading.taxonomy.getting.folders','Taxonomia kargatzen - karpetak lortzen','eu-ES');
INSERT INTO OKM_TRANSLATION (TR_MODULE, TR_KEY, TR_TEXT, TR_LANGUAGE) VALUES ('frontend','startup.loading.taxonomy.eval.params','Taxonomia kargatzen - parametroak ebaluatzen','eu-ES');
INSERT INTO OKM_TRANSLATION (TR_MODULE, TR_KEY, TR_TEXT, TR_LANGUAGE) VALUES ('frontend','startup.loading.taxonomy.open.path','Taxonomia kargatzen - bidea zabaltzen','eu-ES');
INSERT INTO OKM_TRANSLATION (TR_MODULE, TR_KEY, TR_TEXT, TR_LANGUAGE) VALUES ('frontend','startup.loading.taxonomy.getting.filebrowser.folders','Taxonomia kargatzen - karpetak lortzen','eu-ES');
INSERT INTO OKM_TRANSLATION (TR_MODULE, TR_KEY, TR_TEXT, TR_LANGUAGE) VALUES ('frontend','startup.loading.taxonomy.getting.filebrowser.documents','Taxonomia kargatzen - dokumentuak lortzen','eu-ES');
INSERT INTO OKM_TRANSLATION (TR_MODULE, TR_KEY, TR_TEXT, TR_LANGUAGE) VALUES ('frontend','startup.loading.taxonomy.getting.filebrowser.mails','Taxonoma kargatzen - posta elektronikoak lortzen','eu-ES');
INSERT INTO OKM_TRANSLATION (TR_MODULE, TR_KEY, TR_TEXT, TR_LANGUAGE) VALUES ('frontend','startup.loading.personal','Pertsonalak kargatzen','eu-ES');
INSERT INTO OKM_TRANSLATION (TR_MODULE, TR_KEY, TR_TEXT, TR_LANGUAGE) VALUES ('frontend','startup.loading.mail','mezuak kargatzen','eu-ES');
INSERT INTO OKM_TRANSLATION (TR_MODULE, TR_KEY, TR_TEXT, TR_LANGUAGE) VALUES ('frontend','startup.loading.categories','Kategoriak kargatzen','eu-ES');
INSERT INTO OKM_TRANSLATION (TR_MODULE, TR_KEY, TR_TEXT, TR_LANGUAGE) VALUES ('frontend','startup.loading.thesaurus','thesaurus kargatzen','eu-ES');
INSERT INTO OKM_TRANSLATION (TR_MODULE, TR_KEY, TR_TEXT, TR_LANGUAGE) VALUES ('frontend','startup.loading.templates','txantiloiak kargatzen','eu-ES');
INSERT INTO OKM_TRANSLATION (TR_MODULE, TR_KEY, TR_TEXT, TR_LANGUAGE) VALUES ('frontend','startup.loading.trash','Paperontzia kargatzen','eu-ES');
INSERT INTO OKM_TRANSLATION (TR_MODULE, TR_KEY, TR_TEXT, TR_LANGUAGE) VALUES ('frontend','startup.loading.history.search','bilaketan historikoa kargatzen','eu-ES');
INSERT INTO OKM_TRANSLATION (TR_MODULE, TR_KEY, TR_TEXT, TR_LANGUAGE) VALUES ('frontend','startup.loading.user.values','Erabiltzailearen datuak kargatzen','eu-ES');
INSERT INTO OKM_TRANSLATION (TR_MODULE, TR_KEY, TR_TEXT, TR_LANGUAGE) VALUES ('frontend','startup.keep.alive','keep alive kargatzen','eu-ES');
INSERT INTO OKM_TRANSLATION (TR_MODULE, TR_KEY, TR_TEXT, TR_LANGUAGE) VALUES ('frontend','openkm.update.available','OpenKM-en aktualizazioa erabilgarri','eu-ES');
INSERT INTO OKM_TRANSLATION (TR_MODULE, TR_KEY, TR_TEXT, TR_LANGUAGE) VALUES ('frontend','leftpanel.label.taxonomy','Taxonomia','eu-ES');
INSERT INTO OKM_TRANSLATION (TR_MODULE, TR_KEY, TR_TEXT, TR_LANGUAGE) VALUES ('frontend','leftpanel.label.trash','Paperontzia','eu-ES');
INSERT INTO OKM_TRANSLATION (TR_MODULE, TR_KEY, TR_TEXT, TR_LANGUAGE) VALUES ('frontend','leftpanel.label.mail','posta elektronikoa','eu-ES');
INSERT INTO OKM_TRANSLATION (TR_MODULE, TR_KEY, TR_TEXT, TR_LANGUAGE) VALUES ('frontend','leftpanel.label.stored.search','Gordetako Bilaketak','eu-ES');
INSERT INTO OKM_TRANSLATION (TR_MODULE, TR_KEY, TR_TEXT, TR_LANGUAGE) VALUES ('frontend','leftpanel.label.categories','Kategoriak','eu-ES');
INSERT INTO OKM_TRANSLATION (TR_MODULE, TR_KEY, TR_TEXT, TR_LANGUAGE) VALUES ('frontend','leftpanel.label.thesaurus','Thesaurus','eu-ES');
INSERT INTO OKM_TRANSLATION (TR_MODULE, TR_KEY, TR_TEXT, TR_LANGUAGE) VALUES ('frontend','leftpanel.label.templates','Txantiloiak','eu-ES');
INSERT INTO OKM_TRANSLATION (TR_MODULE, TR_KEY, TR_TEXT, TR_LANGUAGE) VALUES ('frontend','leftpanel.label.my.documents','Dokumentu Pertsonalak','eu-ES');
INSERT INTO OKM_TRANSLATION (TR_MODULE, TR_KEY, TR_TEXT, TR_LANGUAGE) VALUES ('frontend','leftpanel.label.user.search','Erabilearen berriak','eu-ES');
INSERT INTO OKM_TRANSLATION (TR_MODULE, TR_KEY, TR_TEXT, TR_LANGUAGE) VALUES ('frontend','leftpanel.label.all.repository','repositorio osoan','eu-ES');
INSERT INTO OKM_TRANSLATION (TR_MODULE, TR_KEY, TR_TEXT, TR_LANGUAGE) VALUES ('frontend','tree.menu.directory.create','Karpeta Sortu','eu-ES');
INSERT INTO OKM_TRANSLATION (TR_MODULE, TR_KEY, TR_TEXT, TR_LANGUAGE) VALUES ('frontend','tree.menu.directory.remove','Ezabatu','eu-ES');
INSERT INTO OKM_TRANSLATION (TR_MODULE, TR_KEY, TR_TEXT, TR_LANGUAGE) VALUES ('frontend','tree.menu.directory.rename','Berrizendatu','eu-ES');
INSERT INTO OKM_TRANSLATION (TR_MODULE, TR_KEY, TR_TEXT, TR_LANGUAGE) VALUES ('frontend','tree.menu.directory.refresh','Freskatu','eu-ES');
INSERT INTO OKM_TRANSLATION (TR_MODULE, TR_KEY, TR_TEXT, TR_LANGUAGE) VALUES ('frontend','tree.menu.directory.move','Mugitu','eu-ES');
INSERT INTO OKM_TRANSLATION (TR_MODULE, TR_KEY, TR_TEXT, TR_LANGUAGE) VALUES ('frontend','tree.menu.directory.copy','Kopiatu','eu-ES');
INSERT INTO OKM_TRANSLATION (TR_MODULE, TR_KEY, TR_TEXT, TR_LANGUAGE) VALUES ('frontend','tree.menu.directory.add.document','Dokumentua Gehitu','eu-ES');
INSERT INTO OKM_TRANSLATION (TR_MODULE, TR_KEY, TR_TEXT, TR_LANGUAGE) VALUES ('frontend','tree.menu.add.bookmark','Markatzailea Gehitu','eu-ES');
INSERT INTO OKM_TRANSLATION (TR_MODULE, TR_KEY, TR_TEXT, TR_LANGUAGE) VALUES ('frontend','tree.menu.set.home','Hasiera ezarri','eu-ES');
INSERT INTO OKM_TRANSLATION (TR_MODULE, TR_KEY, TR_TEXT, TR_LANGUAGE) VALUES ('frontend','tree.menu.export','Fitxategia esportatu','eu-ES');
INSERT INTO OKM_TRANSLATION (TR_MODULE, TR_KEY, TR_TEXT, TR_LANGUAGE) VALUES ('frontend','tree.status.refresh.folder','Karpeten ardatza eguneratzen','eu-ES');
INSERT INTO OKM_TRANSLATION (TR_MODULE, TR_KEY, TR_TEXT, TR_LANGUAGE) VALUES ('frontend','tree.status.refresh.create','Karpeta Sortu','eu-ES');
INSERT INTO OKM_TRANSLATION (TR_MODULE, TR_KEY, TR_TEXT, TR_LANGUAGE) VALUES ('frontend','tree.status.refresh.delete','Karpeta Ezabatu','eu-ES');
INSERT INTO OKM_TRANSLATION (TR_MODULE, TR_KEY, TR_TEXT, TR_LANGUAGE) VALUES ('frontend','tree.status.refresh.rename','Karpeta Berrizendatu','eu-ES');
INSERT INTO OKM_TRANSLATION (TR_MODULE, TR_KEY, TR_TEXT, TR_LANGUAGE) VALUES ('frontend','tree.status.refresh.restore','Karpeta Berriztatu','eu-ES');
INSERT INTO OKM_TRANSLATION (TR_MODULE, TR_KEY, TR_TEXT, TR_LANGUAGE) VALUES ('frontend','tree.status.refresh.purge','Karpeta Ezabatu','eu-ES');
INSERT INTO OKM_TRANSLATION (TR_MODULE, TR_KEY, TR_TEXT, TR_LANGUAGE) VALUES ('frontend','tree.status.refresh.get','Karpeta Eguneratu','eu-ES');
INSERT INTO OKM_TRANSLATION (TR_MODULE, TR_KEY, TR_TEXT, TR_LANGUAGE) VALUES ('frontend','tree.folder.new','Karpeta Berria','eu-ES');
INSERT INTO OKM_TRANSLATION (TR_MODULE, TR_KEY, TR_TEXT, TR_LANGUAGE) VALUES ('frontend','tree.status.refresh.add.subscription','Izenematea esartzen','eu-ES');
INSERT INTO OKM_TRANSLATION (TR_MODULE, TR_KEY, TR_TEXT, TR_LANGUAGE) VALUES ('frontend','tree.status.refresh.remove.subscription','Izenematea ezabatzen','eu-ES');
INSERT INTO OKM_TRANSLATION (TR_MODULE, TR_KEY, TR_TEXT, TR_LANGUAGE) VALUES ('frontend','tree.status.refresh.get.root','Sarrerako ontzia freskatzen ','eu-ES');
INSERT INTO OKM_TRANSLATION (TR_MODULE, TR_KEY, TR_TEXT, TR_LANGUAGE) VALUES ('frontend','tree.status.refresh.get.keywords','Kode hitzak freskatzen','eu-ES');
INSERT INTO OKM_TRANSLATION (TR_MODULE, TR_KEY, TR_TEXT, TR_LANGUAGE) VALUES ('frontend','tree.status.refresh.get.user.home','Erabiltzailearen hasiera lortzen','eu-ES');
INSERT INTO OKM_TRANSLATION (TR_MODULE, TR_KEY, TR_TEXT, TR_LANGUAGE) VALUES ('frontend','tree.status.refresh.purge.trash','Paperontzia husten','eu-ES');
INSERT INTO OKM_TRANSLATION (TR_MODULE, TR_KEY, TR_TEXT, TR_LANGUAGE) VALUES ('frontend','tree.menu.directory.find.folder','Buscar carpeta','eu-ES');
INSERT INTO OKM_TRANSLATION (TR_MODULE, TR_KEY, TR_TEXT, TR_LANGUAGE) VALUES ('frontend','trash.menu.directory.restore','Berriztatu','eu-ES');
INSERT INTO OKM_TRANSLATION (TR_MODULE, TR_KEY, TR_TEXT, TR_LANGUAGE) VALUES ('frontend','trash.menu.directory.purge','Ezabatu','eu-ES');
INSERT INTO OKM_TRANSLATION (TR_MODULE, TR_KEY, TR_TEXT, TR_LANGUAGE) VALUES ('frontend','trash.menu.directory.purge.trash','Paperontzia Hustu','eu-ES');
INSERT INTO OKM_TRANSLATION (TR_MODULE, TR_KEY, TR_TEXT, TR_LANGUAGE) VALUES ('frontend','trash.directory.select.label','helburu karpeta aukeratu','eu-ES');
INSERT INTO OKM_TRANSLATION (TR_MODULE, TR_KEY, TR_TEXT, TR_LANGUAGE) VALUES ('frontend','general.menu.file','Artxiboa','eu-ES');
INSERT INTO OKM_TRANSLATION (TR_MODULE, TR_KEY, TR_TEXT, TR_LANGUAGE) VALUES ('frontend','general.menu.file.exit','Irten','eu-ES');
INSERT INTO OKM_TRANSLATION (TR_MODULE, TR_KEY, TR_TEXT, TR_LANGUAGE) VALUES ('frontend','general.menu.file.purge.trash','Paperontzia hustu','eu-ES');
INSERT INTO OKM_TRANSLATION (TR_MODULE, TR_KEY, TR_TEXT, TR_LANGUAGE) VALUES ('frontend','general.menu.edit','Edizioa','eu-ES');
INSERT INTO OKM_TRANSLATION (TR_MODULE, TR_KEY, TR_TEXT, TR_LANGUAGE) VALUES ('frontend','general.menu.file.create.directory','Karpeta sortu','eu-ES');
INSERT INTO OKM_TRANSLATION (TR_MODULE, TR_KEY, TR_TEXT, TR_LANGUAGE) VALUES ('frontend','general.menu.file.download.document','Dokumentua deskargatu','eu-ES');
INSERT INTO OKM_TRANSLATION (TR_MODULE, TR_KEY, TR_TEXT, TR_LANGUAGE) VALUES ('frontend','general.menu.file.download.document.pdf','Dokumentua PDF bezala deskargatu','eu-ES');
INSERT INTO OKM_TRANSLATION (TR_MODULE, TR_KEY, TR_TEXT, TR_LANGUAGE) VALUES ('frontend','general.menu.file.send.link','dokumentuaren lotura bidali','eu-ES');
INSERT INTO OKM_TRANSLATION (TR_MODULE, TR_KEY, TR_TEXT, TR_LANGUAGE) VALUES ('frontend','general.menu.file.send.attachment','Enviar documento adjunto','eu-ES');
INSERT INTO OKM_TRANSLATION (TR_MODULE, TR_KEY, TR_TEXT, TR_LANGUAGE) VALUES ('frontend','general.menu.file.lock','Blokeatu','eu-ES');
INSERT INTO OKM_TRANSLATION (TR_MODULE, TR_KEY, TR_TEXT, TR_LANGUAGE) VALUES ('frontend','general.menu.file.unlock','Desblokeatu','eu-ES');
INSERT INTO OKM_TRANSLATION (TR_MODULE, TR_KEY, TR_TEXT, TR_LANGUAGE) VALUES ('frontend','general.menu.file.add.document','Dokumentua erantsi','eu-ES');
INSERT INTO OKM_TRANSLATION (TR_MODULE, TR_KEY, TR_TEXT, TR_LANGUAGE) VALUES ('frontend','general.menu.file.checkout','Checkout','eu-ES');
INSERT INTO OKM_TRANSLATION (TR_MODULE, TR_KEY, TR_TEXT, TR_LANGUAGE) VALUES ('frontend','general.menu.file.checkin','Checkin','eu-ES');
INSERT INTO OKM_TRANSLATION (TR_MODULE, TR_KEY, TR_TEXT, TR_LANGUAGE) VALUES ('frontend','general.menu.file.cancel.checkout',' checkout-a ezeztatu','eu-ES');
INSERT INTO OKM_TRANSLATION (TR_MODULE, TR_KEY, TR_TEXT, TR_LANGUAGE) VALUES ('frontend','general.menu.file.delete','Ezabatu','eu-ES');
INSERT INTO OKM_TRANSLATION (TR_MODULE, TR_KEY, TR_TEXT, TR_LANGUAGE) VALUES ('frontend','general.menu.file.refresh','Freskatu','eu-ES');
INSERT INTO OKM_TRANSLATION (TR_MODULE, TR_KEY, TR_TEXT, TR_LANGUAGE) VALUES ('frontend','general.menu.file.scanner','Scanner','eu-ES');
INSERT INTO OKM_TRANSLATION (TR_MODULE, TR_KEY, TR_TEXT, TR_LANGUAGE) VALUES ('frontend','general.menu.file.uploader','Fitxategiak Igo','eu-ES');
INSERT INTO OKM_TRANSLATION (TR_MODULE, TR_KEY, TR_TEXT, TR_LANGUAGE) VALUES ('frontend','general.menu.tools','Tresnak','eu-ES');
INSERT INTO OKM_TRANSLATION (TR_MODULE, TR_KEY, TR_TEXT, TR_LANGUAGE) VALUES ('frontend','general.menu.tools.languages','Hizkuntzak','eu-ES');
INSERT INTO OKM_TRANSLATION (TR_MODULE, TR_KEY, TR_TEXT, TR_LANGUAGE) VALUES ('frontend','general.menu.tools.skin','Itxura','eu-ES');
INSERT INTO OKM_TRANSLATION (TR_MODULE, TR_KEY, TR_TEXT, TR_LANGUAGE) VALUES ('frontend','general.menu.tools.skin.default','Lehenetsia','eu-ES');
INSERT INTO OKM_TRANSLATION (TR_MODULE, TR_KEY, TR_TEXT, TR_LANGUAGE) VALUES ('frontend','general.menu.tools.skin.default2','Lehenetsia 2','eu-ES');
INSERT INTO OKM_TRANSLATION (TR_MODULE, TR_KEY, TR_TEXT, TR_LANGUAGE) VALUES ('frontend','general.menu.tools.skin.mediumfont','iturri ertaina','eu-ES');
INSERT INTO OKM_TRANSLATION (TR_MODULE, TR_KEY, TR_TEXT, TR_LANGUAGE) VALUES ('frontend','general.menu.tools.skin.bigfont','iturri handia','eu-ES');
INSERT INTO OKM_TRANSLATION (TR_MODULE, TR_KEY, TR_TEXT, TR_LANGUAGE) VALUES ('frontend','general.menu.debug.console','depurazio konsola','eu-ES');
INSERT INTO OKM_TRANSLATION (TR_MODULE, TR_KEY, TR_TEXT, TR_LANGUAGE) VALUES ('frontend','general.menu.administration','Administrazioa erakutsi','eu-ES');
INSERT INTO OKM_TRANSLATION (TR_MODULE, TR_KEY, TR_TEXT, TR_LANGUAGE) VALUES ('frontend','general.menu.tools.preferences','Lehentasunak','eu-ES');
INSERT INTO OKM_TRANSLATION (TR_MODULE, TR_KEY, TR_TEXT, TR_LANGUAGE) VALUES ('frontend','general.menu.tools.user.preferences','Erabiltzailearen konfigurazioa','eu-ES');
INSERT INTO OKM_TRANSLATION (TR_MODULE, TR_KEY, TR_TEXT, TR_LANGUAGE) VALUES ('frontend','general.menu.bookmark','Markatzaileak','eu-ES');
INSERT INTO OKM_TRANSLATION (TR_MODULE, TR_KEY, TR_TEXT, TR_LANGUAGE) VALUES ('frontend','general.menu.bookmark.home','Hasiera','eu-ES');
INSERT INTO OKM_TRANSLATION (TR_MODULE, TR_KEY, TR_TEXT, TR_LANGUAGE) VALUES ('frontend','general.menu.bookmark.default.home','Hasiera lehenetsia','eu-ES');
INSERT INTO OKM_TRANSLATION (TR_MODULE, TR_KEY, TR_TEXT, TR_LANGUAGE) VALUES ('frontend','general.menu.bookmark.edit','Markatzaileak editatu','eu-ES');
INSERT INTO OKM_TRANSLATION (TR_MODULE, TR_KEY, TR_TEXT, TR_LANGUAGE) VALUES ('frontend','general.menu.help','Laguntza','eu-ES');
INSERT INTO OKM_TRANSLATION (TR_MODULE, TR_KEY, TR_TEXT, TR_LANGUAGE) VALUES ('frontend','general.menu.bug.report','Akatzak erdietsi','eu-ES');
INSERT INTO OKM_TRANSLATION (TR_MODULE, TR_KEY, TR_TEXT, TR_LANGUAGE) VALUES ('frontend','general.menu.support.request','Laguntza eskaera','eu-ES');
INSERT INTO OKM_TRANSLATION (TR_MODULE, TR_KEY, TR_TEXT, TR_LANGUAGE) VALUES ('frontend','general.menu.public.forum','Foro publikoa','eu-ES');
INSERT INTO OKM_TRANSLATION (TR_MODULE, TR_KEY, TR_TEXT, TR_LANGUAGE) VALUES ('frontend','general.menu.project.web','Proiektuaren web-orria','eu-ES');
INSERT INTO OKM_TRANSLATION (TR_MODULE, TR_KEY, TR_TEXT, TR_LANGUAGE) VALUES ('frontend','general.menu.documentation','Dokumentazioa','eu-ES');
INSERT INTO OKM_TRANSLATION (TR_MODULE, TR_KEY, TR_TEXT, TR_LANGUAGE) VALUES ('frontend','general.menu.version.changes','Bertsioaren oharrak','eu-ES');
INSERT INTO OKM_TRANSLATION (TR_MODULE, TR_KEY, TR_TEXT, TR_LANGUAGE) VALUES ('frontend','general.menu.about','OpenKM-ri buruz','eu-ES');
INSERT INTO OKM_TRANSLATION (TR_MODULE, TR_KEY, TR_TEXT, TR_LANGUAGE) VALUES ('frontend','general.connected','Bezala Konektatua','eu-ES');
INSERT INTO OKM_TRANSLATION (TR_MODULE, TR_KEY, TR_TEXT, TR_LANGUAGE) VALUES ('frontend','filebrowser.name','Izena','eu-ES');
INSERT INTO OKM_TRANSLATION (TR_MODULE, TR_KEY, TR_TEXT, TR_LANGUAGE) VALUES ('frontend','filebrowser.date.update','Modifikikazio data','eu-ES');
INSERT INTO OKM_TRANSLATION (TR_MODULE, TR_KEY, TR_TEXT, TR_LANGUAGE) VALUES ('frontend','filebrowser.size','Tamaina','eu-ES');
INSERT INTO OKM_TRANSLATION (TR_MODULE, TR_KEY, TR_TEXT, TR_LANGUAGE) VALUES ('frontend','filebrowser.path','Bidea','eu-ES');
INSERT INTO OKM_TRANSLATION (TR_MODULE, TR_KEY, TR_TEXT, TR_LANGUAGE) VALUES ('frontend','filebrowser.author','Sortzailea','eu-ES');
INSERT INTO OKM_TRANSLATION (TR_MODULE, TR_KEY, TR_TEXT, TR_LANGUAGE) VALUES ('frontend','filebrowser.version','Bersioa','eu-ES');
INSERT INTO OKM_TRANSLATION (TR_MODULE, TR_KEY, TR_TEXT, TR_LANGUAGE) VALUES ('frontend','filebrowser.menu.checkout','Check-out','eu-ES');
INSERT INTO OKM_TRANSLATION (TR_MODULE, TR_KEY, TR_TEXT, TR_LANGUAGE) VALUES ('frontend','filebrowser.menu.checkin','Check-in','eu-ES');
INSERT INTO OKM_TRANSLATION (TR_MODULE, TR_KEY, TR_TEXT, TR_LANGUAGE) VALUES ('frontend','filebrowser.menu.delete','Ezabatu','eu-ES');
INSERT INTO OKM_TRANSLATION (TR_MODULE, TR_KEY, TR_TEXT, TR_LANGUAGE) VALUES ('frontend','filebrowser.menu.rename','Berrizendatu','eu-ES');
INSERT INTO OKM_TRANSLATION (TR_MODULE, TR_KEY, TR_TEXT, TR_LANGUAGE) VALUES ('frontend','filebrowser.menu.checkout.cancel','check-out-a ezeztatu','eu-ES');
INSERT INTO OKM_TRANSLATION (TR_MODULE, TR_KEY, TR_TEXT, TR_LANGUAGE) VALUES ('frontend','filebrowser.menu.lock','Blokeatu','eu-ES');
INSERT INTO OKM_TRANSLATION (TR_MODULE, TR_KEY, TR_TEXT, TR_LANGUAGE) VALUES ('frontend','filebrowser.menu.unlock','Desblokeatu','eu-ES');
INSERT INTO OKM_TRANSLATION (TR_MODULE, TR_KEY, TR_TEXT, TR_LANGUAGE) VALUES ('frontend','filebrowser.menu.download','Descargatu','eu-ES');
INSERT INTO OKM_TRANSLATION (TR_MODULE, TR_KEY, TR_TEXT, TR_LANGUAGE) VALUES ('frontend','filebrowser.menu.move','Mugitu','eu-ES');
INSERT INTO OKM_TRANSLATION (TR_MODULE, TR_KEY, TR_TEXT, TR_LANGUAGE) VALUES ('frontend','filebrowser.menu.copy','Kopiatu','eu-ES');
INSERT INTO OKM_TRANSLATION (TR_MODULE, TR_KEY, TR_TEXT, TR_LANGUAGE) VALUES ('frontend','filebrowser.menu.create.from.template','Txantiloitik sortu','eu-ES');
INSERT INTO OKM_TRANSLATION (TR_MODULE, TR_KEY, TR_TEXT, TR_LANGUAGE) VALUES ('frontend','filebrowser.menu.add.property.group','Propietate taldea gehitu','eu-ES');
INSERT INTO OKM_TRANSLATION (TR_MODULE, TR_KEY, TR_TEXT, TR_LANGUAGE) VALUES ('frontend','filebrowser.menu.remove.property.group','Propietate taldea ezabatu','eu-ES');
INSERT INTO OKM_TRANSLATION (TR_MODULE, TR_KEY, TR_TEXT, TR_LANGUAGE) VALUES ('frontend','filebrowser.menu.start.workflow',' workflow hasi','eu-ES');
INSERT INTO OKM_TRANSLATION (TR_MODULE, TR_KEY, TR_TEXT, TR_LANGUAGE) VALUES ('frontend','filebrowser.menu.add.subscription','Harpidetza gehitu','eu-ES');
INSERT INTO OKM_TRANSLATION (TR_MODULE, TR_KEY, TR_TEXT, TR_LANGUAGE) VALUES ('frontend','filebrowser.menu.remove.subscription','Harpidetza ezabatu','eu-ES');
INSERT INTO OKM_TRANSLATION (TR_MODULE, TR_KEY, TR_TEXT, TR_LANGUAGE) VALUES ('frontend','filebrowser.menu.add.bookmark','Markatzailea gehitu','eu-ES');
INSERT INTO OKM_TRANSLATION (TR_MODULE, TR_KEY, TR_TEXT, TR_LANGUAGE) VALUES ('frontend','filebrowser.menu.set.home','Hasiera ezarri','eu-ES');
INSERT INTO OKM_TRANSLATION (TR_MODULE, TR_KEY, TR_TEXT, TR_LANGUAGE) VALUES ('frontend','filebrowser.menu.refresh','Freskatu','eu-ES');
INSERT INTO OKM_TRANSLATION (TR_MODULE, TR_KEY, TR_TEXT, TR_LANGUAGE) VALUES ('frontend','filebrowser.menu.export','ZIP-era exportatu','eu-ES');
INSERT INTO OKM_TRANSLATION (TR_MODULE, TR_KEY, TR_TEXT, TR_LANGUAGE) VALUES ('frontend','filebrowser.menu.play','Erreproduzitu','eu-ES');
INSERT INTO OKM_TRANSLATION (TR_MODULE, TR_KEY, TR_TEXT, TR_LANGUAGE) VALUES ('frontend','filebrowser.menu.image.viewer','Irudi bisorea','eu-ES');
INSERT INTO OKM_TRANSLATION (TR_MODULE, TR_KEY, TR_TEXT, TR_LANGUAGE) VALUES ('frontend','filebrowser.status.refresh.folder','Karpeten zerrenda eguneratu','eu-ES');
INSERT INTO OKM_TRANSLATION (TR_MODULE, TR_KEY, TR_TEXT, TR_LANGUAGE) VALUES ('frontend','filebrowser.status.refresh.document','Dokumentu zerrenda eguneratu','eu-ES');
INSERT INTO OKM_TRANSLATION (TR_MODULE, TR_KEY, TR_TEXT, TR_LANGUAGE) VALUES ('frontend','filebrowser.status.refresh.mail','helbide elektronikoen zerrenda eguneratu','eu-ES');
INSERT INTO OKM_TRANSLATION (TR_MODULE, TR_KEY, TR_TEXT, TR_LANGUAGE) VALUES ('frontend','filebrowser.status.refresh.delete.folder','Karpeta ezabatzen','eu-ES');
INSERT INTO OKM_TRANSLATION (TR_MODULE, TR_KEY, TR_TEXT, TR_LANGUAGE) VALUES ('frontend','filebrowser.status.refresh.delete.document','Dokumentua ezabatzen','eu-ES');
INSERT INTO OKM_TRANSLATION (TR_MODULE, TR_KEY, TR_TEXT, TR_LANGUAGE) VALUES ('frontend','filebrowser.status.refresh.checkout','checkout-a egiten','eu-ES');
INSERT INTO OKM_TRANSLATION (TR_MODULE, TR_KEY, TR_TEXT, TR_LANGUAGE) VALUES ('frontend','filebrowser.status.refresh.lock','lock-a esartzen','eu-ES');
INSERT INTO OKM_TRANSLATION (TR_MODULE, TR_KEY, TR_TEXT, TR_LANGUAGE) VALUES ('frontend','filebrowser.status.refresh.unlock','lock-a ezabatzen','eu-ES');
INSERT INTO OKM_TRANSLATION (TR_MODULE, TR_KEY, TR_TEXT, TR_LANGUAGE) VALUES ('frontend','filebrowser.status.refresh.document.rename','Dokumentua berrizendatzen','eu-ES');
INSERT INTO OKM_TRANSLATION (TR_MODULE, TR_KEY, TR_TEXT, TR_LANGUAGE) VALUES ('frontend','filebrowser.status.refresh.folder.rename','Karpeta berrizendatzen','eu-ES');
INSERT INTO OKM_TRANSLATION (TR_MODULE, TR_KEY, TR_TEXT, TR_LANGUAGE) VALUES ('frontend','filebrowser.status.refresh.document.purge','Dokumentua ezabatzen','eu-ES');
INSERT INTO OKM_TRANSLATION (TR_MODULE, TR_KEY, TR_TEXT, TR_LANGUAGE) VALUES ('frontend','filebrowser.status.refresh.folder.purge','Karpeta Ezabatzen','eu-ES');
INSERT INTO OKM_TRANSLATION (TR_MODULE, TR_KEY, TR_TEXT, TR_LANGUAGE) VALUES ('frontend','filebrowser.status.refresh.folder.get','Karpeta Eguneratzen','eu-ES');
INSERT INTO OKM_TRANSLATION (TR_MODULE, TR_KEY, TR_TEXT, TR_LANGUAGE) VALUES ('frontend','filebrowser.status.refresh.document.get','Dokumentua eguneratzen','eu-ES');
INSERT INTO OKM_TRANSLATION (TR_MODULE, TR_KEY, TR_TEXT, TR_LANGUAGE) VALUES ('frontend','filebrowser.status.refresh.add.subscription','Harpidetze esartzen','eu-ES');
INSERT INTO OKM_TRANSLATION (TR_MODULE, TR_KEY, TR_TEXT, TR_LANGUAGE) VALUES ('frontend','filebrowser.status.refresh.remove.subscription','Harpidetza ezabatzen','eu-ES');
INSERT INTO OKM_TRANSLATION (TR_MODULE, TR_KEY, TR_TEXT, TR_LANGUAGE) VALUES ('frontend','filebrowser.status.refresh.get.user.home','Sarrera lortzen','eu-ES');
INSERT INTO OKM_TRANSLATION (TR_MODULE, TR_KEY, TR_TEXT, TR_LANGUAGE) VALUES ('frontend','filebrowser.status.refresh.delete.mail','Mezu elektronikoa ezabatzen','eu-ES');
INSERT INTO OKM_TRANSLATION (TR_MODULE, TR_KEY, TR_TEXT, TR_LANGUAGE) VALUES ('frontend','filebrowser.status.refresh.mail.purge','Mezu elektronikoa ezabatzen','eu-ES');
INSERT INTO OKM_TRANSLATION (TR_MODULE, TR_KEY, TR_TEXT, TR_LANGUAGE) VALUES ('frontend','fileupload.send','Bidali','eu-ES');
INSERT INTO OKM_TRANSLATION (TR_MODULE, TR_KEY, TR_TEXT, TR_LANGUAGE) VALUES ('frontend','fileupload.status.sending','Fitxategia igotzen...','eu-ES');
INSERT INTO OKM_TRANSLATION (TR_MODULE, TR_KEY, TR_TEXT, TR_LANGUAGE) VALUES ('frontend','fileupload.status.indexing','Fitxategia indexatzen ...','eu-ES');
INSERT INTO OKM_TRANSLATION (TR_MODULE, TR_KEY, TR_TEXT, TR_LANGUAGE) VALUES ('frontend','fileupload.status.ok','Bidalketa zuzen eginda','eu-ES');
INSERT INTO OKM_TRANSLATION (TR_MODULE, TR_KEY, TR_TEXT, TR_LANGUAGE) VALUES ('frontend','fileupload.upload.status','Bidalketaren egoera','eu-ES');
INSERT INTO OKM_TRANSLATION (TR_MODULE, TR_KEY, TR_TEXT, TR_LANGUAGE) VALUES ('frontend','fileupload.upload.uploaded','Burutua','eu-ES');
INSERT INTO OKM_TRANSLATION (TR_MODULE, TR_KEY, TR_TEXT, TR_LANGUAGE) VALUES ('frontend','fileupload.upload.completed','Bidalketa Burutua','eu-ES');
INSERT INTO OKM_TRANSLATION (TR_MODULE, TR_KEY, TR_TEXT, TR_LANGUAGE) VALUES ('frontend','fileupload.upload.runtime','Ejekuzio denbora','eu-ES');
INSERT INTO OKM_TRANSLATION (TR_MODULE, TR_KEY, TR_TEXT, TR_LANGUAGE) VALUES ('frontend','fileupload.upload.remaining','falta','eu-ES');
INSERT INTO OKM_TRANSLATION (TR_MODULE, TR_KEY, TR_TEXT, TR_LANGUAGE) VALUES ('frontend','fileupload.button.close','Itxi','eu-ES');
INSERT INTO OKM_TRANSLATION (TR_MODULE, TR_KEY, TR_TEXT, TR_LANGUAGE) VALUES ('frontend','fileupload.button.add.other.file','Beste fitxategi bat gehitu','eu-ES');
INSERT INTO OKM_TRANSLATION (TR_MODULE, TR_KEY, TR_TEXT, TR_LANGUAGE) VALUES ('frontend','fileupload.status.move.file','Fitxategia mugitzen..','eu-ES');
INSERT INTO OKM_TRANSLATION (TR_MODULE, TR_KEY, TR_TEXT, TR_LANGUAGE) VALUES ('frontend','fileupload.status.move.mail','Mezu elektronikoa mugitzen...','eu-ES');
INSERT INTO OKM_TRANSLATION (TR_MODULE, TR_KEY, TR_TEXT, TR_LANGUAGE) VALUES ('frontend','fileupload.status.copy.file','Fitxategia kopiatzen..','eu-ES');
INSERT INTO OKM_TRANSLATION (TR_MODULE, TR_KEY, TR_TEXT, TR_LANGUAGE) VALUES ('frontend','fileupload.status.copy.mail','Mezu elektronikoa kopiatzen...','eu-ES');
INSERT INTO OKM_TRANSLATION (TR_MODULE, TR_KEY, TR_TEXT, TR_LANGUAGE) VALUES ('frontend','fileupload.status.restore.file','Fitxategia berriztatzen...','eu-ES');
INSERT INTO OKM_TRANSLATION (TR_MODULE, TR_KEY, TR_TEXT, TR_LANGUAGE) VALUES ('frontend','fileupload.status.restore.mail','Mezu elektronikoa berriztatzen...','eu-ES');
INSERT INTO OKM_TRANSLATION (TR_MODULE, TR_KEY, TR_TEXT, TR_LANGUAGE) VALUES ('frontend','fileupload.status.move.folder','Karpeta mugitzen...','eu-ES');
INSERT INTO OKM_TRANSLATION (TR_MODULE, TR_KEY, TR_TEXT, TR_LANGUAGE) VALUES ('frontend','fileupload.status.copy.folder','Karpeta kopiatzen...','eu-ES');
INSERT INTO OKM_TRANSLATION (TR_MODULE, TR_KEY, TR_TEXT, TR_LANGUAGE) VALUES ('frontend','fileupload.status.restore.folder','Karpeta berrizten...','eu-ES');
INSERT INTO OKM_TRANSLATION (TR_MODULE, TR_KEY, TR_TEXT, TR_LANGUAGE) VALUES ('frontend','fileupload.status.create.from.template','Fitxategia txantiloitik sortzen...','eu-ES');
INSERT INTO OKM_TRANSLATION (TR_MODULE, TR_KEY, TR_TEXT, TR_LANGUAGE) VALUES ('frontend','fileupload.status.of','-ena','eu-ES');
INSERT INTO OKM_TRANSLATION (TR_MODULE, TR_KEY, TR_TEXT, TR_LANGUAGE) VALUES ('frontend','fileupload.label.insert','Dokumentuak txertatu','eu-ES');
INSERT INTO OKM_TRANSLATION (TR_MODULE, TR_KEY, TR_TEXT, TR_LANGUAGE) VALUES ('frontend','fileupload.label.update','Dokumentuak eguneratu','eu-ES');
INSERT INTO OKM_TRANSLATION (TR_MODULE, TR_KEY, TR_TEXT, TR_LANGUAGE) VALUES ('frontend','fileupload.label.users.notify','Erabiltzaileei jakinarazi','eu-ES');
INSERT INTO OKM_TRANSLATION (TR_MODULE, TR_KEY, TR_TEXT, TR_LANGUAGE) VALUES ('frontend','fileupload.label.comment','Iruzkina','eu-ES');
INSERT INTO OKM_TRANSLATION (TR_MODULE, TR_KEY, TR_TEXT, TR_LANGUAGE) VALUES ('frontend','fileupload.label.users.to.notify"','  "Jakinarazteko erabiltzaileak','eu-ES');
INSERT INTO OKM_TRANSLATION (TR_MODULE, TR_KEY, TR_TEXT, TR_LANGUAGE) VALUES ('frontend','fileupload.label.users"','  "Erabiltzaileak','eu-ES');
INSERT INTO OKM_TRANSLATION (TR_MODULE, TR_KEY, TR_TEXT, TR_LANGUAGE) VALUES ('frontend','fileupload.label.groups.to.notify','Grupos a notificar','eu-ES');
INSERT INTO OKM_TRANSLATION (TR_MODULE, TR_KEY, TR_TEXT, TR_LANGUAGE) VALUES ('frontend','fileupload.label.groups','Grupos','eu-ES');
INSERT INTO OKM_TRANSLATION (TR_MODULE, TR_KEY, TR_TEXT, TR_LANGUAGE) VALUES ('frontend','fileupload.label.must.select.users"','  "Aukeratu erabiltzaieleren bat jakinarazteko','eu-ES');
INSERT INTO OKM_TRANSLATION (TR_MODULE, TR_KEY, TR_TEXT, TR_LANGUAGE) VALUES ('frontend','fileupload.label.importZip','ZIP-etik dokumentuak inportatu','eu-ES');
INSERT INTO OKM_TRANSLATION (TR_MODULE, TR_KEY, TR_TEXT, TR_LANGUAGE) VALUES ('frontend','fileupload.label.notify.comment','Jakinarazpen mezua','eu-ES');
INSERT INTO OKM_TRANSLATION (TR_MODULE, TR_KEY, TR_TEXT, TR_LANGUAGE) VALUES ('frontend','fileupload.label.error.importing.zip','Errorea fitxategia inportatzerakoan','eu-ES');
INSERT INTO OKM_TRANSLATION (TR_MODULE, TR_KEY, TR_TEXT, TR_LANGUAGE) VALUES ('frontend','fileupload.label.error.move.file','Errorea fitxaegia mugitzerakoan','eu-ES');
INSERT INTO OKM_TRANSLATION (TR_MODULE, TR_KEY, TR_TEXT, TR_LANGUAGE) VALUES ('frontend','fileupload.label.error.move.mail','Errorea mezu elektronikoa mugitzerakoan','eu-ES');
INSERT INTO OKM_TRANSLATION (TR_MODULE, TR_KEY, TR_TEXT, TR_LANGUAGE) VALUES ('frontend','fileupload.label.error.copy.file','Errorea fitxategia kopiatzerakoan','eu-ES');
INSERT INTO OKM_TRANSLATION (TR_MODULE, TR_KEY, TR_TEXT, TR_LANGUAGE) VALUES ('frontend','fileupload.label.error.copy.mail','Errorea mezu elektronikoa kopiatzerakoan','eu-ES');
INSERT INTO OKM_TRANSLATION (TR_MODULE, TR_KEY, TR_TEXT, TR_LANGUAGE) VALUES ('frontend','fileupload.label.error.restore.file','Errorea fitxategia berriztatzerakoan','eu-ES');
INSERT INTO OKM_TRANSLATION (TR_MODULE, TR_KEY, TR_TEXT, TR_LANGUAGE) VALUES ('frontend','fileupload.label.error.restore.mail','Errorea mezu elektronikoa berriztatzerakoan','eu-ES');
INSERT INTO OKM_TRANSLATION (TR_MODULE, TR_KEY, TR_TEXT, TR_LANGUAGE) VALUES ('frontend','fileupload.label.error.move.folder','Errorea karpeta mugitzerakoan','eu-ES');
INSERT INTO OKM_TRANSLATION (TR_MODULE, TR_KEY, TR_TEXT, TR_LANGUAGE) VALUES ('frontend','fileupload.label.error.copy.folder','Errorea karpeta kopiatzerakoan','eu-ES');
INSERT INTO OKM_TRANSLATION (TR_MODULE, TR_KEY, TR_TEXT, TR_LANGUAGE) VALUES ('frontend','fileupload.label.error.restore.folder','Errorea karpeta berriztatzerakoan','eu-ES');
INSERT INTO OKM_TRANSLATION (TR_MODULE, TR_KEY, TR_TEXT, TR_LANGUAGE) VALUES ('frontend','fileupload.label.error.create.from.template','Errorea txantiloitik fitxategia sortzerakoan','eu-ES');
INSERT INTO OKM_TRANSLATION (TR_MODULE, TR_KEY, TR_TEXT, TR_LANGUAGE) VALUES ('frontend','fileupload.label.error.not.allowed.move.folder.child','Ezin da mugitu jatorrizko karpetan edo ondorengoetan','eu-ES');
INSERT INTO OKM_TRANSLATION (TR_MODULE, TR_KEY, TR_TEXT, TR_LANGUAGE) VALUES ('frontend','fileupload.label.error.not.allowed.copy.same.folder','Ezin da jatorrizko karpeta kopiatu','eu-ES');
INSERT INTO OKM_TRANSLATION (TR_MODULE, TR_KEY, TR_TEXT, TR_LANGUAGE) VALUES ('frontend','fileupload.label.error.not.allowed.create.from.template.same.folder','Ezin da karpeta bat sortu jatorrizko karpetan','eu-ES');
INSERT INTO OKM_TRANSLATION (TR_MODULE, TR_KEY, TR_TEXT, TR_LANGUAGE) VALUES ('frontend','tab.document.properties','Ezaugarriak','eu-ES');
INSERT INTO OKM_TRANSLATION (TR_MODULE, TR_KEY, TR_TEXT, TR_LANGUAGE) VALUES ('frontend','tab.document.notes','Oharrak','eu-ES');
INSERT INTO OKM_TRANSLATION (TR_MODULE, TR_KEY, TR_TEXT, TR_LANGUAGE) VALUES ('frontend','tab.document.history','Historial-a','eu-ES');
INSERT INTO OKM_TRANSLATION (TR_MODULE, TR_KEY, TR_TEXT, TR_LANGUAGE) VALUES ('frontend','tab.document.status.history','Historial-a eguneratzen','eu-ES');
INSERT INTO OKM_TRANSLATION (TR_MODULE, TR_KEY, TR_TEXT, TR_LANGUAGE) VALUES ('frontend','tab.status.security.role','Actualizando seguridad roles','eu-ES');
INSERT INTO OKM_TRANSLATION (TR_MODULE, TR_KEY, TR_TEXT, TR_LANGUAGE) VALUES ('frontend','tab.status.security.user','Erabiltzaileen segurtasuna eguneratzen','eu-ES');
INSERT INTO OKM_TRANSLATION (TR_MODULE, TR_KEY, TR_TEXT, TR_LANGUAGE) VALUES ('frontend','tab.document.status.group.properties','Ezaugarri taldea eguneratzen','eu-ES');
INSERT INTO OKM_TRANSLATION (TR_MODULE, TR_KEY, TR_TEXT, TR_LANGUAGE) VALUES ('frontend','tab.document.status.set.keywords','Kode Hitzak esartzen','eu-ES');
INSERT INTO OKM_TRANSLATION (TR_MODULE, TR_KEY, TR_TEXT, TR_LANGUAGE) VALUES ('frontend','tab.document.status.set.categories','Mailak eguneratzen','eu-ES');
INSERT INTO OKM_TRANSLATION (TR_MODULE, TR_KEY, TR_TEXT, TR_LANGUAGE) VALUES ('frontend','tab.document.status.get.version.history.size','Dokumentuaren historikoaren neurria freskatzen','eu-ES');
INSERT INTO OKM_TRANSLATION (TR_MODULE, TR_KEY, TR_TEXT, TR_LANGUAGE) VALUES ('frontend','tab.document.status.purge.version.history','Compactando el histrico de documentos','eu-ES');
INSERT INTO OKM_TRANSLATION (TR_MODULE, TR_KEY, TR_TEXT, TR_LANGUAGE) VALUES ('frontend','tab.document.status.restore.version','Dokumentuaren bertsioa berriztatzen','eu-ES');
INSERT INTO OKM_TRANSLATION (TR_MODULE, TR_KEY, TR_TEXT, TR_LANGUAGE) VALUES ('frontend','tab.document.security','Segurtasuna','eu-ES');
INSERT INTO OKM_TRANSLATION (TR_MODULE, TR_KEY, TR_TEXT, TR_LANGUAGE) VALUES ('frontend','tab.document.preview','Ikusi','eu-ES');
INSERT INTO OKM_TRANSLATION (TR_MODULE, TR_KEY, TR_TEXT, TR_LANGUAGE) VALUES ('frontend','tab.folder.properties','Ezaugarriak','eu-ES');
INSERT INTO OKM_TRANSLATION (TR_MODULE, TR_KEY, TR_TEXT, TR_LANGUAGE) VALUES ('frontend','tab.folder.security','Segurtasuna','eu-ES');
INSERT INTO OKM_TRANSLATION (TR_MODULE, TR_KEY, TR_TEXT, TR_LANGUAGE) VALUES ('frontend','tab.folder.notes','Oharrak','eu-ES');
INSERT INTO OKM_TRANSLATION (TR_MODULE, TR_KEY, TR_TEXT, TR_LANGUAGE) VALUES ('frontend','tab.workspace.desktop','Idazmahaia','eu-ES');
INSERT INTO OKM_TRANSLATION (TR_MODULE, TR_KEY, TR_TEXT, TR_LANGUAGE) VALUES ('frontend','tab.workspace.search','Bilatzailea','eu-ES');
INSERT INTO OKM_TRANSLATION (TR_MODULE, TR_KEY, TR_TEXT, TR_LANGUAGE) VALUES ('frontend','tab.workspace.dashboard','ohar-taula','eu-ES');
INSERT INTO OKM_TRANSLATION (TR_MODULE, TR_KEY, TR_TEXT, TR_LANGUAGE) VALUES ('frontend','tab.workspace.administration','Administrazioa','eu-ES');
INSERT INTO OKM_TRANSLATION (TR_MODULE, TR_KEY, TR_TEXT, TR_LANGUAGE) VALUES ('frontend','document.uuid','UUID','eu-ES');
INSERT INTO OKM_TRANSLATION (TR_MODULE, TR_KEY, TR_TEXT, TR_LANGUAGE) VALUES ('frontend','document.name','Izena','eu-ES');
INSERT INTO OKM_TRANSLATION (TR_MODULE, TR_KEY, TR_TEXT, TR_LANGUAGE) VALUES ('frontend','document.folder','Karpeta','eu-ES');
INSERT INTO OKM_TRANSLATION (TR_MODULE, TR_KEY, TR_TEXT, TR_LANGUAGE) VALUES ('frontend','document.size','Neurria','eu-ES');
INSERT INTO OKM_TRANSLATION (TR_MODULE, TR_KEY, TR_TEXT, TR_LANGUAGE) VALUES ('frontend','document.created','Sortua','eu-ES');
INSERT INTO OKM_TRANSLATION (TR_MODULE, TR_KEY, TR_TEXT, TR_LANGUAGE) VALUES ('frontend','document.lastmodified','Aldatua','eu-ES');
INSERT INTO OKM_TRANSLATION (TR_MODULE, TR_KEY, TR_TEXT, TR_LANGUAGE) VALUES ('frontend','document.mimetype','MIME mota','eu-ES');
INSERT INTO OKM_TRANSLATION (TR_MODULE, TR_KEY, TR_TEXT, TR_LANGUAGE) VALUES ('frontend','document.keywords','Kode hitzak','eu-ES');
INSERT INTO OKM_TRANSLATION (TR_MODULE, TR_KEY, TR_TEXT, TR_LANGUAGE) VALUES ('frontend','document.by','-ek','eu-ES');
INSERT INTO OKM_TRANSLATION (TR_MODULE, TR_KEY, TR_TEXT, TR_LANGUAGE) VALUES ('frontend','document.status','Egoera','eu-ES');
INSERT INTO OKM_TRANSLATION (TR_MODULE, TR_KEY, TR_TEXT, TR_LANGUAGE) VALUES ('frontend','document.status.checkout','-gatik editatua','eu-ES');
INSERT INTO OKM_TRANSLATION (TR_MODULE, TR_KEY, TR_TEXT, TR_LANGUAGE) VALUES ('frontend','document.status.locked','-ek blokeatua','eu-ES');
INSERT INTO OKM_TRANSLATION (TR_MODULE, TR_KEY, TR_TEXT, TR_LANGUAGE) VALUES ('frontend','document.status.normal','Erabilgarri','eu-ES');
INSERT INTO OKM_TRANSLATION (TR_MODULE, TR_KEY, TR_TEXT, TR_LANGUAGE) VALUES ('frontend','document.subscribed','Izenpetua','eu-ES');
INSERT INTO OKM_TRANSLATION (TR_MODULE, TR_KEY, TR_TEXT, TR_LANGUAGE) VALUES ('frontend','document.subscribed.yes','Bai','eu-ES');
INSERT INTO OKM_TRANSLATION (TR_MODULE, TR_KEY, TR_TEXT, TR_LANGUAGE) VALUES ('frontend','document.subscribed.no','Ez','eu-ES');
INSERT INTO OKM_TRANSLATION (TR_MODULE, TR_KEY, TR_TEXT, TR_LANGUAGE) VALUES ('frontend','document.history.size','Historiakoaren neurria','eu-ES');
INSERT INTO OKM_TRANSLATION (TR_MODULE, TR_KEY, TR_TEXT, TR_LANGUAGE) VALUES ('frontend','document.subscribed.users','Izenemandako erabiltzaileak','eu-ES');
INSERT INTO OKM_TRANSLATION (TR_MODULE, TR_KEY, TR_TEXT, TR_LANGUAGE) VALUES ('frontend','document.url','URL','eu-ES');
INSERT INTO OKM_TRANSLATION (TR_MODULE, TR_KEY, TR_TEXT, TR_LANGUAGE) VALUES ('frontend','document.webdav','WebDAV','eu-ES');
INSERT INTO OKM_TRANSLATION (TR_MODULE, TR_KEY, TR_TEXT, TR_LANGUAGE) VALUES ('frontend','document.add.note','Oharra gehitu','eu-ES');
INSERT INTO OKM_TRANSLATION (TR_MODULE, TR_KEY, TR_TEXT, TR_LANGUAGE) VALUES ('frontend','document.keywords.cloud','Kode hitzen hodeia','eu-ES');
INSERT INTO OKM_TRANSLATION (TR_MODULE, TR_KEY, TR_TEXT, TR_LANGUAGE) VALUES ('frontend','document.categories','Mailak','eu-ES');
INSERT INTO OKM_TRANSLATION (TR_MODULE, TR_KEY, TR_TEXT, TR_LANGUAGE) VALUES ('frontend','folder.uuid','UUID','eu-ES');
INSERT INTO OKM_TRANSLATION (TR_MODULE, TR_KEY, TR_TEXT, TR_LANGUAGE) VALUES ('frontend','folder.name','Izena','eu-ES');
INSERT INTO OKM_TRANSLATION (TR_MODULE, TR_KEY, TR_TEXT, TR_LANGUAGE) VALUES ('frontend','folder.parent','Aita','eu-ES');
INSERT INTO OKM_TRANSLATION (TR_MODULE, TR_KEY, TR_TEXT, TR_LANGUAGE) VALUES ('frontend','folder.created','Sortua','eu-ES');
INSERT INTO OKM_TRANSLATION (TR_MODULE, TR_KEY, TR_TEXT, TR_LANGUAGE) VALUES ('frontend','folder.by','-ek','eu-ES');
INSERT INTO OKM_TRANSLATION (TR_MODULE, TR_KEY, TR_TEXT, TR_LANGUAGE) VALUES ('frontend','folder.subscribed','Izenpetua','eu-ES');
INSERT INTO OKM_TRANSLATION (TR_MODULE, TR_KEY, TR_TEXT, TR_LANGUAGE) VALUES ('frontend','folder.subscribed.yes','Bai','eu-ES');
INSERT INTO OKM_TRANSLATION (TR_MODULE, TR_KEY, TR_TEXT, TR_LANGUAGE) VALUES ('frontend','folder.subscribed.no','Ez','eu-ES');
INSERT INTO OKM_TRANSLATION (TR_MODULE, TR_KEY, TR_TEXT, TR_LANGUAGE) VALUES ('frontend','folder.subscribed.users','Izenpetutako erabileak','eu-ES');
INSERT INTO OKM_TRANSLATION (TR_MODULE, TR_KEY, TR_TEXT, TR_LANGUAGE) VALUES ('frontend','folder.url','URL','eu-ES');
INSERT INTO OKM_TRANSLATION (TR_MODULE, TR_KEY, TR_TEXT, TR_LANGUAGE) VALUES ('frontend','folder.webdav','WebDAV','eu-ES');
INSERT INTO OKM_TRANSLATION (TR_MODULE, TR_KEY, TR_TEXT, TR_LANGUAGE) VALUES ('frontend','folder.number.folders','Carpetas','eu-ES');
INSERT INTO OKM_TRANSLATION (TR_MODULE, TR_KEY, TR_TEXT, TR_LANGUAGE) VALUES ('frontend','folder.number.documents','Documentos','eu-ES');
INSERT INTO OKM_TRANSLATION (TR_MODULE, TR_KEY, TR_TEXT, TR_LANGUAGE) VALUES ('frontend','folder.number.mails','Correos electrnicos','eu-ES');
INSERT INTO OKM_TRANSLATION (TR_MODULE, TR_KEY, TR_TEXT, TR_LANGUAGE) VALUES ('frontend','version.name','Bertsioa','eu-ES');
INSERT INTO OKM_TRANSLATION (TR_MODULE, TR_KEY, TR_TEXT, TR_LANGUAGE) VALUES ('frontend','version.created','Data','eu-ES');
INSERT INTO OKM_TRANSLATION (TR_MODULE, TR_KEY, TR_TEXT, TR_LANGUAGE) VALUES ('frontend','version.author','Egile','eu-ES');
INSERT INTO OKM_TRANSLATION (TR_MODULE, TR_KEY, TR_TEXT, TR_LANGUAGE) VALUES ('frontend','version.size','Tamaina','eu-ES');
INSERT INTO OKM_TRANSLATION (TR_MODULE, TR_KEY, TR_TEXT, TR_LANGUAGE) VALUES ('frontend','version.purge.document','Historikoa trinkatu','eu-ES');
INSERT INTO OKM_TRANSLATION (TR_MODULE, TR_KEY, TR_TEXT, TR_LANGUAGE) VALUES ('frontend','version.comment','Iruzkina','eu-ES');
INSERT INTO OKM_TRANSLATION (TR_MODULE, TR_KEY, TR_TEXT, TR_LANGUAGE) VALUES ('frontend','security.label','Segurtasuna','eu-ES');
INSERT INTO OKM_TRANSLATION (TR_MODULE, TR_KEY, TR_TEXT, TR_LANGUAGE) VALUES ('frontend','security.group.name','Taldea','eu-ES');
INSERT INTO OKM_TRANSLATION (TR_MODULE, TR_KEY, TR_TEXT, TR_LANGUAGE) VALUES ('frontend','security.group.permission.read','Irakurketa','eu-ES');
INSERT INTO OKM_TRANSLATION (TR_MODULE, TR_KEY, TR_TEXT, TR_LANGUAGE) VALUES ('frontend','security.group.permission.write','Idazketa','eu-ES');
INSERT INTO OKM_TRANSLATION (TR_MODULE, TR_KEY, TR_TEXT, TR_LANGUAGE) VALUES ('frontend','security.group.permission.delete','Borrado','eu-ES');
INSERT INTO OKM_TRANSLATION (TR_MODULE, TR_KEY, TR_TEXT, TR_LANGUAGE) VALUES ('frontend','security.group.permission.security','Seguridad','eu-ES');
INSERT INTO OKM_TRANSLATION (TR_MODULE, TR_KEY, TR_TEXT, TR_LANGUAGE) VALUES ('frontend','security.user.name','Erabiltzaiea','eu-ES');
INSERT INTO OKM_TRANSLATION (TR_MODULE, TR_KEY, TR_TEXT, TR_LANGUAGE) VALUES ('frontend','security.user.permission.read','Irakurketa','eu-ES');
INSERT INTO OKM_TRANSLATION (TR_MODULE, TR_KEY, TR_TEXT, TR_LANGUAGE) VALUES ('frontend','security.user.permission.write','Idazketa','eu-ES');
INSERT INTO OKM_TRANSLATION (TR_MODULE, TR_KEY, TR_TEXT, TR_LANGUAGE) VALUES ('frontend','security.user.permission.delete','Borrado','eu-ES');
INSERT INTO OKM_TRANSLATION (TR_MODULE, TR_KEY, TR_TEXT, TR_LANGUAGE) VALUES ('frontend','security.user.permission.security','Seguridad','eu-ES');
INSERT INTO OKM_TRANSLATION (TR_MODULE, TR_KEY, TR_TEXT, TR_LANGUAGE) VALUES ('frontend','security.users','Erabiltzaielak','eu-ES');
INSERT INTO OKM_TRANSLATION (TR_MODULE, TR_KEY, TR_TEXT, TR_LANGUAGE) VALUES ('frontend','security.groups','Taldeak','eu-ES');
INSERT INTO OKM_TRANSLATION (TR_MODULE, TR_KEY, TR_TEXT, TR_LANGUAGE) VALUES ('frontend','security.recursive','Errekurtsibo eran aldaketak ezarri','eu-ES');
INSERT INTO OKM_TRANSLATION (TR_MODULE, TR_KEY, TR_TEXT, TR_LANGUAGE) VALUES ('frontend','secutiry.filter.by.users','Filtro de usuarios','eu-ES');
INSERT INTO OKM_TRANSLATION (TR_MODULE, TR_KEY, TR_TEXT, TR_LANGUAGE) VALUES ('frontend','secutiry.filter.by.groups','Filtro de grupos','eu-ES');
INSERT INTO OKM_TRANSLATION (TR_MODULE, TR_KEY, TR_TEXT, TR_LANGUAGE) VALUES ('frontend','security.status.updating','Actualizando la seguridad','eu-ES');
INSERT INTO OKM_TRANSLATION (TR_MODULE, TR_KEY, TR_TEXT, TR_LANGUAGE) VALUES ('frontend','preview.unavailable','Preikusketa ez erabilgarri','eu-ES');
INSERT INTO OKM_TRANSLATION (TR_MODULE, TR_KEY, TR_TEXT, TR_LANGUAGE) VALUES ('frontend','mail.from','-tik','eu-ES');
INSERT INTO OKM_TRANSLATION (TR_MODULE, TR_KEY, TR_TEXT, TR_LANGUAGE) VALUES ('frontend','mail.reply','-ri erantzun','eu-ES');
INSERT INTO OKM_TRANSLATION (TR_MODULE, TR_KEY, TR_TEXT, TR_LANGUAGE) VALUES ('frontend','mail.to','-tzako','eu-ES');
INSERT INTO OKM_TRANSLATION (TR_MODULE, TR_KEY, TR_TEXT, TR_LANGUAGE) VALUES ('frontend','mail.subject','Gaia','eu-ES');
INSERT INTO OKM_TRANSLATION (TR_MODULE, TR_KEY, TR_TEXT, TR_LANGUAGE) VALUES ('frontend','mail.attachment','Eranskinak','eu-ES');
INSERT INTO OKM_TRANSLATION (TR_MODULE, TR_KEY, TR_TEXT, TR_LANGUAGE) VALUES ('frontend','error.label','Sistemak errorea sortu du','eu-ES');
INSERT INTO OKM_TRANSLATION (TR_MODULE, TR_KEY, TR_TEXT, TR_LANGUAGE) VALUES ('frontend','error.invocation','Errorea zerbitzariarekin komunikatzerakoan','eu-ES');
INSERT INTO OKM_TRANSLATION (TR_MODULE, TR_KEY, TR_TEXT, TR_LANGUAGE) VALUES ('frontend','about.label','OpenKM-ri buruz','eu-ES');
INSERT INTO OKM_TRANSLATION (TR_MODULE, TR_KEY, TR_TEXT, TR_LANGUAGE) VALUES ('frontend','about.loading','Kargatzen ...','eu-ES');
INSERT INTO OKM_TRANSLATION (TR_MODULE, TR_KEY, TR_TEXT, TR_LANGUAGE) VALUES ('frontend','logout.label','Irten','eu-ES');
INSERT INTO OKM_TRANSLATION (TR_MODULE, TR_KEY, TR_TEXT, TR_LANGUAGE) VALUES ('frontend','logout.closed','OpenKM egoki itxi da.','eu-ES');
INSERT INTO OKM_TRANSLATION (TR_MODULE, TR_KEY, TR_TEXT, TR_LANGUAGE) VALUES ('frontend','logout.logout','OpenKM izten ari da; mesedez itxaron','eu-ES');
INSERT INTO OKM_TRANSLATION (TR_MODULE, TR_KEY, TR_TEXT, TR_LANGUAGE) VALUES ('frontend','confirm.label','Baieztapena','eu-ES');
INSERT INTO OKM_TRANSLATION (TR_MODULE, TR_KEY, TR_TEXT, TR_LANGUAGE) VALUES ('frontend','confirm.delete.folder','Ziur karpeta ezabatu nahi duzula?','eu-ES');
INSERT INTO OKM_TRANSLATION (TR_MODULE, TR_KEY, TR_TEXT, TR_LANGUAGE) VALUES ('frontend','confirm.delete.document','Ziur dokumentua ezabatu nahi duzula?','eu-ES');
INSERT INTO OKM_TRANSLATION (TR_MODULE, TR_KEY, TR_TEXT, TR_LANGUAGE) VALUES ('frontend','confirm.delete.trash','Ziur paperontzia utzitu nahi duzula?','eu-ES');
INSERT INTO OKM_TRANSLATION (TR_MODULE, TR_KEY, TR_TEXT, TR_LANGUAGE) VALUES ('frontend','confirm.purge.folder','Ziur karpeta ezabatu nahi duzula?','eu-ES');
INSERT INTO OKM_TRANSLATION (TR_MODULE, TR_KEY, TR_TEXT, TR_LANGUAGE) VALUES ('frontend','confirm.purge.document','Ziur dokumentua ezabatu nahi duzula?','eu-ES');
INSERT INTO OKM_TRANSLATION (TR_MODULE, TR_KEY, TR_TEXT, TR_LANGUAGE) VALUES ('frontend','confirm.delete.propety.group','Ziur ezaugarri taldea ezabatu nahi duzula?','eu-ES');
INSERT INTO OKM_TRANSLATION (TR_MODULE, TR_KEY, TR_TEXT, TR_LANGUAGE) VALUES ('frontend','confirm.purge.version.history.document','Ziur dokumentuaren historikoa ezabatu nahi duzula?','eu-ES');
INSERT INTO OKM_TRANSLATION (TR_MODULE, TR_KEY, TR_TEXT, TR_LANGUAGE) VALUES ('frontend','confirm.purge.restore.document','Ziur bertsio honetara berriztatu nahi duzula dokumentuaren historikoa?','eu-ES');
INSERT INTO OKM_TRANSLATION (TR_MODULE, TR_KEY, TR_TEXT, TR_LANGUAGE) VALUES ('frontend','confirm.set.default.home','Ziur zaude hasiera lehenetsia ezarri nahi duzula','eu-ES');
INSERT INTO OKM_TRANSLATION (TR_MODULE, TR_KEY, TR_TEXT, TR_LANGUAGE) VALUES ('frontend','confirm.delete.saved.search','Ziur gordetako kontsulta ezabatu nahi duzula?','eu-ES');
INSERT INTO OKM_TRANSLATION (TR_MODULE, TR_KEY, TR_TEXT, TR_LANGUAGE) VALUES ('frontend','confirm.delete.user.news','Ziur erabiltzailearen berria ezabatu nahi duzula?','eu-ES');
INSERT INTO OKM_TRANSLATION (TR_MODULE, TR_KEY, TR_TEXT, TR_LANGUAGE) VALUES ('frontend','confirm.delete.mail','Ziur mezu elektronikoa ezabatu nahi duzula?','eu-ES');
INSERT INTO OKM_TRANSLATION (TR_MODULE, TR_KEY, TR_TEXT, TR_LANGUAGE) VALUES ('frontend','confirm.get.pooled.workflow.task','Seguro que desea asignarse esta tarea?','eu-ES');
INSERT INTO OKM_TRANSLATION (TR_MODULE, TR_KEY, TR_TEXT, TR_LANGUAGE) VALUES ('frontend','confirm.force.unlock','Seguro que desea forzar el desbloqueo del documento?','eu-ES');
INSERT INTO OKM_TRANSLATION (TR_MODULE, TR_KEY, TR_TEXT, TR_LANGUAGE) VALUES ('frontend','confirm.force.cancel.checkout','Seguro que desea forzar la cancelacin del documento editado?','eu-ES');
INSERT INTO OKM_TRANSLATION (TR_MODULE, TR_KEY, TR_TEXT, TR_LANGUAGE) VALUES ('frontend','search.context','Testuinguru','eu-ES');
INSERT INTO OKM_TRANSLATION (TR_MODULE, TR_KEY, TR_TEXT, TR_LANGUAGE) VALUES ('frontend','search.content','Edukina','eu-ES');
INSERT INTO OKM_TRANSLATION (TR_MODULE, TR_KEY, TR_TEXT, TR_LANGUAGE) VALUES ('frontend','search.name','Izena','eu-ES');
INSERT INTO OKM_TRANSLATION (TR_MODULE, TR_KEY, TR_TEXT, TR_LANGUAGE) VALUES ('frontend','search.keywords','Kode Hitzak','eu-ES');
INSERT INTO OKM_TRANSLATION (TR_MODULE, TR_KEY, TR_TEXT, TR_LANGUAGE) VALUES ('frontend','search.folder','Karpeta','eu-ES');
INSERT INTO OKM_TRANSLATION (TR_MODULE, TR_KEY, TR_TEXT, TR_LANGUAGE) VALUES ('frontend','search.category','Maila','eu-ES');
INSERT INTO OKM_TRANSLATION (TR_MODULE, TR_KEY, TR_TEXT, TR_LANGUAGE) VALUES ('frontend','search.results','Emaizak','eu-ES');
INSERT INTO OKM_TRANSLATION (TR_MODULE, TR_KEY, TR_TEXT, TR_LANGUAGE) VALUES ('frontend','search.to','-era','eu-ES');
INSERT INTO OKM_TRANSLATION (TR_MODULE, TR_KEY, TR_TEXT, TR_LANGUAGE) VALUES ('frontend','search.page.results','Orri bakoitzeko emaitzak','eu-ES');
INSERT INTO OKM_TRANSLATION (TR_MODULE, TR_KEY, TR_TEXT, TR_LANGUAGE) VALUES ('frontend','search.add.property.group','Talde ezaugarria gehitu','eu-ES');
INSERT INTO OKM_TRANSLATION (TR_MODULE, TR_KEY, TR_TEXT, TR_LANGUAGE) VALUES ('frontend','search.mimetype','Dokumentu mota','eu-ES');
INSERT INTO OKM_TRANSLATION (TR_MODULE, TR_KEY, TR_TEXT, TR_LANGUAGE) VALUES ('frontend','search.type','Mota','eu-ES');
INSERT INTO OKM_TRANSLATION (TR_MODULE, TR_KEY, TR_TEXT, TR_LANGUAGE) VALUES ('frontend','search.type.document','Dokumentua','eu-ES');
INSERT INTO OKM_TRANSLATION (TR_MODULE, TR_KEY, TR_TEXT, TR_LANGUAGE) VALUES ('frontend','search.type.folder','Karpeta','eu-ES');
INSERT INTO OKM_TRANSLATION (TR_MODULE, TR_KEY, TR_TEXT, TR_LANGUAGE) VALUES ('frontend','search.type.mail','Posta Elektronikoa','eu-ES');
INSERT INTO OKM_TRANSLATION (TR_MODULE, TR_KEY, TR_TEXT, TR_LANGUAGE) VALUES ('frontend','search.advanced','Bilaketa aurreratua','eu-ES');
INSERT INTO OKM_TRANSLATION (TR_MODULE, TR_KEY, TR_TEXT, TR_LANGUAGE) VALUES ('frontend','search.user','Erabiltzailea','eu-ES');
INSERT INTO OKM_TRANSLATION (TR_MODULE, TR_KEY, TR_TEXT, TR_LANGUAGE) VALUES ('frontend','search.date.and','eta','eu-ES');
INSERT INTO OKM_TRANSLATION (TR_MODULE, TR_KEY, TR_TEXT, TR_LANGUAGE) VALUES ('frontend','search.date.range','Data barrutiak -tik','eu-ES');
INSERT INTO OKM_TRANSLATION (TR_MODULE, TR_KEY, TR_TEXT, TR_LANGUAGE) VALUES ('frontend','search.save.as.news','Erabiltzaileraren berri bezala gorde','eu-ES');
INSERT INTO OKM_TRANSLATION (TR_MODULE, TR_KEY, TR_TEXT, TR_LANGUAGE) VALUES ('frontend','search.folder.filter','Karpeta iragazpena','eu-ES');
INSERT INTO OKM_TRANSLATION (TR_MODULE, TR_KEY, TR_TEXT, TR_LANGUAGE) VALUES ('frontend','search.category.filter','Maila iragazpena','eu-ES');
INSERT INTO OKM_TRANSLATION (TR_MODULE, TR_KEY, TR_TEXT, TR_LANGUAGE) VALUES ('frontend','search.result.name','Izena','eu-ES');
INSERT INTO OKM_TRANSLATION (TR_MODULE, TR_KEY, TR_TEXT, TR_LANGUAGE) VALUES ('frontend','search.result.score','Garrantsia','eu-ES');
INSERT INTO OKM_TRANSLATION (TR_MODULE, TR_KEY, TR_TEXT, TR_LANGUAGE) VALUES ('frontend','search.result.size','Neurria','eu-ES');
INSERT INTO OKM_TRANSLATION (TR_MODULE, TR_KEY, TR_TEXT, TR_LANGUAGE) VALUES ('frontend','search.result.date.update','Modifikazioa data','eu-ES');
INSERT INTO OKM_TRANSLATION (TR_MODULE, TR_KEY, TR_TEXT, TR_LANGUAGE) VALUES ('frontend','search.result.author','Egilea','eu-ES');
INSERT INTO OKM_TRANSLATION (TR_MODULE, TR_KEY, TR_TEXT, TR_LANGUAGE) VALUES ('frontend','search.result.version','Bestsioa','eu-ES');
INSERT INTO OKM_TRANSLATION (TR_MODULE, TR_KEY, TR_TEXT, TR_LANGUAGE) VALUES ('frontend','search.result.path','Kokapena','eu-ES');
INSERT INTO OKM_TRANSLATION (TR_MODULE, TR_KEY, TR_TEXT, TR_LANGUAGE) VALUES ('frontend','search.result.menu.download','Deskargatu','eu-ES');
INSERT INTO OKM_TRANSLATION (TR_MODULE, TR_KEY, TR_TEXT, TR_LANGUAGE) VALUES ('frontend','search.result.menu.go.folder','karpetara joan','eu-ES');
INSERT INTO OKM_TRANSLATION (TR_MODULE, TR_KEY, TR_TEXT, TR_LANGUAGE) VALUES ('frontend','search.result.menu.go.document','dokumentora joan','eu-ES');
INSERT INTO OKM_TRANSLATION (TR_MODULE, TR_KEY, TR_TEXT, TR_LANGUAGE) VALUES ('frontend','search.result.status.findPaginated','Bilaketa burutu','eu-ES');
INSERT INTO OKM_TRANSLATION (TR_MODULE, TR_KEY, TR_TEXT, TR_LANGUAGE) VALUES ('frontend','search.result.status.runsearch','Gordetako bilaketa burutu','eu-ES');
INSERT INTO OKM_TRANSLATION (TR_MODULE, TR_KEY, TR_TEXT, TR_LANGUAGE) VALUES ('frontend','search.saved.run','Burutu','eu-ES');
INSERT INTO OKM_TRANSLATION (TR_MODULE, TR_KEY, TR_TEXT, TR_LANGUAGE) VALUES ('frontend','search.saved.delete','Ezabatu','eu-ES');
INSERT INTO OKM_TRANSLATION (TR_MODULE, TR_KEY, TR_TEXT, TR_LANGUAGE) VALUES ('frontend','search.saved.status.getsearchs','Gordetako bilaketak eguneratu','eu-ES');
INSERT INTO OKM_TRANSLATION (TR_MODULE, TR_KEY, TR_TEXT, TR_LANGUAGE) VALUES ('frontend','search.saved.status.savesearch','Bilaketa gordetzen','eu-ES');
INSERT INTO OKM_TRANSLATION (TR_MODULE, TR_KEY, TR_TEXT, TR_LANGUAGE) VALUES ('frontend','search.saved.status.deletesearch','Gordetako bilaketa ezabatzen','eu-ES');
INSERT INTO OKM_TRANSLATION (TR_MODULE, TR_KEY, TR_TEXT, TR_LANGUAGE) VALUES ('frontend','search.saved.status.getusernews','Erabiltzaielearen berriak eguneratzen','eu-ES');
INSERT INTO OKM_TRANSLATION (TR_MODULE, TR_KEY, TR_TEXT, TR_LANGUAGE) VALUES ('frontend','button.close','Itxi','eu-ES');
INSERT INTO OKM_TRANSLATION (TR_MODULE, TR_KEY, TR_TEXT, TR_LANGUAGE) VALUES ('frontend','button.logout','Irten','eu-ES');
INSERT INTO OKM_TRANSLATION (TR_MODULE, TR_KEY, TR_TEXT, TR_LANGUAGE) VALUES ('frontend','button.update','Eguneratu','eu-ES');
INSERT INTO OKM_TRANSLATION (TR_MODULE, TR_KEY, TR_TEXT, TR_LANGUAGE) VALUES ('frontend','button.cancel','Ezeztatu','eu-ES');
INSERT INTO OKM_TRANSLATION (TR_MODULE, TR_KEY, TR_TEXT, TR_LANGUAGE) VALUES ('frontend','button.accept','Baieztatu','eu-ES');
INSERT INTO OKM_TRANSLATION (TR_MODULE, TR_KEY, TR_TEXT, TR_LANGUAGE) VALUES ('frontend','button.restore','Berriztatu','eu-ES');
INSERT INTO OKM_TRANSLATION (TR_MODULE, TR_KEY, TR_TEXT, TR_LANGUAGE) VALUES ('frontend','button.move','Mugitu','eu-ES');
INSERT INTO OKM_TRANSLATION (TR_MODULE, TR_KEY, TR_TEXT, TR_LANGUAGE) VALUES ('frontend','button.change','Aldatu','eu-ES');
INSERT INTO OKM_TRANSLATION (TR_MODULE, TR_KEY, TR_TEXT, TR_LANGUAGE) VALUES ('frontend','button.search','Bilatu','eu-ES');
INSERT INTO OKM_TRANSLATION (TR_MODULE, TR_KEY, TR_TEXT, TR_LANGUAGE) VALUES ('frontend','button.save.search','Kontsulta Gorde','eu-ES');
INSERT INTO OKM_TRANSLATION (TR_MODULE, TR_KEY, TR_TEXT, TR_LANGUAGE) VALUES ('frontend','button.view','Ikusi','eu-ES');
INSERT INTO OKM_TRANSLATION (TR_MODULE, TR_KEY, TR_TEXT, TR_LANGUAGE) VALUES ('frontend','button.clean','Garbitu','eu-ES');
INSERT INTO OKM_TRANSLATION (TR_MODULE, TR_KEY, TR_TEXT, TR_LANGUAGE) VALUES ('frontend','button.add','Gehitu','eu-ES');
INSERT INTO OKM_TRANSLATION (TR_MODULE, TR_KEY, TR_TEXT, TR_LANGUAGE) VALUES ('frontend','button.delete','Ezabatu','eu-ES');
INSERT INTO OKM_TRANSLATION (TR_MODULE, TR_KEY, TR_TEXT, TR_LANGUAGE) VALUES ('frontend','button.copy','Kopiatu','eu-ES');
INSERT INTO OKM_TRANSLATION (TR_MODULE, TR_KEY, TR_TEXT, TR_LANGUAGE) VALUES ('frontend','button.create','Crear','eu-ES');
INSERT INTO OKM_TRANSLATION (TR_MODULE, TR_KEY, TR_TEXT, TR_LANGUAGE) VALUES ('frontend','button.show','Erakutsi','eu-ES');
INSERT INTO OKM_TRANSLATION (TR_MODULE, TR_KEY, TR_TEXT, TR_LANGUAGE) VALUES ('frontend','button.memory','Eguneratu','eu-ES');
INSERT INTO OKM_TRANSLATION (TR_MODULE, TR_KEY, TR_TEXT, TR_LANGUAGE) VALUES ('frontend','button.copy.clipboard','Paper-zorrora kopiatu','eu-ES');
INSERT INTO OKM_TRANSLATION (TR_MODULE, TR_KEY, TR_TEXT, TR_LANGUAGE) VALUES ('frontend','button.start','Hasi','eu-ES');
INSERT INTO OKM_TRANSLATION (TR_MODULE, TR_KEY, TR_TEXT, TR_LANGUAGE) VALUES ('frontend','button.select','Aukeratu','eu-ES');
INSERT INTO OKM_TRANSLATION (TR_MODULE, TR_KEY, TR_TEXT, TR_LANGUAGE) VALUES ('frontend','button.test','Comprobar','eu-ES');
INSERT INTO OKM_TRANSLATION (TR_MODULE, TR_KEY, TR_TEXT, TR_LANGUAGE) VALUES ('frontend','button.next','Siguiente','eu-ES');
INSERT INTO OKM_TRANSLATION (TR_MODULE, TR_KEY, TR_TEXT, TR_LANGUAGE) VALUES ('frontend','group.label','Ezaugarri taldea gehitu','eu-ES');
INSERT INTO OKM_TRANSLATION (TR_MODULE, TR_KEY, TR_TEXT, TR_LANGUAGE) VALUES ('frontend','group.group','Taldea','eu-ES');
INSERT INTO OKM_TRANSLATION (TR_MODULE, TR_KEY, TR_TEXT, TR_LANGUAGE) VALUES ('frontend','group.property.group','Ezaugarri','eu-ES');
INSERT INTO OKM_TRANSLATION (TR_MODULE, TR_KEY, TR_TEXT, TR_LANGUAGE) VALUES ('frontend','bookmark.label','Markatzailea gehitu','eu-ES');
INSERT INTO OKM_TRANSLATION (TR_MODULE, TR_KEY, TR_TEXT, TR_LANGUAGE) VALUES ('frontend','bookmark.name','Izena','eu-ES');
INSERT INTO OKM_TRANSLATION (TR_MODULE, TR_KEY, TR_TEXT, TR_LANGUAGE) VALUES ('frontend','bookmark.edit.label','Markatzaileen edizioa','eu-ES');
INSERT INTO OKM_TRANSLATION (TR_MODULE, TR_KEY, TR_TEXT, TR_LANGUAGE) VALUES ('frontend','bookmark.path','Bidea','eu-ES');
INSERT INTO OKM_TRANSLATION (TR_MODULE, TR_KEY, TR_TEXT, TR_LANGUAGE) VALUES ('frontend','bookmark.type','Mota','eu-ES');
INSERT INTO OKM_TRANSLATION (TR_MODULE, TR_KEY, TR_TEXT, TR_LANGUAGE) VALUES ('frontend','bookmark.type.document','Dokumentua','eu-ES');
INSERT INTO OKM_TRANSLATION (TR_MODULE, TR_KEY, TR_TEXT, TR_LANGUAGE) VALUES ('frontend','bookmark.type.folder','Karpeta','eu-ES');
INSERT INTO OKM_TRANSLATION (TR_MODULE, TR_KEY, TR_TEXT, TR_LANGUAGE) VALUES ('frontend','notify.label','Dokumentuaren lotura bidali','eu-ES');
INSERT INTO OKM_TRANSLATION (TR_MODULE, TR_KEY, TR_TEXT, TR_LANGUAGE) VALUES ('frontend','notify.label.attachment','Enviar documento adjunto','eu-ES');
INSERT INTO OKM_TRANSLATION (TR_MODULE, TR_KEY, TR_TEXT, TR_LANGUAGE) VALUES ('frontend','status.document.copied','Kopiatzeko markatutako dokumentua','eu-ES');
INSERT INTO OKM_TRANSLATION (TR_MODULE, TR_KEY, TR_TEXT, TR_LANGUAGE) VALUES ('frontend','status.document.cut','Mozteko markatutako dokumentua','eu-ES');
INSERT INTO OKM_TRANSLATION (TR_MODULE, TR_KEY, TR_TEXT, TR_LANGUAGE) VALUES ('frontend','status.folder.copied','Kopiatzeko markatutako karpeta','eu-ES');
INSERT INTO OKM_TRANSLATION (TR_MODULE, TR_KEY, TR_TEXT, TR_LANGUAGE) VALUES ('frontend','status.folder.cut','Mozteko markatutako karpeta','eu-ES');
INSERT INTO OKM_TRANSLATION (TR_MODULE, TR_KEY, TR_TEXT, TR_LANGUAGE) VALUES ('frontend','status.keep.alive.error','konexio galdua Zerbitzariarekin (keep alive)','eu-ES');
INSERT INTO OKM_TRANSLATION (TR_MODULE, TR_KEY, TR_TEXT, TR_LANGUAGE) VALUES ('frontend','status.debug.enabled','Garbiketa aktibatua','eu-ES');
INSERT INTO OKM_TRANSLATION (TR_MODULE, TR_KEY, TR_TEXT, TR_LANGUAGE) VALUES ('frontend','status.debug.disabled','Garbiketa desaktibatua','eu-ES');
INSERT INTO OKM_TRANSLATION (TR_MODULE, TR_KEY, TR_TEXT, TR_LANGUAGE) VALUES ('frontend','status.network.error.detected','Sarean errorea antzemana','eu-ES');
INSERT INTO OKM_TRANSLATION (TR_MODULE, TR_KEY, TR_TEXT, TR_LANGUAGE) VALUES ('frontend','calendar.day.sunday','Igandea','eu-ES');
INSERT INTO OKM_TRANSLATION (TR_MODULE, TR_KEY, TR_TEXT, TR_LANGUAGE) VALUES ('frontend','calendar.day.monday','Astelehena','eu-ES');
INSERT INTO OKM_TRANSLATION (TR_MODULE, TR_KEY, TR_TEXT, TR_LANGUAGE) VALUES ('frontend','calendar.day.tuesday','Asteartea','eu-ES');
INSERT INTO OKM_TRANSLATION (TR_MODULE, TR_KEY, TR_TEXT, TR_LANGUAGE) VALUES ('frontend','calendar.day.wednesday','Asteazkena','eu-ES');
INSERT INTO OKM_TRANSLATION (TR_MODULE, TR_KEY, TR_TEXT, TR_LANGUAGE) VALUES ('frontend','calendar.day.thursday','Osteguna','eu-ES');
INSERT INTO OKM_TRANSLATION (TR_MODULE, TR_KEY, TR_TEXT, TR_LANGUAGE) VALUES ('frontend','calendar.day.friday','Ostirala','eu-ES');
INSERT INTO OKM_TRANSLATION (TR_MODULE, TR_KEY, TR_TEXT, TR_LANGUAGE) VALUES ('frontend','calendar.day.saturday','Larunbat','eu-ES');
INSERT INTO OKM_TRANSLATION (TR_MODULE, TR_KEY, TR_TEXT, TR_LANGUAGE) VALUES ('frontend','calendar.month.january','Urtarrilla','eu-ES');
INSERT INTO OKM_TRANSLATION (TR_MODULE, TR_KEY, TR_TEXT, TR_LANGUAGE) VALUES ('frontend','calendar.month.february','Otsaila','eu-ES');
INSERT INTO OKM_TRANSLATION (TR_MODULE, TR_KEY, TR_TEXT, TR_LANGUAGE) VALUES ('frontend','calendar.month.march','Martxoa','eu-ES');
INSERT INTO OKM_TRANSLATION (TR_MODULE, TR_KEY, TR_TEXT, TR_LANGUAGE) VALUES ('frontend','calendar.month.april','Apirila','eu-ES');
INSERT INTO OKM_TRANSLATION (TR_MODULE, TR_KEY, TR_TEXT, TR_LANGUAGE) VALUES ('frontend','calendar.month.may','Maiatza','eu-ES');
INSERT INTO OKM_TRANSLATION (TR_MODULE, TR_KEY, TR_TEXT, TR_LANGUAGE) VALUES ('frontend','calendar.month.june','Ekaina','eu-ES');
INSERT INTO OKM_TRANSLATION (TR_MODULE, TR_KEY, TR_TEXT, TR_LANGUAGE) VALUES ('frontend','calendar.month.july','Uztaila','eu-ES');
INSERT INTO OKM_TRANSLATION (TR_MODULE, TR_KEY, TR_TEXT, TR_LANGUAGE) VALUES ('frontend','calendar.month.august','Abuztua','eu-ES');
INSERT INTO OKM_TRANSLATION (TR_MODULE, TR_KEY, TR_TEXT, TR_LANGUAGE) VALUES ('frontend','calendar.month.september','Iraila','eu-ES');
INSERT INTO OKM_TRANSLATION (TR_MODULE, TR_KEY, TR_TEXT, TR_LANGUAGE) VALUES ('frontend','calendar.month.october','Urria','eu-ES');
INSERT INTO OKM_TRANSLATION (TR_MODULE, TR_KEY, TR_TEXT, TR_LANGUAGE) VALUES ('frontend','calendar.month.november','Azaroa','eu-ES');
INSERT INTO OKM_TRANSLATION (TR_MODULE, TR_KEY, TR_TEXT, TR_LANGUAGE) VALUES ('frontend','calendar.month.december','Abendua','eu-ES');
INSERT INTO OKM_TRANSLATION (TR_MODULE, TR_KEY, TR_TEXT, TR_LANGUAGE) VALUES ('frontend','media.player.label','Multimedia erreproduzitzailea','eu-ES');
INSERT INTO OKM_TRANSLATION (TR_MODULE, TR_KEY, TR_TEXT, TR_LANGUAGE) VALUES ('frontend','image.viewer.label','Irudien bisorea','eu-ES');
INSERT INTO OKM_TRANSLATION (TR_MODULE, TR_KEY, TR_TEXT, TR_LANGUAGE) VALUES ('frontend','image.viewer.zoom.in','Handitu','eu-ES');
INSERT INTO OKM_TRANSLATION (TR_MODULE, TR_KEY, TR_TEXT, TR_LANGUAGE) VALUES ('frontend','image.viewer.zoom.out','Txikitu','eu-ES');
INSERT INTO OKM_TRANSLATION (TR_MODULE, TR_KEY, TR_TEXT, TR_LANGUAGE) VALUES ('frontend','debug.console.label','Garbiketa Konsola','eu-ES');
INSERT INTO OKM_TRANSLATION (TR_MODULE, TR_KEY, TR_TEXT, TR_LANGUAGE) VALUES ('frontend','debug.enable.disable','CTRL+Z garbiketa modua aktibatu edo desaktibatzeko','eu-ES');
INSERT INTO OKM_TRANSLATION (TR_MODULE, TR_KEY, TR_TEXT, TR_LANGUAGE) VALUES ('frontend','dashboard.tab.general','Orokorra','eu-ES');
INSERT INTO OKM_TRANSLATION (TR_MODULE, TR_KEY, TR_TEXT, TR_LANGUAGE) VALUES ('frontend','dashboard.tab.news','Berriak','eu-ES');
INSERT INTO OKM_TRANSLATION (TR_MODULE, TR_KEY, TR_TEXT, TR_LANGUAGE) VALUES ('frontend','dashboard.tab.user','Erabilea','eu-ES');
INSERT INTO OKM_TRANSLATION (TR_MODULE, TR_KEY, TR_TEXT, TR_LANGUAGE) VALUES ('frontend','dashboard.tab.workflow','Workflow','eu-ES');
INSERT INTO OKM_TRANSLATION (TR_MODULE, TR_KEY, TR_TEXT, TR_LANGUAGE) VALUES ('frontend','dashboard.tab.mail','Posta','eu-ES');
INSERT INTO OKM_TRANSLATION (TR_MODULE, TR_KEY, TR_TEXT, TR_LANGUAGE) VALUES ('frontend','dashboard.tab.keymap','Kode Hitzak','eu-ES');
INSERT INTO OKM_TRANSLATION (TR_MODULE, TR_KEY, TR_TEXT, TR_LANGUAGE) VALUES ('frontend','dashboard.new.items','Berriak','eu-ES');
INSERT INTO OKM_TRANSLATION (TR_MODULE, TR_KEY, TR_TEXT, TR_LANGUAGE) VALUES ('frontend','dashboard.user.locked.documents','Blokeatutako dokumentuak','eu-ES');
INSERT INTO OKM_TRANSLATION (TR_MODULE, TR_KEY, TR_TEXT, TR_LANGUAGE) VALUES ('frontend','dashboard.user.checkout.documents','checkout-en dokumentuak','eu-ES');
INSERT INTO OKM_TRANSLATION (TR_MODULE, TR_KEY, TR_TEXT, TR_LANGUAGE) VALUES ('frontend','dashboard.user.last.modified.documents','Aldatutako azken dokumentuak','eu-ES');
INSERT INTO OKM_TRANSLATION (TR_MODULE, TR_KEY, TR_TEXT, TR_LANGUAGE) VALUES ('frontend','dashboard.user.last.downloaded.documents','Deskargatutako azken dokumentuak','eu-ES');
INSERT INTO OKM_TRANSLATION (TR_MODULE, TR_KEY, TR_TEXT, TR_LANGUAGE) VALUES ('frontend','dashboard.user.subscribed.documents','Izenpetutako dokumentuak','eu-ES');
INSERT INTO OKM_TRANSLATION (TR_MODULE, TR_KEY, TR_TEXT, TR_LANGUAGE) VALUES ('frontend','dashboard.user.subscribed.folders','Izenpetutako karpetak','eu-ES');
INSERT INTO OKM_TRANSLATION (TR_MODULE, TR_KEY, TR_TEXT, TR_LANGUAGE) VALUES ('frontend','dashboard.user.last.uploaded.documents','Igondako azken dokumentuak','eu-ES');
INSERT INTO OKM_TRANSLATION (TR_MODULE, TR_KEY, TR_TEXT, TR_LANGUAGE) VALUES ('frontend','dashboard.general.last.week.top.downloaded.documents','Azken asteko dokumentu ikusienak','eu-ES');
INSERT INTO OKM_TRANSLATION (TR_MODULE, TR_KEY, TR_TEXT, TR_LANGUAGE) VALUES ('frontend','dashboard.general.last.month.top.downloaded.documents','Azken hiledo dokumentu ikusienak','eu-ES');
INSERT INTO OKM_TRANSLATION (TR_MODULE, TR_KEY, TR_TEXT, TR_LANGUAGE) VALUES ('frontend','dashboard.general.last.week.top.modified.documents','Azken asten dokumentu aldatuenak','eu-ES');
INSERT INTO OKM_TRANSLATION (TR_MODULE, TR_KEY, TR_TEXT, TR_LANGUAGE) VALUES ('frontend','dashboard.general.last.month.top.modified.documents','Azken hilean dokumentu aldatuenak','eu-ES');
INSERT INTO OKM_TRANSLATION (TR_MODULE, TR_KEY, TR_TEXT, TR_LANGUAGE) VALUES ('frontend','dashboard.general.last.uploaded.documents','Igondako azken dokumentuak','eu-ES');
INSERT INTO OKM_TRANSLATION (TR_MODULE, TR_KEY, TR_TEXT, TR_LANGUAGE) VALUES ('frontend','dashboard.workflow.pending.tasks','Egiteko lanak','eu-ES');
INSERT INTO OKM_TRANSLATION (TR_MODULE, TR_KEY, TR_TEXT, TR_LANGUAGE) VALUES ('frontend','dashboard.workflow.pending.tasks.unassigned','Tareas pendientes no asignadas','eu-ES');
INSERT INTO OKM_TRANSLATION (TR_MODULE, TR_KEY, TR_TEXT, TR_LANGUAGE) VALUES ('frontend','dashboard.workflow.task','Lana','eu-ES');
INSERT INTO OKM_TRANSLATION (TR_MODULE, TR_KEY, TR_TEXT, TR_LANGUAGE) VALUES ('frontend','dashboard.workflow.task.id','ID','eu-ES');
INSERT INTO OKM_TRANSLATION (TR_MODULE, TR_KEY, TR_TEXT, TR_LANGUAGE) VALUES ('frontend','dashboard.workflow.task.name','Izena','eu-ES');
INSERT INTO OKM_TRANSLATION (TR_MODULE, TR_KEY, TR_TEXT, TR_LANGUAGE) VALUES ('frontend','dashboard.workflow.task.created','Sortze data ','eu-ES');
INSERT INTO OKM_TRANSLATION (TR_MODULE, TR_KEY, TR_TEXT, TR_LANGUAGE) VALUES ('frontend','dashboard.workflow.task.start','Hasiera Data','eu-ES');
INSERT INTO OKM_TRANSLATION (TR_MODULE, TR_KEY, TR_TEXT, TR_LANGUAGE) VALUES ('frontend','dashboard.workflow.task.duedate','Muga data','eu-ES');
INSERT INTO OKM_TRANSLATION (TR_MODULE, TR_KEY, TR_TEXT, TR_LANGUAGE) VALUES ('frontend','dashboard.workflow.task.end','Bukaera Data','eu-ES');
INSERT INTO OKM_TRANSLATION (TR_MODULE, TR_KEY, TR_TEXT, TR_LANGUAGE) VALUES ('frontend','dashboard.workflow.task.description','Deskribapena','eu-ES');
INSERT INTO OKM_TRANSLATION (TR_MODULE, TR_KEY, TR_TEXT, TR_LANGUAGE) VALUES ('frontend','dashboard.workflow.task.process.instance','Instancia de proceso','eu-ES');
INSERT INTO OKM_TRANSLATION (TR_MODULE, TR_KEY, TR_TEXT, TR_LANGUAGE) VALUES ('frontend','dashboard.workflow.task.process.id','ID','eu-ES');
INSERT INTO OKM_TRANSLATION (TR_MODULE, TR_KEY, TR_TEXT, TR_LANGUAGE) VALUES ('frontend','dashboard.workflow.task.process.version','Bertsioa','eu-ES');
INSERT INTO OKM_TRANSLATION (TR_MODULE, TR_KEY, TR_TEXT, TR_LANGUAGE) VALUES ('frontend','dashboard.workflow.task.process.name','Izena','eu-ES');
INSERT INTO OKM_TRANSLATION (TR_MODULE, TR_KEY, TR_TEXT, TR_LANGUAGE) VALUES ('frontend','dashboard.workflow.task.process.description','Deskribapena','eu-ES');
INSERT INTO OKM_TRANSLATION (TR_MODULE, TR_KEY, TR_TEXT, TR_LANGUAGE) VALUES ('frontend','dashboard.workflow.task.process.data','Datos','eu-ES');
INSERT INTO OKM_TRANSLATION (TR_MODULE, TR_KEY, TR_TEXT, TR_LANGUAGE) VALUES ('frontend','dashboard.workflow.comments','Commentario','eu-ES');
INSERT INTO OKM_TRANSLATION (TR_MODULE, TR_KEY, TR_TEXT, TR_LANGUAGE) VALUES ('frontend','dashboard.workflow.task.process.forms','Formulario','eu-ES');
INSERT INTO OKM_TRANSLATION (TR_MODULE, TR_KEY, TR_TEXT, TR_LANGUAGE) VALUES ('frontend','dashboard.workflow.add.comment','Aadir comentario','eu-ES');
INSERT INTO OKM_TRANSLATION (TR_MODULE, TR_KEY, TR_TEXT, TR_LANGUAGE) VALUES ('frontend','dashboard.workflow.task.process.definition','Prozesuaren definizioa','eu-ES');
INSERT INTO OKM_TRANSLATION (TR_MODULE, TR_KEY, TR_TEXT, TR_LANGUAGE) VALUES ('frontend','dashboard.workflow.task.process.path','Bidea','eu-ES');
INSERT INTO OKM_TRANSLATION (TR_MODULE, TR_KEY, TR_TEXT, TR_LANGUAGE) VALUES ('frontend','dashboard.refreshing','Freskatzen','eu-ES');
INSERT INTO OKM_TRANSLATION (TR_MODULE, TR_KEY, TR_TEXT, TR_LANGUAGE) VALUES ('frontend','dashboard.keyword','Kode Hitzak','eu-ES');
INSERT INTO OKM_TRANSLATION (TR_MODULE, TR_KEY, TR_TEXT, TR_LANGUAGE) VALUES ('frontend','dashboard.keyword.suggest','Hitza idatzi','eu-ES');
INSERT INTO OKM_TRANSLATION (TR_MODULE, TR_KEY, TR_TEXT, TR_LANGUAGE) VALUES ('frontend','dashboard.keyword.all','Kode Hitzak','eu-ES');
INSERT INTO OKM_TRANSLATION (TR_MODULE, TR_KEY, TR_TEXT, TR_LANGUAGE) VALUES ('frontend','dashboard.keyword.top','Kode Hitz erabilienak','eu-ES');
INSERT INTO OKM_TRANSLATION (TR_MODULE, TR_KEY, TR_TEXT, TR_LANGUAGE) VALUES ('frontend','dashboard.keyword.related','Erlazionatutako koder hitzak','eu-ES');
INSERT INTO OKM_TRANSLATION (TR_MODULE, TR_KEY, TR_TEXT, TR_LANGUAGE) VALUES ('frontend','dashboard.keyword.goto.document','Dokumentura joan','eu-ES');
INSERT INTO OKM_TRANSLATION (TR_MODULE, TR_KEY, TR_TEXT, TR_LANGUAGE) VALUES ('frontend','dashboard.keyword.clean.keywords','Kode Hitzak Garbitu','eu-ES');
INSERT INTO OKM_TRANSLATION (TR_MODULE, TR_KEY, TR_TEXT, TR_LANGUAGE) VALUES ('frontend','dashboard.mail.last.imported.mails','Posta Elektronikoak','eu-ES');
INSERT INTO OKM_TRANSLATION (TR_MODULE, TR_KEY, TR_TEXT, TR_LANGUAGE) VALUES ('frontend','dashboard.mail.last.imported.attached.documents','Erantzitako Dokumentuak','eu-ES');
INSERT INTO OKM_TRANSLATION (TR_MODULE, TR_KEY, TR_TEXT, TR_LANGUAGE) VALUES ('frontend','workflow.label','Workflow Hasi','eu-ES');
INSERT INTO OKM_TRANSLATION (TR_MODULE, TR_KEY, TR_TEXT, TR_LANGUAGE) VALUES ('frontend','user.preferences.label','Erabiltzailearen konfigurazioa','eu-ES');
INSERT INTO OKM_TRANSLATION (TR_MODULE, TR_KEY, TR_TEXT, TR_LANGUAGE) VALUES ('frontend','user.preferences.user','Erabiltzailea','eu-ES');
INSERT INTO OKM_TRANSLATION (TR_MODULE, TR_KEY, TR_TEXT, TR_LANGUAGE) VALUES ('frontend','user.preferences.password','Kodea','eu-ES');
INSERT INTO OKM_TRANSLATION (TR_MODULE, TR_KEY, TR_TEXT, TR_LANGUAGE) VALUES ('frontend','user.preferences.mail','Posta elektronikoa','eu-ES');
INSERT INTO OKM_TRANSLATION (TR_MODULE, TR_KEY, TR_TEXT, TR_LANGUAGE) VALUES ('frontend','user.preferences.roles','Roles','eu-ES');
INSERT INTO OKM_TRANSLATION (TR_MODULE, TR_KEY, TR_TEXT, TR_LANGUAGE) VALUES ('frontend','user.preferences.imap.host','Servidor de IMAP','eu-ES');
INSERT INTO OKM_TRANSLATION (TR_MODULE, TR_KEY, TR_TEXT, TR_LANGUAGE) VALUES ('frontend','user.preferences.imap.user',' IMAP Erabiltzailea','eu-ES');
INSERT INTO OKM_TRANSLATION (TR_MODULE, TR_KEY, TR_TEXT, TR_LANGUAGE) VALUES ('frontend','user.preferences.imap.user.password','IMAP Kodea','eu-ES');
INSERT INTO OKM_TRANSLATION (TR_MODULE, TR_KEY, TR_TEXT, TR_LANGUAGE) VALUES ('frontend','user.preferences.imap.folder','IMAP karpeta','eu-ES');
INSERT INTO OKM_TRANSLATION (TR_MODULE, TR_KEY, TR_TEXT, TR_LANGUAGE) VALUES ('frontend','user.preferences.password.error','Akatza: kodeak desberdinak dira','eu-ES');
INSERT INTO OKM_TRANSLATION (TR_MODULE, TR_KEY, TR_TEXT, TR_LANGUAGE) VALUES ('frontend','user.preferences.user.data','Erabile Kontua','eu-ES');
INSERT INTO OKM_TRANSLATION (TR_MODULE, TR_KEY, TR_TEXT, TR_LANGUAGE) VALUES ('frontend','user.preferences.mail.data','Nire Kontua','eu-ES');
INSERT INTO OKM_TRANSLATION (TR_MODULE, TR_KEY, TR_TEXT, TR_LANGUAGE) VALUES ('frontend','user.preferences.imap.error','Posta eratzeko eremu guztiak beharrezkoak dira','eu-ES');
INSERT INTO OKM_TRANSLATION (TR_MODULE, TR_KEY, TR_TEXT, TR_LANGUAGE) VALUES ('frontend','user.preferences.imap.password.error.void','IMAP kodea ezin daiteke hutsik izan sorreran','eu-ES');
INSERT INTO OKM_TRANSLATION (TR_MODULE, TR_KEY, TR_TEXT, TR_LANGUAGE) VALUES ('frontend','user.preferences.imap.test.error','Configuracin de IMAP incorrecta','eu-ES');
INSERT INTO OKM_TRANSLATION (TR_MODULE, TR_KEY, TR_TEXT, TR_LANGUAGE) VALUES ('frontend','user.preferences.imap.test.ok','Configuracin de IMAP correcta','eu-ES');
INSERT INTO OKM_TRANSLATION (TR_MODULE, TR_KEY, TR_TEXT, TR_LANGUAGE) VALUES ('frontend','thesaurus.directory.select.label','Thesaurus-en kode hitza gehitu','eu-ES');
INSERT INTO OKM_TRANSLATION (TR_MODULE, TR_KEY, TR_TEXT, TR_LANGUAGE) VALUES ('frontend','thesaurus.tab.tree','Ardatza','eu-ES');
INSERT INTO OKM_TRANSLATION (TR_MODULE, TR_KEY, TR_TEXT, TR_LANGUAGE) VALUES ('frontend','thesaurus.tab.keywords','Kode Hitzak','eu-ES');
INSERT INTO OKM_TRANSLATION (TR_MODULE, TR_KEY, TR_TEXT, TR_LANGUAGE) VALUES ('frontend','categories.folder.select.label','Maila gehitu','eu-ES');
INSERT INTO OKM_TRANSLATION (TR_MODULE, TR_KEY, TR_TEXT, TR_LANGUAGE) VALUES ('frontend','categories.folder.error.delete','Ezin daiteke dokumentuen kategoria ezabatu','eu-ES');
INSERT INTO OKM_TRANSLATION (TR_MODULE, TR_KEY, TR_TEXT, TR_LANGUAGE) VALUES ('frontend','wizard.document.uploading','Asistente de documento','eu-ES');
INSERT INTO OKM_TRANSLATION (TR_MODULE, TR_KEY, TR_TEXT, TR_LANGUAGE) VALUES ('frontend','user.info.chat.connect','Conectar al chat','eu-ES');
INSERT INTO OKM_TRANSLATION (TR_MODULE, TR_KEY, TR_TEXT, TR_LANGUAGE) VALUES ('frontend','user.info.chat.disconnect','Desconectar al chat','eu-ES');
INSERT INTO OKM_TRANSLATION (TR_MODULE, TR_KEY, TR_TEXT, TR_LANGUAGE) VALUES ('frontend','user.info.chat.new.room','Nueva ventana','eu-ES');
INSERT INTO OKM_TRANSLATION (TR_MODULE, TR_KEY, TR_TEXT, TR_LANGUAGE) VALUES ('frontend','user.info.locked.actual','Documentos bloqueados','eu-ES');
INSERT INTO OKM_TRANSLATION (TR_MODULE, TR_KEY, TR_TEXT, TR_LANGUAGE) VALUES ('frontend','user.info.checkout.actual','Documentos editados','eu-ES');
INSERT INTO OKM_TRANSLATION (TR_MODULE, TR_KEY, TR_TEXT, TR_LANGUAGE) VALUES ('frontend','user.info.subscription.actual','Suscripciones actuales','eu-ES');
INSERT INTO OKM_TRANSLATION (TR_MODULE, TR_KEY, TR_TEXT, TR_LANGUAGE) VALUES ('frontend','user.info.news.new','Novedades','eu-ES');
INSERT INTO OKM_TRANSLATION (TR_MODULE, TR_KEY, TR_TEXT, TR_LANGUAGE) VALUES ('frontend','user.info.workflow.pending','Workflows pendientes','eu-ES');
INSERT INTO OKM_TRANSLATION (TR_MODULE, TR_KEY, TR_TEXT, TR_LANGUAGE) VALUES ('frontend','user.info.user.quota','Cuota utilizada','eu-ES');
INSERT INTO OKM_TRANSLATION (TR_MODULE, TR_KEY, TR_TEXT, TR_LANGUAGE) VALUES ('frontend','user.online','Usuarios conectados','eu-ES');
INSERT INTO OKM_TRANSLATION (TR_MODULE, TR_KEY, TR_TEXT, TR_LANGUAGE) VALUES ('frontend','chat.room','Chat','eu-ES');
INSERT INTO OKM_TRANSLATION (TR_MODULE, TR_KEY, TR_TEXT, TR_LANGUAGE) VALUES ('frontend','chat.users.in.room','Usuarios','eu-ES');
INSERT INTO OKM_TRANSLATION (TR_MODULE, TR_KEY, TR_TEXT, TR_LANGUAGE) VALUES ('frontend','OKM-017009','Ez daukazu baimenik dokumentura sartzeko','eu-ES');
INSERT INTO OKM_TRANSLATION (TR_MODULE, TR_KEY, TR_TEXT, TR_LANGUAGE) VALUES ('frontend','OKM-017004','Ezin da dokumentua blokeatu','eu-ES');
INSERT INTO OKM_TRANSLATION (TR_MODULE, TR_KEY, TR_TEXT, TR_LANGUAGE) VALUES ('frontend','OKM-017001','Biltegiko barne errorea','eu-ES');
INSERT INTO OKM_TRANSLATION (TR_MODULE, TR_KEY, TR_TEXT, TR_LANGUAGE) VALUES ('frontend','OKM-017015','Dokumentuaren bidea ez da existitzen','eu-ES');
INSERT INTO OKM_TRANSLATION (TR_MODULE, TR_KEY, TR_TEXT, TR_LANGUAGE) VALUES ('frontend','OKM-017016','Errorea bertsioan','eu-ES');
INSERT INTO OKM_TRANSLATION (TR_MODULE, TR_KEY, TR_TEXT, TR_LANGUAGE) VALUES ('frontend','OKM-002009','Ez daukazu baimenik dokumentu horretara sartzeko','eu-ES');
INSERT INTO OKM_TRANSLATION (TR_MODULE, TR_KEY, TR_TEXT, TR_LANGUAGE) VALUES ('frontend','OKM-002002','Ez da existitzen dokumenturik izen horrekon','eu-ES');
INSERT INTO OKM_TRANSLATION (TR_MODULE, TR_KEY, TR_TEXT, TR_LANGUAGE) VALUES ('frontend','OKM-002003','Badago dokumentu bat izen horrekon','eu-ES');
INSERT INTO OKM_TRANSLATION (TR_MODULE, TR_KEY, TR_TEXT, TR_LANGUAGE) VALUES ('frontend','OKM-002004','Ezin izan da dokumentua desblokeatu','eu-ES');
INSERT INTO OKM_TRANSLATION (TR_MODULE, TR_KEY, TR_TEXT, TR_LANGUAGE) VALUES ('frontend','OKM-002004','Ezin izan da dokumentua desblokeatu','eu-ES');
INSERT INTO OKM_TRANSLATION (TR_MODULE, TR_KEY, TR_TEXT, TR_LANGUAGE) VALUES ('frontend','OKM-002001','Biltegiko barne errorea','eu-ES');
INSERT INTO OKM_TRANSLATION (TR_MODULE, TR_KEY, TR_TEXT, TR_LANGUAGE) VALUES ('frontend','OKM-002006','Aplikazioaren barne errorea','eu-ES');
INSERT INTO OKM_TRANSLATION (TR_MODULE, TR_KEY, TR_TEXT, TR_LANGUAGE) VALUES ('frontend','OKM-002015','Dokumentuaren bidea ez da existitzen','eu-ES');
INSERT INTO OKM_TRANSLATION (TR_MODULE, TR_KEY, TR_TEXT, TR_LANGUAGE) VALUES ('frontend','OKM-002024','Error en la base de datos','eu-ES');
INSERT INTO OKM_TRANSLATION (TR_MODULE, TR_KEY, TR_TEXT, TR_LANGUAGE) VALUES ('frontend','OKM-001009','Ez daukazu baimenik karpetara sartzeko','eu-ES');
INSERT INTO OKM_TRANSLATION (TR_MODULE, TR_KEY, TR_TEXT, TR_LANGUAGE) VALUES ('frontend','OKM-001002','Ez dago karpetarik izen horrekin','eu-ES');
INSERT INTO OKM_TRANSLATION (TR_MODULE, TR_KEY, TR_TEXT, TR_LANGUAGE) VALUES ('frontend','OKM-001003','Badago karpeta bat izen horrekin','eu-ES');
INSERT INTO OKM_TRANSLATION (TR_MODULE, TR_KEY, TR_TEXT, TR_LANGUAGE) VALUES ('frontend','OKM-001001','Biltegiko barne akatza','eu-ES');
INSERT INTO OKM_TRANSLATION (TR_MODULE, TR_KEY, TR_TEXT, TR_LANGUAGE) VALUES ('frontend','OKM-001006','Aplikazioaren barne akatza','eu-ES');
INSERT INTO OKM_TRANSLATION (TR_MODULE, TR_KEY, TR_TEXT, TR_LANGUAGE) VALUES ('frontend','OKM-001015','Karpetaren bidea ez da existitzen','eu-ES');
INSERT INTO OKM_TRANSLATION (TR_MODULE, TR_KEY, TR_TEXT, TR_LANGUAGE) VALUES ('frontend','OKM-001024','Error en la base de datos','eu-ES');
INSERT INTO OKM_TRANSLATION (TR_MODULE, TR_KEY, TR_TEXT, TR_LANGUAGE) VALUES ('frontend','OKM-007009','Ez daukazu baimenik elementura sartzeko','eu-ES');
INSERT INTO OKM_TRANSLATION (TR_MODULE, TR_KEY, TR_TEXT, TR_LANGUAGE) VALUES ('frontend','OKM-007002','Ez dago elementurik izen horrekin','eu-ES');
INSERT INTO OKM_TRANSLATION (TR_MODULE, TR_KEY, TR_TEXT, TR_LANGUAGE) VALUES ('frontend','OKM-007001','Repositorioan barne akatza','eu-ES');
INSERT INTO OKM_TRANSLATION (TR_MODULE, TR_KEY, TR_TEXT, TR_LANGUAGE) VALUES ('frontend','OKM-007006','Aplikazioaren barne akatza','eu-ES');
INSERT INTO OKM_TRANSLATION (TR_MODULE, TR_KEY, TR_TEXT, TR_LANGUAGE) VALUES ('frontend','OKM-007024','Error en la base de datos','eu-ES');
INSERT INTO OKM_TRANSLATION (TR_MODULE, TR_KEY, TR_TEXT, TR_LANGUAGE) VALUES ('frontend','OKM-009002','Ez dago dokumenturik izen horrekin','eu-ES');
INSERT INTO OKM_TRANSLATION (TR_MODULE, TR_KEY, TR_TEXT, TR_LANGUAGE) VALUES ('frontend','OKM-009006','Aplikazioaren barne akatza','eu-ES');
INSERT INTO OKM_TRANSLATION (TR_MODULE, TR_KEY, TR_TEXT, TR_LANGUAGE) VALUES ('frontend','OKM-005010','Jasanezindako fitxategi mota','eu-ES');
INSERT INTO OKM_TRANSLATION (TR_MODULE, TR_KEY, TR_TEXT, TR_LANGUAGE) VALUES ('frontend','OKM-005003','Ez dago dokumenturik izen horrekin','eu-ES');
INSERT INTO OKM_TRANSLATION (TR_MODULE, TR_KEY, TR_TEXT, TR_LANGUAGE) VALUES ('frontend','OKM-005011','Dokumentua handiegia da','eu-ES');
INSERT INTO OKM_TRANSLATION (TR_MODULE, TR_KEY, TR_TEXT, TR_LANGUAGE) VALUES ('frontend','OKM-005027','El nombre del documento no coincide','eu-ES');
INSERT INTO OKM_TRANSLATION (TR_MODULE, TR_KEY, TR_TEXT, TR_LANGUAGE) VALUES ('frontend','OKM-004001','Saioa itxi egin da','eu-ES');
INSERT INTO OKM_TRANSLATION (TR_MODULE, TR_KEY, TR_TEXT, TR_LANGUAGE) VALUES ('frontend','OKM-004024','Error en la base de datos','eu-ES');
INSERT INTO OKM_TRANSLATION (TR_MODULE, TR_KEY, TR_TEXT, TR_LANGUAGE) VALUES ('frontend','OKM-008001','Akatz orokorra kontsulta burutzan','eu-ES');
INSERT INTO OKM_TRANSLATION (TR_MODULE, TR_KEY, TR_TEXT, TR_LANGUAGE) VALUES ('frontend','OKM-008003','Gordetako kontsultaren izena bakarra izan behar da','eu-ES');
INSERT INTO OKM_TRANSLATION (TR_MODULE, TR_KEY, TR_TEXT, TR_LANGUAGE) VALUES ('frontend','OKM-008024','Error en la base de datos','eu-ES');
INSERT INTO OKM_TRANSLATION (TR_MODULE, TR_KEY, TR_TEXT, TR_LANGUAGE) VALUES ('frontend','OKM-011003','Markatzailearen izena bakarra izan behar da','eu-ES');
INSERT INTO OKM_TRANSLATION (TR_MODULE, TR_KEY, TR_TEXT, TR_LANGUAGE) VALUES ('frontend','OKM-003017','Sesioa galdu da','eu-ES');
INSERT INTO OKM_TRANSLATION (TR_MODULE, TR_KEY, TR_TEXT, TR_LANGUAGE) VALUES ('frontend','OKM-013001','Biltegiko barne akatza','eu-ES');
INSERT INTO OKM_TRANSLATION (TR_MODULE, TR_KEY, TR_TEXT, TR_LANGUAGE) VALUES ('frontend','OKM-013024','Error en la base de datos','eu-ES');
INSERT INTO OKM_TRANSLATION (TR_MODULE, TR_KEY, TR_TEXT, TR_LANGUAGE) VALUES ('frontend','OKM-014001','Biltegiko barne akatza','eu-ES');
INSERT INTO OKM_TRANSLATION (TR_MODULE, TR_KEY, TR_TEXT, TR_LANGUAGE) VALUES ('frontend','OKM-014013','sartu/irten gailuan akatza','eu-ES');
INSERT INTO OKM_TRANSLATION (TR_MODULE, TR_KEY, TR_TEXT, TR_LANGUAGE) VALUES ('frontend','OKM-015001','Biltegiko barne akatza','eu-ES');
INSERT INTO OKM_TRANSLATION (TR_MODULE, TR_KEY, TR_TEXT, TR_LANGUAGE) VALUES ('frontend','OKM-015024','Error en la base de datos','eu-ES');
INSERT INTO OKM_TRANSLATION (TR_MODULE, TR_KEY, TR_TEXT, TR_LANGUAGE) VALUES ('frontend','OKM-018022','Errorea nabigatzailearen konfigurazioan','eu-ES');
INSERT INTO OKM_TRANSLATION (TR_MODULE, TR_KEY, TR_TEXT, TR_LANGUAGE) VALUES ('frontend','OKM-018023','Error ha excedido la cuota de usuario, contacte con el administrador','eu-ES');
INSERT INTO OKM_TRANSLATION (TR_MODULE, TR_KEY, TR_TEXT, TR_LANGUAGE) VALUES ('frontend','OKM-016009','No tiene permisos para acceder al correo','eu-ES');
INSERT INTO OKM_TRANSLATION (TR_MODULE, TR_KEY, TR_TEXT, TR_LANGUAGE) VALUES ('frontend','OKM-016002','No existe un correo con ese nombre','eu-ES');
INSERT INTO OKM_TRANSLATION (TR_MODULE, TR_KEY, TR_TEXT, TR_LANGUAGE) VALUES ('frontend','OKM-016003','Ya existe un correo con ese nombre','eu-ES');
INSERT INTO OKM_TRANSLATION (TR_MODULE, TR_KEY, TR_TEXT, TR_LANGUAGE) VALUES ('frontend','OKM-016004','No se pudo desbloquear el correo','eu-ES');
INSERT INTO OKM_TRANSLATION (TR_MODULE, TR_KEY, TR_TEXT, TR_LANGUAGE) VALUES ('frontend','OKM-016001','Error interno del repositorio','eu-ES');
INSERT INTO OKM_TRANSLATION (TR_MODULE, TR_KEY, TR_TEXT, TR_LANGUAGE) VALUES ('frontend','OKM-016006','Error interno de la aplicacin','eu-ES');
INSERT INTO OKM_TRANSLATION (TR_MODULE, TR_KEY, TR_TEXT, TR_LANGUAGE) VALUES ('frontend','OKM-016015','La ruta del correo no existe','eu-ES');
INSERT INTO OKM_TRANSLATION (TR_MODULE, TR_KEY, TR_TEXT, TR_LANGUAGE) VALUES ('frontend','OKM-016024','Error en la base de datos','eu-ES');
INSERT INTO OKM_TRANSLATION (TR_MODULE, TR_KEY, TR_TEXT, TR_LANGUAGE) VALUES ('frontend','OKM-010015','La ruta del no existe','eu-ES');
INSERT INTO OKM_TRANSLATION (TR_MODULE, TR_KEY, TR_TEXT, TR_LANGUAGE) VALUES ('frontend','OKM-010009','No tiene permisos para acceder','eu-ES');
INSERT INTO OKM_TRANSLATION (TR_MODULE, TR_KEY, TR_TEXT, TR_LANGUAGE) VALUES ('frontend','OKM-010001','Error interno del repositorio','eu-ES');
INSERT INTO OKM_TRANSLATION (TR_MODULE, TR_KEY, TR_TEXT, TR_LANGUAGE) VALUES ('frontend','OKM-010024','Error en la base de datos','eu-ES');
INSERT INTO OKM_TRANSLATION (TR_MODULE, TR_KEY, TR_TEXT, TR_LANGUAGE) VALUES ('frontend','OKM-010006','Error interno de la aplicacin   ','eu-ES');
INSERT INTO OKM_TRANSLATION (TR_MODULE, TR_KEY, TR_TEXT, TR_LANGUAGE) VALUES ('frontend','OKM-009004','Bloqueado','eu-ES');
INSERT INTO OKM_TRANSLATION (TR_MODULE, TR_KEY, TR_TEXT, TR_LANGUAGE) VALUES ('frontend','OKM-009015','La ruta no existe','eu-ES');
INSERT INTO OKM_TRANSLATION (TR_MODULE, TR_KEY, TR_TEXT, TR_LANGUAGE) VALUES ('frontend','OKM-009009','No tiene permisos para acceder','eu-ES');
INSERT INTO OKM_TRANSLATION (TR_MODULE, TR_KEY, TR_TEXT, TR_LANGUAGE) VALUES ('frontend','OKM-009001','Error interno del repositorio','eu-ES');
INSERT INTO OKM_TRANSLATION (TR_MODULE, TR_KEY, TR_TEXT, TR_LANGUAGE) VALUES ('frontend','OKM-009024','Error en la base de datos','eu-ES');
INSERT INTO OKM_TRANSLATION (TR_MODULE, TR_KEY, TR_TEXT, TR_LANGUAGE) VALUES ('frontend','OKM-009006','Error interno de la aplicacin','eu-ES');
INSERT INTO OKM_TRANSLATION (TR_MODULE, TR_KEY, TR_TEXT, TR_LANGUAGE) VALUES ('frontend','OKM-009012','No existe el grupo','eu-ES');
INSERT INTO OKM_TRANSLATION (TR_MODULE, TR_KEY, TR_TEXT, TR_LANGUAGE) VALUES ('frontend','OKM-009014','No existe la propiedad','eu-ES');
INSERT INTO OKM_TRANSLATION (TR_MODULE, TR_KEY, TR_TEXT, TR_LANGUAGE) VALUES ('frontend','OKM-009013','Error en el dispositivo de entrada/salida','eu-ES');
INSERT INTO OKM_TRANSLATION (TR_MODULE, TR_KEY, TR_TEXT, TR_LANGUAGE) VALUES ('frontend','OKM-012001','Error interno del repositorio','eu-ES');
INSERT INTO OKM_TRANSLATION (TR_MODULE, TR_KEY, TR_TEXT, TR_LANGUAGE) VALUES ('frontend','OKM-012006','Error interno de la aplicacin','eu-ES');
INSERT INTO OKM_TRANSLATION (TR_MODULE, TR_KEY, TR_TEXT, TR_LANGUAGE) VALUES ('frontend','OKM-012015','La ruta del no existe','eu-ES');
INSERT INTO OKM_TRANSLATION (TR_MODULE, TR_KEY, TR_TEXT, TR_LANGUAGE) VALUES ('frontend','OKM-012024','Error en la base de datos','eu-ES');
INSERT INTO OKM_TRANSLATION (TR_MODULE, TR_KEY, TR_TEXT, TR_LANGUAGE) VALUES ('frontend','OKM-012009','No tiene permisos para acceder','eu-ES');
INSERT INTO OKM_TRANSLATION (TR_MODULE, TR_KEY, TR_TEXT, TR_LANGUAGE) VALUES ('frontend','OKM-019001','Error interno del repositorio','eu-ES');
INSERT INTO OKM_TRANSLATION (TR_MODULE, TR_KEY, TR_TEXT, TR_LANGUAGE) VALUES ('frontend','OKM-019006','Error interno de la aplicacin','eu-ES');
INSERT INTO OKM_TRANSLATION (TR_MODULE, TR_KEY, TR_TEXT, TR_LANGUAGE) VALUES ('frontend','OKM-019024','Error en la base de datos','eu-ES');
INSERT INTO OKM_LANGUAGE (LG_ID, LG_NAME, LG_IMAGE_CONTENT, LG_IMAGE_MIME) VALUES ('fa-FA', 'Farsi', 'R0lGODlhEAALANUAAOoAAPmWlrnjufSrqwCEAMvly6fXp+Xl5dfu10q0SszozPKEhPxlZvPFxfIVFfb29mK+Yvq6ugB3APQzMwBMAFy8XPr19nvKewBkAPrU1PpERPpbW1K4UWvCazyuPHLFc/m1tvhQUPMtLfdERPUlJfU7O/IAAPr6+vPz8/bMzeEAAPgAAPmiorPftK/esT+jP3fId/KlpVO2U1e6V/fx8jGoMPg3N/k8PPzl5fv7+/X19d0AAPz8/ACJAPT09P39/SH5BAAAAAAALAAAAAAQAAsAAAaLwJ5QSCBIjhKMUkm4XGCwz6fTgUAqM1mC0rtcsRxOIuHx1GpbgQIhYCNaCpfCUKC/fvgfj2cBgWgPDzo+Ogd5ezkBLBEBgj4ohXiIJycLCzSDKCg+Bws4ERmgICkDpA0xDQMLKwwaGjc2EyIkJA62DhM7rBsbIb4jIyUlE7IiOybIJgDLyyrOKjvRQQA7', 'image/gif');
INSERT INTO OKM_TRANSLATION (TR_MODULE, TR_KEY, TR_TEXT, TR_LANGUAGE) VALUES ('frontend','general.date.pattern','yyyy/MM/dd hh:mm:ss','fa-FA');
INSERT INTO OKM_TRANSLATION (TR_MODULE, TR_KEY, TR_TEXT, TR_LANGUAGE) VALUES ('frontend','general.day.pattern','yyyy/MM/dd','fa-FA');
INSERT INTO OKM_TRANSLATION (TR_MODULE, TR_KEY, TR_TEXT, TR_LANGUAGE) VALUES ('frontend','general.hour.pattern','HH:mm:ss','fa-FA');
INSERT INTO OKM_TRANSLATION (TR_MODULE, TR_KEY, TR_TEXT, TR_LANGUAGE) VALUES ('frontend','startup.openkm','Loading OpenKM','fa-FA');
INSERT INTO OKM_TRANSLATION (TR_MODULE, TR_KEY, TR_TEXT, TR_LANGUAGE) VALUES ('frontend','startup.starting.loading','Starting loading OpenKM','fa-FA');
INSERT INTO OKM_TRANSLATION (TR_MODULE, TR_KEY, TR_TEXT, TR_LANGUAGE) VALUES ('frontend','startup.taxonomy','Getting taxonomy root node','fa-FA');
INSERT INTO OKM_TRANSLATION (TR_MODULE, TR_KEY, TR_TEXT, TR_LANGUAGE) VALUES ('frontend','startup.categories','Getting categories root node','fa-FA');
INSERT INTO OKM_TRANSLATION (TR_MODULE, TR_KEY, TR_TEXT, TR_LANGUAGE) VALUES ('frontend','startup.thesaurus','Getting thesaurus root node','fa-FA');
INSERT INTO OKM_TRANSLATION (TR_MODULE, TR_KEY, TR_TEXT, TR_LANGUAGE) VALUES ('frontend','startup.template','Getting template root node','fa-FA');
INSERT INTO OKM_TRANSLATION (TR_MODULE, TR_KEY, TR_TEXT, TR_LANGUAGE) VALUES ('frontend','startup.personal','Getting personal root node','fa-FA');
INSERT INTO OKM_TRANSLATION (TR_MODULE, TR_KEY, TR_TEXT, TR_LANGUAGE) VALUES ('frontend','startup.mail','Getting e-mail root node','fa-FA');
INSERT INTO OKM_TRANSLATION (TR_MODULE, TR_KEY, TR_TEXT, TR_LANGUAGE) VALUES ('frontend','startup.trash','Getting trash root node','fa-FA');
INSERT INTO OKM_TRANSLATION (TR_MODULE, TR_KEY, TR_TEXT, TR_LANGUAGE) VALUES ('frontend','startup.user.home','Getting user home node','fa-FA');
INSERT INTO OKM_TRANSLATION (TR_MODULE, TR_KEY, TR_TEXT, TR_LANGUAGE) VALUES ('frontend','startup.bookmarks','Getting bookmarks','fa-FA');
INSERT INTO OKM_TRANSLATION (TR_MODULE, TR_KEY, TR_TEXT, TR_LANGUAGE) VALUES ('frontend','startup.loading.taxonomy','Loading taxonomy','fa-FA');
INSERT INTO OKM_TRANSLATION (TR_MODULE, TR_KEY, TR_TEXT, TR_LANGUAGE) VALUES ('frontend','startup.loading.taxonomy.getting.folders','Loading taxonomy - getting folders','fa-FA');
INSERT INTO OKM_TRANSLATION (TR_MODULE, TR_KEY, TR_TEXT, TR_LANGUAGE) VALUES ('frontend','startup.loading.taxonomy.eval.params','Loading taxonomy - eval browser params','fa-FA');
INSERT INTO OKM_TRANSLATION (TR_MODULE, TR_KEY, TR_TEXT, TR_LANGUAGE) VALUES ('frontend','startup.loading.taxonomy.open.path','Loading taxonomy - open path','fa-FA');
INSERT INTO OKM_TRANSLATION (TR_MODULE, TR_KEY, TR_TEXT, TR_LANGUAGE) VALUES ('frontend','startup.loading.taxonomy.getting.filebrowser.folders','Loading taxonomy - getting folders','fa-FA');
INSERT INTO OKM_TRANSLATION (TR_MODULE, TR_KEY, TR_TEXT, TR_LANGUAGE) VALUES ('frontend','startup.loading.taxonomy.getting.filebrowser.documents','Loading taxonomy - getting documents','fa-FA');
INSERT INTO OKM_TRANSLATION (TR_MODULE, TR_KEY, TR_TEXT, TR_LANGUAGE) VALUES ('frontend','startup.loading.taxonomy.getting.filebrowser.mails','Loading taxonomy - getting mails','fa-FA');
INSERT INTO OKM_TRANSLATION (TR_MODULE, TR_KEY, TR_TEXT, TR_LANGUAGE) VALUES ('frontend','startup.loading.personal','Loading personal','fa-FA');
INSERT INTO OKM_TRANSLATION (TR_MODULE, TR_KEY, TR_TEXT, TR_LANGUAGE) VALUES ('frontend','startup.loading.mail','Loading e-mails','fa-FA');
INSERT INTO OKM_TRANSLATION (TR_MODULE, TR_KEY, TR_TEXT, TR_LANGUAGE) VALUES ('frontend','startup.loading.categories','Loading categories','fa-FA');
INSERT INTO OKM_TRANSLATION (TR_MODULE, TR_KEY, TR_TEXT, TR_LANGUAGE) VALUES ('frontend','startup.loading.thesaurus','Loading thesaurus','fa-FA');
INSERT INTO OKM_TRANSLATION (TR_MODULE, TR_KEY, TR_TEXT, TR_LANGUAGE) VALUES ('frontend','startup.loading.templates','Loading templates','fa-FA');
INSERT INTO OKM_TRANSLATION (TR_MODULE, TR_KEY, TR_TEXT, TR_LANGUAGE) VALUES ('frontend','startup.loading.trash','Loading trash','fa-FA');
INSERT INTO OKM_TRANSLATION (TR_MODULE, TR_KEY, TR_TEXT, TR_LANGUAGE) VALUES ('frontend','startup.loading.history.search','Loading history search','fa-FA');
INSERT INTO OKM_TRANSLATION (TR_MODULE, TR_KEY, TR_TEXT, TR_LANGUAGE) VALUES ('frontend','startup.loading.user.values','Loading user values','fa-FA');
INSERT INTO OKM_TRANSLATION (TR_MODULE, TR_KEY, TR_TEXT, TR_LANGUAGE) VALUES ('frontend','startup.keep.alive','Loading keep alive','fa-FA');
INSERT INTO OKM_TRANSLATION (TR_MODULE, TR_KEY, TR_TEXT, TR_LANGUAGE) VALUES ('frontend','openkm.update.available','OpenKM update available','fa-FA');
INSERT INTO OKM_TRANSLATION (TR_MODULE, TR_KEY, TR_TEXT, TR_LANGUAGE) VALUES ('frontend','leftpanel.label.taxonomy',' ','fa-FA');
INSERT INTO OKM_TRANSLATION (TR_MODULE, TR_KEY, TR_TEXT, TR_LANGUAGE) VALUES ('frontend','leftpanel.label.trash','','fa-FA');
INSERT INTO OKM_TRANSLATION (TR_MODULE, TR_KEY, TR_TEXT, TR_LANGUAGE) VALUES ('frontend','leftpanel.label.mail','E-mail','fa-FA');
INSERT INTO OKM_TRANSLATION (TR_MODULE, TR_KEY, TR_TEXT, TR_LANGUAGE) VALUES ('frontend','leftpanel.label.stored.search','  ','fa-FA');
INSERT INTO OKM_TRANSLATION (TR_MODULE, TR_KEY, TR_TEXT, TR_LANGUAGE) VALUES ('frontend','leftpanel.label.categories','Categories','fa-FA');
INSERT INTO OKM_TRANSLATION (TR_MODULE, TR_KEY, TR_TEXT, TR_LANGUAGE) VALUES ('frontend','leftpanel.label.thesaurus','Thesaurus','fa-FA');
INSERT INTO OKM_TRANSLATION (TR_MODULE, TR_KEY, TR_TEXT, TR_LANGUAGE) VALUES ('frontend','leftpanel.label.templates','Templates','fa-FA');
INSERT INTO OKM_TRANSLATION (TR_MODULE, TR_KEY, TR_TEXT, TR_LANGUAGE) VALUES ('frontend','leftpanel.label.my.documents','My documents','fa-FA');
INSERT INTO OKM_TRANSLATION (TR_MODULE, TR_KEY, TR_TEXT, TR_LANGUAGE) VALUES ('frontend','leftpanel.label.user.search','User news','fa-FA');
INSERT INTO OKM_TRANSLATION (TR_MODULE, TR_KEY, TR_TEXT, TR_LANGUAGE) VALUES ('frontend','leftpanel.label.all.repository','All repository','fa-FA');
INSERT INTO OKM_TRANSLATION (TR_MODULE, TR_KEY, TR_TEXT, TR_LANGUAGE) VALUES ('frontend','tree.menu.directory.create',' ','fa-FA');
INSERT INTO OKM_TRANSLATION (TR_MODULE, TR_KEY, TR_TEXT, TR_LANGUAGE) VALUES ('frontend','tree.menu.directory.remove','','fa-FA');
INSERT INTO OKM_TRANSLATION (TR_MODULE, TR_KEY, TR_TEXT, TR_LANGUAGE) VALUES ('frontend','tree.menu.directory.rename',' ','fa-FA');
INSERT INTO OKM_TRANSLATION (TR_MODULE, TR_KEY, TR_TEXT, TR_LANGUAGE) VALUES ('frontend','tree.menu.directory.refresh','  ','fa-FA');
INSERT INTO OKM_TRANSLATION (TR_MODULE, TR_KEY, TR_TEXT, TR_LANGUAGE) VALUES ('frontend','tree.menu.directory.move','','fa-FA');
INSERT INTO OKM_TRANSLATION (TR_MODULE, TR_KEY, TR_TEXT, TR_LANGUAGE) VALUES ('frontend','tree.menu.directory.copy','Copiar','fa-FA');
INSERT INTO OKM_TRANSLATION (TR_MODULE, TR_KEY, TR_TEXT, TR_LANGUAGE) VALUES ('frontend','tree.menu.directory.add.document',' ','fa-FA');
INSERT INTO OKM_TRANSLATION (TR_MODULE, TR_KEY, TR_TEXT, TR_LANGUAGE) VALUES ('frontend','tree.menu.add.bookmark','Add bookmark','fa-FA');
INSERT INTO OKM_TRANSLATION (TR_MODULE, TR_KEY, TR_TEXT, TR_LANGUAGE) VALUES ('frontend','tree.menu.set.home','Set default home','fa-FA');
INSERT INTO OKM_TRANSLATION (TR_MODULE, TR_KEY, TR_TEXT, TR_LANGUAGE) VALUES ('frontend','tree.menu.export','Export to file','fa-FA');
INSERT INTO OKM_TRANSLATION (TR_MODULE, TR_KEY, TR_TEXT, TR_LANGUAGE) VALUES ('frontend','tree.status.refresh.folder','   ','fa-FA');
INSERT INTO OKM_TRANSLATION (TR_MODULE, TR_KEY, TR_TEXT, TR_LANGUAGE) VALUES ('frontend','tree.status.refresh.create','   ','fa-FA');
INSERT INTO OKM_TRANSLATION (TR_MODULE, TR_KEY, TR_TEXT, TR_LANGUAGE) VALUES ('frontend','tree.status.refresh.delete','   ','fa-FA');
INSERT INTO OKM_TRANSLATION (TR_MODULE, TR_KEY, TR_TEXT, TR_LANGUAGE) VALUES ('frontend','tree.status.refresh.rename','    ','fa-FA');
INSERT INTO OKM_TRANSLATION (TR_MODULE, TR_KEY, TR_TEXT, TR_LANGUAGE) VALUES ('frontend','tree.status.refresh.restore','   ','fa-FA');
INSERT INTO OKM_TRANSLATION (TR_MODULE, TR_KEY, TR_TEXT, TR_LANGUAGE) VALUES ('frontend','tree.status.refresh.purge','   ','fa-FA');
INSERT INTO OKM_TRANSLATION (TR_MODULE, TR_KEY, TR_TEXT, TR_LANGUAGE) VALUES ('frontend','tree.status.refresh.get',' ','fa-FA');
INSERT INTO OKM_TRANSLATION (TR_MODULE, TR_KEY, TR_TEXT, TR_LANGUAGE) VALUES ('frontend','tree.folder.new',' ','fa-FA');
INSERT INTO OKM_TRANSLATION (TR_MODULE, TR_KEY, TR_TEXT, TR_LANGUAGE) VALUES ('frontend','tree.status.refresh.add.subscription','Adding subscription','fa-FA');
INSERT INTO OKM_TRANSLATION (TR_MODULE, TR_KEY, TR_TEXT, TR_LANGUAGE) VALUES ('frontend','tree.status.refresh.remove.subscription','Deleting subscription','fa-FA');
INSERT INTO OKM_TRANSLATION (TR_MODULE, TR_KEY, TR_TEXT, TR_LANGUAGE) VALUES ('frontend','tree.status.refresh.get.root','Refreshing root folder','fa-FA');
INSERT INTO OKM_TRANSLATION (TR_MODULE, TR_KEY, TR_TEXT, TR_LANGUAGE) VALUES ('frontend','tree.status.refresh.get.keywords','Refreshing keywords','fa-FA');
INSERT INTO OKM_TRANSLATION (TR_MODULE, TR_KEY, TR_TEXT, TR_LANGUAGE) VALUES ('frontend','tree.status.refresh.get.user.home','Getting user home','fa-FA');
INSERT INTO OKM_TRANSLATION (TR_MODULE, TR_KEY, TR_TEXT, TR_LANGUAGE) VALUES ('frontend','tree.status.refresh.purge.trash','Cleaning trash','fa-FA');
INSERT INTO OKM_TRANSLATION (TR_MODULE, TR_KEY, TR_TEXT, TR_LANGUAGE) VALUES ('frontend','tree.menu.directory.find.folder','Find folder','fa-FA');
INSERT INTO OKM_TRANSLATION (TR_MODULE, TR_KEY, TR_TEXT, TR_LANGUAGE) VALUES ('frontend','trash.menu.directory.restore','','fa-FA');
INSERT INTO OKM_TRANSLATION (TR_MODULE, TR_KEY, TR_TEXT, TR_LANGUAGE) VALUES ('frontend','trash.menu.directory.purge','','fa-FA');
INSERT INTO OKM_TRANSLATION (TR_MODULE, TR_KEY, TR_TEXT, TR_LANGUAGE) VALUES ('frontend','trash.menu.directory.purge.trash','  ','fa-FA');
INSERT INTO OKM_TRANSLATION (TR_MODULE, TR_KEY, TR_TEXT, TR_LANGUAGE) VALUES ('frontend','trash.directory.select.label','       ','fa-FA');
INSERT INTO OKM_TRANSLATION (TR_MODULE, TR_KEY, TR_TEXT, TR_LANGUAGE) VALUES ('frontend','general.menu.file','','fa-FA');
INSERT INTO OKM_TRANSLATION (TR_MODULE, TR_KEY, TR_TEXT, TR_LANGUAGE) VALUES ('frontend','general.menu.file.exit','','fa-FA');
INSERT INTO OKM_TRANSLATION (TR_MODULE, TR_KEY, TR_TEXT, TR_LANGUAGE) VALUES ('frontend','general.menu.file.purge.trash','  ','fa-FA');
INSERT INTO OKM_TRANSLATION (TR_MODULE, TR_KEY, TR_TEXT, TR_LANGUAGE) VALUES ('frontend','general.menu.edit','','fa-FA');
INSERT INTO OKM_TRANSLATION (TR_MODULE, TR_KEY, TR_TEXT, TR_LANGUAGE) VALUES ('frontend','general.menu.file.create.directory',' ','fa-FA');
INSERT INTO OKM_TRANSLATION (TR_MODULE, TR_KEY, TR_TEXT, TR_LANGUAGE) VALUES ('frontend','general.menu.file.download.document','Download document','fa-FA');
INSERT INTO OKM_TRANSLATION (TR_MODULE, TR_KEY, TR_TEXT, TR_LANGUAGE) VALUES ('frontend','general.menu.file.download.document.pdf','Download document as PDF','fa-FA');
INSERT INTO OKM_TRANSLATION (TR_MODULE, TR_KEY, TR_TEXT, TR_LANGUAGE) VALUES ('frontend','general.menu.file.send.link','Send document link','fa-FA');
INSERT INTO OKM_TRANSLATION (TR_MODULE, TR_KEY, TR_TEXT, TR_LANGUAGE) VALUES ('frontend','general.menu.file.send.attachment','Send document attachment','fa-FA');
INSERT INTO OKM_TRANSLATION (TR_MODULE, TR_KEY, TR_TEXT, TR_LANGUAGE) VALUES ('frontend','general.menu.file.lock','','fa-FA');
INSERT INTO OKM_TRANSLATION (TR_MODULE, TR_KEY, TR_TEXT, TR_LANGUAGE) VALUES ('frontend','general.menu.file.unlock','','fa-FA');
INSERT INTO OKM_TRANSLATION (TR_MODULE, TR_KEY, TR_TEXT, TR_LANGUAGE) VALUES ('frontend','general.menu.file.add.document',' ','fa-FA');
INSERT INTO OKM_TRANSLATION (TR_MODULE, TR_KEY, TR_TEXT, TR_LANGUAGE) VALUES ('frontend','general.menu.file.checkout','','fa-FA');
INSERT INTO OKM_TRANSLATION (TR_MODULE, TR_KEY, TR_TEXT, TR_LANGUAGE) VALUES ('frontend','general.menu.file.checkin','','fa-FA');
INSERT INTO OKM_TRANSLATION (TR_MODULE, TR_KEY, TR_TEXT, TR_LANGUAGE) VALUES ('frontend','general.menu.file.cancel.checkout',' ','fa-FA');
INSERT INTO OKM_TRANSLATION (TR_MODULE, TR_KEY, TR_TEXT, TR_LANGUAGE) VALUES ('frontend','general.menu.file.delete','','fa-FA');
INSERT INTO OKM_TRANSLATION (TR_MODULE, TR_KEY, TR_TEXT, TR_LANGUAGE) VALUES ('frontend','general.menu.file.refresh','  ','fa-FA');
INSERT INTO OKM_TRANSLATION (TR_MODULE, TR_KEY, TR_TEXT, TR_LANGUAGE) VALUES ('frontend','general.menu.file.scanner','Scanner','fa-FA');
INSERT INTO OKM_TRANSLATION (TR_MODULE, TR_KEY, TR_TEXT, TR_LANGUAGE) VALUES ('frontend','general.menu.file.uploader','File uploader','fa-FA');
INSERT INTO OKM_TRANSLATION (TR_MODULE, TR_KEY, TR_TEXT, TR_LANGUAGE) VALUES ('frontend','general.menu.tools','','fa-FA');
INSERT INTO OKM_TRANSLATION (TR_MODULE, TR_KEY, TR_TEXT, TR_LANGUAGE) VALUES ('frontend','general.menu.tools.languages','','fa-FA');
INSERT INTO OKM_TRANSLATION (TR_MODULE, TR_KEY, TR_TEXT, TR_LANGUAGE) VALUES ('frontend','general.menu.tools.skin','','fa-FA');
INSERT INTO OKM_TRANSLATION (TR_MODULE, TR_KEY, TR_TEXT, TR_LANGUAGE) VALUES ('frontend','general.menu.tools.skin.default','','fa-FA');
INSERT INTO OKM_TRANSLATION (TR_MODULE, TR_KEY, TR_TEXT, TR_LANGUAGE) VALUES ('frontend','general.menu.tools.skin.default2',' 2','fa-FA');
INSERT INTO OKM_TRANSLATION (TR_MODULE, TR_KEY, TR_TEXT, TR_LANGUAGE) VALUES ('frontend','general.menu.tools.skin.mediumfont','Medium font','fa-FA');
INSERT INTO OKM_TRANSLATION (TR_MODULE, TR_KEY, TR_TEXT, TR_LANGUAGE) VALUES ('frontend','general.menu.tools.skin.bigfont','Big font','fa-FA');
INSERT INTO OKM_TRANSLATION (TR_MODULE, TR_KEY, TR_TEXT, TR_LANGUAGE) VALUES ('frontend','general.menu.debug.console','Debug console','fa-FA');
INSERT INTO OKM_TRANSLATION (TR_MODULE, TR_KEY, TR_TEXT, TR_LANGUAGE) VALUES ('frontend','general.menu.administration','Show administration','fa-FA');
INSERT INTO OKM_TRANSLATION (TR_MODULE, TR_KEY, TR_TEXT, TR_LANGUAGE) VALUES ('frontend','general.menu.tools.preferences','Preferences','fa-FA');
INSERT INTO OKM_TRANSLATION (TR_MODULE, TR_KEY, TR_TEXT, TR_LANGUAGE) VALUES ('frontend','general.menu.tools.user.preferences','User configuration','fa-FA');
INSERT INTO OKM_TRANSLATION (TR_MODULE, TR_KEY, TR_TEXT, TR_LANGUAGE) VALUES ('frontend','general.menu.bookmark','Bookmarks','fa-FA');
INSERT INTO OKM_TRANSLATION (TR_MODULE, TR_KEY, TR_TEXT, TR_LANGUAGE) VALUES ('frontend','general.menu.bookmark.home','Home','fa-FA');
INSERT INTO OKM_TRANSLATION (TR_MODULE, TR_KEY, TR_TEXT, TR_LANGUAGE) VALUES ('frontend','general.menu.bookmark.default.home','Set default home','fa-FA');
INSERT INTO OKM_TRANSLATION (TR_MODULE, TR_KEY, TR_TEXT, TR_LANGUAGE) VALUES ('frontend','general.menu.bookmark.edit','Edit bookmarks','fa-FA');
INSERT INTO OKM_TRANSLATION (TR_MODULE, TR_KEY, TR_TEXT, TR_LANGUAGE) VALUES ('frontend','general.menu.help','','fa-FA');
INSERT INTO OKM_TRANSLATION (TR_MODULE, TR_KEY, TR_TEXT, TR_LANGUAGE) VALUES ('frontend','general.menu.bug.report',' ','fa-FA');
INSERT INTO OKM_TRANSLATION (TR_MODULE, TR_KEY, TR_TEXT, TR_LANGUAGE) VALUES ('frontend','general.menu.support.request',' ','fa-FA');
INSERT INTO OKM_TRANSLATION (TR_MODULE, TR_KEY, TR_TEXT, TR_LANGUAGE) VALUES ('frontend','general.menu.public.forum','  ','fa-FA');
INSERT INTO OKM_TRANSLATION (TR_MODULE, TR_KEY, TR_TEXT, TR_LANGUAGE) VALUES ('frontend','general.menu.project.web',' ','fa-FA');
INSERT INTO OKM_TRANSLATION (TR_MODULE, TR_KEY, TR_TEXT, TR_LANGUAGE) VALUES ('frontend','general.menu.version.changes','Version notes','fa-FA');
INSERT INTO OKM_TRANSLATION (TR_MODULE, TR_KEY, TR_TEXT, TR_LANGUAGE) VALUES ('frontend','general.menu.documentation','','fa-FA');
INSERT INTO OKM_TRANSLATION (TR_MODULE, TR_KEY, TR_TEXT, TR_LANGUAGE) VALUES ('frontend','general.menu.about',' ','fa-FA');
INSERT INTO OKM_TRANSLATION (TR_MODULE, TR_KEY, TR_TEXT, TR_LANGUAGE) VALUES ('frontend','general.connected','  ','fa-FA');
INSERT INTO OKM_TRANSLATION (TR_MODULE, TR_KEY, TR_TEXT, TR_LANGUAGE) VALUES ('frontend','filebrowser.name','','fa-FA');
INSERT INTO OKM_TRANSLATION (TR_MODULE, TR_KEY, TR_TEXT, TR_LANGUAGE) VALUES ('frontend','filebrowser.date.update','   ','fa-FA');
INSERT INTO OKM_TRANSLATION (TR_MODULE, TR_KEY, TR_TEXT, TR_LANGUAGE) VALUES ('frontend','filebrowser.size','','fa-FA');
INSERT INTO OKM_TRANSLATION (TR_MODULE, TR_KEY, TR_TEXT, TR_LANGUAGE) VALUES ('frontend','filebrowser.path','','fa-FA');
INSERT INTO OKM_TRANSLATION (TR_MODULE, TR_KEY, TR_TEXT, TR_LANGUAGE) VALUES ('frontend','filebrowser.author','','fa-FA');
INSERT INTO OKM_TRANSLATION (TR_MODULE, TR_KEY, TR_TEXT, TR_LANGUAGE) VALUES ('frontend','filebrowser.version','','fa-FA');
INSERT INTO OKM_TRANSLATION (TR_MODULE, TR_KEY, TR_TEXT, TR_LANGUAGE) VALUES ('frontend','filebrowser.menu.checkout','','fa-FA');
INSERT INTO OKM_TRANSLATION (TR_MODULE, TR_KEY, TR_TEXT, TR_LANGUAGE) VALUES ('frontend','filebrowser.menu.checkin','','fa-FA');
INSERT INTO OKM_TRANSLATION (TR_MODULE, TR_KEY, TR_TEXT, TR_LANGUAGE) VALUES ('frontend','filebrowser.menu.delete','','fa-FA');
INSERT INTO OKM_TRANSLATION (TR_MODULE, TR_KEY, TR_TEXT, TR_LANGUAGE) VALUES ('frontend','filebrowser.menu.rename',' ','fa-FA');
INSERT INTO OKM_TRANSLATION (TR_MODULE, TR_KEY, TR_TEXT, TR_LANGUAGE) VALUES ('frontend','filebrowser.menu.checkout.cancel',' ','fa-FA');
INSERT INTO OKM_TRANSLATION (TR_MODULE, TR_KEY, TR_TEXT, TR_LANGUAGE) VALUES ('frontend','filebrowser.menu.lock','','fa-FA');
INSERT INTO OKM_TRANSLATION (TR_MODULE, TR_KEY, TR_TEXT, TR_LANGUAGE) VALUES ('frontend','filebrowser.menu.unlock','','fa-FA');
INSERT INTO OKM_TRANSLATION (TR_MODULE, TR_KEY, TR_TEXT, TR_LANGUAGE) VALUES ('frontend','filebrowser.menu.download','Download','fa-FA');
INSERT INTO OKM_TRANSLATION (TR_MODULE, TR_KEY, TR_TEXT, TR_LANGUAGE) VALUES ('frontend','filebrowser.menu.move','','fa-FA');
INSERT INTO OKM_TRANSLATION (TR_MODULE, TR_KEY, TR_TEXT, TR_LANGUAGE) VALUES ('frontend','filebrowser.menu.copy','Copy','fa-FA');
INSERT INTO OKM_TRANSLATION (TR_MODULE, TR_KEY, TR_TEXT, TR_LANGUAGE) VALUES ('frontend','filebrowser.menu.create.from.template','Create from template','fa-FA');
INSERT INTO OKM_TRANSLATION (TR_MODULE, TR_KEY, TR_TEXT, TR_LANGUAGE) VALUES ('frontend','filebrowser.menu.add.property.group','Add property group','fa-FA');
INSERT INTO OKM_TRANSLATION (TR_MODULE, TR_KEY, TR_TEXT, TR_LANGUAGE) VALUES ('frontend','filebrowser.menu.remove.property.group','Remove property group','fa-FA');
INSERT INTO OKM_TRANSLATION (TR_MODULE, TR_KEY, TR_TEXT, TR_LANGUAGE) VALUES ('frontend','filebrowser.menu.start.workflow','Start workflow','fa-FA');
INSERT INTO OKM_TRANSLATION (TR_MODULE, TR_KEY, TR_TEXT, TR_LANGUAGE) VALUES ('frontend','filebrowser.menu.add.subscription','Add subscription','fa-FA');
INSERT INTO OKM_TRANSLATION (TR_MODULE, TR_KEY, TR_TEXT, TR_LANGUAGE) VALUES ('frontend','filebrowser.menu.remove.subscription','Remove subscrition','fa-FA');
INSERT INTO OKM_TRANSLATION (TR_MODULE, TR_KEY, TR_TEXT, TR_LANGUAGE) VALUES ('frontend','filebrowser.menu.add.bookmark','Add bookmark','fa-FA');
INSERT INTO OKM_TRANSLATION (TR_MODULE, TR_KEY, TR_TEXT, TR_LANGUAGE) VALUES ('frontend','filebrowser.menu.set.home','Set default home','fa-FA');
INSERT INTO OKM_TRANSLATION (TR_MODULE, TR_KEY, TR_TEXT, TR_LANGUAGE) VALUES ('frontend','filebrowser.menu.refresh','  ','fa-FA');
INSERT INTO OKM_TRANSLATION (TR_MODULE, TR_KEY, TR_TEXT, TR_LANGUAGE) VALUES ('frontend','filebrowser.menu.export','Export to ZIP','fa-FA');
INSERT INTO OKM_TRANSLATION (TR_MODULE, TR_KEY, TR_TEXT, TR_LANGUAGE) VALUES ('frontend','filebrowser.menu.play','Play','fa-FA');
INSERT INTO OKM_TRANSLATION (TR_MODULE, TR_KEY, TR_TEXT, TR_LANGUAGE) VALUES ('frontend','filebrowser.menu.image.viewer','Image viewer','fa-FA');
INSERT INTO OKM_TRANSLATION (TR_MODULE, TR_KEY, TR_TEXT, TR_LANGUAGE) VALUES ('frontend','filebrowser.status.refresh.folder','   ','fa-FA');
INSERT INTO OKM_TRANSLATION (TR_MODULE, TR_KEY, TR_TEXT, TR_LANGUAGE) VALUES ('frontend','filebrowser.status.refresh.document','    ','fa-FA');
INSERT INTO OKM_TRANSLATION (TR_MODULE, TR_KEY, TR_TEXT, TR_LANGUAGE) VALUES ('frontend','filebrowser.status.refresh.mail','Updating mail list','fa-FA');
INSERT INTO OKM_TRANSLATION (TR_MODULE, TR_KEY, TR_TEXT, TR_LANGUAGE) VALUES ('frontend','filebrowser.status.refresh.delete.folder',' ','fa-FA');
INSERT INTO OKM_TRANSLATION (TR_MODULE, TR_KEY, TR_TEXT, TR_LANGUAGE) VALUES ('frontend','filebrowser.status.refresh.delete.document',' ','fa-FA');
INSERT INTO OKM_TRANSLATION (TR_MODULE, TR_KEY, TR_TEXT, TR_LANGUAGE) VALUES ('frontend','filebrowser.status.refresh.checkout',' ','fa-FA');
INSERT INTO OKM_TRANSLATION (TR_MODULE, TR_KEY, TR_TEXT, TR_LANGUAGE) VALUES ('frontend','filebrowser.status.refresh.lock','   ','fa-FA');
INSERT INTO OKM_TRANSLATION (TR_MODULE, TR_KEY, TR_TEXT, TR_LANGUAGE) VALUES ('frontend','filebrowser.status.refresh.unlock','    ','fa-FA');
INSERT INTO OKM_TRANSLATION (TR_MODULE, TR_KEY, TR_TEXT, TR_LANGUAGE) VALUES ('frontend','filebrowser.status.refresh.document.rename','    ','fa-FA');
INSERT INTO OKM_TRANSLATION (TR_MODULE, TR_KEY, TR_TEXT, TR_LANGUAGE) VALUES ('frontend','filebrowser.status.refresh.folder.rename','    ','fa-FA');
INSERT INTO OKM_TRANSLATION (TR_MODULE, TR_KEY, TR_TEXT, TR_LANGUAGE) VALUES ('frontend','filebrowser.status.refresh.document.purge','   ','fa-FA');
INSERT INTO OKM_TRANSLATION (TR_MODULE, TR_KEY, TR_TEXT, TR_LANGUAGE) VALUES ('frontend','filebrowser.status.refresh.folder.purge','   ','fa-FA');
INSERT INTO OKM_TRANSLATION (TR_MODULE, TR_KEY, TR_TEXT, TR_LANGUAGE) VALUES ('frontend','filebrowser.status.refresh.folder.get','   ','fa-FA');
INSERT INTO OKM_TRANSLATION (TR_MODULE, TR_KEY, TR_TEXT, TR_LANGUAGE) VALUES ('frontend','filebrowser.status.refresh.document.get','   ','fa-FA');
INSERT INTO OKM_TRANSLATION (TR_MODULE, TR_KEY, TR_TEXT, TR_LANGUAGE) VALUES ('frontend','filebrowser.status.refresh.add.subscription','Adding subscription','fa-FA');
INSERT INTO OKM_TRANSLATION (TR_MODULE, TR_KEY, TR_TEXT, TR_LANGUAGE) VALUES ('frontend','filebrowser.status.refresh.remove.subscription','Deleting subscription','fa-FA');
INSERT INTO OKM_TRANSLATION (TR_MODULE, TR_KEY, TR_TEXT, TR_LANGUAGE) VALUES ('frontend','filebrowser.status.refresh.get.user.home','Getting user home','fa-FA');
INSERT INTO OKM_TRANSLATION (TR_MODULE, TR_KEY, TR_TEXT, TR_LANGUAGE) VALUES ('frontend','filebrowser.status.refresh.delete.mail','Deleting mail','fa-FA');
INSERT INTO OKM_TRANSLATION (TR_MODULE, TR_KEY, TR_TEXT, TR_LANGUAGE) VALUES ('frontend','filebrowser.status.refresh.mail.purge','Deleting mail','fa-FA');
INSERT INTO OKM_TRANSLATION (TR_MODULE, TR_KEY, TR_TEXT, TR_LANGUAGE) VALUES ('frontend','fileupload.send','','fa-FA');
INSERT INTO OKM_TRANSLATION (TR_MODULE, TR_KEY, TR_TEXT, TR_LANGUAGE) VALUES ('frontend','fileupload.status.sending','   ','fa-FA');
INSERT INTO OKM_TRANSLATION (TR_MODULE, TR_KEY, TR_TEXT, TR_LANGUAGE) VALUES ('frontend','fileupload.status.indexing','Indexing file...','fa-FA');
INSERT INTO OKM_TRANSLATION (TR_MODULE, TR_KEY, TR_TEXT, TR_LANGUAGE) VALUES ('frontend','fileupload.status.ok','       ','fa-FA');
INSERT INTO OKM_TRANSLATION (TR_MODULE, TR_KEY, TR_TEXT, TR_LANGUAGE) VALUES ('frontend','fileupload.upload.status',' ','fa-FA');
INSERT INTO OKM_TRANSLATION (TR_MODULE, TR_KEY, TR_TEXT, TR_LANGUAGE) VALUES ('frontend','fileupload.upload.uploaded',' ','fa-FA');
INSERT INTO OKM_TRANSLATION (TR_MODULE, TR_KEY, TR_TEXT, TR_LANGUAGE) VALUES ('frontend','fileupload.upload.completed','   ','fa-FA');
INSERT INTO OKM_TRANSLATION (TR_MODULE, TR_KEY, TR_TEXT, TR_LANGUAGE) VALUES ('frontend','fileupload.upload.runtime',' ','fa-FA');
INSERT INTO OKM_TRANSLATION (TR_MODULE, TR_KEY, TR_TEXT, TR_LANGUAGE) VALUES ('frontend','fileupload.upload.remaining','','fa-FA');
INSERT INTO OKM_TRANSLATION (TR_MODULE, TR_KEY, TR_TEXT, TR_LANGUAGE) VALUES ('frontend','fileupload.button.close','','fa-FA');
INSERT INTO OKM_TRANSLATION (TR_MODULE, TR_KEY, TR_TEXT, TR_LANGUAGE) VALUES ('frontend','fileupload.button.add.other.file','Add another file','fa-FA');
INSERT INTO OKM_TRANSLATION (TR_MODULE, TR_KEY, TR_TEXT, TR_LANGUAGE) VALUES ('frontend','fileupload.status.move.file','Moving file...','fa-FA');
INSERT INTO OKM_TRANSLATION (TR_MODULE, TR_KEY, TR_TEXT, TR_LANGUAGE) VALUES ('frontend','fileupload.status.move.mail','Moving mail...','fa-FA');
INSERT INTO OKM_TRANSLATION (TR_MODULE, TR_KEY, TR_TEXT, TR_LANGUAGE) VALUES ('frontend','fileupload.status.copy.file','Coping file...','fa-FA');
INSERT INTO OKM_TRANSLATION (TR_MODULE, TR_KEY, TR_TEXT, TR_LANGUAGE) VALUES ('frontend','fileupload.status.copy.mail','Coping mail...','fa-FA');
INSERT INTO OKM_TRANSLATION (TR_MODULE, TR_KEY, TR_TEXT, TR_LANGUAGE) VALUES ('frontend','fileupload.status.restore.file','Restoring file...','fa-FA');
INSERT INTO OKM_TRANSLATION (TR_MODULE, TR_KEY, TR_TEXT, TR_LANGUAGE) VALUES ('frontend','fileupload.status.restore.mail','Restoring mail...','fa-FA');
INSERT INTO OKM_TRANSLATION (TR_MODULE, TR_KEY, TR_TEXT, TR_LANGUAGE) VALUES ('frontend','fileupload.status.move.folder','Moving folder...','fa-FA');
INSERT INTO OKM_TRANSLATION (TR_MODULE, TR_KEY, TR_TEXT, TR_LANGUAGE) VALUES ('frontend','fileupload.status.copy.folder','Coping folder...','fa-FA');
INSERT INTO OKM_TRANSLATION (TR_MODULE, TR_KEY, TR_TEXT, TR_LANGUAGE) VALUES ('frontend','fileupload.status.restore.folder','Restoring folder...','fa-FA');
INSERT INTO OKM_TRANSLATION (TR_MODULE, TR_KEY, TR_TEXT, TR_LANGUAGE) VALUES ('frontend','fileupload.status.create.from.template','Creating file from template...','fa-FA');
INSERT INTO OKM_TRANSLATION (TR_MODULE, TR_KEY, TR_TEXT, TR_LANGUAGE) VALUES ('frontend','fileupload.status.of','of','fa-FA');
INSERT INTO OKM_TRANSLATION (TR_MODULE, TR_KEY, TR_TEXT, TR_LANGUAGE) VALUES ('frontend','fileupload.label.insert','  ','fa-FA');
INSERT INTO OKM_TRANSLATION (TR_MODULE, TR_KEY, TR_TEXT, TR_LANGUAGE) VALUES ('frontend','fileupload.label.update','   ','fa-FA');
INSERT INTO OKM_TRANSLATION (TR_MODULE, TR_KEY, TR_TEXT, TR_LANGUAGE) VALUES ('frontend','fileupload.label.users.notify','Notify to users','fa-FA');
INSERT INTO OKM_TRANSLATION (TR_MODULE, TR_KEY, TR_TEXT, TR_LANGUAGE) VALUES ('frontend','fileupload.label.comment','Comment','fa-FA');
INSERT INTO OKM_TRANSLATION (TR_MODULE, TR_KEY, TR_TEXT, TR_LANGUAGE) VALUES ('frontend','fileupload.label.users.to.notify"','  "Users to notify','fa-FA');
INSERT INTO OKM_TRANSLATION (TR_MODULE, TR_KEY, TR_TEXT, TR_LANGUAGE) VALUES ('frontend','fileupload.label.users"','  "Users','fa-FA');
INSERT INTO OKM_TRANSLATION (TR_MODULE, TR_KEY, TR_TEXT, TR_LANGUAGE) VALUES ('frontend','fileupload.label.groups.to.notify','Groups to notify','fa-FA');
INSERT INTO OKM_TRANSLATION (TR_MODULE, TR_KEY, TR_TEXT, TR_LANGUAGE) VALUES ('frontend','fileupload.label.groups','Groups','fa-FA');
INSERT INTO OKM_TRANSLATION (TR_MODULE, TR_KEY, TR_TEXT, TR_LANGUAGE) VALUES ('frontend','fileupload.label.must.select.users"','  "You must select some user to notify','fa-FA');
INSERT INTO OKM_TRANSLATION (TR_MODULE, TR_KEY, TR_TEXT, TR_LANGUAGE) VALUES ('frontend','fileupload.label.importZip','Import Documents from ZIP','fa-FA');
INSERT INTO OKM_TRANSLATION (TR_MODULE, TR_KEY, TR_TEXT, TR_LANGUAGE) VALUES ('frontend','fileupload.label.notify.comment','Notification message','fa-FA');
INSERT INTO OKM_TRANSLATION (TR_MODULE, TR_KEY, TR_TEXT, TR_LANGUAGE) VALUES ('frontend','fileupload.label.error.importing.zip','Error importing file','fa-FA');
INSERT INTO OKM_TRANSLATION (TR_MODULE, TR_KEY, TR_TEXT, TR_LANGUAGE) VALUES ('frontend','fileupload.label.error.move.file','Error moving file','fa-FA');
INSERT INTO OKM_TRANSLATION (TR_MODULE, TR_KEY, TR_TEXT, TR_LANGUAGE) VALUES ('frontend','fileupload.label.error.move.mail','Error moving mail','fa-FA');
INSERT INTO OKM_TRANSLATION (TR_MODULE, TR_KEY, TR_TEXT, TR_LANGUAGE) VALUES ('frontend','fileupload.label.error.copy.file','Error coping file','fa-FA');
INSERT INTO OKM_TRANSLATION (TR_MODULE, TR_KEY, TR_TEXT, TR_LANGUAGE) VALUES ('frontend','fileupload.label.error.copy.mail','Error coping mail','fa-FA');
INSERT INTO OKM_TRANSLATION (TR_MODULE, TR_KEY, TR_TEXT, TR_LANGUAGE) VALUES ('frontend','fileupload.label.error.restore.file','Error restoring file','fa-FA');
INSERT INTO OKM_TRANSLATION (TR_MODULE, TR_KEY, TR_TEXT, TR_LANGUAGE) VALUES ('frontend','fileupload.label.error.restore.mail','Error restoring mail','fa-FA');
INSERT INTO OKM_TRANSLATION (TR_MODULE, TR_KEY, TR_TEXT, TR_LANGUAGE) VALUES ('frontend','fileupload.label.error.move.folder','Error moving folder','fa-FA');
INSERT INTO OKM_TRANSLATION (TR_MODULE, TR_KEY, TR_TEXT, TR_LANGUAGE) VALUES ('frontend','fileupload.label.error.copy.folder','Error coping folder','fa-FA');
INSERT INTO OKM_TRANSLATION (TR_MODULE, TR_KEY, TR_TEXT, TR_LANGUAGE) VALUES ('frontend','fileupload.label.error.restore.folder','Error restoring folder','fa-FA');
INSERT INTO OKM_TRANSLATION (TR_MODULE, TR_KEY, TR_TEXT, TR_LANGUAGE) VALUES ('frontend','fileupload.label.error.create.from.template','Error creating file from template','fa-FA');
INSERT INTO OKM_TRANSLATION (TR_MODULE, TR_KEY, TR_TEXT, TR_LANGUAGE) VALUES ('frontend','fileupload.label.error.not.allowed.move.folder.child','Not allowed to move on origin or child folder','fa-FA');
INSERT INTO OKM_TRANSLATION (TR_MODULE, TR_KEY, TR_TEXT, TR_LANGUAGE) VALUES ('frontend','fileupload.label.error.not.allowed.copy.same.folder','Not allowed to move on origin folder','fa-FA');
INSERT INTO OKM_TRANSLATION (TR_MODULE, TR_KEY, TR_TEXT, TR_LANGUAGE) VALUES ('frontend','fileupload.label.error.not.allowed.create.from.template.same.folder','Not allowed to create a file on origin folder','fa-FA');
INSERT INTO OKM_TRANSLATION (TR_MODULE, TR_KEY, TR_TEXT, TR_LANGUAGE) VALUES ('frontend','tab.document.properties','','fa-FA');
INSERT INTO OKM_TRANSLATION (TR_MODULE, TR_KEY, TR_TEXT, TR_LANGUAGE) VALUES ('frontend','tab.document.notes','Notes','fa-FA');
INSERT INTO OKM_TRANSLATION (TR_MODULE, TR_KEY, TR_TEXT, TR_LANGUAGE) VALUES ('frontend','tab.document.history','','fa-FA');
INSERT INTO OKM_TRANSLATION (TR_MODULE, TR_KEY, TR_TEXT, TR_LANGUAGE) VALUES ('frontend','tab.document.status.history','   ','fa-FA');
INSERT INTO OKM_TRANSLATION (TR_MODULE, TR_KEY, TR_TEXT, TR_LANGUAGE) VALUES ('frontend','tab.status.security.role','    ','fa-FA');
INSERT INTO OKM_TRANSLATION (TR_MODULE, TR_KEY, TR_TEXT, TR_LANGUAGE) VALUES ('frontend','tab.status.security.user','     ','fa-FA');
INSERT INTO OKM_TRANSLATION (TR_MODULE, TR_KEY, TR_TEXT, TR_LANGUAGE) VALUES ('frontend','tab.document.status.group.properties','    ','fa-FA');
INSERT INTO OKM_TRANSLATION (TR_MODULE, TR_KEY, TR_TEXT, TR_LANGUAGE) VALUES ('frontend','tab.document.status.set.keywords','Setting keywords','fa-FA');
INSERT INTO OKM_TRANSLATION (TR_MODULE, TR_KEY, TR_TEXT, TR_LANGUAGE) VALUES ('frontend','tab.document.status.set.categories','Updating categories','fa-FA');
INSERT INTO OKM_TRANSLATION (TR_MODULE, TR_KEY, TR_TEXT, TR_LANGUAGE) VALUES ('frontend','tab.document.status.get.version.history.size','Refreshing document history size','fa-FA');
INSERT INTO OKM_TRANSLATION (TR_MODULE, TR_KEY, TR_TEXT, TR_LANGUAGE) VALUES ('frontend','tab.document.status.purge.version.history','Compacting document history','fa-FA');
INSERT INTO OKM_TRANSLATION (TR_MODULE, TR_KEY, TR_TEXT, TR_LANGUAGE) VALUES ('frontend','tab.document.status.restore.version','Restoring document version','fa-FA');
INSERT INTO OKM_TRANSLATION (TR_MODULE, TR_KEY, TR_TEXT, TR_LANGUAGE) VALUES ('frontend','tab.document.security','','fa-FA');
INSERT INTO OKM_TRANSLATION (TR_MODULE, TR_KEY, TR_TEXT, TR_LANGUAGE) VALUES ('frontend','tab.document.preview','Preview','fa-FA');
INSERT INTO OKM_TRANSLATION (TR_MODULE, TR_KEY, TR_TEXT, TR_LANGUAGE) VALUES ('frontend','tab.folder.properties','','fa-FA');
INSERT INTO OKM_TRANSLATION (TR_MODULE, TR_KEY, TR_TEXT, TR_LANGUAGE) VALUES ('frontend','tab.folder.security','','fa-FA');
INSERT INTO OKM_TRANSLATION (TR_MODULE, TR_KEY, TR_TEXT, TR_LANGUAGE) VALUES ('frontend','tab.folder.notes','Notes','fa-FA');
INSERT INTO OKM_TRANSLATION (TR_MODULE, TR_KEY, TR_TEXT, TR_LANGUAGE) VALUES ('frontend','tab.workspace.desktop',' ','fa-FA');
INSERT INTO OKM_TRANSLATION (TR_MODULE, TR_KEY, TR_TEXT, TR_LANGUAGE) VALUES ('frontend','tab.workspace.search','','fa-FA');
INSERT INTO OKM_TRANSLATION (TR_MODULE, TR_KEY, TR_TEXT, TR_LANGUAGE) VALUES ('frontend','tab.workspace.dashboard','DashBoard','fa-FA');
INSERT INTO OKM_TRANSLATION (TR_MODULE, TR_KEY, TR_TEXT, TR_LANGUAGE) VALUES ('frontend','tab.workspace.administration','Administration','fa-FA');
INSERT INTO OKM_TRANSLATION (TR_MODULE, TR_KEY, TR_TEXT, TR_LANGUAGE) VALUES ('frontend','document.uuid','UUID','fa-FA');
INSERT INTO OKM_TRANSLATION (TR_MODULE, TR_KEY, TR_TEXT, TR_LANGUAGE) VALUES ('frontend','document.name','','fa-FA');
INSERT INTO OKM_TRANSLATION (TR_MODULE, TR_KEY, TR_TEXT, TR_LANGUAGE) VALUES ('frontend','document.folder','','fa-FA');
INSERT INTO OKM_TRANSLATION (TR_MODULE, TR_KEY, TR_TEXT, TR_LANGUAGE) VALUES ('frontend','document.size','','fa-FA');
INSERT INTO OKM_TRANSLATION (TR_MODULE, TR_KEY, TR_TEXT, TR_LANGUAGE) VALUES ('frontend','document.created','','fa-FA');
INSERT INTO OKM_TRANSLATION (TR_MODULE, TR_KEY, TR_TEXT, TR_LANGUAGE) VALUES ('frontend','document.lastmodified','','fa-FA');
INSERT INTO OKM_TRANSLATION (TR_MODULE, TR_KEY, TR_TEXT, TR_LANGUAGE) VALUES ('frontend','document.mimetype','MIME ','fa-FA');
INSERT INTO OKM_TRANSLATION (TR_MODULE, TR_KEY, TR_TEXT, TR_LANGUAGE) VALUES ('frontend','document.keywords',' ','fa-FA');
INSERT INTO OKM_TRANSLATION (TR_MODULE, TR_KEY, TR_TEXT, TR_LANGUAGE) VALUES ('frontend','document.by','','fa-FA');
INSERT INTO OKM_TRANSLATION (TR_MODULE, TR_KEY, TR_TEXT, TR_LANGUAGE) VALUES ('frontend','document.status','','fa-FA');
INSERT INTO OKM_TRANSLATION (TR_MODULE, TR_KEY, TR_TEXT, TR_LANGUAGE) VALUES ('frontend','document.status.checkout',' ','fa-FA');
INSERT INTO OKM_TRANSLATION (TR_MODULE, TR_KEY, TR_TEXT, TR_LANGUAGE) VALUES ('frontend','document.status.locked','  ','fa-FA');
INSERT INTO OKM_TRANSLATION (TR_MODULE, TR_KEY, TR_TEXT, TR_LANGUAGE) VALUES ('frontend','document.status.normal','','fa-FA');
INSERT INTO OKM_TRANSLATION (TR_MODULE, TR_KEY, TR_TEXT, TR_LANGUAGE) VALUES ('frontend','document.subscribed','Subscribed','fa-FA');
INSERT INTO OKM_TRANSLATION (TR_MODULE, TR_KEY, TR_TEXT, TR_LANGUAGE) VALUES ('frontend','document.subscribed.yes','Yes','fa-FA');
INSERT INTO OKM_TRANSLATION (TR_MODULE, TR_KEY, TR_TEXT, TR_LANGUAGE) VALUES ('frontend','document.subscribed.no','No','fa-FA');
INSERT INTO OKM_TRANSLATION (TR_MODULE, TR_KEY, TR_TEXT, TR_LANGUAGE) VALUES ('frontend','document.history.size','History size','fa-FA');
INSERT INTO OKM_TRANSLATION (TR_MODULE, TR_KEY, TR_TEXT, TR_LANGUAGE) VALUES ('frontend','document.subscribed.users','Subscribed users','fa-FA');
INSERT INTO OKM_TRANSLATION (TR_MODULE, TR_KEY, TR_TEXT, TR_LANGUAGE) VALUES ('frontend','document.url','URL','fa-FA');
INSERT INTO OKM_TRANSLATION (TR_MODULE, TR_KEY, TR_TEXT, TR_LANGUAGE) VALUES ('frontend','document.webdav','WebDAV','fa-FA');
INSERT INTO OKM_TRANSLATION (TR_MODULE, TR_KEY, TR_TEXT, TR_LANGUAGE) VALUES ('frontend','document.add.note','Add note','fa-FA');
INSERT INTO OKM_TRANSLATION (TR_MODULE, TR_KEY, TR_TEXT, TR_LANGUAGE) VALUES ('frontend','document.keywords.cloud','Keywords cloud','fa-FA');
INSERT INTO OKM_TRANSLATION (TR_MODULE, TR_KEY, TR_TEXT, TR_LANGUAGE) VALUES ('frontend','document.categories','Categories','fa-FA');
INSERT INTO OKM_TRANSLATION (TR_MODULE, TR_KEY, TR_TEXT, TR_LANGUAGE) VALUES ('frontend','folder.uuid','UUID','fa-FA');
INSERT INTO OKM_TRANSLATION (TR_MODULE, TR_KEY, TR_TEXT, TR_LANGUAGE) VALUES ('frontend','folder.name','','fa-FA');
INSERT INTO OKM_TRANSLATION (TR_MODULE, TR_KEY, TR_TEXT, TR_LANGUAGE) VALUES ('frontend','folder.parent','','fa-FA');
INSERT INTO OKM_TRANSLATION (TR_MODULE, TR_KEY, TR_TEXT, TR_LANGUAGE) VALUES ('frontend','folder.created','','fa-FA');
INSERT INTO OKM_TRANSLATION (TR_MODULE, TR_KEY, TR_TEXT, TR_LANGUAGE) VALUES ('frontend','folder.by','','fa-FA');
INSERT INTO OKM_TRANSLATION (TR_MODULE, TR_KEY, TR_TEXT, TR_LANGUAGE) VALUES ('frontend','folder.subscribed','Subscribed','fa-FA');
INSERT INTO OKM_TRANSLATION (TR_MODULE, TR_KEY, TR_TEXT, TR_LANGUAGE) VALUES ('frontend','folder.subscribed.yes','Yes','fa-FA');
INSERT INTO OKM_TRANSLATION (TR_MODULE, TR_KEY, TR_TEXT, TR_LANGUAGE) VALUES ('frontend','folder.subscribed.no','No','fa-FA');
INSERT INTO OKM_TRANSLATION (TR_MODULE, TR_KEY, TR_TEXT, TR_LANGUAGE) VALUES ('frontend','folder.subscribed.users','Subscribed users','fa-FA');
INSERT INTO OKM_TRANSLATION (TR_MODULE, TR_KEY, TR_TEXT, TR_LANGUAGE) VALUES ('frontend','folder.url','URL','fa-FA');
INSERT INTO OKM_TRANSLATION (TR_MODULE, TR_KEY, TR_TEXT, TR_LANGUAGE) VALUES ('frontend','folder.webdav','WebDAV','fa-FA');
INSERT INTO OKM_TRANSLATION (TR_MODULE, TR_KEY, TR_TEXT, TR_LANGUAGE) VALUES ('frontend','folder.number.folders','Folders','fa-FA');
INSERT INTO OKM_TRANSLATION (TR_MODULE, TR_KEY, TR_TEXT, TR_LANGUAGE) VALUES ('frontend','folder.number.documents','Documents','fa-FA');
INSERT INTO OKM_TRANSLATION (TR_MODULE, TR_KEY, TR_TEXT, TR_LANGUAGE) VALUES ('frontend','folder.number.mails','Mails','fa-FA');
INSERT INTO OKM_TRANSLATION (TR_MODULE, TR_KEY, TR_TEXT, TR_LANGUAGE) VALUES ('frontend','version.name','','fa-FA');
INSERT INTO OKM_TRANSLATION (TR_MODULE, TR_KEY, TR_TEXT, TR_LANGUAGE) VALUES ('frontend','version.created','','fa-FA');
INSERT INTO OKM_TRANSLATION (TR_MODULE, TR_KEY, TR_TEXT, TR_LANGUAGE) VALUES ('frontend','version.author','','fa-FA');
INSERT INTO OKM_TRANSLATION (TR_MODULE, TR_KEY, TR_TEXT, TR_LANGUAGE) VALUES ('frontend','version.size','','fa-FA');
INSERT INTO OKM_TRANSLATION (TR_MODULE, TR_KEY, TR_TEXT, TR_LANGUAGE) VALUES ('frontend','version.purge.document','Compact history','fa-FA');
INSERT INTO OKM_TRANSLATION (TR_MODULE, TR_KEY, TR_TEXT, TR_LANGUAGE) VALUES ('frontend','version.comment','Comment','fa-FA');
INSERT INTO OKM_TRANSLATION (TR_MODULE, TR_KEY, TR_TEXT, TR_LANGUAGE) VALUES ('frontend','security.label','','fa-FA');
INSERT INTO OKM_TRANSLATION (TR_MODULE, TR_KEY, TR_TEXT, TR_LANGUAGE) VALUES ('frontend','security.group.name','','fa-FA');
INSERT INTO OKM_TRANSLATION (TR_MODULE, TR_KEY, TR_TEXT, TR_LANGUAGE) VALUES ('frontend','security.group.permission.read','','fa-FA');
INSERT INTO OKM_TRANSLATION (TR_MODULE, TR_KEY, TR_TEXT, TR_LANGUAGE) VALUES ('frontend','security.group.permission.write','','fa-FA');
INSERT INTO OKM_TRANSLATION (TR_MODULE, TR_KEY, TR_TEXT, TR_LANGUAGE) VALUES ('frontend','security.group.permission.delete','Delete','fa-FA');
INSERT INTO OKM_TRANSLATION (TR_MODULE, TR_KEY, TR_TEXT, TR_LANGUAGE) VALUES ('frontend','security.group.permission.security','Security','fa-FA');
INSERT INTO OKM_TRANSLATION (TR_MODULE, TR_KEY, TR_TEXT, TR_LANGUAGE) VALUES ('frontend','security.user.name','','fa-FA');
INSERT INTO OKM_TRANSLATION (TR_MODULE, TR_KEY, TR_TEXT, TR_LANGUAGE) VALUES ('frontend','security.user.permission.read','','fa-FA');
INSERT INTO OKM_TRANSLATION (TR_MODULE, TR_KEY, TR_TEXT, TR_LANGUAGE) VALUES ('frontend','security.user.permission.write','','fa-FA');
INSERT INTO OKM_TRANSLATION (TR_MODULE, TR_KEY, TR_TEXT, TR_LANGUAGE) VALUES ('frontend','security.user.permission.delete','Delete','fa-FA');
INSERT INTO OKM_TRANSLATION (TR_MODULE, TR_KEY, TR_TEXT, TR_LANGUAGE) VALUES ('frontend','security.user.permission.security','Security','fa-FA');
INSERT INTO OKM_TRANSLATION (TR_MODULE, TR_KEY, TR_TEXT, TR_LANGUAGE) VALUES ('frontend','security.users','','fa-FA');
INSERT INTO OKM_TRANSLATION (TR_MODULE, TR_KEY, TR_TEXT, TR_LANGUAGE) VALUES ('frontend','security.groups',' ','fa-FA');
INSERT INTO OKM_TRANSLATION (TR_MODULE, TR_KEY, TR_TEXT, TR_LANGUAGE) VALUES ('frontend','security.recursive','  ','fa-FA');
INSERT INTO OKM_TRANSLATION (TR_MODULE, TR_KEY, TR_TEXT, TR_LANGUAGE) VALUES ('frontend','secutiry.filter.by.users','Users filter','fa-FA');
INSERT INTO OKM_TRANSLATION (TR_MODULE, TR_KEY, TR_TEXT, TR_LANGUAGE) VALUES ('frontend','secutiry.filter.by.groups','Groups filter','fa-FA');
INSERT INTO OKM_TRANSLATION (TR_MODULE, TR_KEY, TR_TEXT, TR_LANGUAGE) VALUES ('frontend','security.status.updating','Updating security','fa-FA');
INSERT INTO OKM_TRANSLATION (TR_MODULE, TR_KEY, TR_TEXT, TR_LANGUAGE) VALUES ('frontend','preview.unavailable','Preview unavailable','fa-FA');
INSERT INTO OKM_TRANSLATION (TR_MODULE, TR_KEY, TR_TEXT, TR_LANGUAGE) VALUES ('frontend','mail.from','From','fa-FA');
INSERT INTO OKM_TRANSLATION (TR_MODULE, TR_KEY, TR_TEXT, TR_LANGUAGE) VALUES ('frontend','mail.reply','Reply to','fa-FA');
INSERT INTO OKM_TRANSLATION (TR_MODULE, TR_KEY, TR_TEXT, TR_LANGUAGE) VALUES ('frontend','mail.to','To','fa-FA');
INSERT INTO OKM_TRANSLATION (TR_MODULE, TR_KEY, TR_TEXT, TR_LANGUAGE) VALUES ('frontend','mail.subject','Subject','fa-FA');
INSERT INTO OKM_TRANSLATION (TR_MODULE, TR_KEY, TR_TEXT, TR_LANGUAGE) VALUES ('frontend','mail.attachment','Attachments','fa-FA');
INSERT INTO OKM_TRANSLATION (TR_MODULE, TR_KEY, TR_TEXT, TR_LANGUAGE) VALUES ('frontend','error.label','  ','fa-FA');
INSERT INTO OKM_TRANSLATION (TR_MODULE, TR_KEY, TR_TEXT, TR_LANGUAGE) VALUES ('frontend','error.invocation','    ','fa-FA');
INSERT INTO OKM_TRANSLATION (TR_MODULE, TR_KEY, TR_TEXT, TR_LANGUAGE) VALUES ('frontend','about.label',' ','fa-FA');
INSERT INTO OKM_TRANSLATION (TR_MODULE, TR_KEY, TR_TEXT, TR_LANGUAGE) VALUES ('frontend','about.loading','','fa-FA');
INSERT INTO OKM_TRANSLATION (TR_MODULE, TR_KEY, TR_TEXT, TR_LANGUAGE) VALUES ('frontend','logout.label','','fa-FA');
INSERT INTO OKM_TRANSLATION (TR_MODULE, TR_KEY, TR_TEXT, TR_LANGUAGE) VALUES ('frontend','logout.closed','    ','fa-FA');
INSERT INTO OKM_TRANSLATION (TR_MODULE, TR_KEY, TR_TEXT, TR_LANGUAGE) VALUES ('frontend','logout.logout','OpenKM is logging out,  please wait','fa-FA');
INSERT INTO OKM_TRANSLATION (TR_MODULE, TR_KEY, TR_TEXT, TR_LANGUAGE) VALUES ('frontend','confirm.label','','fa-FA');
INSERT INTO OKM_TRANSLATION (TR_MODULE, TR_KEY, TR_TEXT, TR_LANGUAGE) VALUES ('frontend','confirm.delete.folder','     ','fa-FA');
INSERT INTO OKM_TRANSLATION (TR_MODULE, TR_KEY, TR_TEXT, TR_LANGUAGE) VALUES ('frontend','confirm.delete.document','     ','fa-FA');
INSERT INTO OKM_TRANSLATION (TR_MODULE, TR_KEY, TR_TEXT, TR_LANGUAGE) VALUES ('frontend','confirm.delete.trash','      ','fa-FA');
INSERT INTO OKM_TRANSLATION (TR_MODULE, TR_KEY, TR_TEXT, TR_LANGUAGE) VALUES ('frontend','confirm.purge.folder','     ','fa-FA');
INSERT INTO OKM_TRANSLATION (TR_MODULE, TR_KEY, TR_TEXT, TR_LANGUAGE) VALUES ('frontend','confirm.purge.document','     ','fa-FA');
INSERT INTO OKM_TRANSLATION (TR_MODULE, TR_KEY, TR_TEXT, TR_LANGUAGE) VALUES ('frontend','confirm.delete.propety.group','      ','fa-FA');
INSERT INTO OKM_TRANSLATION (TR_MODULE, TR_KEY, TR_TEXT, TR_LANGUAGE) VALUES ('frontend','confirm.purge.version.history.document',' Do you really want to delete document history ?','fa-FA');
INSERT INTO OKM_TRANSLATION (TR_MODULE, TR_KEY, TR_TEXT, TR_LANGUAGE) VALUES ('frontend','confirm.purge.restore.document','Do you really want to restore to this document version ?','fa-FA');
INSERT INTO OKM_TRANSLATION (TR_MODULE, TR_KEY, TR_TEXT, TR_LANGUAGE) VALUES ('frontend','confirm.set.default.home','Do you really want to set default home ?','fa-FA');
INSERT INTO OKM_TRANSLATION (TR_MODULE, TR_KEY, TR_TEXT, TR_LANGUAGE) VALUES ('frontend','confirm.delete.saved.search','Do you really want to delete saved search ?','fa-FA');
INSERT INTO OKM_TRANSLATION (TR_MODULE, TR_KEY, TR_TEXT, TR_LANGUAGE) VALUES ('frontend','confirm.delete.user.news','Do you really want to delete user news ?','fa-FA');
INSERT INTO OKM_TRANSLATION (TR_MODULE, TR_KEY, TR_TEXT, TR_LANGUAGE) VALUES ('frontend','confirm.delete.mail','Do you really want to delete mail ?','fa-FA');
INSERT INTO OKM_TRANSLATION (TR_MODULE, TR_KEY, TR_TEXT, TR_LANGUAGE) VALUES ('frontend','confirm.get.pooled.workflow.task','Do you want to assign this task to you ?','fa-FA');
INSERT INTO OKM_TRANSLATION (TR_MODULE, TR_KEY, TR_TEXT, TR_LANGUAGE) VALUES ('frontend','confirm.force.unlock','Do you really want to force the document unlock ?','fa-FA');
INSERT INTO OKM_TRANSLATION (TR_MODULE, TR_KEY, TR_TEXT, TR_LANGUAGE) VALUES ('frontend','confirm.force.cancel.checkout','Do you really want to force the document cancel checkout ?','fa-FA');
INSERT INTO OKM_TRANSLATION (TR_MODULE, TR_KEY, TR_TEXT, TR_LANGUAGE) VALUES ('frontend','search.context','Context','fa-FA');
INSERT INTO OKM_TRANSLATION (TR_MODULE, TR_KEY, TR_TEXT, TR_LANGUAGE) VALUES ('frontend','search.content','','fa-FA');
INSERT INTO OKM_TRANSLATION (TR_MODULE, TR_KEY, TR_TEXT, TR_LANGUAGE) VALUES ('frontend','search.name','','fa-FA');
INSERT INTO OKM_TRANSLATION (TR_MODULE, TR_KEY, TR_TEXT, TR_LANGUAGE) VALUES ('frontend','search.keywords',' ','fa-FA');
INSERT INTO OKM_TRANSLATION (TR_MODULE, TR_KEY, TR_TEXT, TR_LANGUAGE) VALUES ('frontend','search.folder','Folder','fa-FA');
INSERT INTO OKM_TRANSLATION (TR_MODULE, TR_KEY, TR_TEXT, TR_LANGUAGE) VALUES ('frontend','search.category','Category','fa-FA');
INSERT INTO OKM_TRANSLATION (TR_MODULE, TR_KEY, TR_TEXT, TR_LANGUAGE) VALUES ('frontend','search.results','','fa-FA');
INSERT INTO OKM_TRANSLATION (TR_MODULE, TR_KEY, TR_TEXT, TR_LANGUAGE) VALUES ('frontend','search.to','','fa-FA');
INSERT INTO OKM_TRANSLATION (TR_MODULE, TR_KEY, TR_TEXT, TR_LANGUAGE) VALUES ('frontend','search.page.results',' ','fa-FA');
INSERT INTO OKM_TRANSLATION (TR_MODULE, TR_KEY, TR_TEXT, TR_LANGUAGE) VALUES ('frontend','search.add.property.group',' ','fa-FA');
INSERT INTO OKM_TRANSLATION (TR_MODULE, TR_KEY, TR_TEXT, TR_LANGUAGE) VALUES ('frontend','search.mimetype','Mime ','fa-FA');
INSERT INTO OKM_TRANSLATION (TR_MODULE, TR_KEY, TR_TEXT, TR_LANGUAGE) VALUES ('frontend','search.type','Type','fa-FA');
INSERT INTO OKM_TRANSLATION (TR_MODULE, TR_KEY, TR_TEXT, TR_LANGUAGE) VALUES ('frontend','search.type.document','Document','fa-FA');
INSERT INTO OKM_TRANSLATION (TR_MODULE, TR_KEY, TR_TEXT, TR_LANGUAGE) VALUES ('frontend','search.type.folder','Folder','fa-FA');
INSERT INTO OKM_TRANSLATION (TR_MODULE, TR_KEY, TR_TEXT, TR_LANGUAGE) VALUES ('frontend','search.type.mail','Mail','fa-FA');
INSERT INTO OKM_TRANSLATION (TR_MODULE, TR_KEY, TR_TEXT, TR_LANGUAGE) VALUES ('frontend','search.advanced',' ','fa-FA');
INSERT INTO OKM_TRANSLATION (TR_MODULE, TR_KEY, TR_TEXT, TR_LANGUAGE) VALUES ('frontend','search.user','','fa-FA');
INSERT INTO OKM_TRANSLATION (TR_MODULE, TR_KEY, TR_TEXT, TR_LANGUAGE) VALUES ('frontend','search.date.and','and','fa-FA');
INSERT INTO OKM_TRANSLATION (TR_MODULE, TR_KEY, TR_TEXT, TR_LANGUAGE) VALUES ('frontend','search.date.range','Date range between','fa-FA');
INSERT INTO OKM_TRANSLATION (TR_MODULE, TR_KEY, TR_TEXT, TR_LANGUAGE) VALUES ('frontend','search.save.as.news','Save as user news','fa-FA');
INSERT INTO OKM_TRANSLATION (TR_MODULE, TR_KEY, TR_TEXT, TR_LANGUAGE) VALUES ('frontend','search.folder.filter','Filter by folder','fa-FA');
INSERT INTO OKM_TRANSLATION (TR_MODULE, TR_KEY, TR_TEXT, TR_LANGUAGE) VALUES ('frontend','search.category.filter','Filter by category','fa-FA');
INSERT INTO OKM_TRANSLATION (TR_MODULE, TR_KEY, TR_TEXT, TR_LANGUAGE) VALUES ('frontend','search.result.name','','fa-FA');
INSERT INTO OKM_TRANSLATION (TR_MODULE, TR_KEY, TR_TEXT, TR_LANGUAGE) VALUES ('frontend','search.result.score','','fa-FA');
INSERT INTO OKM_TRANSLATION (TR_MODULE, TR_KEY, TR_TEXT, TR_LANGUAGE) VALUES ('frontend','search.result.size','','fa-FA');
INSERT INTO OKM_TRANSLATION (TR_MODULE, TR_KEY, TR_TEXT, TR_LANGUAGE) VALUES ('frontend','search.result.date.update','   ','fa-FA');
INSERT INTO OKM_TRANSLATION (TR_MODULE, TR_KEY, TR_TEXT, TR_LANGUAGE) VALUES ('frontend','search.result.author','','fa-FA');
INSERT INTO OKM_TRANSLATION (TR_MODULE, TR_KEY, TR_TEXT, TR_LANGUAGE) VALUES ('frontend','search.result.version','','fa-FA');
INSERT INTO OKM_TRANSLATION (TR_MODULE, TR_KEY, TR_TEXT, TR_LANGUAGE) VALUES ('frontend','search.result.path','','fa-FA');
INSERT INTO OKM_TRANSLATION (TR_MODULE, TR_KEY, TR_TEXT, TR_LANGUAGE) VALUES ('frontend','search.result.menu.download','Download','fa-FA');
INSERT INTO OKM_TRANSLATION (TR_MODULE, TR_KEY, TR_TEXT, TR_LANGUAGE) VALUES ('frontend','search.result.menu.go.folder','  ','fa-FA');
INSERT INTO OKM_TRANSLATION (TR_MODULE, TR_KEY, TR_TEXT, TR_LANGUAGE) VALUES ('frontend','search.result.menu.go.document','Go to document','fa-FA');
INSERT INTO OKM_TRANSLATION (TR_MODULE, TR_KEY, TR_TEXT, TR_LANGUAGE) VALUES ('frontend','search.result.status.findPaginated','   ','fa-FA');
INSERT INTO OKM_TRANSLATION (TR_MODULE, TR_KEY, TR_TEXT, TR_LANGUAGE) VALUES ('frontend','search.result.status.runsearch','     ','fa-FA');
INSERT INTO OKM_TRANSLATION (TR_MODULE, TR_KEY, TR_TEXT, TR_LANGUAGE) VALUES ('frontend','search.saved.run','','fa-FA');
INSERT INTO OKM_TRANSLATION (TR_MODULE, TR_KEY, TR_TEXT, TR_LANGUAGE) VALUES ('frontend','search.saved.delete','','fa-FA');
INSERT INTO OKM_TRANSLATION (TR_MODULE, TR_KEY, TR_TEXT, TR_LANGUAGE) VALUES ('frontend','search.saved.status.getsearchs','     ','fa-FA');
INSERT INTO OKM_TRANSLATION (TR_MODULE, TR_KEY, TR_TEXT, TR_LANGUAGE) VALUES ('frontend','search.saved.status.savesearch','     ','fa-FA');
INSERT INTO OKM_TRANSLATION (TR_MODULE, TR_KEY, TR_TEXT, TR_LANGUAGE) VALUES ('frontend','search.saved.status.deletesearch','   ','fa-FA');
INSERT INTO OKM_TRANSLATION (TR_MODULE, TR_KEY, TR_TEXT, TR_LANGUAGE) VALUES ('frontend','search.saved.status.getusernews','Refreshing user news','fa-FA');
INSERT INTO OKM_TRANSLATION (TR_MODULE, TR_KEY, TR_TEXT, TR_LANGUAGE) VALUES ('frontend','button.close','','fa-FA');
INSERT INTO OKM_TRANSLATION (TR_MODULE, TR_KEY, TR_TEXT, TR_LANGUAGE) VALUES ('frontend','button.logout','','fa-FA');
INSERT INTO OKM_TRANSLATION (TR_MODULE, TR_KEY, TR_TEXT, TR_LANGUAGE) VALUES ('frontend','button.update','  ','fa-FA');
INSERT INTO OKM_TRANSLATION (TR_MODULE, TR_KEY, TR_TEXT, TR_LANGUAGE) VALUES ('frontend','button.cancel','','fa-FA');
INSERT INTO OKM_TRANSLATION (TR_MODULE, TR_KEY, TR_TEXT, TR_LANGUAGE) VALUES ('frontend','button.accept','','fa-FA');
INSERT INTO OKM_TRANSLATION (TR_MODULE, TR_KEY, TR_TEXT, TR_LANGUAGE) VALUES ('frontend','button.restore','','fa-FA');
INSERT INTO OKM_TRANSLATION (TR_MODULE, TR_KEY, TR_TEXT, TR_LANGUAGE) VALUES ('frontend','button.move','','fa-FA');
INSERT INTO OKM_TRANSLATION (TR_MODULE, TR_KEY, TR_TEXT, TR_LANGUAGE) VALUES ('frontend','button.change','','fa-FA');
INSERT INTO OKM_TRANSLATION (TR_MODULE, TR_KEY, TR_TEXT, TR_LANGUAGE) VALUES ('frontend','button.search','','fa-FA');
INSERT INTO OKM_TRANSLATION (TR_MODULE, TR_KEY, TR_TEXT, TR_LANGUAGE) VALUES ('frontend','button.save.search',' ','fa-FA');
INSERT INTO OKM_TRANSLATION (TR_MODULE, TR_KEY, TR_TEXT, TR_LANGUAGE) VALUES ('frontend','button.view','','fa-FA');
INSERT INTO OKM_TRANSLATION (TR_MODULE, TR_KEY, TR_TEXT, TR_LANGUAGE) VALUES ('frontend','button.clean','','fa-FA');
INSERT INTO OKM_TRANSLATION (TR_MODULE, TR_KEY, TR_TEXT, TR_LANGUAGE) VALUES ('frontend','button.add','','fa-FA');
INSERT INTO OKM_TRANSLATION (TR_MODULE, TR_KEY, TR_TEXT, TR_LANGUAGE) VALUES ('frontend','button.delete','','fa-FA');
INSERT INTO OKM_TRANSLATION (TR_MODULE, TR_KEY, TR_TEXT, TR_LANGUAGE) VALUES ('frontend','button.copy','Copy','fa-FA');
INSERT INTO OKM_TRANSLATION (TR_MODULE, TR_KEY, TR_TEXT, TR_LANGUAGE) VALUES ('frontend','button.create','Create','fa-FA');
INSERT INTO OKM_TRANSLATION (TR_MODULE, TR_KEY, TR_TEXT, TR_LANGUAGE) VALUES ('frontend','button.show','Show','fa-FA');
INSERT INTO OKM_TRANSLATION (TR_MODULE, TR_KEY, TR_TEXT, TR_LANGUAGE) VALUES ('frontend','button.memory','Update','fa-FA');
INSERT INTO OKM_TRANSLATION (TR_MODULE, TR_KEY, TR_TEXT, TR_LANGUAGE) VALUES ('frontend','button.copy.clipboard','Copy to clipboard','fa-FA');
INSERT INTO OKM_TRANSLATION (TR_MODULE, TR_KEY, TR_TEXT, TR_LANGUAGE) VALUES ('frontend','button.start','Start','fa-FA');
INSERT INTO OKM_TRANSLATION (TR_MODULE, TR_KEY, TR_TEXT, TR_LANGUAGE) VALUES ('frontend','button.select','Select','fa-FA');
INSERT INTO OKM_TRANSLATION (TR_MODULE, TR_KEY, TR_TEXT, TR_LANGUAGE) VALUES ('frontend','button.test','Test','fa-FA');
INSERT INTO OKM_TRANSLATION (TR_MODULE, TR_KEY, TR_TEXT, TR_LANGUAGE) VALUES ('frontend','button.next','Next','fa-FA');
INSERT INTO OKM_TRANSLATION (TR_MODULE, TR_KEY, TR_TEXT, TR_LANGUAGE) VALUES ('frontend','group.label',' ','fa-FA');
INSERT INTO OKM_TRANSLATION (TR_MODULE, TR_KEY, TR_TEXT, TR_LANGUAGE) VALUES ('frontend','group.group','','fa-FA');
INSERT INTO OKM_TRANSLATION (TR_MODULE, TR_KEY, TR_TEXT, TR_LANGUAGE) VALUES ('frontend','group.property.group','','fa-FA');
INSERT INTO OKM_TRANSLATION (TR_MODULE, TR_KEY, TR_TEXT, TR_LANGUAGE) VALUES ('frontend','bookmark.label','Add bookmark','fa-FA');
INSERT INTO OKM_TRANSLATION (TR_MODULE, TR_KEY, TR_TEXT, TR_LANGUAGE) VALUES ('frontend','bookmark.name','Name','fa-FA');
INSERT INTO OKM_TRANSLATION (TR_MODULE, TR_KEY, TR_TEXT, TR_LANGUAGE) VALUES ('frontend','bookmark.edit.label','Edit bookmarks','fa-FA');
INSERT INTO OKM_TRANSLATION (TR_MODULE, TR_KEY, TR_TEXT, TR_LANGUAGE) VALUES ('frontend','bookmark.path','Path','fa-FA');
INSERT INTO OKM_TRANSLATION (TR_MODULE, TR_KEY, TR_TEXT, TR_LANGUAGE) VALUES ('frontend','bookmark.type','Type','fa-FA');
INSERT INTO OKM_TRANSLATION (TR_MODULE, TR_KEY, TR_TEXT, TR_LANGUAGE) VALUES ('frontend','bookmark.type.document','Document','fa-FA');
INSERT INTO OKM_TRANSLATION (TR_MODULE, TR_KEY, TR_TEXT, TR_LANGUAGE) VALUES ('frontend','bookmark.type.folder','Folder','fa-FA');
INSERT INTO OKM_TRANSLATION (TR_MODULE, TR_KEY, TR_TEXT, TR_LANGUAGE) VALUES ('frontend','notify.label','Sending document link','fa-FA');
INSERT INTO OKM_TRANSLATION (TR_MODULE, TR_KEY, TR_TEXT, TR_LANGUAGE) VALUES ('frontend','notify.label.attachment','Send document attachment','fa-FA');
INSERT INTO OKM_TRANSLATION (TR_MODULE, TR_KEY, TR_TEXT, TR_LANGUAGE) VALUES ('frontend','status.document.copied','Document marked to copy','fa-FA');
INSERT INTO OKM_TRANSLATION (TR_MODULE, TR_KEY, TR_TEXT, TR_LANGUAGE) VALUES ('frontend','status.document.cut','Document market to cut','fa-FA');
INSERT INTO OKM_TRANSLATION (TR_MODULE, TR_KEY, TR_TEXT, TR_LANGUAGE) VALUES ('frontend','status.folder.copied','Folder marked to copy','fa-FA');
INSERT INTO OKM_TRANSLATION (TR_MODULE, TR_KEY, TR_TEXT, TR_LANGUAGE) VALUES ('frontend','status.folder.cut','Folder market to cut','fa-FA');
INSERT INTO OKM_TRANSLATION (TR_MODULE, TR_KEY, TR_TEXT, TR_LANGUAGE) VALUES ('frontend','status.keep.alive.error','Detected lost connection to server (keep alive)','fa-FA');
INSERT INTO OKM_TRANSLATION (TR_MODULE, TR_KEY, TR_TEXT, TR_LANGUAGE) VALUES ('frontend','status.debug.enabled','Debug enabled','fa-FA');
INSERT INTO OKM_TRANSLATION (TR_MODULE, TR_KEY, TR_TEXT, TR_LANGUAGE) VALUES ('frontend','status.debug.disabled','Debug disabled','fa-FA');
INSERT INTO OKM_TRANSLATION (TR_MODULE, TR_KEY, TR_TEXT, TR_LANGUAGE) VALUES ('frontend','status.network.error.detected','Network error detected','fa-FA');
INSERT INTO OKM_TRANSLATION (TR_MODULE, TR_KEY, TR_TEXT, TR_LANGUAGE) VALUES ('frontend','calendar.day.sunday','Sunday','fa-FA');
INSERT INTO OKM_TRANSLATION (TR_MODULE, TR_KEY, TR_TEXT, TR_LANGUAGE) VALUES ('frontend','calendar.day.monday','Monday','fa-FA');
INSERT INTO OKM_TRANSLATION (TR_MODULE, TR_KEY, TR_TEXT, TR_LANGUAGE) VALUES ('frontend','calendar.day.tuesday','Tuesday','fa-FA');
INSERT INTO OKM_TRANSLATION (TR_MODULE, TR_KEY, TR_TEXT, TR_LANGUAGE) VALUES ('frontend','calendar.day.wednesday','Wednesday','fa-FA');
INSERT INTO OKM_TRANSLATION (TR_MODULE, TR_KEY, TR_TEXT, TR_LANGUAGE) VALUES ('frontend','calendar.day.thursday','Thursday','fa-FA');
INSERT INTO OKM_TRANSLATION (TR_MODULE, TR_KEY, TR_TEXT, TR_LANGUAGE) VALUES ('frontend','calendar.day.friday','Friday','fa-FA');
INSERT INTO OKM_TRANSLATION (TR_MODULE, TR_KEY, TR_TEXT, TR_LANGUAGE) VALUES ('frontend','calendar.day.saturday','Saturday','fa-FA');
INSERT INTO OKM_TRANSLATION (TR_MODULE, TR_KEY, TR_TEXT, TR_LANGUAGE) VALUES ('frontend','calendar.month.january','January','fa-FA');
INSERT INTO OKM_TRANSLATION (TR_MODULE, TR_KEY, TR_TEXT, TR_LANGUAGE) VALUES ('frontend','calendar.month.february','February','fa-FA');
INSERT INTO OKM_TRANSLATION (TR_MODULE, TR_KEY, TR_TEXT, TR_LANGUAGE) VALUES ('frontend','calendar.month.march','March','fa-FA');
INSERT INTO OKM_TRANSLATION (TR_MODULE, TR_KEY, TR_TEXT, TR_LANGUAGE) VALUES ('frontend','calendar.month.april','April','fa-FA');
INSERT INTO OKM_TRANSLATION (TR_MODULE, TR_KEY, TR_TEXT, TR_LANGUAGE) VALUES ('frontend','calendar.month.may','May','fa-FA');
INSERT INTO OKM_TRANSLATION (TR_MODULE, TR_KEY, TR_TEXT, TR_LANGUAGE) VALUES ('frontend','calendar.month.june','June','fa-FA');
INSERT INTO OKM_TRANSLATION (TR_MODULE, TR_KEY, TR_TEXT, TR_LANGUAGE) VALUES ('frontend','calendar.month.july','July','fa-FA');
INSERT INTO OKM_TRANSLATION (TR_MODULE, TR_KEY, TR_TEXT, TR_LANGUAGE) VALUES ('frontend','calendar.month.august','August','fa-FA');
INSERT INTO OKM_TRANSLATION (TR_MODULE, TR_KEY, TR_TEXT, TR_LANGUAGE) VALUES ('frontend','calendar.month.september','September','fa-FA');
INSERT INTO OKM_TRANSLATION (TR_MODULE, TR_KEY, TR_TEXT, TR_LANGUAGE) VALUES ('frontend','calendar.month.october','October','fa-FA');
INSERT INTO OKM_TRANSLATION (TR_MODULE, TR_KEY, TR_TEXT, TR_LANGUAGE) VALUES ('frontend','calendar.month.november','November','fa-FA');
INSERT INTO OKM_TRANSLATION (TR_MODULE, TR_KEY, TR_TEXT, TR_LANGUAGE) VALUES ('frontend','calendar.month.december','December','fa-FA');
INSERT INTO OKM_TRANSLATION (TR_MODULE, TR_KEY, TR_TEXT, TR_LANGUAGE) VALUES ('frontend','media.player.label','Media player','fa-FA');
INSERT INTO OKM_TRANSLATION (TR_MODULE, TR_KEY, TR_TEXT, TR_LANGUAGE) VALUES ('frontend','image.viewer.label','Image viewer','fa-FA');
INSERT INTO OKM_TRANSLATION (TR_MODULE, TR_KEY, TR_TEXT, TR_LANGUAGE) VALUES ('frontend','image.viewer.zoom.in','Zoom in','fa-FA');
INSERT INTO OKM_TRANSLATION (TR_MODULE, TR_KEY, TR_TEXT, TR_LANGUAGE) VALUES ('frontend','image.viewer.zoom.out','Zoom out','fa-FA');
INSERT INTO OKM_TRANSLATION (TR_MODULE, TR_KEY, TR_TEXT, TR_LANGUAGE) VALUES ('frontend','debug.console.label','Debug console','fa-FA');
INSERT INTO OKM_TRANSLATION (TR_MODULE, TR_KEY, TR_TEXT, TR_LANGUAGE) VALUES ('frontend','debug.enable.disable','CTRL+Z to enable or disable debug mode','fa-FA');
INSERT INTO OKM_TRANSLATION (TR_MODULE, TR_KEY, TR_TEXT, TR_LANGUAGE) VALUES ('frontend','dashboard.tab.general','General','fa-FA');
INSERT INTO OKM_TRANSLATION (TR_MODULE, TR_KEY, TR_TEXT, TR_LANGUAGE) VALUES ('frontend','dashboard.tab.news','News','fa-FA');
INSERT INTO OKM_TRANSLATION (TR_MODULE, TR_KEY, TR_TEXT, TR_LANGUAGE) VALUES ('frontend','dashboard.tab.user','User','fa-FA');
INSERT INTO OKM_TRANSLATION (TR_MODULE, TR_KEY, TR_TEXT, TR_LANGUAGE) VALUES ('frontend','dashboard.tab.workflow','Workflow','fa-FA');
INSERT INTO OKM_TRANSLATION (TR_MODULE, TR_KEY, TR_TEXT, TR_LANGUAGE) VALUES ('frontend','dashboard.tab.mail','Mail','fa-FA');
INSERT INTO OKM_TRANSLATION (TR_MODULE, TR_KEY, TR_TEXT, TR_LANGUAGE) VALUES ('frontend','dashboard.tab.keymap','Keyword map','fa-FA');
INSERT INTO OKM_TRANSLATION (TR_MODULE, TR_KEY, TR_TEXT, TR_LANGUAGE) VALUES ('frontend','dashboard.new.items','New','fa-FA');
INSERT INTO OKM_TRANSLATION (TR_MODULE, TR_KEY, TR_TEXT, TR_LANGUAGE) VALUES ('frontend','dashboard.user.locked.documents','Locked documents','fa-FA');
INSERT INTO OKM_TRANSLATION (TR_MODULE, TR_KEY, TR_TEXT, TR_LANGUAGE) VALUES ('frontend','dashboard.user.checkout.documents','Checkout documents','fa-FA');
INSERT INTO OKM_TRANSLATION (TR_MODULE, TR_KEY, TR_TEXT, TR_LANGUAGE) VALUES ('frontend','dashboard.user.last.modified.documents','Last modified documents','fa-FA');
INSERT INTO OKM_TRANSLATION (TR_MODULE, TR_KEY, TR_TEXT, TR_LANGUAGE) VALUES ('frontend','dashboard.user.last.downloaded.documents','Last downloaded documents','fa-FA');
INSERT INTO OKM_TRANSLATION (TR_MODULE, TR_KEY, TR_TEXT, TR_LANGUAGE) VALUES ('frontend','dashboard.user.subscribed.documents','Subscribed documents','fa-FA');
INSERT INTO OKM_TRANSLATION (TR_MODULE, TR_KEY, TR_TEXT, TR_LANGUAGE) VALUES ('frontend','dashboard.user.subscribed.folders','Subscribed folders','fa-FA');
INSERT INTO OKM_TRANSLATION (TR_MODULE, TR_KEY, TR_TEXT, TR_LANGUAGE) VALUES ('frontend','dashboard.user.last.uploaded.documents','Last uploaded documents','fa-FA');
INSERT INTO OKM_TRANSLATION (TR_MODULE, TR_KEY, TR_TEXT, TR_LANGUAGE) VALUES ('frontend','dashboard.general.last.week.top.downloaded.documents','Last week top viewed documents','fa-FA');
INSERT INTO OKM_TRANSLATION (TR_MODULE, TR_KEY, TR_TEXT, TR_LANGUAGE) VALUES ('frontend','dashboard.general.last.month.top.downloaded.documents','Last month top viewed documents','fa-FA');
INSERT INTO OKM_TRANSLATION (TR_MODULE, TR_KEY, TR_TEXT, TR_LANGUAGE) VALUES ('frontend','dashboard.general.last.week.top.modified.documents','Last week top modified documents','fa-FA');
INSERT INTO OKM_TRANSLATION (TR_MODULE, TR_KEY, TR_TEXT, TR_LANGUAGE) VALUES ('frontend','dashboard.general.last.month.top.modified.documents','Last month top viewed documents','fa-FA');
INSERT INTO OKM_TRANSLATION (TR_MODULE, TR_KEY, TR_TEXT, TR_LANGUAGE) VALUES ('frontend','dashboard.general.last.uploaded.documents','Last uploaded documents','fa-FA');
INSERT INTO OKM_TRANSLATION (TR_MODULE, TR_KEY, TR_TEXT, TR_LANGUAGE) VALUES ('frontend','dashboard.workflow.pending.tasks','Pending tasks','fa-FA');
INSERT INTO OKM_TRANSLATION (TR_MODULE, TR_KEY, TR_TEXT, TR_LANGUAGE) VALUES ('frontend','dashboard.workflow.pending.tasks.unassigned','Unassigned pending tasks','fa-FA');
INSERT INTO OKM_TRANSLATION (TR_MODULE, TR_KEY, TR_TEXT, TR_LANGUAGE) VALUES ('frontend','dashboard.workflow.task','Task','fa-FA');
INSERT INTO OKM_TRANSLATION (TR_MODULE, TR_KEY, TR_TEXT, TR_LANGUAGE) VALUES ('frontend','dashboard.workflow.task.id','ID','fa-FA');
INSERT INTO OKM_TRANSLATION (TR_MODULE, TR_KEY, TR_TEXT, TR_LANGUAGE) VALUES ('frontend','dashboard.workflow.task.name','Name','fa-FA');
INSERT INTO OKM_TRANSLATION (TR_MODULE, TR_KEY, TR_TEXT, TR_LANGUAGE) VALUES ('frontend','dashboard.workflow.task.created','Creation date','fa-FA');
INSERT INTO OKM_TRANSLATION (TR_MODULE, TR_KEY, TR_TEXT, TR_LANGUAGE) VALUES ('frontend','dashboard.workflow.task.start','Start date','fa-FA');
INSERT INTO OKM_TRANSLATION (TR_MODULE, TR_KEY, TR_TEXT, TR_LANGUAGE) VALUES ('frontend','dashboard.workflow.task.duedate','Due date','fa-FA');
INSERT INTO OKM_TRANSLATION (TR_MODULE, TR_KEY, TR_TEXT, TR_LANGUAGE) VALUES ('frontend','dashboard.workflow.task.end','End date','fa-FA');
INSERT INTO OKM_TRANSLATION (TR_MODULE, TR_KEY, TR_TEXT, TR_LANGUAGE) VALUES ('frontend','dashboard.workflow.task.description','Description','fa-FA');
INSERT INTO OKM_TRANSLATION (TR_MODULE, TR_KEY, TR_TEXT, TR_LANGUAGE) VALUES ('frontend','dashboard.workflow.task.process.instance','Process instance','fa-FA');
INSERT INTO OKM_TRANSLATION (TR_MODULE, TR_KEY, TR_TEXT, TR_LANGUAGE) VALUES ('frontend','dashboard.workflow.task.process.id','ID','fa-FA');
INSERT INTO OKM_TRANSLATION (TR_MODULE, TR_KEY, TR_TEXT, TR_LANGUAGE) VALUES ('frontend','dashboard.workflow.task.process.version','Version','fa-FA');
INSERT INTO OKM_TRANSLATION (TR_MODULE, TR_KEY, TR_TEXT, TR_LANGUAGE) VALUES ('frontend','dashboard.workflow.task.process.name','Name','fa-FA');
INSERT INTO OKM_TRANSLATION (TR_MODULE, TR_KEY, TR_TEXT, TR_LANGUAGE) VALUES ('frontend','dashboard.workflow.task.process.description','Description','fa-FA');
INSERT INTO OKM_TRANSLATION (TR_MODULE, TR_KEY, TR_TEXT, TR_LANGUAGE) VALUES ('frontend','dashboard.workflow.task.process.data','Data','fa-FA');
INSERT INTO OKM_TRANSLATION (TR_MODULE, TR_KEY, TR_TEXT, TR_LANGUAGE) VALUES ('frontend','dashboard.workflow.comments','Comments','fa-FA');
INSERT INTO OKM_TRANSLATION (TR_MODULE, TR_KEY, TR_TEXT, TR_LANGUAGE) VALUES ('frontend','dashboard.workflow.task.process.forms','Form','fa-FA');
INSERT INTO OKM_TRANSLATION (TR_MODULE, TR_KEY, TR_TEXT, TR_LANGUAGE) VALUES ('frontend','dashboard.workflow.add.comment','Add comment','fa-FA');
INSERT INTO OKM_TRANSLATION (TR_MODULE, TR_KEY, TR_TEXT, TR_LANGUAGE) VALUES ('frontend','dashboard.workflow.task.process.definition','Process definition','fa-FA');
INSERT INTO OKM_TRANSLATION (TR_MODULE, TR_KEY, TR_TEXT, TR_LANGUAGE) VALUES ('frontend','dashboard.workflow.task.process.path','Path','fa-FA');
INSERT INTO OKM_TRANSLATION (TR_MODULE, TR_KEY, TR_TEXT, TR_LANGUAGE) VALUES ('frontend','dashboard.refreshing','Refreshing','fa-FA');
INSERT INTO OKM_TRANSLATION (TR_MODULE, TR_KEY, TR_TEXT, TR_LANGUAGE) VALUES ('frontend','dashboard.keyword','Keywords','fa-FA');
INSERT INTO OKM_TRANSLATION (TR_MODULE, TR_KEY, TR_TEXT, TR_LANGUAGE) VALUES ('frontend','dashboard.keyword.suggest','Type the keyword','fa-FA');
INSERT INTO OKM_TRANSLATION (TR_MODULE, TR_KEY, TR_TEXT, TR_LANGUAGE) VALUES ('frontend','dashboard.keyword.all','All keywords','fa-FA');
INSERT INTO OKM_TRANSLATION (TR_MODULE, TR_KEY, TR_TEXT, TR_LANGUAGE) VALUES ('frontend','dashboard.keyword.top','Top keywords','fa-FA');
INSERT INTO OKM_TRANSLATION (TR_MODULE, TR_KEY, TR_TEXT, TR_LANGUAGE) VALUES ('frontend','dashboard.keyword.related','Related keywords','fa-FA');
INSERT INTO OKM_TRANSLATION (TR_MODULE, TR_KEY, TR_TEXT, TR_LANGUAGE) VALUES ('frontend','dashboard.keyword.goto.document','Go to document','fa-FA');
INSERT INTO OKM_TRANSLATION (TR_MODULE, TR_KEY, TR_TEXT, TR_LANGUAGE) VALUES ('frontend','dashboard.keyword.clean.keywords','Clean keywords','fa-FA');
INSERT INTO OKM_TRANSLATION (TR_MODULE, TR_KEY, TR_TEXT, TR_LANGUAGE) VALUES ('frontend','dashboard.mail.last.imported.mails','Electronic mails','fa-FA');
INSERT INTO OKM_TRANSLATION (TR_MODULE, TR_KEY, TR_TEXT, TR_LANGUAGE) VALUES ('frontend','dashboard.mail.last.imported.attached.documents','Attachments','fa-FA');
INSERT INTO OKM_TRANSLATION (TR_MODULE, TR_KEY, TR_TEXT, TR_LANGUAGE) VALUES ('frontend','workflow.label','Start workflow','fa-FA');
INSERT INTO OKM_TRANSLATION (TR_MODULE, TR_KEY, TR_TEXT, TR_LANGUAGE) VALUES ('frontend','user.preferences.label','User configuration','fa-FA');
INSERT INTO OKM_TRANSLATION (TR_MODULE, TR_KEY, TR_TEXT, TR_LANGUAGE) VALUES ('frontend','user.preferences.user','User','fa-FA');
INSERT INTO OKM_TRANSLATION (TR_MODULE, TR_KEY, TR_TEXT, TR_LANGUAGE) VALUES ('frontend','user.preferences.password','Password','fa-FA');
INSERT INTO OKM_TRANSLATION (TR_MODULE, TR_KEY, TR_TEXT, TR_LANGUAGE) VALUES ('frontend','user.preferences.mail','E-mail','fa-FA');
INSERT INTO OKM_TRANSLATION (TR_MODULE, TR_KEY, TR_TEXT, TR_LANGUAGE) VALUES ('frontend','user.preferences.roles','Roles','fa-FA');
INSERT INTO OKM_TRANSLATION (TR_MODULE, TR_KEY, TR_TEXT, TR_LANGUAGE) VALUES ('frontend','user.preferences.imap.host','IMAP server','fa-FA');
INSERT INTO OKM_TRANSLATION (TR_MODULE, TR_KEY, TR_TEXT, TR_LANGUAGE) VALUES ('frontend','user.preferences.imap.user','IMAP user name','fa-FA');
INSERT INTO OKM_TRANSLATION (TR_MODULE, TR_KEY, TR_TEXT, TR_LANGUAGE) VALUES ('frontend','user.preferences.imap.user.password','IMAP user password','fa-FA');
INSERT INTO OKM_TRANSLATION (TR_MODULE, TR_KEY, TR_TEXT, TR_LANGUAGE) VALUES ('frontend','user.preferences.imap.folder','IMAP folder','fa-FA');
INSERT INTO OKM_TRANSLATION (TR_MODULE, TR_KEY, TR_TEXT, TR_LANGUAGE) VALUES ('frontend','user.preferences.password.error','Error: passwords are diferent','fa-FA');
INSERT INTO OKM_TRANSLATION (TR_MODULE, TR_KEY, TR_TEXT, TR_LANGUAGE) VALUES ('frontend','user.preferences.user.data','User account','fa-FA');
INSERT INTO OKM_TRANSLATION (TR_MODULE, TR_KEY, TR_TEXT, TR_LANGUAGE) VALUES ('frontend','user.preferences.mail.data','Mail account','fa-FA');
INSERT INTO OKM_TRANSLATION (TR_MODULE, TR_KEY, TR_TEXT, TR_LANGUAGE) VALUES ('frontend','user.preferences.imap.error','All fields are obligatory to set the mail configurations','fa-FA');
INSERT INTO OKM_TRANSLATION (TR_MODULE, TR_KEY, TR_TEXT, TR_LANGUAGE) VALUES ('frontend','user.preferences.imap.password.error.void','Password must not be empty on IMAP mail creation','fa-FA');
INSERT INTO OKM_TRANSLATION (TR_MODULE, TR_KEY, TR_TEXT, TR_LANGUAGE) VALUES ('frontend','user.preferences.imap.test.error','IMAP configuration error','fa-FA');
INSERT INTO OKM_TRANSLATION (TR_MODULE, TR_KEY, TR_TEXT, TR_LANGUAGE) VALUES ('frontend','user.preferences.imap.test.ok','IMAP configuration ok','fa-FA');
INSERT INTO OKM_TRANSLATION (TR_MODULE, TR_KEY, TR_TEXT, TR_LANGUAGE) VALUES ('frontend','thesaurus.directory.select.label','Add thesaurus keyword','fa-FA');
INSERT INTO OKM_TRANSLATION (TR_MODULE, TR_KEY, TR_TEXT, TR_LANGUAGE) VALUES ('frontend','thesaurus.tab.tree','Tree','fa-FA');
INSERT INTO OKM_TRANSLATION (TR_MODULE, TR_KEY, TR_TEXT, TR_LANGUAGE) VALUES ('frontend','thesaurus.tab.keywords','Keywords','fa-FA');
INSERT INTO OKM_TRANSLATION (TR_MODULE, TR_KEY, TR_TEXT, TR_LANGUAGE) VALUES ('frontend','categories.folder.select.label','Add category','fa-FA');
INSERT INTO OKM_TRANSLATION (TR_MODULE, TR_KEY, TR_TEXT, TR_LANGUAGE) VALUES ('frontend','categories.folder.error.delete','Cannot delete category with documents','fa-FA');
INSERT INTO OKM_TRANSLATION (TR_MODULE, TR_KEY, TR_TEXT, TR_LANGUAGE) VALUES ('frontend','wizard.document.uploading','Document wizard','fa-FA');
INSERT INTO OKM_TRANSLATION (TR_MODULE, TR_KEY, TR_TEXT, TR_LANGUAGE) VALUES ('frontend','user.info.chat.connect','Connect to chat','fa-FA');
INSERT INTO OKM_TRANSLATION (TR_MODULE, TR_KEY, TR_TEXT, TR_LANGUAGE) VALUES ('frontend','user.info.chat.disconnect','Disconnet chat','fa-FA');
INSERT INTO OKM_TRANSLATION (TR_MODULE, TR_KEY, TR_TEXT, TR_LANGUAGE) VALUES ('frontend','user.info.chat.new.room','Net chat room','fa-FA');
INSERT INTO OKM_TRANSLATION (TR_MODULE, TR_KEY, TR_TEXT, TR_LANGUAGE) VALUES ('frontend','user.info.locked.actual','Locked documents','fa-FA');
INSERT INTO OKM_TRANSLATION (TR_MODULE, TR_KEY, TR_TEXT, TR_LANGUAGE) VALUES ('frontend','user.info.checkout.actual','Checkout documents','fa-FA');
INSERT INTO OKM_TRANSLATION (TR_MODULE, TR_KEY, TR_TEXT, TR_LANGUAGE) VALUES ('frontend','user.info.subscription.actual','Actual subscriptions','fa-FA');
INSERT INTO OKM_TRANSLATION (TR_MODULE, TR_KEY, TR_TEXT, TR_LANGUAGE) VALUES ('frontend','user.info.news.new','News','fa-FA');
INSERT INTO OKM_TRANSLATION (TR_MODULE, TR_KEY, TR_TEXT, TR_LANGUAGE) VALUES ('frontend','user.info.workflow.pending','Pending workflows','fa-FA');
INSERT INTO OKM_TRANSLATION (TR_MODULE, TR_KEY, TR_TEXT, TR_LANGUAGE) VALUES ('frontend','user.info.user.quota','Used quota','fa-FA');
INSERT INTO OKM_TRANSLATION (TR_MODULE, TR_KEY, TR_TEXT, TR_LANGUAGE) VALUES ('frontend','user.online','Users online','fa-FA');
INSERT INTO OKM_TRANSLATION (TR_MODULE, TR_KEY, TR_TEXT, TR_LANGUAGE) VALUES ('frontend','chat.room','Chat','fa-FA');
INSERT INTO OKM_TRANSLATION (TR_MODULE, TR_KEY, TR_TEXT, TR_LANGUAGE) VALUES ('frontend','chat.users.in.room','Users','fa-FA');
INSERT INTO OKM_TRANSLATION (TR_MODULE, TR_KEY, TR_TEXT, TR_LANGUAGE) VALUES ('frontend','OKM-017009','     ','fa-FA');
INSERT INTO OKM_TRANSLATION (TR_MODULE, TR_KEY, TR_TEXT, TR_LANGUAGE) VALUES ('frontend','OKM-017004','  ','fa-FA');
INSERT INTO OKM_TRANSLATION (TR_MODULE, TR_KEY, TR_TEXT, TR_LANGUAGE) VALUES ('frontend','OKM-017001','  ','fa-FA');
INSERT INTO OKM_TRANSLATION (TR_MODULE, TR_KEY, TR_TEXT, TR_LANGUAGE) VALUES ('frontend','OKM-017015','Document path not found','fa-FA');
INSERT INTO OKM_TRANSLATION (TR_MODULE, TR_KEY, TR_TEXT, TR_LANGUAGE) VALUES ('frontend','OKM-017016','Version error','fa-FA');
INSERT INTO OKM_TRANSLATION (TR_MODULE, TR_KEY, TR_TEXT, TR_LANGUAGE) VALUES ('frontend','OKM-002009','     ','fa-FA');
INSERT INTO OKM_TRANSLATION (TR_MODULE, TR_KEY, TR_TEXT, TR_LANGUAGE) VALUES ('frontend','OKM-002002','  ','fa-FA');
INSERT INTO OKM_TRANSLATION (TR_MODULE, TR_KEY, TR_TEXT, TR_LANGUAGE) VALUES ('frontend','OKM-002003','   ','fa-FA');
INSERT INTO OKM_TRANSLATION (TR_MODULE, TR_KEY, TR_TEXT, TR_LANGUAGE) VALUES ('frontend','OKM-002004','  ','fa-FA');
INSERT INTO OKM_TRANSLATION (TR_MODULE, TR_KEY, TR_TEXT, TR_LANGUAGE) VALUES ('frontend','OKM-002004','    ','fa-FA');
INSERT INTO OKM_TRANSLATION (TR_MODULE, TR_KEY, TR_TEXT, TR_LANGUAGE) VALUES ('frontend','OKM-002001','  ','fa-FA');
INSERT INTO OKM_TRANSLATION (TR_MODULE, TR_KEY, TR_TEXT, TR_LANGUAGE) VALUES ('frontend','OKM-002006','  ','fa-FA');
INSERT INTO OKM_TRANSLATION (TR_MODULE, TR_KEY, TR_TEXT, TR_LANGUAGE) VALUES ('frontend','OKM-002015','Document path not found','fa-FA');
INSERT INTO OKM_TRANSLATION (TR_MODULE, TR_KEY, TR_TEXT, TR_LANGUAGE) VALUES ('frontend','OKM-002024','Database error','fa-FA');
INSERT INTO OKM_TRANSLATION (TR_MODULE, TR_KEY, TR_TEXT, TR_LANGUAGE) VALUES ('frontend','OKM-001009','     ','fa-FA');
INSERT INTO OKM_TRANSLATION (TR_MODULE, TR_KEY, TR_TEXT, TR_LANGUAGE) VALUES ('frontend','OKM-001002','  ','fa-FA');
INSERT INTO OKM_TRANSLATION (TR_MODULE, TR_KEY, TR_TEXT, TR_LANGUAGE) VALUES ('frontend','OKM-001003','   ','fa-FA');
INSERT INTO OKM_TRANSLATION (TR_MODULE, TR_KEY, TR_TEXT, TR_LANGUAGE) VALUES ('frontend','OKM-001001','  ','fa-FA');
INSERT INTO OKM_TRANSLATION (TR_MODULE, TR_KEY, TR_TEXT, TR_LANGUAGE) VALUES ('frontend','OKM-001006',' ','fa-FA');
INSERT INTO OKM_TRANSLATION (TR_MODULE, TR_KEY, TR_TEXT, TR_LANGUAGE) VALUES ('frontend','OKM-001015','Folder path not found','fa-FA');
INSERT INTO OKM_TRANSLATION (TR_MODULE, TR_KEY, TR_TEXT, TR_LANGUAGE) VALUES ('frontend','OKM-001024','Database error','fa-FA');
INSERT INTO OKM_TRANSLATION (TR_MODULE, TR_KEY, TR_TEXT, TR_LANGUAGE) VALUES ('frontend','OKM-007009',' ','fa-FA');
INSERT INTO OKM_TRANSLATION (TR_MODULE, TR_KEY, TR_TEXT, TR_LANGUAGE) VALUES ('frontend','OKM-007002',' ','fa-FA');
INSERT INTO OKM_TRANSLATION (TR_MODULE, TR_KEY, TR_TEXT, TR_LANGUAGE) VALUES ('frontend','OKM-007001','  ','fa-FA');
INSERT INTO OKM_TRANSLATION (TR_MODULE, TR_KEY, TR_TEXT, TR_LANGUAGE) VALUES ('frontend','OKM-007006',' ','fa-FA');
INSERT INTO OKM_TRANSLATION (TR_MODULE, TR_KEY, TR_TEXT, TR_LANGUAGE) VALUES ('frontend','OKM-007024','  ','fa-FA');
INSERT INTO OKM_TRANSLATION (TR_MODULE, TR_KEY, TR_TEXT, TR_LANGUAGE) VALUES ('frontend','OKM-009002','  ','fa-FA');
INSERT INTO OKM_TRANSLATION (TR_MODULE, TR_KEY, TR_TEXT, TR_LANGUAGE) VALUES ('frontend','OKM-009006','   ','fa-FA');
INSERT INTO OKM_TRANSLATION (TR_MODULE, TR_KEY, TR_TEXT, TR_LANGUAGE) VALUES ('frontend','OKM-005010','   ','fa-FA');
INSERT INTO OKM_TRANSLATION (TR_MODULE, TR_KEY, TR_TEXT, TR_LANGUAGE) VALUES ('frontend','OKM-005003','   ','fa-FA');
INSERT INTO OKM_TRANSLATION (TR_MODULE, TR_KEY, TR_TEXT, TR_LANGUAGE) VALUES ('frontend','OKM-005011','Document name is diferent','fa-FA');
INSERT INTO OKM_TRANSLATION (TR_MODULE, TR_KEY, TR_TEXT, TR_LANGUAGE) VALUES ('frontend','OKM-005027','     ','fa-FA');
INSERT INTO OKM_TRANSLATION (TR_MODULE, TR_KEY, TR_TEXT, TR_LANGUAGE) VALUES ('frontend','OKM-004001','Database error','fa-FA');
INSERT INTO OKM_TRANSLATION (TR_MODULE, TR_KEY, TR_TEXT, TR_LANGUAGE) VALUES ('frontend','OKM-004024','Generic error executing query','fa-FA');
INSERT INTO OKM_TRANSLATION (TR_MODULE, TR_KEY, TR_TEXT, TR_LANGUAGE) VALUES ('frontend','OKM-008001','The stored search name must be unique','fa-FA');
INSERT INTO OKM_TRANSLATION (TR_MODULE, TR_KEY, TR_TEXT, TR_LANGUAGE) VALUES ('frontend','OKM-008003','Database error','fa-FA');
INSERT INTO OKM_TRANSLATION (TR_MODULE, TR_KEY, TR_TEXT, TR_LANGUAGE) VALUES ('frontend','OKM-008024','The bookmark name must be unique','fa-FA');
INSERT INTO OKM_TRANSLATION (TR_MODULE, TR_KEY, TR_TEXT, TR_LANGUAGE) VALUES ('frontend','OKM-011003','Session lost','fa-FA');
INSERT INTO OKM_TRANSLATION (TR_MODULE, TR_KEY, TR_TEXT, TR_LANGUAGE) VALUES ('frontend','OKM-003017','  ','fa-FA');
INSERT INTO OKM_TRANSLATION (TR_MODULE, TR_KEY, TR_TEXT, TR_LANGUAGE) VALUES ('frontend','OKM-013001','Database error','fa-FA');
INSERT INTO OKM_TRANSLATION (TR_MODULE, TR_KEY, TR_TEXT, TR_LANGUAGE) VALUES ('frontend','OKM-013024','Repository internal error','fa-FA');
INSERT INTO OKM_TRANSLATION (TR_MODULE, TR_KEY, TR_TEXT, TR_LANGUAGE) VALUES ('frontend','OKM-014001','Error on I/O','fa-FA');
INSERT INTO OKM_TRANSLATION (TR_MODULE, TR_KEY, TR_TEXT, TR_LANGUAGE) VALUES ('frontend','OKM-014013','Repository internal error','fa-FA');
INSERT INTO OKM_TRANSLATION (TR_MODULE, TR_KEY, TR_TEXT, TR_LANGUAGE) VALUES ('frontend','OKM-015001','Database error','fa-FA');
INSERT INTO OKM_TRANSLATION (TR_MODULE, TR_KEY, TR_TEXT, TR_LANGUAGE) VALUES ('frontend','OKM-015024','Error in browser configuration','fa-FA');
INSERT INTO OKM_TRANSLATION (TR_MODULE, TR_KEY, TR_TEXT, TR_LANGUAGE) VALUES ('frontend','OKM-018022','Error user quota exceed,  contact with adminitrator','fa-FA');
INSERT INTO OKM_TRANSLATION (TR_MODULE, TR_KEY, TR_TEXT, TR_LANGUAGE) VALUES ('frontend','OKM-018023','Document access denied','fa-FA');
INSERT INTO OKM_TRANSLATION (TR_MODULE, TR_KEY, TR_TEXT, TR_LANGUAGE) VALUES ('frontend','OKM-016009','Document not found','fa-FA');
INSERT INTO OKM_TRANSLATION (TR_MODULE, TR_KEY, TR_TEXT, TR_LANGUAGE) VALUES ('frontend','OKM-016002','Document already exists','fa-FA');
INSERT INTO OKM_TRANSLATION (TR_MODULE, TR_KEY, TR_TEXT, TR_LANGUAGE) VALUES ('frontend','OKM-016003','Document lock denied','fa-FA');
INSERT INTO OKM_TRANSLATION (TR_MODULE, TR_KEY, TR_TEXT, TR_LANGUAGE) VALUES ('frontend','OKM-016004','Repository internal error','fa-FA');
INSERT INTO OKM_TRANSLATION (TR_MODULE, TR_KEY, TR_TEXT, TR_LANGUAGE) VALUES ('frontend','OKM-016001','Application internal error','fa-FA');
INSERT INTO OKM_TRANSLATION (TR_MODULE, TR_KEY, TR_TEXT, TR_LANGUAGE) VALUES ('frontend','OKM-016006','Document path not found','fa-FA');
INSERT INTO OKM_TRANSLATION (TR_MODULE, TR_KEY, TR_TEXT, TR_LANGUAGE) VALUES ('frontend','OKM-016015','Database error','fa-FA');
INSERT INTO OKM_TRANSLATION (TR_MODULE, TR_KEY, TR_TEXT, TR_LANGUAGE) VALUES ('frontend','OKM-016024','Path not found','fa-FA');
INSERT INTO OKM_TRANSLATION (TR_MODULE, TR_KEY, TR_TEXT, TR_LANGUAGE) VALUES ('frontend','OKM-010015','Access denied','fa-FA');
INSERT INTO OKM_TRANSLATION (TR_MODULE, TR_KEY, TR_TEXT, TR_LANGUAGE) VALUES ('frontend','OKM-010009','Repository internal error','fa-FA');
INSERT INTO OKM_TRANSLATION (TR_MODULE, TR_KEY, TR_TEXT, TR_LANGUAGE) VALUES ('frontend','OKM-010001','Database error','fa-FA');
INSERT INTO OKM_TRANSLATION (TR_MODULE, TR_KEY, TR_TEXT, TR_LANGUAGE) VALUES ('frontend','OKM-010024','Application internal error ','fa-FA');
INSERT INTO OKM_TRANSLATION (TR_MODULE, TR_KEY, TR_TEXT, TR_LANGUAGE) VALUES ('frontend','OKM-010006','Locked','fa-FA');
INSERT INTO OKM_TRANSLATION (TR_MODULE, TR_KEY, TR_TEXT, TR_LANGUAGE) VALUES ('frontend','OKM-009004','Path not exist','fa-FA');
INSERT INTO OKM_TRANSLATION (TR_MODULE, TR_KEY, TR_TEXT, TR_LANGUAGE) VALUES ('frontend','OKM-009015','Access denied','fa-FA');
INSERT INTO OKM_TRANSLATION (TR_MODULE, TR_KEY, TR_TEXT, TR_LANGUAGE) VALUES ('frontend','OKM-009009','Repository internal error','fa-FA');
INSERT INTO OKM_TRANSLATION (TR_MODULE, TR_KEY, TR_TEXT, TR_LANGUAGE) VALUES ('frontend','OKM-009001','Database error','fa-FA');
INSERT INTO OKM_TRANSLATION (TR_MODULE, TR_KEY, TR_TEXT, TR_LANGUAGE) VALUES ('frontend','OKM-009024','Application internal error','fa-FA');
INSERT INTO OKM_TRANSLATION (TR_MODULE, TR_KEY, TR_TEXT, TR_LANGUAGE) VALUES ('frontend','OKM-009006','Group not exists','fa-FA');
INSERT INTO OKM_TRANSLATION (TR_MODULE, TR_KEY, TR_TEXT, TR_LANGUAGE) VALUES ('frontend','OKM-009012','Property not exists','fa-FA');
INSERT INTO OKM_TRANSLATION (TR_MODULE, TR_KEY, TR_TEXT, TR_LANGUAGE) VALUES ('frontend','OKM-009014','Error on I/O','fa-FA');
INSERT INTO OKM_TRANSLATION (TR_MODULE, TR_KEY, TR_TEXT, TR_LANGUAGE) VALUES ('frontend','OKM-009013','Repository internal error','fa-FA');
INSERT INTO OKM_TRANSLATION (TR_MODULE, TR_KEY, TR_TEXT, TR_LANGUAGE) VALUES ('frontend','OKM-012001','Application internal error','fa-FA');
INSERT INTO OKM_TRANSLATION (TR_MODULE, TR_KEY, TR_TEXT, TR_LANGUAGE) VALUES ('frontend','OKM-012006','Path not exist','fa-FA');
INSERT INTO OKM_TRANSLATION (TR_MODULE, TR_KEY, TR_TEXT, TR_LANGUAGE) VALUES ('frontend','OKM-012015','Database error','fa-FA');
INSERT INTO OKM_TRANSLATION (TR_MODULE, TR_KEY, TR_TEXT, TR_LANGUAGE) VALUES ('frontend','OKM-012024','Access denied','fa-FA');
INSERT INTO OKM_TRANSLATION (TR_MODULE, TR_KEY, TR_TEXT, TR_LANGUAGE) VALUES ('frontend','OKM-012009','Repository internal error','fa-FA');
INSERT INTO OKM_TRANSLATION (TR_MODULE, TR_KEY, TR_TEXT, TR_LANGUAGE) VALUES ('frontend','OKM-019001','Application internal error','fa-FA');
INSERT INTO OKM_TRANSLATION (TR_MODULE, TR_KEY, TR_TEXT, TR_LANGUAGE) VALUES ('frontend','OKM-019006','Database error','fa-FA');
INSERT INTO OKM_LANGUAGE (LG_ID, LG_NAME, LG_IMAGE_CONTENT, LG_IMAGE_MIME) VALUES ('fr-FR', 'Franais', 'R0lGODlhEAALANUAAKqqqpqv2fHx8e1kVsTS7Vd7xenp6vSIft7e3viVjNTU1NgAALTF57zL6WaHzOpqXe7u7qG13ebm5uTk5O52arLD5aa53vN+cvf396q94e4JAHKS0uQAAOpXSfFwZMHP68/Pz/BqXMYAAK+/48wAAOxuYvN3a+lmWutdT+hSQ+ZNPvT09Lu7uxdHpfj4+LfI5+xeUOzr60Rsu+Li4p+fn2+P0aa54LOwsK6/5CxXsK7A5Ojo6O3t7evr6+zs7HOV0yH5BAAAAAAALAAAAAAQAAsAAAaLwJ/wt0EgFAoQSKPhOH+E6MeFqa5WicThwIG+GBWer2cwSC4mz2Gx+YB1kN7YnA5dFrVPBZeB8GIGOxIeIQMUCw4NfDYCfjxkhTCHDi8ZFhGNY4IDKB0lJAUvlwEQmhITnSkPoBURAQE+gaczHSkqJyIyI5YRYrISJQ8nA7k5xi0sLDcAADQkJCLRQQA7', 'image/gif');
INSERT INTO OKM_TRANSLATION (TR_MODULE, TR_KEY, TR_TEXT, TR_LANGUAGE) VALUES ('frontend','general.date.pattern','dd.MM.yyyy hh:mm:ss','fr-FR');
INSERT INTO OKM_TRANSLATION (TR_MODULE, TR_KEY, TR_TEXT, TR_LANGUAGE) VALUES ('frontend','general.day.pattern','dd.MM.yyyy','fr-FR');
INSERT INTO OKM_TRANSLATION (TR_MODULE, TR_KEY, TR_TEXT, TR_LANGUAGE) VALUES ('frontend','general.hour.pattern','hh:mm:ss','fr-FR');
INSERT INTO OKM_TRANSLATION (TR_MODULE, TR_KEY, TR_TEXT, TR_LANGUAGE) VALUES ('frontend','startup.openkm','Chargement d''OpenKM','fr-FR');
INSERT INTO OKM_TRANSLATION (TR_MODULE, TR_KEY, TR_TEXT, TR_LANGUAGE) VALUES ('frontend','startup.starting.loading','Dmarrage du chargement de OpenKM','fr-FR');
INSERT INTO OKM_TRANSLATION (TR_MODULE, TR_KEY, TR_TEXT, TR_LANGUAGE) VALUES ('frontend','startup.taxonomy','Rcupration du nud racine taxinomie','fr-FR');
INSERT INTO OKM_TRANSLATION (TR_MODULE, TR_KEY, TR_TEXT, TR_LANGUAGE) VALUES ('frontend','startup.template','Rcupration du nud racine modle','fr-FR');
INSERT INTO OKM_TRANSLATION (TR_MODULE, TR_KEY, TR_TEXT, TR_LANGUAGE) VALUES ('frontend','startup.categories','Rcupration du nud racine catgories','fr-FR');
INSERT INTO OKM_TRANSLATION (TR_MODULE, TR_KEY, TR_TEXT, TR_LANGUAGE) VALUES ('frontend','startup.thesaurus','Rcupration du noeud racine thsaurus','fr-FR');
INSERT INTO OKM_TRANSLATION (TR_MODULE, TR_KEY, TR_TEXT, TR_LANGUAGE) VALUES ('frontend','startup.personal','Rcupration du nud racine personnel','fr-FR');
INSERT INTO OKM_TRANSLATION (TR_MODULE, TR_KEY, TR_TEXT, TR_LANGUAGE) VALUES ('frontend','startup.mail','Rcupration du nud racine courriel','fr-FR');
INSERT INTO OKM_TRANSLATION (TR_MODULE, TR_KEY, TR_TEXT, TR_LANGUAGE) VALUES ('frontend','startup.trash','Rcupration du nud racine corbeille','fr-FR');
INSERT INTO OKM_TRANSLATION (TR_MODULE, TR_KEY, TR_TEXT, TR_LANGUAGE) VALUES ('frontend','startup.user.home','Rcupration du nud accueil utilisateur','fr-FR');
INSERT INTO OKM_TRANSLATION (TR_MODULE, TR_KEY, TR_TEXT, TR_LANGUAGE) VALUES ('frontend','startup.bookmarks','Rcupration des signets','fr-FR');
INSERT INTO OKM_TRANSLATION (TR_MODULE, TR_KEY, TR_TEXT, TR_LANGUAGE) VALUES ('frontend','startup.loading.taxonomy','Chargement taxinomie','fr-FR');
INSERT INTO OKM_TRANSLATION (TR_MODULE, TR_KEY, TR_TEXT, TR_LANGUAGE) VALUES ('frontend','startup.loading.taxonomy.getting.folders','Chargement taxinomie - rcupration des dossiers','fr-FR');
INSERT INTO OKM_TRANSLATION (TR_MODULE, TR_KEY, TR_TEXT, TR_LANGUAGE) VALUES ('frontend','startup.loading.taxonomy.eval.params','Chargement taxinomie - paramtres du navigateur','fr-FR');
INSERT INTO OKM_TRANSLATION (TR_MODULE, TR_KEY, TR_TEXT, TR_LANGUAGE) VALUES ('frontend','startup.loading.taxonomy.open.path','Chargement taxinomie - ouverture du chemin','fr-FR');
INSERT INTO OKM_TRANSLATION (TR_MODULE, TR_KEY, TR_TEXT, TR_LANGUAGE) VALUES ('frontend','startup.loading.taxonomy.getting.filebrowser.folders','Chargement de la taxinomie - rcupration des dossiers','fr-FR');
INSERT INTO OKM_TRANSLATION (TR_MODULE, TR_KEY, TR_TEXT, TR_LANGUAGE) VALUES ('frontend','startup.loading.taxonomy.getting.filebrowser.documents','Chargement de la taxinomie - rcupration des documents','fr-FR');
INSERT INTO OKM_TRANSLATION (TR_MODULE, TR_KEY, TR_TEXT, TR_LANGUAGE) VALUES ('frontend','startup.loading.taxonomy.getting.filebrowser.mails','Chargement de la taxinomie - rcupration des courriels','fr-FR');
INSERT INTO OKM_TRANSLATION (TR_MODULE, TR_KEY, TR_TEXT, TR_LANGUAGE) VALUES ('frontend','startup.loading.personal','Chargement personnel','fr-FR');
INSERT INTO OKM_TRANSLATION (TR_MODULE, TR_KEY, TR_TEXT, TR_LANGUAGE) VALUES ('frontend','startup.loading.mail','Chargement des courriels','fr-FR');
INSERT INTO OKM_TRANSLATION (TR_MODULE, TR_KEY, TR_TEXT, TR_LANGUAGE) VALUES ('frontend','startup.loading.categories','Chargement categories','fr-FR');
INSERT INTO OKM_TRANSLATION (TR_MODULE, TR_KEY, TR_TEXT, TR_LANGUAGE) VALUES ('frontend','startup.loading.thesaurus','Chargement thsaurus','fr-FR');
INSERT INTO OKM_TRANSLATION (TR_MODULE, TR_KEY, TR_TEXT, TR_LANGUAGE) VALUES ('frontend','startup.loading.templates','Chargement des modles','fr-FR');
INSERT INTO OKM_TRANSLATION (TR_MODULE, TR_KEY, TR_TEXT, TR_LANGUAGE) VALUES ('frontend','startup.loading.trash','Chargement de la corbeille','fr-FR');
INSERT INTO OKM_TRANSLATION (TR_MODULE, TR_KEY, TR_TEXT, TR_LANGUAGE) VALUES ('frontend','startup.loading.history.search','Chargement historique de recherche','fr-FR');
INSERT INTO OKM_TRANSLATION (TR_MODULE, TR_KEY, TR_TEXT, TR_LANGUAGE) VALUES ('frontend','startup.loading.user.values','Chargement des valeurs utilisateur','fr-FR');
INSERT INTO OKM_TRANSLATION (TR_MODULE, TR_KEY, TR_TEXT, TR_LANGUAGE) VALUES ('frontend','startup.keep.alive','Chargement surveillance','fr-FR');
INSERT INTO OKM_TRANSLATION (TR_MODULE, TR_KEY, TR_TEXT, TR_LANGUAGE) VALUES ('frontend','openkm.update.available','Mise  jour disponible pour OpenKM','fr-FR');
INSERT INTO OKM_TRANSLATION (TR_MODULE, TR_KEY, TR_TEXT, TR_LANGUAGE) VALUES ('frontend','leftpanel.label.taxonomy','Taxinomie','fr-FR');
INSERT INTO OKM_TRANSLATION (TR_MODULE, TR_KEY, TR_TEXT, TR_LANGUAGE) VALUES ('frontend','leftpanel.label.trash','Corbeille','fr-FR');
INSERT INTO OKM_TRANSLATION (TR_MODULE, TR_KEY, TR_TEXT, TR_LANGUAGE) VALUES ('frontend','leftpanel.label.mail','Courriel','fr-FR');
INSERT INTO OKM_TRANSLATION (TR_MODULE, TR_KEY, TR_TEXT, TR_LANGUAGE) VALUES ('frontend','leftpanel.label.stored.search','Recherches sauvegardes','fr-FR');
INSERT INTO OKM_TRANSLATION (TR_MODULE, TR_KEY, TR_TEXT, TR_LANGUAGE) VALUES ('frontend','leftpanel.label.categories','Catgories','fr-FR');
INSERT INTO OKM_TRANSLATION (TR_MODULE, TR_KEY, TR_TEXT, TR_LANGUAGE) VALUES ('frontend','leftpanel.label.thesaurus','Thsaurus','fr-FR');
INSERT INTO OKM_TRANSLATION (TR_MODULE, TR_KEY, TR_TEXT, TR_LANGUAGE) VALUES ('frontend','leftpanel.label.templates','Modles','fr-FR');
INSERT INTO OKM_TRANSLATION (TR_MODULE, TR_KEY, TR_TEXT, TR_LANGUAGE) VALUES ('frontend','leftpanel.label.my.documents','Mes documents','fr-FR');
INSERT INTO OKM_TRANSLATION (TR_MODULE, TR_KEY, TR_TEXT, TR_LANGUAGE) VALUES ('frontend','leftpanel.label.user.search','Brves utilisateur','fr-FR');
INSERT INTO OKM_TRANSLATION (TR_MODULE, TR_KEY, TR_TEXT, TR_LANGUAGE) VALUES ('frontend','leftpanel.label.all.repository','Tous les dpts','fr-FR');
INSERT INTO OKM_TRANSLATION (TR_MODULE, TR_KEY, TR_TEXT, TR_LANGUAGE) VALUES ('frontend','tree.menu.directory.create','Crer un dossier','fr-FR');
INSERT INTO OKM_TRANSLATION (TR_MODULE, TR_KEY, TR_TEXT, TR_LANGUAGE) VALUES ('frontend','tree.menu.directory.remove','Supprimer','fr-FR');
INSERT INTO OKM_TRANSLATION (TR_MODULE, TR_KEY, TR_TEXT, TR_LANGUAGE) VALUES ('frontend','tree.menu.directory.rename','Renommer','fr-FR');
INSERT INTO OKM_TRANSLATION (TR_MODULE, TR_KEY, TR_TEXT, TR_LANGUAGE) VALUES ('frontend','tree.menu.directory.refresh','Actualiser','fr-FR');
INSERT INTO OKM_TRANSLATION (TR_MODULE, TR_KEY, TR_TEXT, TR_LANGUAGE) VALUES ('frontend','tree.menu.directory.move','Dplacer','fr-FR');
INSERT INTO OKM_TRANSLATION (TR_MODULE, TR_KEY, TR_TEXT, TR_LANGUAGE) VALUES ('frontend','tree.menu.directory.copy','Copier','fr-FR');
INSERT INTO OKM_TRANSLATION (TR_MODULE, TR_KEY, TR_TEXT, TR_LANGUAGE) VALUES ('frontend','tree.menu.directory.add.document','Ajouter un document','fr-FR');
INSERT INTO OKM_TRANSLATION (TR_MODULE, TR_KEY, TR_TEXT, TR_LANGUAGE) VALUES ('frontend','tree.menu.add.bookmark','Ajouter un signet','fr-FR');
INSERT INTO OKM_TRANSLATION (TR_MODULE, TR_KEY, TR_TEXT, TR_LANGUAGE) VALUES ('frontend','tree.menu.set.home','Mettre en accueil par dfaut','fr-FR');
INSERT INTO OKM_TRANSLATION (TR_MODULE, TR_KEY, TR_TEXT, TR_LANGUAGE) VALUES ('frontend','tree.menu.export','Export du fichier','fr-FR');
INSERT INTO OKM_TRANSLATION (TR_MODULE, TR_KEY, TR_TEXT, TR_LANGUAGE) VALUES ('frontend','tree.status.refresh.folder','Actualiser le dossier','fr-FR');
INSERT INTO OKM_TRANSLATION (TR_MODULE, TR_KEY, TR_TEXT, TR_LANGUAGE) VALUES ('frontend','tree.status.refresh.create','Crer un dossier','fr-FR');
INSERT INTO OKM_TRANSLATION (TR_MODULE, TR_KEY, TR_TEXT, TR_LANGUAGE) VALUES ('frontend','tree.status.refresh.delete','Supprimer le dossier','fr-FR');
INSERT INTO OKM_TRANSLATION (TR_MODULE, TR_KEY, TR_TEXT, TR_LANGUAGE) VALUES ('frontend','tree.status.refresh.rename','Renommer le dossier','fr-FR');
INSERT INTO OKM_TRANSLATION (TR_MODULE, TR_KEY, TR_TEXT, TR_LANGUAGE) VALUES ('frontend','tree.status.refresh.restore','Restaurer le dossier','fr-FR');
INSERT INTO OKM_TRANSLATION (TR_MODULE, TR_KEY, TR_TEXT, TR_LANGUAGE) VALUES ('frontend','tree.status.refresh.purge','Vider le dossier','fr-FR');
INSERT INTO OKM_TRANSLATION (TR_MODULE, TR_KEY, TR_TEXT, TR_LANGUAGE) VALUES ('frontend','tree.status.refresh.get','Actualiser le dossier','fr-FR');
INSERT INTO OKM_TRANSLATION (TR_MODULE, TR_KEY, TR_TEXT, TR_LANGUAGE) VALUES ('frontend','tree.folder.new','Nouveau dossier','fr-FR');
INSERT INTO OKM_TRANSLATION (TR_MODULE, TR_KEY, TR_TEXT, TR_LANGUAGE) VALUES ('frontend','tree.status.refresh.add.subscription','Ajouter un abonnement','fr-FR');
INSERT INTO OKM_TRANSLATION (TR_MODULE, TR_KEY, TR_TEXT, TR_LANGUAGE) VALUES ('frontend','tree.status.refresh.remove.subscription','Supprimer un abonnement','fr-FR');
INSERT INTO OKM_TRANSLATION (TR_MODULE, TR_KEY, TR_TEXT, TR_LANGUAGE) VALUES ('frontend','tree.status.refresh.get.root','Actualiser le dossier racine','fr-FR');
INSERT INTO OKM_TRANSLATION (TR_MODULE, TR_KEY, TR_TEXT, TR_LANGUAGE) VALUES ('frontend','tree.status.refresh.get.keywords','Actualiser les mots cls','fr-FR');
INSERT INTO OKM_TRANSLATION (TR_MODULE, TR_KEY, TR_TEXT, TR_LANGUAGE) VALUES ('frontend','tree.status.refresh.get.user.home','Actualiser l''accueil utilisateur','fr-FR');
INSERT INTO OKM_TRANSLATION (TR_MODULE, TR_KEY, TR_TEXT, TR_LANGUAGE) VALUES ('frontend','tree.status.refresh.purge.trash','Vider la corbeille','fr-FR');
INSERT INTO OKM_TRANSLATION (TR_MODULE, TR_KEY, TR_TEXT, TR_LANGUAGE) VALUES ('frontend','tree.menu.directory.find.folder','Rechercher Dossier','fr-FR');
INSERT INTO OKM_TRANSLATION (TR_MODULE, TR_KEY, TR_TEXT, TR_LANGUAGE) VALUES ('frontend','trash.menu.directory.restore','Restaurer','fr-FR');
INSERT INTO OKM_TRANSLATION (TR_MODULE, TR_KEY, TR_TEXT, TR_LANGUAGE) VALUES ('frontend','trash.menu.directory.purge','Vider','fr-FR');
INSERT INTO OKM_TRANSLATION (TR_MODULE, TR_KEY, TR_TEXT, TR_LANGUAGE) VALUES ('frontend','trash.menu.directory.purge.trash','Vider la corbeille','fr-FR');
INSERT INTO OKM_TRANSLATION (TR_MODULE, TR_KEY, TR_TEXT, TR_LANGUAGE) VALUES ('frontend','trash.directory.select.label','Choisir le dossier destination','fr-FR');
INSERT INTO OKM_TRANSLATION (TR_MODULE, TR_KEY, TR_TEXT, TR_LANGUAGE) VALUES ('frontend','general.menu.file','Fichier','fr-FR');
INSERT INTO OKM_TRANSLATION (TR_MODULE, TR_KEY, TR_TEXT, TR_LANGUAGE) VALUES ('frontend','general.menu.file.exit','Quitter','fr-FR');
INSERT INTO OKM_TRANSLATION (TR_MODULE, TR_KEY, TR_TEXT, TR_LANGUAGE) VALUES ('frontend','general.menu.file.purge.trash','Vider la corbeille','fr-FR');
INSERT INTO OKM_TRANSLATION (TR_MODULE, TR_KEY, TR_TEXT, TR_LANGUAGE) VALUES ('frontend','general.menu.edit','Edition','fr-FR');
INSERT INTO OKM_TRANSLATION (TR_MODULE, TR_KEY, TR_TEXT, TR_LANGUAGE) VALUES ('frontend','general.menu.file.create.directory','Crer un dossier','fr-FR');
INSERT INTO OKM_TRANSLATION (TR_MODULE, TR_KEY, TR_TEXT, TR_LANGUAGE) VALUES ('frontend','general.menu.file.download.document','Tlcharger le document','fr-FR');
INSERT INTO OKM_TRANSLATION (TR_MODULE, TR_KEY, TR_TEXT, TR_LANGUAGE) VALUES ('frontend','general.menu.file.download.document.pdf','Tlcharger le document en PDF','fr-FR');
INSERT INTO OKM_TRANSLATION (TR_MODULE, TR_KEY, TR_TEXT, TR_LANGUAGE) VALUES ('frontend','general.menu.file.send.link','Envoi du document en tant que lien','fr-FR');
INSERT INTO OKM_TRANSLATION (TR_MODULE, TR_KEY, TR_TEXT, TR_LANGUAGE) VALUES ('frontend','general.menu.file.send.attachment','Envoi pice jointe du document','fr-FR');
INSERT INTO OKM_TRANSLATION (TR_MODULE, TR_KEY, TR_TEXT, TR_LANGUAGE) VALUES ('frontend','general.menu.file.lock','Verrouiller','fr-FR');
INSERT INTO OKM_TRANSLATION (TR_MODULE, TR_KEY, TR_TEXT, TR_LANGUAGE) VALUES ('frontend','general.menu.file.unlock','Dverrouiller','fr-FR');
INSERT INTO OKM_TRANSLATION (TR_MODULE, TR_KEY, TR_TEXT, TR_LANGUAGE) VALUES ('frontend','general.menu.file.add.document','Ajouter un document','fr-FR');
INSERT INTO OKM_TRANSLATION (TR_MODULE, TR_KEY, TR_TEXT, TR_LANGUAGE) VALUES ('frontend','general.menu.file.checkout','Rserver','fr-FR');
INSERT INTO OKM_TRANSLATION (TR_MODULE, TR_KEY, TR_TEXT, TR_LANGUAGE) VALUES ('frontend','general.menu.file.checkin','Restituer','fr-FR');
INSERT INTO OKM_TRANSLATION (TR_MODULE, TR_KEY, TR_TEXT, TR_LANGUAGE) VALUES ('frontend','general.menu.file.cancel.checkout','Annuler la rservation','fr-FR');
INSERT INTO OKM_TRANSLATION (TR_MODULE, TR_KEY, TR_TEXT, TR_LANGUAGE) VALUES ('frontend','general.menu.file.delete','Supprimer','fr-FR');
INSERT INTO OKM_TRANSLATION (TR_MODULE, TR_KEY, TR_TEXT, TR_LANGUAGE) VALUES ('frontend','general.menu.file.refresh','Actualiser','fr-FR');
INSERT INTO OKM_TRANSLATION (TR_MODULE, TR_KEY, TR_TEXT, TR_LANGUAGE) VALUES ('frontend','general.menu.file.scanner','Scanner','fr-FR');
INSERT INTO OKM_TRANSLATION (TR_MODULE, TR_KEY, TR_TEXT, TR_LANGUAGE) VALUES ('frontend','general.menu.file.uploader','Chargeur Fichier','fr-FR');
INSERT INTO OKM_TRANSLATION (TR_MODULE, TR_KEY, TR_TEXT, TR_LANGUAGE) VALUES ('frontend','general.menu.tools','Outils','fr-FR');
INSERT INTO OKM_TRANSLATION (TR_MODULE, TR_KEY, TR_TEXT, TR_LANGUAGE) VALUES ('frontend','general.menu.tools.languages','Langues','fr-FR');
INSERT INTO OKM_TRANSLATION (TR_MODULE, TR_KEY, TR_TEXT, TR_LANGUAGE) VALUES ('frontend','general.menu.tools.skin','Thme','fr-FR');
INSERT INTO OKM_TRANSLATION (TR_MODULE, TR_KEY, TR_TEXT, TR_LANGUAGE) VALUES ('frontend','general.menu.tools.skin.default','Normal','fr-FR');
INSERT INTO OKM_TRANSLATION (TR_MODULE, TR_KEY, TR_TEXT, TR_LANGUAGE) VALUES ('frontend','general.menu.tools.skin.default2','Normal 2','fr-FR');
INSERT INTO OKM_TRANSLATION (TR_MODULE, TR_KEY, TR_TEXT, TR_LANGUAGE) VALUES ('frontend','general.menu.tools.skin.mediumfont','Police moyenne','fr-FR');
INSERT INTO OKM_TRANSLATION (TR_MODULE, TR_KEY, TR_TEXT, TR_LANGUAGE) VALUES ('frontend','general.menu.tools.skin.bigfont','Grande police','fr-FR');
INSERT INTO OKM_TRANSLATION (TR_MODULE, TR_KEY, TR_TEXT, TR_LANGUAGE) VALUES ('frontend','general.menu.debug.console','Console d''erreur','fr-FR');
INSERT INTO OKM_TRANSLATION (TR_MODULE, TR_KEY, TR_TEXT, TR_LANGUAGE) VALUES ('frontend','general.menu.administration','Montrer l''administration','fr-FR');
INSERT INTO OKM_TRANSLATION (TR_MODULE, TR_KEY, TR_TEXT, TR_LANGUAGE) VALUES ('frontend','general.menu.tools.preferences','Prfrences','fr-FR');
INSERT INTO OKM_TRANSLATION (TR_MODULE, TR_KEY, TR_TEXT, TR_LANGUAGE) VALUES ('frontend','general.menu.tools.user.preferences','Configuration personnelle','fr-FR');
INSERT INTO OKM_TRANSLATION (TR_MODULE, TR_KEY, TR_TEXT, TR_LANGUAGE) VALUES ('frontend','general.menu.bookmark','Signets','fr-FR');
INSERT INTO OKM_TRANSLATION (TR_MODULE, TR_KEY, TR_TEXT, TR_LANGUAGE) VALUES ('frontend','general.menu.bookmark.home','Accueil','fr-FR');
INSERT INTO OKM_TRANSLATION (TR_MODULE, TR_KEY, TR_TEXT, TR_LANGUAGE) VALUES ('frontend','general.menu.bookmark.default.home','Mettre en accueil par dfaut','fr-FR');
INSERT INTO OKM_TRANSLATION (TR_MODULE, TR_KEY, TR_TEXT, TR_LANGUAGE) VALUES ('frontend','general.menu.bookmark.edit','diter les signets','fr-FR');
INSERT INTO OKM_TRANSLATION (TR_MODULE, TR_KEY, TR_TEXT, TR_LANGUAGE) VALUES ('frontend','general.menu.help','Aide','fr-FR');
INSERT INTO OKM_TRANSLATION (TR_MODULE, TR_KEY, TR_TEXT, TR_LANGUAGE) VALUES ('frontend','general.menu.bug.report','Signaler un problme','fr-FR');
INSERT INTO OKM_TRANSLATION (TR_MODULE, TR_KEY, TR_TEXT, TR_LANGUAGE) VALUES ('frontend','general.menu.support.request','Demande de support','fr-FR');
INSERT INTO OKM_TRANSLATION (TR_MODULE, TR_KEY, TR_TEXT, TR_LANGUAGE) VALUES ('frontend','general.menu.public.forum','Forums publics','fr-FR');
INSERT INTO OKM_TRANSLATION (TR_MODULE, TR_KEY, TR_TEXT, TR_LANGUAGE) VALUES ('frontend','general.menu.project.web','Site du projet','fr-FR');
INSERT INTO OKM_TRANSLATION (TR_MODULE, TR_KEY, TR_TEXT, TR_LANGUAGE) VALUES ('frontend','general.menu.version.changes','Notes de version','fr-FR');
INSERT INTO OKM_TRANSLATION (TR_MODULE, TR_KEY, TR_TEXT, TR_LANGUAGE) VALUES ('frontend','general.menu.documentation','Documentation','fr-FR');
INSERT INTO OKM_TRANSLATION (TR_MODULE, TR_KEY, TR_TEXT, TR_LANGUAGE) VALUES ('frontend','general.menu.about',' propos d''OpenKM','fr-FR');
INSERT INTO OKM_TRANSLATION (TR_MODULE, TR_KEY, TR_TEXT, TR_LANGUAGE) VALUES ('frontend','general.connected','Utilisateur : ','fr-FR');
INSERT INTO OKM_TRANSLATION (TR_MODULE, TR_KEY, TR_TEXT, TR_LANGUAGE) VALUES ('frontend','filebrowser.name','Nom','fr-FR');
INSERT INTO OKM_TRANSLATION (TR_MODULE, TR_KEY, TR_TEXT, TR_LANGUAGE) VALUES ('frontend','filebrowser.date.update','Date de modification','fr-FR');
INSERT INTO OKM_TRANSLATION (TR_MODULE, TR_KEY, TR_TEXT, TR_LANGUAGE) VALUES ('frontend','filebrowser.size','Taille','fr-FR');
INSERT INTO OKM_TRANSLATION (TR_MODULE, TR_KEY, TR_TEXT, TR_LANGUAGE) VALUES ('frontend','filebrowser.path','Chemin','fr-FR');
INSERT INTO OKM_TRANSLATION (TR_MODULE, TR_KEY, TR_TEXT, TR_LANGUAGE) VALUES ('frontend','filebrowser.author','Auteur','fr-FR');
INSERT INTO OKM_TRANSLATION (TR_MODULE, TR_KEY, TR_TEXT, TR_LANGUAGE) VALUES ('frontend','filebrowser.version','Version','fr-FR');
INSERT INTO OKM_TRANSLATION (TR_MODULE, TR_KEY, TR_TEXT, TR_LANGUAGE) VALUES ('frontend','filebrowser.menu.checkout','Rserver','fr-FR');
INSERT INTO OKM_TRANSLATION (TR_MODULE, TR_KEY, TR_TEXT, TR_LANGUAGE) VALUES ('frontend','filebrowser.menu.checkin','Restituer','fr-FR');
INSERT INTO OKM_TRANSLATION (TR_MODULE, TR_KEY, TR_TEXT, TR_LANGUAGE) VALUES ('frontend','filebrowser.menu.delete','Supprimer','fr-FR');
INSERT INTO OKM_TRANSLATION (TR_MODULE, TR_KEY, TR_TEXT, TR_LANGUAGE) VALUES ('frontend','filebrowser.menu.rename','Renommer','fr-FR');
INSERT INTO OKM_TRANSLATION (TR_MODULE, TR_KEY, TR_TEXT, TR_LANGUAGE) VALUES ('frontend','filebrowser.menu.checkout.cancel','Annuler la rservation','fr-FR');
INSERT INTO OKM_TRANSLATION (TR_MODULE, TR_KEY, TR_TEXT, TR_LANGUAGE) VALUES ('frontend','filebrowser.menu.lock','Verrouiller','fr-FR');
INSERT INTO OKM_TRANSLATION (TR_MODULE, TR_KEY, TR_TEXT, TR_LANGUAGE) VALUES ('frontend','filebrowser.menu.unlock','Dverrouiller','fr-FR');
INSERT INTO OKM_TRANSLATION (TR_MODULE, TR_KEY, TR_TEXT, TR_LANGUAGE) VALUES ('frontend','filebrowser.menu.download','Tlcharger','fr-FR');
INSERT INTO OKM_TRANSLATION (TR_MODULE, TR_KEY, TR_TEXT, TR_LANGUAGE) VALUES ('frontend','filebrowser.menu.move','Dplacer','fr-FR');
INSERT INTO OKM_TRANSLATION (TR_MODULE, TR_KEY, TR_TEXT, TR_LANGUAGE) VALUES ('frontend','filebrowser.menu.copy','Copier','fr-FR');
INSERT INTO OKM_TRANSLATION (TR_MODULE, TR_KEY, TR_TEXT, TR_LANGUAGE) VALUES ('frontend','filebrowser.menu.create.from.template','Crer depuis le modle','fr-FR');
INSERT INTO OKM_TRANSLATION (TR_MODULE, TR_KEY, TR_TEXT, TR_LANGUAGE) VALUES ('frontend','filebrowser.menu.add.property.group','Ajouter une proprit de groupe','fr-FR');
INSERT INTO OKM_TRANSLATION (TR_MODULE, TR_KEY, TR_TEXT, TR_LANGUAGE) VALUES ('frontend','filebrowser.menu.remove.property.group','Enlever une proprit de groupe','fr-FR');
INSERT INTO OKM_TRANSLATION (TR_MODULE, TR_KEY, TR_TEXT, TR_LANGUAGE) VALUES ('frontend','filebrowser.menu.start.workflow','Dmarrer le workflow','fr-FR');
INSERT INTO OKM_TRANSLATION (TR_MODULE, TR_KEY, TR_TEXT, TR_LANGUAGE) VALUES ('frontend','filebrowser.menu.add.subscription','Ajouter un abonnement','fr-FR');
INSERT INTO OKM_TRANSLATION (TR_MODULE, TR_KEY, TR_TEXT, TR_LANGUAGE) VALUES ('frontend','filebrowser.menu.remove.subscription','liminer un abonnement','fr-FR');
INSERT INTO OKM_TRANSLATION (TR_MODULE, TR_KEY, TR_TEXT, TR_LANGUAGE) VALUES ('frontend','filebrowser.menu.add.bookmark','Ajouter un signet','fr-FR');
INSERT INTO OKM_TRANSLATION (TR_MODULE, TR_KEY, TR_TEXT, TR_LANGUAGE) VALUES ('frontend','filebrowser.menu.set.home','Mettre en accueil par dfaut','fr-FR');
INSERT INTO OKM_TRANSLATION (TR_MODULE, TR_KEY, TR_TEXT, TR_LANGUAGE) VALUES ('frontend','filebrowser.menu.refresh','Actualiser','fr-FR');
INSERT INTO OKM_TRANSLATION (TR_MODULE, TR_KEY, TR_TEXT, TR_LANGUAGE) VALUES ('frontend','filebrowser.menu.export','Export en ZIP','fr-FR');
INSERT INTO OKM_TRANSLATION (TR_MODULE, TR_KEY, TR_TEXT, TR_LANGUAGE) VALUES ('frontend','filebrowser.menu.play','Jouer','fr-FR');
INSERT INTO OKM_TRANSLATION (TR_MODULE, TR_KEY, TR_TEXT, TR_LANGUAGE) VALUES ('frontend','filebrowser.menu.image.viewer','Aperu de l''image','fr-FR');
INSERT INTO OKM_TRANSLATION (TR_MODULE, TR_KEY, TR_TEXT, TR_LANGUAGE) VALUES ('frontend','filebrowser.status.refresh.folder','Actualiser la liste des dossiers','fr-FR');
INSERT INTO OKM_TRANSLATION (TR_MODULE, TR_KEY, TR_TEXT, TR_LANGUAGE) VALUES ('frontend','filebrowser.status.refresh.document','Actualiser la liste des documents','fr-FR');
INSERT INTO OKM_TRANSLATION (TR_MODULE, TR_KEY, TR_TEXT, TR_LANGUAGE) VALUES ('frontend','filebrowser.status.refresh.mail','Actualiser la liste des courriels','fr-FR');
INSERT INTO OKM_TRANSLATION (TR_MODULE, TR_KEY, TR_TEXT, TR_LANGUAGE) VALUES ('frontend','filebrowser.status.refresh.delete.folder','Suppression du dossier en cours','fr-FR');
INSERT INTO OKM_TRANSLATION (TR_MODULE, TR_KEY, TR_TEXT, TR_LANGUAGE) VALUES ('frontend','filebrowser.status.refresh.delete.document','Suppression du document en cours','fr-FR');
INSERT INTO OKM_TRANSLATION (TR_MODULE, TR_KEY, TR_TEXT, TR_LANGUAGE) VALUES ('frontend','filebrowser.status.refresh.checkout','Rservation du document en cours','fr-FR');
INSERT INTO OKM_TRANSLATION (TR_MODULE, TR_KEY, TR_TEXT, TR_LANGUAGE) VALUES ('frontend','filebrowser.status.refresh.lock','Verrouillage du document en cours','fr-FR');
INSERT INTO OKM_TRANSLATION (TR_MODULE, TR_KEY, TR_TEXT, TR_LANGUAGE) VALUES ('frontend','filebrowser.status.refresh.unlock','Dverrouillage du document en cours','fr-FR');
INSERT INTO OKM_TRANSLATION (TR_MODULE, TR_KEY, TR_TEXT, TR_LANGUAGE) VALUES ('frontend','filebrowser.status.refresh.document.rename','Renommage du document','fr-FR');
INSERT INTO OKM_TRANSLATION (TR_MODULE, TR_KEY, TR_TEXT, TR_LANGUAGE) VALUES ('frontend','filebrowser.status.refresh.folder.rename','Renommage du dossier','fr-FR');
INSERT INTO OKM_TRANSLATION (TR_MODULE, TR_KEY, TR_TEXT, TR_LANGUAGE) VALUES ('frontend','filebrowser.status.refresh.document.purge','Suppression du document','fr-FR');
INSERT INTO OKM_TRANSLATION (TR_MODULE, TR_KEY, TR_TEXT, TR_LANGUAGE) VALUES ('frontend','filebrowser.status.refresh.folder.purge','Suppression du dossier','fr-FR');
INSERT INTO OKM_TRANSLATION (TR_MODULE, TR_KEY, TR_TEXT, TR_LANGUAGE) VALUES ('frontend','filebrowser.status.refresh.folder.get','Actualiser le dossier','fr-FR');
INSERT INTO OKM_TRANSLATION (TR_MODULE, TR_KEY, TR_TEXT, TR_LANGUAGE) VALUES ('frontend','filebrowser.status.refresh.document.get','Actualiser le document','fr-FR');
INSERT INTO OKM_TRANSLATION (TR_MODULE, TR_KEY, TR_TEXT, TR_LANGUAGE) VALUES ('frontend','filebrowser.status.refresh.add.subscription','Ajouter un abonnement','fr-FR');
INSERT INTO OKM_TRANSLATION (TR_MODULE, TR_KEY, TR_TEXT, TR_LANGUAGE) VALUES ('frontend','filebrowser.status.refresh.remove.subscription','Supprimer un abonnement','fr-FR');
INSERT INTO OKM_TRANSLATION (TR_MODULE, TR_KEY, TR_TEXT, TR_LANGUAGE) VALUES ('frontend','filebrowser.status.refresh.get.user.home','Obtenir le dossier utilisateur','fr-FR');
INSERT INTO OKM_TRANSLATION (TR_MODULE, TR_KEY, TR_TEXT, TR_LANGUAGE) VALUES ('frontend','filebrowser.status.refresh.delete.mail','Supprimer le courriel','fr-FR');
INSERT INTO OKM_TRANSLATION (TR_MODULE, TR_KEY, TR_TEXT, TR_LANGUAGE) VALUES ('frontend','filebrowser.status.refresh.mail.purge','Purger le courriel','fr-FR');
INSERT INTO OKM_TRANSLATION (TR_MODULE, TR_KEY, TR_TEXT, TR_LANGUAGE) VALUES ('frontend','fileupload.send','Envoi','fr-FR');
INSERT INTO OKM_TRANSLATION (TR_MODULE, TR_KEY, TR_TEXT, TR_LANGUAGE) VALUES ('frontend','fileupload.status.sending','Tlchargement du fichier en cours...','fr-FR');
INSERT INTO OKM_TRANSLATION (TR_MODULE, TR_KEY, TR_TEXT, TR_LANGUAGE) VALUES ('frontend','fileupload.status.indexing','Indexation en cours...','fr-FR');
INSERT INTO OKM_TRANSLATION (TR_MODULE, TR_KEY, TR_TEXT, TR_LANGUAGE) VALUES ('frontend','fileupload.status.ok','Tlchargement du fichier effectu','fr-FR');
INSERT INTO OKM_TRANSLATION (TR_MODULE, TR_KEY, TR_TEXT, TR_LANGUAGE) VALUES ('frontend','fileupload.upload.status','Statut du tlchargement','fr-FR');
INSERT INTO OKM_TRANSLATION (TR_MODULE, TR_KEY, TR_TEXT, TR_LANGUAGE) VALUES ('frontend','fileupload.upload.uploaded','Tlcharg','fr-FR');
INSERT INTO OKM_TRANSLATION (TR_MODULE, TR_KEY, TR_TEXT, TR_LANGUAGE) VALUES ('frontend','fileupload.upload.completed','Tlchargement effectu','fr-FR');
INSERT INTO OKM_TRANSLATION (TR_MODULE, TR_KEY, TR_TEXT, TR_LANGUAGE) VALUES ('frontend','fileupload.upload.runtime','Temps','fr-FR');
INSERT INTO OKM_TRANSLATION (TR_MODULE, TR_KEY, TR_TEXT, TR_LANGUAGE) VALUES ('frontend','fileupload.upload.remaining','Restant','fr-FR');
INSERT INTO OKM_TRANSLATION (TR_MODULE, TR_KEY, TR_TEXT, TR_LANGUAGE) VALUES ('frontend','fileupload.button.close','Fermer','fr-FR');
INSERT INTO OKM_TRANSLATION (TR_MODULE, TR_KEY, TR_TEXT, TR_LANGUAGE) VALUES ('frontend','fileupload.button.add.other.file','Ajouter un autre document','fr-FR');
INSERT INTO OKM_TRANSLATION (TR_MODULE, TR_KEY, TR_TEXT, TR_LANGUAGE) VALUES ('frontend','fileupload.status.move.file','Dplacement du fichier...','fr-FR');
INSERT INTO OKM_TRANSLATION (TR_MODULE, TR_KEY, TR_TEXT, TR_LANGUAGE) VALUES ('frontend','fileupload.status.move.mail','Dplacement du courriel...','fr-FR');
INSERT INTO OKM_TRANSLATION (TR_MODULE, TR_KEY, TR_TEXT, TR_LANGUAGE) VALUES ('frontend','fileupload.status.copy.file','Copie du fichier...','fr-FR');
INSERT INTO OKM_TRANSLATION (TR_MODULE, TR_KEY, TR_TEXT, TR_LANGUAGE) VALUES ('frontend','fileupload.status.copy.mail','Copie du courriel...','fr-FR');
INSERT INTO OKM_TRANSLATION (TR_MODULE, TR_KEY, TR_TEXT, TR_LANGUAGE) VALUES ('frontend','fileupload.status.restore.file','Restauration du fichier...','fr-FR');
INSERT INTO OKM_TRANSLATION (TR_MODULE, TR_KEY, TR_TEXT, TR_LANGUAGE) VALUES ('frontend','fileupload.status.restore.mail','Restauration du courriel...','fr-FR');
INSERT INTO OKM_TRANSLATION (TR_MODULE, TR_KEY, TR_TEXT, TR_LANGUAGE) VALUES ('frontend','fileupload.status.move.folder','Dplacement du dossier...','fr-FR');
INSERT INTO OKM_TRANSLATION (TR_MODULE, TR_KEY, TR_TEXT, TR_LANGUAGE) VALUES ('frontend','fileupload.status.copy.folder','Copie du dossier...','fr-FR');
INSERT INTO OKM_TRANSLATION (TR_MODULE, TR_KEY, TR_TEXT, TR_LANGUAGE) VALUES ('frontend','fileupload.status.restore.folder','Restauration du dossier...','fr-FR');
INSERT INTO OKM_TRANSLATION (TR_MODULE, TR_KEY, TR_TEXT, TR_LANGUAGE) VALUES ('frontend','fileupload.status.create.from.template','Cration du fichier depuis le modle...','fr-FR');
INSERT INTO OKM_TRANSLATION (TR_MODULE, TR_KEY, TR_TEXT, TR_LANGUAGE) VALUES ('frontend','fileupload.status.of','de','fr-FR');
INSERT INTO OKM_TRANSLATION (TR_MODULE, TR_KEY, TR_TEXT, TR_LANGUAGE) VALUES ('frontend','fileupload.label.insert','Ajout de documents','fr-FR');
INSERT INTO OKM_TRANSLATION (TR_MODULE, TR_KEY, TR_TEXT, TR_LANGUAGE) VALUES ('frontend','fileupload.label.update','Mise  jour des documents','fr-FR');
INSERT INTO OKM_TRANSLATION (TR_MODULE, TR_KEY, TR_TEXT, TR_LANGUAGE) VALUES ('frontend','fileupload.label.users.notify','Notifier  des utilisateurs','fr-FR');
INSERT INTO OKM_TRANSLATION (TR_MODULE, TR_KEY, TR_TEXT, TR_LANGUAGE) VALUES ('frontend','fileupload.label.comment','Commentaire','fr-FR');
INSERT INTO OKM_TRANSLATION (TR_MODULE, TR_KEY, TR_TEXT, TR_LANGUAGE) VALUES ('frontend','fileupload.label.users.to.notify"','  "Utilisateurs notifis','fr-FR');
INSERT INTO OKM_TRANSLATION (TR_MODULE, TR_KEY, TR_TEXT, TR_LANGUAGE) VALUES ('frontend','fileupload.label.users"','  "Utilisateurs','fr-FR');
INSERT INTO OKM_TRANSLATION (TR_MODULE, TR_KEY, TR_TEXT, TR_LANGUAGE) VALUES ('frontend','fileupload.label.groups.to.notify','Groupes  notifier','fr-FR');
INSERT INTO OKM_TRANSLATION (TR_MODULE, TR_KEY, TR_TEXT, TR_LANGUAGE) VALUES ('frontend','fileupload.label.groups','Groupes','fr-FR');
INSERT INTO OKM_TRANSLATION (TR_MODULE, TR_KEY, TR_TEXT, TR_LANGUAGE) VALUES ('frontend','fileupload.label.must.select.users"','  "Il faut choisir un utilisateur  notifier','fr-FR');
INSERT INTO OKM_TRANSLATION (TR_MODULE, TR_KEY, TR_TEXT, TR_LANGUAGE) VALUES ('frontend','fileupload.label.importZip','Import de documents en ZIP','fr-FR');
INSERT INTO OKM_TRANSLATION (TR_MODULE, TR_KEY, TR_TEXT, TR_LANGUAGE) VALUES ('frontend','fileupload.label.notify.comment','Message de notification','fr-FR');
INSERT INTO OKM_TRANSLATION (TR_MODULE, TR_KEY, TR_TEXT, TR_LANGUAGE) VALUES ('frontend','fileupload.label.error.importing.zip','Erreur d''importation du fichier','fr-FR');
INSERT INTO OKM_TRANSLATION (TR_MODULE, TR_KEY, TR_TEXT, TR_LANGUAGE) VALUES ('frontend','fileupload.label.error.move.file','Erreur de dplacement du fichier','fr-FR');
INSERT INTO OKM_TRANSLATION (TR_MODULE, TR_KEY, TR_TEXT, TR_LANGUAGE) VALUES ('frontend','fileupload.label.error.move.mail','Erreur de dplacement du courriel','fr-FR');
INSERT INTO OKM_TRANSLATION (TR_MODULE, TR_KEY, TR_TEXT, TR_LANGUAGE) VALUES ('frontend','fileupload.label.error.copy.file','Erreur de copie du fichier','fr-FR');
INSERT INTO OKM_TRANSLATION (TR_MODULE, TR_KEY, TR_TEXT, TR_LANGUAGE) VALUES ('frontend','fileupload.label.error.copy.mail','Erreur de copie du courriel','fr-FR');
INSERT INTO OKM_TRANSLATION (TR_MODULE, TR_KEY, TR_TEXT, TR_LANGUAGE) VALUES ('frontend','fileupload.label.error.restore.file','Erreur de restauration du fichier','fr-FR');
INSERT INTO OKM_TRANSLATION (TR_MODULE, TR_KEY, TR_TEXT, TR_LANGUAGE) VALUES ('frontend','fileupload.label.error.restore.mail','Erreur de restauration du courriel','fr-FR');
INSERT INTO OKM_TRANSLATION (TR_MODULE, TR_KEY, TR_TEXT, TR_LANGUAGE) VALUES ('frontend','fileupload.label.error.move.folder','Erreur de dplacement du dossier','fr-FR');
INSERT INTO OKM_TRANSLATION (TR_MODULE, TR_KEY, TR_TEXT, TR_LANGUAGE) VALUES ('frontend','fileupload.label.error.copy.folder','Erreur de copie du dossier','fr-FR');
INSERT INTO OKM_TRANSLATION (TR_MODULE, TR_KEY, TR_TEXT, TR_LANGUAGE) VALUES ('frontend','fileupload.label.error.restore.folder','Erreur de restauration du dossier','fr-FR');
INSERT INTO OKM_TRANSLATION (TR_MODULE, TR_KEY, TR_TEXT, TR_LANGUAGE) VALUES ('frontend','fileupload.label.error.create.from.template','Erreur de cration du fichier depuis le modle','fr-FR');
INSERT INTO OKM_TRANSLATION (TR_MODULE, TR_KEY, TR_TEXT, TR_LANGUAGE) VALUES ('frontend','fileupload.label.error.not.allowed.move.folder.child','Dplacement depuis l''origine ou dossier enfant : refus','fr-FR');
INSERT INTO OKM_TRANSLATION (TR_MODULE, TR_KEY, TR_TEXT, TR_LANGUAGE) VALUES ('frontend','fileupload.label.error.not.allowed.copy.same.folder','Dplacement dans le dossier d''origine : refus','fr-FR');
INSERT INTO OKM_TRANSLATION (TR_MODULE, TR_KEY, TR_TEXT, TR_LANGUAGE) VALUES ('frontend','fileupload.label.error.not.allowed.create.from.template.same.folder','Cration du fichier dans le dossier d''origine : refus','fr-FR');
INSERT INTO OKM_TRANSLATION (TR_MODULE, TR_KEY, TR_TEXT, TR_LANGUAGE) VALUES ('frontend','tab.document.properties','Proprits','fr-FR');
INSERT INTO OKM_TRANSLATION (TR_MODULE, TR_KEY, TR_TEXT, TR_LANGUAGE) VALUES ('frontend','tab.document.notes','Notes','fr-FR');
INSERT INTO OKM_TRANSLATION (TR_MODULE, TR_KEY, TR_TEXT, TR_LANGUAGE) VALUES ('frontend','tab.document.history','Historique','fr-FR');
INSERT INTO OKM_TRANSLATION (TR_MODULE, TR_KEY, TR_TEXT, TR_LANGUAGE) VALUES ('frontend','tab.document.status.history','Actualiser l''historique','fr-FR');
INSERT INTO OKM_TRANSLATION (TR_MODULE, TR_KEY, TR_TEXT, TR_LANGUAGE) VALUES ('frontend','tab.status.security.role','Mise  jour scurit rles en cours','fr-FR');
INSERT INTO OKM_TRANSLATION (TR_MODULE, TR_KEY, TR_TEXT, TR_LANGUAGE) VALUES ('frontend','tab.status.security.user','Mise  jour scurit utilisateurs en cours','fr-FR');
INSERT INTO OKM_TRANSLATION (TR_MODULE, TR_KEY, TR_TEXT, TR_LANGUAGE) VALUES ('frontend','tab.document.status.group.properties','Mise  jour proprits de groupe','fr-FR');
INSERT INTO OKM_TRANSLATION (TR_MODULE, TR_KEY, TR_TEXT, TR_LANGUAGE) VALUES ('frontend','tab.document.status.set.keywords','Rglage des mots-cls','fr-FR');
INSERT INTO OKM_TRANSLATION (TR_MODULE, TR_KEY, TR_TEXT, TR_LANGUAGE) VALUES ('frontend','tab.document.status.set.categories','Mise  jour des catgories','fr-FR');
INSERT INTO OKM_TRANSLATION (TR_MODULE, TR_KEY, TR_TEXT, TR_LANGUAGE) VALUES ('frontend','tab.document.status.get.version.history.size','Rgnrer la taille de l''historique du document','fr-FR');
INSERT INTO OKM_TRANSLATION (TR_MODULE, TR_KEY, TR_TEXT, TR_LANGUAGE) VALUES ('frontend','tab.document.status.purge.version.history','Compacter l''historique du document','fr-FR');
INSERT INTO OKM_TRANSLATION (TR_MODULE, TR_KEY, TR_TEXT, TR_LANGUAGE) VALUES ('frontend','tab.document.status.restore.version','Restaurer la version du document','fr-FR');
INSERT INTO OKM_TRANSLATION (TR_MODULE, TR_KEY, TR_TEXT, TR_LANGUAGE) VALUES ('frontend','tab.document.security','Scurit','fr-FR');
INSERT INTO OKM_TRANSLATION (TR_MODULE, TR_KEY, TR_TEXT, TR_LANGUAGE) VALUES ('frontend','tab.document.preview','Prvisualisation','fr-FR');
INSERT INTO OKM_TRANSLATION (TR_MODULE, TR_KEY, TR_TEXT, TR_LANGUAGE) VALUES ('frontend','tab.folder.properties','Proprits','fr-FR');
INSERT INTO OKM_TRANSLATION (TR_MODULE, TR_KEY, TR_TEXT, TR_LANGUAGE) VALUES ('frontend','tab.folder.security','Scurit','fr-FR');
INSERT INTO OKM_TRANSLATION (TR_MODULE, TR_KEY, TR_TEXT, TR_LANGUAGE) VALUES ('frontend','tab.folder.notes','Notes','fr-FR');
INSERT INTO OKM_TRANSLATION (TR_MODULE, TR_KEY, TR_TEXT, TR_LANGUAGE) VALUES ('frontend','tab.workspace.desktop','Bureau','fr-FR');
INSERT INTO OKM_TRANSLATION (TR_MODULE, TR_KEY, TR_TEXT, TR_LANGUAGE) VALUES ('frontend','tab.workspace.search','Recherche','fr-FR');
INSERT INTO OKM_TRANSLATION (TR_MODULE, TR_KEY, TR_TEXT, TR_LANGUAGE) VALUES ('frontend','tab.workspace.dashboard','Tableau de bord','fr-FR');
INSERT INTO OKM_TRANSLATION (TR_MODULE, TR_KEY, TR_TEXT, TR_LANGUAGE) VALUES ('frontend','tab.workspace.administration','Administration','fr-FR');
INSERT INTO OKM_TRANSLATION (TR_MODULE, TR_KEY, TR_TEXT, TR_LANGUAGE) VALUES ('frontend','document.uuid','UUID','fr-FR');
INSERT INTO OKM_TRANSLATION (TR_MODULE, TR_KEY, TR_TEXT, TR_LANGUAGE) VALUES ('frontend','document.name','Nom','fr-FR');
INSERT INTO OKM_TRANSLATION (TR_MODULE, TR_KEY, TR_TEXT, TR_LANGUAGE) VALUES ('frontend','document.folder','Dossier','fr-FR');
INSERT INTO OKM_TRANSLATION (TR_MODULE, TR_KEY, TR_TEXT, TR_LANGUAGE) VALUES ('frontend','document.size','Taille','fr-FR');
INSERT INTO OKM_TRANSLATION (TR_MODULE, TR_KEY, TR_TEXT, TR_LANGUAGE) VALUES ('frontend','document.created','Cr','fr-FR');
INSERT INTO OKM_TRANSLATION (TR_MODULE, TR_KEY, TR_TEXT, TR_LANGUAGE) VALUES ('frontend','document.lastmodified','Modifi','fr-FR');
INSERT INTO OKM_TRANSLATION (TR_MODULE, TR_KEY, TR_TEXT, TR_LANGUAGE) VALUES ('frontend','document.mimetype','Type','fr-FR');
INSERT INTO OKM_TRANSLATION (TR_MODULE, TR_KEY, TR_TEXT, TR_LANGUAGE) VALUES ('frontend','document.keywords','Mots-cls','fr-FR');
INSERT INTO OKM_TRANSLATION (TR_MODULE, TR_KEY, TR_TEXT, TR_LANGUAGE) VALUES ('frontend','document.by','par','fr-FR');
INSERT INTO OKM_TRANSLATION (TR_MODULE, TR_KEY, TR_TEXT, TR_LANGUAGE) VALUES ('frontend','document.status','Statut','fr-FR');
INSERT INTO OKM_TRANSLATION (TR_MODULE, TR_KEY, TR_TEXT, TR_LANGUAGE) VALUES ('frontend','document.status.checkout','Rserv par','fr-FR');
INSERT INTO OKM_TRANSLATION (TR_MODULE, TR_KEY, TR_TEXT, TR_LANGUAGE) VALUES ('frontend','document.status.locked','Verrouill par','fr-FR');
INSERT INTO OKM_TRANSLATION (TR_MODULE, TR_KEY, TR_TEXT, TR_LANGUAGE) VALUES ('frontend','document.status.normal','Disponible','fr-FR');
INSERT INTO OKM_TRANSLATION (TR_MODULE, TR_KEY, TR_TEXT, TR_LANGUAGE) VALUES ('frontend','document.subscribed','Abonn','fr-FR');
INSERT INTO OKM_TRANSLATION (TR_MODULE, TR_KEY, TR_TEXT, TR_LANGUAGE) VALUES ('frontend','document.subscribed.yes','Oui','fr-FR');
INSERT INTO OKM_TRANSLATION (TR_MODULE, TR_KEY, TR_TEXT, TR_LANGUAGE) VALUES ('frontend','document.subscribed.no','Non','fr-FR');
INSERT INTO OKM_TRANSLATION (TR_MODULE, TR_KEY, TR_TEXT, TR_LANGUAGE) VALUES ('frontend','document.history.size','Taille historique','fr-FR');
INSERT INTO OKM_TRANSLATION (TR_MODULE, TR_KEY, TR_TEXT, TR_LANGUAGE) VALUES ('frontend','document.subscribed.users','Abonns','fr-FR');
INSERT INTO OKM_TRANSLATION (TR_MODULE, TR_KEY, TR_TEXT, TR_LANGUAGE) VALUES ('frontend','document.url','URL','fr-FR');
INSERT INTO OKM_TRANSLATION (TR_MODULE, TR_KEY, TR_TEXT, TR_LANGUAGE) VALUES ('frontend','document.webdav','WebDAV','fr-FR');
INSERT INTO OKM_TRANSLATION (TR_MODULE, TR_KEY, TR_TEXT, TR_LANGUAGE) VALUES ('frontend','document.add.note','Ajouter une note','fr-FR');
INSERT INTO OKM_TRANSLATION (TR_MODULE, TR_KEY, TR_TEXT, TR_LANGUAGE) VALUES ('frontend','document.keywords.cloud','Mots cls','fr-FR');
INSERT INTO OKM_TRANSLATION (TR_MODULE, TR_KEY, TR_TEXT, TR_LANGUAGE) VALUES ('frontend','document.categories','Catgories','fr-FR');
INSERT INTO OKM_TRANSLATION (TR_MODULE, TR_KEY, TR_TEXT, TR_LANGUAGE) VALUES ('frontend','folder.uuid','UUID','fr-FR');
INSERT INTO OKM_TRANSLATION (TR_MODULE, TR_KEY, TR_TEXT, TR_LANGUAGE) VALUES ('frontend','folder.name','Nom','fr-FR');
INSERT INTO OKM_TRANSLATION (TR_MODULE, TR_KEY, TR_TEXT, TR_LANGUAGE) VALUES ('frontend','folder.parent','Parent','fr-FR');
INSERT INTO OKM_TRANSLATION (TR_MODULE, TR_KEY, TR_TEXT, TR_LANGUAGE) VALUES ('frontend','folder.created','Cr','fr-FR');
INSERT INTO OKM_TRANSLATION (TR_MODULE, TR_KEY, TR_TEXT, TR_LANGUAGE) VALUES ('frontend','folder.by','par','fr-FR');
INSERT INTO OKM_TRANSLATION (TR_MODULE, TR_KEY, TR_TEXT, TR_LANGUAGE) VALUES ('frontend','folder.subscribed','Abonn','fr-FR');
INSERT INTO OKM_TRANSLATION (TR_MODULE, TR_KEY, TR_TEXT, TR_LANGUAGE) VALUES ('frontend','folder.subscribed.yes','Oui','fr-FR');
INSERT INTO OKM_TRANSLATION (TR_MODULE, TR_KEY, TR_TEXT, TR_LANGUAGE) VALUES ('frontend','folder.subscribed.no','Non','fr-FR');
INSERT INTO OKM_TRANSLATION (TR_MODULE, TR_KEY, TR_TEXT, TR_LANGUAGE) VALUES ('frontend','folder.subscribed.users','Abonns','fr-FR');
INSERT INTO OKM_TRANSLATION (TR_MODULE, TR_KEY, TR_TEXT, TR_LANGUAGE) VALUES ('frontend','folder.url','URL','fr-FR');
INSERT INTO OKM_TRANSLATION (TR_MODULE, TR_KEY, TR_TEXT, TR_LANGUAGE) VALUES ('frontend','folder.webdav','WebDAV','fr-FR');
INSERT INTO OKM_TRANSLATION (TR_MODULE, TR_KEY, TR_TEXT, TR_LANGUAGE) VALUES ('frontend','folder.number.folders','Dossiers','fr-FR');
INSERT INTO OKM_TRANSLATION (TR_MODULE, TR_KEY, TR_TEXT, TR_LANGUAGE) VALUES ('frontend','folder.number.documents','Documents','fr-FR');
INSERT INTO OKM_TRANSLATION (TR_MODULE, TR_KEY, TR_TEXT, TR_LANGUAGE) VALUES ('frontend','folder.number.mails','Mails','fr-FR');
INSERT INTO OKM_TRANSLATION (TR_MODULE, TR_KEY, TR_TEXT, TR_LANGUAGE) VALUES ('frontend','version.name','Version','fr-FR');
INSERT INTO OKM_TRANSLATION (TR_MODULE, TR_KEY, TR_TEXT, TR_LANGUAGE) VALUES ('frontend','version.created','Date','fr-FR');
INSERT INTO OKM_TRANSLATION (TR_MODULE, TR_KEY, TR_TEXT, TR_LANGUAGE) VALUES ('frontend','version.author','Auteur','fr-FR');
INSERT INTO OKM_TRANSLATION (TR_MODULE, TR_KEY, TR_TEXT, TR_LANGUAGE) VALUES ('frontend','version.size','Taille','fr-FR');
INSERT INTO OKM_TRANSLATION (TR_MODULE, TR_KEY, TR_TEXT, TR_LANGUAGE) VALUES ('frontend','version.purge.document','Purger l''historique','fr-FR');
INSERT INTO OKM_TRANSLATION (TR_MODULE, TR_KEY, TR_TEXT, TR_LANGUAGE) VALUES ('frontend','version.comment','Commentaire','fr-FR');
INSERT INTO OKM_TRANSLATION (TR_MODULE, TR_KEY, TR_TEXT, TR_LANGUAGE) VALUES ('frontend','security.label','Securit','fr-FR');
INSERT INTO OKM_TRANSLATION (TR_MODULE, TR_KEY, TR_TEXT, TR_LANGUAGE) VALUES ('frontend','security.group.name','Groupe','fr-FR');
INSERT INTO OKM_TRANSLATION (TR_MODULE, TR_KEY, TR_TEXT, TR_LANGUAGE) VALUES ('frontend','security.group.permission.read','Lecture','fr-FR');
INSERT INTO OKM_TRANSLATION (TR_MODULE, TR_KEY, TR_TEXT, TR_LANGUAGE) VALUES ('frontend','security.group.permission.write','Ecriture','fr-FR');
INSERT INTO OKM_TRANSLATION (TR_MODULE, TR_KEY, TR_TEXT, TR_LANGUAGE) VALUES ('frontend','security.group.permission.delete','Suppression','fr-FR');
INSERT INTO OKM_TRANSLATION (TR_MODULE, TR_KEY, TR_TEXT, TR_LANGUAGE) VALUES ('frontend','security.group.permission.security','Scurit','fr-FR');
INSERT INTO OKM_TRANSLATION (TR_MODULE, TR_KEY, TR_TEXT, TR_LANGUAGE) VALUES ('frontend','security.user.name','Utilisateur','fr-FR');
INSERT INTO OKM_TRANSLATION (TR_MODULE, TR_KEY, TR_TEXT, TR_LANGUAGE) VALUES ('frontend','security.user.permission.read','Lecture','fr-FR');
INSERT INTO OKM_TRANSLATION (TR_MODULE, TR_KEY, TR_TEXT, TR_LANGUAGE) VALUES ('frontend','security.user.permission.write','Ecriture','fr-FR');
INSERT INTO OKM_TRANSLATION (TR_MODULE, TR_KEY, TR_TEXT, TR_LANGUAGE) VALUES ('frontend','security.user.permission.delete','Suppression','fr-FR');
INSERT INTO OKM_TRANSLATION (TR_MODULE, TR_KEY, TR_TEXT, TR_LANGUAGE) VALUES ('frontend','security.user.permission.security','Scurit','fr-FR');
INSERT INTO OKM_TRANSLATION (TR_MODULE, TR_KEY, TR_TEXT, TR_LANGUAGE) VALUES ('frontend','security.users','Utilisateurs','fr-FR');
INSERT INTO OKM_TRANSLATION (TR_MODULE, TR_KEY, TR_TEXT, TR_LANGUAGE) VALUES ('frontend','security.groups','Groupes','fr-FR');
INSERT INTO OKM_TRANSLATION (TR_MODULE, TR_KEY, TR_TEXT, TR_LANGUAGE) VALUES ('frontend','security.recursive','Appliquer les changements de faon recursive','fr-FR');
INSERT INTO OKM_TRANSLATION (TR_MODULE, TR_KEY, TR_TEXT, TR_LANGUAGE) VALUES ('frontend','secutiry.filter.by.users','Filtre Utilisateurs','fr-FR');
INSERT INTO OKM_TRANSLATION (TR_MODULE, TR_KEY, TR_TEXT, TR_LANGUAGE) VALUES ('frontend','secutiry.filter.by.groups','Filtre Groupes','fr-FR');
INSERT INTO OKM_TRANSLATION (TR_MODULE, TR_KEY, TR_TEXT, TR_LANGUAGE) VALUES ('frontend','security.status.updating','Mise  jour Scurit','fr-FR');
INSERT INTO OKM_TRANSLATION (TR_MODULE, TR_KEY, TR_TEXT, TR_LANGUAGE) VALUES ('frontend','preview.unavailable','Prvisualisation non disponible','fr-FR');
INSERT INTO OKM_TRANSLATION (TR_MODULE, TR_KEY, TR_TEXT, TR_LANGUAGE) VALUES ('frontend','mail.from','De','fr-FR');
INSERT INTO OKM_TRANSLATION (TR_MODULE, TR_KEY, TR_TEXT, TR_LANGUAGE) VALUES ('frontend','mail.reply','Rponse ','fr-FR');
INSERT INTO OKM_TRANSLATION (TR_MODULE, TR_KEY, TR_TEXT, TR_LANGUAGE) VALUES ('frontend','mail.to','A','fr-FR');
INSERT INTO OKM_TRANSLATION (TR_MODULE, TR_KEY, TR_TEXT, TR_LANGUAGE) VALUES ('frontend','mail.subject','Sujet','fr-FR');
INSERT INTO OKM_TRANSLATION (TR_MODULE, TR_KEY, TR_TEXT, TR_LANGUAGE) VALUES ('frontend','mail.attachment','Pices jointes','fr-FR');
INSERT INTO OKM_TRANSLATION (TR_MODULE, TR_KEY, TR_TEXT, TR_LANGUAGE) VALUES ('frontend','error.label','OpenKM a gnr une erreur','fr-FR');
INSERT INTO OKM_TRANSLATION (TR_MODULE, TR_KEY, TR_TEXT, TR_LANGUAGE) VALUES ('frontend','error.invocation','Erreur de communication avec le serveur','fr-FR');
INSERT INTO OKM_TRANSLATION (TR_MODULE, TR_KEY, TR_TEXT, TR_LANGUAGE) VALUES ('frontend','about.label','A propos de OpenKM','fr-FR');
INSERT INTO OKM_TRANSLATION (TR_MODULE, TR_KEY, TR_TEXT, TR_LANGUAGE) VALUES ('frontend','about.loading','Chargement...','fr-FR');
INSERT INTO OKM_TRANSLATION (TR_MODULE, TR_KEY, TR_TEXT, TR_LANGUAGE) VALUES ('frontend','logout.label','Quitter','fr-FR');
INSERT INTO OKM_TRANSLATION (TR_MODULE, TR_KEY, TR_TEXT, TR_LANGUAGE) VALUES ('frontend','logout.closed','OpenKM a t ferm correctement.','fr-FR');
INSERT INTO OKM_TRANSLATION (TR_MODULE, TR_KEY, TR_TEXT, TR_LANGUAGE) VALUES ('frontend','logout.logout','OpenKM se dconnecte,  patientez...','fr-FR');
INSERT INTO OKM_TRANSLATION (TR_MODULE, TR_KEY, TR_TEXT, TR_LANGUAGE) VALUES ('frontend','confirm.label','Confirmation','fr-FR');
INSERT INTO OKM_TRANSLATION (TR_MODULE, TR_KEY, TR_TEXT, TR_LANGUAGE) VALUES ('frontend','confirm.delete.folder','Voulez-vous vraiment supprimer ce dossier ?','fr-FR');
INSERT INTO OKM_TRANSLATION (TR_MODULE, TR_KEY, TR_TEXT, TR_LANGUAGE) VALUES ('frontend','confirm.delete.document','Voulez-vous vraiment supprimer ce document ?','fr-FR');
INSERT INTO OKM_TRANSLATION (TR_MODULE, TR_KEY, TR_TEXT, TR_LANGUAGE) VALUES ('frontend','confirm.delete.trash','Voulez-vous vraiment vider la corbeille ?','fr-FR');
INSERT INTO OKM_TRANSLATION (TR_MODULE, TR_KEY, TR_TEXT, TR_LANGUAGE) VALUES ('frontend','confirm.purge.folder','Voulez-vous vraiment purger ce dossier ?','fr-FR');
INSERT INTO OKM_TRANSLATION (TR_MODULE, TR_KEY, TR_TEXT, TR_LANGUAGE) VALUES ('frontend','confirm.purge.document','Voulez-vous vraiment purger ce document ?','fr-FR');
INSERT INTO OKM_TRANSLATION (TR_MODULE, TR_KEY, TR_TEXT, TR_LANGUAGE) VALUES ('frontend','confirm.delete.propety.group','Voulez-vous vraiment supprimer les proprits de ce groupe ?','fr-FR');
INSERT INTO OKM_TRANSLATION (TR_MODULE, TR_KEY, TR_TEXT, TR_LANGUAGE) VALUES ('frontend','confirm.purge.version.history.document','Voulez-vous vraiment supprimer l''historique ?','fr-FR');
INSERT INTO OKM_TRANSLATION (TR_MODULE, TR_KEY, TR_TEXT, TR_LANGUAGE) VALUES ('frontend','confirm.purge.restore.document','Voulez-vous vraiment restaurer la version du document ?','fr-FR');
INSERT INTO OKM_TRANSLATION (TR_MODULE, TR_KEY, TR_TEXT, TR_LANGUAGE) VALUES ('frontend','confirm.set.default.home','Voulez-vous vraiment mettre cet accueil par dfaut ?','fr-FR');
INSERT INTO OKM_TRANSLATION (TR_MODULE, TR_KEY, TR_TEXT, TR_LANGUAGE) VALUES ('frontend','confirm.delete.saved.search','Voulez-vous vraiment supprimer les recherches sauvegardes ?','fr-FR');
INSERT INTO OKM_TRANSLATION (TR_MODULE, TR_KEY, TR_TEXT, TR_LANGUAGE) VALUES ('frontend','confirm.delete.user.news','Voulez-vous vraiment supprimer les brves ?','fr-FR');
INSERT INTO OKM_TRANSLATION (TR_MODULE, TR_KEY, TR_TEXT, TR_LANGUAGE) VALUES ('frontend','confirm.delete.mail','Voulez-vous vraiment supprimer ce courriel ?','fr-FR');
INSERT INTO OKM_TRANSLATION (TR_MODULE, TR_KEY, TR_TEXT, TR_LANGUAGE) VALUES ('frontend','confirm.get.pooled.workflow.task','Voulez-vous assigner cette tche  vous-mme ?','fr-FR');
INSERT INTO OKM_TRANSLATION (TR_MODULE, TR_KEY, TR_TEXT, TR_LANGUAGE) VALUES ('frontend','confirm.force.unlock','Voulez-vous vraiment forcer le dvrouillage du document ?','fr-FR');
INSERT INTO OKM_TRANSLATION (TR_MODULE, TR_KEY, TR_TEXT, TR_LANGUAGE) VALUES ('frontend','confirm.force.cancel.checkout','Voulez-vous vraiment forcer l''annulation de rservation du document ?','fr-FR');
INSERT INTO OKM_TRANSLATION (TR_MODULE, TR_KEY, TR_TEXT, TR_LANGUAGE) VALUES ('frontend','search.context','Contexte','fr-FR');
INSERT INTO OKM_TRANSLATION (TR_MODULE, TR_KEY, TR_TEXT, TR_LANGUAGE) VALUES ('frontend','search.content','Contenu','fr-FR');
INSERT INTO OKM_TRANSLATION (TR_MODULE, TR_KEY, TR_TEXT, TR_LANGUAGE) VALUES ('frontend','search.name','Nom','fr-FR');
INSERT INTO OKM_TRANSLATION (TR_MODULE, TR_KEY, TR_TEXT, TR_LANGUAGE) VALUES ('frontend','search.keywords','Mots-cls','fr-FR');
INSERT INTO OKM_TRANSLATION (TR_MODULE, TR_KEY, TR_TEXT, TR_LANGUAGE) VALUES ('frontend','search.folder','Dossier','fr-FR');
INSERT INTO OKM_TRANSLATION (TR_MODULE, TR_KEY, TR_TEXT, TR_LANGUAGE) VALUES ('frontend','search.category','Catgorie','fr-FR');
INSERT INTO OKM_TRANSLATION (TR_MODULE, TR_KEY, TR_TEXT, TR_LANGUAGE) VALUES ('frontend','search.results','Rsultats','fr-FR');
INSERT INTO OKM_TRANSLATION (TR_MODULE, TR_KEY, TR_TEXT, TR_LANGUAGE) VALUES ('frontend','search.to','','fr-FR');
INSERT INTO OKM_TRANSLATION (TR_MODULE, TR_KEY, TR_TEXT, TR_LANGUAGE) VALUES ('frontend','search.page.results','Rsultats par page','fr-FR');
INSERT INTO OKM_TRANSLATION (TR_MODULE, TR_KEY, TR_TEXT, TR_LANGUAGE) VALUES ('frontend','search.add.property.group','Ajout proprit de groupe','fr-FR');
INSERT INTO OKM_TRANSLATION (TR_MODULE, TR_KEY, TR_TEXT, TR_LANGUAGE) VALUES ('frontend','search.mimetype','Type Mime','fr-FR');
INSERT INTO OKM_TRANSLATION (TR_MODULE, TR_KEY, TR_TEXT, TR_LANGUAGE) VALUES ('frontend','search.type','Type','fr-FR');
INSERT INTO OKM_TRANSLATION (TR_MODULE, TR_KEY, TR_TEXT, TR_LANGUAGE) VALUES ('frontend','search.type.document','Document','fr-FR');
INSERT INTO OKM_TRANSLATION (TR_MODULE, TR_KEY, TR_TEXT, TR_LANGUAGE) VALUES ('frontend','search.type.folder','Dossier','fr-FR');
INSERT INTO OKM_TRANSLATION (TR_MODULE, TR_KEY, TR_TEXT, TR_LANGUAGE) VALUES ('frontend','search.type.mail','Courriel','fr-FR');
INSERT INTO OKM_TRANSLATION (TR_MODULE, TR_KEY, TR_TEXT, TR_LANGUAGE) VALUES ('frontend','search.advanced','Recherche avance','fr-FR');
INSERT INTO OKM_TRANSLATION (TR_MODULE, TR_KEY, TR_TEXT, TR_LANGUAGE) VALUES ('frontend','search.user','Utilisateur','fr-FR');
INSERT INTO OKM_TRANSLATION (TR_MODULE, TR_KEY, TR_TEXT, TR_LANGUAGE) VALUES ('frontend','search.date.and','et','fr-FR');
INSERT INTO OKM_TRANSLATION (TR_MODULE, TR_KEY, TR_TEXT, TR_LANGUAGE) VALUES ('frontend','search.date.range','Plage de date entre','fr-FR');
INSERT INTO OKM_TRANSLATION (TR_MODULE, TR_KEY, TR_TEXT, TR_LANGUAGE) VALUES ('frontend','search.save.as.news','Sauvegarder en tant que brve','fr-FR');
INSERT INTO OKM_TRANSLATION (TR_MODULE, TR_KEY, TR_TEXT, TR_LANGUAGE) VALUES ('frontend','search.folder.filter','Filtre par dossier','fr-FR');
INSERT INTO OKM_TRANSLATION (TR_MODULE, TR_KEY, TR_TEXT, TR_LANGUAGE) VALUES ('frontend','search.category.filter','Filtre par catgorie','fr-FR');
INSERT INTO OKM_TRANSLATION (TR_MODULE, TR_KEY, TR_TEXT, TR_LANGUAGE) VALUES ('frontend','search.result.name','Nom','fr-FR');
INSERT INTO OKM_TRANSLATION (TR_MODULE, TR_KEY, TR_TEXT, TR_LANGUAGE) VALUES ('frontend','search.result.score','Pertinence','fr-FR');
INSERT INTO OKM_TRANSLATION (TR_MODULE, TR_KEY, TR_TEXT, TR_LANGUAGE) VALUES ('frontend','search.result.size','Taille','fr-FR');
INSERT INTO OKM_TRANSLATION (TR_MODULE, TR_KEY, TR_TEXT, TR_LANGUAGE) VALUES ('frontend','search.result.date.update','Date de modification','fr-FR');
INSERT INTO OKM_TRANSLATION (TR_MODULE, TR_KEY, TR_TEXT, TR_LANGUAGE) VALUES ('frontend','search.result.author','Auteur','fr-FR');
INSERT INTO OKM_TRANSLATION (TR_MODULE, TR_KEY, TR_TEXT, TR_LANGUAGE) VALUES ('frontend','search.result.version','Version','fr-FR');
INSERT INTO OKM_TRANSLATION (TR_MODULE, TR_KEY, TR_TEXT, TR_LANGUAGE) VALUES ('frontend','search.result.path','Chemin','fr-FR');
INSERT INTO OKM_TRANSLATION (TR_MODULE, TR_KEY, TR_TEXT, TR_LANGUAGE) VALUES ('frontend','search.result.menu.download','Tlchargement','fr-FR');
INSERT INTO OKM_TRANSLATION (TR_MODULE, TR_KEY, TR_TEXT, TR_LANGUAGE) VALUES ('frontend','search.result.menu.go.folder','Aller au dossier','fr-FR');
INSERT INTO OKM_TRANSLATION (TR_MODULE, TR_KEY, TR_TEXT, TR_LANGUAGE) VALUES ('frontend','search.result.menu.go.document','Aller au document','fr-FR');
INSERT INTO OKM_TRANSLATION (TR_MODULE, TR_KEY, TR_TEXT, TR_LANGUAGE) VALUES ('frontend','search.result.status.findPaginated','Actualiser la recherche','fr-FR');
INSERT INTO OKM_TRANSLATION (TR_MODULE, TR_KEY, TR_TEXT, TR_LANGUAGE) VALUES ('frontend','search.result.status.runsearch','Actualiser la recherche sauvegarde','fr-FR');
INSERT INTO OKM_TRANSLATION (TR_MODULE, TR_KEY, TR_TEXT, TR_LANGUAGE) VALUES ('frontend','search.saved.run','Dmarrer','fr-FR');
INSERT INTO OKM_TRANSLATION (TR_MODULE, TR_KEY, TR_TEXT, TR_LANGUAGE) VALUES ('frontend','search.saved.delete','Supprimer','fr-FR');
INSERT INTO OKM_TRANSLATION (TR_MODULE, TR_KEY, TR_TEXT, TR_LANGUAGE) VALUES ('frontend','search.saved.status.getsearchs','Actualiser les recherches sauvegardes','fr-FR');
INSERT INTO OKM_TRANSLATION (TR_MODULE, TR_KEY, TR_TEXT, TR_LANGUAGE) VALUES ('frontend','search.saved.status.savesearch','Actualiser la recherche sauvegarde','fr-FR');
INSERT INTO OKM_TRANSLATION (TR_MODULE, TR_KEY, TR_TEXT, TR_LANGUAGE) VALUES ('frontend','search.saved.status.deletesearch','Actualiser les recherches effaces','fr-FR');
INSERT INTO OKM_TRANSLATION (TR_MODULE, TR_KEY, TR_TEXT, TR_LANGUAGE) VALUES ('frontend','search.saved.status.getusernews','Actualiser les brves','fr-FR');
INSERT INTO OKM_TRANSLATION (TR_MODULE, TR_KEY, TR_TEXT, TR_LANGUAGE) VALUES ('frontend','button.close','Fermer','fr-FR');
INSERT INTO OKM_TRANSLATION (TR_MODULE, TR_KEY, TR_TEXT, TR_LANGUAGE) VALUES ('frontend','button.logout','Dconnecter','fr-FR');
INSERT INTO OKM_TRANSLATION (TR_MODULE, TR_KEY, TR_TEXT, TR_LANGUAGE) VALUES ('frontend','button.update','Mettre  jour','fr-FR');
INSERT INTO OKM_TRANSLATION (TR_MODULE, TR_KEY, TR_TEXT, TR_LANGUAGE) VALUES ('frontend','button.cancel','Annuler','fr-FR');
INSERT INTO OKM_TRANSLATION (TR_MODULE, TR_KEY, TR_TEXT, TR_LANGUAGE) VALUES ('frontend','button.accept','Accepter','fr-FR');
INSERT INTO OKM_TRANSLATION (TR_MODULE, TR_KEY, TR_TEXT, TR_LANGUAGE) VALUES ('frontend','button.restore','Restaurer','fr-FR');
INSERT INTO OKM_TRANSLATION (TR_MODULE, TR_KEY, TR_TEXT, TR_LANGUAGE) VALUES ('frontend','button.move','Dplacer','fr-FR');
INSERT INTO OKM_TRANSLATION (TR_MODULE, TR_KEY, TR_TEXT, TR_LANGUAGE) VALUES ('frontend','button.change','Modifier','fr-FR');
INSERT INTO OKM_TRANSLATION (TR_MODULE, TR_KEY, TR_TEXT, TR_LANGUAGE) VALUES ('frontend','button.search','Recherche','fr-FR');
INSERT INTO OKM_TRANSLATION (TR_MODULE, TR_KEY, TR_TEXT, TR_LANGUAGE) VALUES ('frontend','button.save.search','Sauvegarder recherche','fr-FR');
INSERT INTO OKM_TRANSLATION (TR_MODULE, TR_KEY, TR_TEXT, TR_LANGUAGE) VALUES ('frontend','button.view','Visualiser','fr-FR');
INSERT INTO OKM_TRANSLATION (TR_MODULE, TR_KEY, TR_TEXT, TR_LANGUAGE) VALUES ('frontend','button.clean','Nettoyer','fr-FR');
INSERT INTO OKM_TRANSLATION (TR_MODULE, TR_KEY, TR_TEXT, TR_LANGUAGE) VALUES ('frontend','button.add','Ajouter','fr-FR');
INSERT INTO OKM_TRANSLATION (TR_MODULE, TR_KEY, TR_TEXT, TR_LANGUAGE) VALUES ('frontend','button.delete','Supprimer','fr-FR');
INSERT INTO OKM_TRANSLATION (TR_MODULE, TR_KEY, TR_TEXT, TR_LANGUAGE) VALUES ('frontend','button.copy','Copier','fr-FR');
INSERT INTO OKM_TRANSLATION (TR_MODULE, TR_KEY, TR_TEXT, TR_LANGUAGE) VALUES ('frontend','button.create','Crer','fr-FR');
INSERT INTO OKM_TRANSLATION (TR_MODULE, TR_KEY, TR_TEXT, TR_LANGUAGE) VALUES ('frontend','button.show','Afficher','fr-FR');
INSERT INTO OKM_TRANSLATION (TR_MODULE, TR_KEY, TR_TEXT, TR_LANGUAGE) VALUES ('frontend','button.memory','Mettre  jour','fr-FR');
INSERT INTO OKM_TRANSLATION (TR_MODULE, TR_KEY, TR_TEXT, TR_LANGUAGE) VALUES ('frontend','button.copy.clipboard','Copie presse-papier','fr-FR');
INSERT INTO OKM_TRANSLATION (TR_MODULE, TR_KEY, TR_TEXT, TR_LANGUAGE) VALUES ('frontend','button.start','Dmarrer','fr-FR');
INSERT INTO OKM_TRANSLATION (TR_MODULE, TR_KEY, TR_TEXT, TR_LANGUAGE) VALUES ('frontend','button.select','Slectionner','fr-FR');
INSERT INTO OKM_TRANSLATION (TR_MODULE, TR_KEY, TR_TEXT, TR_LANGUAGE) VALUES ('frontend','button.test','Test','fr-FR');
INSERT INTO OKM_TRANSLATION (TR_MODULE, TR_KEY, TR_TEXT, TR_LANGUAGE) VALUES ('frontend','button.next','Suivant','fr-FR');
INSERT INTO OKM_TRANSLATION (TR_MODULE, TR_KEY, TR_TEXT, TR_LANGUAGE) VALUES ('frontend','group.label','Ajout proprit de groupe','fr-FR');
INSERT INTO OKM_TRANSLATION (TR_MODULE, TR_KEY, TR_TEXT, TR_LANGUAGE) VALUES ('frontend','group.group','Groupe','fr-FR');
INSERT INTO OKM_TRANSLATION (TR_MODULE, TR_KEY, TR_TEXT, TR_LANGUAGE) VALUES ('frontend','group.property.group','Proprit','fr-FR');
INSERT INTO OKM_TRANSLATION (TR_MODULE, TR_KEY, TR_TEXT, TR_LANGUAGE) VALUES ('frontend','bookmark.label','Ajout de signet','fr-FR');
INSERT INTO OKM_TRANSLATION (TR_MODULE, TR_KEY, TR_TEXT, TR_LANGUAGE) VALUES ('frontend','bookmark.name','Nom','fr-FR');
INSERT INTO OKM_TRANSLATION (TR_MODULE, TR_KEY, TR_TEXT, TR_LANGUAGE) VALUES ('frontend','bookmark.edit.label','dition des signets','fr-FR');
INSERT INTO OKM_TRANSLATION (TR_MODULE, TR_KEY, TR_TEXT, TR_LANGUAGE) VALUES ('frontend','bookmark.path','Chemin','fr-FR');
INSERT INTO OKM_TRANSLATION (TR_MODULE, TR_KEY, TR_TEXT, TR_LANGUAGE) VALUES ('frontend','bookmark.type','Type','fr-FR');
INSERT INTO OKM_TRANSLATION (TR_MODULE, TR_KEY, TR_TEXT, TR_LANGUAGE) VALUES ('frontend','bookmark.type.document','Document','fr-FR');
INSERT INTO OKM_TRANSLATION (TR_MODULE, TR_KEY, TR_TEXT, TR_LANGUAGE) VALUES ('frontend','bookmark.type.folder','Dossier','fr-FR');
INSERT INTO OKM_TRANSLATION (TR_MODULE, TR_KEY, TR_TEXT, TR_LANGUAGE) VALUES ('frontend','notify.label','Envoi du lien vers le document','fr-FR');
INSERT INTO OKM_TRANSLATION (TR_MODULE, TR_KEY, TR_TEXT, TR_LANGUAGE) VALUES ('frontend','notify.label.attachment','Envoi pice jointe du document','fr-FR');
INSERT INTO OKM_TRANSLATION (TR_MODULE, TR_KEY, TR_TEXT, TR_LANGUAGE) VALUES ('frontend','status.document.copied','Copier le document marqu','fr-FR');
INSERT INTO OKM_TRANSLATION (TR_MODULE, TR_KEY, TR_TEXT, TR_LANGUAGE) VALUES ('frontend','status.document.cut','Couper le document marqu','fr-FR');
INSERT INTO OKM_TRANSLATION (TR_MODULE, TR_KEY, TR_TEXT, TR_LANGUAGE) VALUES ('frontend','status.folder.copied','Copier le dossier marqu','fr-FR');
INSERT INTO OKM_TRANSLATION (TR_MODULE, TR_KEY, TR_TEXT, TR_LANGUAGE) VALUES ('frontend','status.folder.cut','Couper le dossier marqu','fr-FR');
INSERT INTO OKM_TRANSLATION (TR_MODULE, TR_KEY, TR_TEXT, TR_LANGUAGE) VALUES ('frontend','status.keep.alive.error','Connexion au serveur perdue (surveillance)','fr-FR');
INSERT INTO OKM_TRANSLATION (TR_MODULE, TR_KEY, TR_TEXT, TR_LANGUAGE) VALUES ('frontend','status.debug.enabled','Activation du dboggage','fr-FR');
INSERT INTO OKM_TRANSLATION (TR_MODULE, TR_KEY, TR_TEXT, TR_LANGUAGE) VALUES ('frontend','status.debug.disabled','Dsactivation du dboggage','fr-FR');
INSERT INTO OKM_TRANSLATION (TR_MODULE, TR_KEY, TR_TEXT, TR_LANGUAGE) VALUES ('frontend','status.network.error.detected','Erreur rseau detecte','fr-FR');
INSERT INTO OKM_TRANSLATION (TR_MODULE, TR_KEY, TR_TEXT, TR_LANGUAGE) VALUES ('frontend','calendar.day.sunday','Dimanche','fr-FR');
INSERT INTO OKM_TRANSLATION (TR_MODULE, TR_KEY, TR_TEXT, TR_LANGUAGE) VALUES ('frontend','calendar.day.monday','Lundi','fr-FR');
INSERT INTO OKM_TRANSLATION (TR_MODULE, TR_KEY, TR_TEXT, TR_LANGUAGE) VALUES ('frontend','calendar.day.tuesday','Mardi','fr-FR');
INSERT INTO OKM_TRANSLATION (TR_MODULE, TR_KEY, TR_TEXT, TR_LANGUAGE) VALUES ('frontend','calendar.day.wednesday','Mercredi','fr-FR');
INSERT INTO OKM_TRANSLATION (TR_MODULE, TR_KEY, TR_TEXT, TR_LANGUAGE) VALUES ('frontend','calendar.day.thursday','Jeudi','fr-FR');
INSERT INTO OKM_TRANSLATION (TR_MODULE, TR_KEY, TR_TEXT, TR_LANGUAGE) VALUES ('frontend','calendar.day.friday','Vendredi','fr-FR');
INSERT INTO OKM_TRANSLATION (TR_MODULE, TR_KEY, TR_TEXT, TR_LANGUAGE) VALUES ('frontend','calendar.day.saturday','Samedi','fr-FR');
INSERT INTO OKM_TRANSLATION (TR_MODULE, TR_KEY, TR_TEXT, TR_LANGUAGE) VALUES ('frontend','calendar.month.january','Janvier','fr-FR');
INSERT INTO OKM_TRANSLATION (TR_MODULE, TR_KEY, TR_TEXT, TR_LANGUAGE) VALUES ('frontend','calendar.month.february','Fvrier','fr-FR');
INSERT INTO OKM_TRANSLATION (TR_MODULE, TR_KEY, TR_TEXT, TR_LANGUAGE) VALUES ('frontend','calendar.month.march','Mars','fr-FR');
INSERT INTO OKM_TRANSLATION (TR_MODULE, TR_KEY, TR_TEXT, TR_LANGUAGE) VALUES ('frontend','calendar.month.april','Avril','fr-FR');
INSERT INTO OKM_TRANSLATION (TR_MODULE, TR_KEY, TR_TEXT, TR_LANGUAGE) VALUES ('frontend','calendar.month.may','Mai','fr-FR');
INSERT INTO OKM_TRANSLATION (TR_MODULE, TR_KEY, TR_TEXT, TR_LANGUAGE) VALUES ('frontend','calendar.month.june','Juin','fr-FR');
INSERT INTO OKM_TRANSLATION (TR_MODULE, TR_KEY, TR_TEXT, TR_LANGUAGE) VALUES ('frontend','calendar.month.july','Juillet','fr-FR');
INSERT INTO OKM_TRANSLATION (TR_MODULE, TR_KEY, TR_TEXT, TR_LANGUAGE) VALUES ('frontend','calendar.month.august','Aot','fr-FR');
INSERT INTO OKM_TRANSLATION (TR_MODULE, TR_KEY, TR_TEXT, TR_LANGUAGE) VALUES ('frontend','calendar.month.september','Septembre','fr-FR');
INSERT INTO OKM_TRANSLATION (TR_MODULE, TR_KEY, TR_TEXT, TR_LANGUAGE) VALUES ('frontend','calendar.month.october','Octobre','fr-FR');
INSERT INTO OKM_TRANSLATION (TR_MODULE, TR_KEY, TR_TEXT, TR_LANGUAGE) VALUES ('frontend','calendar.month.november','Novembre','fr-FR');
INSERT INTO OKM_TRANSLATION (TR_MODULE, TR_KEY, TR_TEXT, TR_LANGUAGE) VALUES ('frontend','calendar.month.december','Dcembre','fr-FR');
INSERT INTO OKM_TRANSLATION (TR_MODULE, TR_KEY, TR_TEXT, TR_LANGUAGE) VALUES ('frontend','media.player.label','Lecteur multimedia','fr-FR');
INSERT INTO OKM_TRANSLATION (TR_MODULE, TR_KEY, TR_TEXT, TR_LANGUAGE) VALUES ('frontend','image.viewer.label','Aperu de l''image','fr-FR');
INSERT INTO OKM_TRANSLATION (TR_MODULE, TR_KEY, TR_TEXT, TR_LANGUAGE) VALUES ('frontend','image.viewer.zoom.in','Zoom +','fr-FR');
INSERT INTO OKM_TRANSLATION (TR_MODULE, TR_KEY, TR_TEXT, TR_LANGUAGE) VALUES ('frontend','image.viewer.zoom.out','Zoom -','fr-FR');
INSERT INTO OKM_TRANSLATION (TR_MODULE, TR_KEY, TR_TEXT, TR_LANGUAGE) VALUES ('frontend','debug.console.label','Console de dboggage','fr-FR');
INSERT INTO OKM_TRANSLATION (TR_MODULE, TR_KEY, TR_TEXT, TR_LANGUAGE) VALUES ('frontend','debug.enable.disable','CTRL+Z pour activer ou dsactiver le mode dboggage','fr-FR');
INSERT INTO OKM_TRANSLATION (TR_MODULE, TR_KEY, TR_TEXT, TR_LANGUAGE) VALUES ('frontend','dashboard.tab.general','Gnral','fr-FR');
INSERT INTO OKM_TRANSLATION (TR_MODULE, TR_KEY, TR_TEXT, TR_LANGUAGE) VALUES ('frontend','dashboard.tab.news','Brves','fr-FR');
INSERT INTO OKM_TRANSLATION (TR_MODULE, TR_KEY, TR_TEXT, TR_LANGUAGE) VALUES ('frontend','dashboard.tab.user','Utilisateur','fr-FR');
INSERT INTO OKM_TRANSLATION (TR_MODULE, TR_KEY, TR_TEXT, TR_LANGUAGE) VALUES ('frontend','dashboard.tab.workflow','Workflow','fr-FR');
INSERT INTO OKM_TRANSLATION (TR_MODULE, TR_KEY, TR_TEXT, TR_LANGUAGE) VALUES ('frontend','dashboard.tab.mail','Courriel','fr-FR');
INSERT INTO OKM_TRANSLATION (TR_MODULE, TR_KEY, TR_TEXT, TR_LANGUAGE) VALUES ('frontend','dashboard.tab.keymap','Plan mots-cls','fr-FR');
INSERT INTO OKM_TRANSLATION (TR_MODULE, TR_KEY, TR_TEXT, TR_LANGUAGE) VALUES ('frontend','dashboard.new.items','Nouveau','fr-FR');
INSERT INTO OKM_TRANSLATION (TR_MODULE, TR_KEY, TR_TEXT, TR_LANGUAGE) VALUES ('frontend','dashboard.user.locked.documents','Documents verrouills','fr-FR');
INSERT INTO OKM_TRANSLATION (TR_MODULE, TR_KEY, TR_TEXT, TR_LANGUAGE) VALUES ('frontend','dashboard.user.checkout.documents','Documents rservs','fr-FR');
INSERT INTO OKM_TRANSLATION (TR_MODULE, TR_KEY, TR_TEXT, TR_LANGUAGE) VALUES ('frontend','dashboard.user.last.modified.documents','Derniers documents modifis','fr-FR');
INSERT INTO OKM_TRANSLATION (TR_MODULE, TR_KEY, TR_TEXT, TR_LANGUAGE) VALUES ('frontend','dashboard.user.last.downloaded.documents','Derniers documents tlchargs','fr-FR');
INSERT INTO OKM_TRANSLATION (TR_MODULE, TR_KEY, TR_TEXT, TR_LANGUAGE) VALUES ('frontend','dashboard.user.subscribed.documents','Abonnement  des documents','fr-FR');
INSERT INTO OKM_TRANSLATION (TR_MODULE, TR_KEY, TR_TEXT, TR_LANGUAGE) VALUES ('frontend','dashboard.user.subscribed.folders','Abonnement  des dossiers','fr-FR');
INSERT INTO OKM_TRANSLATION (TR_MODULE, TR_KEY, TR_TEXT, TR_LANGUAGE) VALUES ('frontend','dashboard.user.last.uploaded.documents','Derniers documents chargs','fr-FR');
INSERT INTO OKM_TRANSLATION (TR_MODULE, TR_KEY, TR_TEXT, TR_LANGUAGE) VALUES ('frontend','dashboard.general.last.week.top.downloaded.documents','Documents les plus vus durant la semaine','fr-FR');
INSERT INTO OKM_TRANSLATION (TR_MODULE, TR_KEY, TR_TEXT, TR_LANGUAGE) VALUES ('frontend','dashboard.general.last.month.top.downloaded.documents','Documents les plus vus durant le mois','fr-FR');
INSERT INTO OKM_TRANSLATION (TR_MODULE, TR_KEY, TR_TEXT, TR_LANGUAGE) VALUES ('frontend','dashboard.general.last.week.top.modified.documents','Documents modifis les plus vus durant la semaine','fr-FR');
INSERT INTO OKM_TRANSLATION (TR_MODULE, TR_KEY, TR_TEXT, TR_LANGUAGE) VALUES ('frontend','dashboard.general.last.month.top.modified.documents','Documents modifis les plus vus durant le mois','fr-FR');
INSERT INTO OKM_TRANSLATION (TR_MODULE, TR_KEY, TR_TEXT, TR_LANGUAGE) VALUES ('frontend','dashboard.general.last.uploaded.documents','Derniers documents chargs','fr-FR');
INSERT INTO OKM_TRANSLATION (TR_MODULE, TR_KEY, TR_TEXT, TR_LANGUAGE) VALUES ('frontend','dashboard.workflow.pending.tasks','Tches en attente','fr-FR');
INSERT INTO OKM_TRANSLATION (TR_MODULE, TR_KEY, TR_TEXT, TR_LANGUAGE) VALUES ('frontend','dashboard.workflow.pending.tasks.unassigned','Tches en attente non affectes','fr-FR');
INSERT INTO OKM_TRANSLATION (TR_MODULE, TR_KEY, TR_TEXT, TR_LANGUAGE) VALUES ('frontend','dashboard.workflow.task','Tche','fr-FR');
INSERT INTO OKM_TRANSLATION (TR_MODULE, TR_KEY, TR_TEXT, TR_LANGUAGE) VALUES ('frontend','dashboard.workflow.task.id','ID','fr-FR');
INSERT INTO OKM_TRANSLATION (TR_MODULE, TR_KEY, TR_TEXT, TR_LANGUAGE) VALUES ('frontend','dashboard.workflow.task.name','Nom','fr-FR');
INSERT INTO OKM_TRANSLATION (TR_MODULE, TR_KEY, TR_TEXT, TR_LANGUAGE) VALUES ('frontend','dashboard.workflow.task.created','Date de cration','fr-FR');
INSERT INTO OKM_TRANSLATION (TR_MODULE, TR_KEY, TR_TEXT, TR_LANGUAGE) VALUES ('frontend','dashboard.workflow.task.start','Date de dbut','fr-FR');
INSERT INTO OKM_TRANSLATION (TR_MODULE, TR_KEY, TR_TEXT, TR_LANGUAGE) VALUES ('frontend','dashboard.workflow.task.duedate','Date d''chance','fr-FR');
INSERT INTO OKM_TRANSLATION (TR_MODULE, TR_KEY, TR_TEXT, TR_LANGUAGE) VALUES ('frontend','dashboard.workflow.task.end','Date de fin','fr-FR');
INSERT INTO OKM_TRANSLATION (TR_MODULE, TR_KEY, TR_TEXT, TR_LANGUAGE) VALUES ('frontend','dashboard.workflow.task.description','Description','fr-FR');
INSERT INTO OKM_TRANSLATION (TR_MODULE, TR_KEY, TR_TEXT, TR_LANGUAGE) VALUES ('frontend','dashboard.workflow.task.process.instance','Instance','fr-FR');
INSERT INTO OKM_TRANSLATION (TR_MODULE, TR_KEY, TR_TEXT, TR_LANGUAGE) VALUES ('frontend','dashboard.workflow.task.process.id','ID','fr-FR');
INSERT INTO OKM_TRANSLATION (TR_MODULE, TR_KEY, TR_TEXT, TR_LANGUAGE) VALUES ('frontend','dashboard.workflow.task.process.version','Version','fr-FR');
INSERT INTO OKM_TRANSLATION (TR_MODULE, TR_KEY, TR_TEXT, TR_LANGUAGE) VALUES ('frontend','dashboard.workflow.task.process.name','Nom','fr-FR');
INSERT INTO OKM_TRANSLATION (TR_MODULE, TR_KEY, TR_TEXT, TR_LANGUAGE) VALUES ('frontend','dashboard.workflow.task.process.description','Description','fr-FR');
INSERT INTO OKM_TRANSLATION (TR_MODULE, TR_KEY, TR_TEXT, TR_LANGUAGE) VALUES ('frontend','dashboard.workflow.task.process.data','Donnes','fr-FR');
INSERT INTO OKM_TRANSLATION (TR_MODULE, TR_KEY, TR_TEXT, TR_LANGUAGE) VALUES ('frontend','dashboard.workflow.comments','Commentaires','fr-FR');
INSERT INTO OKM_TRANSLATION (TR_MODULE, TR_KEY, TR_TEXT, TR_LANGUAGE) VALUES ('frontend','dashboard.workflow.task.process.forms','Formulaire','fr-FR');
INSERT INTO OKM_TRANSLATION (TR_MODULE, TR_KEY, TR_TEXT, TR_LANGUAGE) VALUES ('frontend','dashboard.workflow.add.comment','Ajouter un commentaire','fr-FR');
INSERT INTO OKM_TRANSLATION (TR_MODULE, TR_KEY, TR_TEXT, TR_LANGUAGE) VALUES ('frontend','dashboard.workflow.task.process.definition','Dfinition du processus','fr-FR');
INSERT INTO OKM_TRANSLATION (TR_MODULE, TR_KEY, TR_TEXT, TR_LANGUAGE) VALUES ('frontend','dashboard.workflow.task.process.path','Chemin','fr-FR');
INSERT INTO OKM_TRANSLATION (TR_MODULE, TR_KEY, TR_TEXT, TR_LANGUAGE) VALUES ('frontend','dashboard.refreshing','Actualiser','fr-FR');
INSERT INTO OKM_TRANSLATION (TR_MODULE, TR_KEY, TR_TEXT, TR_LANGUAGE) VALUES ('frontend','dashboard.keyword','Mots-cls','fr-FR');
INSERT INTO OKM_TRANSLATION (TR_MODULE, TR_KEY, TR_TEXT, TR_LANGUAGE) VALUES ('frontend','dashboard.keyword.suggest','Saisir le mot-cl','fr-FR');
INSERT INTO OKM_TRANSLATION (TR_MODULE, TR_KEY, TR_TEXT, TR_LANGUAGE) VALUES ('frontend','dashboard.keyword.all','Tous','fr-FR');
INSERT INTO OKM_TRANSLATION (TR_MODULE, TR_KEY, TR_TEXT, TR_LANGUAGE) VALUES ('frontend','dashboard.keyword.top','Top','fr-FR');
INSERT INTO OKM_TRANSLATION (TR_MODULE, TR_KEY, TR_TEXT, TR_LANGUAGE) VALUES ('frontend','dashboard.keyword.related','Mots-cls connexes','fr-FR');
INSERT INTO OKM_TRANSLATION (TR_MODULE, TR_KEY, TR_TEXT, TR_LANGUAGE) VALUES ('frontend','dashboard.keyword.goto.document','Aller au document','fr-FR');
INSERT INTO OKM_TRANSLATION (TR_MODULE, TR_KEY, TR_TEXT, TR_LANGUAGE) VALUES ('frontend','dashboard.keyword.clean.keywords','Supprimer les mots-cls','fr-FR');
INSERT INTO OKM_TRANSLATION (TR_MODULE, TR_KEY, TR_TEXT, TR_LANGUAGE) VALUES ('frontend','dashboard.mail.last.imported.mails','Courriels imports','fr-FR');
INSERT INTO OKM_TRANSLATION (TR_MODULE, TR_KEY, TR_TEXT, TR_LANGUAGE) VALUES ('frontend','dashboard.mail.last.imported.attached.documents','Pices jointes importes','fr-FR');
INSERT INTO OKM_TRANSLATION (TR_MODULE, TR_KEY, TR_TEXT, TR_LANGUAGE) VALUES ('frontend','workflow.label','Dmarrage du workflow','fr-FR');
INSERT INTO OKM_TRANSLATION (TR_MODULE, TR_KEY, TR_TEXT, TR_LANGUAGE) VALUES ('frontend','user.preferences.label','Configuration','fr-FR');
INSERT INTO OKM_TRANSLATION (TR_MODULE, TR_KEY, TR_TEXT, TR_LANGUAGE) VALUES ('frontend','user.preferences.user','Utilisateur','fr-FR');
INSERT INTO OKM_TRANSLATION (TR_MODULE, TR_KEY, TR_TEXT, TR_LANGUAGE) VALUES ('frontend','user.preferences.password','Mot de passe','fr-FR');
INSERT INTO OKM_TRANSLATION (TR_MODULE, TR_KEY, TR_TEXT, TR_LANGUAGE) VALUES ('frontend','user.preferences.mail','Courriel','fr-FR');
INSERT INTO OKM_TRANSLATION (TR_MODULE, TR_KEY, TR_TEXT, TR_LANGUAGE) VALUES ('frontend','user.preferences.roles','Roles','fr-FR');
INSERT INTO OKM_TRANSLATION (TR_MODULE, TR_KEY, TR_TEXT, TR_LANGUAGE) VALUES ('frontend','user.preferences.imap.host','Serveur IMAP','fr-FR');
INSERT INTO OKM_TRANSLATION (TR_MODULE, TR_KEY, TR_TEXT, TR_LANGUAGE) VALUES ('frontend','user.preferences.imap.user','Identifiant IMAP','fr-FR');
INSERT INTO OKM_TRANSLATION (TR_MODULE, TR_KEY, TR_TEXT, TR_LANGUAGE) VALUES ('frontend','user.preferences.imap.user.password','Mot de passe IMAP','fr-FR');
INSERT INTO OKM_TRANSLATION (TR_MODULE, TR_KEY, TR_TEXT, TR_LANGUAGE) VALUES ('frontend','user.preferences.imap.folder','Dossier IMAP','fr-FR');
INSERT INTO OKM_TRANSLATION (TR_MODULE, TR_KEY, TR_TEXT, TR_LANGUAGE) VALUES ('frontend','user.preferences.password.error','Erreur: mots de passe diffrents','fr-FR');
INSERT INTO OKM_TRANSLATION (TR_MODULE, TR_KEY, TR_TEXT, TR_LANGUAGE) VALUES ('frontend','user.preferences.user.data','Compte utilisateur','fr-FR');
INSERT INTO OKM_TRANSLATION (TR_MODULE, TR_KEY, TR_TEXT, TR_LANGUAGE) VALUES ('frontend','user.preferences.mail.data','Compte mail','fr-FR');
INSERT INTO OKM_TRANSLATION (TR_MODULE, TR_KEY, TR_TEXT, TR_LANGUAGE) VALUES ('frontend','user.preferences.imap.error','Tous les champs sont obligatoires pour la configuration du mail','fr-FR');
INSERT INTO OKM_TRANSLATION (TR_MODULE, TR_KEY, TR_TEXT, TR_LANGUAGE) VALUES ('frontend','user.preferences.imap.password.error.void','Le mot de passe IMAP ne doit pas tre vide','fr-FR');
INSERT INTO OKM_TRANSLATION (TR_MODULE, TR_KEY, TR_TEXT, TR_LANGUAGE) VALUES ('frontend','user.preferences.imap.test.error','IMAP configuration error','fr-FR');
INSERT INTO OKM_TRANSLATION (TR_MODULE, TR_KEY, TR_TEXT, TR_LANGUAGE) VALUES ('frontend','user.preferences.imap.test.ok','IMAP configuration ok','fr-FR');
INSERT INTO OKM_TRANSLATION (TR_MODULE, TR_KEY, TR_TEXT, TR_LANGUAGE) VALUES ('frontend','thesaurus.directory.select.label','Ajouter un mot-cl du thesaurus','fr-FR');
INSERT INTO OKM_TRANSLATION (TR_MODULE, TR_KEY, TR_TEXT, TR_LANGUAGE) VALUES ('frontend','thesaurus.tab.tree','Arborescence','fr-FR');
INSERT INTO OKM_TRANSLATION (TR_MODULE, TR_KEY, TR_TEXT, TR_LANGUAGE) VALUES ('frontend','thesaurus.tab.keywords','Mots-cls','fr-FR');
INSERT INTO OKM_TRANSLATION (TR_MODULE, TR_KEY, TR_TEXT, TR_LANGUAGE) VALUES ('frontend','categories.folder.select.label','Ajouter une catgorie','fr-FR');
INSERT INTO OKM_TRANSLATION (TR_MODULE, TR_KEY, TR_TEXT, TR_LANGUAGE) VALUES ('frontend','categories.folder.error.delete','Suppression impossible d''une catgorie associe  des documents','fr-FR');
INSERT INTO OKM_TRANSLATION (TR_MODULE, TR_KEY, TR_TEXT, TR_LANGUAGE) VALUES ('frontend','wizard.document.uploading','Assistant Document','fr-FR');
INSERT INTO OKM_TRANSLATION (TR_MODULE, TR_KEY, TR_TEXT, TR_LANGUAGE) VALUES ('frontend','user.info.chat.connect','Connexion  la discussion','fr-FR');
INSERT INTO OKM_TRANSLATION (TR_MODULE, TR_KEY, TR_TEXT, TR_LANGUAGE) VALUES ('frontend','user.info.chat.disconnect','Dconnexion de la discussion','fr-FR');
INSERT INTO OKM_TRANSLATION (TR_MODULE, TR_KEY, TR_TEXT, TR_LANGUAGE) VALUES ('frontend','user.info.chat.new.room','Salle de Discussion rseau','fr-FR');
INSERT INTO OKM_TRANSLATION (TR_MODULE, TR_KEY, TR_TEXT, TR_LANGUAGE) VALUES ('frontend','user.info.locked.actual','Documents verrouills','fr-FR');
INSERT INTO OKM_TRANSLATION (TR_MODULE, TR_KEY, TR_TEXT, TR_LANGUAGE) VALUES ('frontend','user.info.checkout.actual','Documents rservs','fr-FR');
INSERT INTO OKM_TRANSLATION (TR_MODULE, TR_KEY, TR_TEXT, TR_LANGUAGE) VALUES ('frontend','user.info.subscription.actual','Abonnements actuels','fr-FR');
INSERT INTO OKM_TRANSLATION (TR_MODULE, TR_KEY, TR_TEXT, TR_LANGUAGE) VALUES ('frontend','user.info.news.new','Nouveauts','fr-FR');
INSERT INTO OKM_TRANSLATION (TR_MODULE, TR_KEY, TR_TEXT, TR_LANGUAGE) VALUES ('frontend','user.info.workflow.pending','Workflows en attente','fr-FR');
INSERT INTO OKM_TRANSLATION (TR_MODULE, TR_KEY, TR_TEXT, TR_LANGUAGE) VALUES ('frontend','user.info.user.quota','Quota utilis','fr-FR');
INSERT INTO OKM_TRANSLATION (TR_MODULE, TR_KEY, TR_TEXT, TR_LANGUAGE) VALUES ('frontend','user.online','Utilisateurs en ligne','fr-FR');
INSERT INTO OKM_TRANSLATION (TR_MODULE, TR_KEY, TR_TEXT, TR_LANGUAGE) VALUES ('frontend','chat.room','Chat','fr-FR');
INSERT INTO OKM_TRANSLATION (TR_MODULE, TR_KEY, TR_TEXT, TR_LANGUAGE) VALUES ('frontend','chat.users.in.room','Utilisateurs','fr-FR');
INSERT INTO OKM_TRANSLATION (TR_MODULE, TR_KEY, TR_TEXT, TR_LANGUAGE) VALUES ('frontend','OKM-017009','Vous n''avez pas la permission d''accder  ce document','fr-FR');
INSERT INTO OKM_TRANSLATION (TR_MODULE, TR_KEY, TR_TEXT, TR_LANGUAGE) VALUES ('frontend','OKM-017004','Impossible de verrouiller ce document','fr-FR');
INSERT INTO OKM_TRANSLATION (TR_MODULE, TR_KEY, TR_TEXT, TR_LANGUAGE) VALUES ('frontend','OKM-017001','Erreur interne du dpt','fr-FR');
INSERT INTO OKM_TRANSLATION (TR_MODULE, TR_KEY, TR_TEXT, TR_LANGUAGE) VALUES ('frontend','OKM-017015','Chemin du document non trouv','fr-FR');
INSERT INTO OKM_TRANSLATION (TR_MODULE, TR_KEY, TR_TEXT, TR_LANGUAGE) VALUES ('frontend','OKM-017016','Erreur Version','fr-FR');
INSERT INTO OKM_TRANSLATION (TR_MODULE, TR_KEY, TR_TEXT, TR_LANGUAGE) VALUES ('frontend','OKM-002009','Vous n''avez pas la permission d''accder  ce document','fr-FR');
INSERT INTO OKM_TRANSLATION (TR_MODULE, TR_KEY, TR_TEXT, TR_LANGUAGE) VALUES ('frontend','OKM-002002','Il n''existe pas de document portant ce nom','fr-FR');
INSERT INTO OKM_TRANSLATION (TR_MODULE, TR_KEY, TR_TEXT, TR_LANGUAGE) VALUES ('frontend','OKM-002003','Il existe dj un document portant ce nom','fr-FR');
INSERT INTO OKM_TRANSLATION (TR_MODULE, TR_KEY, TR_TEXT, TR_LANGUAGE) VALUES ('frontend','OKM-002004','Impossible de verrouiller ce document','fr-FR');
INSERT INTO OKM_TRANSLATION (TR_MODULE, TR_KEY, TR_TEXT, TR_LANGUAGE) VALUES ('frontend','OKM-002004','Impossible de dverrouiller ce document','fr-FR');
INSERT INTO OKM_TRANSLATION (TR_MODULE, TR_KEY, TR_TEXT, TR_LANGUAGE) VALUES ('frontend','OKM-002001','Erreur interne du dpt','fr-FR');
INSERT INTO OKM_TRANSLATION (TR_MODULE, TR_KEY, TR_TEXT, TR_LANGUAGE) VALUES ('frontend','OKM-002006','Erreur interne de l''application','fr-FR');
INSERT INTO OKM_TRANSLATION (TR_MODULE, TR_KEY, TR_TEXT, TR_LANGUAGE) VALUES ('frontend','OKM-002015','Chemin document non trouv','fr-FR');
INSERT INTO OKM_TRANSLATION (TR_MODULE, TR_KEY, TR_TEXT, TR_LANGUAGE) VALUES ('frontend','OKM-002024','Erreur Base de Donne','fr-FR');
INSERT INTO OKM_TRANSLATION (TR_MODULE, TR_KEY, TR_TEXT, TR_LANGUAGE) VALUES ('frontend','OKM-001009','Vous n''avez pas la permission d''accder  ce dossier','fr-FR');
INSERT INTO OKM_TRANSLATION (TR_MODULE, TR_KEY, TR_TEXT, TR_LANGUAGE) VALUES ('frontend','OKM-001002','Il n''existe pas de document portant ce nom','fr-FR');
INSERT INTO OKM_TRANSLATION (TR_MODULE, TR_KEY, TR_TEXT, TR_LANGUAGE) VALUES ('frontend','OKM-001003','Il existe dj un dossier portant ce nom','fr-FR');
INSERT INTO OKM_TRANSLATION (TR_MODULE, TR_KEY, TR_TEXT, TR_LANGUAGE) VALUES ('frontend','OKM-001001','Erreur interne du dpt','fr-FR');
INSERT INTO OKM_TRANSLATION (TR_MODULE, TR_KEY, TR_TEXT, TR_LANGUAGE) VALUES ('frontend','OKM-001006','Erreur interne de l''application','fr-FR');
INSERT INTO OKM_TRANSLATION (TR_MODULE, TR_KEY, TR_TEXT, TR_LANGUAGE) VALUES ('frontend','OKM-001015','Chemin dossier non trouv','fr-FR');
INSERT INTO OKM_TRANSLATION (TR_MODULE, TR_KEY, TR_TEXT, TR_LANGUAGE) VALUES ('frontend','OKM-001024','Erreur Base de Donne','fr-FR');
INSERT INTO OKM_TRANSLATION (TR_MODULE, TR_KEY, TR_TEXT, TR_LANGUAGE) VALUES ('frontend','OKM-007009','Vous n''avez pas la permission d''accder  cette item','fr-FR');
INSERT INTO OKM_TRANSLATION (TR_MODULE, TR_KEY, TR_TEXT, TR_LANGUAGE) VALUES ('frontend','OKM-007002','Il n''existe pas d''lment avec ce nom','fr-FR');
INSERT INTO OKM_TRANSLATION (TR_MODULE, TR_KEY, TR_TEXT, TR_LANGUAGE) VALUES ('frontend','OKM-007001','Erreur interne du dpt','fr-FR');
INSERT INTO OKM_TRANSLATION (TR_MODULE, TR_KEY, TR_TEXT, TR_LANGUAGE) VALUES ('frontend','OKM-007006','Erreur interne de l''application','fr-FR');
INSERT INTO OKM_TRANSLATION (TR_MODULE, TR_KEY, TR_TEXT, TR_LANGUAGE) VALUES ('frontend','OKM-007024','Erreur Base de Donne','fr-FR');
INSERT INTO OKM_TRANSLATION (TR_MODULE, TR_KEY, TR_TEXT, TR_LANGUAGE) VALUES ('frontend','OKM-009002','Il n''existe pas de document portant ce nom','fr-FR');
INSERT INTO OKM_TRANSLATION (TR_MODULE, TR_KEY, TR_TEXT, TR_LANGUAGE) VALUES ('frontend','OKM-009006','Erreur interne de l''application','fr-FR');
INSERT INTO OKM_TRANSLATION (TR_MODULE, TR_KEY, TR_TEXT, TR_LANGUAGE) VALUES ('frontend','OKM-005010','Format de fichier non support','fr-FR');
INSERT INTO OKM_TRANSLATION (TR_MODULE, TR_KEY, TR_TEXT, TR_LANGUAGE) VALUES ('frontend','OKM-005003','Il existe dj un document portant ce nom','fr-FR');
INSERT INTO OKM_TRANSLATION (TR_MODULE, TR_KEY, TR_TEXT, TR_LANGUAGE) VALUES ('frontend','OKM-005011','Ce document est trop gros','fr-FR');
INSERT INTO OKM_TRANSLATION (TR_MODULE, TR_KEY, TR_TEXT, TR_LANGUAGE) VALUES ('frontend','OKM-005027','Le Nom du document est diffrent','fr-FR');
INSERT INTO OKM_TRANSLATION (TR_MODULE, TR_KEY, TR_TEXT, TR_LANGUAGE) VALUES ('frontend','OKM-004001','La session a t ferme','fr-FR');
INSERT INTO OKM_TRANSLATION (TR_MODULE, TR_KEY, TR_TEXT, TR_LANGUAGE) VALUES ('frontend','OKM-004024','Erreur Base de Donne','fr-FR');
INSERT INTO OKM_TRANSLATION (TR_MODULE, TR_KEY, TR_TEXT, TR_LANGUAGE) VALUES ('frontend','OKM-008001','Erreur gnrique d''excution d''une requte','fr-FR');
INSERT INTO OKM_TRANSLATION (TR_MODULE, TR_KEY, TR_TEXT, TR_LANGUAGE) VALUES ('frontend','OKM-008003','Le nom de la recherche enregistre doit tre unique','fr-FR');
INSERT INTO OKM_TRANSLATION (TR_MODULE, TR_KEY, TR_TEXT, TR_LANGUAGE) VALUES ('frontend','OKM-008024','Erreur Base de Donne','fr-FR');
INSERT INTO OKM_TRANSLATION (TR_MODULE, TR_KEY, TR_TEXT, TR_LANGUAGE) VALUES ('frontend','OKM-011003','Le nom du signet doit tre unique','fr-FR');
INSERT INTO OKM_TRANSLATION (TR_MODULE, TR_KEY, TR_TEXT, TR_LANGUAGE) VALUES ('frontend','OKM-003017','Session perdue','fr-FR');
INSERT INTO OKM_TRANSLATION (TR_MODULE, TR_KEY, TR_TEXT, TR_LANGUAGE) VALUES ('frontend','OKM-013001','Erreur interne du dpt','fr-FR');
INSERT INTO OKM_TRANSLATION (TR_MODULE, TR_KEY, TR_TEXT, TR_LANGUAGE) VALUES ('frontend','OKM-013024','Erreur Base de Donne','fr-FR');
INSERT INTO OKM_TRANSLATION (TR_MODULE, TR_KEY, TR_TEXT, TR_LANGUAGE) VALUES ('frontend','OKM-014001','Erreur interne du dpt','fr-FR');
INSERT INTO OKM_TRANSLATION (TR_MODULE, TR_KEY, TR_TEXT, TR_LANGUAGE) VALUES ('frontend','OKM-014013','Erreur E/S','fr-FR');
INSERT INTO OKM_TRANSLATION (TR_MODULE, TR_KEY, TR_TEXT, TR_LANGUAGE) VALUES ('frontend','OKM-015001','Erreur interne du dpt','fr-FR');
INSERT INTO OKM_TRANSLATION (TR_MODULE, TR_KEY, TR_TEXT, TR_LANGUAGE) VALUES ('frontend','OKM-015024','Erreur Base de Donne','fr-FR');
INSERT INTO OKM_TRANSLATION (TR_MODULE, TR_KEY, TR_TEXT, TR_LANGUAGE) VALUES ('frontend','OKM-018022','Erreur de configuration du navigateur','fr-FR');
INSERT INTO OKM_TRANSLATION (TR_MODULE, TR_KEY, TR_TEXT, TR_LANGUAGE) VALUES ('frontend','OKM-018023','Erreur Quota utilisateur dpass,  contactez votre administrateur','fr-FR');
INSERT INTO OKM_TRANSLATION (TR_MODULE, TR_KEY, TR_TEXT, TR_LANGUAGE) VALUES ('frontend','OKM-016009','Accs au document refus','fr-FR');
INSERT INTO OKM_TRANSLATION (TR_MODULE, TR_KEY, TR_TEXT, TR_LANGUAGE) VALUES ('frontend','OKM-016002','Document non trouv','fr-FR');
INSERT INTO OKM_TRANSLATION (TR_MODULE, TR_KEY, TR_TEXT, TR_LANGUAGE) VALUES ('frontend','OKM-016003','Document dj existant','fr-FR');
INSERT INTO OKM_TRANSLATION (TR_MODULE, TR_KEY, TR_TEXT, TR_LANGUAGE) VALUES ('frontend','OKM-016004','Verrouillage du document refus','fr-FR');
INSERT INTO OKM_TRANSLATION (TR_MODULE, TR_KEY, TR_TEXT, TR_LANGUAGE) VALUES ('frontend','OKM-016001','Erreur interne du Dpt','fr-FR');
INSERT INTO OKM_TRANSLATION (TR_MODULE, TR_KEY, TR_TEXT, TR_LANGUAGE) VALUES ('frontend','OKM-016006','Erreur interne de l''Application','fr-FR');
INSERT INTO OKM_TRANSLATION (TR_MODULE, TR_KEY, TR_TEXT, TR_LANGUAGE) VALUES ('frontend','OKM-016015','Chemin du Document non trouv','fr-FR');
INSERT INTO OKM_TRANSLATION (TR_MODULE, TR_KEY, TR_TEXT, TR_LANGUAGE) VALUES ('frontend','OKM-016024','Erreur Base de Donne','fr-FR');
INSERT INTO OKM_TRANSLATION (TR_MODULE, TR_KEY, TR_TEXT, TR_LANGUAGE) VALUES ('frontend','OKM-010015','Chemin non trouv','fr-FR');
INSERT INTO OKM_TRANSLATION (TR_MODULE, TR_KEY, TR_TEXT, TR_LANGUAGE) VALUES ('frontend','OKM-010009','Accs refus','fr-FR');
INSERT INTO OKM_TRANSLATION (TR_MODULE, TR_KEY, TR_TEXT, TR_LANGUAGE) VALUES ('frontend','OKM-010001','Erreur interne du Dpt','fr-FR');
INSERT INTO OKM_TRANSLATION (TR_MODULE, TR_KEY, TR_TEXT, TR_LANGUAGE) VALUES ('frontend','OKM-010024','Erreur Base de Donne','fr-FR');
INSERT INTO OKM_TRANSLATION (TR_MODULE, TR_KEY, TR_TEXT, TR_LANGUAGE) VALUES ('frontend','OKM-010006','Erreur interne de l''Application ','fr-FR');
INSERT INTO OKM_TRANSLATION (TR_MODULE, TR_KEY, TR_TEXT, TR_LANGUAGE) VALUES ('frontend','OKM-009004','Verrouill','fr-FR');
INSERT INTO OKM_TRANSLATION (TR_MODULE, TR_KEY, TR_TEXT, TR_LANGUAGE) VALUES ('frontend','OKM-009015','Chemin inexistant','fr-FR');
INSERT INTO OKM_TRANSLATION (TR_MODULE, TR_KEY, TR_TEXT, TR_LANGUAGE) VALUES ('frontend','OKM-009009','Accs refus','fr-FR');
INSERT INTO OKM_TRANSLATION (TR_MODULE, TR_KEY, TR_TEXT, TR_LANGUAGE) VALUES ('frontend','OKM-009001','Erreur interne du Dpt','fr-FR');
INSERT INTO OKM_TRANSLATION (TR_MODULE, TR_KEY, TR_TEXT, TR_LANGUAGE) VALUES ('frontend','OKM-009024','Erreur Base de Donne','fr-FR');
INSERT INTO OKM_TRANSLATION (TR_MODULE, TR_KEY, TR_TEXT, TR_LANGUAGE) VALUES ('frontend','OKM-009006','Erreur interne de l''Application','fr-FR');
INSERT INTO OKM_TRANSLATION (TR_MODULE, TR_KEY, TR_TEXT, TR_LANGUAGE) VALUES ('frontend','OKM-009012','Groupe inexistant','fr-FR');
INSERT INTO OKM_TRANSLATION (TR_MODULE, TR_KEY, TR_TEXT, TR_LANGUAGE) VALUES ('frontend','OKM-009014','Proprit inexistante','fr-FR');
INSERT INTO OKM_TRANSLATION (TR_MODULE, TR_KEY, TR_TEXT, TR_LANGUAGE) VALUES ('frontend','OKM-009013','Erreur E/S','fr-FR');
INSERT INTO OKM_TRANSLATION (TR_MODULE, TR_KEY, TR_TEXT, TR_LANGUAGE) VALUES ('frontend','OKM-012001','Erreur interne du Dpt','fr-FR');
INSERT INTO OKM_TRANSLATION (TR_MODULE, TR_KEY, TR_TEXT, TR_LANGUAGE) VALUES ('frontend','OKM-012006','Erreur interne de l''Application','fr-FR');
INSERT INTO OKM_TRANSLATION (TR_MODULE, TR_KEY, TR_TEXT, TR_LANGUAGE) VALUES ('frontend','OKM-012015','Chemin inexistant','fr-FR');
INSERT INTO OKM_TRANSLATION (TR_MODULE, TR_KEY, TR_TEXT, TR_LANGUAGE) VALUES ('frontend','OKM-012024','Erreur Base de Donne','fr-FR');
INSERT INTO OKM_TRANSLATION (TR_MODULE, TR_KEY, TR_TEXT, TR_LANGUAGE) VALUES ('frontend','OKM-012009','Accs refus','fr-FR');
INSERT INTO OKM_TRANSLATION (TR_MODULE, TR_KEY, TR_TEXT, TR_LANGUAGE) VALUES ('frontend','OKM-019001','Erreur interne du Dpt','fr-FR');
INSERT INTO OKM_TRANSLATION (TR_MODULE, TR_KEY, TR_TEXT, TR_LANGUAGE) VALUES ('frontend','OKM-019006','Erreur interne de l''Application','fr-FR');
INSERT INTO OKM_TRANSLATION (TR_MODULE, TR_KEY, TR_TEXT, TR_LANGUAGE) VALUES ('frontend','OKM-019024','Erreur Base de Donne','fr-FR');
