insert into OKM_USER (USR_ID, USR_NAME, USR_PASSWORD, USR_EMAIL, USR_ACTIVE) values ('okmAdmin', 'Administrator', '21232f297a57a5a743894a0e4a801fc3', 'admin@noreply.com', true);
insert into OKM_ROLE (ROL_ID, ROL_ACTIVE) values ('AdminRole', true);
insert into OKM_ROLE (ROL_ID, ROL_ACTIVE) values ('UserRole', true);
insert into OKM_USER_ROLE (UR_USER, UR_ROLE) values ('okmAdmin', 'AdminRole');
insert into OKM_PROFILE (PRF_ID, PRF_NAME, PRF_ACTIVE) values (1, 'Default', true);
insert into OKM_LANGUAGE (LG_LANGUAGE, LG_DESCRIPTION) values ('en-GB', 'English');
INSERT INTO OKM_TRANSLATION (TR_MODULE, TR_KEY, TR_TEXT, TR_LANGUAGE) VALUES ('frontend', 'general.date.pattern', 'dd-MM-yyyy hh:mm:ss', 'en-GB');
INSERT INTO OKM_TRANSLATION (TR_MODULE, TR_KEY, TR_TEXT, TR_LANGUAGE) VALUES ('frontend', 'general.day.pattern', 'dd-MM-yyyy', 'en-GB');
INSERT INTO OKM_TRANSLATION (TR_MODULE, TR_KEY, TR_TEXT, TR_LANGUAGE) VALUES ('frontend', 'general.hour.pattern', 'HH:mm:ss', 'en-GB');
INSERT INTO OKM_TRANSLATION (TR_MODULE, TR_KEY, TR_TEXT, TR_LANGUAGE) VALUES ('frontend', 'startup.openkm', 'Loading OpenKM', 'en-GB');
INSERT INTO OKM_TRANSLATION (TR_MODULE, TR_KEY, TR_TEXT, TR_LANGUAGE) VALUES ('frontend', 'startup.starting.loading', 'Starting loading OpenKM', 'en-GB');
INSERT INTO OKM_TRANSLATION (TR_MODULE, TR_KEY, TR_TEXT, TR_LANGUAGE) VALUES ('frontend', 'startup.taxonomy', 'Getting taxonomy root node', 'en-GB');
INSERT INTO OKM_TRANSLATION (TR_MODULE, TR_KEY, TR_TEXT, TR_LANGUAGE) VALUES ('frontend', 'startup.categories', 'Getting categories root node', 'en-GB');
INSERT INTO OKM_TRANSLATION (TR_MODULE, TR_KEY, TR_TEXT, TR_LANGUAGE) VALUES ('frontend', 'startup.thesaurus', 'Getting thesaurus root node', 'en-GB');
INSERT INTO OKM_TRANSLATION (TR_MODULE, TR_KEY, TR_TEXT, TR_LANGUAGE) VALUES ('frontend', 'startup.template', 'Getting template root node', 'en-GB');
INSERT INTO OKM_TRANSLATION (TR_MODULE, TR_KEY, TR_TEXT, TR_LANGUAGE) VALUES ('frontend', 'startup.personal', 'Getting personal root node', 'en-GB');
INSERT INTO OKM_TRANSLATION (TR_MODULE, TR_KEY, TR_TEXT, TR_LANGUAGE) VALUES ('frontend', 'startup.mail', 'Getting e-mail root node', 'en-GB');
INSERT INTO OKM_TRANSLATION (TR_MODULE, TR_KEY, TR_TEXT, TR_LANGUAGE) VALUES ('frontend', 'startup.trash', 'Getting trash root node', 'en-GB');
INSERT INTO OKM_TRANSLATION (TR_MODULE, TR_KEY, TR_TEXT, TR_LANGUAGE) VALUES ('frontend', 'startup.user.home', 'Getting user home node', 'en-GB');
INSERT INTO OKM_TRANSLATION (TR_MODULE, TR_KEY, TR_TEXT, TR_LANGUAGE) VALUES ('frontend', 'startup.bookmarks', 'Getting bookmarks', 'en-GB');
INSERT INTO OKM_TRANSLATION (TR_MODULE, TR_KEY, TR_TEXT, TR_LANGUAGE) VALUES ('frontend', 'startup.loading.taxonomy', 'Loading taxonomy', 'en-GB');
INSERT INTO OKM_TRANSLATION (TR_MODULE, TR_KEY, TR_TEXT, TR_LANGUAGE) VALUES ('frontend', 'startup.loading.taxonomy.getting.folders', 'Loading taxonomy - getting folders', 'en-GB');
INSERT INTO OKM_TRANSLATION (TR_MODULE, TR_KEY, TR_TEXT, TR_LANGUAGE) VALUES ('frontend', 'startup.loading.taxonomy.eval.params', 'Loading taxonomy - eval browser params', 'en-GB');
INSERT INTO OKM_TRANSLATION (TR_MODULE, TR_KEY, TR_TEXT, TR_LANGUAGE) VALUES ('frontend', 'startup.loading.taxonomy.open.path', 'Loading taxonomy - open path', 'en-GB');
INSERT INTO OKM_TRANSLATION (TR_MODULE, TR_KEY, TR_TEXT, TR_LANGUAGE) VALUES ('frontend', 'startup.loading.taxonomy.getting.filebrowser.folders', 'Loading taxonomy - getting folders', 'en-GB');
INSERT INTO OKM_TRANSLATION (TR_MODULE, TR_KEY, TR_TEXT, TR_LANGUAGE) VALUES ('frontend', 'startup.loading.taxonomy.getting.filebrowser.documents', 'Loading taxonomy - getting documents', 'en-GB');
INSERT INTO OKM_TRANSLATION (TR_MODULE, TR_KEY, TR_TEXT, TR_LANGUAGE) VALUES ('frontend', 'startup.loading.taxonomy.getting.filebrowser.mails', 'Loading taxonomy - getting mails', 'en-GB');
INSERT INTO OKM_TRANSLATION (TR_MODULE, TR_KEY, TR_TEXT, TR_LANGUAGE) VALUES ('frontend', 'startup.loading.personal', 'Loading personal', 'en-GB');
INSERT INTO OKM_TRANSLATION (TR_MODULE, TR_KEY, TR_TEXT, TR_LANGUAGE) VALUES ('frontend', 'startup.loading.mail', 'Loading e-mails', 'en-GB');
INSERT INTO OKM_TRANSLATION (TR_MODULE, TR_KEY, TR_TEXT, TR_LANGUAGE) VALUES ('frontend', 'startup.loading.categories', 'Loading categories', 'en-GB');
INSERT INTO OKM_TRANSLATION (TR_MODULE, TR_KEY, TR_TEXT, TR_LANGUAGE) VALUES ('frontend', 'startup.loading.thesaurus', 'Loading thesaurus', 'en-GB');
INSERT INTO OKM_TRANSLATION (TR_MODULE, TR_KEY, TR_TEXT, TR_LANGUAGE) VALUES ('frontend', 'startup.loading.templates', 'Loading templates', 'en-GB');
INSERT INTO OKM_TRANSLATION (TR_MODULE, TR_KEY, TR_TEXT, TR_LANGUAGE) VALUES ('frontend', 'startup.loading.trash', 'Loading trash', 'en-GB');
INSERT INTO OKM_TRANSLATION (TR_MODULE, TR_KEY, TR_TEXT, TR_LANGUAGE) VALUES ('frontend', 'startup.loading.history.search', 'Loading history search', 'en-GB');
INSERT INTO OKM_TRANSLATION (TR_MODULE, TR_KEY, TR_TEXT, TR_LANGUAGE) VALUES ('frontend', 'startup.loading.user.values', 'Loading user values', 'en-GB');
INSERT INTO OKM_TRANSLATION (TR_MODULE, TR_KEY, TR_TEXT, TR_LANGUAGE) VALUES ('frontend', 'startup.keep.alive', 'Loading keep alive', 'en-GB');
INSERT INTO OKM_TRANSLATION (TR_MODULE, TR_KEY, TR_TEXT, TR_LANGUAGE) VALUES ('frontend', 'openkm.update.available', 'OpenKM update available', 'en-GB');
INSERT INTO OKM_TRANSLATION (TR_MODULE, TR_KEY, TR_TEXT, TR_LANGUAGE) VALUES ('frontend', 'leftpanel.label.taxonomy', 'Taxonomy', 'en-GB');
INSERT INTO OKM_TRANSLATION (TR_MODULE, TR_KEY, TR_TEXT, TR_LANGUAGE) VALUES ('frontend', 'leftpanel.label.trash', 'Trash', 'en-GB');
INSERT INTO OKM_TRANSLATION (TR_MODULE, TR_KEY, TR_TEXT, TR_LANGUAGE) VALUES ('frontend', 'leftpanel.label.mail', 'E-mail', 'en-GB');
INSERT INTO OKM_TRANSLATION (TR_MODULE, TR_KEY, TR_TEXT, TR_LANGUAGE) VALUES ('frontend', 'leftpanel.label.stored.search', 'Stored searches', 'en-GB');
INSERT INTO OKM_TRANSLATION (TR_MODULE, TR_KEY, TR_TEXT, TR_LANGUAGE) VALUES ('frontend', 'leftpanel.label.categories', 'Categories', 'en-GB');
INSERT INTO OKM_TRANSLATION (TR_MODULE, TR_KEY, TR_TEXT, TR_LANGUAGE) VALUES ('frontend', 'leftpanel.label.thesaurus', 'Thesaurus', 'en-GB');
INSERT INTO OKM_TRANSLATION (TR_MODULE, TR_KEY, TR_TEXT, TR_LANGUAGE) VALUES ('frontend', 'leftpanel.label.templates', 'Templates', 'en-GB');
INSERT INTO OKM_TRANSLATION (TR_MODULE, TR_KEY, TR_TEXT, TR_LANGUAGE) VALUES ('frontend', 'leftpanel.label.my.documents', 'My documents', 'en-GB');
INSERT INTO OKM_TRANSLATION (TR_MODULE, TR_KEY, TR_TEXT, TR_LANGUAGE) VALUES ('frontend', 'leftpanel.label.user.search', 'User news', 'en-GB');
INSERT INTO OKM_TRANSLATION (TR_MODULE, TR_KEY, TR_TEXT, TR_LANGUAGE) VALUES ('frontend', 'leftpanel.label.all.repository', 'All repository', 'en-GB');
INSERT INTO OKM_TRANSLATION (TR_MODULE, TR_KEY, TR_TEXT, TR_LANGUAGE) VALUES ('frontend', 'tree.menu.directory.create', 'Create folder', 'en-GB');
INSERT INTO OKM_TRANSLATION (TR_MODULE, TR_KEY, TR_TEXT, TR_LANGUAGE) VALUES ('frontend', 'tree.menu.directory.remove', 'Delete', 'en-GB');
INSERT INTO OKM_TRANSLATION (TR_MODULE, TR_KEY, TR_TEXT, TR_LANGUAGE) VALUES ('frontend', 'tree.menu.directory.rename', 'Rename', 'en-GB');
INSERT INTO OKM_TRANSLATION (TR_MODULE, TR_KEY, TR_TEXT, TR_LANGUAGE) VALUES ('frontend', 'tree.menu.directory.refresh', 'Refresh', 'en-GB');
INSERT INTO OKM_TRANSLATION (TR_MODULE, TR_KEY, TR_TEXT, TR_LANGUAGE) VALUES ('frontend', 'tree.menu.directory.move', 'Move', 'en-GB');
INSERT INTO OKM_TRANSLATION (TR_MODULE, TR_KEY, TR_TEXT, TR_LANGUAGE) VALUES ('frontend', 'tree.menu.directory.copy', 'Copy', 'en-GB');
INSERT INTO OKM_TRANSLATION (TR_MODULE, TR_KEY, TR_TEXT, TR_LANGUAGE) VALUES ('frontend', 'tree.menu.directory.add.document', 'Add document', 'en-GB');
INSERT INTO OKM_TRANSLATION (TR_MODULE, TR_KEY, TR_TEXT, TR_LANGUAGE) VALUES ('frontend', 'tree.menu.add.bookmark', 'Add bookmark', 'en-GB');
INSERT INTO OKM_TRANSLATION (TR_MODULE, TR_KEY, TR_TEXT, TR_LANGUAGE) VALUES ('frontend', 'tree.menu.set.home', 'Set default home', 'en-GB');
INSERT INTO OKM_TRANSLATION (TR_MODULE, TR_KEY, TR_TEXT, TR_LANGUAGE) VALUES ('frontend', 'tree.menu.export', 'Export to file', 'en-GB');
INSERT INTO OKM_TRANSLATION (TR_MODULE, TR_KEY, TR_TEXT, TR_LANGUAGE) VALUES ('frontend', 'tree.status.refresh.folder', 'Updating folder tree', 'en-GB');
INSERT INTO OKM_TRANSLATION (TR_MODULE, TR_KEY, TR_TEXT, TR_LANGUAGE) VALUES ('frontend', 'tree.status.refresh.create', 'Creating folder', 'en-GB');
INSERT INTO OKM_TRANSLATION (TR_MODULE, TR_KEY, TR_TEXT, TR_LANGUAGE) VALUES ('frontend', 'tree.status.refresh.delete', 'Deleting folder', 'en-GB');
INSERT INTO OKM_TRANSLATION (TR_MODULE, TR_KEY, TR_TEXT, TR_LANGUAGE) VALUES ('frontend', 'tree.status.refresh.rename', 'Renaming folder', 'en-GB');
INSERT INTO OKM_TRANSLATION (TR_MODULE, TR_KEY, TR_TEXT, TR_LANGUAGE) VALUES ('frontend', 'tree.status.refresh.restore', 'Restoring folder', 'en-GB');
INSERT INTO OKM_TRANSLATION (TR_MODULE, TR_KEY, TR_TEXT, TR_LANGUAGE) VALUES ('frontend', 'tree.status.refresh.purge', 'Purging folder', 'en-GB');
INSERT INTO OKM_TRANSLATION (TR_MODULE, TR_KEY, TR_TEXT, TR_LANGUAGE) VALUES ('frontend', 'tree.status.refresh.get', 'Updating folder', 'en-GB');
INSERT INTO OKM_TRANSLATION (TR_MODULE, TR_KEY, TR_TEXT, TR_LANGUAGE) VALUES ('frontend', 'tree.folder.new', 'New folder', 'en-GB');
INSERT INTO OKM_TRANSLATION (TR_MODULE, TR_KEY, TR_TEXT, TR_LANGUAGE) VALUES ('frontend', 'tree.status.refresh.add.subscription', 'Adding subscription', 'en-GB');
INSERT INTO OKM_TRANSLATION (TR_MODULE, TR_KEY, TR_TEXT, TR_LANGUAGE) VALUES ('frontend', 'tree.status.refresh.remove.subscription', 'Deleting subscription', 'en-GB');
INSERT INTO OKM_TRANSLATION (TR_MODULE, TR_KEY, TR_TEXT, TR_LANGUAGE) VALUES ('frontend', 'tree.status.refresh.get.root', 'Refreshing root folder', 'en-GB');
INSERT INTO OKM_TRANSLATION (TR_MODULE, TR_KEY, TR_TEXT, TR_LANGUAGE) VALUES ('frontend', 'tree.status.refresh.get.keywords', 'Refreshing keywords', 'en-GB');
INSERT INTO OKM_TRANSLATION (TR_MODULE, TR_KEY, TR_TEXT, TR_LANGUAGE) VALUES ('frontend', 'tree.status.refresh.get.user.home', 'Getting user home', 'en-GB');
INSERT INTO OKM_TRANSLATION (TR_MODULE, TR_KEY, TR_TEXT, TR_LANGUAGE) VALUES ('frontend', 'tree.status.refresh.purge.trash', 'Cleaning trash', 'en-GB');
INSERT INTO OKM_TRANSLATION (TR_MODULE, TR_KEY, TR_TEXT, TR_LANGUAGE) VALUES ('frontend', 'tree.menu.directory.find.folder', 'Find folder', 'en-GB');
INSERT INTO OKM_TRANSLATION (TR_MODULE, TR_KEY, TR_TEXT, TR_LANGUAGE) VALUES ('frontend', 'trash.menu.directory.restore', 'Restore', 'en-GB');
INSERT INTO OKM_TRANSLATION (TR_MODULE, TR_KEY, TR_TEXT, TR_LANGUAGE) VALUES ('frontend', 'trash.menu.directory.purge', 'Purge', 'en-GB');
INSERT INTO OKM_TRANSLATION (TR_MODULE, TR_KEY, TR_TEXT, TR_LANGUAGE) VALUES ('frontend', 'trash.menu.directory.purge.trash', 'Purge trash', 'en-GB');
INSERT INTO OKM_TRANSLATION (TR_MODULE, TR_KEY, TR_TEXT, TR_LANGUAGE) VALUES ('frontend', 'trash.directory.select.label', 'Select destination folder', 'en-GB');
INSERT INTO OKM_TRANSLATION (TR_MODULE, TR_KEY, TR_TEXT, TR_LANGUAGE) VALUES ('frontend', 'general.menu.file', 'File', 'en-GB');
INSERT INTO OKM_TRANSLATION (TR_MODULE, TR_KEY, TR_TEXT, TR_LANGUAGE) VALUES ('frontend', 'general.menu.file.exit', 'Exit', 'en-GB');
INSERT INTO OKM_TRANSLATION (TR_MODULE, TR_KEY, TR_TEXT, TR_LANGUAGE) VALUES ('frontend', 'general.menu.file.purge.trash', 'Purge trash', 'en-GB');
INSERT INTO OKM_TRANSLATION (TR_MODULE, TR_KEY, TR_TEXT, TR_LANGUAGE) VALUES ('frontend', 'general.menu.edit', 'Edit', 'en-GB');
INSERT INTO OKM_TRANSLATION (TR_MODULE, TR_KEY, TR_TEXT, TR_LANGUAGE) VALUES ('frontend', 'general.menu.file.create.directory', 'Create folder', 'en-GB');
INSERT INTO OKM_TRANSLATION (TR_MODULE, TR_KEY, TR_TEXT, TR_LANGUAGE) VALUES ('frontend', 'general.menu.file.download.document', 'Download document', 'en-GB');
INSERT INTO OKM_TRANSLATION (TR_MODULE, TR_KEY, TR_TEXT, TR_LANGUAGE) VALUES ('frontend', 'general.menu.file.download.document.pdf', 'Download document as PDF', 'en-GB');
INSERT INTO OKM_TRANSLATION (TR_MODULE, TR_KEY, TR_TEXT, TR_LANGUAGE) VALUES ('frontend', 'general.menu.file.send.link', 'Send document link', 'en-GB');
INSERT INTO OKM_TRANSLATION (TR_MODULE, TR_KEY, TR_TEXT, TR_LANGUAGE) VALUES ('frontend', 'general.menu.file.send.attachment', 'Send document attachment', 'en-GB');
INSERT INTO OKM_TRANSLATION (TR_MODULE, TR_KEY, TR_TEXT, TR_LANGUAGE) VALUES ('frontend', 'general.menu.file.lock', 'Lock', 'en-GB');
INSERT INTO OKM_TRANSLATION (TR_MODULE, TR_KEY, TR_TEXT, TR_LANGUAGE) VALUES ('frontend', 'general.menu.file.unlock', 'Unlock', 'en-GB');
INSERT INTO OKM_TRANSLATION (TR_MODULE, TR_KEY, TR_TEXT, TR_LANGUAGE) VALUES ('frontend', 'general.menu.file.add.document', 'Add document', 'en-GB');
INSERT INTO OKM_TRANSLATION (TR_MODULE, TR_KEY, TR_TEXT, TR_LANGUAGE) VALUES ('frontend', 'general.menu.file.checkout', 'Check out', 'en-GB');
INSERT INTO OKM_TRANSLATION (TR_MODULE, TR_KEY, TR_TEXT, TR_LANGUAGE) VALUES ('frontend', 'general.menu.file.checkin', 'Check in', 'en-GB');
INSERT INTO OKM_TRANSLATION (TR_MODULE, TR_KEY, TR_TEXT, TR_LANGUAGE) VALUES ('frontend', 'general.menu.file.cancel.checkout', 'Cancel check out', 'en-GB');
INSERT INTO OKM_TRANSLATION (TR_MODULE, TR_KEY, TR_TEXT, TR_LANGUAGE) VALUES ('frontend', 'general.menu.file.delete', 'Delete', 'en-GB');
INSERT INTO OKM_TRANSLATION (TR_MODULE, TR_KEY, TR_TEXT, TR_LANGUAGE) VALUES ('frontend', 'general.menu.file.refresh', 'Refresh', 'en-GB');
INSERT INTO OKM_TRANSLATION (TR_MODULE, TR_KEY, TR_TEXT, TR_LANGUAGE) VALUES ('frontend', 'general.menu.file.scanner', 'Scanner', 'en-GB');
INSERT INTO OKM_TRANSLATION (TR_MODULE, TR_KEY, TR_TEXT, TR_LANGUAGE) VALUES ('frontend', 'general.menu.file.uploader', 'File uploader', 'en-GB');
INSERT INTO OKM_TRANSLATION (TR_MODULE, TR_KEY, TR_TEXT, TR_LANGUAGE) VALUES ('frontend', 'general.menu.tools', 'Tools', 'en-GB');
INSERT INTO OKM_TRANSLATION (TR_MODULE, TR_KEY, TR_TEXT, TR_LANGUAGE) VALUES ('frontend', 'general.menu.tools.languages', 'Languages', 'en-GB');
INSERT INTO OKM_TRANSLATION (TR_MODULE, TR_KEY, TR_TEXT, TR_LANGUAGE) VALUES ('frontend', 'general.menu.tools.skin', 'Skin', 'en-GB');
INSERT INTO OKM_TRANSLATION (TR_MODULE, TR_KEY, TR_TEXT, TR_LANGUAGE) VALUES ('frontend', 'general.menu.tools.skin.default', 'By default', 'en-GB');
INSERT INTO OKM_TRANSLATION (TR_MODULE, TR_KEY, TR_TEXT, TR_LANGUAGE) VALUES ('frontend', 'general.menu.tools.skin.default2', 'By default 2', 'en-GB');
INSERT INTO OKM_TRANSLATION (TR_MODULE, TR_KEY, TR_TEXT, TR_LANGUAGE) VALUES ('frontend', 'general.menu.tools.skin.mediumfont', 'Medium font', 'en-GB');
INSERT INTO OKM_TRANSLATION (TR_MODULE, TR_KEY, TR_TEXT, TR_LANGUAGE) VALUES ('frontend', 'general.menu.tools.skin.bigfont', 'Big font', 'en-GB');
INSERT INTO OKM_TRANSLATION (TR_MODULE, TR_KEY, TR_TEXT, TR_LANGUAGE) VALUES ('frontend', 'general.menu.debug.console', 'Debug console', 'en-GB');
INSERT INTO OKM_TRANSLATION (TR_MODULE, TR_KEY, TR_TEXT, TR_LANGUAGE) VALUES ('frontend', 'general.menu.administration', 'Show administration', 'en-GB');
INSERT INTO OKM_TRANSLATION (TR_MODULE, TR_KEY, TR_TEXT, TR_LANGUAGE) VALUES ('frontend', 'general.menu.tools.preferences', 'Preferences', 'en-GB');
INSERT INTO OKM_TRANSLATION (TR_MODULE, TR_KEY, TR_TEXT, TR_LANGUAGE) VALUES ('frontend', 'general.menu.tools.user.preferences', 'User configuration', 'en-GB');
INSERT INTO OKM_TRANSLATION (TR_MODULE, TR_KEY, TR_TEXT, TR_LANGUAGE) VALUES ('frontend', 'general.menu.bookmark', 'Bookmarks', 'en-GB');
INSERT INTO OKM_TRANSLATION (TR_MODULE, TR_KEY, TR_TEXT, TR_LANGUAGE) VALUES ('frontend', 'general.menu.bookmark.home', 'Home', 'en-GB');
INSERT INTO OKM_TRANSLATION (TR_MODULE, TR_KEY, TR_TEXT, TR_LANGUAGE) VALUES ('frontend', 'general.menu.bookmark.default.home', 'Set default home', 'en-GB');
INSERT INTO OKM_TRANSLATION (TR_MODULE, TR_KEY, TR_TEXT, TR_LANGUAGE) VALUES ('frontend', 'general.menu.bookmark.edit', 'Edit bookmarks', 'en-GB');
INSERT INTO OKM_TRANSLATION (TR_MODULE, TR_KEY, TR_TEXT, TR_LANGUAGE) VALUES ('frontend', 'general.menu.help', 'Help', 'en-GB');
INSERT INTO OKM_TRANSLATION (TR_MODULE, TR_KEY, TR_TEXT, TR_LANGUAGE) VALUES ('frontend', 'general.menu.bug.report', 'Bug report', 'en-GB');
INSERT INTO OKM_TRANSLATION (TR_MODULE, TR_KEY, TR_TEXT, TR_LANGUAGE) VALUES ('frontend', 'general.menu.support.request', 'Support request', 'en-GB');
INSERT INTO OKM_TRANSLATION (TR_MODULE, TR_KEY, TR_TEXT, TR_LANGUAGE) VALUES ('frontend', 'general.menu.public.forum', 'Public forum', 'en-GB');
INSERT INTO OKM_TRANSLATION (TR_MODULE, TR_KEY, TR_TEXT, TR_LANGUAGE) VALUES ('frontend', 'general.menu.project.web', 'Project web', 'en-GB');
INSERT INTO OKM_TRANSLATION (TR_MODULE, TR_KEY, TR_TEXT, TR_LANGUAGE) VALUES ('frontend', 'general.menu.version.changes', 'Version notes', 'en-GB');
INSERT INTO OKM_TRANSLATION (TR_MODULE, TR_KEY, TR_TEXT, TR_LANGUAGE) VALUES ('frontend', 'general.menu.documentation', 'Documentation', 'en-GB');
INSERT INTO OKM_TRANSLATION (TR_MODULE, TR_KEY, TR_TEXT, TR_LANGUAGE) VALUES ('frontend', 'general.menu.about', 'About OpenKM', 'en-GB');
INSERT INTO OKM_TRANSLATION (TR_MODULE, TR_KEY, TR_TEXT, TR_LANGUAGE) VALUES ('frontend', 'general.connected', 'Connected as', 'en-GB');
INSERT INTO OKM_TRANSLATION (TR_MODULE, TR_KEY, TR_TEXT, TR_LANGUAGE) VALUES ('frontend', 'filebrowser.name', 'Name', 'en-GB');
INSERT INTO OKM_TRANSLATION (TR_MODULE, TR_KEY, TR_TEXT, TR_LANGUAGE) VALUES ('frontend', 'filebrowser.date.update', 'Update date', 'en-GB');
INSERT INTO OKM_TRANSLATION (TR_MODULE, TR_KEY, TR_TEXT, TR_LANGUAGE) VALUES ('frontend', 'filebrowser.size', 'Size', 'en-GB');
INSERT INTO OKM_TRANSLATION (TR_MODULE, TR_KEY, TR_TEXT, TR_LANGUAGE) VALUES ('frontend', 'filebrowser.path', 'Path', 'en-GB');
INSERT INTO OKM_TRANSLATION (TR_MODULE, TR_KEY, TR_TEXT, TR_LANGUAGE) VALUES ('frontend', 'filebrowser.author', 'Author', 'en-GB');
INSERT INTO OKM_TRANSLATION (TR_MODULE, TR_KEY, TR_TEXT, TR_LANGUAGE) VALUES ('frontend', 'filebrowser.version', 'Version', 'en-GB');
INSERT INTO OKM_TRANSLATION (TR_MODULE, TR_KEY, TR_TEXT, TR_LANGUAGE) VALUES ('frontend', 'filebrowser.menu.checkout', 'Check out', 'en-GB');
INSERT INTO OKM_TRANSLATION (TR_MODULE, TR_KEY, TR_TEXT, TR_LANGUAGE) VALUES ('frontend', 'filebrowser.menu.checkin', 'Check in', 'en-GB');
INSERT INTO OKM_TRANSLATION (TR_MODULE, TR_KEY, TR_TEXT, TR_LANGUAGE) VALUES ('frontend', 'filebrowser.menu.delete', 'Delete', 'en-GB');
INSERT INTO OKM_TRANSLATION (TR_MODULE, TR_KEY, TR_TEXT, TR_LANGUAGE) VALUES ('frontend', 'filebrowser.menu.rename', 'Rename', 'en-GB');
INSERT INTO OKM_TRANSLATION (TR_MODULE, TR_KEY, TR_TEXT, TR_LANGUAGE) VALUES ('frontend', 'filebrowser.menu.checkout.cancel', 'Check out cancel', 'en-GB');
INSERT INTO OKM_TRANSLATION (TR_MODULE, TR_KEY, TR_TEXT, TR_LANGUAGE) VALUES ('frontend', 'filebrowser.menu.lock', 'Lock', 'en-GB');
INSERT INTO OKM_TRANSLATION (TR_MODULE, TR_KEY, TR_TEXT, TR_LANGUAGE) VALUES ('frontend', 'filebrowser.menu.unlock', 'Unlock', 'en-GB');
INSERT INTO OKM_TRANSLATION (TR_MODULE, TR_KEY, TR_TEXT, TR_LANGUAGE) VALUES ('frontend', 'filebrowser.menu.download', 'Download', 'en-GB');
INSERT INTO OKM_TRANSLATION (TR_MODULE, TR_KEY, TR_TEXT, TR_LANGUAGE) VALUES ('frontend', 'filebrowser.menu.move', 'Move', 'en-GB');
INSERT INTO OKM_TRANSLATION (TR_MODULE, TR_KEY, TR_TEXT, TR_LANGUAGE) VALUES ('frontend', 'filebrowser.menu.copy', 'Copy', 'en-GB');
INSERT INTO OKM_TRANSLATION (TR_MODULE, TR_KEY, TR_TEXT, TR_LANGUAGE) VALUES ('frontend', 'filebrowser.menu.create.from.template', 'Create from template', 'en-GB');
INSERT INTO OKM_TRANSLATION (TR_MODULE, TR_KEY, TR_TEXT, TR_LANGUAGE) VALUES ('frontend', 'filebrowser.menu.add.property.group', 'Add property group', 'en-GB');
INSERT INTO OKM_TRANSLATION (TR_MODULE, TR_KEY, TR_TEXT, TR_LANGUAGE) VALUES ('frontend', 'filebrowser.menu.remove.property.group', 'Remove property group', 'en-GB');
INSERT INTO OKM_TRANSLATION (TR_MODULE, TR_KEY, TR_TEXT, TR_LANGUAGE) VALUES ('frontend', 'filebrowser.menu.start.workflow', 'Start workflow', 'en-GB');
INSERT INTO OKM_TRANSLATION (TR_MODULE, TR_KEY, TR_TEXT, TR_LANGUAGE) VALUES ('frontend', 'filebrowser.menu.add.subscription', 'Add subscription', 'en-GB');
INSERT INTO OKM_TRANSLATION (TR_MODULE, TR_KEY, TR_TEXT, TR_LANGUAGE) VALUES ('frontend', 'filebrowser.menu.remove.subscription', 'Remove subscrition', 'en-GB');
INSERT INTO OKM_TRANSLATION (TR_MODULE, TR_KEY, TR_TEXT, TR_LANGUAGE) VALUES ('frontend', 'filebrowser.menu.add.bookmark', 'Add bookmark', 'en-GB');
INSERT INTO OKM_TRANSLATION (TR_MODULE, TR_KEY, TR_TEXT, TR_LANGUAGE) VALUES ('frontend', 'filebrowser.menu.set.home', 'Set default home', 'en-GB');
INSERT INTO OKM_TRANSLATION (TR_MODULE, TR_KEY, TR_TEXT, TR_LANGUAGE) VALUES ('frontend', 'filebrowser.menu.refresh', 'Refresh', 'en-GB');
INSERT INTO OKM_TRANSLATION (TR_MODULE, TR_KEY, TR_TEXT, TR_LANGUAGE) VALUES ('frontend', 'filebrowser.menu.export', 'Export to ZIP', 'en-GB');
INSERT INTO OKM_TRANSLATION (TR_MODULE, TR_KEY, TR_TEXT, TR_LANGUAGE) VALUES ('frontend', 'filebrowser.menu.play', 'Play', 'en-GB');
INSERT INTO OKM_TRANSLATION (TR_MODULE, TR_KEY, TR_TEXT, TR_LANGUAGE) VALUES ('frontend', 'filebrowser.menu.image.viewer', 'Image viewer', 'en-GB');
INSERT INTO OKM_TRANSLATION (TR_MODULE, TR_KEY, TR_TEXT, TR_LANGUAGE) VALUES ('frontend', 'filebrowser.status.refresh.folder', 'Updating folder list', 'en-GB');
INSERT INTO OKM_TRANSLATION (TR_MODULE, TR_KEY, TR_TEXT, TR_LANGUAGE) VALUES ('frontend', 'filebrowser.status.refresh.document', 'Updating document list', 'en-GB');
INSERT INTO OKM_TRANSLATION (TR_MODULE, TR_KEY, TR_TEXT, TR_LANGUAGE) VALUES ('frontend', 'filebrowser.status.refresh.mail', 'Updating mail list', 'en-GB');
INSERT INTO OKM_TRANSLATION (TR_MODULE, TR_KEY, TR_TEXT, TR_LANGUAGE) VALUES ('frontend', 'filebrowser.status.refresh.delete.folder', 'Deleting folder', 'en-GB');
INSERT INTO OKM_TRANSLATION (TR_MODULE, TR_KEY, TR_TEXT, TR_LANGUAGE) VALUES ('frontend', 'filebrowser.status.refresh.delete.document', 'Deleting document', 'en-GB');
INSERT INTO OKM_TRANSLATION (TR_MODULE, TR_KEY, TR_TEXT, TR_LANGUAGE) VALUES ('frontend', 'filebrowser.status.refresh.checkout', 'Checking out document', 'en-GB');
INSERT INTO OKM_TRANSLATION (TR_MODULE, TR_KEY, TR_TEXT, TR_LANGUAGE) VALUES ('frontend', 'filebrowser.status.refresh.lock', 'Locking document', 'en-GB');
INSERT INTO OKM_TRANSLATION (TR_MODULE, TR_KEY, TR_TEXT, TR_LANGUAGE) VALUES ('frontend', 'filebrowser.status.refresh.unlock', 'Unlocking document', 'en-GB');
INSERT INTO OKM_TRANSLATION (TR_MODULE, TR_KEY, TR_TEXT, TR_LANGUAGE) VALUES ('frontend', 'filebrowser.status.refresh.document.rename', 'Renaming document', 'en-GB');
INSERT INTO OKM_TRANSLATION (TR_MODULE, TR_KEY, TR_TEXT, TR_LANGUAGE) VALUES ('frontend', 'filebrowser.status.refresh.folder.rename', 'Renaming folder', 'en-GB');
INSERT INTO OKM_TRANSLATION (TR_MODULE, TR_KEY, TR_TEXT, TR_LANGUAGE) VALUES ('frontend', 'filebrowser.status.refresh.document.purge', 'Deleting document', 'en-GB');
INSERT INTO OKM_TRANSLATION (TR_MODULE, TR_KEY, TR_TEXT, TR_LANGUAGE) VALUES ('frontend', 'filebrowser.status.refresh.folder.purge', 'Deleting folder', 'en-GB');
INSERT INTO OKM_TRANSLATION (TR_MODULE, TR_KEY, TR_TEXT, TR_LANGUAGE) VALUES ('frontend', 'filebrowser.status.refresh.folder.get', 'Updating folder', 'en-GB');
INSERT INTO OKM_TRANSLATION (TR_MODULE, TR_KEY, TR_TEXT, TR_LANGUAGE) VALUES ('frontend', 'filebrowser.status.refresh.document.get', 'Updating document', 'en-GB');
INSERT INTO OKM_TRANSLATION (TR_MODULE, TR_KEY, TR_TEXT, TR_LANGUAGE) VALUES ('frontend', 'filebrowser.status.refresh.add.subscription', 'Adding subscription', 'en-GB');
INSERT INTO OKM_TRANSLATION (TR_MODULE, TR_KEY, TR_TEXT, TR_LANGUAGE) VALUES ('frontend', 'filebrowser.status.refresh.remove.subscription', 'Deleting subscription', 'en-GB');
INSERT INTO OKM_TRANSLATION (TR_MODULE, TR_KEY, TR_TEXT, TR_LANGUAGE) VALUES ('frontend', 'filebrowser.status.refresh.get.user.home', 'Getting user home', 'en-GB');
INSERT INTO OKM_TRANSLATION (TR_MODULE, TR_KEY, TR_TEXT, TR_LANGUAGE) VALUES ('frontend', 'filebrowser.status.refresh.delete.mail', 'Deleting mail', 'en-GB');
INSERT INTO OKM_TRANSLATION (TR_MODULE, TR_KEY, TR_TEXT, TR_LANGUAGE) VALUES ('frontend', 'filebrowser.status.refresh.mail.purge', 'Deleting mail', 'en-GB');
INSERT INTO OKM_TRANSLATION (TR_MODULE, TR_KEY, TR_TEXT, TR_LANGUAGE) VALUES ('frontend', 'fileupload.send', 'Send', 'en-GB');
INSERT INTO OKM_TRANSLATION (TR_MODULE, TR_KEY, TR_TEXT, TR_LANGUAGE) VALUES ('frontend', 'fileupload.status.sending', 'Uploading file...', 'en-GB');
INSERT INTO OKM_TRANSLATION (TR_MODULE, TR_KEY, TR_TEXT, TR_LANGUAGE) VALUES ('frontend', 'fileupload.status.indexing', 'Indexing file...', 'en-GB');
INSERT INTO OKM_TRANSLATION (TR_MODULE, TR_KEY, TR_TEXT, TR_LANGUAGE) VALUES ('frontend', 'fileupload.status.ok', 'File uploaded correctly', 'en-GB');
INSERT INTO OKM_TRANSLATION (TR_MODULE, TR_KEY, TR_TEXT, TR_LANGUAGE) VALUES ('frontend', 'fileupload.upload.status', 'Upload status', 'en-GB');
INSERT INTO OKM_TRANSLATION (TR_MODULE, TR_KEY, TR_TEXT, TR_LANGUAGE) VALUES ('frontend', 'fileupload.upload.uploaded', 'Uploaded', 'en-GB');
INSERT INTO OKM_TRANSLATION (TR_MODULE, TR_KEY, TR_TEXT, TR_LANGUAGE) VALUES ('frontend', 'fileupload.upload.completed', 'Upload completed', 'en-GB');
INSERT INTO OKM_TRANSLATION (TR_MODULE, TR_KEY, TR_TEXT, TR_LANGUAGE) VALUES ('frontend', 'fileupload.upload.runtime', 'Runtime', 'en-GB');
INSERT INTO OKM_TRANSLATION (TR_MODULE, TR_KEY, TR_TEXT, TR_LANGUAGE) VALUES ('frontend', 'fileupload.upload.remaining', 'Remaining', 'en-GB');
INSERT INTO OKM_TRANSLATION (TR_MODULE, TR_KEY, TR_TEXT, TR_LANGUAGE) VALUES ('frontend', 'fileupload.button.close', 'Close', 'en-GB');
INSERT INTO OKM_TRANSLATION (TR_MODULE, TR_KEY, TR_TEXT, TR_LANGUAGE) VALUES ('frontend', 'fileupload.button.add.other.file', 'Add another file', 'en-GB');
INSERT INTO OKM_TRANSLATION (TR_MODULE, TR_KEY, TR_TEXT, TR_LANGUAGE) VALUES ('frontend', 'fileupload.status.move.file', 'Moving file...', 'en-GB');
INSERT INTO OKM_TRANSLATION (TR_MODULE, TR_KEY, TR_TEXT, TR_LANGUAGE) VALUES ('frontend', 'fileupload.status.move.mail', 'Moving mail...', 'en-GB');
INSERT INTO OKM_TRANSLATION (TR_MODULE, TR_KEY, TR_TEXT, TR_LANGUAGE) VALUES ('frontend', 'fileupload.status.copy.file', 'Coping file...', 'en-GB');
INSERT INTO OKM_TRANSLATION (TR_MODULE, TR_KEY, TR_TEXT, TR_LANGUAGE) VALUES ('frontend', 'fileupload.status.copy.mail', 'Coping mail...', 'en-GB');
INSERT INTO OKM_TRANSLATION (TR_MODULE, TR_KEY, TR_TEXT, TR_LANGUAGE) VALUES ('frontend', 'fileupload.status.restore.file', 'Restoring file...', 'en-GB');
INSERT INTO OKM_TRANSLATION (TR_MODULE, TR_KEY, TR_TEXT, TR_LANGUAGE) VALUES ('frontend', 'fileupload.status.restore.mail', 'Restoring mail...', 'en-GB');
INSERT INTO OKM_TRANSLATION (TR_MODULE, TR_KEY, TR_TEXT, TR_LANGUAGE) VALUES ('frontend', 'fileupload.status.move.folder', 'Moving folder...', 'en-GB');
INSERT INTO OKM_TRANSLATION (TR_MODULE, TR_KEY, TR_TEXT, TR_LANGUAGE) VALUES ('frontend', 'fileupload.status.copy.folder', 'Coping folder...', 'en-GB');
INSERT INTO OKM_TRANSLATION (TR_MODULE, TR_KEY, TR_TEXT, TR_LANGUAGE) VALUES ('frontend', 'fileupload.status.restore.folder', 'Restoring folder...', 'en-GB');
INSERT INTO OKM_TRANSLATION (TR_MODULE, TR_KEY, TR_TEXT, TR_LANGUAGE) VALUES ('frontend', 'fileupload.status.create.from.template', 'Creating file from template...', 'en-GB');
INSERT INTO OKM_TRANSLATION (TR_MODULE, TR_KEY, TR_TEXT, TR_LANGUAGE) VALUES ('frontend', 'fileupload.status.of', 'of', 'en-GB');
INSERT INTO OKM_TRANSLATION (TR_MODULE, TR_KEY, TR_TEXT, TR_LANGUAGE) VALUES ('frontend', 'fileupload.label.insert', 'Add new documents', 'en-GB');
INSERT INTO OKM_TRANSLATION (TR_MODULE, TR_KEY, TR_TEXT, TR_LANGUAGE) VALUES ('frontend', 'fileupload.label.update', 'Update documents', 'en-GB');
INSERT INTO OKM_TRANSLATION (TR_MODULE, TR_KEY, TR_TEXT, TR_LANGUAGE) VALUES ('frontend', 'fileupload.label.users.notify', 'Notify to users', 'en-GB');
INSERT INTO OKM_TRANSLATION (TR_MODULE, TR_KEY, TR_TEXT, TR_LANGUAGE) VALUES ('frontend', 'fileupload.label.comment', 'Comment', 'en-GB');
INSERT INTO OKM_TRANSLATION (TR_MODULE, TR_KEY, TR_TEXT, TR_LANGUAGE) VALUES ('frontend', 'fileupload.label.users.to.notify"', '  "Users to notify', 'en-GB');
INSERT INTO OKM_TRANSLATION (TR_MODULE, TR_KEY, TR_TEXT, TR_LANGUAGE) VALUES ('frontend', 'fileupload.label.users"', '  "Users', 'en-GB');
INSERT INTO OKM_TRANSLATION (TR_MODULE, TR_KEY, TR_TEXT, TR_LANGUAGE) VALUES ('frontend', 'fileupload.label.groups.to.notify', 'Groups to notify', 'en-GB');
INSERT INTO OKM_TRANSLATION (TR_MODULE, TR_KEY, TR_TEXT, TR_LANGUAGE) VALUES ('frontend', 'fileupload.label.groups', 'Groups', 'en-GB');
INSERT INTO OKM_TRANSLATION (TR_MODULE, TR_KEY, TR_TEXT, TR_LANGUAGE) VALUES ('frontend', 'fileupload.label.must.select.users"', '  "You must select some user to notify', 'en-GB');
INSERT INTO OKM_TRANSLATION (TR_MODULE, TR_KEY, TR_TEXT, TR_LANGUAGE) VALUES ('frontend', 'fileupload.label.importZip', 'Import Documents from ZIP', 'en-GB');
INSERT INTO OKM_TRANSLATION (TR_MODULE, TR_KEY, TR_TEXT, TR_LANGUAGE) VALUES ('frontend', 'fileupload.label.notify.comment', 'Notification message', 'en-GB');
INSERT INTO OKM_TRANSLATION (TR_MODULE, TR_KEY, TR_TEXT, TR_LANGUAGE) VALUES ('frontend', 'fileupload.label.error.importing.zip', 'Error importing file', 'en-GB');
INSERT INTO OKM_TRANSLATION (TR_MODULE, TR_KEY, TR_TEXT, TR_LANGUAGE) VALUES ('frontend', 'fileupload.label.error.move.file', 'Error moving file', 'en-GB');
INSERT INTO OKM_TRANSLATION (TR_MODULE, TR_KEY, TR_TEXT, TR_LANGUAGE) VALUES ('frontend', 'fileupload.label.error.move.mail', 'Error moving mail', 'en-GB');
INSERT INTO OKM_TRANSLATION (TR_MODULE, TR_KEY, TR_TEXT, TR_LANGUAGE) VALUES ('frontend', 'fileupload.label.error.copy.file', 'Error coping file', 'en-GB');
INSERT INTO OKM_TRANSLATION (TR_MODULE, TR_KEY, TR_TEXT, TR_LANGUAGE) VALUES ('frontend', 'fileupload.label.error.copy.mail', 'Error coping mail', 'en-GB');
INSERT INTO OKM_TRANSLATION (TR_MODULE, TR_KEY, TR_TEXT, TR_LANGUAGE) VALUES ('frontend', 'fileupload.label.error.restore.file', 'Error restoring file', 'en-GB');
INSERT INTO OKM_TRANSLATION (TR_MODULE, TR_KEY, TR_TEXT, TR_LANGUAGE) VALUES ('frontend', 'fileupload.label.error.restore.mail', 'Error restoring mail', 'en-GB');
INSERT INTO OKM_TRANSLATION (TR_MODULE, TR_KEY, TR_TEXT, TR_LANGUAGE) VALUES ('frontend', 'fileupload.label.error.move.folder', 'Error moving folder', 'en-GB');
INSERT INTO OKM_TRANSLATION (TR_MODULE, TR_KEY, TR_TEXT, TR_LANGUAGE) VALUES ('frontend', 'fileupload.label.error.copy.folder', 'Error coping folder', 'en-GB');
INSERT INTO OKM_TRANSLATION (TR_MODULE, TR_KEY, TR_TEXT, TR_LANGUAGE) VALUES ('frontend', 'fileupload.label.error.restore.folder', 'Error restoring folder', 'en-GB');
INSERT INTO OKM_TRANSLATION (TR_MODULE, TR_KEY, TR_TEXT, TR_LANGUAGE) VALUES ('frontend', 'fileupload.label.error.create.from.template', 'Error creating file from template', 'en-GB');
INSERT INTO OKM_TRANSLATION (TR_MODULE, TR_KEY, TR_TEXT, TR_LANGUAGE) VALUES ('frontend', 'fileupload.label.error.not.allowed.move.folder.child', 'Not allowed to move on origin or child folder', 'en-GB');
INSERT INTO OKM_TRANSLATION (TR_MODULE, TR_KEY, TR_TEXT, TR_LANGUAGE) VALUES ('frontend', 'fileupload.label.error.not.allowed.copy.same.folder', 'Not allowed to move on origin folder', 'en-GB');
INSERT INTO OKM_TRANSLATION (TR_MODULE, TR_KEY, TR_TEXT, TR_LANGUAGE) VALUES ('frontend', 'fileupload.label.error.not.allowed.create.from.template.same.folder', 'Not allowed to create a file on origin folder', 'en-GB');
INSERT INTO OKM_TRANSLATION (TR_MODULE, TR_KEY, TR_TEXT, TR_LANGUAGE) VALUES ('frontend', 'tab.document.properties', 'Properties', 'en-GB');
INSERT INTO OKM_TRANSLATION (TR_MODULE, TR_KEY, TR_TEXT, TR_LANGUAGE) VALUES ('frontend', 'tab.document.notes', 'Notes', 'en-GB');
INSERT INTO OKM_TRANSLATION (TR_MODULE, TR_KEY, TR_TEXT, TR_LANGUAGE) VALUES ('frontend', 'tab.document.history', 'History', 'en-GB');
INSERT INTO OKM_TRANSLATION (TR_MODULE, TR_KEY, TR_TEXT, TR_LANGUAGE) VALUES ('frontend', 'tab.document.status.history', 'Updating history', 'en-GB');
INSERT INTO OKM_TRANSLATION (TR_MODULE, TR_KEY, TR_TEXT, TR_LANGUAGE) VALUES ('frontend', 'tab.status.security.role', 'Updating security roles', 'en-GB');
INSERT INTO OKM_TRANSLATION (TR_MODULE, TR_KEY, TR_TEXT, TR_LANGUAGE) VALUES ('frontend', 'tab.status.security.user', 'Updating security users', 'en-GB');
INSERT INTO OKM_TRANSLATION (TR_MODULE, TR_KEY, TR_TEXT, TR_LANGUAGE) VALUES ('frontend', 'tab.document.status.group.properties', 'Updating property group', 'en-GB');
INSERT INTO OKM_TRANSLATION (TR_MODULE, TR_KEY, TR_TEXT, TR_LANGUAGE) VALUES ('frontend', 'tab.document.status.set.keywords', 'Setting keywords', 'en-GB');
INSERT INTO OKM_TRANSLATION (TR_MODULE, TR_KEY, TR_TEXT, TR_LANGUAGE) VALUES ('frontend', 'tab.document.status.set.categories', 'Updating categories', 'en-GB');
INSERT INTO OKM_TRANSLATION (TR_MODULE, TR_KEY, TR_TEXT, TR_LANGUAGE) VALUES ('frontend', 'tab.document.status.get.version.history.size', 'Refreshing document history size', 'en-GB');
INSERT INTO OKM_TRANSLATION (TR_MODULE, TR_KEY, TR_TEXT, TR_LANGUAGE) VALUES ('frontend', 'tab.document.status.purge.version.history', 'Compacting document history', 'en-GB');
INSERT INTO OKM_TRANSLATION (TR_MODULE, TR_KEY, TR_TEXT, TR_LANGUAGE) VALUES ('frontend', 'tab.document.status.restore.version', 'Restoring document version', 'en-GB');
INSERT INTO OKM_TRANSLATION (TR_MODULE, TR_KEY, TR_TEXT, TR_LANGUAGE) VALUES ('frontend', 'tab.document.security', 'Security', 'en-GB');
INSERT INTO OKM_TRANSLATION (TR_MODULE, TR_KEY, TR_TEXT, TR_LANGUAGE) VALUES ('frontend', 'tab.document.preview', 'Preview', 'en-GB');
INSERT INTO OKM_TRANSLATION (TR_MODULE, TR_KEY, TR_TEXT, TR_LANGUAGE) VALUES ('frontend', 'tab.folder.properties', 'Properties', 'en-GB');
INSERT INTO OKM_TRANSLATION (TR_MODULE, TR_KEY, TR_TEXT, TR_LANGUAGE) VALUES ('frontend', 'tab.folder.security', 'Security', 'en-GB');
INSERT INTO OKM_TRANSLATION (TR_MODULE, TR_KEY, TR_TEXT, TR_LANGUAGE) VALUES ('frontend', 'tab.folder.notes', 'Notes', 'en-GB');
INSERT INTO OKM_TRANSLATION (TR_MODULE, TR_KEY, TR_TEXT, TR_LANGUAGE) VALUES ('frontend', 'tab.workspace.desktop', 'Desktop', 'en-GB');
INSERT INTO OKM_TRANSLATION (TR_MODULE, TR_KEY, TR_TEXT, TR_LANGUAGE) VALUES ('frontend', 'tab.workspace.search', 'Search', 'en-GB');
INSERT INTO OKM_TRANSLATION (TR_MODULE, TR_KEY, TR_TEXT, TR_LANGUAGE) VALUES ('frontend', 'tab.workspace.dashboard', 'DashBoard', 'en-GB');
INSERT INTO OKM_TRANSLATION (TR_MODULE, TR_KEY, TR_TEXT, TR_LANGUAGE) VALUES ('frontend', 'tab.workspace.administration', 'Administration', 'en-GB');
INSERT INTO OKM_TRANSLATION (TR_MODULE, TR_KEY, TR_TEXT, TR_LANGUAGE) VALUES ('frontend', 'document.uuid', 'UUID', 'en-GB');
INSERT INTO OKM_TRANSLATION (TR_MODULE, TR_KEY, TR_TEXT, TR_LANGUAGE) VALUES ('frontend', 'document.name', 'Name', 'en-GB');
INSERT INTO OKM_TRANSLATION (TR_MODULE, TR_KEY, TR_TEXT, TR_LANGUAGE) VALUES ('frontend', 'document.folder', 'Folder', 'en-GB');
INSERT INTO OKM_TRANSLATION (TR_MODULE, TR_KEY, TR_TEXT, TR_LANGUAGE) VALUES ('frontend', 'document.size', 'Size', 'en-GB');
INSERT INTO OKM_TRANSLATION (TR_MODULE, TR_KEY, TR_TEXT, TR_LANGUAGE) VALUES ('frontend', 'document.created', 'Created', 'en-GB');
INSERT INTO OKM_TRANSLATION (TR_MODULE, TR_KEY, TR_TEXT, TR_LANGUAGE) VALUES ('frontend', 'document.lastmodified', 'Modified', 'en-GB');
INSERT INTO OKM_TRANSLATION (TR_MODULE, TR_KEY, TR_TEXT, TR_LANGUAGE) VALUES ('frontend', 'document.mimetype', 'MIME type', 'en-GB');
INSERT INTO OKM_TRANSLATION (TR_MODULE, TR_KEY, TR_TEXT, TR_LANGUAGE) VALUES ('frontend', 'document.keywords', 'Keywords', 'en-GB');
INSERT INTO OKM_TRANSLATION (TR_MODULE, TR_KEY, TR_TEXT, TR_LANGUAGE) VALUES ('frontend', 'document.by', 'by', 'en-GB');
INSERT INTO OKM_TRANSLATION (TR_MODULE, TR_KEY, TR_TEXT, TR_LANGUAGE) VALUES ('frontend', 'document.status', 'Status', 'en-GB');
INSERT INTO OKM_TRANSLATION (TR_MODULE, TR_KEY, TR_TEXT, TR_LANGUAGE) VALUES ('frontend', 'document.status.checkout', 'Edited by', 'en-GB');
INSERT INTO OKM_TRANSLATION (TR_MODULE, TR_KEY, TR_TEXT, TR_LANGUAGE) VALUES ('frontend', 'document.status.locked', 'Locked by', 'en-GB');
INSERT INTO OKM_TRANSLATION (TR_MODULE, TR_KEY, TR_TEXT, TR_LANGUAGE) VALUES ('frontend', 'document.status.normal', 'Available', 'en-GB');
INSERT INTO OKM_TRANSLATION (TR_MODULE, TR_KEY, TR_TEXT, TR_LANGUAGE) VALUES ('frontend', 'document.subscribed', 'Subscribed', 'en-GB');
INSERT INTO OKM_TRANSLATION (TR_MODULE, TR_KEY, TR_TEXT, TR_LANGUAGE) VALUES ('frontend', 'document.subscribed.yes', 'Yes', 'en-GB');
INSERT INTO OKM_TRANSLATION (TR_MODULE, TR_KEY, TR_TEXT, TR_LANGUAGE) VALUES ('frontend', 'document.subscribed.no', 'No', 'en-GB');
INSERT INTO OKM_TRANSLATION (TR_MODULE, TR_KEY, TR_TEXT, TR_LANGUAGE) VALUES ('frontend', 'document.history.size', 'History size', 'en-GB');
INSERT INTO OKM_TRANSLATION (TR_MODULE, TR_KEY, TR_TEXT, TR_LANGUAGE) VALUES ('frontend', 'document.subscribed.users', 'Subscribed users', 'en-GB');
INSERT INTO OKM_TRANSLATION (TR_MODULE, TR_KEY, TR_TEXT, TR_LANGUAGE) VALUES ('frontend', 'document.url', 'URL', 'en-GB');
INSERT INTO OKM_TRANSLATION (TR_MODULE, TR_KEY, TR_TEXT, TR_LANGUAGE) VALUES ('frontend', 'document.webdav', 'WebDAV', 'en-GB');
INSERT INTO OKM_TRANSLATION (TR_MODULE, TR_KEY, TR_TEXT, TR_LANGUAGE) VALUES ('frontend', 'document.add.note', 'Add note', 'en-GB');
INSERT INTO OKM_TRANSLATION (TR_MODULE, TR_KEY, TR_TEXT, TR_LANGUAGE) VALUES ('frontend', 'document.keywords.cloud', 'Keywords cloud', 'en-GB');
INSERT INTO OKM_TRANSLATION (TR_MODULE, TR_KEY, TR_TEXT, TR_LANGUAGE) VALUES ('frontend', 'document.categories', 'Categories', 'en-GB');
INSERT INTO OKM_TRANSLATION (TR_MODULE, TR_KEY, TR_TEXT, TR_LANGUAGE) VALUES ('frontend', 'folder.uuid', 'UUID', 'en-GB');
INSERT INTO OKM_TRANSLATION (TR_MODULE, TR_KEY, TR_TEXT, TR_LANGUAGE) VALUES ('frontend', 'folder.name', 'Name', 'en-GB');
INSERT INTO OKM_TRANSLATION (TR_MODULE, TR_KEY, TR_TEXT, TR_LANGUAGE) VALUES ('frontend', 'folder.parent', 'Parent', 'en-GB');
INSERT INTO OKM_TRANSLATION (TR_MODULE, TR_KEY, TR_TEXT, TR_LANGUAGE) VALUES ('frontend', 'folder.created', 'Created', 'en-GB');
INSERT INTO OKM_TRANSLATION (TR_MODULE, TR_KEY, TR_TEXT, TR_LANGUAGE) VALUES ('frontend', 'folder.by', 'by', 'en-GB');
INSERT INTO OKM_TRANSLATION (TR_MODULE, TR_KEY, TR_TEXT, TR_LANGUAGE) VALUES ('frontend', 'folder.subscribed', 'Subscribed', 'en-GB');
INSERT INTO OKM_TRANSLATION (TR_MODULE, TR_KEY, TR_TEXT, TR_LANGUAGE) VALUES ('frontend', 'folder.subscribed.yes', 'Yes', 'en-GB');
INSERT INTO OKM_TRANSLATION (TR_MODULE, TR_KEY, TR_TEXT, TR_LANGUAGE) VALUES ('frontend', 'folder.subscribed.no', 'No', 'en-GB');
INSERT INTO OKM_TRANSLATION (TR_MODULE, TR_KEY, TR_TEXT, TR_LANGUAGE) VALUES ('frontend', 'folder.subscribed.users', 'Subscribed users', 'en-GB');
INSERT INTO OKM_TRANSLATION (TR_MODULE, TR_KEY, TR_TEXT, TR_LANGUAGE) VALUES ('frontend', 'folder.url', 'URL', 'en-GB');
INSERT INTO OKM_TRANSLATION (TR_MODULE, TR_KEY, TR_TEXT, TR_LANGUAGE) VALUES ('frontend', 'folder.webdav', 'WebDAV', 'en-GB');
INSERT INTO OKM_TRANSLATION (TR_MODULE, TR_KEY, TR_TEXT, TR_LANGUAGE) VALUES ('frontend', 'folder.number.folders', 'Folders', 'en-GB');
INSERT INTO OKM_TRANSLATION (TR_MODULE, TR_KEY, TR_TEXT, TR_LANGUAGE) VALUES ('frontend', 'folder.number.documents', 'Documents', 'en-GB');
INSERT INTO OKM_TRANSLATION (TR_MODULE, TR_KEY, TR_TEXT, TR_LANGUAGE) VALUES ('frontend', 'folder.number.mails', 'Mails', 'en-GB');
INSERT INTO OKM_TRANSLATION (TR_MODULE, TR_KEY, TR_TEXT, TR_LANGUAGE) VALUES ('frontend', 'version.name', 'Version', 'en-GB');
INSERT INTO OKM_TRANSLATION (TR_MODULE, TR_KEY, TR_TEXT, TR_LANGUAGE) VALUES ('frontend', 'version.created', 'Date', 'en-GB');
INSERT INTO OKM_TRANSLATION (TR_MODULE, TR_KEY, TR_TEXT, TR_LANGUAGE) VALUES ('frontend', 'version.author', 'Author', 'en-GB');
INSERT INTO OKM_TRANSLATION (TR_MODULE, TR_KEY, TR_TEXT, TR_LANGUAGE) VALUES ('frontend', 'version.size', 'Size', 'en-GB');
INSERT INTO OKM_TRANSLATION (TR_MODULE, TR_KEY, TR_TEXT, TR_LANGUAGE) VALUES ('frontend', 'version.purge.document', 'Compact history', 'en-GB');
INSERT INTO OKM_TRANSLATION (TR_MODULE, TR_KEY, TR_TEXT, TR_LANGUAGE) VALUES ('frontend', 'version.comment', 'Comment', 'en-GB');
INSERT INTO OKM_TRANSLATION (TR_MODULE, TR_KEY, TR_TEXT, TR_LANGUAGE) VALUES ('frontend', 'security.label', 'Security', 'en-GB');
INSERT INTO OKM_TRANSLATION (TR_MODULE, TR_KEY, TR_TEXT, TR_LANGUAGE) VALUES ('frontend', 'security.group.name', 'Group', 'en-GB');
INSERT INTO OKM_TRANSLATION (TR_MODULE, TR_KEY, TR_TEXT, TR_LANGUAGE) VALUES ('frontend', 'security.group.permission.read', 'Read', 'en-GB');
INSERT INTO OKM_TRANSLATION (TR_MODULE, TR_KEY, TR_TEXT, TR_LANGUAGE) VALUES ('frontend', 'security.group.permission.write', 'Write', 'en-GB');
INSERT INTO OKM_TRANSLATION (TR_MODULE, TR_KEY, TR_TEXT, TR_LANGUAGE) VALUES ('frontend', 'security.group.permission.delete', 'Delete', 'en-GB');
INSERT INTO OKM_TRANSLATION (TR_MODULE, TR_KEY, TR_TEXT, TR_LANGUAGE) VALUES ('frontend', 'security.group.permission.security', 'Security', 'en-GB');
INSERT INTO OKM_TRANSLATION (TR_MODULE, TR_KEY, TR_TEXT, TR_LANGUAGE) VALUES ('frontend', 'security.user.name', 'User', 'en-GB');
INSERT INTO OKM_TRANSLATION (TR_MODULE, TR_KEY, TR_TEXT, TR_LANGUAGE) VALUES ('frontend', 'security.user.permission.read', 'Read', 'en-GB');
INSERT INTO OKM_TRANSLATION (TR_MODULE, TR_KEY, TR_TEXT, TR_LANGUAGE) VALUES ('frontend', 'security.user.permission.write', 'Write', 'en-GB');
INSERT INTO OKM_TRANSLATION (TR_MODULE, TR_KEY, TR_TEXT, TR_LANGUAGE) VALUES ('frontend', 'security.user.permission.delete', 'Delete', 'en-GB');
INSERT INTO OKM_TRANSLATION (TR_MODULE, TR_KEY, TR_TEXT, TR_LANGUAGE) VALUES ('frontend', 'security.user.permission.security', 'Security', 'en-GB');
INSERT INTO OKM_TRANSLATION (TR_MODULE, TR_KEY, TR_TEXT, TR_LANGUAGE) VALUES ('frontend', 'security.users', 'Users', 'en-GB');
INSERT INTO OKM_TRANSLATION (TR_MODULE, TR_KEY, TR_TEXT, TR_LANGUAGE) VALUES ('frontend', 'security.groups', 'Groups', 'en-GB');
INSERT INTO OKM_TRANSLATION (TR_MODULE, TR_KEY, TR_TEXT, TR_LANGUAGE) VALUES ('frontend', 'security.recursive', 'Recursive permission changes', 'en-GB');
INSERT INTO OKM_TRANSLATION (TR_MODULE, TR_KEY, TR_TEXT, TR_LANGUAGE) VALUES ('frontend', 'secutiry.filter.by.users', 'Users filter', 'en-GB');
INSERT INTO OKM_TRANSLATION (TR_MODULE, TR_KEY, TR_TEXT, TR_LANGUAGE) VALUES ('frontend', 'secutiry.filter.by.groups', 'Groups filter', 'en-GB');
INSERT INTO OKM_TRANSLATION (TR_MODULE, TR_KEY, TR_TEXT, TR_LANGUAGE) VALUES ('frontend', 'security.status.updating', 'Updating security', 'en-GB');
INSERT INTO OKM_TRANSLATION (TR_MODULE, TR_KEY, TR_TEXT, TR_LANGUAGE) VALUES ('frontend', 'preview.unavailable', 'Preview unavailable', 'en-GB');
INSERT INTO OKM_TRANSLATION (TR_MODULE, TR_KEY, TR_TEXT, TR_LANGUAGE) VALUES ('frontend', 'mail.from', 'From', 'en-GB');
INSERT INTO OKM_TRANSLATION (TR_MODULE, TR_KEY, TR_TEXT, TR_LANGUAGE) VALUES ('frontend', 'mail.reply', 'Reply to', 'en-GB');
INSERT INTO OKM_TRANSLATION (TR_MODULE, TR_KEY, TR_TEXT, TR_LANGUAGE) VALUES ('frontend', 'mail.to', 'To', 'en-GB');
INSERT INTO OKM_TRANSLATION (TR_MODULE, TR_KEY, TR_TEXT, TR_LANGUAGE) VALUES ('frontend', 'mail.subject', 'Subject', 'en-GB');
INSERT INTO OKM_TRANSLATION (TR_MODULE, TR_KEY, TR_TEXT, TR_LANGUAGE) VALUES ('frontend', 'mail.attachment', 'Attachments', 'en-GB');
INSERT INTO OKM_TRANSLATION (TR_MODULE, TR_KEY, TR_TEXT, TR_LANGUAGE) VALUES ('frontend', 'error.label', 'The system has generated an error', 'en-GB');
INSERT INTO OKM_TRANSLATION (TR_MODULE, TR_KEY, TR_TEXT, TR_LANGUAGE) VALUES ('frontend', 'error.invocation', 'Error when communicating with server', 'en-GB');
INSERT INTO OKM_TRANSLATION (TR_MODULE, TR_KEY, TR_TEXT, TR_LANGUAGE) VALUES ('frontend', 'about.label', 'About OpenKM', 'en-GB');
INSERT INTO OKM_TRANSLATION (TR_MODULE, TR_KEY, TR_TEXT, TR_LANGUAGE) VALUES ('frontend', 'about.loading', 'Loading ...', 'en-GB');
INSERT INTO OKM_TRANSLATION (TR_MODULE, TR_KEY, TR_TEXT, TR_LANGUAGE) VALUES ('frontend', 'logout.label', 'Exit', 'en-GB');
INSERT INTO OKM_TRANSLATION (TR_MODULE, TR_KEY, TR_TEXT, TR_LANGUAGE) VALUES ('frontend', 'logout.closed', 'OpenKM has been closed correctly.', 'en-GB');
INSERT INTO OKM_TRANSLATION (TR_MODULE, TR_KEY, TR_TEXT, TR_LANGUAGE) VALUES ('frontend', 'logout.logout', 'OpenKM is logging out,  please wait', 'en-GB');
INSERT INTO OKM_TRANSLATION (TR_MODULE, TR_KEY, TR_TEXT, TR_LANGUAGE) VALUES ('frontend', 'confirm.label', 'Confirmation', 'en-GB');
INSERT INTO OKM_TRANSLATION (TR_MODULE, TR_KEY, TR_TEXT, TR_LANGUAGE) VALUES ('frontend', 'confirm.delete.folder', 'Do you really want to delete folder ?', 'en-GB');
INSERT INTO OKM_TRANSLATION (TR_MODULE, TR_KEY, TR_TEXT, TR_LANGUAGE) VALUES ('frontend', 'confirm.delete.document', 'Do you really want to delete document ?', 'en-GB');
INSERT INTO OKM_TRANSLATION (TR_MODULE, TR_KEY, TR_TEXT, TR_LANGUAGE) VALUES ('frontend', 'confirm.delete.trash', 'Do you really want to empty trash ?', 'en-GB');
INSERT INTO OKM_TRANSLATION (TR_MODULE, TR_KEY, TR_TEXT, TR_LANGUAGE) VALUES ('frontend', 'confirm.purge.folder', 'Do you really want to delete folder ?', 'en-GB');
INSERT INTO OKM_TRANSLATION (TR_MODULE, TR_KEY, TR_TEXT, TR_LANGUAGE) VALUES ('frontend', 'confirm.purge.document', 'Do you really want to delete document ?', 'en-GB');
INSERT INTO OKM_TRANSLATION (TR_MODULE, TR_KEY, TR_TEXT, TR_LANGUAGE) VALUES ('frontend', 'confirm.delete.propety.group', 'Do you really want to delete property group ?', 'en-GB');
INSERT INTO OKM_TRANSLATION (TR_MODULE, TR_KEY, TR_TEXT, TR_LANGUAGE) VALUES ('frontend', 'confirm.purge.version.history.document', 'Do you really want to delete document history ?', 'en-GB');
INSERT INTO OKM_TRANSLATION (TR_MODULE, TR_KEY, TR_TEXT, TR_LANGUAGE) VALUES ('frontend', 'confirm.purge.restore.document', 'Do you really want to restore to this document version ?', 'en-GB');
INSERT INTO OKM_TRANSLATION (TR_MODULE, TR_KEY, TR_TEXT, TR_LANGUAGE) VALUES ('frontend', 'confirm.set.default.home', 'Do you really want to set default home ?', 'en-GB');
INSERT INTO OKM_TRANSLATION (TR_MODULE, TR_KEY, TR_TEXT, TR_LANGUAGE) VALUES ('frontend', 'confirm.delete.saved.search', 'Do you really want to delete saved search ?', 'en-GB');
INSERT INTO OKM_TRANSLATION (TR_MODULE, TR_KEY, TR_TEXT, TR_LANGUAGE) VALUES ('frontend', 'confirm.delete.user.news', 'Do you really want to delete user news ?', 'en-GB');
INSERT INTO OKM_TRANSLATION (TR_MODULE, TR_KEY, TR_TEXT, TR_LANGUAGE) VALUES ('frontend', 'confirm.delete.mail', 'Do you really want to delete mail ?', 'en-GB');
INSERT INTO OKM_TRANSLATION (TR_MODULE, TR_KEY, TR_TEXT, TR_LANGUAGE) VALUES ('frontend', 'confirm.get.pooled.workflow.task', 'Do you want to assign this task to you ?', 'en-GB');
INSERT INTO OKM_TRANSLATION (TR_MODULE, TR_KEY, TR_TEXT, TR_LANGUAGE) VALUES ('frontend', 'confirm.force.unlock', 'Do you really want to force the document unlock ?', 'en-GB');
INSERT INTO OKM_TRANSLATION (TR_MODULE, TR_KEY, TR_TEXT, TR_LANGUAGE) VALUES ('frontend', 'confirm.force.cancel.checkout', 'Do you really want to force the document cancel checkout ?', 'en-GB');
INSERT INTO OKM_TRANSLATION (TR_MODULE, TR_KEY, TR_TEXT, TR_LANGUAGE) VALUES ('frontend', 'search.context', 'Context', 'en-GB');
INSERT INTO OKM_TRANSLATION (TR_MODULE, TR_KEY, TR_TEXT, TR_LANGUAGE) VALUES ('frontend', 'search.content', 'Content', 'en-GB');
INSERT INTO OKM_TRANSLATION (TR_MODULE, TR_KEY, TR_TEXT, TR_LANGUAGE) VALUES ('frontend', 'search.name', 'Name', 'en-GB');
INSERT INTO OKM_TRANSLATION (TR_MODULE, TR_KEY, TR_TEXT, TR_LANGUAGE) VALUES ('frontend', 'search.keywords', 'Keywords', 'en-GB');
INSERT INTO OKM_TRANSLATION (TR_MODULE, TR_KEY, TR_TEXT, TR_LANGUAGE) VALUES ('frontend', 'search.folder', 'Folder', 'en-GB');
INSERT INTO OKM_TRANSLATION (TR_MODULE, TR_KEY, TR_TEXT, TR_LANGUAGE) VALUES ('frontend', 'search.category', 'Category', 'en-GB');
INSERT INTO OKM_TRANSLATION (TR_MODULE, TR_KEY, TR_TEXT, TR_LANGUAGE) VALUES ('frontend', 'search.results', 'Results', 'en-GB');
INSERT INTO OKM_TRANSLATION (TR_MODULE, TR_KEY, TR_TEXT, TR_LANGUAGE) VALUES ('frontend', 'search.to', 'to', 'en-GB');
INSERT INTO OKM_TRANSLATION (TR_MODULE, TR_KEY, TR_TEXT, TR_LANGUAGE) VALUES ('frontend', 'search.page.results', 'Page results', 'en-GB');
INSERT INTO OKM_TRANSLATION (TR_MODULE, TR_KEY, TR_TEXT, TR_LANGUAGE) VALUES ('frontend', 'search.add.property.group', 'Add property group', 'en-GB');
INSERT INTO OKM_TRANSLATION (TR_MODULE, TR_KEY, TR_TEXT, TR_LANGUAGE) VALUES ('frontend', 'search.mimetype', 'Mime type', 'en-GB');
INSERT INTO OKM_TRANSLATION (TR_MODULE, TR_KEY, TR_TEXT, TR_LANGUAGE) VALUES ('frontend', 'search.type', 'Type', 'en-GB');
INSERT INTO OKM_TRANSLATION (TR_MODULE, TR_KEY, TR_TEXT, TR_LANGUAGE) VALUES ('frontend', 'search.type.document', 'Document', 'en-GB');
INSERT INTO OKM_TRANSLATION (TR_MODULE, TR_KEY, TR_TEXT, TR_LANGUAGE) VALUES ('frontend', 'search.type.folder', 'Folder', 'en-GB');
INSERT INTO OKM_TRANSLATION (TR_MODULE, TR_KEY, TR_TEXT, TR_LANGUAGE) VALUES ('frontend', 'search.type.mail', 'Mail', 'en-GB');
INSERT INTO OKM_TRANSLATION (TR_MODULE, TR_KEY, TR_TEXT, TR_LANGUAGE) VALUES ('frontend', 'search.advanced', 'Advanced search', 'en-GB');
INSERT INTO OKM_TRANSLATION (TR_MODULE, TR_KEY, TR_TEXT, TR_LANGUAGE) VALUES ('frontend', 'search.user', 'User', 'en-GB');
INSERT INTO OKM_TRANSLATION (TR_MODULE, TR_KEY, TR_TEXT, TR_LANGUAGE) VALUES ('frontend', 'search.date.and', 'and', 'en-GB');
INSERT INTO OKM_TRANSLATION (TR_MODULE, TR_KEY, TR_TEXT, TR_LANGUAGE) VALUES ('frontend', 'search.date.range', 'Date range between', 'en-GB');
INSERT INTO OKM_TRANSLATION (TR_MODULE, TR_KEY, TR_TEXT, TR_LANGUAGE) VALUES ('frontend', 'search.save.as.news', 'Save as user news', 'en-GB');
INSERT INTO OKM_TRANSLATION (TR_MODULE, TR_KEY, TR_TEXT, TR_LANGUAGE) VALUES ('frontend', 'search.folder.filter', 'Filter by folder', 'en-GB');
INSERT INTO OKM_TRANSLATION (TR_MODULE, TR_KEY, TR_TEXT, TR_LANGUAGE) VALUES ('frontend', 'search.category.filter', 'Filter by category', 'en-GB');
INSERT INTO OKM_TRANSLATION (TR_MODULE, TR_KEY, TR_TEXT, TR_LANGUAGE) VALUES ('frontend', 'search.result.name', 'Name', 'en-GB');
INSERT INTO OKM_TRANSLATION (TR_MODULE, TR_KEY, TR_TEXT, TR_LANGUAGE) VALUES ('frontend', 'search.result.score', 'Relevance', 'en-GB');
INSERT INTO OKM_TRANSLATION (TR_MODULE, TR_KEY, TR_TEXT, TR_LANGUAGE) VALUES ('frontend', 'search.result.size', 'Size', 'en-GB');
INSERT INTO OKM_TRANSLATION (TR_MODULE, TR_KEY, TR_TEXT, TR_LANGUAGE) VALUES ('frontend', 'search.result.date.update', 'Update date', 'en-GB');
INSERT INTO OKM_TRANSLATION (TR_MODULE, TR_KEY, TR_TEXT, TR_LANGUAGE) VALUES ('frontend', 'search.result.author', 'Author', 'en-GB');
INSERT INTO OKM_TRANSLATION (TR_MODULE, TR_KEY, TR_TEXT, TR_LANGUAGE) VALUES ('frontend', 'search.result.version', 'Version', 'en-GB');
INSERT INTO OKM_TRANSLATION (TR_MODULE, TR_KEY, TR_TEXT, TR_LANGUAGE) VALUES ('frontend', 'search.result.path', 'Path', 'en-GB');
INSERT INTO OKM_TRANSLATION (TR_MODULE, TR_KEY, TR_TEXT, TR_LANGUAGE) VALUES ('frontend', 'search.result.menu.download', 'Download', 'en-GB');
INSERT INTO OKM_TRANSLATION (TR_MODULE, TR_KEY, TR_TEXT, TR_LANGUAGE) VALUES ('frontend', 'search.result.menu.go.folder', 'Go to folder', 'en-GB');
INSERT INTO OKM_TRANSLATION (TR_MODULE, TR_KEY, TR_TEXT, TR_LANGUAGE) VALUES ('frontend', 'search.result.menu.go.document', 'Go to document', 'en-GB');
INSERT INTO OKM_TRANSLATION (TR_MODULE, TR_KEY, TR_TEXT, TR_LANGUAGE) VALUES ('frontend', 'search.result.status.findPaginated', 'Updating search', 'en-GB');
INSERT INTO OKM_TRANSLATION (TR_MODULE, TR_KEY, TR_TEXT, TR_LANGUAGE) VALUES ('frontend', 'search.result.status.runsearch', 'Updating saved search', 'en-GB');
INSERT INTO OKM_TRANSLATION (TR_MODULE, TR_KEY, TR_TEXT, TR_LANGUAGE) VALUES ('frontend', 'search.saved.run', 'Run', 'en-GB');
INSERT INTO OKM_TRANSLATION (TR_MODULE, TR_KEY, TR_TEXT, TR_LANGUAGE) VALUES ('frontend', 'search.saved.delete', 'Delete', 'en-GB');
INSERT INTO OKM_TRANSLATION (TR_MODULE, TR_KEY, TR_TEXT, TR_LANGUAGE) VALUES ('frontend', 'search.saved.status.getsearchs', 'Refreshing saved searches', 'en-GB');
INSERT INTO OKM_TRANSLATION (TR_MODULE, TR_KEY, TR_TEXT, TR_LANGUAGE) VALUES ('frontend', 'search.saved.status.savesearch', 'Updating save search', 'en-GB');
INSERT INTO OKM_TRANSLATION (TR_MODULE, TR_KEY, TR_TEXT, TR_LANGUAGE) VALUES ('frontend', 'search.saved.status.deletesearch', 'Deleting saved search', 'en-GB');
INSERT INTO OKM_TRANSLATION (TR_MODULE, TR_KEY, TR_TEXT, TR_LANGUAGE) VALUES ('frontend', 'search.saved.status.getusernews', 'Refreshing user news', 'en-GB');
INSERT INTO OKM_TRANSLATION (TR_MODULE, TR_KEY, TR_TEXT, TR_LANGUAGE) VALUES ('frontend', 'button.close', 'Close', 'en-GB');
INSERT INTO OKM_TRANSLATION (TR_MODULE, TR_KEY, TR_TEXT, TR_LANGUAGE) VALUES ('frontend', 'button.logout', 'Logout', 'en-GB');
INSERT INTO OKM_TRANSLATION (TR_MODULE, TR_KEY, TR_TEXT, TR_LANGUAGE) VALUES ('frontend', 'button.update', 'Update', 'en-GB');
INSERT INTO OKM_TRANSLATION (TR_MODULE, TR_KEY, TR_TEXT, TR_LANGUAGE) VALUES ('frontend', 'button.cancel', 'Cancel', 'en-GB');
INSERT INTO OKM_TRANSLATION (TR_MODULE, TR_KEY, TR_TEXT, TR_LANGUAGE) VALUES ('frontend', 'button.accept', 'Accept', 'en-GB');
INSERT INTO OKM_TRANSLATION (TR_MODULE, TR_KEY, TR_TEXT, TR_LANGUAGE) VALUES ('frontend', 'button.restore', 'Restore', 'en-GB');
INSERT INTO OKM_TRANSLATION (TR_MODULE, TR_KEY, TR_TEXT, TR_LANGUAGE) VALUES ('frontend', 'button.move', 'Move', 'en-GB');
INSERT INTO OKM_TRANSLATION (TR_MODULE, TR_KEY, TR_TEXT, TR_LANGUAGE) VALUES ('frontend', 'button.change', 'Change', 'en-GB');
INSERT INTO OKM_TRANSLATION (TR_MODULE, TR_KEY, TR_TEXT, TR_LANGUAGE) VALUES ('frontend', 'button.search', 'Search', 'en-GB');
INSERT INTO OKM_TRANSLATION (TR_MODULE, TR_KEY, TR_TEXT, TR_LANGUAGE) VALUES ('frontend', 'button.save.search', 'Save search', 'en-GB');
INSERT INTO OKM_TRANSLATION (TR_MODULE, TR_KEY, TR_TEXT, TR_LANGUAGE) VALUES ('frontend', 'button.view', 'View', 'en-GB');
INSERT INTO OKM_TRANSLATION (TR_MODULE, TR_KEY, TR_TEXT, TR_LANGUAGE) VALUES ('frontend', 'button.clean', 'Clean', 'en-GB');
INSERT INTO OKM_TRANSLATION (TR_MODULE, TR_KEY, TR_TEXT, TR_LANGUAGE) VALUES ('frontend', 'button.add', 'Add', 'en-GB');
INSERT INTO OKM_TRANSLATION (TR_MODULE, TR_KEY, TR_TEXT, TR_LANGUAGE) VALUES ('frontend', 'button.delete', 'Delete', 'en-GB');
INSERT INTO OKM_TRANSLATION (TR_MODULE, TR_KEY, TR_TEXT, TR_LANGUAGE) VALUES ('frontend', 'button.copy', 'Copy', 'en-GB');
INSERT INTO OKM_TRANSLATION (TR_MODULE, TR_KEY, TR_TEXT, TR_LANGUAGE) VALUES ('frontend', 'button.create', 'Create', 'en-GB');
INSERT INTO OKM_TRANSLATION (TR_MODULE, TR_KEY, TR_TEXT, TR_LANGUAGE) VALUES ('frontend', 'button.show', 'Show', 'en-GB');
INSERT INTO OKM_TRANSLATION (TR_MODULE, TR_KEY, TR_TEXT, TR_LANGUAGE) VALUES ('frontend', 'button.memory', 'Update', 'en-GB');
INSERT INTO OKM_TRANSLATION (TR_MODULE, TR_KEY, TR_TEXT, TR_LANGUAGE) VALUES ('frontend', 'button.copy.clipboard', 'Copy to clipboard', 'en-GB');
INSERT INTO OKM_TRANSLATION (TR_MODULE, TR_KEY, TR_TEXT, TR_LANGUAGE) VALUES ('frontend', 'button.start', 'Start', 'en-GB');
INSERT INTO OKM_TRANSLATION (TR_MODULE, TR_KEY, TR_TEXT, TR_LANGUAGE) VALUES ('frontend', 'button.select', 'Select', 'en-GB');
INSERT INTO OKM_TRANSLATION (TR_MODULE, TR_KEY, TR_TEXT, TR_LANGUAGE) VALUES ('frontend', 'button.test', 'Test', 'en-GB');
INSERT INTO OKM_TRANSLATION (TR_MODULE, TR_KEY, TR_TEXT, TR_LANGUAGE) VALUES ('frontend', 'button.next', 'Next', 'en-GB');
INSERT INTO OKM_TRANSLATION (TR_MODULE, TR_KEY, TR_TEXT, TR_LANGUAGE) VALUES ('frontend', 'group.label', 'Add property group', 'en-GB');
INSERT INTO OKM_TRANSLATION (TR_MODULE, TR_KEY, TR_TEXT, TR_LANGUAGE) VALUES ('frontend', 'group.group', 'Group', 'en-GB');
INSERT INTO OKM_TRANSLATION (TR_MODULE, TR_KEY, TR_TEXT, TR_LANGUAGE) VALUES ('frontend', 'group.property.group', 'Propertygeneral.menu.file.scanner, Scanner', 'en-GB');
INSERT INTO OKM_TRANSLATION (TR_MODULE, TR_KEY, TR_TEXT, TR_LANGUAGE) VALUES ('frontend', 'bookmark.label', 'Add bookmark', 'en-GB');
INSERT INTO OKM_TRANSLATION (TR_MODULE, TR_KEY, TR_TEXT, TR_LANGUAGE) VALUES ('frontend', 'bookmark.name', 'Name', 'en-GB');
INSERT INTO OKM_TRANSLATION (TR_MODULE, TR_KEY, TR_TEXT, TR_LANGUAGE) VALUES ('frontend', 'bookmark.edit.label', 'Edit bookmarks', 'en-GB');
INSERT INTO OKM_TRANSLATION (TR_MODULE, TR_KEY, TR_TEXT, TR_LANGUAGE) VALUES ('frontend', 'bookmark.path', 'Path', 'en-GB');
INSERT INTO OKM_TRANSLATION (TR_MODULE, TR_KEY, TR_TEXT, TR_LANGUAGE) VALUES ('frontend', 'bookmark.type', 'Type', 'en-GB');
INSERT INTO OKM_TRANSLATION (TR_MODULE, TR_KEY, TR_TEXT, TR_LANGUAGE) VALUES ('frontend', 'bookmark.type.document', 'Document', 'en-GB');
INSERT INTO OKM_TRANSLATION (TR_MODULE, TR_KEY, TR_TEXT, TR_LANGUAGE) VALUES ('frontend', 'bookmark.type.folder', 'Folder', 'en-GB');
INSERT INTO OKM_TRANSLATION (TR_MODULE, TR_KEY, TR_TEXT, TR_LANGUAGE) VALUES ('frontend', 'notify.label', 'Sending document link', 'en-GB');
INSERT INTO OKM_TRANSLATION (TR_MODULE, TR_KEY, TR_TEXT, TR_LANGUAGE) VALUES ('frontend', 'notify.label.attachment', 'Send document attachment', 'en-GB');
INSERT INTO OKM_TRANSLATION (TR_MODULE, TR_KEY, TR_TEXT, TR_LANGUAGE) VALUES ('frontend', 'status.document.copied', 'Document marked to copy', 'en-GB');
INSERT INTO OKM_TRANSLATION (TR_MODULE, TR_KEY, TR_TEXT, TR_LANGUAGE) VALUES ('frontend', 'status.document.cut', 'Document market to cut', 'en-GB');
INSERT INTO OKM_TRANSLATION (TR_MODULE, TR_KEY, TR_TEXT, TR_LANGUAGE) VALUES ('frontend', 'status.folder.copied', 'Folder marked to copy', 'en-GB');
INSERT INTO OKM_TRANSLATION (TR_MODULE, TR_KEY, TR_TEXT, TR_LANGUAGE) VALUES ('frontend', 'status.folder.cut', 'Folder market to cut', 'en-GB');
INSERT INTO OKM_TRANSLATION (TR_MODULE, TR_KEY, TR_TEXT, TR_LANGUAGE) VALUES ('frontend', 'status.keep.alive.error', 'Detected lost connection to server (keep alive)', 'en-GB');
INSERT INTO OKM_TRANSLATION (TR_MODULE, TR_KEY, TR_TEXT, TR_LANGUAGE) VALUES ('frontend', 'status.debug.enabled', 'Debug enabled', 'en-GB');
INSERT INTO OKM_TRANSLATION (TR_MODULE, TR_KEY, TR_TEXT, TR_LANGUAGE) VALUES ('frontend', 'status.debug.disabled', 'Debug disabled', 'en-GB');
INSERT INTO OKM_TRANSLATION (TR_MODULE, TR_KEY, TR_TEXT, TR_LANGUAGE) VALUES ('frontend', 'status.network.error.detected', 'Network error detected', 'en-GB');
INSERT INTO OKM_TRANSLATION (TR_MODULE, TR_KEY, TR_TEXT, TR_LANGUAGE) VALUES ('frontend', 'calendar.day.sunday', 'Sunday', 'en-GB');
INSERT INTO OKM_TRANSLATION (TR_MODULE, TR_KEY, TR_TEXT, TR_LANGUAGE) VALUES ('frontend', 'calendar.day.monday', 'Monday', 'en-GB');
INSERT INTO OKM_TRANSLATION (TR_MODULE, TR_KEY, TR_TEXT, TR_LANGUAGE) VALUES ('frontend', 'calendar.day.tuesday', 'Tuesday', 'en-GB');
INSERT INTO OKM_TRANSLATION (TR_MODULE, TR_KEY, TR_TEXT, TR_LANGUAGE) VALUES ('frontend', 'calendar.day.wednesday', 'Wednesday', 'en-GB');
INSERT INTO OKM_TRANSLATION (TR_MODULE, TR_KEY, TR_TEXT, TR_LANGUAGE) VALUES ('frontend', 'calendar.day.thursday', 'Thursday', 'en-GB');
INSERT INTO OKM_TRANSLATION (TR_MODULE, TR_KEY, TR_TEXT, TR_LANGUAGE) VALUES ('frontend', 'calendar.day.friday', 'Friday', 'en-GB');
INSERT INTO OKM_TRANSLATION (TR_MODULE, TR_KEY, TR_TEXT, TR_LANGUAGE) VALUES ('frontend', 'calendar.day.saturday', 'Saturday', 'en-GB');
INSERT INTO OKM_TRANSLATION (TR_MODULE, TR_KEY, TR_TEXT, TR_LANGUAGE) VALUES ('frontend', 'calendar.month.january', 'January', 'en-GB');
INSERT INTO OKM_TRANSLATION (TR_MODULE, TR_KEY, TR_TEXT, TR_LANGUAGE) VALUES ('frontend', 'calendar.month.february', 'February', 'en-GB');
INSERT INTO OKM_TRANSLATION (TR_MODULE, TR_KEY, TR_TEXT, TR_LANGUAGE) VALUES ('frontend', 'calendar.month.march', 'March', 'en-GB');
INSERT INTO OKM_TRANSLATION (TR_MODULE, TR_KEY, TR_TEXT, TR_LANGUAGE) VALUES ('frontend', 'calendar.month.april', 'April', 'en-GB');
INSERT INTO OKM_TRANSLATION (TR_MODULE, TR_KEY, TR_TEXT, TR_LANGUAGE) VALUES ('frontend', 'calendar.month.may', 'May', 'en-GB');
INSERT INTO OKM_TRANSLATION (TR_MODULE, TR_KEY, TR_TEXT, TR_LANGUAGE) VALUES ('frontend', 'calendar.month.june', 'June', 'en-GB');
INSERT INTO OKM_TRANSLATION (TR_MODULE, TR_KEY, TR_TEXT, TR_LANGUAGE) VALUES ('frontend', 'calendar.month.july', 'July', 'en-GB');
INSERT INTO OKM_TRANSLATION (TR_MODULE, TR_KEY, TR_TEXT, TR_LANGUAGE) VALUES ('frontend', 'calendar.month.august', 'August', 'en-GB');
INSERT INTO OKM_TRANSLATION (TR_MODULE, TR_KEY, TR_TEXT, TR_LANGUAGE) VALUES ('frontend', 'calendar.month.september', 'September', 'en-GB');
INSERT INTO OKM_TRANSLATION (TR_MODULE, TR_KEY, TR_TEXT, TR_LANGUAGE) VALUES ('frontend', 'calendar.month.october', 'October', 'en-GB');
INSERT INTO OKM_TRANSLATION (TR_MODULE, TR_KEY, TR_TEXT, TR_LANGUAGE) VALUES ('frontend', 'calendar.month.november', 'November', 'en-GB');
INSERT INTO OKM_TRANSLATION (TR_MODULE, TR_KEY, TR_TEXT, TR_LANGUAGE) VALUES ('frontend', 'calendar.month.december', 'December', 'en-GB');
INSERT INTO OKM_TRANSLATION (TR_MODULE, TR_KEY, TR_TEXT, TR_LANGUAGE) VALUES ('frontend', 'media.player.label', 'Media player', 'en-GB');
INSERT INTO OKM_TRANSLATION (TR_MODULE, TR_KEY, TR_TEXT, TR_LANGUAGE) VALUES ('frontend', 'image.viewer.label', 'Image viewer', 'en-GB');
INSERT INTO OKM_TRANSLATION (TR_MODULE, TR_KEY, TR_TEXT, TR_LANGUAGE) VALUES ('frontend', 'image.viewer.zoom.in', 'Zoom in', 'en-GB');
INSERT INTO OKM_TRANSLATION (TR_MODULE, TR_KEY, TR_TEXT, TR_LANGUAGE) VALUES ('frontend', 'image.viewer.zoom.out', 'Zoom out', 'en-GB');
INSERT INTO OKM_TRANSLATION (TR_MODULE, TR_KEY, TR_TEXT, TR_LANGUAGE) VALUES ('frontend', 'debug.console.label', 'Debug console', 'en-GB');
INSERT INTO OKM_TRANSLATION (TR_MODULE, TR_KEY, TR_TEXT, TR_LANGUAGE) VALUES ('frontend', 'debug.enable.disable', 'CTRL+Z to enable or disable debug mode', 'en-GB');
INSERT INTO OKM_TRANSLATION (TR_MODULE, TR_KEY, TR_TEXT, TR_LANGUAGE) VALUES ('frontend', 'dashboard.tab.general', 'General', 'en-GB');
INSERT INTO OKM_TRANSLATION (TR_MODULE, TR_KEY, TR_TEXT, TR_LANGUAGE) VALUES ('frontend', 'dashboard.tab.news', 'News', 'en-GB');
INSERT INTO OKM_TRANSLATION (TR_MODULE, TR_KEY, TR_TEXT, TR_LANGUAGE) VALUES ('frontend', 'dashboard.tab.user', 'User', 'en-GB');
INSERT INTO OKM_TRANSLATION (TR_MODULE, TR_KEY, TR_TEXT, TR_LANGUAGE) VALUES ('frontend', 'dashboard.tab.workflow', 'Workflow', 'en-GB');
INSERT INTO OKM_TRANSLATION (TR_MODULE, TR_KEY, TR_TEXT, TR_LANGUAGE) VALUES ('frontend', 'dashboard.tab.mail', 'Mail', 'en-GB');
INSERT INTO OKM_TRANSLATION (TR_MODULE, TR_KEY, TR_TEXT, TR_LANGUAGE) VALUES ('frontend', 'dashboard.tab.keymap', 'Keyword map', 'en-GB');
INSERT INTO OKM_TRANSLATION (TR_MODULE, TR_KEY, TR_TEXT, TR_LANGUAGE) VALUES ('frontend', 'dashboard.new.items', 'New', 'en-GB');
INSERT INTO OKM_TRANSLATION (TR_MODULE, TR_KEY, TR_TEXT, TR_LANGUAGE) VALUES ('frontend', 'dashboard.user.locked.documents', 'Locked documents', 'en-GB');
INSERT INTO OKM_TRANSLATION (TR_MODULE, TR_KEY, TR_TEXT, TR_LANGUAGE) VALUES ('frontend', 'dashboard.user.checkout.documents', 'Checkout documents', 'en-GB');
INSERT INTO OKM_TRANSLATION (TR_MODULE, TR_KEY, TR_TEXT, TR_LANGUAGE) VALUES ('frontend', 'dashboard.user.last.modified.documents', 'Last modified documents', 'en-GB');
INSERT INTO OKM_TRANSLATION (TR_MODULE, TR_KEY, TR_TEXT, TR_LANGUAGE) VALUES ('frontend', 'dashboard.user.last.downloaded.documents', 'Last downloaded documents', 'en-GB');
INSERT INTO OKM_TRANSLATION (TR_MODULE, TR_KEY, TR_TEXT, TR_LANGUAGE) VALUES ('frontend', 'dashboard.user.subscribed.documents', 'Subscribed documents', 'en-GB');
INSERT INTO OKM_TRANSLATION (TR_MODULE, TR_KEY, TR_TEXT, TR_LANGUAGE) VALUES ('frontend', 'dashboard.user.subscribed.folders', 'Subscribed folders', 'en-GB');
INSERT INTO OKM_TRANSLATION (TR_MODULE, TR_KEY, TR_TEXT, TR_LANGUAGE) VALUES ('frontend', 'dashboard.user.last.uploaded.documents', 'Last uploaded documents', 'en-GB');
INSERT INTO OKM_TRANSLATION (TR_MODULE, TR_KEY, TR_TEXT, TR_LANGUAGE) VALUES ('frontend', 'dashboard.general.last.week.top.downloaded.documents', 'Last week top viewed documents', 'en-GB');
INSERT INTO OKM_TRANSLATION (TR_MODULE, TR_KEY, TR_TEXT, TR_LANGUAGE) VALUES ('frontend', 'dashboard.general.last.month.top.downloaded.documents', 'Last month top viewed documents', 'en-GB');
INSERT INTO OKM_TRANSLATION (TR_MODULE, TR_KEY, TR_TEXT, TR_LANGUAGE) VALUES ('frontend', 'dashboard.general.last.week.top.modified.documents', 'Last week top modified documents', 'en-GB');
INSERT INTO OKM_TRANSLATION (TR_MODULE, TR_KEY, TR_TEXT, TR_LANGUAGE) VALUES ('frontend', 'dashboard.general.last.month.top.modified.documents', 'Last month top viewed documents', 'en-GB');
INSERT INTO OKM_TRANSLATION (TR_MODULE, TR_KEY, TR_TEXT, TR_LANGUAGE) VALUES ('frontend', 'dashboard.general.last.uploaded.documents', 'Last uploaded documents', 'en-GB');
INSERT INTO OKM_TRANSLATION (TR_MODULE, TR_KEY, TR_TEXT, TR_LANGUAGE) VALUES ('frontend', 'dashboard.workflow.pending.tasks', 'Pending tasks', 'en-GB');
INSERT INTO OKM_TRANSLATION (TR_MODULE, TR_KEY, TR_TEXT, TR_LANGUAGE) VALUES ('frontend', 'dashboard.workflow.pending.tasks.unassigned', 'Unassigned pending tasks', 'en-GB');
INSERT INTO OKM_TRANSLATION (TR_MODULE, TR_KEY, TR_TEXT, TR_LANGUAGE) VALUES ('frontend', 'dashboard.workflow.task', 'Task', 'en-GB');
INSERT INTO OKM_TRANSLATION (TR_MODULE, TR_KEY, TR_TEXT, TR_LANGUAGE) VALUES ('frontend', 'dashboard.workflow.task.id', 'ID', 'en-GB');
INSERT INTO OKM_TRANSLATION (TR_MODULE, TR_KEY, TR_TEXT, TR_LANGUAGE) VALUES ('frontend', 'dashboard.workflow.task.name', 'Name', 'en-GB');
INSERT INTO OKM_TRANSLATION (TR_MODULE, TR_KEY, TR_TEXT, TR_LANGUAGE) VALUES ('frontend', 'dashboard.workflow.task.created', 'Creation date', 'en-GB');
INSERT INTO OKM_TRANSLATION (TR_MODULE, TR_KEY, TR_TEXT, TR_LANGUAGE) VALUES ('frontend', 'dashboard.workflow.task.start', 'Start date', 'en-GB');
INSERT INTO OKM_TRANSLATION (TR_MODULE, TR_KEY, TR_TEXT, TR_LANGUAGE) VALUES ('frontend', 'dashboard.workflow.task.duedate', 'Due date', 'en-GB');
INSERT INTO OKM_TRANSLATION (TR_MODULE, TR_KEY, TR_TEXT, TR_LANGUAGE) VALUES ('frontend', 'dashboard.workflow.task.end', 'End date', 'en-GB');
INSERT INTO OKM_TRANSLATION (TR_MODULE, TR_KEY, TR_TEXT, TR_LANGUAGE) VALUES ('frontend', 'dashboard.workflow.task.description', 'Description', 'en-GB');
INSERT INTO OKM_TRANSLATION (TR_MODULE, TR_KEY, TR_TEXT, TR_LANGUAGE) VALUES ('frontend', 'dashboard.workflow.task.process.instance', 'Process instance', 'en-GB');
INSERT INTO OKM_TRANSLATION (TR_MODULE, TR_KEY, TR_TEXT, TR_LANGUAGE) VALUES ('frontend', 'dashboard.workflow.task.process.id', 'ID', 'en-GB');
INSERT INTO OKM_TRANSLATION (TR_MODULE, TR_KEY, TR_TEXT, TR_LANGUAGE) VALUES ('frontend', 'dashboard.workflow.task.process.version', 'Version', 'en-GB');
INSERT INTO OKM_TRANSLATION (TR_MODULE, TR_KEY, TR_TEXT, TR_LANGUAGE) VALUES ('frontend', 'dashboard.workflow.task.process.name', 'Name', 'en-GB');
INSERT INTO OKM_TRANSLATION (TR_MODULE, TR_KEY, TR_TEXT, TR_LANGUAGE) VALUES ('frontend', 'dashboard.workflow.task.process.description', 'Description', 'en-GB');
INSERT INTO OKM_TRANSLATION (TR_MODULE, TR_KEY, TR_TEXT, TR_LANGUAGE) VALUES ('frontend', 'dashboard.workflow.task.process.data', 'Data', 'en-GB');
INSERT INTO OKM_TRANSLATION (TR_MODULE, TR_KEY, TR_TEXT, TR_LANGUAGE) VALUES ('frontend', 'dashboard.workflow.comments', 'Comments', 'en-GB');
INSERT INTO OKM_TRANSLATION (TR_MODULE, TR_KEY, TR_TEXT, TR_LANGUAGE) VALUES ('frontend', 'dashboard.workflow.task.process.forms', 'Form', 'en-GB');
INSERT INTO OKM_TRANSLATION (TR_MODULE, TR_KEY, TR_TEXT, TR_LANGUAGE) VALUES ('frontend', 'dashboard.workflow.add.comment', 'Add comment', 'en-GB');
INSERT INTO OKM_TRANSLATION (TR_MODULE, TR_KEY, TR_TEXT, TR_LANGUAGE) VALUES ('frontend', 'dashboard.workflow.task.process.definition', 'Process definition', 'en-GB');
INSERT INTO OKM_TRANSLATION (TR_MODULE, TR_KEY, TR_TEXT, TR_LANGUAGE) VALUES ('frontend', 'dashboard.workflow.task.process.path', 'Path', 'en-GB');
INSERT INTO OKM_TRANSLATION (TR_MODULE, TR_KEY, TR_TEXT, TR_LANGUAGE) VALUES ('frontend', 'dashboard.refreshing', 'Refreshing', 'en-GB');
INSERT INTO OKM_TRANSLATION (TR_MODULE, TR_KEY, TR_TEXT, TR_LANGUAGE) VALUES ('frontend', 'dashboard.keyword', 'Keywords', 'en-GB');
INSERT INTO OKM_TRANSLATION (TR_MODULE, TR_KEY, TR_TEXT, TR_LANGUAGE) VALUES ('frontend', 'dashboard.keyword.suggest', 'Type the keyword', 'en-GB');
INSERT INTO OKM_TRANSLATION (TR_MODULE, TR_KEY, TR_TEXT, TR_LANGUAGE) VALUES ('frontend', 'dashboard.keyword.all', 'All keywords', 'en-GB');
INSERT INTO OKM_TRANSLATION (TR_MODULE, TR_KEY, TR_TEXT, TR_LANGUAGE) VALUES ('frontend', 'dashboard.keyword.top', 'Top keywords', 'en-GB');
INSERT INTO OKM_TRANSLATION (TR_MODULE, TR_KEY, TR_TEXT, TR_LANGUAGE) VALUES ('frontend', 'dashboard.keyword.related', 'Related keywords', 'en-GB');
INSERT INTO OKM_TRANSLATION (TR_MODULE, TR_KEY, TR_TEXT, TR_LANGUAGE) VALUES ('frontend', 'dashboard.keyword.goto.document', 'Go to document', 'en-GB');
INSERT INTO OKM_TRANSLATION (TR_MODULE, TR_KEY, TR_TEXT, TR_LANGUAGE) VALUES ('frontend', 'dashboard.keyword.clean.keywords', 'Clean keywords', 'en-GB');
INSERT INTO OKM_TRANSLATION (TR_MODULE, TR_KEY, TR_TEXT, TR_LANGUAGE) VALUES ('frontend', 'dashboard.mail.last.imported.mails', 'Electronic mails', 'en-GB');
INSERT INTO OKM_TRANSLATION (TR_MODULE, TR_KEY, TR_TEXT, TR_LANGUAGE) VALUES ('frontend', 'dashboard.mail.last.imported.attached.documents', 'Attachments', 'en-GB');
INSERT INTO OKM_TRANSLATION (TR_MODULE, TR_KEY, TR_TEXT, TR_LANGUAGE) VALUES ('frontend', 'workflow.label', 'Start workflow', 'en-GB');
INSERT INTO OKM_TRANSLATION (TR_MODULE, TR_KEY, TR_TEXT, TR_LANGUAGE) VALUES ('frontend', 'user.preferences.label', 'User configuration', 'en-GB');
INSERT INTO OKM_TRANSLATION (TR_MODULE, TR_KEY, TR_TEXT, TR_LANGUAGE) VALUES ('frontend', 'user.preferences.user', 'User', 'en-GB');
INSERT INTO OKM_TRANSLATION (TR_MODULE, TR_KEY, TR_TEXT, TR_LANGUAGE) VALUES ('frontend', 'user.preferences.password', 'Password', 'en-GB');
INSERT INTO OKM_TRANSLATION (TR_MODULE, TR_KEY, TR_TEXT, TR_LANGUAGE) VALUES ('frontend', 'user.preferences.mail', 'E-mail', 'en-GB');
INSERT INTO OKM_TRANSLATION (TR_MODULE, TR_KEY, TR_TEXT, TR_LANGUAGE) VALUES ('frontend', 'user.preferences.roles', 'Roles', 'en-GB');
INSERT INTO OKM_TRANSLATION (TR_MODULE, TR_KEY, TR_TEXT, TR_LANGUAGE) VALUES ('frontend', 'user.preferences.imap.host', 'IMAP server', 'en-GB');
INSERT INTO OKM_TRANSLATION (TR_MODULE, TR_KEY, TR_TEXT, TR_LANGUAGE) VALUES ('frontend', 'user.preferences.imap.user', 'IMAP user name', 'en-GB');
INSERT INTO OKM_TRANSLATION (TR_MODULE, TR_KEY, TR_TEXT, TR_LANGUAGE) VALUES ('frontend', 'user.preferences.imap.user.password', 'IMAP user password', 'en-GB');
INSERT INTO OKM_TRANSLATION (TR_MODULE, TR_KEY, TR_TEXT, TR_LANGUAGE) VALUES ('frontend', 'user.preferences.imap.folder', 'IMAP folder', 'en-GB');
INSERT INTO OKM_TRANSLATION (TR_MODULE, TR_KEY, TR_TEXT, TR_LANGUAGE) VALUES ('frontend', 'user.preferences.password.error', 'Error: passwords are diferent', 'en-GB');
INSERT INTO OKM_TRANSLATION (TR_MODULE, TR_KEY, TR_TEXT, TR_LANGUAGE) VALUES ('frontend', 'user.preferences.user.data', 'User account', 'en-GB');
INSERT INTO OKM_TRANSLATION (TR_MODULE, TR_KEY, TR_TEXT, TR_LANGUAGE) VALUES ('frontend', 'user.preferences.mail.data', 'Mail account', 'en-GB');
INSERT INTO OKM_TRANSLATION (TR_MODULE, TR_KEY, TR_TEXT, TR_LANGUAGE) VALUES ('frontend', 'user.preferences.imap.error', 'All fields are obligatory to set the mail configurations', 'en-GB');
INSERT INTO OKM_TRANSLATION (TR_MODULE, TR_KEY, TR_TEXT, TR_LANGUAGE) VALUES ('frontend', 'user.preferences.imap.password.error.void', 'Password must not be empty on IMAP mail creation', 'en-GB');
INSERT INTO OKM_TRANSLATION (TR_MODULE, TR_KEY, TR_TEXT, TR_LANGUAGE) VALUES ('frontend', 'user.preferences.imap.test.error', 'IMAP configuration error', 'en-GB');
INSERT INTO OKM_TRANSLATION (TR_MODULE, TR_KEY, TR_TEXT, TR_LANGUAGE) VALUES ('frontend', 'user.preferences.imap.test.ok', 'IMAP configuration ok', 'en-GB');
INSERT INTO OKM_TRANSLATION (TR_MODULE, TR_KEY, TR_TEXT, TR_LANGUAGE) VALUES ('frontend', 'thesaurus.directory.select.label', 'Add thesaurus keyword', 'en-GB');
INSERT INTO OKM_TRANSLATION (TR_MODULE, TR_KEY, TR_TEXT, TR_LANGUAGE) VALUES ('frontend', 'thesaurus.tab.tree', 'Tree', 'en-GB');
INSERT INTO OKM_TRANSLATION (TR_MODULE, TR_KEY, TR_TEXT, TR_LANGUAGE) VALUES ('frontend', 'thesaurus.tab.keywords', 'Keywords', 'en-GB');
INSERT INTO OKM_TRANSLATION (TR_MODULE, TR_KEY, TR_TEXT, TR_LANGUAGE) VALUES ('frontend', 'categories.folder.select.label', 'Add category', 'en-GB');
INSERT INTO OKM_TRANSLATION (TR_MODULE, TR_KEY, TR_TEXT, TR_LANGUAGE) VALUES ('frontend', 'categories.folder.error.delete', 'Cannot delete category with documents', 'en-GB');
INSERT INTO OKM_TRANSLATION (TR_MODULE, TR_KEY, TR_TEXT, TR_LANGUAGE) VALUES ('frontend', 'wizard.document.uploading', 'Document wizard', 'en-GB');
INSERT INTO OKM_TRANSLATION (TR_MODULE, TR_KEY, TR_TEXT, TR_LANGUAGE) VALUES ('frontend', 'user.info.chat.connect', 'Connect to chat', 'en-GB');
INSERT INTO OKM_TRANSLATION (TR_MODULE, TR_KEY, TR_TEXT, TR_LANGUAGE) VALUES ('frontend', 'user.info.chat.disconnect', 'Disconnet chat', 'en-GB');
INSERT INTO OKM_TRANSLATION (TR_MODULE, TR_KEY, TR_TEXT, TR_LANGUAGE) VALUES ('frontend', 'user.info.chat.new.room', 'Net chat room', 'en-GB');
INSERT INTO OKM_TRANSLATION (TR_MODULE, TR_KEY, TR_TEXT, TR_LANGUAGE) VALUES ('frontend', 'user.info.locked.actual', 'Locked documents', 'en-GB');
INSERT INTO OKM_TRANSLATION (TR_MODULE, TR_KEY, TR_TEXT, TR_LANGUAGE) VALUES ('frontend', 'user.info.checkout.actual', 'Checkout documents', 'en-GB');
INSERT INTO OKM_TRANSLATION (TR_MODULE, TR_KEY, TR_TEXT, TR_LANGUAGE) VALUES ('frontend', 'user.info.subscription.actual', 'Actual subscriptions', 'en-GB');
INSERT INTO OKM_TRANSLATION (TR_MODULE, TR_KEY, TR_TEXT, TR_LANGUAGE) VALUES ('frontend', 'user.info.news.new', 'News', 'en-GB');
INSERT INTO OKM_TRANSLATION (TR_MODULE, TR_KEY, TR_TEXT, TR_LANGUAGE) VALUES ('frontend', 'user.info.workflow.pending', 'Pending workflows', 'en-GB');
INSERT INTO OKM_TRANSLATION (TR_MODULE, TR_KEY, TR_TEXT, TR_LANGUAGE) VALUES ('frontend', 'user.info.user.quota', 'Used quota', 'en-GB');
INSERT INTO OKM_TRANSLATION (TR_MODULE, TR_KEY, TR_TEXT, TR_LANGUAGE) VALUES ('frontend', 'user.online', 'Users online', 'en-GB');
INSERT INTO OKM_TRANSLATION (TR_MODULE, TR_KEY, TR_TEXT, TR_LANGUAGE) VALUES ('frontend', 'chat.room', 'Chat', 'en-GB');
INSERT INTO OKM_TRANSLATION (TR_MODULE, TR_KEY, TR_TEXT, TR_LANGUAGE) VALUES ('frontend', 'chat.users.in.room', 'Users', 'en-GB');
INSERT INTO OKM_TRANSLATION (TR_MODULE, TR_KEY, TR_TEXT, TR_LANGUAGE) VALUES ('frontend', 'OKM-017009', 'Document access denied', 'en-GB');
INSERT INTO OKM_TRANSLATION (TR_MODULE, TR_KEY, TR_TEXT, TR_LANGUAGE) VALUES ('frontend', 'OKM-017004', 'Lock denied', 'en-GB');
INSERT INTO OKM_TRANSLATION (TR_MODULE, TR_KEY, TR_TEXT, TR_LANGUAGE) VALUES ('frontend', 'OKM-017001', 'Repository internal error', 'en-GB');
INSERT INTO OKM_TRANSLATION (TR_MODULE, TR_KEY, TR_TEXT, TR_LANGUAGE) VALUES ('frontend', 'OKM-017015', 'Document path not found', 'en-GB');
INSERT INTO OKM_TRANSLATION (TR_MODULE, TR_KEY, TR_TEXT, TR_LANGUAGE) VALUES ('frontend', 'OKM-017016', 'Version error', 'en-GB');
INSERT INTO OKM_TRANSLATION (TR_MODULE, TR_KEY, TR_TEXT, TR_LANGUAGE) VALUES ('frontend', 'OKM-002009', 'Document access denied', 'en-GB');
INSERT INTO OKM_TRANSLATION (TR_MODULE, TR_KEY, TR_TEXT, TR_LANGUAGE) VALUES ('frontend', 'OKM-002002', 'Document not found', 'en-GB');
INSERT INTO OKM_TRANSLATION (TR_MODULE, TR_KEY, TR_TEXT, TR_LANGUAGE) VALUES ('frontend', 'OKM-002003', 'Document already exists', 'en-GB');
INSERT INTO OKM_TRANSLATION (TR_MODULE, TR_KEY, TR_TEXT, TR_LANGUAGE) VALUES ('frontend', 'OKM-002004', 'Lock denied', 'en-GB');
INSERT INTO OKM_TRANSLATION (TR_MODULE, TR_KEY, TR_TEXT, TR_LANGUAGE) VALUES ('frontend', 'OKM-002004', 'Document unlock desired', 'en-GB');
INSERT INTO OKM_TRANSLATION (TR_MODULE, TR_KEY, TR_TEXT, TR_LANGUAGE) VALUES ('frontend', 'OKM-002001', 'Repository internal error', 'en-GB');
INSERT INTO OKM_TRANSLATION (TR_MODULE, TR_KEY, TR_TEXT, TR_LANGUAGE) VALUES ('frontend', 'OKM-002006', 'Application internal error', 'en-GB');
INSERT INTO OKM_TRANSLATION (TR_MODULE, TR_KEY, TR_TEXT, TR_LANGUAGE) VALUES ('frontend', 'OKM-002015', 'Document path not found', 'en-GB');
INSERT INTO OKM_TRANSLATION (TR_MODULE, TR_KEY, TR_TEXT, TR_LANGUAGE) VALUES ('frontend', 'OKM-002024', 'Database error', 'en-GB');
INSERT INTO OKM_TRANSLATION (TR_MODULE, TR_KEY, TR_TEXT, TR_LANGUAGE) VALUES ('frontend', 'OKM-001009', 'Folder access denied', 'en-GB');
INSERT INTO OKM_TRANSLATION (TR_MODULE, TR_KEY, TR_TEXT, TR_LANGUAGE) VALUES ('frontend', 'OKM-001002', 'Folder not found', 'en-GB');
INSERT INTO OKM_TRANSLATION (TR_MODULE, TR_KEY, TR_TEXT, TR_LANGUAGE) VALUES ('frontend', 'OKM-001003', 'Folder already exists', 'en-GB');
INSERT INTO OKM_TRANSLATION (TR_MODULE, TR_KEY, TR_TEXT, TR_LANGUAGE) VALUES ('frontend', 'OKM-001001', 'Repository internal error', 'en-GB');
INSERT INTO OKM_TRANSLATION (TR_MODULE, TR_KEY, TR_TEXT, TR_LANGUAGE) VALUES ('frontend', 'OKM-001006', 'Repository internal error', 'en-GB');
INSERT INTO OKM_TRANSLATION (TR_MODULE, TR_KEY, TR_TEXT, TR_LANGUAGE) VALUES ('frontend', 'OKM-001015', 'Folder path not found', 'en-GB');
INSERT INTO OKM_TRANSLATION (TR_MODULE, TR_KEY, TR_TEXT, TR_LANGUAGE) VALUES ('frontend', 'OKM-001024', 'Database error', 'en-GB');
INSERT INTO OKM_TRANSLATION (TR_MODULE, TR_KEY, TR_TEXT, TR_LANGUAGE) VALUES ('frontend', 'OKM-007009', 'Item access denied', 'en-GB');
INSERT INTO OKM_TRANSLATION (TR_MODULE, TR_KEY, TR_TEXT, TR_LANGUAGE) VALUES ('frontend', 'OKM-007002', 'Item not found', 'en-GB');
INSERT INTO OKM_TRANSLATION (TR_MODULE, TR_KEY, TR_TEXT, TR_LANGUAGE) VALUES ('frontend', 'OKM-007001', 'Repository internal error', 'en-GB');
INSERT INTO OKM_TRANSLATION (TR_MODULE, TR_KEY, TR_TEXT, TR_LANGUAGE) VALUES ('frontend', 'OKM-007006', 'Repository internal error', 'en-GB');
INSERT INTO OKM_TRANSLATION (TR_MODULE, TR_KEY, TR_TEXT, TR_LANGUAGE) VALUES ('frontend', 'OKM-007024', 'Database error', 'en-GB');
INSERT INTO OKM_TRANSLATION (TR_MODULE, TR_KEY, TR_TEXT, TR_LANGUAGE) VALUES ('frontend', 'OKM-009002', 'Document not found', 'en-GB');
INSERT INTO OKM_TRANSLATION (TR_MODULE, TR_KEY, TR_TEXT, TR_LANGUAGE) VALUES ('frontend', 'OKM-009006', 'Repository internal error', 'en-GB');
INSERT INTO OKM_TRANSLATION (TR_MODULE, TR_KEY, TR_TEXT, TR_LANGUAGE) VALUES ('frontend', 'OKM-005010', 'Unsupported file format', 'en-GB');
INSERT INTO OKM_TRANSLATION (TR_MODULE, TR_KEY, TR_TEXT, TR_LANGUAGE) VALUES ('frontend', 'OKM-005003', 'Document already exists', 'en-GB');
INSERT INTO OKM_TRANSLATION (TR_MODULE, TR_KEY, TR_TEXT, TR_LANGUAGE) VALUES ('frontend', 'OKM-005011', 'Document size exceeded', 'en-GB');
INSERT INTO OKM_TRANSLATION (TR_MODULE, TR_KEY, TR_TEXT, TR_LANGUAGE) VALUES ('frontend', 'OKM-005027', 'Document name is diferent', 'en-GB');
INSERT INTO OKM_TRANSLATION (TR_MODULE, TR_KEY, TR_TEXT, TR_LANGUAGE) VALUES ('frontend', 'OKM-004001', 'Session closed', 'en-GB');
INSERT INTO OKM_TRANSLATION (TR_MODULE, TR_KEY, TR_TEXT, TR_LANGUAGE) VALUES ('frontend', 'OKM-004024', 'Database error', 'en-GB');
INSERT INTO OKM_TRANSLATION (TR_MODULE, TR_KEY, TR_TEXT, TR_LANGUAGE) VALUES ('frontend', 'OKM-008001', 'Generic error executing query', 'en-GB');
INSERT INTO OKM_TRANSLATION (TR_MODULE, TR_KEY, TR_TEXT, TR_LANGUAGE) VALUES ('frontend', 'OKM-008003', 'The stored search name must be unique', 'en-GB');
INSERT INTO OKM_TRANSLATION (TR_MODULE, TR_KEY, TR_TEXT, TR_LANGUAGE) VALUES ('frontend', 'OKM-008024', 'Database error', 'en-GB');
INSERT INTO OKM_TRANSLATION (TR_MODULE, TR_KEY, TR_TEXT, TR_LANGUAGE) VALUES ('frontend', 'OKM-011003', 'The bookmark name must be unique', 'en-GB');
INSERT INTO OKM_TRANSLATION (TR_MODULE, TR_KEY, TR_TEXT, TR_LANGUAGE) VALUES ('frontend', 'OKM-003017', 'Session lost', 'en-GB');
INSERT INTO OKM_TRANSLATION (TR_MODULE, TR_KEY, TR_TEXT, TR_LANGUAGE) VALUES ('frontend', 'OKM-013001', 'Repository internal error', 'en-GB');
INSERT INTO OKM_TRANSLATION (TR_MODULE, TR_KEY, TR_TEXT, TR_LANGUAGE) VALUES ('frontend', 'OKM-013024', 'Database error', 'en-GB');
INSERT INTO OKM_TRANSLATION (TR_MODULE, TR_KEY, TR_TEXT, TR_LANGUAGE) VALUES ('frontend', 'OKM-014001', 'Repository internal error', 'en-GB');
INSERT INTO OKM_TRANSLATION (TR_MODULE, TR_KEY, TR_TEXT, TR_LANGUAGE) VALUES ('frontend', 'OKM-014013', 'Error on I/O', 'en-GB');
INSERT INTO OKM_TRANSLATION (TR_MODULE, TR_KEY, TR_TEXT, TR_LANGUAGE) VALUES ('frontend', 'OKM-015001', 'Repository internal error', 'en-GB');
INSERT INTO OKM_TRANSLATION (TR_MODULE, TR_KEY, TR_TEXT, TR_LANGUAGE) VALUES ('frontend', 'OKM-015024', 'Database error', 'en-GB');
INSERT INTO OKM_TRANSLATION (TR_MODULE, TR_KEY, TR_TEXT, TR_LANGUAGE) VALUES ('frontend', 'OKM-018022', 'Error in browser configuration', 'en-GB');
INSERT INTO OKM_TRANSLATION (TR_MODULE, TR_KEY, TR_TEXT, TR_LANGUAGE) VALUES ('frontend', 'OKM-018023', 'Error user quota exceed,  contact with adminitrator', 'en-GB');
INSERT INTO OKM_TRANSLATION (TR_MODULE, TR_KEY, TR_TEXT, TR_LANGUAGE) VALUES ('frontend', 'OKM-016009', 'Document access denied', 'en-GB');
INSERT INTO OKM_TRANSLATION (TR_MODULE, TR_KEY, TR_TEXT, TR_LANGUAGE) VALUES ('frontend', 'OKM-016002', 'Document not found', 'en-GB');
INSERT INTO OKM_TRANSLATION (TR_MODULE, TR_KEY, TR_TEXT, TR_LANGUAGE) VALUES ('frontend', 'OKM-016003', 'Document already exists', 'en-GB');
INSERT INTO OKM_TRANSLATION (TR_MODULE, TR_KEY, TR_TEXT, TR_LANGUAGE) VALUES ('frontend', 'OKM-016004 ', 'Lock denied', 'en-GB');
INSERT INTO OKM_TRANSLATION (TR_MODULE, TR_KEY, TR_TEXT, TR_LANGUAGE) VALUES ('frontend', 'OKM-016001', 'Repository internal error', 'en-GB');
INSERT INTO OKM_TRANSLATION (TR_MODULE, TR_KEY, TR_TEXT, TR_LANGUAGE) VALUES ('frontend', 'OKM-016006', 'Application internal error', 'en-GB');
INSERT INTO OKM_TRANSLATION (TR_MODULE, TR_KEY, TR_TEXT, TR_LANGUAGE) VALUES ('frontend', 'OKM-016015', 'Document path not found', 'en-GB');
INSERT INTO OKM_TRANSLATION (TR_MODULE, TR_KEY, TR_TEXT, TR_LANGUAGE) VALUES ('frontend', 'OKM-016024', 'Database error', 'en-GB');
INSERT INTO OKM_TRANSLATION (TR_MODULE, TR_KEY, TR_TEXT, TR_LANGUAGE) VALUES ('frontend', 'OKM-010015', 'Path not found', 'en-GB');
INSERT INTO OKM_TRANSLATION (TR_MODULE, TR_KEY, TR_TEXT, TR_LANGUAGE) VALUES ('frontend', 'OKM-010009', 'Access denied', 'en-GB');
INSERT INTO OKM_TRANSLATION (TR_MODULE, TR_KEY, TR_TEXT, TR_LANGUAGE) VALUES ('frontend', 'OKM-010001', 'Repository internal error', 'en-GB');
INSERT INTO OKM_TRANSLATION (TR_MODULE, TR_KEY, TR_TEXT, TR_LANGUAGE) VALUES ('frontend', 'OKM-010024', 'Database error', 'en-GB');
INSERT INTO OKM_TRANSLATION (TR_MODULE, TR_KEY, TR_TEXT, TR_LANGUAGE) VALUES ('frontend', 'OKM-010006', 'Application internal error', 'en-GB');
INSERT INTO OKM_TRANSLATION (TR_MODULE, TR_KEY, TR_TEXT, TR_LANGUAGE) VALUES ('frontend', 'OKM-009004', 'Locked', 'en-GB');
INSERT INTO OKM_TRANSLATION (TR_MODULE, TR_KEY, TR_TEXT, TR_LANGUAGE) VALUES ('frontend', 'OKM-009015', 'Path not exist', 'en-GB');
INSERT INTO OKM_TRANSLATION (TR_MODULE, TR_KEY, TR_TEXT, TR_LANGUAGE) VALUES ('frontend', 'OKM-009009', 'Access denied', 'en-GB');
INSERT INTO OKM_TRANSLATION (TR_MODULE, TR_KEY, TR_TEXT, TR_LANGUAGE) VALUES ('frontend', 'OKM-009001', 'Repository internal error', 'en-GB');
INSERT INTO OKM_TRANSLATION (TR_MODULE, TR_KEY, TR_TEXT, TR_LANGUAGE) VALUES ('frontend', 'OKM-009024', 'Database error', 'en-GB');
INSERT INTO OKM_TRANSLATION (TR_MODULE, TR_KEY, TR_TEXT, TR_LANGUAGE) VALUES ('frontend', 'OKM-009006', 'Application internal error', 'en-GB');
INSERT INTO OKM_TRANSLATION (TR_MODULE, TR_KEY, TR_TEXT, TR_LANGUAGE) VALUES ('frontend', 'OKM-009012', 'Group not exists', 'en-GB');
INSERT INTO OKM_TRANSLATION (TR_MODULE, TR_KEY, TR_TEXT, TR_LANGUAGE) VALUES ('frontend', 'OKM-009014', 'Property not exists', 'en-GB');
INSERT INTO OKM_TRANSLATION (TR_MODULE, TR_KEY, TR_TEXT, TR_LANGUAGE) VALUES ('frontend', 'OKM-009013', 'Error on I/O', 'en-GB');
INSERT INTO OKM_TRANSLATION (TR_MODULE, TR_KEY, TR_TEXT, TR_LANGUAGE) VALUES ('frontend', 'OKM-012001', 'Repository internal error', 'en-GB');
INSERT INTO OKM_TRANSLATION (TR_MODULE, TR_KEY, TR_TEXT, TR_LANGUAGE) VALUES ('frontend', 'OKM-012006', 'Application internal error', 'en-GB');
INSERT INTO OKM_TRANSLATION (TR_MODULE, TR_KEY, TR_TEXT, TR_LANGUAGE) VALUES ('frontend', 'OKM-012015', 'Path not exist', 'en-GB');
INSERT INTO OKM_TRANSLATION (TR_MODULE, TR_KEY, TR_TEXT, TR_LANGUAGE) VALUES ('frontend', 'OKM-012024', 'Database error', 'en-GB');
INSERT INTO OKM_TRANSLATION (TR_MODULE, TR_KEY, TR_TEXT, TR_LANGUAGE) VALUES ('frontend', 'OKM-012009', 'Access denied', 'en-GB');
INSERT INTO OKM_TRANSLATION (TR_MODULE, TR_KEY, TR_TEXT, TR_LANGUAGE) VALUES ('frontend', 'OKM-019001', 'Repository internal error', 'en-GB');
INSERT INTO OKM_TRANSLATION (TR_MODULE, TR_KEY, TR_TEXT, TR_LANGUAGE) VALUES ('frontend', 'OKM-019006', 'Application internal error', 'en-GB');
INSERT INTO OKM_TRANSLATION (TR_MODULE, TR_KEY, TR_TEXT, TR_LANGUAGE) VALUES ('frontend', 'OKM-019024', 'Database error', 'en-GB');
INSERT INTO OKM_TRANSLATION (TR_MODULE, TR_KEY, TR_TEXT, TR_LANGUAGE) VALUES ('frontend', 'general.date.pattern', 'dd-MM-yyyy hh:mm:ss', 'en-GB');
INSERT INTO OKM_TRANSLATION (TR_MODULE, TR_KEY, TR_TEXT, TR_LANGUAGE) VALUES ('frontend', 'general.day.pattern', 'dd-MM-yyyy', 'en-GB');
INSERT INTO OKM_TRANSLATION (TR_MODULE, TR_KEY, TR_TEXT, TR_LANGUAGE) VALUES ('frontend', 'general.hour.pattern', 'HH:mm:ss', 'en-GB');
INSERT INTO OKM_TRANSLATION (TR_MODULE, TR_KEY, TR_TEXT, TR_LANGUAGE) VALUES ('frontend', 'startup.openkm', 'Loading OpenKM', 'en-GB');
INSERT INTO OKM_TRANSLATION (TR_MODULE, TR_KEY, TR_TEXT, TR_LANGUAGE) VALUES ('frontend', 'startup.starting.loading', 'Starting loading OpenKM', 'en-GB');
INSERT INTO OKM_TRANSLATION (TR_MODULE, TR_KEY, TR_TEXT, TR_LANGUAGE) VALUES ('frontend', 'startup.taxonomy', 'Getting taxonomy root node', 'en-GB');
INSERT INTO OKM_TRANSLATION (TR_MODULE, TR_KEY, TR_TEXT, TR_LANGUAGE) VALUES ('frontend', 'startup.categories', 'Getting categories root node', 'en-GB');
INSERT INTO OKM_TRANSLATION (TR_MODULE, TR_KEY, TR_TEXT, TR_LANGUAGE) VALUES ('frontend', 'startup.thesaurus', 'Getting thesaurus root node', 'en-GB');
INSERT INTO OKM_TRANSLATION (TR_MODULE, TR_KEY, TR_TEXT, TR_LANGUAGE) VALUES ('frontend', 'startup.template', 'Getting template root node', 'en-GB');
INSERT INTO OKM_TRANSLATION (TR_MODULE, TR_KEY, TR_TEXT, TR_LANGUAGE) VALUES ('frontend', 'startup.personal', 'Getting personal root node', 'en-GB');
INSERT INTO OKM_TRANSLATION (TR_MODULE, TR_KEY, TR_TEXT, TR_LANGUAGE) VALUES ('frontend', 'startup.mail', 'Getting e-mail root node', 'en-GB');
INSERT INTO OKM_TRANSLATION (TR_MODULE, TR_KEY, TR_TEXT, TR_LANGUAGE) VALUES ('frontend', 'startup.trash', 'Getting trash root node', 'en-GB');
INSERT INTO OKM_TRANSLATION (TR_MODULE, TR_KEY, TR_TEXT, TR_LANGUAGE) VALUES ('frontend', 'startup.user.home', 'Getting user home node', 'en-GB');
INSERT INTO OKM_TRANSLATION (TR_MODULE, TR_KEY, TR_TEXT, TR_LANGUAGE) VALUES ('frontend', 'startup.bookmarks', 'Getting bookmarks', 'en-GB');
INSERT INTO OKM_TRANSLATION (TR_MODULE, TR_KEY, TR_TEXT, TR_LANGUAGE) VALUES ('frontend', 'startup.loading.taxonomy', 'Loading taxonomy', 'en-GB');
INSERT INTO OKM_TRANSLATION (TR_MODULE, TR_KEY, TR_TEXT, TR_LANGUAGE) VALUES ('frontend', 'startup.loading.taxonomy.getting.folders', 'Loading taxonomy - getting folders', 'en-GB');
INSERT INTO OKM_TRANSLATION (TR_MODULE, TR_KEY, TR_TEXT, TR_LANGUAGE) VALUES ('frontend', 'startup.loading.taxonomy.eval.params', 'Loading taxonomy - eval browser params', 'en-GB');
INSERT INTO OKM_TRANSLATION (TR_MODULE, TR_KEY, TR_TEXT, TR_LANGUAGE) VALUES ('frontend', 'startup.loading.taxonomy.open.path', 'Loading taxonomy - open path', 'en-GB');
INSERT INTO OKM_TRANSLATION (TR_MODULE, TR_KEY, TR_TEXT, TR_LANGUAGE) VALUES ('frontend', 'startup.loading.taxonomy.getting.filebrowser.folders', 'Loading taxonomy - getting folders', 'en-GB');
INSERT INTO OKM_TRANSLATION (TR_MODULE, TR_KEY, TR_TEXT, TR_LANGUAGE) VALUES ('frontend', 'startup.loading.taxonomy.getting.filebrowser.documents', 'Loading taxonomy - getting documents', 'en-GB');
INSERT INTO OKM_TRANSLATION (TR_MODULE, TR_KEY, TR_TEXT, TR_LANGUAGE) VALUES ('frontend', 'startup.loading.taxonomy.getting.filebrowser.mails', 'Loading taxonomy - getting mails', 'en-GB');
INSERT INTO OKM_TRANSLATION (TR_MODULE, TR_KEY, TR_TEXT, TR_LANGUAGE) VALUES ('frontend', 'startup.loading.personal', 'Loading personal', 'en-GB');
INSERT INTO OKM_TRANSLATION (TR_MODULE, TR_KEY, TR_TEXT, TR_LANGUAGE) VALUES ('frontend', 'startup.loading.mail', 'Loading e-mails', 'en-GB');
INSERT INTO OKM_TRANSLATION (TR_MODULE, TR_KEY, TR_TEXT, TR_LANGUAGE) VALUES ('frontend', 'startup.loading.categories', 'Loading categories', 'en-GB');
INSERT INTO OKM_TRANSLATION (TR_MODULE, TR_KEY, TR_TEXT, TR_LANGUAGE) VALUES ('frontend', 'startup.loading.thesaurus', 'Loading thesaurus', 'en-GB');
INSERT INTO OKM_TRANSLATION (TR_MODULE, TR_KEY, TR_TEXT, TR_LANGUAGE) VALUES ('frontend', 'startup.loading.templates', 'Loading templates', 'en-GB');
INSERT INTO OKM_TRANSLATION (TR_MODULE, TR_KEY, TR_TEXT, TR_LANGUAGE) VALUES ('frontend', 'startup.loading.trash', 'Loading trash', 'en-GB');
INSERT INTO OKM_TRANSLATION (TR_MODULE, TR_KEY, TR_TEXT, TR_LANGUAGE) VALUES ('frontend', 'startup.loading.history.search', 'Loading history search', 'en-GB');
INSERT INTO OKM_TRANSLATION (TR_MODULE, TR_KEY, TR_TEXT, TR_LANGUAGE) VALUES ('frontend', 'startup.loading.user.values', 'Loading user values', 'en-GB');
INSERT INTO OKM_TRANSLATION (TR_MODULE, TR_KEY, TR_TEXT, TR_LANGUAGE) VALUES ('frontend', 'startup.keep.alive', 'Loading keep alive', 'en-GB');
INSERT INTO OKM_TRANSLATION (TR_MODULE, TR_KEY, TR_TEXT, TR_LANGUAGE) VALUES ('frontend', 'openkm.update.available', 'OpenKM update available', 'en-GB');
INSERT INTO OKM_TRANSLATION (TR_MODULE, TR_KEY, TR_TEXT, TR_LANGUAGE) VALUES ('frontend', 'leftpanel.label.taxonomy', 'Taxonomy', 'en-GB');
INSERT INTO OKM_TRANSLATION (TR_MODULE, TR_KEY, TR_TEXT, TR_LANGUAGE) VALUES ('frontend', 'leftpanel.label.trash', 'Trash', 'en-GB');
INSERT INTO OKM_TRANSLATION (TR_MODULE, TR_KEY, TR_TEXT, TR_LANGUAGE) VALUES ('frontend', 'leftpanel.label.mail', 'E-mail', 'en-GB');
INSERT INTO OKM_TRANSLATION (TR_MODULE, TR_KEY, TR_TEXT, TR_LANGUAGE) VALUES ('frontend', 'leftpanel.label.stored.search', 'Stored searches', 'en-GB');
INSERT INTO OKM_TRANSLATION (TR_MODULE, TR_KEY, TR_TEXT, TR_LANGUAGE) VALUES ('frontend', 'leftpanel.label.categories', 'Categories', 'en-GB');
INSERT INTO OKM_TRANSLATION (TR_MODULE, TR_KEY, TR_TEXT, TR_LANGUAGE) VALUES ('frontend', 'leftpanel.label.thesaurus', 'Thesaurus', 'en-GB');
INSERT INTO OKM_TRANSLATION (TR_MODULE, TR_KEY, TR_TEXT, TR_LANGUAGE) VALUES ('frontend', 'leftpanel.label.templates', 'Templates', 'en-GB');
INSERT INTO OKM_TRANSLATION (TR_MODULE, TR_KEY, TR_TEXT, TR_LANGUAGE) VALUES ('frontend', 'leftpanel.label.my.documents', 'My documents', 'en-GB');
INSERT INTO OKM_TRANSLATION (TR_MODULE, TR_KEY, TR_TEXT, TR_LANGUAGE) VALUES ('frontend', 'leftpanel.label.user.search', 'User news', 'en-GB');
INSERT INTO OKM_TRANSLATION (TR_MODULE, TR_KEY, TR_TEXT, TR_LANGUAGE) VALUES ('frontend', 'leftpanel.label.all.repository', 'All repository', 'en-GB');
INSERT INTO OKM_TRANSLATION (TR_MODULE, TR_KEY, TR_TEXT, TR_LANGUAGE) VALUES ('frontend', 'tree.menu.directory.create', 'Create folder', 'en-GB');
INSERT INTO OKM_TRANSLATION (TR_MODULE, TR_KEY, TR_TEXT, TR_LANGUAGE) VALUES ('frontend', 'tree.menu.directory.remove', 'Delete', 'en-GB');
INSERT INTO OKM_TRANSLATION (TR_MODULE, TR_KEY, TR_TEXT, TR_LANGUAGE) VALUES ('frontend', 'tree.menu.directory.rename', 'Rename', 'en-GB');
INSERT INTO OKM_TRANSLATION (TR_MODULE, TR_KEY, TR_TEXT, TR_LANGUAGE) VALUES ('frontend', 'tree.menu.directory.refresh', 'Refresh', 'en-GB');
INSERT INTO OKM_TRANSLATION (TR_MODULE, TR_KEY, TR_TEXT, TR_LANGUAGE) VALUES ('frontend', 'tree.menu.directory.move', 'Move', 'en-GB');
INSERT INTO OKM_TRANSLATION (TR_MODULE, TR_KEY, TR_TEXT, TR_LANGUAGE) VALUES ('frontend', 'tree.menu.directory.copy', 'Copy', 'en-GB');
INSERT INTO OKM_TRANSLATION (TR_MODULE, TR_KEY, TR_TEXT, TR_LANGUAGE) VALUES ('frontend', 'tree.menu.directory.add.document', 'Add document', 'en-GB');
INSERT INTO OKM_TRANSLATION (TR_MODULE, TR_KEY, TR_TEXT, TR_LANGUAGE) VALUES ('frontend', 'tree.menu.add.bookmark', 'Add bookmark', 'en-GB');
INSERT INTO OKM_TRANSLATION (TR_MODULE, TR_KEY, TR_TEXT, TR_LANGUAGE) VALUES ('frontend', 'tree.menu.set.home', 'Set default home', 'en-GB');
INSERT INTO OKM_TRANSLATION (TR_MODULE, TR_KEY, TR_TEXT, TR_LANGUAGE) VALUES ('frontend', 'tree.menu.export', 'Export to file', 'en-GB');
INSERT INTO OKM_TRANSLATION (TR_MODULE, TR_KEY, TR_TEXT, TR_LANGUAGE) VALUES ('frontend', 'tree.status.refresh.folder', 'Updating folder tree', 'en-GB');
INSERT INTO OKM_TRANSLATION (TR_MODULE, TR_KEY, TR_TEXT, TR_LANGUAGE) VALUES ('frontend', 'tree.status.refresh.create', 'Creating folder', 'en-GB');
INSERT INTO OKM_TRANSLATION (TR_MODULE, TR_KEY, TR_TEXT, TR_LANGUAGE) VALUES ('frontend', 'tree.status.refresh.delete', 'Deleting folder', 'en-GB');
INSERT INTO OKM_TRANSLATION (TR_MODULE, TR_KEY, TR_TEXT, TR_LANGUAGE) VALUES ('frontend', 'tree.status.refresh.rename', 'Renaming folder', 'en-GB');
INSERT INTO OKM_TRANSLATION (TR_MODULE, TR_KEY, TR_TEXT, TR_LANGUAGE) VALUES ('frontend', 'tree.status.refresh.restore', 'Restoring folder', 'en-GB');
INSERT INTO OKM_TRANSLATION (TR_MODULE, TR_KEY, TR_TEXT, TR_LANGUAGE) VALUES ('frontend', 'tree.status.refresh.purge', 'Purging folder', 'en-GB');
INSERT INTO OKM_TRANSLATION (TR_MODULE, TR_KEY, TR_TEXT, TR_LANGUAGE) VALUES ('frontend', 'tree.status.refresh.get', 'Updating folder', 'en-GB');
INSERT INTO OKM_TRANSLATION (TR_MODULE, TR_KEY, TR_TEXT, TR_LANGUAGE) VALUES ('frontend', 'tree.folder.new', 'New folder', 'en-GB');
INSERT INTO OKM_TRANSLATION (TR_MODULE, TR_KEY, TR_TEXT, TR_LANGUAGE) VALUES ('frontend', 'tree.status.refresh.add.subscription', 'Adding subscription', 'en-GB');
INSERT INTO OKM_TRANSLATION (TR_MODULE, TR_KEY, TR_TEXT, TR_LANGUAGE) VALUES ('frontend', 'tree.status.refresh.remove.subscription', 'Deleting subscription', 'en-GB');
INSERT INTO OKM_TRANSLATION (TR_MODULE, TR_KEY, TR_TEXT, TR_LANGUAGE) VALUES ('frontend', 'tree.status.refresh.get.root', 'Refreshing root folder', 'en-GB');
INSERT INTO OKM_TRANSLATION (TR_MODULE, TR_KEY, TR_TEXT, TR_LANGUAGE) VALUES ('frontend', 'tree.status.refresh.get.keywords', 'Refreshing keywords', 'en-GB');
INSERT INTO OKM_TRANSLATION (TR_MODULE, TR_KEY, TR_TEXT, TR_LANGUAGE) VALUES ('frontend', 'tree.status.refresh.get.user.home', 'Getting user home', 'en-GB');
INSERT INTO OKM_TRANSLATION (TR_MODULE, TR_KEY, TR_TEXT, TR_LANGUAGE) VALUES ('frontend', 'tree.status.refresh.purge.trash', 'Cleaning trash', 'en-GB');
INSERT INTO OKM_TRANSLATION (TR_MODULE, TR_KEY, TR_TEXT, TR_LANGUAGE) VALUES ('frontend', 'tree.menu.directory.find.folder', 'Find folder', 'en-GB');
INSERT INTO OKM_TRANSLATION (TR_MODULE, TR_KEY, TR_TEXT, TR_LANGUAGE) VALUES ('frontend', 'trash.menu.directory.restore', 'Restore', 'en-GB');
INSERT INTO OKM_TRANSLATION (TR_MODULE, TR_KEY, TR_TEXT, TR_LANGUAGE) VALUES ('frontend', 'trash.menu.directory.purge', 'Purge', 'en-GB');
INSERT INTO OKM_TRANSLATION (TR_MODULE, TR_KEY, TR_TEXT, TR_LANGUAGE) VALUES ('frontend', 'trash.menu.directory.purge.trash', 'Purge trash', 'en-GB');
INSERT INTO OKM_TRANSLATION (TR_MODULE, TR_KEY, TR_TEXT, TR_LANGUAGE) VALUES ('frontend', 'trash.directory.select.label', 'Select destination folder', 'en-GB');
INSERT INTO OKM_TRANSLATION (TR_MODULE, TR_KEY, TR_TEXT, TR_LANGUAGE) VALUES ('frontend', 'general.menu.file', 'File', 'en-GB');
INSERT INTO OKM_TRANSLATION (TR_MODULE, TR_KEY, TR_TEXT, TR_LANGUAGE) VALUES ('frontend', 'general.menu.file.exit', 'Exit', 'en-GB');
INSERT INTO OKM_TRANSLATION (TR_MODULE, TR_KEY, TR_TEXT, TR_LANGUAGE) VALUES ('frontend', 'general.menu.file.purge.trash', 'Purge trash', 'en-GB');
INSERT INTO OKM_TRANSLATION (TR_MODULE, TR_KEY, TR_TEXT, TR_LANGUAGE) VALUES ('frontend', 'general.menu.edit', 'Edit', 'en-GB');
INSERT INTO OKM_TRANSLATION (TR_MODULE, TR_KEY, TR_TEXT, TR_LANGUAGE) VALUES ('frontend', 'general.menu.file.create.directory', 'Create folder', 'en-GB');
INSERT INTO OKM_TRANSLATION (TR_MODULE, TR_KEY, TR_TEXT, TR_LANGUAGE) VALUES ('frontend', 'general.menu.file.download.document', 'Download document', 'en-GB');
INSERT INTO OKM_TRANSLATION (TR_MODULE, TR_KEY, TR_TEXT, TR_LANGUAGE) VALUES ('frontend', 'general.menu.file.download.document.pdf', 'Download document as PDF', 'en-GB');
INSERT INTO OKM_TRANSLATION (TR_MODULE, TR_KEY, TR_TEXT, TR_LANGUAGE) VALUES ('frontend', 'general.menu.file.send.link', 'Send document link', 'en-GB');
INSERT INTO OKM_TRANSLATION (TR_MODULE, TR_KEY, TR_TEXT, TR_LANGUAGE) VALUES ('frontend', 'general.menu.file.send.attachment', 'Send document attachment', 'en-GB');
INSERT INTO OKM_TRANSLATION (TR_MODULE, TR_KEY, TR_TEXT, TR_LANGUAGE) VALUES ('frontend', 'general.menu.file.lock', 'Lock', 'en-GB');
INSERT INTO OKM_TRANSLATION (TR_MODULE, TR_KEY, TR_TEXT, TR_LANGUAGE) VALUES ('frontend', 'general.menu.file.unlock', 'Unlock', 'en-GB');
INSERT INTO OKM_TRANSLATION (TR_MODULE, TR_KEY, TR_TEXT, TR_LANGUAGE) VALUES ('frontend', 'general.menu.file.add.document', 'Add document', 'en-GB');
INSERT INTO OKM_TRANSLATION (TR_MODULE, TR_KEY, TR_TEXT, TR_LANGUAGE) VALUES ('frontend', 'general.menu.file.checkout', 'Check out', 'en-GB');
INSERT INTO OKM_TRANSLATION (TR_MODULE, TR_KEY, TR_TEXT, TR_LANGUAGE) VALUES ('frontend', 'general.menu.file.checkin', 'Check in', 'en-GB');
INSERT INTO OKM_TRANSLATION (TR_MODULE, TR_KEY, TR_TEXT, TR_LANGUAGE) VALUES ('frontend', 'general.menu.file.cancel.checkout', 'Cancel check out', 'en-GB');
INSERT INTO OKM_TRANSLATION (TR_MODULE, TR_KEY, TR_TEXT, TR_LANGUAGE) VALUES ('frontend', 'general.menu.file.delete', 'Delete', 'en-GB');
INSERT INTO OKM_TRANSLATION (TR_MODULE, TR_KEY, TR_TEXT, TR_LANGUAGE) VALUES ('frontend', 'general.menu.file.refresh', 'Refresh', 'en-GB');
INSERT INTO OKM_TRANSLATION (TR_MODULE, TR_KEY, TR_TEXT, TR_LANGUAGE) VALUES ('frontend', 'general.menu.file.scanner', 'Scanner', 'en-GB');
INSERT INTO OKM_TRANSLATION (TR_MODULE, TR_KEY, TR_TEXT, TR_LANGUAGE) VALUES ('frontend', 'general.menu.file.uploader', 'File uploader', 'en-GB');
INSERT INTO OKM_TRANSLATION (TR_MODULE, TR_KEY, TR_TEXT, TR_LANGUAGE) VALUES ('frontend', 'general.menu.tools', 'Tools', 'en-GB');
INSERT INTO OKM_TRANSLATION (TR_MODULE, TR_KEY, TR_TEXT, TR_LANGUAGE) VALUES ('frontend', 'general.menu.tools.languages', 'Languages', 'en-GB');
INSERT INTO OKM_TRANSLATION (TR_MODULE, TR_KEY, TR_TEXT, TR_LANGUAGE) VALUES ('frontend', 'general.menu.tools.skin', 'Skin', 'en-GB');
INSERT INTO OKM_TRANSLATION (TR_MODULE, TR_KEY, TR_TEXT, TR_LANGUAGE) VALUES ('frontend', 'general.menu.tools.skin.default', 'By default', 'en-GB');
INSERT INTO OKM_TRANSLATION (TR_MODULE, TR_KEY, TR_TEXT, TR_LANGUAGE) VALUES ('frontend', 'general.menu.tools.skin.default2', 'By default 2', 'en-GB');
INSERT INTO OKM_TRANSLATION (TR_MODULE, TR_KEY, TR_TEXT, TR_LANGUAGE) VALUES ('frontend', 'general.menu.tools.skin.mediumfont', 'Medium font', 'en-GB');
INSERT INTO OKM_TRANSLATION (TR_MODULE, TR_KEY, TR_TEXT, TR_LANGUAGE) VALUES ('frontend', 'general.menu.tools.skin.bigfont', 'Big font', 'en-GB');
INSERT INTO OKM_TRANSLATION (TR_MODULE, TR_KEY, TR_TEXT, TR_LANGUAGE) VALUES ('frontend', 'general.menu.debug.console', 'Debug console', 'en-GB');
INSERT INTO OKM_TRANSLATION (TR_MODULE, TR_KEY, TR_TEXT, TR_LANGUAGE) VALUES ('frontend', 'general.menu.administration', 'Show administration', 'en-GB');
INSERT INTO OKM_TRANSLATION (TR_MODULE, TR_KEY, TR_TEXT, TR_LANGUAGE) VALUES ('frontend', 'general.menu.tools.preferences', 'Preferences', 'en-GB');
INSERT INTO OKM_TRANSLATION (TR_MODULE, TR_KEY, TR_TEXT, TR_LANGUAGE) VALUES ('frontend', 'general.menu.tools.user.preferences', 'User configuration', 'en-GB');
INSERT INTO OKM_TRANSLATION (TR_MODULE, TR_KEY, TR_TEXT, TR_LANGUAGE) VALUES ('frontend', 'general.menu.bookmark', 'Bookmarks', 'en-GB');
INSERT INTO OKM_TRANSLATION (TR_MODULE, TR_KEY, TR_TEXT, TR_LANGUAGE) VALUES ('frontend', 'general.menu.bookmark.home', 'Home', 'en-GB');
INSERT INTO OKM_TRANSLATION (TR_MODULE, TR_KEY, TR_TEXT, TR_LANGUAGE) VALUES ('frontend', 'general.menu.bookmark.default.home', 'Set default home', 'en-GB');
INSERT INTO OKM_TRANSLATION (TR_MODULE, TR_KEY, TR_TEXT, TR_LANGUAGE) VALUES ('frontend', 'general.menu.bookmark.edit', 'Edit bookmarks', 'en-GB');
INSERT INTO OKM_TRANSLATION (TR_MODULE, TR_KEY, TR_TEXT, TR_LANGUAGE) VALUES ('frontend', 'general.menu.help', 'Help', 'en-GB');
INSERT INTO OKM_TRANSLATION (TR_MODULE, TR_KEY, TR_TEXT, TR_LANGUAGE) VALUES ('frontend', 'general.menu.bug.report', 'Bug report', 'en-GB');
INSERT INTO OKM_TRANSLATION (TR_MODULE, TR_KEY, TR_TEXT, TR_LANGUAGE) VALUES ('frontend', 'general.menu.support.request', 'Support request', 'en-GB');
INSERT INTO OKM_TRANSLATION (TR_MODULE, TR_KEY, TR_TEXT, TR_LANGUAGE) VALUES ('frontend', 'general.menu.public.forum', 'Public forum', 'en-GB');
INSERT INTO OKM_TRANSLATION (TR_MODULE, TR_KEY, TR_TEXT, TR_LANGUAGE) VALUES ('frontend', 'general.menu.project.web', 'Project web', 'en-GB');
INSERT INTO OKM_TRANSLATION (TR_MODULE, TR_KEY, TR_TEXT, TR_LANGUAGE) VALUES ('frontend', 'general.menu.version.changes', 'Version notes', 'en-GB');
INSERT INTO OKM_TRANSLATION (TR_MODULE, TR_KEY, TR_TEXT, TR_LANGUAGE) VALUES ('frontend', 'general.menu.documentation', 'Documentation', 'en-GB');
INSERT INTO OKM_TRANSLATION (TR_MODULE, TR_KEY, TR_TEXT, TR_LANGUAGE) VALUES ('frontend', 'general.menu.about', 'About OpenKM', 'en-GB');
INSERT INTO OKM_TRANSLATION (TR_MODULE, TR_KEY, TR_TEXT, TR_LANGUAGE) VALUES ('frontend', 'general.connected', 'Connected as', 'en-GB');
INSERT INTO OKM_TRANSLATION (TR_MODULE, TR_KEY, TR_TEXT, TR_LANGUAGE) VALUES ('frontend', 'filebrowser.name', 'Name', 'en-GB');
INSERT INTO OKM_TRANSLATION (TR_MODULE, TR_KEY, TR_TEXT, TR_LANGUAGE) VALUES ('frontend', 'filebrowser.date.update', 'Update date', 'en-GB');
INSERT INTO OKM_TRANSLATION (TR_MODULE, TR_KEY, TR_TEXT, TR_LANGUAGE) VALUES ('frontend', 'filebrowser.size', 'Size', 'en-GB');
INSERT INTO OKM_TRANSLATION (TR_MODULE, TR_KEY, TR_TEXT, TR_LANGUAGE) VALUES ('frontend', 'filebrowser.path', 'Path', 'en-GB');
INSERT INTO OKM_TRANSLATION (TR_MODULE, TR_KEY, TR_TEXT, TR_LANGUAGE) VALUES ('frontend', 'filebrowser.author', 'Author', 'en-GB');
INSERT INTO OKM_TRANSLATION (TR_MODULE, TR_KEY, TR_TEXT, TR_LANGUAGE) VALUES ('frontend', 'filebrowser.version', 'Version', 'en-GB');
INSERT INTO OKM_TRANSLATION (TR_MODULE, TR_KEY, TR_TEXT, TR_LANGUAGE) VALUES ('frontend', 'filebrowser.menu.checkout', 'Check out', 'en-GB');
INSERT INTO OKM_TRANSLATION (TR_MODULE, TR_KEY, TR_TEXT, TR_LANGUAGE) VALUES ('frontend', 'filebrowser.menu.checkin', 'Check in', 'en-GB');
INSERT INTO OKM_TRANSLATION (TR_MODULE, TR_KEY, TR_TEXT, TR_LANGUAGE) VALUES ('frontend', 'filebrowser.menu.delete', 'Delete', 'en-GB');
INSERT INTO OKM_TRANSLATION (TR_MODULE, TR_KEY, TR_TEXT, TR_LANGUAGE) VALUES ('frontend', 'filebrowser.menu.rename', 'Rename', 'en-GB');
INSERT INTO OKM_TRANSLATION (TR_MODULE, TR_KEY, TR_TEXT, TR_LANGUAGE) VALUES ('frontend', 'filebrowser.menu.checkout.cancel', 'Check out cancel', 'en-GB');
INSERT INTO OKM_TRANSLATION (TR_MODULE, TR_KEY, TR_TEXT, TR_LANGUAGE) VALUES ('frontend', 'filebrowser.menu.lock', 'Lock', 'en-GB');
INSERT INTO OKM_TRANSLATION (TR_MODULE, TR_KEY, TR_TEXT, TR_LANGUAGE) VALUES ('frontend', 'filebrowser.menu.unlock', 'Unlock', 'en-GB');
INSERT INTO OKM_TRANSLATION (TR_MODULE, TR_KEY, TR_TEXT, TR_LANGUAGE) VALUES ('frontend', 'filebrowser.menu.download', 'Download', 'en-GB');
INSERT INTO OKM_TRANSLATION (TR_MODULE, TR_KEY, TR_TEXT, TR_LANGUAGE) VALUES ('frontend', 'filebrowser.menu.move', 'Move', 'en-GB');
INSERT INTO OKM_TRANSLATION (TR_MODULE, TR_KEY, TR_TEXT, TR_LANGUAGE) VALUES ('frontend', 'filebrowser.menu.copy', 'Copy', 'en-GB');
INSERT INTO OKM_TRANSLATION (TR_MODULE, TR_KEY, TR_TEXT, TR_LANGUAGE) VALUES ('frontend', 'filebrowser.menu.create.from.template', 'Create from template', 'en-GB');
INSERT INTO OKM_TRANSLATION (TR_MODULE, TR_KEY, TR_TEXT, TR_LANGUAGE) VALUES ('frontend', 'filebrowser.menu.add.property.group', 'Add property group', 'en-GB');
INSERT INTO OKM_TRANSLATION (TR_MODULE, TR_KEY, TR_TEXT, TR_LANGUAGE) VALUES ('frontend', 'filebrowser.menu.remove.property.group', 'Remove property group', 'en-GB');
INSERT INTO OKM_TRANSLATION (TR_MODULE, TR_KEY, TR_TEXT, TR_LANGUAGE) VALUES ('frontend', 'filebrowser.menu.start.workflow', 'Start workflow', 'en-GB');
INSERT INTO OKM_TRANSLATION (TR_MODULE, TR_KEY, TR_TEXT, TR_LANGUAGE) VALUES ('frontend', 'filebrowser.menu.add.subscription', 'Add subscription', 'en-GB');
INSERT INTO OKM_TRANSLATION (TR_MODULE, TR_KEY, TR_TEXT, TR_LANGUAGE) VALUES ('frontend', 'filebrowser.menu.remove.subscription', 'Remove subscrition', 'en-GB');
INSERT INTO OKM_TRANSLATION (TR_MODULE, TR_KEY, TR_TEXT, TR_LANGUAGE) VALUES ('frontend', 'filebrowser.menu.add.bookmark', 'Add bookmark', 'en-GB');
INSERT INTO OKM_TRANSLATION (TR_MODULE, TR_KEY, TR_TEXT, TR_LANGUAGE) VALUES ('frontend', 'filebrowser.menu.set.home', 'Set default home', 'en-GB');
INSERT INTO OKM_TRANSLATION (TR_MODULE, TR_KEY, TR_TEXT, TR_LANGUAGE) VALUES ('frontend', 'filebrowser.menu.refresh', 'Refresh', 'en-GB');
INSERT INTO OKM_TRANSLATION (TR_MODULE, TR_KEY, TR_TEXT, TR_LANGUAGE) VALUES ('frontend', 'filebrowser.menu.export', 'Export to ZIP', 'en-GB');
INSERT INTO OKM_TRANSLATION (TR_MODULE, TR_KEY, TR_TEXT, TR_LANGUAGE) VALUES ('frontend', 'filebrowser.menu.play', 'Play', 'en-GB');
INSERT INTO OKM_TRANSLATION (TR_MODULE, TR_KEY, TR_TEXT, TR_LANGUAGE) VALUES ('frontend', 'filebrowser.menu.image.viewer', 'Image viewer', 'en-GB');
INSERT INTO OKM_TRANSLATION (TR_MODULE, TR_KEY, TR_TEXT, TR_LANGUAGE) VALUES ('frontend', 'filebrowser.status.refresh.folder', 'Updating folder list', 'en-GB');
INSERT INTO OKM_TRANSLATION (TR_MODULE, TR_KEY, TR_TEXT, TR_LANGUAGE) VALUES ('frontend', 'filebrowser.status.refresh.document', 'Updating document list', 'en-GB');
INSERT INTO OKM_TRANSLATION (TR_MODULE, TR_KEY, TR_TEXT, TR_LANGUAGE) VALUES ('frontend', 'filebrowser.status.refresh.mail', 'Updating mail list', 'en-GB');
INSERT INTO OKM_TRANSLATION (TR_MODULE, TR_KEY, TR_TEXT, TR_LANGUAGE) VALUES ('frontend', 'filebrowser.status.refresh.delete.folder', 'Deleting folder', 'en-GB');
INSERT INTO OKM_TRANSLATION (TR_MODULE, TR_KEY, TR_TEXT, TR_LANGUAGE) VALUES ('frontend', 'filebrowser.status.refresh.delete.document', 'Deleting document', 'en-GB');
INSERT INTO OKM_TRANSLATION (TR_MODULE, TR_KEY, TR_TEXT, TR_LANGUAGE) VALUES ('frontend', 'filebrowser.status.refresh.checkout', 'Checking out document', 'en-GB');
INSERT INTO OKM_TRANSLATION (TR_MODULE, TR_KEY, TR_TEXT, TR_LANGUAGE) VALUES ('frontend', 'filebrowser.status.refresh.lock', 'Locking document', 'en-GB');
INSERT INTO OKM_TRANSLATION (TR_MODULE, TR_KEY, TR_TEXT, TR_LANGUAGE) VALUES ('frontend', 'filebrowser.status.refresh.unlock', 'Unlocking document', 'en-GB');
INSERT INTO OKM_TRANSLATION (TR_MODULE, TR_KEY, TR_TEXT, TR_LANGUAGE) VALUES ('frontend', 'filebrowser.status.refresh.document.rename', 'Renaming document', 'en-GB');
INSERT INTO OKM_TRANSLATION (TR_MODULE, TR_KEY, TR_TEXT, TR_LANGUAGE) VALUES ('frontend', 'filebrowser.status.refresh.folder.rename', 'Renaming folder', 'en-GB');
INSERT INTO OKM_TRANSLATION (TR_MODULE, TR_KEY, TR_TEXT, TR_LANGUAGE) VALUES ('frontend', 'filebrowser.status.refresh.document.purge', 'Deleting document', 'en-GB');
INSERT INTO OKM_TRANSLATION (TR_MODULE, TR_KEY, TR_TEXT, TR_LANGUAGE) VALUES ('frontend', 'filebrowser.status.refresh.folder.purge', 'Deleting folder', 'en-GB');
INSERT INTO OKM_TRANSLATION (TR_MODULE, TR_KEY, TR_TEXT, TR_LANGUAGE) VALUES ('frontend', 'filebrowser.status.refresh.folder.get', 'Updating folder', 'en-GB');
INSERT INTO OKM_TRANSLATION (TR_MODULE, TR_KEY, TR_TEXT, TR_LANGUAGE) VALUES ('frontend', 'filebrowser.status.refresh.document.get', 'Updating document', 'en-GB');
INSERT INTO OKM_TRANSLATION (TR_MODULE, TR_KEY, TR_TEXT, TR_LANGUAGE) VALUES ('frontend', 'filebrowser.status.refresh.add.subscription', 'Adding subscription', 'en-GB');
INSERT INTO OKM_TRANSLATION (TR_MODULE, TR_KEY, TR_TEXT, TR_LANGUAGE) VALUES ('frontend', 'filebrowser.status.refresh.remove.subscription', 'Deleting subscription', 'en-GB');
INSERT INTO OKM_TRANSLATION (TR_MODULE, TR_KEY, TR_TEXT, TR_LANGUAGE) VALUES ('frontend', 'filebrowser.status.refresh.get.user.home', 'Getting user home', 'en-GB');
INSERT INTO OKM_TRANSLATION (TR_MODULE, TR_KEY, TR_TEXT, TR_LANGUAGE) VALUES ('frontend', 'filebrowser.status.refresh.delete.mail', 'Deleting mail', 'en-GB');
INSERT INTO OKM_TRANSLATION (TR_MODULE, TR_KEY, TR_TEXT, TR_LANGUAGE) VALUES ('frontend', 'filebrowser.status.refresh.mail.purge', 'Deleting mail', 'en-GB');
INSERT INTO OKM_TRANSLATION (TR_MODULE, TR_KEY, TR_TEXT, TR_LANGUAGE) VALUES ('frontend', 'fileupload.send', 'Send', 'en-GB');
INSERT INTO OKM_TRANSLATION (TR_MODULE, TR_KEY, TR_TEXT, TR_LANGUAGE) VALUES ('frontend', 'fileupload.status.sending', 'Uploading file...', 'en-GB');
INSERT INTO OKM_TRANSLATION (TR_MODULE, TR_KEY, TR_TEXT, TR_LANGUAGE) VALUES ('frontend', 'fileupload.status.indexing', 'Indexing file...', 'en-GB');
INSERT INTO OKM_TRANSLATION (TR_MODULE, TR_KEY, TR_TEXT, TR_LANGUAGE) VALUES ('frontend', 'fileupload.status.ok', 'File uploaded correctly', 'en-GB');
INSERT INTO OKM_TRANSLATION (TR_MODULE, TR_KEY, TR_TEXT, TR_LANGUAGE) VALUES ('frontend', 'fileupload.upload.status', 'Upload status', 'en-GB');
INSERT INTO OKM_TRANSLATION (TR_MODULE, TR_KEY, TR_TEXT, TR_LANGUAGE) VALUES ('frontend', 'fileupload.upload.uploaded', 'Uploaded', 'en-GB');
INSERT INTO OKM_TRANSLATION (TR_MODULE, TR_KEY, TR_TEXT, TR_LANGUAGE) VALUES ('frontend', 'fileupload.upload.completed', 'Upload completed', 'en-GB');
INSERT INTO OKM_TRANSLATION (TR_MODULE, TR_KEY, TR_TEXT, TR_LANGUAGE) VALUES ('frontend', 'fileupload.upload.runtime', 'Runtime', 'en-GB');
INSERT INTO OKM_TRANSLATION (TR_MODULE, TR_KEY, TR_TEXT, TR_LANGUAGE) VALUES ('frontend', 'fileupload.upload.remaining', 'Remaining', 'en-GB');
INSERT INTO OKM_TRANSLATION (TR_MODULE, TR_KEY, TR_TEXT, TR_LANGUAGE) VALUES ('frontend', 'fileupload.button.close', 'Close', 'en-GB');
INSERT INTO OKM_TRANSLATION (TR_MODULE, TR_KEY, TR_TEXT, TR_LANGUAGE) VALUES ('frontend', 'fileupload.button.add.other.file', 'Add another file', 'en-GB');
INSERT INTO OKM_TRANSLATION (TR_MODULE, TR_KEY, TR_TEXT, TR_LANGUAGE) VALUES ('frontend', 'fileupload.status.move.file', 'Moving file...', 'en-GB');
INSERT INTO OKM_TRANSLATION (TR_MODULE, TR_KEY, TR_TEXT, TR_LANGUAGE) VALUES ('frontend', 'fileupload.status.move.mail', 'Moving mail...', 'en-GB');
INSERT INTO OKM_TRANSLATION (TR_MODULE, TR_KEY, TR_TEXT, TR_LANGUAGE) VALUES ('frontend', 'fileupload.status.copy.file', 'Coping file...', 'en-GB');
INSERT INTO OKM_TRANSLATION (TR_MODULE, TR_KEY, TR_TEXT, TR_LANGUAGE) VALUES ('frontend', 'fileupload.status.copy.mail', 'Coping mail...', 'en-GB');
INSERT INTO OKM_TRANSLATION (TR_MODULE, TR_KEY, TR_TEXT, TR_LANGUAGE) VALUES ('frontend', 'fileupload.status.restore.file', 'Restoring file...', 'en-GB');
INSERT INTO OKM_TRANSLATION (TR_MODULE, TR_KEY, TR_TEXT, TR_LANGUAGE) VALUES ('frontend', 'fileupload.status.restore.mail', 'Restoring mail...', 'en-GB');
INSERT INTO OKM_TRANSLATION (TR_MODULE, TR_KEY, TR_TEXT, TR_LANGUAGE) VALUES ('frontend', 'fileupload.status.move.folder', 'Moving folder...', 'en-GB');
INSERT INTO OKM_TRANSLATION (TR_MODULE, TR_KEY, TR_TEXT, TR_LANGUAGE) VALUES ('frontend', 'fileupload.status.copy.folder', 'Coping folder...', 'en-GB');
INSERT INTO OKM_TRANSLATION (TR_MODULE, TR_KEY, TR_TEXT, TR_LANGUAGE) VALUES ('frontend', 'fileupload.status.restore.folder', 'Restoring folder...', 'en-GB');
INSERT INTO OKM_TRANSLATION (TR_MODULE, TR_KEY, TR_TEXT, TR_LANGUAGE) VALUES ('frontend', 'fileupload.status.create.from.template', 'Creating file from template...', 'en-GB');
INSERT INTO OKM_TRANSLATION (TR_MODULE, TR_KEY, TR_TEXT, TR_LANGUAGE) VALUES ('frontend', 'fileupload.status.of', 'of', 'en-GB');
INSERT INTO OKM_TRANSLATION (TR_MODULE, TR_KEY, TR_TEXT, TR_LANGUAGE) VALUES ('frontend', 'fileupload.label.insert', 'Add new documents', 'en-GB');
INSERT INTO OKM_TRANSLATION (TR_MODULE, TR_KEY, TR_TEXT, TR_LANGUAGE) VALUES ('frontend', 'fileupload.label.update', 'Update documents', 'en-GB');
INSERT INTO OKM_TRANSLATION (TR_MODULE, TR_KEY, TR_TEXT, TR_LANGUAGE) VALUES ('frontend', 'fileupload.label.users.notify', 'Notify to users', 'en-GB');
INSERT INTO OKM_TRANSLATION (TR_MODULE, TR_KEY, TR_TEXT, TR_LANGUAGE) VALUES ('frontend', 'fileupload.label.comment', 'Comment', 'en-GB');
INSERT INTO OKM_TRANSLATION (TR_MODULE, TR_KEY, TR_TEXT, TR_LANGUAGE) VALUES ('frontend', 'fileupload.label.users.to.notify"', '  "Users to notify', 'en-GB');
INSERT INTO OKM_TRANSLATION (TR_MODULE, TR_KEY, TR_TEXT, TR_LANGUAGE) VALUES ('frontend', 'fileupload.label.users"', '  "Users', 'en-GB');
INSERT INTO OKM_TRANSLATION (TR_MODULE, TR_KEY, TR_TEXT, TR_LANGUAGE) VALUES ('frontend', 'fileupload.label.groups.to.notify', 'Groups to notify', 'en-GB');
INSERT INTO OKM_TRANSLATION (TR_MODULE, TR_KEY, TR_TEXT, TR_LANGUAGE) VALUES ('frontend', 'fileupload.label.groups', 'Groups', 'en-GB');
INSERT INTO OKM_TRANSLATION (TR_MODULE, TR_KEY, TR_TEXT, TR_LANGUAGE) VALUES ('frontend', 'fileupload.label.must.select.users"', '  "You must select some user to notify', 'en-GB');
INSERT INTO OKM_TRANSLATION (TR_MODULE, TR_KEY, TR_TEXT, TR_LANGUAGE) VALUES ('frontend', 'fileupload.label.importZip', 'Import Documents from ZIP', 'en-GB');
INSERT INTO OKM_TRANSLATION (TR_MODULE, TR_KEY, TR_TEXT, TR_LANGUAGE) VALUES ('frontend', 'fileupload.label.notify.comment', 'Notification message', 'en-GB');
INSERT INTO OKM_TRANSLATION (TR_MODULE, TR_KEY, TR_TEXT, TR_LANGUAGE) VALUES ('frontend', 'fileupload.label.error.importing.zip', 'Error importing file', 'en-GB');
INSERT INTO OKM_TRANSLATION (TR_MODULE, TR_KEY, TR_TEXT, TR_LANGUAGE) VALUES ('frontend', 'fileupload.label.error.move.file', 'Error moving file', 'en-GB');
INSERT INTO OKM_TRANSLATION (TR_MODULE, TR_KEY, TR_TEXT, TR_LANGUAGE) VALUES ('frontend', 'fileupload.label.error.move.mail', 'Error moving mail', 'en-GB');
INSERT INTO OKM_TRANSLATION (TR_MODULE, TR_KEY, TR_TEXT, TR_LANGUAGE) VALUES ('frontend', 'fileupload.label.error.copy.file', 'Error coping file', 'en-GB');
INSERT INTO OKM_TRANSLATION (TR_MODULE, TR_KEY, TR_TEXT, TR_LANGUAGE) VALUES ('frontend', 'fileupload.label.error.copy.mail', 'Error coping mail', 'en-GB');
INSERT INTO OKM_TRANSLATION (TR_MODULE, TR_KEY, TR_TEXT, TR_LANGUAGE) VALUES ('frontend', 'fileupload.label.error.restore.file', 'Error restoring file', 'en-GB');
INSERT INTO OKM_TRANSLATION (TR_MODULE, TR_KEY, TR_TEXT, TR_LANGUAGE) VALUES ('frontend', 'fileupload.label.error.restore.mail', 'Error restoring mail', 'en-GB');
INSERT INTO OKM_TRANSLATION (TR_MODULE, TR_KEY, TR_TEXT, TR_LANGUAGE) VALUES ('frontend', 'fileupload.label.error.move.folder', 'Error moving folder', 'en-GB');
INSERT INTO OKM_TRANSLATION (TR_MODULE, TR_KEY, TR_TEXT, TR_LANGUAGE) VALUES ('frontend', 'fileupload.label.error.copy.folder', 'Error coping folder', 'en-GB');
INSERT INTO OKM_TRANSLATION (TR_MODULE, TR_KEY, TR_TEXT, TR_LANGUAGE) VALUES ('frontend', 'fileupload.label.error.restore.folder', 'Error restoring folder', 'en-GB');
INSERT INTO OKM_TRANSLATION (TR_MODULE, TR_KEY, TR_TEXT, TR_LANGUAGE) VALUES ('frontend', 'fileupload.label.error.create.from.template', 'Error creating file from template', 'en-GB');
INSERT INTO OKM_TRANSLATION (TR_MODULE, TR_KEY, TR_TEXT, TR_LANGUAGE) VALUES ('frontend', 'fileupload.label.error.not.allowed.move.folder.child', 'Not allowed to move on origin or child folder', 'en-GB');
INSERT INTO OKM_TRANSLATION (TR_MODULE, TR_KEY, TR_TEXT, TR_LANGUAGE) VALUES ('frontend', 'fileupload.label.error.not.allowed.copy.same.folder', 'Not allowed to move on origin folder', 'en-GB');
INSERT INTO OKM_TRANSLATION (TR_MODULE, TR_KEY, TR_TEXT, TR_LANGUAGE) VALUES ('frontend', 'fileupload.label.error.not.allowed.create.from.template.same.folder', 'Not allowed to create a file on origin folder', 'en-GB');
INSERT INTO OKM_TRANSLATION (TR_MODULE, TR_KEY, TR_TEXT, TR_LANGUAGE) VALUES ('frontend', 'tab.document.properties', 'Properties', 'en-GB');
INSERT INTO OKM_TRANSLATION (TR_MODULE, TR_KEY, TR_TEXT, TR_LANGUAGE) VALUES ('frontend', 'tab.document.notes', 'Notes', 'en-GB');
INSERT INTO OKM_TRANSLATION (TR_MODULE, TR_KEY, TR_TEXT, TR_LANGUAGE) VALUES ('frontend', 'tab.document.history', 'History', 'en-GB');
INSERT INTO OKM_TRANSLATION (TR_MODULE, TR_KEY, TR_TEXT, TR_LANGUAGE) VALUES ('frontend', 'tab.document.status.history', 'Updating history', 'en-GB');
INSERT INTO OKM_TRANSLATION (TR_MODULE, TR_KEY, TR_TEXT, TR_LANGUAGE) VALUES ('frontend', 'tab.status.security.role', 'Updating security roles', 'en-GB');
INSERT INTO OKM_TRANSLATION (TR_MODULE, TR_KEY, TR_TEXT, TR_LANGUAGE) VALUES ('frontend', 'tab.status.security.user', 'Updating security users', 'en-GB');
INSERT INTO OKM_TRANSLATION (TR_MODULE, TR_KEY, TR_TEXT, TR_LANGUAGE) VALUES ('frontend', 'tab.document.status.group.properties', 'Updating property group', 'en-GB');
INSERT INTO OKM_TRANSLATION (TR_MODULE, TR_KEY, TR_TEXT, TR_LANGUAGE) VALUES ('frontend', 'tab.document.status.set.keywords', 'Setting keywords', 'en-GB');
INSERT INTO OKM_TRANSLATION (TR_MODULE, TR_KEY, TR_TEXT, TR_LANGUAGE) VALUES ('frontend', 'tab.document.status.set.categories', 'Updating categories', 'en-GB');
INSERT INTO OKM_TRANSLATION (TR_MODULE, TR_KEY, TR_TEXT, TR_LANGUAGE) VALUES ('frontend', 'tab.document.status.get.version.history.size', 'Refreshing document history size', 'en-GB');
INSERT INTO OKM_TRANSLATION (TR_MODULE, TR_KEY, TR_TEXT, TR_LANGUAGE) VALUES ('frontend', 'tab.document.status.purge.version.history', 'Compacting document history', 'en-GB');
INSERT INTO OKM_TRANSLATION (TR_MODULE, TR_KEY, TR_TEXT, TR_LANGUAGE) VALUES ('frontend', 'tab.document.status.restore.version', 'Restoring document version', 'en-GB');
INSERT INTO OKM_TRANSLATION (TR_MODULE, TR_KEY, TR_TEXT, TR_LANGUAGE) VALUES ('frontend', 'tab.document.security', 'Security', 'en-GB');
INSERT INTO OKM_TRANSLATION (TR_MODULE, TR_KEY, TR_TEXT, TR_LANGUAGE) VALUES ('frontend', 'tab.document.preview', 'Preview', 'en-GB');
INSERT INTO OKM_TRANSLATION (TR_MODULE, TR_KEY, TR_TEXT, TR_LANGUAGE) VALUES ('frontend', 'tab.folder.properties', 'Properties', 'en-GB');
INSERT INTO OKM_TRANSLATION (TR_MODULE, TR_KEY, TR_TEXT, TR_LANGUAGE) VALUES ('frontend', 'tab.folder.security', 'Security', 'en-GB');
INSERT INTO OKM_TRANSLATION (TR_MODULE, TR_KEY, TR_TEXT, TR_LANGUAGE) VALUES ('frontend', 'tab.workspace.desktop', 'Desktop', 'en-GB');
INSERT INTO OKM_TRANSLATION (TR_MODULE, TR_KEY, TR_TEXT, TR_LANGUAGE) VALUES ('frontend', 'tab.workspace.search', 'Search', 'en-GB');
INSERT INTO OKM_TRANSLATION (TR_MODULE, TR_KEY, TR_TEXT, TR_LANGUAGE) VALUES ('frontend', 'tab.workspace.dashboard', 'DashBoard', 'en-GB');
INSERT INTO OKM_TRANSLATION (TR_MODULE, TR_KEY, TR_TEXT, TR_LANGUAGE) VALUES ('frontend', 'tab.workspace.administration', 'Administration', 'en-GB');
INSERT INTO OKM_TRANSLATION (TR_MODULE, TR_KEY, TR_TEXT, TR_LANGUAGE) VALUES ('frontend', 'document.uuid', 'UUID', 'en-GB');
INSERT INTO OKM_TRANSLATION (TR_MODULE, TR_KEY, TR_TEXT, TR_LANGUAGE) VALUES ('frontend', 'document.name', 'Name', 'en-GB');
INSERT INTO OKM_TRANSLATION (TR_MODULE, TR_KEY, TR_TEXT, TR_LANGUAGE) VALUES ('frontend', 'document.folder', 'Folder', 'en-GB');
INSERT INTO OKM_TRANSLATION (TR_MODULE, TR_KEY, TR_TEXT, TR_LANGUAGE) VALUES ('frontend', 'document.size', 'Size', 'en-GB');
INSERT INTO OKM_TRANSLATION (TR_MODULE, TR_KEY, TR_TEXT, TR_LANGUAGE) VALUES ('frontend', 'document.created', 'Created', 'en-GB');
INSERT INTO OKM_TRANSLATION (TR_MODULE, TR_KEY, TR_TEXT, TR_LANGUAGE) VALUES ('frontend', 'document.lastmodified', 'Modified', 'en-GB');
INSERT INTO OKM_TRANSLATION (TR_MODULE, TR_KEY, TR_TEXT, TR_LANGUAGE) VALUES ('frontend', 'document.mimetype', 'MIME type', 'en-GB');
INSERT INTO OKM_TRANSLATION (TR_MODULE, TR_KEY, TR_TEXT, TR_LANGUAGE) VALUES ('frontend', 'document.keywords', 'Keywords', 'en-GB');
INSERT INTO OKM_TRANSLATION (TR_MODULE, TR_KEY, TR_TEXT, TR_LANGUAGE) VALUES ('frontend', 'document.by', 'by', 'en-GB');
INSERT INTO OKM_TRANSLATION (TR_MODULE, TR_KEY, TR_TEXT, TR_LANGUAGE) VALUES ('frontend', 'document.status', 'Status', 'en-GB');
INSERT INTO OKM_TRANSLATION (TR_MODULE, TR_KEY, TR_TEXT, TR_LANGUAGE) VALUES ('frontend', 'document.status.checkout', 'Edited by', 'en-GB');
INSERT INTO OKM_TRANSLATION (TR_MODULE, TR_KEY, TR_TEXT, TR_LANGUAGE) VALUES ('frontend', 'document.status.locked', 'Locked by', 'en-GB');
INSERT INTO OKM_TRANSLATION (TR_MODULE, TR_KEY, TR_TEXT, TR_LANGUAGE) VALUES ('frontend', 'document.status.normal', 'Available', 'en-GB');
INSERT INTO OKM_TRANSLATION (TR_MODULE, TR_KEY, TR_TEXT, TR_LANGUAGE) VALUES ('frontend', 'document.subscribed', 'Subscribed', 'en-GB');
INSERT INTO OKM_TRANSLATION (TR_MODULE, TR_KEY, TR_TEXT, TR_LANGUAGE) VALUES ('frontend', 'document.subscribed.yes', 'Yes', 'en-GB');
INSERT INTO OKM_TRANSLATION (TR_MODULE, TR_KEY, TR_TEXT, TR_LANGUAGE) VALUES ('frontend', 'document.subscribed.no', 'No', 'en-GB');
INSERT INTO OKM_TRANSLATION (TR_MODULE, TR_KEY, TR_TEXT, TR_LANGUAGE) VALUES ('frontend', 'document.history.size', 'History size', 'en-GB');
INSERT INTO OKM_TRANSLATION (TR_MODULE, TR_KEY, TR_TEXT, TR_LANGUAGE) VALUES ('frontend', 'document.subscribed.users', 'Subscribed users', 'en-GB');
INSERT INTO OKM_TRANSLATION (TR_MODULE, TR_KEY, TR_TEXT, TR_LANGUAGE) VALUES ('frontend', 'document.url', 'URL', 'en-GB');
INSERT INTO OKM_TRANSLATION (TR_MODULE, TR_KEY, TR_TEXT, TR_LANGUAGE) VALUES ('frontend', 'document.webdav', 'WebDAV', 'en-GB');
INSERT INTO OKM_TRANSLATION (TR_MODULE, TR_KEY, TR_TEXT, TR_LANGUAGE) VALUES ('frontend', 'document.add.note', 'Add note', 'en-GB');
INSERT INTO OKM_TRANSLATION (TR_MODULE, TR_KEY, TR_TEXT, TR_LANGUAGE) VALUES ('frontend', 'document.keywords.cloud', 'Keywords cloud', 'en-GB');
INSERT INTO OKM_TRANSLATION (TR_MODULE, TR_KEY, TR_TEXT, TR_LANGUAGE) VALUES ('frontend', 'document.categories', 'Categories', 'en-GB');
INSERT INTO OKM_TRANSLATION (TR_MODULE, TR_KEY, TR_TEXT, TR_LANGUAGE) VALUES ('frontend', 'folder.uuid', 'UUID', 'en-GB');
INSERT INTO OKM_TRANSLATION (TR_MODULE, TR_KEY, TR_TEXT, TR_LANGUAGE) VALUES ('frontend', 'folder.name', 'Name', 'en-GB');
INSERT INTO OKM_TRANSLATION (TR_MODULE, TR_KEY, TR_TEXT, TR_LANGUAGE) VALUES ('frontend', 'folder.parent', 'Parent', 'en-GB');
INSERT INTO OKM_TRANSLATION (TR_MODULE, TR_KEY, TR_TEXT, TR_LANGUAGE) VALUES ('frontend', 'folder.created', 'Created', 'en-GB');
INSERT INTO OKM_TRANSLATION (TR_MODULE, TR_KEY, TR_TEXT, TR_LANGUAGE) VALUES ('frontend', 'folder.by', 'by', 'en-GB');
INSERT INTO OKM_TRANSLATION (TR_MODULE, TR_KEY, TR_TEXT, TR_LANGUAGE) VALUES ('frontend', 'folder.subscribed', 'Subscribed', 'en-GB');
INSERT INTO OKM_TRANSLATION (TR_MODULE, TR_KEY, TR_TEXT, TR_LANGUAGE) VALUES ('frontend', 'folder.subscribed.yes', 'Yes', 'en-GB');
INSERT INTO OKM_TRANSLATION (TR_MODULE, TR_KEY, TR_TEXT, TR_LANGUAGE) VALUES ('frontend', 'folder.subscribed.no', 'No', 'en-GB');
INSERT INTO OKM_TRANSLATION (TR_MODULE, TR_KEY, TR_TEXT, TR_LANGUAGE) VALUES ('frontend', 'folder.subscribed.users', 'Subscribed users', 'en-GB');
INSERT INTO OKM_TRANSLATION (TR_MODULE, TR_KEY, TR_TEXT, TR_LANGUAGE) VALUES ('frontend', 'folder.url', 'URL', 'en-GB');
INSERT INTO OKM_TRANSLATION (TR_MODULE, TR_KEY, TR_TEXT, TR_LANGUAGE) VALUES ('frontend', 'folder.webdav', 'WebDAV', 'en-GB');
INSERT INTO OKM_TRANSLATION (TR_MODULE, TR_KEY, TR_TEXT, TR_LANGUAGE) VALUES ('frontend', 'folder.number.folders', 'Folders', 'en-GB');
INSERT INTO OKM_TRANSLATION (TR_MODULE, TR_KEY, TR_TEXT, TR_LANGUAGE) VALUES ('frontend', 'folder.number.documents', 'Documents', 'en-GB');
INSERT INTO OKM_TRANSLATION (TR_MODULE, TR_KEY, TR_TEXT, TR_LANGUAGE) VALUES ('frontend', 'folder.number.mails', 'Mails', 'en-GB');
INSERT INTO OKM_TRANSLATION (TR_MODULE, TR_KEY, TR_TEXT, TR_LANGUAGE) VALUES ('frontend', 'version.name', 'Version', 'en-GB');
INSERT INTO OKM_TRANSLATION (TR_MODULE, TR_KEY, TR_TEXT, TR_LANGUAGE) VALUES ('frontend', 'version.created', 'Date', 'en-GB');
INSERT INTO OKM_TRANSLATION (TR_MODULE, TR_KEY, TR_TEXT, TR_LANGUAGE) VALUES ('frontend', 'version.author', 'Author', 'en-GB');
INSERT INTO OKM_TRANSLATION (TR_MODULE, TR_KEY, TR_TEXT, TR_LANGUAGE) VALUES ('frontend', 'version.size', 'Size', 'en-GB');
INSERT INTO OKM_TRANSLATION (TR_MODULE, TR_KEY, TR_TEXT, TR_LANGUAGE) VALUES ('frontend', 'version.purge.document', 'Compact history', 'en-GB');
INSERT INTO OKM_TRANSLATION (TR_MODULE, TR_KEY, TR_TEXT, TR_LANGUAGE) VALUES ('frontend', 'version.comment', 'Comment', 'en-GB');
INSERT INTO OKM_TRANSLATION (TR_MODULE, TR_KEY, TR_TEXT, TR_LANGUAGE) VALUES ('frontend', 'security.label', 'Security', 'en-GB');
INSERT INTO OKM_TRANSLATION (TR_MODULE, TR_KEY, TR_TEXT, TR_LANGUAGE) VALUES ('frontend', 'security.group.name', 'Group', 'en-GB');
INSERT INTO OKM_TRANSLATION (TR_MODULE, TR_KEY, TR_TEXT, TR_LANGUAGE) VALUES ('frontend', 'security.group.permission.read', 'Read', 'en-GB');
INSERT INTO OKM_TRANSLATION (TR_MODULE, TR_KEY, TR_TEXT, TR_LANGUAGE) VALUES ('frontend', 'security.group.permission.write', 'Write', 'en-GB');
INSERT INTO OKM_TRANSLATION (TR_MODULE, TR_KEY, TR_TEXT, TR_LANGUAGE) VALUES ('frontend', 'security.group.permission.delete', 'Delete', 'en-GB');
INSERT INTO OKM_TRANSLATION (TR_MODULE, TR_KEY, TR_TEXT, TR_LANGUAGE) VALUES ('frontend', 'security.group.permission.security', 'Security', 'en-GB');
INSERT INTO OKM_TRANSLATION (TR_MODULE, TR_KEY, TR_TEXT, TR_LANGUAGE) VALUES ('frontend', 'security.user.name', 'User', 'en-GB');
INSERT INTO OKM_TRANSLATION (TR_MODULE, TR_KEY, TR_TEXT, TR_LANGUAGE) VALUES ('frontend', 'security.user.permission.read', 'Read', 'en-GB');
INSERT INTO OKM_TRANSLATION (TR_MODULE, TR_KEY, TR_TEXT, TR_LANGUAGE) VALUES ('frontend', 'security.user.permission.write', 'Write', 'en-GB');
INSERT INTO OKM_TRANSLATION (TR_MODULE, TR_KEY, TR_TEXT, TR_LANGUAGE) VALUES ('frontend', 'security.user.permission.delete', 'Delete', 'en-GB');
INSERT INTO OKM_TRANSLATION (TR_MODULE, TR_KEY, TR_TEXT, TR_LANGUAGE) VALUES ('frontend', 'security.user.permission.security', 'Security', 'en-GB');
INSERT INTO OKM_TRANSLATION (TR_MODULE, TR_KEY, TR_TEXT, TR_LANGUAGE) VALUES ('frontend', 'security.users', 'Users', 'en-GB');
INSERT INTO OKM_TRANSLATION (TR_MODULE, TR_KEY, TR_TEXT, TR_LANGUAGE) VALUES ('frontend', 'security.groups', 'Groups', 'en-GB');
INSERT INTO OKM_TRANSLATION (TR_MODULE, TR_KEY, TR_TEXT, TR_LANGUAGE) VALUES ('frontend', 'security.recursive', 'Recursive permission changes', 'en-GB');
INSERT INTO OKM_TRANSLATION (TR_MODULE, TR_KEY, TR_TEXT, TR_LANGUAGE) VALUES ('frontend', 'secutiry.filter.by.users', 'Users filter', 'en-GB');
INSERT INTO OKM_TRANSLATION (TR_MODULE, TR_KEY, TR_TEXT, TR_LANGUAGE) VALUES ('frontend', 'secutiry.filter.by.groups', 'Groups filter', 'en-GB');
INSERT INTO OKM_TRANSLATION (TR_MODULE, TR_KEY, TR_TEXT, TR_LANGUAGE) VALUES ('frontend', 'security.status.updating', 'Updating security', 'en-GB');
INSERT INTO OKM_TRANSLATION (TR_MODULE, TR_KEY, TR_TEXT, TR_LANGUAGE) VALUES ('frontend', 'preview.unavailable', 'Preview unavailable', 'en-GB');
INSERT INTO OKM_TRANSLATION (TR_MODULE, TR_KEY, TR_TEXT, TR_LANGUAGE) VALUES ('frontend', 'mail.from', 'From', 'en-GB');
INSERT INTO OKM_TRANSLATION (TR_MODULE, TR_KEY, TR_TEXT, TR_LANGUAGE) VALUES ('frontend', 'mail.reply', 'Reply to', 'en-GB');
INSERT INTO OKM_TRANSLATION (TR_MODULE, TR_KEY, TR_TEXT, TR_LANGUAGE) VALUES ('frontend', 'mail.to', 'To', 'en-GB');
INSERT INTO OKM_TRANSLATION (TR_MODULE, TR_KEY, TR_TEXT, TR_LANGUAGE) VALUES ('frontend', 'mail.subject', 'Subject', 'en-GB');
INSERT INTO OKM_TRANSLATION (TR_MODULE, TR_KEY, TR_TEXT, TR_LANGUAGE) VALUES ('frontend', 'mail.attachment', 'Attachments', 'en-GB');
INSERT INTO OKM_TRANSLATION (TR_MODULE, TR_KEY, TR_TEXT, TR_LANGUAGE) VALUES ('frontend', 'error.label', 'The system has generated an error', 'en-GB');
INSERT INTO OKM_TRANSLATION (TR_MODULE, TR_KEY, TR_TEXT, TR_LANGUAGE) VALUES ('frontend', 'error.invocation', 'Error when communicating with server', 'en-GB');
INSERT INTO OKM_TRANSLATION (TR_MODULE, TR_KEY, TR_TEXT, TR_LANGUAGE) VALUES ('frontend', 'about.label', 'About OpenKM', 'en-GB');
INSERT INTO OKM_TRANSLATION (TR_MODULE, TR_KEY, TR_TEXT, TR_LANGUAGE) VALUES ('frontend', 'about.loading', 'Loading ...', 'en-GB');
INSERT INTO OKM_TRANSLATION (TR_MODULE, TR_KEY, TR_TEXT, TR_LANGUAGE) VALUES ('frontend', 'logout.label', 'Exit', 'en-GB');
INSERT INTO OKM_TRANSLATION (TR_MODULE, TR_KEY, TR_TEXT, TR_LANGUAGE) VALUES ('frontend', 'logout.closed', 'OpenKM has been closed correctly.', 'en-GB');
INSERT INTO OKM_TRANSLATION (TR_MODULE, TR_KEY, TR_TEXT, TR_LANGUAGE) VALUES ('frontend', 'logout.logout', 'OpenKM is logging out,  please wait', 'en-GB');
INSERT INTO OKM_TRANSLATION (TR_MODULE, TR_KEY, TR_TEXT, TR_LANGUAGE) VALUES ('frontend', 'confirm.label', 'Confirmation', 'en-GB');
INSERT INTO OKM_TRANSLATION (TR_MODULE, TR_KEY, TR_TEXT, TR_LANGUAGE) VALUES ('frontend', 'confirm.delete.folder', 'Do you really want to delete folder ?', 'en-GB');
INSERT INTO OKM_TRANSLATION (TR_MODULE, TR_KEY, TR_TEXT, TR_LANGUAGE) VALUES ('frontend', 'confirm.delete.document', 'Do you really want to delete document ?', 'en-GB');
INSERT INTO OKM_TRANSLATION (TR_MODULE, TR_KEY, TR_TEXT, TR_LANGUAGE) VALUES ('frontend', 'confirm.delete.trash', 'Do you really want to empty trash ?', 'en-GB');
INSERT INTO OKM_TRANSLATION (TR_MODULE, TR_KEY, TR_TEXT, TR_LANGUAGE) VALUES ('frontend', 'confirm.purge.folder', 'Do you really want to delete folder ?', 'en-GB');
INSERT INTO OKM_TRANSLATION (TR_MODULE, TR_KEY, TR_TEXT, TR_LANGUAGE) VALUES ('frontend', 'confirm.purge.document', 'Do you really want to delete document ?', 'en-GB');
INSERT INTO OKM_TRANSLATION (TR_MODULE, TR_KEY, TR_TEXT, TR_LANGUAGE) VALUES ('frontend', 'confirm.delete.propety.group', 'Do you really want to delete property group ?', 'en-GB');
INSERT INTO OKM_TRANSLATION (TR_MODULE, TR_KEY, TR_TEXT, TR_LANGUAGE) VALUES ('frontend', 'confirm.purge.version.history.document', 'Do you really want to delete document history ?', 'en-GB');
INSERT INTO OKM_TRANSLATION (TR_MODULE, TR_KEY, TR_TEXT, TR_LANGUAGE) VALUES ('frontend', 'confirm.purge.restore.document', 'Do you really want to restore to this document version ?', 'en-GB');
INSERT INTO OKM_TRANSLATION (TR_MODULE, TR_KEY, TR_TEXT, TR_LANGUAGE) VALUES ('frontend', 'confirm.set.default.home', 'Do you really want to set default home ?', 'en-GB');
INSERT INTO OKM_TRANSLATION (TR_MODULE, TR_KEY, TR_TEXT, TR_LANGUAGE) VALUES ('frontend', 'confirm.delete.saved.search', 'Do you really want to delete saved search ?', 'en-GB');
INSERT INTO OKM_TRANSLATION (TR_MODULE, TR_KEY, TR_TEXT, TR_LANGUAGE) VALUES ('frontend', 'confirm.delete.user.news', 'Do you really want to delete user news ?', 'en-GB');
INSERT INTO OKM_TRANSLATION (TR_MODULE, TR_KEY, TR_TEXT, TR_LANGUAGE) VALUES ('frontend', 'confirm.delete.mail', 'Do you really want to delete mail ?', 'en-GB');
INSERT INTO OKM_TRANSLATION (TR_MODULE, TR_KEY, TR_TEXT, TR_LANGUAGE) VALUES ('frontend', 'confirm.get.pooled.workflow.task', 'Do you want to assign this task to you ?', 'en-GB');
INSERT INTO OKM_TRANSLATION (TR_MODULE, TR_KEY, TR_TEXT, TR_LANGUAGE) VALUES ('frontend', 'confirm.force.unlock', 'Do you really want to force the document unlock ?', 'en-GB');
INSERT INTO OKM_TRANSLATION (TR_MODULE, TR_KEY, TR_TEXT, TR_LANGUAGE) VALUES ('frontend', 'confirm.force.cancel.checkout', 'Do you really want to force the document cancel checkout ?', 'en-GB');
INSERT INTO OKM_TRANSLATION (TR_MODULE, TR_KEY, TR_TEXT, TR_LANGUAGE) VALUES ('frontend', 'search.context', 'Context', 'en-GB');
INSERT INTO OKM_TRANSLATION (TR_MODULE, TR_KEY, TR_TEXT, TR_LANGUAGE) VALUES ('frontend', 'search.content', 'Content', 'en-GB');
INSERT INTO OKM_TRANSLATION (TR_MODULE, TR_KEY, TR_TEXT, TR_LANGUAGE) VALUES ('frontend', 'search.name', 'Name', 'en-GB');
INSERT INTO OKM_TRANSLATION (TR_MODULE, TR_KEY, TR_TEXT, TR_LANGUAGE) VALUES ('frontend', 'search.keywords', 'Keywords', 'en-GB');
INSERT INTO OKM_TRANSLATION (TR_MODULE, TR_KEY, TR_TEXT, TR_LANGUAGE) VALUES ('frontend', 'search.folder', 'Folder', 'en-GB');
INSERT INTO OKM_TRANSLATION (TR_MODULE, TR_KEY, TR_TEXT, TR_LANGUAGE) VALUES ('frontend', 'search.category', 'Category', 'en-GB');
INSERT INTO OKM_TRANSLATION (TR_MODULE, TR_KEY, TR_TEXT, TR_LANGUAGE) VALUES ('frontend', 'search.results', 'Results', 'en-GB');
INSERT INTO OKM_TRANSLATION (TR_MODULE, TR_KEY, TR_TEXT, TR_LANGUAGE) VALUES ('frontend', 'search.to', 'to', 'en-GB');
INSERT INTO OKM_TRANSLATION (TR_MODULE, TR_KEY, TR_TEXT, TR_LANGUAGE) VALUES ('frontend', 'search.page.results', 'Page results', 'en-GB');
INSERT INTO OKM_TRANSLATION (TR_MODULE, TR_KEY, TR_TEXT, TR_LANGUAGE) VALUES ('frontend', 'search.add.property.group', 'Add property group', 'en-GB');
INSERT INTO OKM_TRANSLATION (TR_MODULE, TR_KEY, TR_TEXT, TR_LANGUAGE) VALUES ('frontend', 'search.mimetype', 'Mime type', 'en-GB');
INSERT INTO OKM_TRANSLATION (TR_MODULE, TR_KEY, TR_TEXT, TR_LANGUAGE) VALUES ('frontend', 'search.type', 'Type', 'en-GB');
INSERT INTO OKM_TRANSLATION (TR_MODULE, TR_KEY, TR_TEXT, TR_LANGUAGE) VALUES ('frontend', 'search.type.document', 'Document', 'en-GB');
INSERT INTO OKM_TRANSLATION (TR_MODULE, TR_KEY, TR_TEXT, TR_LANGUAGE) VALUES ('frontend', 'search.type.folder', 'Folder', 'en-GB');
INSERT INTO OKM_TRANSLATION (TR_MODULE, TR_KEY, TR_TEXT, TR_LANGUAGE) VALUES ('frontend', 'search.type.mail', 'Mail', 'en-GB');
INSERT INTO OKM_TRANSLATION (TR_MODULE, TR_KEY, TR_TEXT, TR_LANGUAGE) VALUES ('frontend', 'search.advanced', 'Advanced search', 'en-GB');
INSERT INTO OKM_TRANSLATION (TR_MODULE, TR_KEY, TR_TEXT, TR_LANGUAGE) VALUES ('frontend', 'search.user', 'User', 'en-GB');
INSERT INTO OKM_TRANSLATION (TR_MODULE, TR_KEY, TR_TEXT, TR_LANGUAGE) VALUES ('frontend', 'search.date.and', 'and', 'en-GB');
INSERT INTO OKM_TRANSLATION (TR_MODULE, TR_KEY, TR_TEXT, TR_LANGUAGE) VALUES ('frontend', 'search.date.range', 'Date range between', 'en-GB');
INSERT INTO OKM_TRANSLATION (TR_MODULE, TR_KEY, TR_TEXT, TR_LANGUAGE) VALUES ('frontend', 'search.save.as.news', 'Save as user news', 'en-GB');
INSERT INTO OKM_TRANSLATION (TR_MODULE, TR_KEY, TR_TEXT, TR_LANGUAGE) VALUES ('frontend', 'search.folder.filter', 'Filter by folder', 'en-GB');
INSERT INTO OKM_TRANSLATION (TR_MODULE, TR_KEY, TR_TEXT, TR_LANGUAGE) VALUES ('frontend', 'search.category.filter', 'Filter by category', 'en-GB');
INSERT INTO OKM_TRANSLATION (TR_MODULE, TR_KEY, TR_TEXT, TR_LANGUAGE) VALUES ('frontend', 'search.result.name', 'Name', 'en-GB');
INSERT INTO OKM_TRANSLATION (TR_MODULE, TR_KEY, TR_TEXT, TR_LANGUAGE) VALUES ('frontend', 'search.result.score', 'Relevance', 'en-GB');
INSERT INTO OKM_TRANSLATION (TR_MODULE, TR_KEY, TR_TEXT, TR_LANGUAGE) VALUES ('frontend', 'search.result.size', 'Size', 'en-GB');
INSERT INTO OKM_TRANSLATION (TR_MODULE, TR_KEY, TR_TEXT, TR_LANGUAGE) VALUES ('frontend', 'search.result.date.update', 'Update date', 'en-GB');
INSERT INTO OKM_TRANSLATION (TR_MODULE, TR_KEY, TR_TEXT, TR_LANGUAGE) VALUES ('frontend', 'search.result.author', 'Author', 'en-GB');
INSERT INTO OKM_TRANSLATION (TR_MODULE, TR_KEY, TR_TEXT, TR_LANGUAGE) VALUES ('frontend', 'search.result.version', 'Version', 'en-GB');
INSERT INTO OKM_TRANSLATION (TR_MODULE, TR_KEY, TR_TEXT, TR_LANGUAGE) VALUES ('frontend', 'search.result.path', 'Path', 'en-GB');
INSERT INTO OKM_TRANSLATION (TR_MODULE, TR_KEY, TR_TEXT, TR_LANGUAGE) VALUES ('frontend', 'search.result.menu.download', 'Download', 'en-GB');
INSERT INTO OKM_TRANSLATION (TR_MODULE, TR_KEY, TR_TEXT, TR_LANGUAGE) VALUES ('frontend', 'search.result.menu.go.folder', 'Go to folder', 'en-GB');
INSERT INTO OKM_TRANSLATION (TR_MODULE, TR_KEY, TR_TEXT, TR_LANGUAGE) VALUES ('frontend', 'search.result.menu.go.document', 'Go to document', 'en-GB');
INSERT INTO OKM_TRANSLATION (TR_MODULE, TR_KEY, TR_TEXT, TR_LANGUAGE) VALUES ('frontend', 'search.result.status.findPaginated', 'Updating search', 'en-GB');
INSERT INTO OKM_TRANSLATION (TR_MODULE, TR_KEY, TR_TEXT, TR_LANGUAGE) VALUES ('frontend', 'search.result.status.runsearch', 'Updating saved search', 'en-GB');
INSERT INTO OKM_TRANSLATION (TR_MODULE, TR_KEY, TR_TEXT, TR_LANGUAGE) VALUES ('frontend', 'search.saved.run', 'Run', 'en-GB');
INSERT INTO OKM_TRANSLATION (TR_MODULE, TR_KEY, TR_TEXT, TR_LANGUAGE) VALUES ('frontend', 'search.saved.delete', 'Delete', 'en-GB');
INSERT INTO OKM_TRANSLATION (TR_MODULE, TR_KEY, TR_TEXT, TR_LANGUAGE) VALUES ('frontend', 'search.saved.status.getsearchs', 'Refreshing saved searches', 'en-GB');
INSERT INTO OKM_TRANSLATION (TR_MODULE, TR_KEY, TR_TEXT, TR_LANGUAGE) VALUES ('frontend', 'search.saved.status.savesearch', 'Updating save search', 'en-GB');
INSERT INTO OKM_TRANSLATION (TR_MODULE, TR_KEY, TR_TEXT, TR_LANGUAGE) VALUES ('frontend', 'search.saved.status.deletesearch', 'Deleting saved search', 'en-GB');
INSERT INTO OKM_TRANSLATION (TR_MODULE, TR_KEY, TR_TEXT, TR_LANGUAGE) VALUES ('frontend', 'search.saved.status.getusernews', 'Refreshing user news', 'en-GB');
INSERT INTO OKM_TRANSLATION (TR_MODULE, TR_KEY, TR_TEXT, TR_LANGUAGE) VALUES ('frontend', 'button.close', 'Close', 'en-GB');
INSERT INTO OKM_TRANSLATION (TR_MODULE, TR_KEY, TR_TEXT, TR_LANGUAGE) VALUES ('frontend', 'button.logout', 'Logout', 'en-GB');
INSERT INTO OKM_TRANSLATION (TR_MODULE, TR_KEY, TR_TEXT, TR_LANGUAGE) VALUES ('frontend', 'button.update', 'Update', 'en-GB');
INSERT INTO OKM_TRANSLATION (TR_MODULE, TR_KEY, TR_TEXT, TR_LANGUAGE) VALUES ('frontend', 'button.cancel', 'Cancel', 'en-GB');
INSERT INTO OKM_TRANSLATION (TR_MODULE, TR_KEY, TR_TEXT, TR_LANGUAGE) VALUES ('frontend', 'button.accept', 'Accept', 'en-GB');
INSERT INTO OKM_TRANSLATION (TR_MODULE, TR_KEY, TR_TEXT, TR_LANGUAGE) VALUES ('frontend', 'button.restore', 'Restore', 'en-GB');
INSERT INTO OKM_TRANSLATION (TR_MODULE, TR_KEY, TR_TEXT, TR_LANGUAGE) VALUES ('frontend', 'button.move', 'Move', 'en-GB');
INSERT INTO OKM_TRANSLATION (TR_MODULE, TR_KEY, TR_TEXT, TR_LANGUAGE) VALUES ('frontend', 'button.change', 'Change', 'en-GB');
INSERT INTO OKM_TRANSLATION (TR_MODULE, TR_KEY, TR_TEXT, TR_LANGUAGE) VALUES ('frontend', 'button.search', 'Search', 'en-GB');
INSERT INTO OKM_TRANSLATION (TR_MODULE, TR_KEY, TR_TEXT, TR_LANGUAGE) VALUES ('frontend', 'button.save.search', 'Save search', 'en-GB');
INSERT INTO OKM_TRANSLATION (TR_MODULE, TR_KEY, TR_TEXT, TR_LANGUAGE) VALUES ('frontend', 'button.view', 'View', 'en-GB');
INSERT INTO OKM_TRANSLATION (TR_MODULE, TR_KEY, TR_TEXT, TR_LANGUAGE) VALUES ('frontend', 'button.clean', 'Clean', 'en-GB');
INSERT INTO OKM_TRANSLATION (TR_MODULE, TR_KEY, TR_TEXT, TR_LANGUAGE) VALUES ('frontend', 'button.add', 'Add', 'en-GB');
INSERT INTO OKM_TRANSLATION (TR_MODULE, TR_KEY, TR_TEXT, TR_LANGUAGE) VALUES ('frontend', 'button.delete', 'Delete', 'en-GB');
INSERT INTO OKM_TRANSLATION (TR_MODULE, TR_KEY, TR_TEXT, TR_LANGUAGE) VALUES ('frontend', 'button.copy', 'Copy', 'en-GB');
INSERT INTO OKM_TRANSLATION (TR_MODULE, TR_KEY, TR_TEXT, TR_LANGUAGE) VALUES ('frontend', 'button.create', 'Create', 'en-GB');
INSERT INTO OKM_TRANSLATION (TR_MODULE, TR_KEY, TR_TEXT, TR_LANGUAGE) VALUES ('frontend', 'button.show', 'Show', 'en-GB');
INSERT INTO OKM_TRANSLATION (TR_MODULE, TR_KEY, TR_TEXT, TR_LANGUAGE) VALUES ('frontend', 'button.memory', 'Update', 'en-GB');
INSERT INTO OKM_TRANSLATION (TR_MODULE, TR_KEY, TR_TEXT, TR_LANGUAGE) VALUES ('frontend', 'button.copy.clipboard', 'Copy to clipboard', 'en-GB');
INSERT INTO OKM_TRANSLATION (TR_MODULE, TR_KEY, TR_TEXT, TR_LANGUAGE) VALUES ('frontend', 'button.start', 'Start', 'en-GB');
INSERT INTO OKM_TRANSLATION (TR_MODULE, TR_KEY, TR_TEXT, TR_LANGUAGE) VALUES ('frontend', 'button.select', 'Select', 'en-GB');
INSERT INTO OKM_TRANSLATION (TR_MODULE, TR_KEY, TR_TEXT, TR_LANGUAGE) VALUES ('frontend', 'button.test', 'Test', 'en-GB');
INSERT INTO OKM_TRANSLATION (TR_MODULE, TR_KEY, TR_TEXT, TR_LANGUAGE) VALUES ('frontend', 'button.next', 'Next', 'en-GB');
INSERT INTO OKM_TRANSLATION (TR_MODULE, TR_KEY, TR_TEXT, TR_LANGUAGE) VALUES ('frontend', 'group.label', 'Add property group', 'en-GB');
INSERT INTO OKM_TRANSLATION (TR_MODULE, TR_KEY, TR_TEXT, TR_LANGUAGE) VALUES ('frontend', 'group.group', 'Group', 'en-GB');
INSERT INTO OKM_TRANSLATION (TR_MODULE, TR_KEY, TR_TEXT, TR_LANGUAGE) VALUES ('frontend', 'group.property.group', 'Propertygeneral.menu.file.scanner, Scanner', 'en-GB');
INSERT INTO OKM_TRANSLATION (TR_MODULE, TR_KEY, TR_TEXT, TR_LANGUAGE) VALUES ('frontend', 'bookmark.label', 'Add bookmark', 'en-GB');
INSERT INTO OKM_TRANSLATION (TR_MODULE, TR_KEY, TR_TEXT, TR_LANGUAGE) VALUES ('frontend', 'bookmark.name', 'Name', 'en-GB');
INSERT INTO OKM_TRANSLATION (TR_MODULE, TR_KEY, TR_TEXT, TR_LANGUAGE) VALUES ('frontend', 'bookmark.edit.label', 'Edit bookmarks', 'en-GB');
INSERT INTO OKM_TRANSLATION (TR_MODULE, TR_KEY, TR_TEXT, TR_LANGUAGE) VALUES ('frontend', 'bookmark.path', 'Path', 'en-GB');
INSERT INTO OKM_TRANSLATION (TR_MODULE, TR_KEY, TR_TEXT, TR_LANGUAGE) VALUES ('frontend', 'bookmark.type', 'Type', 'en-GB');
INSERT INTO OKM_TRANSLATION (TR_MODULE, TR_KEY, TR_TEXT, TR_LANGUAGE) VALUES ('frontend', 'bookmark.type.document', 'Document', 'en-GB');
INSERT INTO OKM_TRANSLATION (TR_MODULE, TR_KEY, TR_TEXT, TR_LANGUAGE) VALUES ('frontend', 'bookmark.type.folder', 'Folder', 'en-GB');
INSERT INTO OKM_TRANSLATION (TR_MODULE, TR_KEY, TR_TEXT, TR_LANGUAGE) VALUES ('frontend', 'notify.label', 'Sending document link', 'en-GB');
INSERT INTO OKM_TRANSLATION (TR_MODULE, TR_KEY, TR_TEXT, TR_LANGUAGE) VALUES ('frontend', 'notify.label.attachment', 'Send document attachment', 'en-GB');
INSERT INTO OKM_TRANSLATION (TR_MODULE, TR_KEY, TR_TEXT, TR_LANGUAGE) VALUES ('frontend', 'status.document.copied', 'Document marked to copy', 'en-GB');
INSERT INTO OKM_TRANSLATION (TR_MODULE, TR_KEY, TR_TEXT, TR_LANGUAGE) VALUES ('frontend', 'status.document.cut', 'Document market to cut', 'en-GB');
INSERT INTO OKM_TRANSLATION (TR_MODULE, TR_KEY, TR_TEXT, TR_LANGUAGE) VALUES ('frontend', 'status.folder.copied', 'Folder marked to copy', 'en-GB');
INSERT INTO OKM_TRANSLATION (TR_MODULE, TR_KEY, TR_TEXT, TR_LANGUAGE) VALUES ('frontend', 'status.folder.cut', 'Folder market to cut', 'en-GB');
INSERT INTO OKM_TRANSLATION (TR_MODULE, TR_KEY, TR_TEXT, TR_LANGUAGE) VALUES ('frontend', 'status.keep.alive.error', 'Detected lost connection to server (keep alive)', 'en-GB');
INSERT INTO OKM_TRANSLATION (TR_MODULE, TR_KEY, TR_TEXT, TR_LANGUAGE) VALUES ('frontend', 'status.debug.enabled', 'Debug enabled', 'en-GB');
INSERT INTO OKM_TRANSLATION (TR_MODULE, TR_KEY, TR_TEXT, TR_LANGUAGE) VALUES ('frontend', 'status.debug.disabled', 'Debug disabled', 'en-GB');
INSERT INTO OKM_TRANSLATION (TR_MODULE, TR_KEY, TR_TEXT, TR_LANGUAGE) VALUES ('frontend', 'status.network.error.detected', 'Network error detected', 'en-GB');
INSERT INTO OKM_TRANSLATION (TR_MODULE, TR_KEY, TR_TEXT, TR_LANGUAGE) VALUES ('frontend', 'calendar.day.sunday', 'Sunday', 'en-GB');
INSERT INTO OKM_TRANSLATION (TR_MODULE, TR_KEY, TR_TEXT, TR_LANGUAGE) VALUES ('frontend', 'calendar.day.monday', 'Monday', 'en-GB');
INSERT INTO OKM_TRANSLATION (TR_MODULE, TR_KEY, TR_TEXT, TR_LANGUAGE) VALUES ('frontend', 'calendar.day.tuesday', 'Tuesday', 'en-GB');
INSERT INTO OKM_TRANSLATION (TR_MODULE, TR_KEY, TR_TEXT, TR_LANGUAGE) VALUES ('frontend', 'calendar.day.wednesday', 'Wednesday', 'en-GB');
INSERT INTO OKM_TRANSLATION (TR_MODULE, TR_KEY, TR_TEXT, TR_LANGUAGE) VALUES ('frontend', 'calendar.day.thursday', 'Thursday', 'en-GB');
INSERT INTO OKM_TRANSLATION (TR_MODULE, TR_KEY, TR_TEXT, TR_LANGUAGE) VALUES ('frontend', 'calendar.day.friday', 'Friday', 'en-GB');
INSERT INTO OKM_TRANSLATION (TR_MODULE, TR_KEY, TR_TEXT, TR_LANGUAGE) VALUES ('frontend', 'calendar.day.saturday', 'Saturday', 'en-GB');
INSERT INTO OKM_TRANSLATION (TR_MODULE, TR_KEY, TR_TEXT, TR_LANGUAGE) VALUES ('frontend', 'calendar.month.january', 'January', 'en-GB');
INSERT INTO OKM_TRANSLATION (TR_MODULE, TR_KEY, TR_TEXT, TR_LANGUAGE) VALUES ('frontend', 'calendar.month.february', 'February', 'en-GB');
INSERT INTO OKM_TRANSLATION (TR_MODULE, TR_KEY, TR_TEXT, TR_LANGUAGE) VALUES ('frontend', 'calendar.month.march', 'March', 'en-GB');
INSERT INTO OKM_TRANSLATION (TR_MODULE, TR_KEY, TR_TEXT, TR_LANGUAGE) VALUES ('frontend', 'calendar.month.april', 'April', 'en-GB');
INSERT INTO OKM_TRANSLATION (TR_MODULE, TR_KEY, TR_TEXT, TR_LANGUAGE) VALUES ('frontend', 'calendar.month.may', 'May', 'en-GB');
INSERT INTO OKM_TRANSLATION (TR_MODULE, TR_KEY, TR_TEXT, TR_LANGUAGE) VALUES ('frontend', 'calendar.month.june', 'June', 'en-GB');
INSERT INTO OKM_TRANSLATION (TR_MODULE, TR_KEY, TR_TEXT, TR_LANGUAGE) VALUES ('frontend', 'calendar.month.july', 'July', 'en-GB');
INSERT INTO OKM_TRANSLATION (TR_MODULE, TR_KEY, TR_TEXT, TR_LANGUAGE) VALUES ('frontend', 'calendar.month.august', 'August', 'en-GB');
INSERT INTO OKM_TRANSLATION (TR_MODULE, TR_KEY, TR_TEXT, TR_LANGUAGE) VALUES ('frontend', 'calendar.month.september', 'September', 'en-GB');
INSERT INTO OKM_TRANSLATION (TR_MODULE, TR_KEY, TR_TEXT, TR_LANGUAGE) VALUES ('frontend', 'calendar.month.october', 'October', 'en-GB');
INSERT INTO OKM_TRANSLATION (TR_MODULE, TR_KEY, TR_TEXT, TR_LANGUAGE) VALUES ('frontend', 'calendar.month.november', 'November', 'en-GB');
INSERT INTO OKM_TRANSLATION (TR_MODULE, TR_KEY, TR_TEXT, TR_LANGUAGE) VALUES ('frontend', 'calendar.month.december', 'December', 'en-GB');
INSERT INTO OKM_TRANSLATION (TR_MODULE, TR_KEY, TR_TEXT, TR_LANGUAGE) VALUES ('frontend', 'media.player.label', 'Media player', 'en-GB');
INSERT INTO OKM_TRANSLATION (TR_MODULE, TR_KEY, TR_TEXT, TR_LANGUAGE) VALUES ('frontend', 'image.viewer.label', 'Image viewer', 'en-GB');
INSERT INTO OKM_TRANSLATION (TR_MODULE, TR_KEY, TR_TEXT, TR_LANGUAGE) VALUES ('frontend', 'image.viewer.zoom.in', 'Zoom in', 'en-GB');
INSERT INTO OKM_TRANSLATION (TR_MODULE, TR_KEY, TR_TEXT, TR_LANGUAGE) VALUES ('frontend', 'image.viewer.zoom.out', 'Zoom out', 'en-GB');
INSERT INTO OKM_TRANSLATION (TR_MODULE, TR_KEY, TR_TEXT, TR_LANGUAGE) VALUES ('frontend', 'debug.console.label', 'Debug console', 'en-GB');
INSERT INTO OKM_TRANSLATION (TR_MODULE, TR_KEY, TR_TEXT, TR_LANGUAGE) VALUES ('frontend', 'debug.enable.disable', 'CTRL+Z to enable or disable debug mode', 'en-GB');
INSERT INTO OKM_TRANSLATION (TR_MODULE, TR_KEY, TR_TEXT, TR_LANGUAGE) VALUES ('frontend', 'dashboard.tab.general', 'General', 'en-GB');
INSERT INTO OKM_TRANSLATION (TR_MODULE, TR_KEY, TR_TEXT, TR_LANGUAGE) VALUES ('frontend', 'dashboard.tab.news', 'News', 'en-GB');
INSERT INTO OKM_TRANSLATION (TR_MODULE, TR_KEY, TR_TEXT, TR_LANGUAGE) VALUES ('frontend', 'dashboard.tab.user', 'User', 'en-GB');
INSERT INTO OKM_TRANSLATION (TR_MODULE, TR_KEY, TR_TEXT, TR_LANGUAGE) VALUES ('frontend', 'dashboard.tab.workflow', 'Workflow', 'en-GB');
INSERT INTO OKM_TRANSLATION (TR_MODULE, TR_KEY, TR_TEXT, TR_LANGUAGE) VALUES ('frontend', 'dashboard.tab.mail', 'Mail', 'en-GB');
INSERT INTO OKM_TRANSLATION (TR_MODULE, TR_KEY, TR_TEXT, TR_LANGUAGE) VALUES ('frontend', 'dashboard.tab.keymap', 'Keyword map', 'en-GB');
INSERT INTO OKM_TRANSLATION (TR_MODULE, TR_KEY, TR_TEXT, TR_LANGUAGE) VALUES ('frontend', 'dashboard.new.items', 'New', 'en-GB');
INSERT INTO OKM_TRANSLATION (TR_MODULE, TR_KEY, TR_TEXT, TR_LANGUAGE) VALUES ('frontend', 'dashboard.user.locked.documents', 'Locked documents', 'en-GB');
INSERT INTO OKM_TRANSLATION (TR_MODULE, TR_KEY, TR_TEXT, TR_LANGUAGE) VALUES ('frontend', 'dashboard.user.checkout.documents', 'Checkout documents', 'en-GB');
INSERT INTO OKM_TRANSLATION (TR_MODULE, TR_KEY, TR_TEXT, TR_LANGUAGE) VALUES ('frontend', 'dashboard.user.last.modified.documents', 'Last modified documents', 'en-GB');
INSERT INTO OKM_TRANSLATION (TR_MODULE, TR_KEY, TR_TEXT, TR_LANGUAGE) VALUES ('frontend', 'dashboard.user.last.downloaded.documents', 'Last downloaded documents', 'en-GB');
INSERT INTO OKM_TRANSLATION (TR_MODULE, TR_KEY, TR_TEXT, TR_LANGUAGE) VALUES ('frontend', 'dashboard.user.subscribed.documents', 'Subscribed documents', 'en-GB');
INSERT INTO OKM_TRANSLATION (TR_MODULE, TR_KEY, TR_TEXT, TR_LANGUAGE) VALUES ('frontend', 'dashboard.user.subscribed.folders', 'Subscribed folders', 'en-GB');
INSERT INTO OKM_TRANSLATION (TR_MODULE, TR_KEY, TR_TEXT, TR_LANGUAGE) VALUES ('frontend', 'dashboard.user.last.uploaded.documents', 'Last uploaded documents', 'en-GB');
INSERT INTO OKM_TRANSLATION (TR_MODULE, TR_KEY, TR_TEXT, TR_LANGUAGE) VALUES ('frontend', 'dashboard.general.last.week.top.downloaded.documents', 'Last week top viewed documents', 'en-GB');
INSERT INTO OKM_TRANSLATION (TR_MODULE, TR_KEY, TR_TEXT, TR_LANGUAGE) VALUES ('frontend', 'dashboard.general.last.month.top.downloaded.documents', 'Last month top viewed documents', 'en-GB');
INSERT INTO OKM_TRANSLATION (TR_MODULE, TR_KEY, TR_TEXT, TR_LANGUAGE) VALUES ('frontend', 'dashboard.general.last.week.top.modified.documents', 'Last week top modified documents', 'en-GB');
INSERT INTO OKM_TRANSLATION (TR_MODULE, TR_KEY, TR_TEXT, TR_LANGUAGE) VALUES ('frontend', 'dashboard.general.last.month.top.modified.documents', 'Last month top viewed documents', 'en-GB');
INSERT INTO OKM_TRANSLATION (TR_MODULE, TR_KEY, TR_TEXT, TR_LANGUAGE) VALUES ('frontend', 'dashboard.general.last.uploaded.documents', 'Last uploaded documents', 'en-GB');
INSERT INTO OKM_TRANSLATION (TR_MODULE, TR_KEY, TR_TEXT, TR_LANGUAGE) VALUES ('frontend', 'dashboard.workflow.pending.tasks', 'Pending tasks', 'en-GB');
INSERT INTO OKM_TRANSLATION (TR_MODULE, TR_KEY, TR_TEXT, TR_LANGUAGE) VALUES ('frontend', 'dashboard.workflow.pending.tasks.unassigned', 'Unassigned pending tasks', 'en-GB');
INSERT INTO OKM_TRANSLATION (TR_MODULE, TR_KEY, TR_TEXT, TR_LANGUAGE) VALUES ('frontend', 'dashboard.workflow.task', 'Task', 'en-GB');
INSERT INTO OKM_TRANSLATION (TR_MODULE, TR_KEY, TR_TEXT, TR_LANGUAGE) VALUES ('frontend', 'dashboard.workflow.task.id', 'ID', 'en-GB');
INSERT INTO OKM_TRANSLATION (TR_MODULE, TR_KEY, TR_TEXT, TR_LANGUAGE) VALUES ('frontend', 'dashboard.workflow.task.name', 'Name', 'en-GB');
INSERT INTO OKM_TRANSLATION (TR_MODULE, TR_KEY, TR_TEXT, TR_LANGUAGE) VALUES ('frontend', 'dashboard.workflow.task.created', 'Creation date', 'en-GB');
INSERT INTO OKM_TRANSLATION (TR_MODULE, TR_KEY, TR_TEXT, TR_LANGUAGE) VALUES ('frontend', 'dashboard.workflow.task.start', 'Start date', 'en-GB');
INSERT INTO OKM_TRANSLATION (TR_MODULE, TR_KEY, TR_TEXT, TR_LANGUAGE) VALUES ('frontend', 'dashboard.workflow.task.duedate', 'Due date', 'en-GB');
INSERT INTO OKM_TRANSLATION (TR_MODULE, TR_KEY, TR_TEXT, TR_LANGUAGE) VALUES ('frontend', 'dashboard.workflow.task.end', 'End date', 'en-GB');
INSERT INTO OKM_TRANSLATION (TR_MODULE, TR_KEY, TR_TEXT, TR_LANGUAGE) VALUES ('frontend', 'dashboard.workflow.task.description', 'Description', 'en-GB');
INSERT INTO OKM_TRANSLATION (TR_MODULE, TR_KEY, TR_TEXT, TR_LANGUAGE) VALUES ('frontend', 'dashboard.workflow.task.process.instance', 'Process instance', 'en-GB');
INSERT INTO OKM_TRANSLATION (TR_MODULE, TR_KEY, TR_TEXT, TR_LANGUAGE) VALUES ('frontend', 'dashboard.workflow.task.process.id', 'ID', 'en-GB');
INSERT INTO OKM_TRANSLATION (TR_MODULE, TR_KEY, TR_TEXT, TR_LANGUAGE) VALUES ('frontend', 'dashboard.workflow.task.process.version', 'Version', 'en-GB');
INSERT INTO OKM_TRANSLATION (TR_MODULE, TR_KEY, TR_TEXT, TR_LANGUAGE) VALUES ('frontend', 'dashboard.workflow.task.process.name', 'Name', 'en-GB');
INSERT INTO OKM_TRANSLATION (TR_MODULE, TR_KEY, TR_TEXT, TR_LANGUAGE) VALUES ('frontend', 'dashboard.workflow.task.process.description', 'Description', 'en-GB');
INSERT INTO OKM_TRANSLATION (TR_MODULE, TR_KEY, TR_TEXT, TR_LANGUAGE) VALUES ('frontend', 'dashboard.workflow.task.process.data', 'Data', 'en-GB');
INSERT INTO OKM_TRANSLATION (TR_MODULE, TR_KEY, TR_TEXT, TR_LANGUAGE) VALUES ('frontend', 'dashboard.workflow.comments', 'Comments', 'en-GB');
INSERT INTO OKM_TRANSLATION (TR_MODULE, TR_KEY, TR_TEXT, TR_LANGUAGE) VALUES ('frontend', 'dashboard.workflow.task.process.forms', 'Form', 'en-GB');
INSERT INTO OKM_TRANSLATION (TR_MODULE, TR_KEY, TR_TEXT, TR_LANGUAGE) VALUES ('frontend', 'dashboard.workflow.add.comment', 'Add comment', 'en-GB');
INSERT INTO OKM_TRANSLATION (TR_MODULE, TR_KEY, TR_TEXT, TR_LANGUAGE) VALUES ('frontend', 'dashboard.workflow.task.process.definition', 'Process definition', 'en-GB');
INSERT INTO OKM_TRANSLATION (TR_MODULE, TR_KEY, TR_TEXT, TR_LANGUAGE) VALUES ('frontend', 'dashboard.workflow.task.process.path', 'Path', 'en-GB');
INSERT INTO OKM_TRANSLATION (TR_MODULE, TR_KEY, TR_TEXT, TR_LANGUAGE) VALUES ('frontend', 'dashboard.refreshing', 'Refreshing', 'en-GB');
INSERT INTO OKM_TRANSLATION (TR_MODULE, TR_KEY, TR_TEXT, TR_LANGUAGE) VALUES ('frontend', 'dashboard.keyword', 'Keywords', 'en-GB');
INSERT INTO OKM_TRANSLATION (TR_MODULE, TR_KEY, TR_TEXT, TR_LANGUAGE) VALUES ('frontend', 'dashboard.keyword.suggest', 'Type the keyword', 'en-GB');
INSERT INTO OKM_TRANSLATION (TR_MODULE, TR_KEY, TR_TEXT, TR_LANGUAGE) VALUES ('frontend', 'dashboard.keyword.all', 'All keywords', 'en-GB');
INSERT INTO OKM_TRANSLATION (TR_MODULE, TR_KEY, TR_TEXT, TR_LANGUAGE) VALUES ('frontend', 'dashboard.keyword.top', 'Top keywords', 'en-GB');
INSERT INTO OKM_TRANSLATION (TR_MODULE, TR_KEY, TR_TEXT, TR_LANGUAGE) VALUES ('frontend', 'dashboard.keyword.related', 'Related keywords', 'en-GB');
INSERT INTO OKM_TRANSLATION (TR_MODULE, TR_KEY, TR_TEXT, TR_LANGUAGE) VALUES ('frontend', 'dashboard.keyword.goto.document', 'Go to document', 'en-GB');
INSERT INTO OKM_TRANSLATION (TR_MODULE, TR_KEY, TR_TEXT, TR_LANGUAGE) VALUES ('frontend', 'dashboard.keyword.clean.keywords', 'Clean keywords', 'en-GB');
INSERT INTO OKM_TRANSLATION (TR_MODULE, TR_KEY, TR_TEXT, TR_LANGUAGE) VALUES ('frontend', 'dashboard.mail.last.imported.mails', 'Electronic mails', 'en-GB');
INSERT INTO OKM_TRANSLATION (TR_MODULE, TR_KEY, TR_TEXT, TR_LANGUAGE) VALUES ('frontend', 'dashboard.mail.last.imported.attached.documents', 'Attachments', 'en-GB');
INSERT INTO OKM_TRANSLATION (TR_MODULE, TR_KEY, TR_TEXT, TR_LANGUAGE) VALUES ('frontend', 'workflow.label', 'Start workflow', 'en-GB');
INSERT INTO OKM_TRANSLATION (TR_MODULE, TR_KEY, TR_TEXT, TR_LANGUAGE) VALUES ('frontend', 'user.preferences.label', 'User configuration', 'en-GB');
INSERT INTO OKM_TRANSLATION (TR_MODULE, TR_KEY, TR_TEXT, TR_LANGUAGE) VALUES ('frontend', 'user.preferences.user', 'User', 'en-GB');
INSERT INTO OKM_TRANSLATION (TR_MODULE, TR_KEY, TR_TEXT, TR_LANGUAGE) VALUES ('frontend', 'user.preferences.password', 'Password', 'en-GB');
INSERT INTO OKM_TRANSLATION (TR_MODULE, TR_KEY, TR_TEXT, TR_LANGUAGE) VALUES ('frontend', 'user.preferences.mail', 'E-mail', 'en-GB');
INSERT INTO OKM_TRANSLATION (TR_MODULE, TR_KEY, TR_TEXT, TR_LANGUAGE) VALUES ('frontend', 'user.preferences.roles', 'Roles', 'en-GB');
INSERT INTO OKM_TRANSLATION (TR_MODULE, TR_KEY, TR_TEXT, TR_LANGUAGE) VALUES ('frontend', 'user.preferences.imap.host', 'IMAP server', 'en-GB');
INSERT INTO OKM_TRANSLATION (TR_MODULE, TR_KEY, TR_TEXT, TR_LANGUAGE) VALUES ('frontend', 'user.preferences.imap.user', 'IMAP user name', 'en-GB');
INSERT INTO OKM_TRANSLATION (TR_MODULE, TR_KEY, TR_TEXT, TR_LANGUAGE) VALUES ('frontend', 'user.preferences.imap.user.password', 'IMAP user password', 'en-GB');
INSERT INTO OKM_TRANSLATION (TR_MODULE, TR_KEY, TR_TEXT, TR_LANGUAGE) VALUES ('frontend', 'user.preferences.imap.folder', 'IMAP folder', 'en-GB');
INSERT INTO OKM_TRANSLATION (TR_MODULE, TR_KEY, TR_TEXT, TR_LANGUAGE) VALUES ('frontend', 'user.preferences.password.error', 'Error: passwords are diferent', 'en-GB');
INSERT INTO OKM_TRANSLATION (TR_MODULE, TR_KEY, TR_TEXT, TR_LANGUAGE) VALUES ('frontend', 'user.preferences.user.data', 'User account', 'en-GB');
INSERT INTO OKM_TRANSLATION (TR_MODULE, TR_KEY, TR_TEXT, TR_LANGUAGE) VALUES ('frontend', 'user.preferences.mail.data', 'Mail account', 'en-GB');
INSERT INTO OKM_TRANSLATION (TR_MODULE, TR_KEY, TR_TEXT, TR_LANGUAGE) VALUES ('frontend', 'user.preferences.imap.error', 'All fields are obligatory to set the mail configurations', 'en-GB');
INSERT INTO OKM_TRANSLATION (TR_MODULE, TR_KEY, TR_TEXT, TR_LANGUAGE) VALUES ('frontend', 'user.preferences.imap.password.error.void', 'Password must not be empty on IMAP mail creation', 'en-GB');
INSERT INTO OKM_TRANSLATION (TR_MODULE, TR_KEY, TR_TEXT, TR_LANGUAGE) VALUES ('frontend', 'user.preferences.imap.test.error', 'IMAP configuration error', 'en-GB');
INSERT INTO OKM_TRANSLATION (TR_MODULE, TR_KEY, TR_TEXT, TR_LANGUAGE) VALUES ('frontend', 'user.preferences.imap.test.ok', 'IMAP configuration ok', 'en-GB');
INSERT INTO OKM_TRANSLATION (TR_MODULE, TR_KEY, TR_TEXT, TR_LANGUAGE) VALUES ('frontend', 'thesaurus.directory.select.label', 'Add thesaurus keyword', 'en-GB');
INSERT INTO OKM_TRANSLATION (TR_MODULE, TR_KEY, TR_TEXT, TR_LANGUAGE) VALUES ('frontend', 'thesaurus.tab.tree', 'Tree', 'en-GB');
INSERT INTO OKM_TRANSLATION (TR_MODULE, TR_KEY, TR_TEXT, TR_LANGUAGE) VALUES ('frontend', 'thesaurus.tab.keywords', 'Keywords', 'en-GB');
INSERT INTO OKM_TRANSLATION (TR_MODULE, TR_KEY, TR_TEXT, TR_LANGUAGE) VALUES ('frontend', 'categories.folder.select.label', 'Add category', 'en-GB');
INSERT INTO OKM_TRANSLATION (TR_MODULE, TR_KEY, TR_TEXT, TR_LANGUAGE) VALUES ('frontend', 'categories.folder.error.delete', 'Cannot delete category with documents', 'en-GB');
INSERT INTO OKM_TRANSLATION (TR_MODULE, TR_KEY, TR_TEXT, TR_LANGUAGE) VALUES ('frontend', 'wizard.document.uploading', 'Document wizard', 'en-GB');
INSERT INTO OKM_TRANSLATION (TR_MODULE, TR_KEY, TR_TEXT, TR_LANGUAGE) VALUES ('frontend', 'user.info.chat.connect', 'Connect to chat', 'en-GB');
INSERT INTO OKM_TRANSLATION (TR_MODULE, TR_KEY, TR_TEXT, TR_LANGUAGE) VALUES ('frontend', 'user.info.chat.disconnect', 'Disconnet chat', 'en-GB');
INSERT INTO OKM_TRANSLATION (TR_MODULE, TR_KEY, TR_TEXT, TR_LANGUAGE) VALUES ('frontend', 'user.info.chat.new.room', 'Net chat room', 'en-GB');
INSERT INTO OKM_TRANSLATION (TR_MODULE, TR_KEY, TR_TEXT, TR_LANGUAGE) VALUES ('frontend', 'user.info.locked.actual', 'Locked documents', 'en-GB');
INSERT INTO OKM_TRANSLATION (TR_MODULE, TR_KEY, TR_TEXT, TR_LANGUAGE) VALUES ('frontend', 'user.info.checkout.actual', 'Checkout documents', 'en-GB');
INSERT INTO OKM_TRANSLATION (TR_MODULE, TR_KEY, TR_TEXT, TR_LANGUAGE) VALUES ('frontend', 'user.info.subscription.actual', 'Actual subscriptions', 'en-GB');
INSERT INTO OKM_TRANSLATION (TR_MODULE, TR_KEY, TR_TEXT, TR_LANGUAGE) VALUES ('frontend', 'user.info.news.new', 'News', 'en-GB');
INSERT INTO OKM_TRANSLATION (TR_MODULE, TR_KEY, TR_TEXT, TR_LANGUAGE) VALUES ('frontend', 'user.info.workflow.pending', 'Pending workflows', 'en-GB');
INSERT INTO OKM_TRANSLATION (TR_MODULE, TR_KEY, TR_TEXT, TR_LANGUAGE) VALUES ('frontend', 'user.info.user.quota', 'Used quota', 'en-GB');
INSERT INTO OKM_TRANSLATION (TR_MODULE, TR_KEY, TR_TEXT, TR_LANGUAGE) VALUES ('frontend', 'user.online', 'Users online', 'en-GB');
INSERT INTO OKM_TRANSLATION (TR_MODULE, TR_KEY, TR_TEXT, TR_LANGUAGE) VALUES ('frontend', 'chat.room', 'Chat', 'en-GB');
INSERT INTO OKM_TRANSLATION (TR_MODULE, TR_KEY, TR_TEXT, TR_LANGUAGE) VALUES ('frontend', 'chat.users.in.room', 'Users', 'en-GB');
INSERT INTO OKM_TRANSLATION (TR_MODULE, TR_KEY, TR_TEXT, TR_LANGUAGE) VALUES ('frontend', 'OKM-017009', 'Document access denied', 'en-GB');
INSERT INTO OKM_TRANSLATION (TR_MODULE, TR_KEY, TR_TEXT, TR_LANGUAGE) VALUES ('frontend', 'OKM-017004', 'Lock denied', 'en-GB');
INSERT INTO OKM_TRANSLATION (TR_MODULE, TR_KEY, TR_TEXT, TR_LANGUAGE) VALUES ('frontend', 'OKM-017001', 'Repository internal error', 'en-GB');
INSERT INTO OKM_TRANSLATION (TR_MODULE, TR_KEY, TR_TEXT, TR_LANGUAGE) VALUES ('frontend', 'OKM-017015', 'Document path not found', 'en-GB');
INSERT INTO OKM_TRANSLATION (TR_MODULE, TR_KEY, TR_TEXT, TR_LANGUAGE) VALUES ('frontend', 'OKM-017016', 'Version error', 'en-GB');
INSERT INTO OKM_TRANSLATION (TR_MODULE, TR_KEY, TR_TEXT, TR_LANGUAGE) VALUES ('frontend', 'OKM-002009', 'Document access denied', 'en-GB');
INSERT INTO OKM_TRANSLATION (TR_MODULE, TR_KEY, TR_TEXT, TR_LANGUAGE) VALUES ('frontend', 'OKM-002002', 'Document not found', 'en-GB');
INSERT INTO OKM_TRANSLATION (TR_MODULE, TR_KEY, TR_TEXT, TR_LANGUAGE) VALUES ('frontend', 'OKM-002003', 'Document already exists', 'en-GB');
INSERT INTO OKM_TRANSLATION (TR_MODULE, TR_KEY, TR_TEXT, TR_LANGUAGE) VALUES ('frontend', 'OKM-002004', 'Lock denied', 'en-GB');
INSERT INTO OKM_TRANSLATION (TR_MODULE, TR_KEY, TR_TEXT, TR_LANGUAGE) VALUES ('frontend', 'OKM-002004', 'Document unlock desired', 'en-GB');
INSERT INTO OKM_TRANSLATION (TR_MODULE, TR_KEY, TR_TEXT, TR_LANGUAGE) VALUES ('frontend', 'OKM-002001', 'Repository internal error', 'en-GB');
INSERT INTO OKM_TRANSLATION (TR_MODULE, TR_KEY, TR_TEXT, TR_LANGUAGE) VALUES ('frontend', 'OKM-002006', 'Application internal error', 'en-GB');
INSERT INTO OKM_TRANSLATION (TR_MODULE, TR_KEY, TR_TEXT, TR_LANGUAGE) VALUES ('frontend', 'OKM-002015', 'Document path not found', 'en-GB');
INSERT INTO OKM_TRANSLATION (TR_MODULE, TR_KEY, TR_TEXT, TR_LANGUAGE) VALUES ('frontend', 'OKM-002024', 'Database error', 'en-GB');
INSERT INTO OKM_TRANSLATION (TR_MODULE, TR_KEY, TR_TEXT, TR_LANGUAGE) VALUES ('frontend', 'OKM-001009', 'Folder access denied', 'en-GB');
INSERT INTO OKM_TRANSLATION (TR_MODULE, TR_KEY, TR_TEXT, TR_LANGUAGE) VALUES ('frontend', 'OKM-001002', 'Folder not found', 'en-GB');
INSERT INTO OKM_TRANSLATION (TR_MODULE, TR_KEY, TR_TEXT, TR_LANGUAGE) VALUES ('frontend', 'OKM-001003', 'Folder already exists', 'en-GB');
INSERT INTO OKM_TRANSLATION (TR_MODULE, TR_KEY, TR_TEXT, TR_LANGUAGE) VALUES ('frontend', 'OKM-001001', 'Repository internal error', 'en-GB');
INSERT INTO OKM_TRANSLATION (TR_MODULE, TR_KEY, TR_TEXT, TR_LANGUAGE) VALUES ('frontend', 'OKM-001006', 'Repository internal error', 'en-GB');
INSERT INTO OKM_TRANSLATION (TR_MODULE, TR_KEY, TR_TEXT, TR_LANGUAGE) VALUES ('frontend', 'OKM-001015', 'Folder path not found', 'en-GB');
INSERT INTO OKM_TRANSLATION (TR_MODULE, TR_KEY, TR_TEXT, TR_LANGUAGE) VALUES ('frontend', 'OKM-001024', 'Database error', 'en-GB');
INSERT INTO OKM_TRANSLATION (TR_MODULE, TR_KEY, TR_TEXT, TR_LANGUAGE) VALUES ('frontend', 'OKM-007009', 'Item access denied', 'en-GB');
INSERT INTO OKM_TRANSLATION (TR_MODULE, TR_KEY, TR_TEXT, TR_LANGUAGE) VALUES ('frontend', 'OKM-007002', 'Item not found', 'en-GB');
INSERT INTO OKM_TRANSLATION (TR_MODULE, TR_KEY, TR_TEXT, TR_LANGUAGE) VALUES ('frontend', 'OKM-007001', 'Repository internal error', 'en-GB');
INSERT INTO OKM_TRANSLATION (TR_MODULE, TR_KEY, TR_TEXT, TR_LANGUAGE) VALUES ('frontend', 'OKM-007006', 'Repository internal error', 'en-GB');
INSERT INTO OKM_TRANSLATION (TR_MODULE, TR_KEY, TR_TEXT, TR_LANGUAGE) VALUES ('frontend', 'OKM-007024', 'Database error', 'en-GB');
INSERT INTO OKM_TRANSLATION (TR_MODULE, TR_KEY, TR_TEXT, TR_LANGUAGE) VALUES ('frontend', 'OKM-009002', 'Document not found', 'en-GB');
INSERT INTO OKM_TRANSLATION (TR_MODULE, TR_KEY, TR_TEXT, TR_LANGUAGE) VALUES ('frontend', 'OKM-009006', 'Repository internal error', 'en-GB');
INSERT INTO OKM_TRANSLATION (TR_MODULE, TR_KEY, TR_TEXT, TR_LANGUAGE) VALUES ('frontend', 'OKM-005010', 'Unsupported file format', 'en-GB');
INSERT INTO OKM_TRANSLATION (TR_MODULE, TR_KEY, TR_TEXT, TR_LANGUAGE) VALUES ('frontend', 'OKM-005003', 'Document already exists', 'en-GB');
INSERT INTO OKM_TRANSLATION (TR_MODULE, TR_KEY, TR_TEXT, TR_LANGUAGE) VALUES ('frontend', 'OKM-005011', 'Document size exceeded', 'en-GB');
INSERT INTO OKM_TRANSLATION (TR_MODULE, TR_KEY, TR_TEXT, TR_LANGUAGE) VALUES ('frontend', 'OKM-005027', 'Document name is diferent', 'en-GB');
INSERT INTO OKM_TRANSLATION (TR_MODULE, TR_KEY, TR_TEXT, TR_LANGUAGE) VALUES ('frontend', 'OKM-004001', 'Session closed', 'en-GB');
INSERT INTO OKM_TRANSLATION (TR_MODULE, TR_KEY, TR_TEXT, TR_LANGUAGE) VALUES ('frontend', 'OKM-004024', 'Database error', 'en-GB');
INSERT INTO OKM_TRANSLATION (TR_MODULE, TR_KEY, TR_TEXT, TR_LANGUAGE) VALUES ('frontend', 'OKM-008001', 'Generic error executing query', 'en-GB');
INSERT INTO OKM_TRANSLATION (TR_MODULE, TR_KEY, TR_TEXT, TR_LANGUAGE) VALUES ('frontend', 'OKM-008003', 'The stored search name must be unique', 'en-GB');
INSERT INTO OKM_TRANSLATION (TR_MODULE, TR_KEY, TR_TEXT, TR_LANGUAGE) VALUES ('frontend', 'OKM-008024', 'Database error', 'en-GB');
INSERT INTO OKM_TRANSLATION (TR_MODULE, TR_KEY, TR_TEXT, TR_LANGUAGE) VALUES ('frontend', 'OKM-011003', 'The bookmark name must be unique', 'en-GB');
INSERT INTO OKM_TRANSLATION (TR_MODULE, TR_KEY, TR_TEXT, TR_LANGUAGE) VALUES ('frontend', 'OKM-003017', 'Session lost', 'en-GB');
INSERT INTO OKM_TRANSLATION (TR_MODULE, TR_KEY, TR_TEXT, TR_LANGUAGE) VALUES ('frontend', 'OKM-013001', 'Repository internal error', 'en-GB');
INSERT INTO OKM_TRANSLATION (TR_MODULE, TR_KEY, TR_TEXT, TR_LANGUAGE) VALUES ('frontend', 'OKM-013024', 'Database error', 'en-GB');
INSERT INTO OKM_TRANSLATION (TR_MODULE, TR_KEY, TR_TEXT, TR_LANGUAGE) VALUES ('frontend', 'OKM-014001', 'Repository internal error', 'en-GB');
INSERT INTO OKM_TRANSLATION (TR_MODULE, TR_KEY, TR_TEXT, TR_LANGUAGE) VALUES ('frontend', 'OKM-014013', 'Error on I/O', 'en-GB');
INSERT INTO OKM_TRANSLATION (TR_MODULE, TR_KEY, TR_TEXT, TR_LANGUAGE) VALUES ('frontend', 'OKM-015001', 'Repository internal error', 'en-GB');
INSERT INTO OKM_TRANSLATION (TR_MODULE, TR_KEY, TR_TEXT, TR_LANGUAGE) VALUES ('frontend', 'OKM-015024', 'Database error', 'en-GB');
INSERT INTO OKM_TRANSLATION (TR_MODULE, TR_KEY, TR_TEXT, TR_LANGUAGE) VALUES ('frontend', 'OKM-018022', 'Error in browser configuration', 'en-GB');
INSERT INTO OKM_TRANSLATION (TR_MODULE, TR_KEY, TR_TEXT, TR_LANGUAGE) VALUES ('frontend', 'OKM-018023', 'Error user quota exceed,  contact with adminitrator', 'en-GB');
INSERT INTO OKM_TRANSLATION (TR_MODULE, TR_KEY, TR_TEXT, TR_LANGUAGE) VALUES ('frontend', 'OKM-016009', 'Document access denied', 'en-GB');
INSERT INTO OKM_TRANSLATION (TR_MODULE, TR_KEY, TR_TEXT, TR_LANGUAGE) VALUES ('frontend', 'OKM-016002', 'Document not found', 'en-GB');
INSERT INTO OKM_TRANSLATION (TR_MODULE, TR_KEY, TR_TEXT, TR_LANGUAGE) VALUES ('frontend', 'OKM-016003', 'Document already exists', 'en-GB');
INSERT INTO OKM_TRANSLATION (TR_MODULE, TR_KEY, TR_TEXT, TR_LANGUAGE) VALUES ('frontend', 'OKM-016004 ', 'Lock denied', 'en-GB');
INSERT INTO OKM_TRANSLATION (TR_MODULE, TR_KEY, TR_TEXT, TR_LANGUAGE) VALUES ('frontend', 'OKM-016001', 'Repository internal error', 'en-GB');
INSERT INTO OKM_TRANSLATION (TR_MODULE, TR_KEY, TR_TEXT, TR_LANGUAGE) VALUES ('frontend', 'OKM-016006', 'Application internal error', 'en-GB');
INSERT INTO OKM_TRANSLATION (TR_MODULE, TR_KEY, TR_TEXT, TR_LANGUAGE) VALUES ('frontend', 'OKM-016015', 'Document path not found', 'en-GB');
INSERT INTO OKM_TRANSLATION (TR_MODULE, TR_KEY, TR_TEXT, TR_LANGUAGE) VALUES ('frontend', 'OKM-016024', 'Database error', 'en-GB');
INSERT INTO OKM_TRANSLATION (TR_MODULE, TR_KEY, TR_TEXT, TR_LANGUAGE) VALUES ('frontend', 'OKM-010015', 'Path not found', 'en-GB');
INSERT INTO OKM_TRANSLATION (TR_MODULE, TR_KEY, TR_TEXT, TR_LANGUAGE) VALUES ('frontend', 'OKM-010009', 'Access denied', 'en-GB');
INSERT INTO OKM_TRANSLATION (TR_MODULE, TR_KEY, TR_TEXT, TR_LANGUAGE) VALUES ('frontend', 'OKM-010001', 'Repository internal error', 'en-GB');
INSERT INTO OKM_TRANSLATION (TR_MODULE, TR_KEY, TR_TEXT, TR_LANGUAGE) VALUES ('frontend', 'OKM-010024', 'Database error', 'en-GB');
INSERT INTO OKM_TRANSLATION (TR_MODULE, TR_KEY, TR_TEXT, TR_LANGUAGE) VALUES ('frontend', 'OKM-010006', 'Application internal error', 'en-GB');
INSERT INTO OKM_TRANSLATION (TR_MODULE, TR_KEY, TR_TEXT, TR_LANGUAGE) VALUES ('frontend', 'OKM-009004', 'Locked', 'en-GB');
INSERT INTO OKM_TRANSLATION (TR_MODULE, TR_KEY, TR_TEXT, TR_LANGUAGE) VALUES ('frontend', 'OKM-009015', 'Path not exist', 'en-GB');
INSERT INTO OKM_TRANSLATION (TR_MODULE, TR_KEY, TR_TEXT, TR_LANGUAGE) VALUES ('frontend', 'OKM-009009', 'Access denied', 'en-GB');
INSERT INTO OKM_TRANSLATION (TR_MODULE, TR_KEY, TR_TEXT, TR_LANGUAGE) VALUES ('frontend', 'OKM-009001', 'Repository internal error', 'en-GB');
INSERT INTO OKM_TRANSLATION (TR_MODULE, TR_KEY, TR_TEXT, TR_LANGUAGE) VALUES ('frontend', 'OKM-009024', 'Database error', 'en-GB');
INSERT INTO OKM_TRANSLATION (TR_MODULE, TR_KEY, TR_TEXT, TR_LANGUAGE) VALUES ('frontend', 'OKM-009006', 'Application internal error', 'en-GB');
INSERT INTO OKM_TRANSLATION (TR_MODULE, TR_KEY, TR_TEXT, TR_LANGUAGE) VALUES ('frontend', 'OKM-009012', 'Group not exists', 'en-GB');
INSERT INTO OKM_TRANSLATION (TR_MODULE, TR_KEY, TR_TEXT, TR_LANGUAGE) VALUES ('frontend', 'OKM-009014', 'Property not exists', 'en-GB');
INSERT INTO OKM_TRANSLATION (TR_MODULE, TR_KEY, TR_TEXT, TR_LANGUAGE) VALUES ('frontend', 'OKM-009013', 'Error on I/O', 'en-GB');
INSERT INTO OKM_TRANSLATION (TR_MODULE, TR_KEY, TR_TEXT, TR_LANGUAGE) VALUES ('frontend', 'OKM-012001', 'Repository internal error', 'en-GB');
INSERT INTO OKM_TRANSLATION (TR_MODULE, TR_KEY, TR_TEXT, TR_LANGUAGE) VALUES ('frontend', 'OKM-012006', 'Application internal error', 'en-GB');
INSERT INTO OKM_TRANSLATION (TR_MODULE, TR_KEY, TR_TEXT, TR_LANGUAGE) VALUES ('frontend', 'OKM-012015', 'Path not exist', 'en-GB');
INSERT INTO OKM_TRANSLATION (TR_MODULE, TR_KEY, TR_TEXT, TR_LANGUAGE) VALUES ('frontend', 'OKM-012024', 'Database error', 'en-GB');
INSERT INTO OKM_TRANSLATION (TR_MODULE, TR_KEY, TR_TEXT, TR_LANGUAGE) VALUES ('frontend', 'OKM-012009', 'Access denied', 'en-GB');
INSERT INTO OKM_TRANSLATION (TR_MODULE, TR_KEY, TR_TEXT, TR_LANGUAGE) VALUES ('frontend', 'OKM-019001', 'Repository internal error', 'en-GB');
INSERT INTO OKM_TRANSLATION (TR_MODULE, TR_KEY, TR_TEXT, TR_LANGUAGE) VALUES ('frontend', 'OKM-019006', 'Application internal error', 'en-GB');
INSERT INTO OKM_TRANSLATION (TR_MODULE, TR_KEY, TR_TEXT, TR_LANGUAGE) VALUES ('frontend', 'OKM-019024', 'Database error', 'en-GB');
insert into OKM_LANGUAGE (LG_LANGUAGE, LG_DESCRIPTION) values ('es-ES', 'Espaol');
INSERT INTO OKM_TRANSLATION (TR_MODULE, TR_KEY, TR_TEXT, TR_LANGUAGE) VALUES ('frontend', 'general.date.pattern', 'dd/MM/yyyy HH:mm:ss', 'es-ES');
INSERT INTO OKM_TRANSLATION (TR_MODULE, TR_KEY, TR_TEXT, TR_LANGUAGE) VALUES ('frontend', 'general.day.pattern', 'dd/MM/yyyy', 'es-ES');
INSERT INTO OKM_TRANSLATION (TR_MODULE, TR_KEY, TR_TEXT, TR_LANGUAGE) VALUES ('frontend', 'general.hour.pattern', 'HH:mm:ss', 'es-ES');
INSERT INTO OKM_TRANSLATION (TR_MODULE, TR_KEY, TR_TEXT, TR_LANGUAGE) VALUES ('frontend', 'startup.openkm', 'Cargando OpenKM', 'es-ES');
INSERT INTO OKM_TRANSLATION (TR_MODULE, TR_KEY, TR_TEXT, TR_LANGUAGE) VALUES ('frontend', 'startup.starting.loading', 'Comenzando la carga de OpenKM', 'es-ES');
INSERT INTO OKM_TRANSLATION (TR_MODULE, TR_KEY, TR_TEXT, TR_LANGUAGE) VALUES ('frontend', 'startup.taxonomy', 'Obteniendo el nodo principal de la taxonoma', 'es-ES');
INSERT INTO OKM_TRANSLATION (TR_MODULE, TR_KEY, TR_TEXT, TR_LANGUAGE) VALUES ('frontend', 'startup.categories', 'Obteniendo el nodo principal de las categoras', 'es-ES');
INSERT INTO OKM_TRANSLATION (TR_MODULE, TR_KEY, TR_TEXT, TR_LANGUAGE) VALUES ('frontend', 'startup.thesaurus', 'Obteniendo el nodo principal del thesausus', 'es-ES');
INSERT INTO OKM_TRANSLATION (TR_MODULE, TR_KEY, TR_TEXT, TR_LANGUAGE) VALUES ('frontend', 'startup.template', 'Obteniendo el nodo principal de las plantillas', 'es-ES');
INSERT INTO OKM_TRANSLATION (TR_MODULE, TR_KEY, TR_TEXT, TR_LANGUAGE) VALUES ('frontend', 'startup.personal', 'Obteniendo el nodo principal de personal', 'es-ES');
INSERT INTO OKM_TRANSLATION (TR_MODULE, TR_KEY, TR_TEXT, TR_LANGUAGE) VALUES ('frontend', 'startup.mail', 'Obteniendo el nodo principal de mail', 'es-ES');
INSERT INTO OKM_TRANSLATION (TR_MODULE, TR_KEY, TR_TEXT, TR_LANGUAGE) VALUES ('frontend', 'startup.trash', 'Oteniendo el nodo principal de la papelera', 'es-ES');
INSERT INTO OKM_TRANSLATION (TR_MODULE, TR_KEY, TR_TEXT, TR_LANGUAGE) VALUES ('frontend', 'startup.user.home', 'Obteniendo el inicio de usuarios', 'es-ES');
INSERT INTO OKM_TRANSLATION (TR_MODULE, TR_KEY, TR_TEXT, TR_LANGUAGE) VALUES ('frontend', 'startup.bookmarks', 'Obteniendo marcadores', 'es-ES');
INSERT INTO OKM_TRANSLATION (TR_MODULE, TR_KEY, TR_TEXT, TR_LANGUAGE) VALUES ('frontend', 'startup.loading.taxonomy', 'Cargando taxonoma', 'es-ES');
INSERT INTO OKM_TRANSLATION (TR_MODULE, TR_KEY, TR_TEXT, TR_LANGUAGE) VALUES ('frontend', 'startup.loading.taxonomy.getting.folders', 'Cargando taxonoma - obteniendo carpetas', 'es-ES');
INSERT INTO OKM_TRANSLATION (TR_MODULE, TR_KEY, TR_TEXT, TR_LANGUAGE) VALUES ('frontend', 'startup.loading.taxonomy.eval.params', 'Cargando taxonoma - evaluando parmetros', 'es-ES');
INSERT INTO OKM_TRANSLATION (TR_MODULE, TR_KEY, TR_TEXT, TR_LANGUAGE) VALUES ('frontend', 'startup.loading.taxonomy.open.path', 'Cargando taxonoma - abriendo la ruta', 'es-ES');
INSERT INTO OKM_TRANSLATION (TR_MODULE, TR_KEY, TR_TEXT, TR_LANGUAGE) VALUES ('frontend', 'startup.loading.taxonomy.getting.filebrowser.folders', 'Cargando taxonoma - obteniendo carpetas', 'es-ES');
INSERT INTO OKM_TRANSLATION (TR_MODULE, TR_KEY, TR_TEXT, TR_LANGUAGE) VALUES ('frontend', 'startup.loading.taxonomy.getting.filebrowser.documents', 'Cargando taxonoma - obteniendo documentos', 'es-ES');
INSERT INTO OKM_TRANSLATION (TR_MODULE, TR_KEY, TR_TEXT, TR_LANGUAGE) VALUES ('frontend', 'startup.loading.taxonomy.getting.filebrowser.mails', 'Cargando taxonoma - obteniendo correos electrnicos', 'es-ES');
INSERT INTO OKM_TRANSLATION (TR_MODULE, TR_KEY, TR_TEXT, TR_LANGUAGE) VALUES ('frontend', 'startup.loading.personal', 'Cargando personales', 'es-ES');
INSERT INTO OKM_TRANSLATION (TR_MODULE, TR_KEY, TR_TEXT, TR_LANGUAGE) VALUES ('frontend', 'startup.loading.mail', 'Cargando correos', 'es-ES');
INSERT INTO OKM_TRANSLATION (TR_MODULE, TR_KEY, TR_TEXT, TR_LANGUAGE) VALUES ('frontend', 'startup.loading.categories', 'Cargando categoras', 'es-ES');
INSERT INTO OKM_TRANSLATION (TR_MODULE, TR_KEY, TR_TEXT, TR_LANGUAGE) VALUES ('frontend', 'startup.loading.thesaurus', 'Cargando thesaurus', 'es-ES');
INSERT INTO OKM_TRANSLATION (TR_MODULE, TR_KEY, TR_TEXT, TR_LANGUAGE) VALUES ('frontend', 'startup.loading.templates', 'Cargando plantillas', 'es-ES');
INSERT INTO OKM_TRANSLATION (TR_MODULE, TR_KEY, TR_TEXT, TR_LANGUAGE) VALUES ('frontend', 'startup.loading.trash', 'Cargando papelera', 'es-ES');
INSERT INTO OKM_TRANSLATION (TR_MODULE, TR_KEY, TR_TEXT, TR_LANGUAGE) VALUES ('frontend', 'startup.loading.history.search', 'Cargando histrico de bsquedas', 'es-ES');
INSERT INTO OKM_TRANSLATION (TR_MODULE, TR_KEY, TR_TEXT, TR_LANGUAGE) VALUES ('frontend', 'startup.loading.user.values', 'Cargando datos del usuario', 'es-ES');
INSERT INTO OKM_TRANSLATION (TR_MODULE, TR_KEY, TR_TEXT, TR_LANGUAGE) VALUES ('frontend', 'startup.keep.alive', 'Cargando keep alive', 'es-ES');
INSERT INTO OKM_TRANSLATION (TR_MODULE, TR_KEY, TR_TEXT, TR_LANGUAGE) VALUES ('frontend', 'openkm.update.available', 'Actualizacin disponible de OpenKM', 'es-ES');
INSERT INTO OKM_TRANSLATION (TR_MODULE, TR_KEY, TR_TEXT, TR_LANGUAGE) VALUES ('frontend', 'leftpanel.label.taxonomy', 'Taxonoma', 'es-ES');
INSERT INTO OKM_TRANSLATION (TR_MODULE, TR_KEY, TR_TEXT, TR_LANGUAGE) VALUES ('frontend', 'leftpanel.label.trash', 'Papelera', 'es-ES');
INSERT INTO OKM_TRANSLATION (TR_MODULE, TR_KEY, TR_TEXT, TR_LANGUAGE) VALUES ('frontend', 'leftpanel.label.mail', 'Correo electrnico', 'es-ES');
INSERT INTO OKM_TRANSLATION (TR_MODULE, TR_KEY, TR_TEXT, TR_LANGUAGE) VALUES ('frontend', 'leftpanel.label.stored.search', 'Bsquedas almacenadas', 'es-ES');
INSERT INTO OKM_TRANSLATION (TR_MODULE, TR_KEY, TR_TEXT, TR_LANGUAGE) VALUES ('frontend', 'leftpanel.label.categories', 'Categoras', 'es-ES');
INSERT INTO OKM_TRANSLATION (TR_MODULE, TR_KEY, TR_TEXT, TR_LANGUAGE) VALUES ('frontend', 'leftpanel.label.thesaurus', 'Thesaurus', 'es-ES');
INSERT INTO OKM_TRANSLATION (TR_MODULE, TR_KEY, TR_TEXT, TR_LANGUAGE) VALUES ('frontend', 'leftpanel.label.templates', 'Plantillas', 'es-ES');
INSERT INTO OKM_TRANSLATION (TR_MODULE, TR_KEY, TR_TEXT, TR_LANGUAGE) VALUES ('frontend', 'leftpanel.label.my.documents', 'Documentos personales', 'es-ES');
INSERT INTO OKM_TRANSLATION (TR_MODULE, TR_KEY, TR_TEXT, TR_LANGUAGE) VALUES ('frontend', 'leftpanel.label.user.search', 'Novedades de usuario', 'es-ES');
INSERT INTO OKM_TRANSLATION (TR_MODULE, TR_KEY, TR_TEXT, TR_LANGUAGE) VALUES ('frontend', 'leftpanel.label.all.repository', 'En todo el repositorio', 'es-ES');
INSERT INTO OKM_TRANSLATION (TR_MODULE, TR_KEY, TR_TEXT, TR_LANGUAGE) VALUES ('frontend', 'tree.menu.directory.create', 'Crear carpeta', 'es-ES');
INSERT INTO OKM_TRANSLATION (TR_MODULE, TR_KEY, TR_TEXT, TR_LANGUAGE) VALUES ('frontend', 'tree.menu.directory.remove', 'Eliminar', 'es-ES');
INSERT INTO OKM_TRANSLATION (TR_MODULE, TR_KEY, TR_TEXT, TR_LANGUAGE) VALUES ('frontend', 'tree.menu.directory.rename', 'Renombrar', 'es-ES');
INSERT INTO OKM_TRANSLATION (TR_MODULE, TR_KEY, TR_TEXT, TR_LANGUAGE) VALUES ('frontend', 'tree.menu.directory.refresh', 'Refrescar', 'es-ES');
INSERT INTO OKM_TRANSLATION (TR_MODULE, TR_KEY, TR_TEXT, TR_LANGUAGE) VALUES ('frontend', 'tree.menu.directory.move', 'Mover', 'es-ES');
INSERT INTO OKM_TRANSLATION (TR_MODULE, TR_KEY, TR_TEXT, TR_LANGUAGE) VALUES ('frontend', 'tree.menu.directory.copy', 'Copiar', 'es-ES');
INSERT INTO OKM_TRANSLATION (TR_MODULE, TR_KEY, TR_TEXT, TR_LANGUAGE) VALUES ('frontend', 'tree.menu.directory.add.document', 'Aadir documento', 'es-ES');
INSERT INTO OKM_TRANSLATION (TR_MODULE, TR_KEY, TR_TEXT, TR_LANGUAGE) VALUES ('frontend', 'tree.menu.add.bookmark', 'Aadir marcador', 'es-ES');
INSERT INTO OKM_TRANSLATION (TR_MODULE, TR_KEY, TR_TEXT, TR_LANGUAGE) VALUES ('frontend', 'tree.menu.set.home', 'Establecer inicio', 'es-ES');
INSERT INTO OKM_TRANSLATION (TR_MODULE, TR_KEY, TR_TEXT, TR_LANGUAGE) VALUES ('frontend', 'tree.menu.export', 'Exportar a fichero', 'es-ES');
INSERT INTO OKM_TRANSLATION (TR_MODULE, TR_KEY, TR_TEXT, TR_LANGUAGE) VALUES ('frontend', 'tree.status.refresh.folder', 'Actualizando rbol de carpetas', 'es-ES');
INSERT INTO OKM_TRANSLATION (TR_MODULE, TR_KEY, TR_TEXT, TR_LANGUAGE) VALUES ('frontend', 'tree.status.refresh.create', 'Creando carpeta', 'es-ES');
INSERT INTO OKM_TRANSLATION (TR_MODULE, TR_KEY, TR_TEXT, TR_LANGUAGE) VALUES ('frontend', 'tree.status.refresh.delete', 'Eliminando carpeta', 'es-ES');
INSERT INTO OKM_TRANSLATION (TR_MODULE, TR_KEY, TR_TEXT, TR_LANGUAGE) VALUES ('frontend', 'tree.status.refresh.rename', 'Renombrando carpeta', 'es-ES');
INSERT INTO OKM_TRANSLATION (TR_MODULE, TR_KEY, TR_TEXT, TR_LANGUAGE) VALUES ('frontend', 'tree.status.refresh.restore', 'Restaurando carpeta', 'es-ES');
INSERT INTO OKM_TRANSLATION (TR_MODULE, TR_KEY, TR_TEXT, TR_LANGUAGE) VALUES ('frontend', 'tree.status.refresh.purge', 'Eliminando carpeta', 'es-ES');
INSERT INTO OKM_TRANSLATION (TR_MODULE, TR_KEY, TR_TEXT, TR_LANGUAGE) VALUES ('frontend', 'tree.status.refresh.get', 'Actualizando carpeta', 'es-ES');
INSERT INTO OKM_TRANSLATION (TR_MODULE, TR_KEY, TR_TEXT, TR_LANGUAGE) VALUES ('frontend', 'tree.folder.new', 'Nueva carpeta', 'es-ES');
INSERT INTO OKM_TRANSLATION (TR_MODULE, TR_KEY, TR_TEXT, TR_LANGUAGE) VALUES ('frontend', 'tree.status.refresh.add.subscription', 'Estableciendo suscripcin', 'es-ES');
INSERT INTO OKM_TRANSLATION (TR_MODULE, TR_KEY, TR_TEXT, TR_LANGUAGE) VALUES ('frontend', 'tree.status.refresh.remove.subscription', 'Eliminando suscripcin', 'es-ES');
INSERT INTO OKM_TRANSLATION (TR_MODULE, TR_KEY, TR_TEXT, TR_LANGUAGE) VALUES ('frontend', 'tree.status.refresh.get.root', 'Refrescando carpeta inicial', 'es-ES');
INSERT INTO OKM_TRANSLATION (TR_MODULE, TR_KEY, TR_TEXT, TR_LANGUAGE) VALUES ('frontend', 'tree.status.refresh.get.keywords', 'Refrescando palabras clave', 'es-ES');
INSERT INTO OKM_TRANSLATION (TR_MODULE, TR_KEY, TR_TEXT, TR_LANGUAGE) VALUES ('frontend', 'tree.status.refresh.get.user.home', 'Obteniendo inicio del usuario', 'es-ES');
INSERT INTO OKM_TRANSLATION (TR_MODULE, TR_KEY, TR_TEXT, TR_LANGUAGE) VALUES ('frontend', 'tree.status.refresh.purge.trash', 'Vaciando papelera', 'es-ES');
INSERT INTO OKM_TRANSLATION (TR_MODULE, TR_KEY, TR_TEXT, TR_LANGUAGE) VALUES ('frontend', 'tree.menu.directory.find.folder', 'Buscar carpeta', 'es-ES');
INSERT INTO OKM_TRANSLATION (TR_MODULE, TR_KEY, TR_TEXT, TR_LANGUAGE) VALUES ('frontend', 'trash.menu.directory.restore', 'Restaurar', 'es-ES');
INSERT INTO OKM_TRANSLATION (TR_MODULE, TR_KEY, TR_TEXT, TR_LANGUAGE) VALUES ('frontend', 'trash.menu.directory.purge', 'Eliminar', 'es-ES');
INSERT INTO OKM_TRANSLATION (TR_MODULE, TR_KEY, TR_TEXT, TR_LANGUAGE) VALUES ('frontend', 'trash.menu.directory.purge.trash', 'Vaciar papelera', 'es-ES');
INSERT INTO OKM_TRANSLATION (TR_MODULE, TR_KEY, TR_TEXT, TR_LANGUAGE) VALUES ('frontend', 'trash.directory.select.label', 'Seleccionar capeta de destino', 'es-ES');
INSERT INTO OKM_TRANSLATION (TR_MODULE, TR_KEY, TR_TEXT, TR_LANGUAGE) VALUES ('frontend', 'general.menu.file', 'Archivo', 'es-ES');
INSERT INTO OKM_TRANSLATION (TR_MODULE, TR_KEY, TR_TEXT, TR_LANGUAGE) VALUES ('frontend', 'general.menu.file.exit', 'Salir', 'es-ES');
INSERT INTO OKM_TRANSLATION (TR_MODULE, TR_KEY, TR_TEXT, TR_LANGUAGE) VALUES ('frontend', 'general.menu.file.purge.trash', 'Vaciar papelera', 'es-ES');
INSERT INTO OKM_TRANSLATION (TR_MODULE, TR_KEY, TR_TEXT, TR_LANGUAGE) VALUES ('frontend', 'general.menu.edit', 'Edicin', 'es-ES');
INSERT INTO OKM_TRANSLATION (TR_MODULE, TR_KEY, TR_TEXT, TR_LANGUAGE) VALUES ('frontend', 'general.menu.file.create.directory', 'Crear carpeta', 'es-ES');
INSERT INTO OKM_TRANSLATION (TR_MODULE, TR_KEY, TR_TEXT, TR_LANGUAGE) VALUES ('frontend', 'general.menu.file.download.document', 'Descargar documento', 'es-ES');
INSERT INTO OKM_TRANSLATION (TR_MODULE, TR_KEY, TR_TEXT, TR_LANGUAGE) VALUES ('frontend', 'general.menu.file.download.document.pdf', 'Descargar documento como PDF', 'es-ES');
INSERT INTO OKM_TRANSLATION (TR_MODULE, TR_KEY, TR_TEXT, TR_LANGUAGE) VALUES ('frontend', 'general.menu.file.send.link', 'Enviar enlace del documento', 'es-ES');
INSERT INTO OKM_TRANSLATION (TR_MODULE, TR_KEY, TR_TEXT, TR_LANGUAGE) VALUES ('frontend', 'general.menu.file.send.attachment', 'Enviar documento adjunto', 'es-ES');
INSERT INTO OKM_TRANSLATION (TR_MODULE, TR_KEY, TR_TEXT, TR_LANGUAGE) VALUES ('frontend', 'general.menu.file.lock', 'Bloquear', 'es-ES');
INSERT INTO OKM_TRANSLATION (TR_MODULE, TR_KEY, TR_TEXT, TR_LANGUAGE) VALUES ('frontend', 'general.menu.file.unlock', 'Desbloquear', 'es-ES');
INSERT INTO OKM_TRANSLATION (TR_MODULE, TR_KEY, TR_TEXT, TR_LANGUAGE) VALUES ('frontend', 'general.menu.file.add.document', 'Aadir documento', 'es-ES');
INSERT INTO OKM_TRANSLATION (TR_MODULE, TR_KEY, TR_TEXT, TR_LANGUAGE) VALUES ('frontend', 'general.menu.file.checkout', 'Checkout', 'es-ES');
INSERT INTO OKM_TRANSLATION (TR_MODULE, TR_KEY, TR_TEXT, TR_LANGUAGE) VALUES ('frontend', 'general.menu.file.checkin', 'Checkin', 'es-ES');
INSERT INTO OKM_TRANSLATION (TR_MODULE, TR_KEY, TR_TEXT, TR_LANGUAGE) VALUES ('frontend', 'general.menu.file.cancel.checkout', 'Cancelar checkout', 'es-ES');
INSERT INTO OKM_TRANSLATION (TR_MODULE, TR_KEY, TR_TEXT, TR_LANGUAGE) VALUES ('frontend', 'general.menu.file.delete', 'Eliminar', 'es-ES');
INSERT INTO OKM_TRANSLATION (TR_MODULE, TR_KEY, TR_TEXT, TR_LANGUAGE) VALUES ('frontend', 'general.menu.file.refresh', 'Refrescar', 'es-ES');
INSERT INTO OKM_TRANSLATION (TR_MODULE, TR_KEY, TR_TEXT, TR_LANGUAGE) VALUES ('frontend', 'general.menu.file.scanner', 'Scanner', 'es-ES');
INSERT INTO OKM_TRANSLATION (TR_MODULE, TR_KEY, TR_TEXT, TR_LANGUAGE) VALUES ('frontend', 'general.menu.file.uploader', 'Subida de ficheros', 'es-ES');
INSERT INTO OKM_TRANSLATION (TR_MODULE, TR_KEY, TR_TEXT, TR_LANGUAGE) VALUES ('frontend', 'general.menu.tools', 'Herramientas', 'es-ES');
INSERT INTO OKM_TRANSLATION (TR_MODULE, TR_KEY, TR_TEXT, TR_LANGUAGE) VALUES ('frontend', 'general.menu.tools.languages', 'Idiomas', 'es-ES');
INSERT INTO OKM_TRANSLATION (TR_MODULE, TR_KEY, TR_TEXT, TR_LANGUAGE) VALUES ('frontend', 'general.menu.tools.skin', 'Apariencia', 'es-ES');
INSERT INTO OKM_TRANSLATION (TR_MODULE, TR_KEY, TR_TEXT, TR_LANGUAGE) VALUES ('frontend', 'general.menu.tools.skin.default', 'Por defecto', 'es-ES');
INSERT INTO OKM_TRANSLATION (TR_MODULE, TR_KEY, TR_TEXT, TR_LANGUAGE) VALUES ('frontend', 'general.menu.tools.skin.default2', 'Por defecto 2', 'es-ES');
INSERT INTO OKM_TRANSLATION (TR_MODULE, TR_KEY, TR_TEXT, TR_LANGUAGE) VALUES ('frontend', 'general.menu.tools.skin.mediumfont', 'Fuente mediana', 'es-ES');
INSERT INTO OKM_TRANSLATION (TR_MODULE, TR_KEY, TR_TEXT, TR_LANGUAGE) VALUES ('frontend', 'general.menu.tools.skin.bigfont', 'Fuente grande', 'es-ES');
INSERT INTO OKM_TRANSLATION (TR_MODULE, TR_KEY, TR_TEXT, TR_LANGUAGE) VALUES ('frontend', 'general.menu.debug.console', 'Consola de depuracin', 'es-ES');
INSERT INTO OKM_TRANSLATION (TR_MODULE, TR_KEY, TR_TEXT, TR_LANGUAGE) VALUES ('frontend', 'general.menu.administration', 'Mostrar administracin', 'es-ES');
INSERT INTO OKM_TRANSLATION (TR_MODULE, TR_KEY, TR_TEXT, TR_LANGUAGE) VALUES ('frontend', 'general.menu.tools.preferences', 'Prefererencias', 'es-ES');
INSERT INTO OKM_TRANSLATION (TR_MODULE, TR_KEY, TR_TEXT, TR_LANGUAGE) VALUES ('frontend', 'general.menu.tools.user.preferences', 'Configuracin del usuario', 'es-ES');
INSERT INTO OKM_TRANSLATION (TR_MODULE, TR_KEY, TR_TEXT, TR_LANGUAGE) VALUES ('frontend', 'general.menu.bookmark', 'Marcadores', 'es-ES');
INSERT INTO OKM_TRANSLATION (TR_MODULE, TR_KEY, TR_TEXT, TR_LANGUAGE) VALUES ('frontend', 'general.menu.bookmark.home', 'Inicio', 'es-ES');
INSERT INTO OKM_TRANSLATION (TR_MODULE, TR_KEY, TR_TEXT, TR_LANGUAGE) VALUES ('frontend', 'general.menu.bookmark.default.home', 'Establecer inicio por defecto', 'es-ES');
INSERT INTO OKM_TRANSLATION (TR_MODULE, TR_KEY, TR_TEXT, TR_LANGUAGE) VALUES ('frontend', 'general.menu.bookmark.edit', 'Editar marcadores', 'es-ES');
INSERT INTO OKM_TRANSLATION (TR_MODULE, TR_KEY, TR_TEXT, TR_LANGUAGE) VALUES ('frontend', 'general.menu.help', 'Ayuda', 'es-ES');
INSERT INTO OKM_TRANSLATION (TR_MODULE, TR_KEY, TR_TEXT, TR_LANGUAGE) VALUES ('frontend', 'general.menu.bug.report', 'Reportar fallos', 'es-ES');
INSERT INTO OKM_TRANSLATION (TR_MODULE, TR_KEY, TR_TEXT, TR_LANGUAGE) VALUES ('frontend', 'general.menu.support.request', 'Solicitud soporte', 'es-ES');
INSERT INTO OKM_TRANSLATION (TR_MODULE, TR_KEY, TR_TEXT, TR_LANGUAGE) VALUES ('frontend', 'general.menu.public.forum', 'Foro pblico', 'es-ES');
INSERT INTO OKM_TRANSLATION (TR_MODULE, TR_KEY, TR_TEXT, TR_LANGUAGE) VALUES ('frontend', 'general.menu.project.web', 'Web del proyecto', 'es-ES');
INSERT INTO OKM_TRANSLATION (TR_MODULE, TR_KEY, TR_TEXT, TR_LANGUAGE) VALUES ('frontend', 'general.menu.documentation', 'Documentacin', 'es-ES');
INSERT INTO OKM_TRANSLATION (TR_MODULE, TR_KEY, TR_TEXT, TR_LANGUAGE) VALUES ('frontend', 'general.menu.version.changes', 'Notas de la versin', 'es-ES');
INSERT INTO OKM_TRANSLATION (TR_MODULE, TR_KEY, TR_TEXT, TR_LANGUAGE) VALUES ('frontend', 'general.menu.about', 'Sobre OpenKM', 'es-ES');
INSERT INTO OKM_TRANSLATION (TR_MODULE, TR_KEY, TR_TEXT, TR_LANGUAGE) VALUES ('frontend', 'general.connected', 'Conectado como', 'es-ES');
INSERT INTO OKM_TRANSLATION (TR_MODULE, TR_KEY, TR_TEXT, TR_LANGUAGE) VALUES ('frontend', 'filebrowser.name', 'Nombre', 'es-ES');
INSERT INTO OKM_TRANSLATION (TR_MODULE, TR_KEY, TR_TEXT, TR_LANGUAGE) VALUES ('frontend', 'filebrowser.date.update', 'Fecha de modificacin', 'es-ES');
INSERT INTO OKM_TRANSLATION (TR_MODULE, TR_KEY, TR_TEXT, TR_LANGUAGE) VALUES ('frontend', 'filebrowser.size', 'Tamao', 'es-ES');
INSERT INTO OKM_TRANSLATION (TR_MODULE, TR_KEY, TR_TEXT, TR_LANGUAGE) VALUES ('frontend', 'filebrowser.path', 'Ruta', 'es-ES');
INSERT INTO OKM_TRANSLATION (TR_MODULE, TR_KEY, TR_TEXT, TR_LANGUAGE) VALUES ('frontend', 'filebrowser.author', 'Autor', 'es-ES');
INSERT INTO OKM_TRANSLATION (TR_MODULE, TR_KEY, TR_TEXT, TR_LANGUAGE) VALUES ('frontend', 'filebrowser.version', 'Versin', 'es-ES');
INSERT INTO OKM_TRANSLATION (TR_MODULE, TR_KEY, TR_TEXT, TR_LANGUAGE) VALUES ('frontend', 'filebrowser.menu.checkout', 'Check-out', 'es-ES');
INSERT INTO OKM_TRANSLATION (TR_MODULE, TR_KEY, TR_TEXT, TR_LANGUAGE) VALUES ('frontend', 'filebrowser.menu.checkin', 'Check-in', 'es-ES');
INSERT INTO OKM_TRANSLATION (TR_MODULE, TR_KEY, TR_TEXT, TR_LANGUAGE) VALUES ('frontend', 'filebrowser.menu.delete', 'Eliminar', 'es-ES');
INSERT INTO OKM_TRANSLATION (TR_MODULE, TR_KEY, TR_TEXT, TR_LANGUAGE) VALUES ('frontend', 'filebrowser.menu.rename', 'Renombrar', 'es-ES');
INSERT INTO OKM_TRANSLATION (TR_MODULE, TR_KEY, TR_TEXT, TR_LANGUAGE) VALUES ('frontend', 'filebrowser.menu.checkout.cancel', 'Cancelar check-out', 'es-ES');
INSERT INTO OKM_TRANSLATION (TR_MODULE, TR_KEY, TR_TEXT, TR_LANGUAGE) VALUES ('frontend', 'filebrowser.menu.lock', 'Bloquear', 'es-ES');
INSERT INTO OKM_TRANSLATION (TR_MODULE, TR_KEY, TR_TEXT, TR_LANGUAGE) VALUES ('frontend', 'filebrowser.menu.unlock', 'Desbloquear', 'es-ES');
INSERT INTO OKM_TRANSLATION (TR_MODULE, TR_KEY, TR_TEXT, TR_LANGUAGE) VALUES ('frontend', 'filebrowser.menu.download', 'Descargar', 'es-ES');
INSERT INTO OKM_TRANSLATION (TR_MODULE, TR_KEY, TR_TEXT, TR_LANGUAGE) VALUES ('frontend', 'filebrowser.menu.move', 'Mover', 'es-ES');
INSERT INTO OKM_TRANSLATION (TR_MODULE, TR_KEY, TR_TEXT, TR_LANGUAGE) VALUES ('frontend', 'filebrowser.menu.copy', 'Copiar', 'es-ES');
INSERT INTO OKM_TRANSLATION (TR_MODULE, TR_KEY, TR_TEXT, TR_LANGUAGE) VALUES ('frontend', 'filebrowser.menu.create.from.template', 'Crear desde plantilla', 'es-ES');
INSERT INTO OKM_TRANSLATION (TR_MODULE, TR_KEY, TR_TEXT, TR_LANGUAGE) VALUES ('frontend', 'filebrowser.menu.add.property.group', 'Aadir grupo de propiedades', 'es-ES');
INSERT INTO OKM_TRANSLATION (TR_MODULE, TR_KEY, TR_TEXT, TR_LANGUAGE) VALUES ('frontend', 'filebrowser.menu.remove.property.group', 'Eliminar grupo de propiedades', 'es-ES');
INSERT INTO OKM_TRANSLATION (TR_MODULE, TR_KEY, TR_TEXT, TR_LANGUAGE) VALUES ('frontend', 'filebrowser.menu.start.workflow', 'Iniciar workflow', 'es-ES');
INSERT INTO OKM_TRANSLATION (TR_MODULE, TR_KEY, TR_TEXT, TR_LANGUAGE) VALUES ('frontend', 'filebrowser.menu.add.subscription', 'Aadir suscripcin', 'es-ES');
INSERT INTO OKM_TRANSLATION (TR_MODULE, TR_KEY, TR_TEXT, TR_LANGUAGE) VALUES ('frontend', 'filebrowser.menu.remove.subscription', 'Eliminar suscripcin', 'es-ES');
INSERT INTO OKM_TRANSLATION (TR_MODULE, TR_KEY, TR_TEXT, TR_LANGUAGE) VALUES ('frontend', 'filebrowser.menu.add.bookmark', 'Aadir marcador', 'es-ES');
INSERT INTO OKM_TRANSLATION (TR_MODULE, TR_KEY, TR_TEXT, TR_LANGUAGE) VALUES ('frontend', 'filebrowser.menu.set.home', 'Establecer inicio', 'es-ES');
INSERT INTO OKM_TRANSLATION (TR_MODULE, TR_KEY, TR_TEXT, TR_LANGUAGE) VALUES ('frontend', 'filebrowser.menu.refresh', 'Refrescar', 'es-ES');
INSERT INTO OKM_TRANSLATION (TR_MODULE, TR_KEY, TR_TEXT, TR_LANGUAGE) VALUES ('frontend', 'filebrowser.menu.export', 'Exportar a ZIP', 'es-ES');
INSERT INTO OKM_TRANSLATION (TR_MODULE, TR_KEY, TR_TEXT, TR_LANGUAGE) VALUES ('frontend', 'filebrowser.menu.play', 'Reproducir', 'es-ES');
INSERT INTO OKM_TRANSLATION (TR_MODULE, TR_KEY, TR_TEXT, TR_LANGUAGE) VALUES ('frontend', 'filebrowser.menu.image.viewer', 'Visor de imgenes', 'es-ES');
INSERT INTO OKM_TRANSLATION (TR_MODULE, TR_KEY, TR_TEXT, TR_LANGUAGE) VALUES ('frontend', 'filebrowser.status.refresh.folder', 'Actualizando lista de carpetas', 'es-ES');
INSERT INTO OKM_TRANSLATION (TR_MODULE, TR_KEY, TR_TEXT, TR_LANGUAGE) VALUES ('frontend', 'filebrowser.status.refresh.document', 'Actualizando lista de documentos', 'es-ES');
INSERT INTO OKM_TRANSLATION (TR_MODULE, TR_KEY, TR_TEXT, TR_LANGUAGE) VALUES ('frontend', 'filebrowser.status.refresh.mail', 'Actualizando lista de correos electrnicos', 'es-ES');
INSERT INTO OKM_TRANSLATION (TR_MODULE, TR_KEY, TR_TEXT, TR_LANGUAGE) VALUES ('frontend', 'filebrowser.status.refresh.delete.folder', 'Eliminando carpeta', 'es-ES');
INSERT INTO OKM_TRANSLATION (TR_MODULE, TR_KEY, TR_TEXT, TR_LANGUAGE) VALUES ('frontend', 'filebrowser.status.refresh.delete.document', 'Eliminando documento', 'es-ES');
INSERT INTO OKM_TRANSLATION (TR_MODULE, TR_KEY, TR_TEXT, TR_LANGUAGE) VALUES ('frontend', 'filebrowser.status.refresh.checkout', 'Realizando checkout', 'es-ES');
INSERT INTO OKM_TRANSLATION (TR_MODULE, TR_KEY, TR_TEXT, TR_LANGUAGE) VALUES ('frontend', 'filebrowser.status.refresh.lock', 'Estableciendo lock', 'es-ES');
INSERT INTO OKM_TRANSLATION (TR_MODULE, TR_KEY, TR_TEXT, TR_LANGUAGE) VALUES ('frontend', 'filebrowser.status.refresh.unlock', 'Eliminando lock', 'es-ES');
INSERT INTO OKM_TRANSLATION (TR_MODULE, TR_KEY, TR_TEXT, TR_LANGUAGE) VALUES ('frontend', 'filebrowser.status.refresh.document.rename', 'Renombrando documento', 'es-ES');
INSERT INTO OKM_TRANSLATION (TR_MODULE, TR_KEY, TR_TEXT, TR_LANGUAGE) VALUES ('frontend', 'filebrowser.status.refresh.folder.rename', 'Renombrando carpeta', 'es-ES');
INSERT INTO OKM_TRANSLATION (TR_MODULE, TR_KEY, TR_TEXT, TR_LANGUAGE) VALUES ('frontend', 'filebrowser.status.refresh.document.purge', 'Eliminando documento', 'es-ES');
INSERT INTO OKM_TRANSLATION (TR_MODULE, TR_KEY, TR_TEXT, TR_LANGUAGE) VALUES ('frontend', 'filebrowser.status.refresh.folder.purge', 'Eliminando carpeta', 'es-ES');
INSERT INTO OKM_TRANSLATION (TR_MODULE, TR_KEY, TR_TEXT, TR_LANGUAGE) VALUES ('frontend', 'filebrowser.status.refresh.folder.get', 'Actualizando carpeta', 'es-ES');
INSERT INTO OKM_TRANSLATION (TR_MODULE, TR_KEY, TR_TEXT, TR_LANGUAGE) VALUES ('frontend', 'filebrowser.status.refresh.document.get', 'Actualizando documento', 'es-ES');
INSERT INTO OKM_TRANSLATION (TR_MODULE, TR_KEY, TR_TEXT, TR_LANGUAGE) VALUES ('frontend', 'filebrowser.status.refresh.add.subscription', 'Estableciendo suscripcin', 'es-ES');
INSERT INTO OKM_TRANSLATION (TR_MODULE, TR_KEY, TR_TEXT, TR_LANGUAGE) VALUES ('frontend', 'filebrowser.status.refresh.remove.subscription', 'Eliminando suscripcin', 'es-ES');
INSERT INTO OKM_TRANSLATION (TR_MODULE, TR_KEY, TR_TEXT, TR_LANGUAGE) VALUES ('frontend', 'filebrowser.status.refresh.get.user.home', 'Obteniendo inicio', 'es-ES');
INSERT INTO OKM_TRANSLATION (TR_MODULE, TR_KEY, TR_TEXT, TR_LANGUAGE) VALUES ('frontend', 'filebrowser.status.refresh.delete.mail', 'Eliminando correo electrnico', 'es-ES');
INSERT INTO OKM_TRANSLATION (TR_MODULE, TR_KEY, TR_TEXT, TR_LANGUAGE) VALUES ('frontend', 'filebrowser.status.refresh.mail.purge', 'Eliminando correo electrnico', 'es-ES');
INSERT INTO OKM_TRANSLATION (TR_MODULE, TR_KEY, TR_TEXT, TR_LANGUAGE) VALUES ('frontend', 'fileupload.send', 'Enviar', 'es-ES');
INSERT INTO OKM_TRANSLATION (TR_MODULE, TR_KEY, TR_TEXT, TR_LANGUAGE) VALUES ('frontend', 'fileupload.status.sending', 'Subiendo el fichero...', 'es-ES');
INSERT INTO OKM_TRANSLATION (TR_MODULE, TR_KEY, TR_TEXT, TR_LANGUAGE) VALUES ('frontend', 'fileupload.status.indexing', 'Indexando el fichero...', 'es-ES');
INSERT INTO OKM_TRANSLATION (TR_MODULE, TR_KEY, TR_TEXT, TR_LANGUAGE) VALUES ('frontend', 'fileupload.status.ok', 'Envo completado correctamente', 'es-ES');
INSERT INTO OKM_TRANSLATION (TR_MODULE, TR_KEY, TR_TEXT, TR_LANGUAGE) VALUES ('frontend', 'fileupload.upload.status', 'Estado envio', 'es-ES');
INSERT INTO OKM_TRANSLATION (TR_MODULE, TR_KEY, TR_TEXT, TR_LANGUAGE) VALUES ('frontend', 'fileupload.upload.uploaded', 'Completado', 'es-ES');
INSERT INTO OKM_TRANSLATION (TR_MODULE, TR_KEY, TR_TEXT, TR_LANGUAGE) VALUES ('frontend', 'fileupload.upload.completed', 'Envio completado', 'es-ES');
INSERT INTO OKM_TRANSLATION (TR_MODULE, TR_KEY, TR_TEXT, TR_LANGUAGE) VALUES ('frontend', 'fileupload.upload.runtime', 'Tiempo de ejecucin', 'es-ES');
INSERT INTO OKM_TRANSLATION (TR_MODULE, TR_KEY, TR_TEXT, TR_LANGUAGE) VALUES ('frontend', 'fileupload.upload.remaining', 'falta', 'es-ES');
INSERT INTO OKM_TRANSLATION (TR_MODULE, TR_KEY, TR_TEXT, TR_LANGUAGE) VALUES ('frontend', 'fileupload.button.close', 'Cerrar', 'es-ES');
INSERT INTO OKM_TRANSLATION (TR_MODULE, TR_KEY, TR_TEXT, TR_LANGUAGE) VALUES ('frontend', 'fileupload.button.add.other.file', 'Aadir otro fichero', 'es-ES');
INSERT INTO OKM_TRANSLATION (TR_MODULE, TR_KEY, TR_TEXT, TR_LANGUAGE) VALUES ('frontend', 'fileupload.status.move.file', 'Moviendo el fichero...', 'es-ES');
INSERT INTO OKM_TRANSLATION (TR_MODULE, TR_KEY, TR_TEXT, TR_LANGUAGE) VALUES ('frontend', 'fileupload.status.move.mail', 'Moviendo el correo electrnico...', 'es-ES');
INSERT INTO OKM_TRANSLATION (TR_MODULE, TR_KEY, TR_TEXT, TR_LANGUAGE) VALUES ('frontend', 'fileupload.status.copy.file', 'Copiando el fichero...', 'es-ES');
INSERT INTO OKM_TRANSLATION (TR_MODULE, TR_KEY, TR_TEXT, TR_LANGUAGE) VALUES ('frontend', 'fileupload.status.copy.mail', 'Copiando el correo electrnico...', 'es-ES');
INSERT INTO OKM_TRANSLATION (TR_MODULE, TR_KEY, TR_TEXT, TR_LANGUAGE) VALUES ('frontend', 'fileupload.status.restore.file', 'Restaurando el fichero...', 'es-ES');
INSERT INTO OKM_TRANSLATION (TR_MODULE, TR_KEY, TR_TEXT, TR_LANGUAGE) VALUES ('frontend', 'fileupload.status.restore.mail', 'Restaurando el correo electrnico...', 'es-ES');
INSERT INTO OKM_TRANSLATION (TR_MODULE, TR_KEY, TR_TEXT, TR_LANGUAGE) VALUES ('frontend', 'fileupload.status.move.folder', 'Moviendo la carpeta...', 'es-ES');
INSERT INTO OKM_TRANSLATION (TR_MODULE, TR_KEY, TR_TEXT, TR_LANGUAGE) VALUES ('frontend', 'fileupload.status.copy.folder', 'Copiando la carpeta...', 'es-ES');
INSERT INTO OKM_TRANSLATION (TR_MODULE, TR_KEY, TR_TEXT, TR_LANGUAGE) VALUES ('frontend', 'fileupload.status.restore.folder', 'Restaurando la carpeta...', 'es-ES');
INSERT INTO OKM_TRANSLATION (TR_MODULE, TR_KEY, TR_TEXT, TR_LANGUAGE) VALUES ('frontend', 'fileupload.status.create.from.template', 'Creando el fichero desde la plantilla...', 'es-ES');
INSERT INTO OKM_TRANSLATION (TR_MODULE, TR_KEY, TR_TEXT, TR_LANGUAGE) VALUES ('frontend', 'fileupload.status.of', 'de', 'es-ES');
INSERT INTO OKM_TRANSLATION (TR_MODULE, TR_KEY, TR_TEXT, TR_LANGUAGE) VALUES ('frontend', 'fileupload.label.insert', 'Insercin de documentos', 'es-ES');
INSERT INTO OKM_TRANSLATION (TR_MODULE, TR_KEY, TR_TEXT, TR_LANGUAGE) VALUES ('frontend', 'fileupload.label.update', 'Actualizacin de documentos', 'es-ES');
INSERT INTO OKM_TRANSLATION (TR_MODULE, TR_KEY, TR_TEXT, TR_LANGUAGE) VALUES ('frontend', 'fileupload.label.users.notify', 'Notificar a los usuarios', 'es-ES');
INSERT INTO OKM_TRANSLATION (TR_MODULE, TR_KEY, TR_TEXT, TR_LANGUAGE) VALUES ('frontend', 'fileupload.label.comment', 'Comentario', 'es-ES');
INSERT INTO OKM_TRANSLATION (TR_MODULE, TR_KEY, TR_TEXT, TR_LANGUAGE) VALUES ('frontend', 'fileupload.label.users.to.notify', 'Usuarios a notificar', 'es-ES');
INSERT INTO OKM_TRANSLATION (TR_MODULE, TR_KEY, TR_TEXT, TR_LANGUAGE) VALUES ('frontend', 'fileupload.label.users', 'Usuarios', 'es-ES');
INSERT INTO OKM_TRANSLATION (TR_MODULE, TR_KEY, TR_TEXT, TR_LANGUAGE) VALUES ('frontend', 'fileupload.label.groups.to.notify', 'Grupos a notificar', 'es-ES');
INSERT INTO OKM_TRANSLATION (TR_MODULE, TR_KEY, TR_TEXT, TR_LANGUAGE) VALUES ('frontend', 'fileupload.label.groups', 'Grupos', 'es-ES');
INSERT INTO OKM_TRANSLATION (TR_MODULE, TR_KEY, TR_TEXT, TR_LANGUAGE) VALUES ('frontend', 'fileupload.label.must.select.users', 'Seleccione algn usuario al que notificar', 'es-ES');
INSERT INTO OKM_TRANSLATION (TR_MODULE, TR_KEY, TR_TEXT, TR_LANGUAGE) VALUES ('frontend', 'fileupload.label.importZip', 'Importar documentos desde ZIP', 'es-ES');
INSERT INTO OKM_TRANSLATION (TR_MODULE, TR_KEY, TR_TEXT, TR_LANGUAGE) VALUES ('frontend', 'fileupload.label.notify.comment', 'Mensaje de notificacin', 'es-ES');
INSERT INTO OKM_TRANSLATION (TR_MODULE, TR_KEY, TR_TEXT, TR_LANGUAGE) VALUES ('frontend', 'fileupload.label.error.importing.zip', 'Error al importar el fichero', 'es-ES');
INSERT INTO OKM_TRANSLATION (TR_MODULE, TR_KEY, TR_TEXT, TR_LANGUAGE) VALUES ('frontend', 'fileupload.label.error.move.file', 'Error moviendo el fichero', 'es-ES');
INSERT INTO OKM_TRANSLATION (TR_MODULE, TR_KEY, TR_TEXT, TR_LANGUAGE) VALUES ('frontend', 'fileupload.label.error.move.mail', 'Error moviendo el correo electrnico', 'es-ES');
INSERT INTO OKM_TRANSLATION (TR_MODULE, TR_KEY, TR_TEXT, TR_LANGUAGE) VALUES ('frontend', 'fileupload.label.error.copy.file', 'Error copiando el fichero', 'es-ES');
INSERT INTO OKM_TRANSLATION (TR_MODULE, TR_KEY, TR_TEXT, TR_LANGUAGE) VALUES ('frontend', 'fileupload.label.error.copy.mail', 'Error copiando el correo electrnico', 'es-ES');
INSERT INTO OKM_TRANSLATION (TR_MODULE, TR_KEY, TR_TEXT, TR_LANGUAGE) VALUES ('frontend', 'fileupload.label.error.restore.file', 'Error restaurando el fichero', 'es-ES');
INSERT INTO OKM_TRANSLATION (TR_MODULE, TR_KEY, TR_TEXT, TR_LANGUAGE) VALUES ('frontend', 'fileupload.label.error.restore.mail', 'Error restaurando el correo electrnico', 'es-ES');
INSERT INTO OKM_TRANSLATION (TR_MODULE, TR_KEY, TR_TEXT, TR_LANGUAGE) VALUES ('frontend', 'fileupload.label.error.move.folder', 'Error moviendo la carpeta', 'es-ES');
INSERT INTO OKM_TRANSLATION (TR_MODULE, TR_KEY, TR_TEXT, TR_LANGUAGE) VALUES ('frontend', 'fileupload.label.error.copy.folder', 'Error copiando la carpeta', 'es-ES');
INSERT INTO OKM_TRANSLATION (TR_MODULE, TR_KEY, TR_TEXT, TR_LANGUAGE) VALUES ('frontend', 'fileupload.label.error.restore.folder', 'Error restaurando la carpeta', 'es-ES');
INSERT INTO OKM_TRANSLATION (TR_MODULE, TR_KEY, TR_TEXT, TR_LANGUAGE) VALUES ('frontend', 'fileupload.label.error.create.from.template', 'Error creando fichero desde la plantilla', 'es-ES');
INSERT INTO OKM_TRANSLATION (TR_MODULE, TR_KEY, TR_TEXT, TR_LANGUAGE) VALUES ('frontend', 'fileupload.label.error.not.allowed.move.folder.child', 'No se permite mover en la carpeta origen o hijas', 'es-ES');
INSERT INTO OKM_TRANSLATION (TR_MODULE, TR_KEY, TR_TEXT, TR_LANGUAGE) VALUES ('frontend', 'fileupload.label.error.not.allowed.copy.same.folder', 'No se permite copiar en la carpeta origen', 'es-ES');
INSERT INTO OKM_TRANSLATION (TR_MODULE, TR_KEY, TR_TEXT, TR_LANGUAGE) VALUES ('frontend', 'fileupload.label.error.not.allowed.create.from.template.same.folder', 'No se permite crear un fichero en la carpeta origen', 'es-ES');
INSERT INTO OKM_TRANSLATION (TR_MODULE, TR_KEY, TR_TEXT, TR_LANGUAGE) VALUES ('frontend', 'tab.document.properties', 'Propiedades', 'es-ES');
INSERT INTO OKM_TRANSLATION (TR_MODULE, TR_KEY, TR_TEXT, TR_LANGUAGE) VALUES ('frontend', 'tab.document.notes', 'Notas', 'es-ES');
INSERT INTO OKM_TRANSLATION (TR_MODULE, TR_KEY, TR_TEXT, TR_LANGUAGE) VALUES ('frontend', 'tab.document.history', 'Historial', 'es-ES');
INSERT INTO OKM_TRANSLATION (TR_MODULE, TR_KEY, TR_TEXT, TR_LANGUAGE) VALUES ('frontend', 'tab.document.status.history', 'Actualizando historial', 'es-ES');
INSERT INTO OKM_TRANSLATION (TR_MODULE, TR_KEY, TR_TEXT, TR_LANGUAGE) VALUES ('frontend', 'tab.status.security.role', 'Actualizando seguridad roles', 'es-ES');
INSERT INTO OKM_TRANSLATION (TR_MODULE, TR_KEY, TR_TEXT, TR_LANGUAGE) VALUES ('frontend', 'tab.status.security.user', 'Actualizando seguridad usuarios', 'es-ES');
INSERT INTO OKM_TRANSLATION (TR_MODULE, TR_KEY, TR_TEXT, TR_LANGUAGE) VALUES ('frontend', 'tab.document.status.group.properties', 'Actualizando grupo de propiedades', 'es-ES');
INSERT INTO OKM_TRANSLATION (TR_MODULE, TR_KEY, TR_TEXT, TR_LANGUAGE) VALUES ('frontend', 'tab.document.status.set.keywords', 'Estableciendo palabras clave', 'es-ES');
INSERT INTO OKM_TRANSLATION (TR_MODULE, TR_KEY, TR_TEXT, TR_LANGUAGE) VALUES ('frontend', 'tab.document.status.set.categories', 'Actualizando categoras', 'es-ES');
INSERT INTO OKM_TRANSLATION (TR_MODULE, TR_KEY, TR_TEXT, TR_LANGUAGE) VALUES ('frontend', 'tab.document.status.get.version.history.size', 'Refrescando el tamao del histrico del documento', 'es-ES');
INSERT INTO OKM_TRANSLATION (TR_MODULE, TR_KEY, TR_TEXT, TR_LANGUAGE) VALUES ('frontend', 'tab.document.status.purge.version.history', 'Compactando el histrico de documentos', 'es-ES');
INSERT INTO OKM_TRANSLATION (TR_MODULE, TR_KEY, TR_TEXT, TR_LANGUAGE) VALUES ('frontend', 'tab.document.status.restore.version', 'Restaurando la versin del documento', 'es-ES');
INSERT INTO OKM_TRANSLATION (TR_MODULE, TR_KEY, TR_TEXT, TR_LANGUAGE) VALUES ('frontend', 'tab.document.security', 'Seguridad', 'es-ES');
INSERT INTO OKM_TRANSLATION (TR_MODULE, TR_KEY, TR_TEXT, TR_LANGUAGE) VALUES ('frontend', 'tab.document.preview', 'Previsualizar', 'es-ES');
INSERT INTO OKM_TRANSLATION (TR_MODULE, TR_KEY, TR_TEXT, TR_LANGUAGE) VALUES ('frontend', 'tab.folder.properties', 'Propiedades', 'es-ES');
INSERT INTO OKM_TRANSLATION (TR_MODULE, TR_KEY, TR_TEXT, TR_LANGUAGE) VALUES ('frontend', 'tab.folder.security', 'Seguridad', 'es-ES');
INSERT INTO OKM_TRANSLATION (TR_MODULE, TR_KEY, TR_TEXT, TR_LANGUAGE) VALUES ('frontend', 'tab.folder.notes', 'Notas', 'es-ES');
INSERT INTO OKM_TRANSLATION (TR_MODULE, TR_KEY, TR_TEXT, TR_LANGUAGE) VALUES ('frontend', 'tab.workspace.desktop', 'Escritorio', 'es-ES');
INSERT INTO OKM_TRANSLATION (TR_MODULE, TR_KEY, TR_TEXT, TR_LANGUAGE) VALUES ('frontend', 'tab.workspace.search', 'Buscador', 'es-ES');
INSERT INTO OKM_TRANSLATION (TR_MODULE, TR_KEY, TR_TEXT, TR_LANGUAGE) VALUES ('frontend', 'tab.workspace.dashboard', 'Tabln', 'es-ES');
INSERT INTO OKM_TRANSLATION (TR_MODULE, TR_KEY, TR_TEXT, TR_LANGUAGE) VALUES ('frontend', 'tab.workspace.administration', 'Administracin', 'es-ES');
INSERT INTO OKM_TRANSLATION (TR_MODULE, TR_KEY, TR_TEXT, TR_LANGUAGE) VALUES ('frontend', 'document.uuid', 'UUID', 'es-ES');
INSERT INTO OKM_TRANSLATION (TR_MODULE, TR_KEY, TR_TEXT, TR_LANGUAGE) VALUES ('frontend', 'document.name', 'Nombre', 'es-ES');
INSERT INTO OKM_TRANSLATION (TR_MODULE, TR_KEY, TR_TEXT, TR_LANGUAGE) VALUES ('frontend', 'document.folder', 'Carpeta', 'es-ES');
INSERT INTO OKM_TRANSLATION (TR_MODULE, TR_KEY, TR_TEXT, TR_LANGUAGE) VALUES ('frontend', 'document.size', 'Tamao', 'es-ES');
INSERT INTO OKM_TRANSLATION (TR_MODULE, TR_KEY, TR_TEXT, TR_LANGUAGE) VALUES ('frontend', 'document.created', 'Creado', 'es-ES');
INSERT INTO OKM_TRANSLATION (TR_MODULE, TR_KEY, TR_TEXT, TR_LANGUAGE) VALUES ('frontend', 'document.lastmodified', 'Modificado', 'es-ES');
INSERT INTO OKM_TRANSLATION (TR_MODULE, TR_KEY, TR_TEXT, TR_LANGUAGE) VALUES ('frontend', 'document.mimetype', 'Tipo MIME', 'es-ES');
INSERT INTO OKM_TRANSLATION (TR_MODULE, TR_KEY, TR_TEXT, TR_LANGUAGE) VALUES ('frontend', 'document.keywords', 'Palabras clave', 'es-ES');
INSERT INTO OKM_TRANSLATION (TR_MODULE, TR_KEY, TR_TEXT, TR_LANGUAGE) VALUES ('frontend', 'document.by', 'por', 'es-ES');
INSERT INTO OKM_TRANSLATION (TR_MODULE, TR_KEY, TR_TEXT, TR_LANGUAGE) VALUES ('frontend', 'document.status', 'Estado', 'es-ES');
INSERT INTO OKM_TRANSLATION (TR_MODULE, TR_KEY, TR_TEXT, TR_LANGUAGE) VALUES ('frontend', 'document.status.checkout', 'Editado por', 'es-ES');
INSERT INTO OKM_TRANSLATION (TR_MODULE, TR_KEY, TR_TEXT, TR_LANGUAGE) VALUES ('frontend', 'document.status.locked', 'Bloqueado por', 'es-ES');
INSERT INTO OKM_TRANSLATION (TR_MODULE, TR_KEY, TR_TEXT, TR_LANGUAGE) VALUES ('frontend', 'document.status.normal', 'Disponible', 'es-ES');
INSERT INTO OKM_TRANSLATION (TR_MODULE, TR_KEY, TR_TEXT, TR_LANGUAGE) VALUES ('frontend', 'document.subscribed', 'Suscrito', 'es-ES');
INSERT INTO OKM_TRANSLATION (TR_MODULE, TR_KEY, TR_TEXT, TR_LANGUAGE) VALUES ('frontend', 'document.subscribed.yes', 'S', 'es-ES');
INSERT INTO OKM_TRANSLATION (TR_MODULE, TR_KEY, TR_TEXT, TR_LANGUAGE) VALUES ('frontend', 'document.subscribed.no', 'No', 'es-ES');
INSERT INTO OKM_TRANSLATION (TR_MODULE, TR_KEY, TR_TEXT, TR_LANGUAGE) VALUES ('frontend', 'document.history.size', 'Tamao del histrico', 'es-ES');
INSERT INTO OKM_TRANSLATION (TR_MODULE, TR_KEY, TR_TEXT, TR_LANGUAGE) VALUES ('frontend', 'document.subscribed.users', 'Usuarios suscritos', 'es-ES');
INSERT INTO OKM_TRANSLATION (TR_MODULE, TR_KEY, TR_TEXT, TR_LANGUAGE) VALUES ('frontend', 'document.url', 'URL', 'es-ES');
INSERT INTO OKM_TRANSLATION (TR_MODULE, TR_KEY, TR_TEXT, TR_LANGUAGE) VALUES ('frontend', 'document.webdav', 'WebDAV', 'es-ES');
INSERT INTO OKM_TRANSLATION (TR_MODULE, TR_KEY, TR_TEXT, TR_LANGUAGE) VALUES ('frontend', 'document.add.note', 'Aadir nota', 'es-ES');
INSERT INTO OKM_TRANSLATION (TR_MODULE, TR_KEY, TR_TEXT, TR_LANGUAGE) VALUES ('frontend', 'document.keywords.cloud', 'Nube de palabras clave', 'es-ES');
INSERT INTO OKM_TRANSLATION (TR_MODULE, TR_KEY, TR_TEXT, TR_LANGUAGE) VALUES ('frontend', 'document.categories', 'Categoras', 'es-ES');
INSERT INTO OKM_TRANSLATION (TR_MODULE, TR_KEY, TR_TEXT, TR_LANGUAGE) VALUES ('frontend', 'folder.uuid', 'UUID', 'es-ES');
INSERT INTO OKM_TRANSLATION (TR_MODULE, TR_KEY, TR_TEXT, TR_LANGUAGE) VALUES ('frontend', 'folder.name', 'Nombre', 'es-ES');
INSERT INTO OKM_TRANSLATION (TR_MODULE, TR_KEY, TR_TEXT, TR_LANGUAGE) VALUES ('frontend', 'folder.parent', 'Padre', 'es-ES');
INSERT INTO OKM_TRANSLATION (TR_MODULE, TR_KEY, TR_TEXT, TR_LANGUAGE) VALUES ('frontend', 'folder.created', 'Creado', 'es-ES');
INSERT INTO OKM_TRANSLATION (TR_MODULE, TR_KEY, TR_TEXT, TR_LANGUAGE) VALUES ('frontend', 'folder.by', 'por', 'es-ES');
INSERT INTO OKM_TRANSLATION (TR_MODULE, TR_KEY, TR_TEXT, TR_LANGUAGE) VALUES ('frontend', 'folder.subscribed', 'Suscrito', 'es-ES');
INSERT INTO OKM_TRANSLATION (TR_MODULE, TR_KEY, TR_TEXT, TR_LANGUAGE) VALUES ('frontend', 'folder.subscribed.yes', 'S', 'es-ES');
INSERT INTO OKM_TRANSLATION (TR_MODULE, TR_KEY, TR_TEXT, TR_LANGUAGE) VALUES ('frontend', 'folder.subscribed.no', 'No', 'es-ES');
INSERT INTO OKM_TRANSLATION (TR_MODULE, TR_KEY, TR_TEXT, TR_LANGUAGE) VALUES ('frontend', 'folder.subscribed.users', 'Usuarios suscritos', 'es-ES');
INSERT INTO OKM_TRANSLATION (TR_MODULE, TR_KEY, TR_TEXT, TR_LANGUAGE) VALUES ('frontend', 'folder.url', 'URL', 'es-ES');
INSERT INTO OKM_TRANSLATION (TR_MODULE, TR_KEY, TR_TEXT, TR_LANGUAGE) VALUES ('frontend', 'folder.webdav', 'WebDAV', 'es-ES');
INSERT INTO OKM_TRANSLATION (TR_MODULE, TR_KEY, TR_TEXT, TR_LANGUAGE) VALUES ('frontend', 'folder.number.folders', 'Carpetas', 'es-ES');
INSERT INTO OKM_TRANSLATION (TR_MODULE, TR_KEY, TR_TEXT, TR_LANGUAGE) VALUES ('frontend', 'folder.number.documents', 'Documentos', 'es-ES');
INSERT INTO OKM_TRANSLATION (TR_MODULE, TR_KEY, TR_TEXT, TR_LANGUAGE) VALUES ('frontend', 'folder.number.mails', 'Correos electrnicos', 'es-ES');
INSERT INTO OKM_TRANSLATION (TR_MODULE, TR_KEY, TR_TEXT, TR_LANGUAGE) VALUES ('frontend', 'version.name', 'Versin', 'es-ES');
INSERT INTO OKM_TRANSLATION (TR_MODULE, TR_KEY, TR_TEXT, TR_LANGUAGE) VALUES ('frontend', 'version.created', 'Fecha', 'es-ES');
INSERT INTO OKM_TRANSLATION (TR_MODULE, TR_KEY, TR_TEXT, TR_LANGUAGE) VALUES ('frontend', 'version.author', 'Autor', 'es-ES');
INSERT INTO OKM_TRANSLATION (TR_MODULE, TR_KEY, TR_TEXT, TR_LANGUAGE) VALUES ('frontend', 'version.size', 'Tamao', 'es-ES');
INSERT INTO OKM_TRANSLATION (TR_MODULE, TR_KEY, TR_TEXT, TR_LANGUAGE) VALUES ('frontend', 'version.purge.document', 'Compactar histrico', 'es-ES');
INSERT INTO OKM_TRANSLATION (TR_MODULE, TR_KEY, TR_TEXT, TR_LANGUAGE) VALUES ('frontend', 'version.comment', 'Comentario', 'es-ES');
INSERT INTO OKM_TRANSLATION (TR_MODULE, TR_KEY, TR_TEXT, TR_LANGUAGE) VALUES ('frontend', 'security.label', 'Seguridad', 'es-ES');
INSERT INTO OKM_TRANSLATION (TR_MODULE, TR_KEY, TR_TEXT, TR_LANGUAGE) VALUES ('frontend', 'security.group.name', 'Grupo', 'es-ES');
INSERT INTO OKM_TRANSLATION (TR_MODULE, TR_KEY, TR_TEXT, TR_LANGUAGE) VALUES ('frontend', 'security.group.permission.read', 'Lectura', 'es-ES');
INSERT INTO OKM_TRANSLATION (TR_MODULE, TR_KEY, TR_TEXT, TR_LANGUAGE) VALUES ('frontend', 'security.group.permission.write', 'Escritura', 'es-ES');
INSERT INTO OKM_TRANSLATION (TR_MODULE, TR_KEY, TR_TEXT, TR_LANGUAGE) VALUES ('frontend', 'security.group.permission.delete', 'Borrado', 'es-ES');
INSERT INTO OKM_TRANSLATION (TR_MODULE, TR_KEY, TR_TEXT, TR_LANGUAGE) VALUES ('frontend', 'security.group.permission.security', 'Seguridad', 'es-ES');
INSERT INTO OKM_TRANSLATION (TR_MODULE, TR_KEY, TR_TEXT, TR_LANGUAGE) VALUES ('frontend', 'security.user.name', 'Usuario', 'es-ES');
INSERT INTO OKM_TRANSLATION (TR_MODULE, TR_KEY, TR_TEXT, TR_LANGUAGE) VALUES ('frontend', 'security.user.permission.read', 'Lectura', 'es-ES');
INSERT INTO OKM_TRANSLATION (TR_MODULE, TR_KEY, TR_TEXT, TR_LANGUAGE) VALUES ('frontend', 'security.user.permission.write', 'Escritura', 'es-ES');
INSERT INTO OKM_TRANSLATION (TR_MODULE, TR_KEY, TR_TEXT, TR_LANGUAGE) VALUES ('frontend', 'security.user.permission.delete', 'Borrado', 'es-ES');
INSERT INTO OKM_TRANSLATION (TR_MODULE, TR_KEY, TR_TEXT, TR_LANGUAGE) VALUES ('frontend', 'security.user.permission.security', 'Seguridad', 'es-ES');
INSERT INTO OKM_TRANSLATION (TR_MODULE, TR_KEY, TR_TEXT, TR_LANGUAGE) VALUES ('frontend', 'security.users', 'Usuarios', 'es-ES');
INSERT INTO OKM_TRANSLATION (TR_MODULE, TR_KEY, TR_TEXT, TR_LANGUAGE) VALUES ('frontend', 'security.groups', 'Grupos', 'es-ES');
INSERT INTO OKM_TRANSLATION (TR_MODULE, TR_KEY, TR_TEXT, TR_LANGUAGE) VALUES ('frontend', 'security.recursive', 'Aplicar cambios de forma recursiva', 'es-ES');
INSERT INTO OKM_TRANSLATION (TR_MODULE, TR_KEY, TR_TEXT, TR_LANGUAGE) VALUES ('frontend', 'secutiry.filter.by.users', 'Filtro de usuarios', 'es-ES');
INSERT INTO OKM_TRANSLATION (TR_MODULE, TR_KEY, TR_TEXT, TR_LANGUAGE) VALUES ('frontend', 'secutiry.filter.by.groups', 'Filtro de grupos', 'es-ES');
INSERT INTO OKM_TRANSLATION (TR_MODULE, TR_KEY, TR_TEXT, TR_LANGUAGE) VALUES ('frontend', 'security.status.updating', 'Actualizando la seguridad', 'es-ES');
INSERT INTO OKM_TRANSLATION (TR_MODULE, TR_KEY, TR_TEXT, TR_LANGUAGE) VALUES ('frontend', 'preview.unavailable', 'Previsualizacin no disponible', 'es-ES');
INSERT INTO OKM_TRANSLATION (TR_MODULE, TR_KEY, TR_TEXT, TR_LANGUAGE) VALUES ('frontend', 'mail.from', 'Desde', 'es-ES');
INSERT INTO OKM_TRANSLATION (TR_MODULE, TR_KEY, TR_TEXT, TR_LANGUAGE) VALUES ('frontend', 'mail.reply', 'Contestar a', 'es-ES');
INSERT INTO OKM_TRANSLATION (TR_MODULE, TR_KEY, TR_TEXT, TR_LANGUAGE) VALUES ('frontend', 'mail.to', 'Para', 'es-ES');
INSERT INTO OKM_TRANSLATION (TR_MODULE, TR_KEY, TR_TEXT, TR_LANGUAGE) VALUES ('frontend', 'mail.subject', 'Asunto', 'es-ES');
INSERT INTO OKM_TRANSLATION (TR_MODULE, TR_KEY, TR_TEXT, TR_LANGUAGE) VALUES ('frontend', 'mail.attachment', 'Ficheros adjuntos', 'es-ES');
INSERT INTO OKM_TRANSLATION (TR_MODULE, TR_KEY, TR_TEXT, TR_LANGUAGE) VALUES ('frontend', 'error.label', 'El sistema ha generado un error', 'es-ES');
INSERT INTO OKM_TRANSLATION (TR_MODULE, TR_KEY, TR_TEXT, TR_LANGUAGE) VALUES ('frontend', 'error.invocation', 'Error de comunicacin con el servidor', 'es-ES');
INSERT INTO OKM_TRANSLATION (TR_MODULE, TR_KEY, TR_TEXT, TR_LANGUAGE) VALUES ('frontend', 'about.label', 'Sobre OpenKM', 'es-ES');
INSERT INTO OKM_TRANSLATION (TR_MODULE, TR_KEY, TR_TEXT, TR_LANGUAGE) VALUES ('frontend', 'about.loading', 'Cargando ...', 'es-ES');
INSERT INTO OKM_TRANSLATION (TR_MODULE, TR_KEY, TR_TEXT, TR_LANGUAGE) VALUES ('frontend', 'logout.label', 'Salir', 'es-ES');
INSERT INTO OKM_TRANSLATION (TR_MODULE, TR_KEY, TR_TEXT, TR_LANGUAGE) VALUES ('frontend', 'logout.closed', 'OpenKM se ha cerrado correctamente.', 'es-ES');
INSERT INTO OKM_TRANSLATION (TR_MODULE, TR_KEY, TR_TEXT, TR_LANGUAGE) VALUES ('frontend', 'logout.logout', 'OpenKM se est cerrando; por favor espere un momento', 'es-ES');
INSERT INTO OKM_TRANSLATION (TR_MODULE, TR_KEY, TR_TEXT, TR_LANGUAGE) VALUES ('frontend', 'confirm.label', 'Confirmacin', 'es-ES');
INSERT INTO OKM_TRANSLATION (TR_MODULE, TR_KEY, TR_TEXT, TR_LANGUAGE) VALUES ('frontend', 'confirm.delete.folder', 'Seguro que desea eliminar la carpeta?', 'es-ES');
INSERT INTO OKM_TRANSLATION (TR_MODULE, TR_KEY, TR_TEXT, TR_LANGUAGE) VALUES ('frontend', 'confirm.delete.document', 'Seguro que desea eliminar el documento?', 'es-ES');
INSERT INTO OKM_TRANSLATION (TR_MODULE, TR_KEY, TR_TEXT, TR_LANGUAGE) VALUES ('frontend', 'confirm.delete.trash', 'Seguro que desea vaciar la papelera?', 'es-ES');
INSERT INTO OKM_TRANSLATION (TR_MODULE, TR_KEY, TR_TEXT, TR_LANGUAGE) VALUES ('frontend', 'confirm.purge.folder', 'Seguro que desea eliminar la carpeta?', 'es-ES');
INSERT INTO OKM_TRANSLATION (TR_MODULE, TR_KEY, TR_TEXT, TR_LANGUAGE) VALUES ('frontend', 'confirm.purge.document', 'Seguro que desea eliminar el documento?', 'es-ES');
INSERT INTO OKM_TRANSLATION (TR_MODULE, TR_KEY, TR_TEXT, TR_LANGUAGE) VALUES ('frontend', 'confirm.delete.propety.group', 'Seguro que desea eliminar el grupo de propiedades?', 'es-ES');
INSERT INTO OKM_TRANSLATION (TR_MODULE, TR_KEY, TR_TEXT, TR_LANGUAGE) VALUES ('frontend', 'confirm.purge.version.history.document', 'Seguro que desea eliminar el histrico del documento?', 'es-ES');
INSERT INTO OKM_TRANSLATION (TR_MODULE, TR_KEY, TR_TEXT, TR_LANGUAGE) VALUES ('frontend', 'confirm.purge.restore.document', 'Seguro que desea restaurar a esta versin del histrico del documento?', 'es-ES');
INSERT INTO OKM_TRANSLATION (TR_MODULE, TR_KEY, TR_TEXT, TR_LANGUAGE) VALUES ('frontend', 'confirm.set.default.home', 'Seguro que desea establecer el inicio por defecto?', 'es-ES');
INSERT INTO OKM_TRANSLATION (TR_MODULE, TR_KEY, TR_TEXT, TR_LANGUAGE) VALUES ('frontend', 'confirm.delete.saved.search', 'Seguro que desea eliminar la consulta almacenada?', 'es-ES');
INSERT INTO OKM_TRANSLATION (TR_MODULE, TR_KEY, TR_TEXT, TR_LANGUAGE) VALUES ('frontend', 'confirm.delete.user.news', 'Seguro que desea eliminar la novedad de usuario?', 'es-ES');
INSERT INTO OKM_TRANSLATION (TR_MODULE, TR_KEY, TR_TEXT, TR_LANGUAGE) VALUES ('frontend', 'confirm.delete.mail', 'Seguro que desea eliminar el correo electrnico?', 'es-ES');
INSERT INTO OKM_TRANSLATION (TR_MODULE, TR_KEY, TR_TEXT, TR_LANGUAGE) VALUES ('frontend', 'confirm.get.pooled.workflow.task', 'Seguro que desea asignarse esta tarea?', 'es-ES');
INSERT INTO OKM_TRANSLATION (TR_MODULE, TR_KEY, TR_TEXT, TR_LANGUAGE) VALUES ('frontend', 'confirm.force.unlock', 'Seguro que desea forzar el desbloquear del documento?', 'es-ES');
INSERT INTO OKM_TRANSLATION (TR_MODULE, TR_KEY, TR_TEXT, TR_LANGUAGE) VALUES ('frontend', 'confirm.force.cancel.checkout', 'Seguro que desea forzar la cancelacin del documento editado?', 'es-ES');
INSERT INTO OKM_TRANSLATION (TR_MODULE, TR_KEY, TR_TEXT, TR_LANGUAGE) VALUES ('frontend', 'search.context', 'Contexto', 'es-ES');
INSERT INTO OKM_TRANSLATION (TR_MODULE, TR_KEY, TR_TEXT, TR_LANGUAGE) VALUES ('frontend', 'search.content', 'Contenido', 'es-ES');
INSERT INTO OKM_TRANSLATION (TR_MODULE, TR_KEY, TR_TEXT, TR_LANGUAGE) VALUES ('frontend', 'search.name', 'Nombre', 'es-ES');
INSERT INTO OKM_TRANSLATION (TR_MODULE, TR_KEY, TR_TEXT, TR_LANGUAGE) VALUES ('frontend', 'search.keywords', 'Palabras clave', 'es-ES');
INSERT INTO OKM_TRANSLATION (TR_MODULE, TR_KEY, TR_TEXT, TR_LANGUAGE) VALUES ('frontend', 'search.folder', 'Carpeta', 'es-ES');
INSERT INTO OKM_TRANSLATION (TR_MODULE, TR_KEY, TR_TEXT, TR_LANGUAGE) VALUES ('frontend', 'search.category', 'Categora', 'es-ES');
INSERT INTO OKM_TRANSLATION (TR_MODULE, TR_KEY, TR_TEXT, TR_LANGUAGE) VALUES ('frontend', 'search.results', 'Resultados', 'es-ES');
INSERT INTO OKM_TRANSLATION (TR_MODULE, TR_KEY, TR_TEXT, TR_LANGUAGE) VALUES ('frontend', 'search.to', 'al', 'es-ES');
INSERT INTO OKM_TRANSLATION (TR_MODULE, TR_KEY, TR_TEXT, TR_LANGUAGE) VALUES ('frontend', 'search.page.results', 'Resultados por pgina', 'es-ES');
INSERT INTO OKM_TRANSLATION (TR_MODULE, TR_KEY, TR_TEXT, TR_LANGUAGE) VALUES ('frontend', 'search.add.property.group', 'Aadir propiedad de grupo', 'es-ES');
INSERT INTO OKM_TRANSLATION (TR_MODULE, TR_KEY, TR_TEXT, TR_LANGUAGE) VALUES ('frontend', 'search.mimetype', 'Tipo documento', 'es-ES');
INSERT INTO OKM_TRANSLATION (TR_MODULE, TR_KEY, TR_TEXT, TR_LANGUAGE) VALUES ('frontend', 'search.type', 'Tipo', 'es-ES');
INSERT INTO OKM_TRANSLATION (TR_MODULE, TR_KEY, TR_TEXT, TR_LANGUAGE) VALUES ('frontend', 'search.type.document', 'Documento', 'es-ES');
INSERT INTO OKM_TRANSLATION (TR_MODULE, TR_KEY, TR_TEXT, TR_LANGUAGE) VALUES ('frontend', 'search.type.folder', 'Carpeta', 'es-ES');
INSERT INTO OKM_TRANSLATION (TR_MODULE, TR_KEY, TR_TEXT, TR_LANGUAGE) VALUES ('frontend', 'search.type.mail', 'Correo electrnico', 'es-ES');
INSERT INTO OKM_TRANSLATION (TR_MODULE, TR_KEY, TR_TEXT, TR_LANGUAGE) VALUES ('frontend', 'search.advanced', 'Bsqueda avanzada', 'es-ES');
INSERT INTO OKM_TRANSLATION (TR_MODULE, TR_KEY, TR_TEXT, TR_LANGUAGE) VALUES ('frontend', 'search.user', 'Usuario', 'es-ES');
INSERT INTO OKM_TRANSLATION (TR_MODULE, TR_KEY, TR_TEXT, TR_LANGUAGE) VALUES ('frontend', 'search.date.and', 'y', 'es-ES');
INSERT INTO OKM_TRANSLATION (TR_MODULE, TR_KEY, TR_TEXT, TR_LANGUAGE) VALUES ('frontend', 'search.date.range', 'Rango de fechas entre', 'es-ES');
INSERT INTO OKM_TRANSLATION (TR_MODULE, TR_KEY, TR_TEXT, TR_LANGUAGE) VALUES ('frontend', 'search.save.as.news', 'Guardar como novedades de usuario', 'es-ES');
INSERT INTO OKM_TRANSLATION (TR_MODULE, TR_KEY, TR_TEXT, TR_LANGUAGE) VALUES ('frontend', 'search.folder.filter', 'Filtrado por carpeta', 'es-ES');
INSERT INTO OKM_TRANSLATION (TR_MODULE, TR_KEY, TR_TEXT, TR_LANGUAGE) VALUES ('frontend', 'search.category.filter', 'Filtrado por categoras', 'es-ES');
INSERT INTO OKM_TRANSLATION (TR_MODULE, TR_KEY, TR_TEXT, TR_LANGUAGE) VALUES ('frontend', 'search.result.name', 'Nombre', 'es-ES');
INSERT INTO OKM_TRANSLATION (TR_MODULE, TR_KEY, TR_TEXT, TR_LANGUAGE) VALUES ('frontend', 'search.result.score', 'Relevancia', 'es-ES');
INSERT INTO OKM_TRANSLATION (TR_MODULE, TR_KEY, TR_TEXT, TR_LANGUAGE) VALUES ('frontend', 'search.result.size', 'Tamao', 'es-ES');
INSERT INTO OKM_TRANSLATION (TR_MODULE, TR_KEY, TR_TEXT, TR_LANGUAGE) VALUES ('frontend', 'search.result.date.update', 'Fecha de modificacin', 'es-ES');
INSERT INTO OKM_TRANSLATION (TR_MODULE, TR_KEY, TR_TEXT, TR_LANGUAGE) VALUES ('frontend', 'search.result.author', 'Autor', 'es-ES');
INSERT INTO OKM_TRANSLATION (TR_MODULE, TR_KEY, TR_TEXT, TR_LANGUAGE) VALUES ('frontend', 'search.result.version', 'Versin', 'es-ES');
INSERT INTO OKM_TRANSLATION (TR_MODULE, TR_KEY, TR_TEXT, TR_LANGUAGE) VALUES ('frontend', 'search.result.path', 'Ubicacin', 'es-ES');
INSERT INTO OKM_TRANSLATION (TR_MODULE, TR_KEY, TR_TEXT, TR_LANGUAGE) VALUES ('frontend', 'search.result.menu.download', 'Descargar', 'es-ES');
INSERT INTO OKM_TRANSLATION (TR_MODULE, TR_KEY, TR_TEXT, TR_LANGUAGE) VALUES ('frontend', 'search.result.menu.go.folder', 'Ir a la carpeta', 'es-ES');
INSERT INTO OKM_TRANSLATION (TR_MODULE, TR_KEY, TR_TEXT, TR_LANGUAGE) VALUES ('frontend', 'search.result.menu.go.document', 'Ir al documento', 'es-ES');
INSERT INTO OKM_TRANSLATION (TR_MODULE, TR_KEY, TR_TEXT, TR_LANGUAGE) VALUES ('frontend', 'search.result.status.findPaginated', 'Ejecutando bsqueda', 'es-ES');
INSERT INTO OKM_TRANSLATION (TR_MODULE, TR_KEY, TR_TEXT, TR_LANGUAGE) VALUES ('frontend', 'search.result.status.runsearch', 'Ejecutando bsqueda almacenada', 'es-ES');
INSERT INTO OKM_TRANSLATION (TR_MODULE, TR_KEY, TR_TEXT, TR_LANGUAGE) VALUES ('frontend', 'search.saved.run', 'Ejecutar', 'es-ES');
INSERT INTO OKM_TRANSLATION (TR_MODULE, TR_KEY, TR_TEXT, TR_LANGUAGE) VALUES ('frontend', 'search.saved.delete', 'Eliminar', 'es-ES');
INSERT INTO OKM_TRANSLATION (TR_MODULE, TR_KEY, TR_TEXT, TR_LANGUAGE) VALUES ('frontend', 'search.saved.status.getsearchs', 'Actualizando bsquedas almacenadas', 'es-ES');
INSERT INTO OKM_TRANSLATION (TR_MODULE, TR_KEY, TR_TEXT, TR_LANGUAGE) VALUES ('frontend', 'search.saved.status.savesearch', 'Almacenando bsqueda', 'es-ES');
INSERT INTO OKM_TRANSLATION (TR_MODULE, TR_KEY, TR_TEXT, TR_LANGUAGE) VALUES ('frontend', 'search.saved.status.deletesearch', 'Eliminando bsqueda almacenada', 'es-ES');
INSERT INTO OKM_TRANSLATION (TR_MODULE, TR_KEY, TR_TEXT, TR_LANGUAGE) VALUES ('frontend', 'search.saved.status.getusernews', 'Actualizando las novedades de usuario', 'es-ES');
INSERT INTO OKM_TRANSLATION (TR_MODULE, TR_KEY, TR_TEXT, TR_LANGUAGE) VALUES ('frontend', 'button.close', 'Cerrar', 'es-ES');
INSERT INTO OKM_TRANSLATION (TR_MODULE, TR_KEY, TR_TEXT, TR_LANGUAGE) VALUES ('frontend', 'button.logout', 'Salir', 'es-ES');
INSERT INTO OKM_TRANSLATION (TR_MODULE, TR_KEY, TR_TEXT, TR_LANGUAGE) VALUES ('frontend', 'button.update', 'Actualizar', 'es-ES');
INSERT INTO OKM_TRANSLATION (TR_MODULE, TR_KEY, TR_TEXT, TR_LANGUAGE) VALUES ('frontend', 'button.cancel', 'Cancelar', 'es-ES');
INSERT INTO OKM_TRANSLATION (TR_MODULE, TR_KEY, TR_TEXT, TR_LANGUAGE) VALUES ('frontend', 'button.accept', 'Aceptar', 'es-ES');
INSERT INTO OKM_TRANSLATION (TR_MODULE, TR_KEY, TR_TEXT, TR_LANGUAGE) VALUES ('frontend', 'button.restore', 'Restaurar', 'es-ES');
INSERT INTO OKM_TRANSLATION (TR_MODULE, TR_KEY, TR_TEXT, TR_LANGUAGE) VALUES ('frontend', 'button.move', 'Mover', 'es-ES');
INSERT INTO OKM_TRANSLATION (TR_MODULE, TR_KEY, TR_TEXT, TR_LANGUAGE) VALUES ('frontend', 'button.change', 'Modificar', 'es-ES');
INSERT INTO OKM_TRANSLATION (TR_MODULE, TR_KEY, TR_TEXT, TR_LANGUAGE) VALUES ('frontend', 'button.search', 'Buscar', 'es-ES');
INSERT INTO OKM_TRANSLATION (TR_MODULE, TR_KEY, TR_TEXT, TR_LANGUAGE) VALUES ('frontend', 'button.save.search', 'Guardar la consulta', 'es-ES');
INSERT INTO OKM_TRANSLATION (TR_MODULE, TR_KEY, TR_TEXT, TR_LANGUAGE) VALUES ('frontend', 'button.view', 'Ver', 'es-ES');
INSERT INTO OKM_TRANSLATION (TR_MODULE, TR_KEY, TR_TEXT, TR_LANGUAGE) VALUES ('frontend', 'button.clean', 'Limpiar', 'es-ES');
INSERT INTO OKM_TRANSLATION (TR_MODULE, TR_KEY, TR_TEXT, TR_LANGUAGE) VALUES ('frontend', 'button.add', 'Aadir', 'es-ES');
INSERT INTO OKM_TRANSLATION (TR_MODULE, TR_KEY, TR_TEXT, TR_LANGUAGE) VALUES ('frontend', 'button.delete', 'Eliminar', 'es-ES');
INSERT INTO OKM_TRANSLATION (TR_MODULE, TR_KEY, TR_TEXT, TR_LANGUAGE) VALUES ('frontend', 'button.copy', 'Copiar', 'es-ES');
INSERT INTO OKM_TRANSLATION (TR_MODULE, TR_KEY, TR_TEXT, TR_LANGUAGE) VALUES ('frontend', 'button.create', 'Crear', 'es-ES');
INSERT INTO OKM_TRANSLATION (TR_MODULE, TR_KEY, TR_TEXT, TR_LANGUAGE) VALUES ('frontend', 'button.show', 'Mostrar', 'es-ES');
INSERT INTO OKM_TRANSLATION (TR_MODULE, TR_KEY, TR_TEXT, TR_LANGUAGE) VALUES ('frontend', 'button.memory', 'Actualizar', 'es-ES');
INSERT INTO OKM_TRANSLATION (TR_MODULE, TR_KEY, TR_TEXT, TR_LANGUAGE) VALUES ('frontend', 'button.copy.clipboard', 'Copiar al portapapeles', 'es-ES');
INSERT INTO OKM_TRANSLATION (TR_MODULE, TR_KEY, TR_TEXT, TR_LANGUAGE) VALUES ('frontend', 'button.start', 'Iniciar', 'es-ES');
INSERT INTO OKM_TRANSLATION (TR_MODULE, TR_KEY, TR_TEXT, TR_LANGUAGE) VALUES ('frontend', 'button.select', 'Seleccionar', 'es-ES');
INSERT INTO OKM_TRANSLATION (TR_MODULE, TR_KEY, TR_TEXT, TR_LANGUAGE) VALUES ('frontend', 'button.test', 'Comprobar', 'es-ES');
INSERT INTO OKM_TRANSLATION (TR_MODULE, TR_KEY, TR_TEXT, TR_LANGUAGE) VALUES ('frontend', 'button.next', 'Siguiente', 'es-ES');
INSERT INTO OKM_TRANSLATION (TR_MODULE, TR_KEY, TR_TEXT, TR_LANGUAGE) VALUES ('frontend', 'group.label', 'Aadir grupo de propiedad', 'es-ES');
INSERT INTO OKM_TRANSLATION (TR_MODULE, TR_KEY, TR_TEXT, TR_LANGUAGE) VALUES ('frontend', 'group.group', 'Grupo', 'es-ES');
INSERT INTO OKM_TRANSLATION (TR_MODULE, TR_KEY, TR_TEXT, TR_LANGUAGE) VALUES ('frontend', 'group.property.group', 'Propiedad', 'es-ES');
INSERT INTO OKM_TRANSLATION (TR_MODULE, TR_KEY, TR_TEXT, TR_LANGUAGE) VALUES ('frontend', 'bookmark.label', 'Aadir marcador', 'es-ES');
INSERT INTO OKM_TRANSLATION (TR_MODULE, TR_KEY, TR_TEXT, TR_LANGUAGE) VALUES ('frontend', 'bookmark.name', 'Nombre', 'es-ES');
INSERT INTO OKM_TRANSLATION (TR_MODULE, TR_KEY, TR_TEXT, TR_LANGUAGE) VALUES ('frontend', 'bookmark.edit.label', 'Edicin de marcadores', 'es-ES');
INSERT INTO OKM_TRANSLATION (TR_MODULE, TR_KEY, TR_TEXT, TR_LANGUAGE) VALUES ('frontend', 'bookmark.path', 'Ruta', 'es-ES');
INSERT INTO OKM_TRANSLATION (TR_MODULE, TR_KEY, TR_TEXT, TR_LANGUAGE) VALUES ('frontend', 'bookmark.type', 'Tipo', 'es-ES');
INSERT INTO OKM_TRANSLATION (TR_MODULE, TR_KEY, TR_TEXT, TR_LANGUAGE) VALUES ('frontend', 'bookmark.type.document', 'Documento', 'es-ES');
INSERT INTO OKM_TRANSLATION (TR_MODULE, TR_KEY, TR_TEXT, TR_LANGUAGE) VALUES ('frontend', 'bookmark.type.folder', 'Carpeta', 'es-ES');
INSERT INTO OKM_TRANSLATION (TR_MODULE, TR_KEY, TR_TEXT, TR_LANGUAGE) VALUES ('frontend', 'notify.label', 'Enviar enlace del documento', 'es-ES');
INSERT INTO OKM_TRANSLATION (TR_MODULE, TR_KEY, TR_TEXT, TR_LANGUAGE) VALUES ('frontend', 'notify.label.attachment', 'Enviar documento adjunto', 'es-ES');
INSERT INTO OKM_TRANSLATION (TR_MODULE, TR_KEY, TR_TEXT, TR_LANGUAGE) VALUES ('frontend', 'status.document.copied', 'Documento marcado para copiar', 'es-ES');
INSERT INTO OKM_TRANSLATION (TR_MODULE, TR_KEY, TR_TEXT, TR_LANGUAGE) VALUES ('frontend', 'status.document.cut', 'Documento marcado para recortar', 'es-ES');
INSERT INTO OKM_TRANSLATION (TR_MODULE, TR_KEY, TR_TEXT, TR_LANGUAGE) VALUES ('frontend', 'status.folder.copied', 'Carpeta marcada para copiar', 'es-ES');
INSERT INTO OKM_TRANSLATION (TR_MODULE, TR_KEY, TR_TEXT, TR_LANGUAGE) VALUES ('frontend', 'status.folder.cut', 'Carpeta marcada para recortar', 'es-ES');
INSERT INTO OKM_TRANSLATION (TR_MODULE, TR_KEY, TR_TEXT, TR_LANGUAGE) VALUES ('frontend', 'status.keep.alive.error', 'Detectada prdida de conexin con el servidor (keep alive)', 'es-ES');
INSERT INTO OKM_TRANSLATION (TR_MODULE, TR_KEY, TR_TEXT, TR_LANGUAGE) VALUES ('frontend', 'status.debug.enabled', 'Depuracin activada', 'es-ES');
INSERT INTO OKM_TRANSLATION (TR_MODULE, TR_KEY, TR_TEXT, TR_LANGUAGE) VALUES ('frontend', 'status.debug.disabled', 'Depuracin desactivada', 'es-ES');
INSERT INTO OKM_TRANSLATION (TR_MODULE, TR_KEY, TR_TEXT, TR_LANGUAGE) VALUES ('frontend', 'status.network.error.detected', 'Detectado error de red', 'es-ES');
INSERT INTO OKM_TRANSLATION (TR_MODULE, TR_KEY, TR_TEXT, TR_LANGUAGE) VALUES ('frontend', 'calendar.day.sunday', 'Domingo', 'es-ES');
INSERT INTO OKM_TRANSLATION (TR_MODULE, TR_KEY, TR_TEXT, TR_LANGUAGE) VALUES ('frontend', 'calendar.day.monday', 'Lunes', 'es-ES');
INSERT INTO OKM_TRANSLATION (TR_MODULE, TR_KEY, TR_TEXT, TR_LANGUAGE) VALUES ('frontend', 'calendar.day.tuesday', 'Martes', 'es-ES');
INSERT INTO OKM_TRANSLATION (TR_MODULE, TR_KEY, TR_TEXT, TR_LANGUAGE) VALUES ('frontend', 'calendar.day.wednesday', 'Mircoles', 'es-ES');
INSERT INTO OKM_TRANSLATION (TR_MODULE, TR_KEY, TR_TEXT, TR_LANGUAGE) VALUES ('frontend', 'calendar.day.thursday', 'Jueves', 'es-ES');
INSERT INTO OKM_TRANSLATION (TR_MODULE, TR_KEY, TR_TEXT, TR_LANGUAGE) VALUES ('frontend', 'calendar.day.friday', 'Viernes', 'es-ES');
INSERT INTO OKM_TRANSLATION (TR_MODULE, TR_KEY, TR_TEXT, TR_LANGUAGE) VALUES ('frontend', 'calendar.day.saturday', 'Sbado', 'es-ES');
INSERT INTO OKM_TRANSLATION (TR_MODULE, TR_KEY, TR_TEXT, TR_LANGUAGE) VALUES ('frontend', 'calendar.month.january', 'Enero', 'es-ES');
INSERT INTO OKM_TRANSLATION (TR_MODULE, TR_KEY, TR_TEXT, TR_LANGUAGE) VALUES ('frontend', 'calendar.month.february', 'Febrero', 'es-ES');
INSERT INTO OKM_TRANSLATION (TR_MODULE, TR_KEY, TR_TEXT, TR_LANGUAGE) VALUES ('frontend', 'calendar.month.march', 'Marzo', 'es-ES');
INSERT INTO OKM_TRANSLATION (TR_MODULE, TR_KEY, TR_TEXT, TR_LANGUAGE) VALUES ('frontend', 'calendar.month.april', 'Abril', 'es-ES');
INSERT INTO OKM_TRANSLATION (TR_MODULE, TR_KEY, TR_TEXT, TR_LANGUAGE) VALUES ('frontend', 'calendar.month.may', 'Mayo', 'es-ES');
INSERT INTO OKM_TRANSLATION (TR_MODULE, TR_KEY, TR_TEXT, TR_LANGUAGE) VALUES ('frontend', 'calendar.month.june', 'Junio', 'es-ES');
INSERT INTO OKM_TRANSLATION (TR_MODULE, TR_KEY, TR_TEXT, TR_LANGUAGE) VALUES ('frontend', 'calendar.month.july', 'Julio', 'es-ES');
INSERT INTO OKM_TRANSLATION (TR_MODULE, TR_KEY, TR_TEXT, TR_LANGUAGE) VALUES ('frontend', 'calendar.month.august', 'Agosto', 'es-ES');
INSERT INTO OKM_TRANSLATION (TR_MODULE, TR_KEY, TR_TEXT, TR_LANGUAGE) VALUES ('frontend', 'calendar.month.september', 'Septiembre', 'es-ES');
INSERT INTO OKM_TRANSLATION (TR_MODULE, TR_KEY, TR_TEXT, TR_LANGUAGE) VALUES ('frontend', 'calendar.month.october', 'Octubre', 'es-ES');
INSERT INTO OKM_TRANSLATION (TR_MODULE, TR_KEY, TR_TEXT, TR_LANGUAGE) VALUES ('frontend', 'calendar.month.november', 'Noviembre', 'es-ES');
INSERT INTO OKM_TRANSLATION (TR_MODULE, TR_KEY, TR_TEXT, TR_LANGUAGE) VALUES ('frontend', 'calendar.month.december', 'Diciembre', 'es-ES');
INSERT INTO OKM_TRANSLATION (TR_MODULE, TR_KEY, TR_TEXT, TR_LANGUAGE) VALUES ('frontend', 'media.player.label', 'Reproductor multimedia', 'es-ES');
INSERT INTO OKM_TRANSLATION (TR_MODULE, TR_KEY, TR_TEXT, TR_LANGUAGE) VALUES ('frontend', 'image.viewer.label', 'Visor de imgenes', 'es-ES');
INSERT INTO OKM_TRANSLATION (TR_MODULE, TR_KEY, TR_TEXT, TR_LANGUAGE) VALUES ('frontend', 'image.viewer.zoom.in', 'Ampliar', 'es-ES');
INSERT INTO OKM_TRANSLATION (TR_MODULE, TR_KEY, TR_TEXT, TR_LANGUAGE) VALUES ('frontend', 'image.viewer.zoom.out', 'Reducir', 'es-ES');
INSERT INTO OKM_TRANSLATION (TR_MODULE, TR_KEY, TR_TEXT, TR_LANGUAGE) VALUES ('frontend', 'debug.console.label', 'Consola de depuracin', 'es-ES');
INSERT INTO OKM_TRANSLATION (TR_MODULE, TR_KEY, TR_TEXT, TR_LANGUAGE) VALUES ('frontend', 'debug.enable.disable', 'CTRL+Z para activar o desactivar el modo de depuracin', 'es-ES');
INSERT INTO OKM_TRANSLATION (TR_MODULE, TR_KEY, TR_TEXT, TR_LANGUAGE) VALUES ('frontend', 'dashboard.tab.general', 'General', 'es-ES');
INSERT INTO OKM_TRANSLATION (TR_MODULE, TR_KEY, TR_TEXT, TR_LANGUAGE) VALUES ('frontend', 'dashboard.tab.news', 'Novedades', 'es-ES');
INSERT INTO OKM_TRANSLATION (TR_MODULE, TR_KEY, TR_TEXT, TR_LANGUAGE) VALUES ('frontend', 'dashboard.tab.user', 'Usuario', 'es-ES');
INSERT INTO OKM_TRANSLATION (TR_MODULE, TR_KEY, TR_TEXT, TR_LANGUAGE) VALUES ('frontend', 'dashboard.tab.workflow', 'Workflow', 'es-ES');
INSERT INTO OKM_TRANSLATION (TR_MODULE, TR_KEY, TR_TEXT, TR_LANGUAGE) VALUES ('frontend', 'dashboard.tab.mail', 'Correo', 'es-ES');
INSERT INTO OKM_TRANSLATION (TR_MODULE, TR_KEY, TR_TEXT, TR_LANGUAGE) VALUES ('frontend', 'dashboard.tab.keymap', 'Palabras clave', 'es-ES');
INSERT INTO OKM_TRANSLATION (TR_MODULE, TR_KEY, TR_TEXT, TR_LANGUAGE) VALUES ('frontend', 'dashboard.new.items', 'Nuevos', 'es-ES');
INSERT INTO OKM_TRANSLATION (TR_MODULE, TR_KEY, TR_TEXT, TR_LANGUAGE) VALUES ('frontend', 'dashboard.user.locked.documents', 'Documentos bloqueados', 'es-ES');
INSERT INTO OKM_TRANSLATION (TR_MODULE, TR_KEY, TR_TEXT, TR_LANGUAGE) VALUES ('frontend', 'dashboard.user.checkout.documents', 'Documentos en checkout', 'es-ES');
INSERT INTO OKM_TRANSLATION (TR_MODULE, TR_KEY, TR_TEXT, TR_LANGUAGE) VALUES ('frontend', 'dashboard.user.last.modified.documents', 'ltimos documentos modificados', 'es-ES');
INSERT INTO OKM_TRANSLATION (TR_MODULE, TR_KEY, TR_TEXT, TR_LANGUAGE) VALUES ('frontend', 'dashboard.user.last.downloaded.documents', 'ltimos documentos descargados', 'es-ES');
INSERT INTO OKM_TRANSLATION (TR_MODULE, TR_KEY, TR_TEXT, TR_LANGUAGE) VALUES ('frontend', 'dashboard.user.subscribed.documents', 'Documentos suscritos', 'es-ES');
INSERT INTO OKM_TRANSLATION (TR_MODULE, TR_KEY, TR_TEXT, TR_LANGUAGE) VALUES ('frontend', 'dashboard.user.subscribed.folders', 'Carpetas suscritas', 'es-ES');
INSERT INTO OKM_TRANSLATION (TR_MODULE, TR_KEY, TR_TEXT, TR_LANGUAGE) VALUES ('frontend', 'dashboard.user.last.uploaded.documents', 'ltimos documentos subidos', 'es-ES');
INSERT INTO OKM_TRANSLATION (TR_MODULE, TR_KEY, TR_TEXT, TR_LANGUAGE) VALUES ('frontend', 'dashboard.general.last.week.top.downloaded.documents', 'Documentos ms vistos la ltima semana', 'es-ES');
INSERT INTO OKM_TRANSLATION (TR_MODULE, TR_KEY, TR_TEXT, TR_LANGUAGE) VALUES ('frontend', 'dashboard.general.last.month.top.downloaded.documents', 'Documentos ms vistos el ltimo mes', 'es-ES');
INSERT INTO OKM_TRANSLATION (TR_MODULE, TR_KEY, TR_TEXT, TR_LANGUAGE) VALUES ('frontend', 'dashboard.general.last.week.top.modified.documents', 'Documentos ms modificados la ltima semana', 'es-ES');
INSERT INTO OKM_TRANSLATION (TR_MODULE, TR_KEY, TR_TEXT, TR_LANGUAGE) VALUES ('frontend', 'dashboard.general.last.month.top.modified.documents', 'Documentos ms modificados el ltimo mes', 'es-ES');
INSERT INTO OKM_TRANSLATION (TR_MODULE, TR_KEY, TR_TEXT, TR_LANGUAGE) VALUES ('frontend', 'dashboard.general.last.uploaded.documents', 'ltimos documentos subidos', 'es-ES');
INSERT INTO OKM_TRANSLATION (TR_MODULE, TR_KEY, TR_TEXT, TR_LANGUAGE) VALUES ('frontend', 'dashboard.workflow.pending.tasks', 'Tareas pendientes', 'es-ES');
INSERT INTO OKM_TRANSLATION (TR_MODULE, TR_KEY, TR_TEXT, TR_LANGUAGE) VALUES ('frontend', 'dashboard.workflow.pending.tasks.unassigned', 'Tareas pendientes no asignadas', 'es-ES');
INSERT INTO OKM_TRANSLATION (TR_MODULE, TR_KEY, TR_TEXT, TR_LANGUAGE) VALUES ('frontend', 'dashboard.workflow.task', 'Tarea', 'es-ES');
INSERT INTO OKM_TRANSLATION (TR_MODULE, TR_KEY, TR_TEXT, TR_LANGUAGE) VALUES ('frontend', 'dashboard.workflow.task.id', 'ID', 'es-ES');
INSERT INTO OKM_TRANSLATION (TR_MODULE, TR_KEY, TR_TEXT, TR_LANGUAGE) VALUES ('frontend', 'dashboard.workflow.task.name', 'Nombre', 'es-ES');
INSERT INTO OKM_TRANSLATION (TR_MODULE, TR_KEY, TR_TEXT, TR_LANGUAGE) VALUES ('frontend', 'dashboard.workflow.task.created', 'Fecha de creacin', 'es-ES');
INSERT INTO OKM_TRANSLATION (TR_MODULE, TR_KEY, TR_TEXT, TR_LANGUAGE) VALUES ('frontend', 'dashboard.workflow.task.start', 'Fecha de inicio', 'es-ES');
INSERT INTO OKM_TRANSLATION (TR_MODULE, TR_KEY, TR_TEXT, TR_LANGUAGE) VALUES ('frontend', 'dashboard.workflow.task.duedate', 'Fecha lmite', 'es-ES');
INSERT INTO OKM_TRANSLATION (TR_MODULE, TR_KEY, TR_TEXT, TR_LANGUAGE) VALUES ('frontend', 'dashboard.workflow.task.end', 'Fecha de fin', 'es-ES');
INSERT INTO OKM_TRANSLATION (TR_MODULE, TR_KEY, TR_TEXT, TR_LANGUAGE) VALUES ('frontend', 'dashboard.workflow.task.description', 'Descripcin', 'es-ES');
INSERT INTO OKM_TRANSLATION (TR_MODULE, TR_KEY, TR_TEXT, TR_LANGUAGE) VALUES ('frontend', 'dashboard.workflow.task.process.instance', 'Instancia de proceso', 'es-ES');
INSERT INTO OKM_TRANSLATION (TR_MODULE, TR_KEY, TR_TEXT, TR_LANGUAGE) VALUES ('frontend', 'dashboard.workflow.task.process.id', 'ID', 'es-ES');
INSERT INTO OKM_TRANSLATION (TR_MODULE, TR_KEY, TR_TEXT, TR_LANGUAGE) VALUES ('frontend', 'dashboard.workflow.task.process.version', 'Versin', 'es-ES');
INSERT INTO OKM_TRANSLATION (TR_MODULE, TR_KEY, TR_TEXT, TR_LANGUAGE) VALUES ('frontend', 'dashboard.workflow.task.process.name', 'Nombre', 'es-ES');
INSERT INTO OKM_TRANSLATION (TR_MODULE, TR_KEY, TR_TEXT, TR_LANGUAGE) VALUES ('frontend', 'dashboard.workflow.task.process.description', 'Descripcin', 'es-ES');
INSERT INTO OKM_TRANSLATION (TR_MODULE, TR_KEY, TR_TEXT, TR_LANGUAGE) VALUES ('frontend', 'dashboard.workflow.task.process.data', 'Datos', 'es-ES');
INSERT INTO OKM_TRANSLATION (TR_MODULE, TR_KEY, TR_TEXT, TR_LANGUAGE) VALUES ('frontend', 'dashboard.workflow.comments', 'Commentario', 'es-ES');
INSERT INTO OKM_TRANSLATION (TR_MODULE, TR_KEY, TR_TEXT, TR_LANGUAGE) VALUES ('frontend', 'dashboard.workflow.task.process.forms', 'Formulario', 'es-ES');
INSERT INTO OKM_TRANSLATION (TR_MODULE, TR_KEY, TR_TEXT, TR_LANGUAGE) VALUES ('frontend', 'dashboard.workflow.add.comment', 'Aadir comentario', 'es-ES');
INSERT INTO OKM_TRANSLATION (TR_MODULE, TR_KEY, TR_TEXT, TR_LANGUAGE) VALUES ('frontend', 'dashboard.workflow.task.process.definition', 'Definicin de proceso', 'es-ES');
INSERT INTO OKM_TRANSLATION (TR_MODULE, TR_KEY, TR_TEXT, TR_LANGUAGE) VALUES ('frontend', 'dashboard.workflow.task.process.path', 'Ruta', 'es-ES');
INSERT INTO OKM_TRANSLATION (TR_MODULE, TR_KEY, TR_TEXT, TR_LANGUAGE) VALUES ('frontend', 'dashboard.refreshing', 'Refrescando', 'es-ES');
INSERT INTO OKM_TRANSLATION (TR_MODULE, TR_KEY, TR_TEXT, TR_LANGUAGE) VALUES ('frontend', 'dashboard.keyword', 'Palabras clave', 'es-ES');
INSERT INTO OKM_TRANSLATION (TR_MODULE, TR_KEY, TR_TEXT, TR_LANGUAGE) VALUES ('frontend', 'dashboard.keyword.suggest', 'Escribe la palabra', 'es-ES');
INSERT INTO OKM_TRANSLATION (TR_MODULE, TR_KEY, TR_TEXT, TR_LANGUAGE) VALUES ('frontend', 'dashboard.keyword.all', 'Palabras clave', 'es-ES');
INSERT INTO OKM_TRANSLATION (TR_MODULE, TR_KEY, TR_TEXT, TR_LANGUAGE) VALUES ('frontend', 'dashboard.keyword.top', 'Palabras clave ms usadas', 'es-ES');
INSERT INTO OKM_TRANSLATION (TR_MODULE, TR_KEY, TR_TEXT, TR_LANGUAGE) VALUES ('frontend', 'dashboard.keyword.related', 'Palabras clave relacionadas', 'es-ES');
INSERT INTO OKM_TRANSLATION (TR_MODULE, TR_KEY, TR_TEXT, TR_LANGUAGE) VALUES ('frontend', 'dashboard.keyword.goto.document', 'Ir al documento', 'es-ES');
INSERT INTO OKM_TRANSLATION (TR_MODULE, TR_KEY, TR_TEXT, TR_LANGUAGE) VALUES ('frontend', 'dashboard.keyword.clean.keywords', 'Limpiar palabras clave', 'es-ES');
INSERT INTO OKM_TRANSLATION (TR_MODULE, TR_KEY, TR_TEXT, TR_LANGUAGE) VALUES ('frontend', 'dashboard.mail.last.imported.mails', 'Correos electrnicos', 'es-ES');
INSERT INTO OKM_TRANSLATION (TR_MODULE, TR_KEY, TR_TEXT, TR_LANGUAGE) VALUES ('frontend', 'dashboard.mail.last.imported.attached.documents', 'Documentos adjuntos', 'es-ES');
INSERT INTO OKM_TRANSLATION (TR_MODULE, TR_KEY, TR_TEXT, TR_LANGUAGE) VALUES ('frontend', 'workflow.label', 'Iniciar workflow', 'es-ES');
INSERT INTO OKM_TRANSLATION (TR_MODULE, TR_KEY, TR_TEXT, TR_LANGUAGE) VALUES ('frontend', 'user.preferences.label', 'Configuracin de usuario', 'es-ES');
INSERT INTO OKM_TRANSLATION (TR_MODULE, TR_KEY, TR_TEXT, TR_LANGUAGE) VALUES ('frontend', 'user.preferences.user', 'Usuario', 'es-ES');
INSERT INTO OKM_TRANSLATION (TR_MODULE, TR_KEY, TR_TEXT, TR_LANGUAGE) VALUES ('frontend', 'user.preferences.password', 'Clave', 'es-ES');
INSERT INTO OKM_TRANSLATION (TR_MODULE, TR_KEY, TR_TEXT, TR_LANGUAGE) VALUES ('frontend', 'user.preferences.mail', 'Correo electrnico', 'es-ES');
INSERT INTO OKM_TRANSLATION (TR_MODULE, TR_KEY, TR_TEXT, TR_LANGUAGE) VALUES ('frontend', 'user.preferences.roles', 'Roles', 'es-ES');
INSERT INTO OKM_TRANSLATION (TR_MODULE, TR_KEY, TR_TEXT, TR_LANGUAGE) VALUES ('frontend', 'user.preferences.imap.host', 'Servidor de IMAP', 'es-ES');
INSERT INTO OKM_TRANSLATION (TR_MODULE, TR_KEY, TR_TEXT, TR_LANGUAGE) VALUES ('frontend', 'user.preferences.imap.user', 'Usuario de IMAP', 'es-ES');
INSERT INTO OKM_TRANSLATION (TR_MODULE, TR_KEY, TR_TEXT, TR_LANGUAGE) VALUES ('frontend', 'user.preferences.imap.user.password', 'Clave de IMAP', 'es-ES');
INSERT INTO OKM_TRANSLATION (TR_MODULE, TR_KEY, TR_TEXT, TR_LANGUAGE) VALUES ('frontend', 'user.preferences.imap.folder', 'Carpeta de IMAP', 'es-ES');
INSERT INTO OKM_TRANSLATION (TR_MODULE, TR_KEY, TR_TEXT, TR_LANGUAGE) VALUES ('frontend', 'user.preferences.password.error', 'Error: las claves son distintas', 'es-ES');
INSERT INTO OKM_TRANSLATION (TR_MODULE, TR_KEY, TR_TEXT, TR_LANGUAGE) VALUES ('frontend', 'user.preferences.user.data', 'Cuenta de usuario', 'es-ES');
INSERT INTO OKM_TRANSLATION (TR_MODULE, TR_KEY, TR_TEXT, TR_LANGUAGE) VALUES ('frontend', 'user.preferences.mail.data', 'Cuenta de correo', 'es-ES');
INSERT INTO OKM_TRANSLATION (TR_MODULE, TR_KEY, TR_TEXT, TR_LANGUAGE) VALUES ('frontend', 'user.preferences.imap.error', 'Todos los campos son obligatorios para configurar el correo', 'es-ES');
INSERT INTO OKM_TRANSLATION (TR_MODULE, TR_KEY, TR_TEXT, TR_LANGUAGE) VALUES ('frontend', 'user.preferences.imap.password.error.void', 'La clave de IMAP no puede estar vaca en la creacin', 'es-ES');
INSERT INTO OKM_TRANSLATION (TR_MODULE, TR_KEY, TR_TEXT, TR_LANGUAGE) VALUES ('frontend', 'user.preferences.imap.test.error', 'Configuracin de IMAP incorrecta', 'es-ES');
INSERT INTO OKM_TRANSLATION (TR_MODULE, TR_KEY, TR_TEXT, TR_LANGUAGE) VALUES ('frontend', 'user.preferences.imap.test.ok', 'Configuracin de IMAP correcta', 'es-ES');
INSERT INTO OKM_TRANSLATION (TR_MODULE, TR_KEY, TR_TEXT, TR_LANGUAGE) VALUES ('frontend', 'thesaurus.directory.select.label', 'Aadir una palabra clave del thesaurus', 'es-ES');
INSERT INTO OKM_TRANSLATION (TR_MODULE, TR_KEY, TR_TEXT, TR_LANGUAGE) VALUES ('frontend', 'thesaurus.tab.tree', 'Arbol', 'es-ES');
INSERT INTO OKM_TRANSLATION (TR_MODULE, TR_KEY, TR_TEXT, TR_LANGUAGE) VALUES ('frontend', 'thesaurus.tab.keywords', 'Palabras clave', 'es-ES');
INSERT INTO OKM_TRANSLATION (TR_MODULE, TR_KEY, TR_TEXT, TR_LANGUAGE) VALUES ('frontend', 'categories.folder.select.label', 'Aadir categora', 'es-ES');
INSERT INTO OKM_TRANSLATION (TR_MODULE, TR_KEY, TR_TEXT, TR_LANGUAGE) VALUES ('frontend', 'categories.folder.error.delete', 'No se puede eliminar una categora con documentos', 'es-ES');
INSERT INTO OKM_TRANSLATION (TR_MODULE, TR_KEY, TR_TEXT, TR_LANGUAGE) VALUES ('frontend', 'wizard.document.uploading', 'Asistente de documento', 'es-ES');
INSERT INTO OKM_TRANSLATION (TR_MODULE, TR_KEY, TR_TEXT, TR_LANGUAGE) VALUES ('frontend', 'user.info.chat.connect', 'Conectar al chat', 'es-ES');
INSERT INTO OKM_TRANSLATION (TR_MODULE, TR_KEY, TR_TEXT, TR_LANGUAGE) VALUES ('frontend', 'user.info.chat.disconnect', 'Desconectar al chat', 'es-ES');
INSERT INTO OKM_TRANSLATION (TR_MODULE, TR_KEY, TR_TEXT, TR_LANGUAGE) VALUES ('frontend', 'user.info.chat.new.room', 'Nueva ventana', 'es-ES');
INSERT INTO OKM_TRANSLATION (TR_MODULE, TR_KEY, TR_TEXT, TR_LANGUAGE) VALUES ('frontend', 'user.info.locked.actual', 'Documentos bloqueados', 'es-ES');
INSERT INTO OKM_TRANSLATION (TR_MODULE, TR_KEY, TR_TEXT, TR_LANGUAGE) VALUES ('frontend', 'user.info.checkout.actual', 'Documentos editados', 'es-ES');
INSERT INTO OKM_TRANSLATION (TR_MODULE, TR_KEY, TR_TEXT, TR_LANGUAGE) VALUES ('frontend', 'user.info.subscription.actual', 'Suscripciones actuales', 'es-ES');
INSERT INTO OKM_TRANSLATION (TR_MODULE, TR_KEY, TR_TEXT, TR_LANGUAGE) VALUES ('frontend', 'user.info.news.new', 'Novedades', 'es-ES');
INSERT INTO OKM_TRANSLATION (TR_MODULE, TR_KEY, TR_TEXT, TR_LANGUAGE) VALUES ('frontend', 'user.info.workflow.pending', 'Workflows pendientes', 'es-ES');
INSERT INTO OKM_TRANSLATION (TR_MODULE, TR_KEY, TR_TEXT, TR_LANGUAGE) VALUES ('frontend', 'user.info.user.quota', 'Cuota utilizada', 'es-ES');
INSERT INTO OKM_TRANSLATION (TR_MODULE, TR_KEY, TR_TEXT, TR_LANGUAGE) VALUES ('frontend', 'user.online', 'Usuarios conectados', 'es-ES');
INSERT INTO OKM_TRANSLATION (TR_MODULE, TR_KEY, TR_TEXT, TR_LANGUAGE) VALUES ('frontend', 'chat.room', 'Chat', 'es-ES');
INSERT INTO OKM_TRANSLATION (TR_MODULE, TR_KEY, TR_TEXT, TR_LANGUAGE) VALUES ('frontend', 'chat.users.in.room', 'Usuarios', 'es-ES');
INSERT INTO OKM_TRANSLATION (TR_MODULE, TR_KEY, TR_TEXT, TR_LANGUAGE) VALUES ('frontend', 'OKM-017009', 'No tiene permisos para acceder al documento', 'es-ES');
INSERT INTO OKM_TRANSLATION (TR_MODULE, TR_KEY, TR_TEXT, TR_LANGUAGE) VALUES ('frontend', 'OKM-017004', 'No se pudo bloquear el documento', 'es-ES');
INSERT INTO OKM_TRANSLATION (TR_MODULE, TR_KEY, TR_TEXT, TR_LANGUAGE) VALUES ('frontend', 'OKM-017001', 'Error interno del repositorio', 'es-ES');
INSERT INTO OKM_TRANSLATION (TR_MODULE, TR_KEY, TR_TEXT, TR_LANGUAGE) VALUES ('frontend', 'OKM-017015', 'La ruta del documento no existe', 'es-ES');
INSERT INTO OKM_TRANSLATION (TR_MODULE, TR_KEY, TR_TEXT, TR_LANGUAGE) VALUES ('frontend', 'OKM-017016', 'Error en la versin', 'es-ES');
INSERT INTO OKM_TRANSLATION (TR_MODULE, TR_KEY, TR_TEXT, TR_LANGUAGE) VALUES ('frontend', 'OKM-002009', 'No tiene permisos para acceder al documento', 'es-ES');
INSERT INTO OKM_TRANSLATION (TR_MODULE, TR_KEY, TR_TEXT, TR_LANGUAGE) VALUES ('frontend', 'OKM-002002', 'No existe un documento con ese nombre', 'es-ES');
INSERT INTO OKM_TRANSLATION (TR_MODULE, TR_KEY, TR_TEXT, TR_LANGUAGE) VALUES ('frontend', 'OKM-002003', 'Ya existe un documento con ese nombre', 'es-ES');
INSERT INTO OKM_TRANSLATION (TR_MODULE, TR_KEY, TR_TEXT, TR_LANGUAGE) VALUES ('frontend', 'OKM-002004', 'No se pudo bloquear el documento', 'es-ES');
INSERT INTO OKM_TRANSLATION (TR_MODULE, TR_KEY, TR_TEXT, TR_LANGUAGE) VALUES ('frontend', 'OKM-002004', 'No se pudo desbloquear el documento', 'es-ES');
INSERT INTO OKM_TRANSLATION (TR_MODULE, TR_KEY, TR_TEXT, TR_LANGUAGE) VALUES ('frontend', 'OKM-002001', 'Error interno del repositorio', 'es-ES');
INSERT INTO OKM_TRANSLATION (TR_MODULE, TR_KEY, TR_TEXT, TR_LANGUAGE) VALUES ('frontend', 'OKM-002006', 'Error interno de la aplicacin', 'es-ES');
INSERT INTO OKM_TRANSLATION (TR_MODULE, TR_KEY, TR_TEXT, TR_LANGUAGE) VALUES ('frontend', 'OKM-002015', 'La ruta del documento no existe', 'es-ES');
INSERT INTO OKM_TRANSLATION (TR_MODULE, TR_KEY, TR_TEXT, TR_LANGUAGE) VALUES ('frontend', 'OKM-002024', 'Error en la base de datos', 'es-ES');
INSERT INTO OKM_TRANSLATION (TR_MODULE, TR_KEY, TR_TEXT, TR_LANGUAGE) VALUES ('frontend', 'OKM-001009', 'No tiene permisos para acceder a la carpeta', 'es-ES');
INSERT INTO OKM_TRANSLATION (TR_MODULE, TR_KEY, TR_TEXT, TR_LANGUAGE) VALUES ('frontend', 'OKM-001002', 'No existe una carpeta con ese nombre', 'es-ES');
INSERT INTO OKM_TRANSLATION (TR_MODULE, TR_KEY, TR_TEXT, TR_LANGUAGE) VALUES ('frontend', 'OKM-001003', 'Ya existe una carpeta con ese nombre', 'es-ES');
INSERT INTO OKM_TRANSLATION (TR_MODULE, TR_KEY, TR_TEXT, TR_LANGUAGE) VALUES ('frontend', 'OKM-001001', 'Error interno del repositorio', 'es-ES');
INSERT INTO OKM_TRANSLATION (TR_MODULE, TR_KEY, TR_TEXT, TR_LANGUAGE) VALUES ('frontend', 'OKM-001006', 'Error interno de la aplicacin', 'es-ES');
INSERT INTO OKM_TRANSLATION (TR_MODULE, TR_KEY, TR_TEXT, TR_LANGUAGE) VALUES ('frontend', 'OKM-001015', 'La ruta de la carpeta no existe', 'es-ES');
INSERT INTO OKM_TRANSLATION (TR_MODULE, TR_KEY, TR_TEXT, TR_LANGUAGE) VALUES ('frontend', 'OKM-001024', 'Error en la base de datos', 'es-ES');
INSERT INTO OKM_TRANSLATION (TR_MODULE, TR_KEY, TR_TEXT, TR_LANGUAGE) VALUES ('frontend', 'OKM-007009', 'No tiene permisos para acceder al elemento', 'es-ES');
INSERT INTO OKM_TRANSLATION (TR_MODULE, TR_KEY, TR_TEXT, TR_LANGUAGE) VALUES ('frontend', 'OKM-007002', 'No existe un elemento con ese nombre', 'es-ES');
INSERT INTO OKM_TRANSLATION (TR_MODULE, TR_KEY, TR_TEXT, TR_LANGUAGE) VALUES ('frontend', 'OKM-007001', 'Error interno del repositorio', 'es-ES');
INSERT INTO OKM_TRANSLATION (TR_MODULE, TR_KEY, TR_TEXT, TR_LANGUAGE) VALUES ('frontend', 'OKM-007006', 'Error interno de la aplicacin', 'es-ES');
INSERT INTO OKM_TRANSLATION (TR_MODULE, TR_KEY, TR_TEXT, TR_LANGUAGE) VALUES ('frontend', 'OKM-007024', 'Error en la base de datos', 'es-ES');
INSERT INTO OKM_TRANSLATION (TR_MODULE, TR_KEY, TR_TEXT, TR_LANGUAGE) VALUES ('frontend', 'OKM-009002', 'No existe un documento con ese nombre', 'es-ES');
INSERT INTO OKM_TRANSLATION (TR_MODULE, TR_KEY, TR_TEXT, TR_LANGUAGE) VALUES ('frontend', 'OKM-009006', 'Error interno de la aplicacin', 'es-ES');
INSERT INTO OKM_TRANSLATION (TR_MODULE, TR_KEY, TR_TEXT, TR_LANGUAGE) VALUES ('frontend', 'OKM-005010', 'Tipo de fichero no soportado', 'es-ES');
INSERT INTO OKM_TRANSLATION (TR_MODULE, TR_KEY, TR_TEXT, TR_LANGUAGE) VALUES ('frontend', 'OKM-005003', 'Ya existe un documento con ese nombre', 'es-ES');
INSERT INTO OKM_TRANSLATION (TR_MODULE, TR_KEY, TR_TEXT, TR_LANGUAGE) VALUES ('frontend', 'OKM-005011', 'El documento es demasiado grande', 'es-ES');
INSERT INTO OKM_TRANSLATION (TR_MODULE, TR_KEY, TR_TEXT, TR_LANGUAGE) VALUES ('frontend', 'OKM-005027', 'El nombre del documento no coincide', 'es-ES');
INSERT INTO OKM_TRANSLATION (TR_MODULE, TR_KEY, TR_TEXT, TR_LANGUAGE) VALUES ('frontend', 'OKM-004001', 'La sesin se ha cerrado', 'es-ES');
INSERT INTO OKM_TRANSLATION (TR_MODULE, TR_KEY, TR_TEXT, TR_LANGUAGE) VALUES ('frontend', 'OKM-004024', 'Error en la base de datos', 'es-ES');
INSERT INTO OKM_TRANSLATION (TR_MODULE, TR_KEY, TR_TEXT, TR_LANGUAGE) VALUES ('frontend', 'OKM-008001', 'Error genrico al ejecutar la consulta', 'es-ES');
INSERT INTO OKM_TRANSLATION (TR_MODULE, TR_KEY, TR_TEXT, TR_LANGUAGE) VALUES ('frontend', 'OKM-008003', 'El nombre de la consulta almacenada debe ser nico', 'es-ES');
INSERT INTO OKM_TRANSLATION (TR_MODULE, TR_KEY, TR_TEXT, TR_LANGUAGE) VALUES ('frontend', 'OKM-008024', 'Error en la base de datos', 'es-ES');
INSERT INTO OKM_TRANSLATION (TR_MODULE, TR_KEY, TR_TEXT, TR_LANGUAGE) VALUES ('frontend', 'OKM-011003', 'El nombre del marcador deber ser nico', 'es-ES');
INSERT INTO OKM_TRANSLATION (TR_MODULE, TR_KEY, TR_TEXT, TR_LANGUAGE) VALUES ('frontend', 'OKM-003017', 'Se ha perdido la sesin', 'es-ES');
INSERT INTO OKM_TRANSLATION (TR_MODULE, TR_KEY, TR_TEXT, TR_LANGUAGE) VALUES ('frontend', 'OKM-013001', 'Error interno del repositorio', 'es-ES');
INSERT INTO OKM_TRANSLATION (TR_MODULE, TR_KEY, TR_TEXT, TR_LANGUAGE) VALUES ('frontend', 'OKM-013024', 'Error en la base de datos', 'es-ES');
INSERT INTO OKM_TRANSLATION (TR_MODULE, TR_KEY, TR_TEXT, TR_LANGUAGE) VALUES ('frontend', 'OKM-014001', 'Error interno del repositorio', 'es-ES');
INSERT INTO OKM_TRANSLATION (TR_MODULE, TR_KEY, TR_TEXT, TR_LANGUAGE) VALUES ('frontend', 'OKM-014013', 'Error en el dispositivo de entrada/salida', 'es-ES');
INSERT INTO OKM_TRANSLATION (TR_MODULE, TR_KEY, TR_TEXT, TR_LANGUAGE) VALUES ('frontend', 'OKM-015001', 'Error interno del repositorio', 'es-ES');
INSERT INTO OKM_TRANSLATION (TR_MODULE, TR_KEY, TR_TEXT, TR_LANGUAGE) VALUES ('frontend', 'OKM-015024', 'Error en la base de datos', 'es-ES');
INSERT INTO OKM_TRANSLATION (TR_MODULE, TR_KEY, TR_TEXT, TR_LANGUAGE) VALUES ('frontend', 'OKM-018022', 'Error en la configuracin del navegador', 'es-ES');
INSERT INTO OKM_TRANSLATION (TR_MODULE, TR_KEY, TR_TEXT, TR_LANGUAGE) VALUES ('frontend', 'OKM-018023', 'Error ha excedido la cuota de usuario,  contacte con el administrador', 'es-ES');
INSERT INTO OKM_TRANSLATION (TR_MODULE, TR_KEY, TR_TEXT, TR_LANGUAGE) VALUES ('frontend', 'OKM-016009', 'No tiene permisos para acceder al correo', 'es-ES');
INSERT INTO OKM_TRANSLATION (TR_MODULE, TR_KEY, TR_TEXT, TR_LANGUAGE) VALUES ('frontend', 'OKM-016002', 'No existe un correo con ese nombre', 'es-ES');
INSERT INTO OKM_TRANSLATION (TR_MODULE, TR_KEY, TR_TEXT, TR_LANGUAGE) VALUES ('frontend', 'OKM-016003', 'Ya existe un correo con ese nombre', 'es-ES');
INSERT INTO OKM_TRANSLATION (TR_MODULE, TR_KEY, TR_TEXT, TR_LANGUAGE) VALUES ('frontend', 'OKM-016004', 'No se pudo desbloquear el correo', 'es-ES');
INSERT INTO OKM_TRANSLATION (TR_MODULE, TR_KEY, TR_TEXT, TR_LANGUAGE) VALUES ('frontend', 'OKM-016001', 'Error interno del repositorio', 'es-ES');
INSERT INTO OKM_TRANSLATION (TR_MODULE, TR_KEY, TR_TEXT, TR_LANGUAGE) VALUES ('frontend', 'OKM-016006', 'Error interno de la aplicacin', 'es-ES');
INSERT INTO OKM_TRANSLATION (TR_MODULE, TR_KEY, TR_TEXT, TR_LANGUAGE) VALUES ('frontend', 'OKM-016015', 'La ruta del correo no existe', 'es-ES');
INSERT INTO OKM_TRANSLATION (TR_MODULE, TR_KEY, TR_TEXT, TR_LANGUAGE) VALUES ('frontend', 'OKM-016024', 'Error en la base de datos', 'es-ES');
INSERT INTO OKM_TRANSLATION (TR_MODULE, TR_KEY, TR_TEXT, TR_LANGUAGE) VALUES ('frontend', 'OKM-010015', 'La ruta del no existe', 'es-ES');
INSERT INTO OKM_TRANSLATION (TR_MODULE, TR_KEY, TR_TEXT, TR_LANGUAGE) VALUES ('frontend', 'OKM-010009', 'No tiene permisos para acceder', 'es-ES');
INSERT INTO OKM_TRANSLATION (TR_MODULE, TR_KEY, TR_TEXT, TR_LANGUAGE) VALUES ('frontend', 'OKM-010001', 'Error interno del repositorio', 'es-ES');
INSERT INTO OKM_TRANSLATION (TR_MODULE, TR_KEY, TR_TEXT, TR_LANGUAGE) VALUES ('frontend', 'OKM-010024', 'Error en la base de datos', 'es-ES');
INSERT INTO OKM_TRANSLATION (TR_MODULE, TR_KEY, TR_TEXT, TR_LANGUAGE) VALUES ('frontend', 'OKM-010006', 'Error interno de la aplicacin   ', 'es-ES');
INSERT INTO OKM_TRANSLATION (TR_MODULE, TR_KEY, TR_TEXT, TR_LANGUAGE) VALUES ('frontend', 'OKM-009004', 'Bloqueado', 'es-ES');
INSERT INTO OKM_TRANSLATION (TR_MODULE, TR_KEY, TR_TEXT, TR_LANGUAGE) VALUES ('frontend', 'OKM-009015', 'La ruta no existe', 'es-ES');
INSERT INTO OKM_TRANSLATION (TR_MODULE, TR_KEY, TR_TEXT, TR_LANGUAGE) VALUES ('frontend', 'OKM-009009', 'No tiene permisos para acceder', 'es-ES');
INSERT INTO OKM_TRANSLATION (TR_MODULE, TR_KEY, TR_TEXT, TR_LANGUAGE) VALUES ('frontend', 'OKM-009001', 'Error interno del repositorio', 'es-ES');
INSERT INTO OKM_TRANSLATION (TR_MODULE, TR_KEY, TR_TEXT, TR_LANGUAGE) VALUES ('frontend', 'OKM-009024', 'Error en la base de datos', 'es-ES');
INSERT INTO OKM_TRANSLATION (TR_MODULE, TR_KEY, TR_TEXT, TR_LANGUAGE) VALUES ('frontend', 'OKM-009006', 'Error interno de la aplicacin', 'es-ES');
INSERT INTO OKM_TRANSLATION (TR_MODULE, TR_KEY, TR_TEXT, TR_LANGUAGE) VALUES ('frontend', 'OKM-009012', 'No existe el grupo', 'es-ES');
INSERT INTO OKM_TRANSLATION (TR_MODULE, TR_KEY, TR_TEXT, TR_LANGUAGE) VALUES ('frontend', 'OKM-009014', 'No existe la propiedad', 'es-ES');
INSERT INTO OKM_TRANSLATION (TR_MODULE, TR_KEY, TR_TEXT, TR_LANGUAGE) VALUES ('frontend', 'OKM-009013', 'Error en el dispositivo de entrada/salida', 'es-ES');
INSERT INTO OKM_TRANSLATION (TR_MODULE, TR_KEY, TR_TEXT, TR_LANGUAGE) VALUES ('frontend', 'OKM-012001', 'Error interno del repositorio', 'es-ES');
INSERT INTO OKM_TRANSLATION (TR_MODULE, TR_KEY, TR_TEXT, TR_LANGUAGE) VALUES ('frontend', 'OKM-012006', 'Error interno de la aplicacin', 'es-ES');
INSERT INTO OKM_TRANSLATION (TR_MODULE, TR_KEY, TR_TEXT, TR_LANGUAGE) VALUES ('frontend', 'OKM-012015', 'La ruta del no existe', 'es-ES');
INSERT INTO OKM_TRANSLATION (TR_MODULE, TR_KEY, TR_TEXT, TR_LANGUAGE) VALUES ('frontend', 'OKM-012024', 'Error en la base de datos', 'es-ES');
INSERT INTO OKM_TRANSLATION (TR_MODULE, TR_KEY, TR_TEXT, TR_LANGUAGE) VALUES ('frontend', 'OKM-012009', 'No tiene permisos para acceder', 'es-ES');
INSERT INTO OKM_TRANSLATION (TR_MODULE, TR_KEY, TR_TEXT, TR_LANGUAGE) VALUES ('frontend', 'OKM-019001', 'Error interno del repositorio', 'es-ES');
INSERT INTO OKM_TRANSLATION (TR_MODULE, TR_KEY, TR_TEXT, TR_LANGUAGE) VALUES ('frontend', 'OKM-019006', 'Error interno de la aplicacin', 'es-ES');
INSERT INTO OKM_TRANSLATION (TR_MODULE, TR_KEY, TR_TEXT, TR_LANGUAGE) VALUES ('frontend', 'OKM-019024', 'Error en la base de datos', 'es-ES');

