insert into OKM_USER (USR_ID, USR_NAME, USR_PASSWORD, USR_EMAIL, USR_ACTIVE) values ('okmAdmin', 'Administrator', '21232f297a57a5a743894a0e4a801fc3', 'admin@noreply.com', true);
insert into OKM_ROLE (ROL_ID, ROL_ACTIVE) values ('AdminRole', true);
insert into OKM_ROLE (ROL_ID, ROL_ACTIVE) values ('UserRole', true);
insert into OKM_USER_ROLE (UR_USER, UR_ROLE) values ('okmAdmin', 'AdminRole');
insert into OKM_PROFILE (PRF_ID, PRF_NAME, PRF_ACTIVE) values (1, 'Default', true);
insert into OKM_LANGUAGE (LG_ID, LG_NAME, LG_IMAGE_CONTENT, LG_IMAGE_MIME) values ('en-GB', 'English', 'R0lGODlhEAALANUAALZXTnqXuP/LxP2GdrQ/L/89Pf/T02J24//r6sfS//8pJv9LSP96dj9Ao7qio/+4tf/Y1T9LpT8/c3V/s7vH/v7z8f9rZv+cmP6xp/7Wz3B6ruTq/qOt5PP1/kFXp/8yL/7h45yhuv/t8f+treDm/r5MPP729v8cGP/3+cLO/212qt7j/pSs/L+alKey7v/AvL+hnb9rX+jt/+3w/7+CeoSd/P/v7v/k7P/p6P9ycP/S2//w9I8/L/75+/+plP9hXyH5BAAAAAAALAAAAAAQAAsAAAabwAkM4NBoQiVASKVyEFqeycaU6ZE6gkxnZcJUEhFpwjbayS6YjciCY1Ea4kSlzPCtbazam4aA+CEMCwsWGQIvDxkEJQIXFww/CwUfHwoKJycDBDE4Bp0gkgofhg8jEAQaJCkpNjkokzcFEAcHLhKoKQg5IjOhCTofLwcctiQVGCYpHQMDKy4gAxnDGi0EDh4NAQQEHhISADwEEkEAOw==', 'image/gif');
INSERT INTO OKM_TRANSLATION (TR_MODULE, TR_KEY, TR_TEXT, TR_LANGUAGE) VALUES ('frontend', 'general.date.pattern', 'dd-MM-yyyy hh:mm:ss', 'en-GB');
INSERT INTO OKM_TRANSLATION (TR_MODULE, TR_KEY, TR_TEXT, TR_LANGUAGE) VALUES ('frontend', 'general.day.pattern', 'dd-MM-yyyy', 'en-GB');
INSERT INTO OKM_TRANSLATION (TR_MODULE, TR_KEY, TR_TEXT, TR_LANGUAGE) VALUES ('frontend', 'general.hour.pattern', 'HH:mm:ss', 'en-GB');
INSERT INTO OKM_TRANSLATION (TR_MODULE, TR_KEY, TR_TEXT, TR_LANGUAGE) VALUES ('frontend', 'startup.openkm', 'Loading OpenKM', 'en-GB');
INSERT INTO OKM_TRANSLATION (TR_MODULE, TR_KEY, TR_TEXT, TR_LANGUAGE) VALUES ('frontend', 'startup.starting.loading', 'Starting loading OpenKM', 'en-GB');
INSERT INTO OKM_TRANSLATION (TR_MODULE, TR_KEY, TR_TEXT, TR_LANGUAGE) VALUES ('frontend', 'startup.taxonomy', 'Getting taxonomy root node', 'en-GB');
INSERT INTO OKM_TRANSLATION (TR_MODULE, TR_KEY, TR_TEXT, TR_LANGUAGE) VALUES ('frontend', 'startup.categories', 'Getting categories root node', 'en-GB');
INSERT INTO OKM_TRANSLATION (TR_MODULE, TR_KEY, TR_TEXT, TR_LANGUAGE) VALUES ('frontend', 'startup.thesaurus', 'Getting thesaurus root node', 'en-GB');
INSERT INTO OKM_TRANSLATION (TR_MODULE, TR_KEY, TR_TEXT, TR_LANGUAGE) VALUES ('frontend', 'startup.template', 'Getting template root node', 'en-GB');
INSERT INTO OKM_TRANSLATION (TR_MODULE, TR_KEY, TR_TEXT, TR_LANGUAGE) VALUES ('frontend', 'startup.personal', 'Getting personal root node', 'en-GB');
INSERT INTO OKM_TRANSLATION (TR_MODULE, TR_KEY, TR_TEXT, TR_LANGUAGE) VALUES ('frontend', 'startup.mail', 'Getting e-mail root node', 'en-GB');
INSERT INTO OKM_TRANSLATION (TR_MODULE, TR_KEY, TR_TEXT, TR_LANGUAGE) VALUES ('frontend', 'startup.trash', 'Getting trash root node', 'en-GB');
INSERT INTO OKM_TRANSLATION (TR_MODULE, TR_KEY, TR_TEXT, TR_LANGUAGE) VALUES ('frontend', 'startup.user.home', 'Getting user home node', 'en-GB');
INSERT INTO OKM_TRANSLATION (TR_MODULE, TR_KEY, TR_TEXT, TR_LANGUAGE) VALUES ('frontend', 'startup.bookmarks', 'Getting bookmarks', 'en-GB');
INSERT INTO OKM_TRANSLATION (TR_MODULE, TR_KEY, TR_TEXT, TR_LANGUAGE) VALUES ('frontend', 'startup.loading.taxonomy', 'Loading taxonomy', 'en-GB');
INSERT INTO OKM_TRANSLATION (TR_MODULE, TR_KEY, TR_TEXT, TR_LANGUAGE) VALUES ('frontend', 'startup.loading.taxonomy.getting.folders', 'Loading taxonomy - getting folders', 'en-GB');
INSERT INTO OKM_TRANSLATION (TR_MODULE, TR_KEY, TR_TEXT, TR_LANGUAGE) VALUES ('frontend', 'startup.loading.taxonomy.eval.params', 'Loading taxonomy - eval browser params', 'en-GB');
INSERT INTO OKM_TRANSLATION (TR_MODULE, TR_KEY, TR_TEXT, TR_LANGUAGE) VALUES ('frontend', 'startup.loading.taxonomy.open.path', 'Loading taxonomy - open path', 'en-GB');
INSERT INTO OKM_TRANSLATION (TR_MODULE, TR_KEY, TR_TEXT, TR_LANGUAGE) VALUES ('frontend', 'startup.loading.taxonomy.getting.filebrowser.folders', 'Loading taxonomy - getting folders', 'en-GB');
INSERT INTO OKM_TRANSLATION (TR_MODULE, TR_KEY, TR_TEXT, TR_LANGUAGE) VALUES ('frontend', 'startup.loading.taxonomy.getting.filebrowser.documents', 'Loading taxonomy - getting documents', 'en-GB');
INSERT INTO OKM_TRANSLATION (TR_MODULE, TR_KEY, TR_TEXT, TR_LANGUAGE) VALUES ('frontend', 'startup.loading.taxonomy.getting.filebrowser.mails', 'Loading taxonomy - getting mails', 'en-GB');
INSERT INTO OKM_TRANSLATION (TR_MODULE, TR_KEY, TR_TEXT, TR_LANGUAGE) VALUES ('frontend', 'startup.loading.personal', 'Loading personal', 'en-GB');
INSERT INTO OKM_TRANSLATION (TR_MODULE, TR_KEY, TR_TEXT, TR_LANGUAGE) VALUES ('frontend', 'startup.loading.mail', 'Loading e-mails', 'en-GB');
INSERT INTO OKM_TRANSLATION (TR_MODULE, TR_KEY, TR_TEXT, TR_LANGUAGE) VALUES ('frontend', 'startup.loading.categories', 'Loading categories', 'en-GB');
INSERT INTO OKM_TRANSLATION (TR_MODULE, TR_KEY, TR_TEXT, TR_LANGUAGE) VALUES ('frontend', 'startup.loading.thesaurus', 'Loading thesaurus', 'en-GB');
INSERT INTO OKM_TRANSLATION (TR_MODULE, TR_KEY, TR_TEXT, TR_LANGUAGE) VALUES ('frontend', 'startup.loading.templates', 'Loading templates', 'en-GB');
INSERT INTO OKM_TRANSLATION (TR_MODULE, TR_KEY, TR_TEXT, TR_LANGUAGE) VALUES ('frontend', 'startup.loading.trash', 'Loading trash', 'en-GB');
INSERT INTO OKM_TRANSLATION (TR_MODULE, TR_KEY, TR_TEXT, TR_LANGUAGE) VALUES ('frontend', 'startup.loading.history.search', 'Loading history search', 'en-GB');
INSERT INTO OKM_TRANSLATION (TR_MODULE, TR_KEY, TR_TEXT, TR_LANGUAGE) VALUES ('frontend', 'startup.loading.user.values', 'Loading user values', 'en-GB');
INSERT INTO OKM_TRANSLATION (TR_MODULE, TR_KEY, TR_TEXT, TR_LANGUAGE) VALUES ('frontend', 'startup.keep.alive', 'Loading keep alive', 'en-GB');
INSERT INTO OKM_TRANSLATION (TR_MODULE, TR_KEY, TR_TEXT, TR_LANGUAGE) VALUES ('frontend', 'openkm.update.available', 'OpenKM update available', 'en-GB');
INSERT INTO OKM_TRANSLATION (TR_MODULE, TR_KEY, TR_TEXT, TR_LANGUAGE) VALUES ('frontend', 'leftpanel.label.taxonomy', 'Taxonomy', 'en-GB');
INSERT INTO OKM_TRANSLATION (TR_MODULE, TR_KEY, TR_TEXT, TR_LANGUAGE) VALUES ('frontend', 'leftpanel.label.trash', 'Trash', 'en-GB');
INSERT INTO OKM_TRANSLATION (TR_MODULE, TR_KEY, TR_TEXT, TR_LANGUAGE) VALUES ('frontend', 'leftpanel.label.mail', 'E-mail', 'en-GB');
INSERT INTO OKM_TRANSLATION (TR_MODULE, TR_KEY, TR_TEXT, TR_LANGUAGE) VALUES ('frontend', 'leftpanel.label.stored.search', 'Stored searches', 'en-GB');
INSERT INTO OKM_TRANSLATION (TR_MODULE, TR_KEY, TR_TEXT, TR_LANGUAGE) VALUES ('frontend', 'leftpanel.label.categories', 'Categories', 'en-GB');
INSERT INTO OKM_TRANSLATION (TR_MODULE, TR_KEY, TR_TEXT, TR_LANGUAGE) VALUES ('frontend', 'leftpanel.label.thesaurus', 'Thesaurus', 'en-GB');
INSERT INTO OKM_TRANSLATION (TR_MODULE, TR_KEY, TR_TEXT, TR_LANGUAGE) VALUES ('frontend', 'leftpanel.label.templates', 'Templates', 'en-GB');
INSERT INTO OKM_TRANSLATION (TR_MODULE, TR_KEY, TR_TEXT, TR_LANGUAGE) VALUES ('frontend', 'leftpanel.label.my.documents', 'My documents', 'en-GB');
INSERT INTO OKM_TRANSLATION (TR_MODULE, TR_KEY, TR_TEXT, TR_LANGUAGE) VALUES ('frontend', 'leftpanel.label.user.search', 'User news', 'en-GB');
INSERT INTO OKM_TRANSLATION (TR_MODULE, TR_KEY, TR_TEXT, TR_LANGUAGE) VALUES ('frontend', 'leftpanel.label.all.repository', 'All repository', 'en-GB');
INSERT INTO OKM_TRANSLATION (TR_MODULE, TR_KEY, TR_TEXT, TR_LANGUAGE) VALUES ('frontend', 'tree.menu.directory.create', 'Create folder', 'en-GB');
INSERT INTO OKM_TRANSLATION (TR_MODULE, TR_KEY, TR_TEXT, TR_LANGUAGE) VALUES ('frontend', 'tree.menu.directory.remove', 'Delete', 'en-GB');
INSERT INTO OKM_TRANSLATION (TR_MODULE, TR_KEY, TR_TEXT, TR_LANGUAGE) VALUES ('frontend', 'tree.menu.directory.rename', 'Rename', 'en-GB');
INSERT INTO OKM_TRANSLATION (TR_MODULE, TR_KEY, TR_TEXT, TR_LANGUAGE) VALUES ('frontend', 'tree.menu.directory.refresh', 'Refresh', 'en-GB');
INSERT INTO OKM_TRANSLATION (TR_MODULE, TR_KEY, TR_TEXT, TR_LANGUAGE) VALUES ('frontend', 'tree.menu.directory.move', 'Move', 'en-GB');
INSERT INTO OKM_TRANSLATION (TR_MODULE, TR_KEY, TR_TEXT, TR_LANGUAGE) VALUES ('frontend', 'tree.menu.directory.copy', 'Copy', 'en-GB');
INSERT INTO OKM_TRANSLATION (TR_MODULE, TR_KEY, TR_TEXT, TR_LANGUAGE) VALUES ('frontend', 'tree.menu.directory.add.document', 'Add document', 'en-GB');
INSERT INTO OKM_TRANSLATION (TR_MODULE, TR_KEY, TR_TEXT, TR_LANGUAGE) VALUES ('frontend', 'tree.menu.add.bookmark', 'Add bookmark', 'en-GB');
INSERT INTO OKM_TRANSLATION (TR_MODULE, TR_KEY, TR_TEXT, TR_LANGUAGE) VALUES ('frontend', 'tree.menu.set.home', 'Set default home', 'en-GB');
INSERT INTO OKM_TRANSLATION (TR_MODULE, TR_KEY, TR_TEXT, TR_LANGUAGE) VALUES ('frontend', 'tree.menu.export', 'Export to file', 'en-GB');
INSERT INTO OKM_TRANSLATION (TR_MODULE, TR_KEY, TR_TEXT, TR_LANGUAGE) VALUES ('frontend', 'tree.status.refresh.folder', 'Updating folder tree', 'en-GB');
INSERT INTO OKM_TRANSLATION (TR_MODULE, TR_KEY, TR_TEXT, TR_LANGUAGE) VALUES ('frontend', 'tree.status.refresh.create', 'Creating folder', 'en-GB');
INSERT INTO OKM_TRANSLATION (TR_MODULE, TR_KEY, TR_TEXT, TR_LANGUAGE) VALUES ('frontend', 'tree.status.refresh.delete', 'Deleting folder', 'en-GB');
INSERT INTO OKM_TRANSLATION (TR_MODULE, TR_KEY, TR_TEXT, TR_LANGUAGE) VALUES ('frontend', 'tree.status.refresh.rename', 'Renaming folder', 'en-GB');
INSERT INTO OKM_TRANSLATION (TR_MODULE, TR_KEY, TR_TEXT, TR_LANGUAGE) VALUES ('frontend', 'tree.status.refresh.restore', 'Restoring folder', 'en-GB');
INSERT INTO OKM_TRANSLATION (TR_MODULE, TR_KEY, TR_TEXT, TR_LANGUAGE) VALUES ('frontend', 'tree.status.refresh.purge', 'Purging folder', 'en-GB');
INSERT INTO OKM_TRANSLATION (TR_MODULE, TR_KEY, TR_TEXT, TR_LANGUAGE) VALUES ('frontend', 'tree.status.refresh.get', 'Updating folder', 'en-GB');
INSERT INTO OKM_TRANSLATION (TR_MODULE, TR_KEY, TR_TEXT, TR_LANGUAGE) VALUES ('frontend', 'tree.folder.new', 'New folder', 'en-GB');
INSERT INTO OKM_TRANSLATION (TR_MODULE, TR_KEY, TR_TEXT, TR_LANGUAGE) VALUES ('frontend', 'tree.status.refresh.add.subscription', 'Adding subscription', 'en-GB');
INSERT INTO OKM_TRANSLATION (TR_MODULE, TR_KEY, TR_TEXT, TR_LANGUAGE) VALUES ('frontend', 'tree.status.refresh.remove.subscription', 'Deleting subscription', 'en-GB');
INSERT INTO OKM_TRANSLATION (TR_MODULE, TR_KEY, TR_TEXT, TR_LANGUAGE) VALUES ('frontend', 'tree.status.refresh.get.root', 'Refreshing root folder', 'en-GB');
INSERT INTO OKM_TRANSLATION (TR_MODULE, TR_KEY, TR_TEXT, TR_LANGUAGE) VALUES ('frontend', 'tree.status.refresh.get.keywords', 'Refreshing keywords', 'en-GB');
INSERT INTO OKM_TRANSLATION (TR_MODULE, TR_KEY, TR_TEXT, TR_LANGUAGE) VALUES ('frontend', 'tree.status.refresh.get.user.home', 'Getting user home', 'en-GB');
INSERT INTO OKM_TRANSLATION (TR_MODULE, TR_KEY, TR_TEXT, TR_LANGUAGE) VALUES ('frontend', 'tree.status.refresh.purge.trash', 'Cleaning trash', 'en-GB');
INSERT INTO OKM_TRANSLATION (TR_MODULE, TR_KEY, TR_TEXT, TR_LANGUAGE) VALUES ('frontend', 'tree.menu.directory.find.folder', 'Find folder', 'en-GB');
INSERT INTO OKM_TRANSLATION (TR_MODULE, TR_KEY, TR_TEXT, TR_LANGUAGE) VALUES ('frontend', 'trash.menu.directory.restore', 'Restore', 'en-GB');
INSERT INTO OKM_TRANSLATION (TR_MODULE, TR_KEY, TR_TEXT, TR_LANGUAGE) VALUES ('frontend', 'trash.menu.directory.purge', 'Purge', 'en-GB');
INSERT INTO OKM_TRANSLATION (TR_MODULE, TR_KEY, TR_TEXT, TR_LANGUAGE) VALUES ('frontend', 'trash.menu.directory.purge.trash', 'Purge trash', 'en-GB');
INSERT INTO OKM_TRANSLATION (TR_MODULE, TR_KEY, TR_TEXT, TR_LANGUAGE) VALUES ('frontend', 'trash.directory.select.label', 'Select destination folder', 'en-GB');
INSERT INTO OKM_TRANSLATION (TR_MODULE, TR_KEY, TR_TEXT, TR_LANGUAGE) VALUES ('frontend', 'general.menu.file', 'File', 'en-GB');
INSERT INTO OKM_TRANSLATION (TR_MODULE, TR_KEY, TR_TEXT, TR_LANGUAGE) VALUES ('frontend', 'general.menu.file.exit', 'Exit', 'en-GB');
INSERT INTO OKM_TRANSLATION (TR_MODULE, TR_KEY, TR_TEXT, TR_LANGUAGE) VALUES ('frontend', 'general.menu.file.purge.trash', 'Purge trash', 'en-GB');
INSERT INTO OKM_TRANSLATION (TR_MODULE, TR_KEY, TR_TEXT, TR_LANGUAGE) VALUES ('frontend', 'general.menu.edit', 'Edit', 'en-GB');
INSERT INTO OKM_TRANSLATION (TR_MODULE, TR_KEY, TR_TEXT, TR_LANGUAGE) VALUES ('frontend', 'general.menu.file.create.directory', 'Create folder', 'en-GB');
INSERT INTO OKM_TRANSLATION (TR_MODULE, TR_KEY, TR_TEXT, TR_LANGUAGE) VALUES ('frontend', 'general.menu.file.download.document', 'Download document', 'en-GB');
INSERT INTO OKM_TRANSLATION (TR_MODULE, TR_KEY, TR_TEXT, TR_LANGUAGE) VALUES ('frontend', 'general.menu.file.download.document.pdf', 'Download document as PDF', 'en-GB');
INSERT INTO OKM_TRANSLATION (TR_MODULE, TR_KEY, TR_TEXT, TR_LANGUAGE) VALUES ('frontend', 'general.menu.file.send.link', 'Send document link', 'en-GB');
INSERT INTO OKM_TRANSLATION (TR_MODULE, TR_KEY, TR_TEXT, TR_LANGUAGE) VALUES ('frontend', 'general.menu.file.send.attachment', 'Send document attachment', 'en-GB');
INSERT INTO OKM_TRANSLATION (TR_MODULE, TR_KEY, TR_TEXT, TR_LANGUAGE) VALUES ('frontend', 'general.menu.file.lock', 'Lock', 'en-GB');
INSERT INTO OKM_TRANSLATION (TR_MODULE, TR_KEY, TR_TEXT, TR_LANGUAGE) VALUES ('frontend', 'general.menu.file.unlock', 'Unlock', 'en-GB');
INSERT INTO OKM_TRANSLATION (TR_MODULE, TR_KEY, TR_TEXT, TR_LANGUAGE) VALUES ('frontend', 'general.menu.file.add.document', 'Add document', 'en-GB');
INSERT INTO OKM_TRANSLATION (TR_MODULE, TR_KEY, TR_TEXT, TR_LANGUAGE) VALUES ('frontend', 'general.menu.file.checkout', 'Check out', 'en-GB');
INSERT INTO OKM_TRANSLATION (TR_MODULE, TR_KEY, TR_TEXT, TR_LANGUAGE) VALUES ('frontend', 'general.menu.file.checkin', 'Check in', 'en-GB');
INSERT INTO OKM_TRANSLATION (TR_MODULE, TR_KEY, TR_TEXT, TR_LANGUAGE) VALUES ('frontend', 'general.menu.file.cancel.checkout', 'Cancel check out', 'en-GB');
INSERT INTO OKM_TRANSLATION (TR_MODULE, TR_KEY, TR_TEXT, TR_LANGUAGE) VALUES ('frontend', 'general.menu.file.delete', 'Delete', 'en-GB');
INSERT INTO OKM_TRANSLATION (TR_MODULE, TR_KEY, TR_TEXT, TR_LANGUAGE) VALUES ('frontend', 'general.menu.file.refresh', 'Refresh', 'en-GB');
INSERT INTO OKM_TRANSLATION (TR_MODULE, TR_KEY, TR_TEXT, TR_LANGUAGE) VALUES ('frontend', 'general.menu.file.scanner', 'Scanner', 'en-GB');
INSERT INTO OKM_TRANSLATION (TR_MODULE, TR_KEY, TR_TEXT, TR_LANGUAGE) VALUES ('frontend', 'general.menu.file.uploader', 'File uploader', 'en-GB');
INSERT INTO OKM_TRANSLATION (TR_MODULE, TR_KEY, TR_TEXT, TR_LANGUAGE) VALUES ('frontend', 'general.menu.tools', 'Tools', 'en-GB');
INSERT INTO OKM_TRANSLATION (TR_MODULE, TR_KEY, TR_TEXT, TR_LANGUAGE) VALUES ('frontend', 'general.menu.tools.languages', 'Languages', 'en-GB');
INSERT INTO OKM_TRANSLATION (TR_MODULE, TR_KEY, TR_TEXT, TR_LANGUAGE) VALUES ('frontend', 'general.menu.tools.skin', 'Skin', 'en-GB');
INSERT INTO OKM_TRANSLATION (TR_MODULE, TR_KEY, TR_TEXT, TR_LANGUAGE) VALUES ('frontend', 'general.menu.tools.skin.default', 'By default', 'en-GB');
INSERT INTO OKM_TRANSLATION (TR_MODULE, TR_KEY, TR_TEXT, TR_LANGUAGE) VALUES ('frontend', 'general.menu.tools.skin.default2', 'By default 2', 'en-GB');
INSERT INTO OKM_TRANSLATION (TR_MODULE, TR_KEY, TR_TEXT, TR_LANGUAGE) VALUES ('frontend', 'general.menu.tools.skin.mediumfont', 'Medium font', 'en-GB');
INSERT INTO OKM_TRANSLATION (TR_MODULE, TR_KEY, TR_TEXT, TR_LANGUAGE) VALUES ('frontend', 'general.menu.tools.skin.bigfont', 'Big font', 'en-GB');
INSERT INTO OKM_TRANSLATION (TR_MODULE, TR_KEY, TR_TEXT, TR_LANGUAGE) VALUES ('frontend', 'general.menu.debug.console', 'Debug console', 'en-GB');
INSERT INTO OKM_TRANSLATION (TR_MODULE, TR_KEY, TR_TEXT, TR_LANGUAGE) VALUES ('frontend', 'general.menu.administration', 'Show administration', 'en-GB');
INSERT INTO OKM_TRANSLATION (TR_MODULE, TR_KEY, TR_TEXT, TR_LANGUAGE) VALUES ('frontend', 'general.menu.tools.preferences', 'Preferences', 'en-GB');
INSERT INTO OKM_TRANSLATION (TR_MODULE, TR_KEY, TR_TEXT, TR_LANGUAGE) VALUES ('frontend', 'general.menu.tools.user.preferences', 'User configuration', 'en-GB');
INSERT INTO OKM_TRANSLATION (TR_MODULE, TR_KEY, TR_TEXT, TR_LANGUAGE) VALUES ('frontend', 'general.menu.bookmark', 'Bookmarks', 'en-GB');
INSERT INTO OKM_TRANSLATION (TR_MODULE, TR_KEY, TR_TEXT, TR_LANGUAGE) VALUES ('frontend', 'general.menu.bookmark.home', 'Home', 'en-GB');
INSERT INTO OKM_TRANSLATION (TR_MODULE, TR_KEY, TR_TEXT, TR_LANGUAGE) VALUES ('frontend', 'general.menu.bookmark.default.home', 'Set default home', 'en-GB');
INSERT INTO OKM_TRANSLATION (TR_MODULE, TR_KEY, TR_TEXT, TR_LANGUAGE) VALUES ('frontend', 'general.menu.bookmark.edit', 'Edit bookmarks', 'en-GB');
INSERT INTO OKM_TRANSLATION (TR_MODULE, TR_KEY, TR_TEXT, TR_LANGUAGE) VALUES ('frontend', 'general.menu.help', 'Help', 'en-GB');
INSERT INTO OKM_TRANSLATION (TR_MODULE, TR_KEY, TR_TEXT, TR_LANGUAGE) VALUES ('frontend', 'general.menu.bug.report', 'Bug report', 'en-GB');
INSERT INTO OKM_TRANSLATION (TR_MODULE, TR_KEY, TR_TEXT, TR_LANGUAGE) VALUES ('frontend', 'general.menu.support.request', 'Support request', 'en-GB');
INSERT INTO OKM_TRANSLATION (TR_MODULE, TR_KEY, TR_TEXT, TR_LANGUAGE) VALUES ('frontend', 'general.menu.public.forum', 'Public forum', 'en-GB');
INSERT INTO OKM_TRANSLATION (TR_MODULE, TR_KEY, TR_TEXT, TR_LANGUAGE) VALUES ('frontend', 'general.menu.project.web', 'Project web', 'en-GB');
INSERT INTO OKM_TRANSLATION (TR_MODULE, TR_KEY, TR_TEXT, TR_LANGUAGE) VALUES ('frontend', 'general.menu.version.changes', 'Version notes', 'en-GB');
INSERT INTO OKM_TRANSLATION (TR_MODULE, TR_KEY, TR_TEXT, TR_LANGUAGE) VALUES ('frontend', 'general.menu.documentation', 'Documentation', 'en-GB');
INSERT INTO OKM_TRANSLATION (TR_MODULE, TR_KEY, TR_TEXT, TR_LANGUAGE) VALUES ('frontend', 'general.menu.about', 'About OpenKM', 'en-GB');
INSERT INTO OKM_TRANSLATION (TR_MODULE, TR_KEY, TR_TEXT, TR_LANGUAGE) VALUES ('frontend', 'general.connected', 'Connected as', 'en-GB');
INSERT INTO OKM_TRANSLATION (TR_MODULE, TR_KEY, TR_TEXT, TR_LANGUAGE) VALUES ('frontend', 'filebrowser.name', 'Name', 'en-GB');
INSERT INTO OKM_TRANSLATION (TR_MODULE, TR_KEY, TR_TEXT, TR_LANGUAGE) VALUES ('frontend', 'filebrowser.date.update', 'Update date', 'en-GB');
INSERT INTO OKM_TRANSLATION (TR_MODULE, TR_KEY, TR_TEXT, TR_LANGUAGE) VALUES ('frontend', 'filebrowser.size', 'Size', 'en-GB');
INSERT INTO OKM_TRANSLATION (TR_MODULE, TR_KEY, TR_TEXT, TR_LANGUAGE) VALUES ('frontend', 'filebrowser.path', 'Path', 'en-GB');
INSERT INTO OKM_TRANSLATION (TR_MODULE, TR_KEY, TR_TEXT, TR_LANGUAGE) VALUES ('frontend', 'filebrowser.author', 'Author', 'en-GB');
INSERT INTO OKM_TRANSLATION (TR_MODULE, TR_KEY, TR_TEXT, TR_LANGUAGE) VALUES ('frontend', 'filebrowser.version', 'Version', 'en-GB');
INSERT INTO OKM_TRANSLATION (TR_MODULE, TR_KEY, TR_TEXT, TR_LANGUAGE) VALUES ('frontend', 'filebrowser.menu.checkout', 'Check out', 'en-GB');
INSERT INTO OKM_TRANSLATION (TR_MODULE, TR_KEY, TR_TEXT, TR_LANGUAGE) VALUES ('frontend', 'filebrowser.menu.checkin', 'Check in', 'en-GB');
INSERT INTO OKM_TRANSLATION (TR_MODULE, TR_KEY, TR_TEXT, TR_LANGUAGE) VALUES ('frontend', 'filebrowser.menu.delete', 'Delete', 'en-GB');
INSERT INTO OKM_TRANSLATION (TR_MODULE, TR_KEY, TR_TEXT, TR_LANGUAGE) VALUES ('frontend', 'filebrowser.menu.rename', 'Rename', 'en-GB');
INSERT INTO OKM_TRANSLATION (TR_MODULE, TR_KEY, TR_TEXT, TR_LANGUAGE) VALUES ('frontend', 'filebrowser.menu.checkout.cancel', 'Check out cancel', 'en-GB');
INSERT INTO OKM_TRANSLATION (TR_MODULE, TR_KEY, TR_TEXT, TR_LANGUAGE) VALUES ('frontend', 'filebrowser.menu.lock', 'Lock', 'en-GB');
INSERT INTO OKM_TRANSLATION (TR_MODULE, TR_KEY, TR_TEXT, TR_LANGUAGE) VALUES ('frontend', 'filebrowser.menu.unlock', 'Unlock', 'en-GB');
INSERT INTO OKM_TRANSLATION (TR_MODULE, TR_KEY, TR_TEXT, TR_LANGUAGE) VALUES ('frontend', 'filebrowser.menu.download', 'Download', 'en-GB');
INSERT INTO OKM_TRANSLATION (TR_MODULE, TR_KEY, TR_TEXT, TR_LANGUAGE) VALUES ('frontend', 'filebrowser.menu.move', 'Move', 'en-GB');
INSERT INTO OKM_TRANSLATION (TR_MODULE, TR_KEY, TR_TEXT, TR_LANGUAGE) VALUES ('frontend', 'filebrowser.menu.copy', 'Copy', 'en-GB');
INSERT INTO OKM_TRANSLATION (TR_MODULE, TR_KEY, TR_TEXT, TR_LANGUAGE) VALUES ('frontend', 'filebrowser.menu.create.from.template', 'Create from template', 'en-GB');
INSERT INTO OKM_TRANSLATION (TR_MODULE, TR_KEY, TR_TEXT, TR_LANGUAGE) VALUES ('frontend', 'filebrowser.menu.add.property.group', 'Add property group', 'en-GB');
INSERT INTO OKM_TRANSLATION (TR_MODULE, TR_KEY, TR_TEXT, TR_LANGUAGE) VALUES ('frontend', 'filebrowser.menu.remove.property.group', 'Remove property group', 'en-GB');
INSERT INTO OKM_TRANSLATION (TR_MODULE, TR_KEY, TR_TEXT, TR_LANGUAGE) VALUES ('frontend', 'filebrowser.menu.start.workflow', 'Start workflow', 'en-GB');
INSERT INTO OKM_TRANSLATION (TR_MODULE, TR_KEY, TR_TEXT, TR_LANGUAGE) VALUES ('frontend', 'filebrowser.menu.add.subscription', 'Add subscription', 'en-GB');
INSERT INTO OKM_TRANSLATION (TR_MODULE, TR_KEY, TR_TEXT, TR_LANGUAGE) VALUES ('frontend', 'filebrowser.menu.remove.subscription', 'Remove subscrition', 'en-GB');
INSERT INTO OKM_TRANSLATION (TR_MODULE, TR_KEY, TR_TEXT, TR_LANGUAGE) VALUES ('frontend', 'filebrowser.menu.add.bookmark', 'Add bookmark', 'en-GB');
INSERT INTO OKM_TRANSLATION (TR_MODULE, TR_KEY, TR_TEXT, TR_LANGUAGE) VALUES ('frontend', 'filebrowser.menu.set.home', 'Set default home', 'en-GB');
INSERT INTO OKM_TRANSLATION (TR_MODULE, TR_KEY, TR_TEXT, TR_LANGUAGE) VALUES ('frontend', 'filebrowser.menu.refresh', 'Refresh', 'en-GB');
INSERT INTO OKM_TRANSLATION (TR_MODULE, TR_KEY, TR_TEXT, TR_LANGUAGE) VALUES ('frontend', 'filebrowser.menu.export', 'Export to ZIP', 'en-GB');
INSERT INTO OKM_TRANSLATION (TR_MODULE, TR_KEY, TR_TEXT, TR_LANGUAGE) VALUES ('frontend', 'filebrowser.menu.play', 'Play', 'en-GB');
INSERT INTO OKM_TRANSLATION (TR_MODULE, TR_KEY, TR_TEXT, TR_LANGUAGE) VALUES ('frontend', 'filebrowser.menu.image.viewer', 'Image viewer', 'en-GB');
INSERT INTO OKM_TRANSLATION (TR_MODULE, TR_KEY, TR_TEXT, TR_LANGUAGE) VALUES ('frontend', 'filebrowser.status.refresh.folder', 'Updating folder list', 'en-GB');
INSERT INTO OKM_TRANSLATION (TR_MODULE, TR_KEY, TR_TEXT, TR_LANGUAGE) VALUES ('frontend', 'filebrowser.status.refresh.document', 'Updating document list', 'en-GB');
INSERT INTO OKM_TRANSLATION (TR_MODULE, TR_KEY, TR_TEXT, TR_LANGUAGE) VALUES ('frontend', 'filebrowser.status.refresh.mail', 'Updating mail list', 'en-GB');
INSERT INTO OKM_TRANSLATION (TR_MODULE, TR_KEY, TR_TEXT, TR_LANGUAGE) VALUES ('frontend', 'filebrowser.status.refresh.delete.folder', 'Deleting folder', 'en-GB');
INSERT INTO OKM_TRANSLATION (TR_MODULE, TR_KEY, TR_TEXT, TR_LANGUAGE) VALUES ('frontend', 'filebrowser.status.refresh.delete.document', 'Deleting document', 'en-GB');
INSERT INTO OKM_TRANSLATION (TR_MODULE, TR_KEY, TR_TEXT, TR_LANGUAGE) VALUES ('frontend', 'filebrowser.status.refresh.checkout', 'Checking out document', 'en-GB');
INSERT INTO OKM_TRANSLATION (TR_MODULE, TR_KEY, TR_TEXT, TR_LANGUAGE) VALUES ('frontend', 'filebrowser.status.refresh.lock', 'Locking document', 'en-GB');
INSERT INTO OKM_TRANSLATION (TR_MODULE, TR_KEY, TR_TEXT, TR_LANGUAGE) VALUES ('frontend', 'filebrowser.status.refresh.unlock', 'Unlocking document', 'en-GB');
INSERT INTO OKM_TRANSLATION (TR_MODULE, TR_KEY, TR_TEXT, TR_LANGUAGE) VALUES ('frontend', 'filebrowser.status.refresh.document.rename', 'Renaming document', 'en-GB');
INSERT INTO OKM_TRANSLATION (TR_MODULE, TR_KEY, TR_TEXT, TR_LANGUAGE) VALUES ('frontend', 'filebrowser.status.refresh.folder.rename', 'Renaming folder', 'en-GB');
INSERT INTO OKM_TRANSLATION (TR_MODULE, TR_KEY, TR_TEXT, TR_LANGUAGE) VALUES ('frontend', 'filebrowser.status.refresh.document.purge', 'Deleting document', 'en-GB');
INSERT INTO OKM_TRANSLATION (TR_MODULE, TR_KEY, TR_TEXT, TR_LANGUAGE) VALUES ('frontend', 'filebrowser.status.refresh.folder.purge', 'Deleting folder', 'en-GB');
INSERT INTO OKM_TRANSLATION (TR_MODULE, TR_KEY, TR_TEXT, TR_LANGUAGE) VALUES ('frontend', 'filebrowser.status.refresh.folder.get', 'Updating folder', 'en-GB');
INSERT INTO OKM_TRANSLATION (TR_MODULE, TR_KEY, TR_TEXT, TR_LANGUAGE) VALUES ('frontend', 'filebrowser.status.refresh.document.get', 'Updating document', 'en-GB');
INSERT INTO OKM_TRANSLATION (TR_MODULE, TR_KEY, TR_TEXT, TR_LANGUAGE) VALUES ('frontend', 'filebrowser.status.refresh.add.subscription', 'Adding subscription', 'en-GB');
INSERT INTO OKM_TRANSLATION (TR_MODULE, TR_KEY, TR_TEXT, TR_LANGUAGE) VALUES ('frontend', 'filebrowser.status.refresh.remove.subscription', 'Deleting subscription', 'en-GB');
INSERT INTO OKM_TRANSLATION (TR_MODULE, TR_KEY, TR_TEXT, TR_LANGUAGE) VALUES ('frontend', 'filebrowser.status.refresh.get.user.home', 'Getting user home', 'en-GB');
INSERT INTO OKM_TRANSLATION (TR_MODULE, TR_KEY, TR_TEXT, TR_LANGUAGE) VALUES ('frontend', 'filebrowser.status.refresh.delete.mail', 'Deleting mail', 'en-GB');
INSERT INTO OKM_TRANSLATION (TR_MODULE, TR_KEY, TR_TEXT, TR_LANGUAGE) VALUES ('frontend', 'filebrowser.status.refresh.mail.purge', 'Deleting mail', 'en-GB');
INSERT INTO OKM_TRANSLATION (TR_MODULE, TR_KEY, TR_TEXT, TR_LANGUAGE) VALUES ('frontend', 'fileupload.send', 'Send', 'en-GB');
INSERT INTO OKM_TRANSLATION (TR_MODULE, TR_KEY, TR_TEXT, TR_LANGUAGE) VALUES ('frontend', 'fileupload.status.sending', 'Uploading file...', 'en-GB');
INSERT INTO OKM_TRANSLATION (TR_MODULE, TR_KEY, TR_TEXT, TR_LANGUAGE) VALUES ('frontend', 'fileupload.status.indexing', 'Indexing file...', 'en-GB');
INSERT INTO OKM_TRANSLATION (TR_MODULE, TR_KEY, TR_TEXT, TR_LANGUAGE) VALUES ('frontend', 'fileupload.status.ok', 'File uploaded correctly', 'en-GB');
INSERT INTO OKM_TRANSLATION (TR_MODULE, TR_KEY, TR_TEXT, TR_LANGUAGE) VALUES ('frontend', 'fileupload.upload.status', 'Upload status', 'en-GB');
INSERT INTO OKM_TRANSLATION (TR_MODULE, TR_KEY, TR_TEXT, TR_LANGUAGE) VALUES ('frontend', 'fileupload.upload.uploaded', 'Uploaded', 'en-GB');
INSERT INTO OKM_TRANSLATION (TR_MODULE, TR_KEY, TR_TEXT, TR_LANGUAGE) VALUES ('frontend', 'fileupload.upload.completed', 'Upload completed', 'en-GB');
INSERT INTO OKM_TRANSLATION (TR_MODULE, TR_KEY, TR_TEXT, TR_LANGUAGE) VALUES ('frontend', 'fileupload.upload.runtime', 'Runtime', 'en-GB');
INSERT INTO OKM_TRANSLATION (TR_MODULE, TR_KEY, TR_TEXT, TR_LANGUAGE) VALUES ('frontend', 'fileupload.upload.remaining', 'Remaining', 'en-GB');
INSERT INTO OKM_TRANSLATION (TR_MODULE, TR_KEY, TR_TEXT, TR_LANGUAGE) VALUES ('frontend', 'fileupload.button.close', 'Close', 'en-GB');
INSERT INTO OKM_TRANSLATION (TR_MODULE, TR_KEY, TR_TEXT, TR_LANGUAGE) VALUES ('frontend', 'fileupload.button.add.other.file', 'Add another file', 'en-GB');
INSERT INTO OKM_TRANSLATION (TR_MODULE, TR_KEY, TR_TEXT, TR_LANGUAGE) VALUES ('frontend', 'fileupload.status.move.file', 'Moving file...', 'en-GB');
INSERT INTO OKM_TRANSLATION (TR_MODULE, TR_KEY, TR_TEXT, TR_LANGUAGE) VALUES ('frontend', 'fileupload.status.move.mail', 'Moving mail...', 'en-GB');
INSERT INTO OKM_TRANSLATION (TR_MODULE, TR_KEY, TR_TEXT, TR_LANGUAGE) VALUES ('frontend', 'fileupload.status.copy.file', 'Coping file...', 'en-GB');
INSERT INTO OKM_TRANSLATION (TR_MODULE, TR_KEY, TR_TEXT, TR_LANGUAGE) VALUES ('frontend', 'fileupload.status.copy.mail', 'Coping mail...', 'en-GB');
INSERT INTO OKM_TRANSLATION (TR_MODULE, TR_KEY, TR_TEXT, TR_LANGUAGE) VALUES ('frontend', 'fileupload.status.restore.file', 'Restoring file...', 'en-GB');
INSERT INTO OKM_TRANSLATION (TR_MODULE, TR_KEY, TR_TEXT, TR_LANGUAGE) VALUES ('frontend', 'fileupload.status.restore.mail', 'Restoring mail...', 'en-GB');
INSERT INTO OKM_TRANSLATION (TR_MODULE, TR_KEY, TR_TEXT, TR_LANGUAGE) VALUES ('frontend', 'fileupload.status.move.folder', 'Moving folder...', 'en-GB');
INSERT INTO OKM_TRANSLATION (TR_MODULE, TR_KEY, TR_TEXT, TR_LANGUAGE) VALUES ('frontend', 'fileupload.status.copy.folder', 'Coping folder...', 'en-GB');
INSERT INTO OKM_TRANSLATION (TR_MODULE, TR_KEY, TR_TEXT, TR_LANGUAGE) VALUES ('frontend', 'fileupload.status.restore.folder', 'Restoring folder...', 'en-GB');
INSERT INTO OKM_TRANSLATION (TR_MODULE, TR_KEY, TR_TEXT, TR_LANGUAGE) VALUES ('frontend', 'fileupload.status.create.from.template', 'Creating file from template...', 'en-GB');
INSERT INTO OKM_TRANSLATION (TR_MODULE, TR_KEY, TR_TEXT, TR_LANGUAGE) VALUES ('frontend', 'fileupload.status.of', 'of', 'en-GB');
INSERT INTO OKM_TRANSLATION (TR_MODULE, TR_KEY, TR_TEXT, TR_LANGUAGE) VALUES ('frontend', 'fileupload.label.insert', 'Add new documents', 'en-GB');
INSERT INTO OKM_TRANSLATION (TR_MODULE, TR_KEY, TR_TEXT, TR_LANGUAGE) VALUES ('frontend', 'fileupload.label.update', 'Update documents', 'en-GB');
INSERT INTO OKM_TRANSLATION (TR_MODULE, TR_KEY, TR_TEXT, TR_LANGUAGE) VALUES ('frontend', 'fileupload.label.users.notify', 'Notify to users', 'en-GB');
INSERT INTO OKM_TRANSLATION (TR_MODULE, TR_KEY, TR_TEXT, TR_LANGUAGE) VALUES ('frontend', 'fileupload.label.comment', 'Comment', 'en-GB');
INSERT INTO OKM_TRANSLATION (TR_MODULE, TR_KEY, TR_TEXT, TR_LANGUAGE) VALUES ('frontend', 'fileupload.label.users.to.notify', 'Users to notify', 'en-GB');
INSERT INTO OKM_TRANSLATION (TR_MODULE, TR_KEY, TR_TEXT, TR_LANGUAGE) VALUES ('frontend', 'fileupload.label.users', 'Users', 'en-GB');
INSERT INTO OKM_TRANSLATION (TR_MODULE, TR_KEY, TR_TEXT, TR_LANGUAGE) VALUES ('frontend', 'fileupload.label.groups.to.notify', 'Groups to notify', 'en-GB');
INSERT INTO OKM_TRANSLATION (TR_MODULE, TR_KEY, TR_TEXT, TR_LANGUAGE) VALUES ('frontend', 'fileupload.label.groups', 'Groups', 'en-GB');
INSERT INTO OKM_TRANSLATION (TR_MODULE, TR_KEY, TR_TEXT, TR_LANGUAGE) VALUES ('frontend', 'fileupload.label.must.select.users', 'You must select some user to notify', 'en-GB');
INSERT INTO OKM_TRANSLATION (TR_MODULE, TR_KEY, TR_TEXT, TR_LANGUAGE) VALUES ('frontend', 'fileupload.label.importZip', 'Import Documents from ZIP', 'en-GB');
INSERT INTO OKM_TRANSLATION (TR_MODULE, TR_KEY, TR_TEXT, TR_LANGUAGE) VALUES ('frontend', 'fileupload.label.notify.comment', 'Notification message', 'en-GB');
INSERT INTO OKM_TRANSLATION (TR_MODULE, TR_KEY, TR_TEXT, TR_LANGUAGE) VALUES ('frontend', 'fileupload.label.error.importing.zip', 'Error importing file', 'en-GB');
INSERT INTO OKM_TRANSLATION (TR_MODULE, TR_KEY, TR_TEXT, TR_LANGUAGE) VALUES ('frontend', 'fileupload.label.error.move.file', 'Error moving file', 'en-GB');
INSERT INTO OKM_TRANSLATION (TR_MODULE, TR_KEY, TR_TEXT, TR_LANGUAGE) VALUES ('frontend', 'fileupload.label.error.move.mail', 'Error moving mail', 'en-GB');
INSERT INTO OKM_TRANSLATION (TR_MODULE, TR_KEY, TR_TEXT, TR_LANGUAGE) VALUES ('frontend', 'fileupload.label.error.copy.file', 'Error coping file', 'en-GB');
INSERT INTO OKM_TRANSLATION (TR_MODULE, TR_KEY, TR_TEXT, TR_LANGUAGE) VALUES ('frontend', 'fileupload.label.error.copy.mail', 'Error coping mail', 'en-GB');
INSERT INTO OKM_TRANSLATION (TR_MODULE, TR_KEY, TR_TEXT, TR_LANGUAGE) VALUES ('frontend', 'fileupload.label.error.restore.file', 'Error restoring file', 'en-GB');
INSERT INTO OKM_TRANSLATION (TR_MODULE, TR_KEY, TR_TEXT, TR_LANGUAGE) VALUES ('frontend', 'fileupload.label.error.restore.mail', 'Error restoring mail', 'en-GB');
INSERT INTO OKM_TRANSLATION (TR_MODULE, TR_KEY, TR_TEXT, TR_LANGUAGE) VALUES ('frontend', 'fileupload.label.error.move.folder', 'Error moving folder', 'en-GB');
INSERT INTO OKM_TRANSLATION (TR_MODULE, TR_KEY, TR_TEXT, TR_LANGUAGE) VALUES ('frontend', 'fileupload.label.error.copy.folder', 'Error coping folder', 'en-GB');
INSERT INTO OKM_TRANSLATION (TR_MODULE, TR_KEY, TR_TEXT, TR_LANGUAGE) VALUES ('frontend', 'fileupload.label.error.restore.folder', 'Error restoring folder', 'en-GB');
INSERT INTO OKM_TRANSLATION (TR_MODULE, TR_KEY, TR_TEXT, TR_LANGUAGE) VALUES ('frontend', 'fileupload.label.error.create.from.template', 'Error creating file from template', 'en-GB');
INSERT INTO OKM_TRANSLATION (TR_MODULE, TR_KEY, TR_TEXT, TR_LANGUAGE) VALUES ('frontend', 'fileupload.label.error.not.allowed.move.folder.child', 'Not allowed to move on origin or child folder', 'en-GB');
INSERT INTO OKM_TRANSLATION (TR_MODULE, TR_KEY, TR_TEXT, TR_LANGUAGE) VALUES ('frontend', 'fileupload.label.error.not.allowed.copy.same.folder', 'Not allowed to move on origin folder', 'en-GB');
INSERT INTO OKM_TRANSLATION (TR_MODULE, TR_KEY, TR_TEXT, TR_LANGUAGE) VALUES ('frontend', 'fileupload.label.error.not.allowed.create.from.template.same.folder', 'Not allowed to create a file on origin folder', 'en-GB');
INSERT INTO OKM_TRANSLATION (TR_MODULE, TR_KEY, TR_TEXT, TR_LANGUAGE) VALUES ('frontend', 'tab.document.properties', 'Properties', 'en-GB');
INSERT INTO OKM_TRANSLATION (TR_MODULE, TR_KEY, TR_TEXT, TR_LANGUAGE) VALUES ('frontend', 'tab.document.notes', 'Notes', 'en-GB');
INSERT INTO OKM_TRANSLATION (TR_MODULE, TR_KEY, TR_TEXT, TR_LANGUAGE) VALUES ('frontend', 'tab.document.history', 'History', 'en-GB');
INSERT INTO OKM_TRANSLATION (TR_MODULE, TR_KEY, TR_TEXT, TR_LANGUAGE) VALUES ('frontend', 'tab.document.status.history', 'Updating history', 'en-GB');
INSERT INTO OKM_TRANSLATION (TR_MODULE, TR_KEY, TR_TEXT, TR_LANGUAGE) VALUES ('frontend', 'tab.status.security.role', 'Updating security roles', 'en-GB');
INSERT INTO OKM_TRANSLATION (TR_MODULE, TR_KEY, TR_TEXT, TR_LANGUAGE) VALUES ('frontend', 'tab.status.security.user', 'Updating security users', 'en-GB');
INSERT INTO OKM_TRANSLATION (TR_MODULE, TR_KEY, TR_TEXT, TR_LANGUAGE) VALUES ('frontend', 'tab.document.status.group.properties', 'Updating property group', 'en-GB');
INSERT INTO OKM_TRANSLATION (TR_MODULE, TR_KEY, TR_TEXT, TR_LANGUAGE) VALUES ('frontend', 'tab.document.status.set.keywords', 'Setting keywords', 'en-GB');
INSERT INTO OKM_TRANSLATION (TR_MODULE, TR_KEY, TR_TEXT, TR_LANGUAGE) VALUES ('frontend', 'tab.document.status.set.categories', 'Updating categories', 'en-GB');
INSERT INTO OKM_TRANSLATION (TR_MODULE, TR_KEY, TR_TEXT, TR_LANGUAGE) VALUES ('frontend', 'tab.document.status.get.version.history.size', 'Refreshing document history size', 'en-GB');
INSERT INTO OKM_TRANSLATION (TR_MODULE, TR_KEY, TR_TEXT, TR_LANGUAGE) VALUES ('frontend', 'tab.document.status.purge.version.history', 'Compacting document history', 'en-GB');
INSERT INTO OKM_TRANSLATION (TR_MODULE, TR_KEY, TR_TEXT, TR_LANGUAGE) VALUES ('frontend', 'tab.document.status.restore.version', 'Restoring document version', 'en-GB');
INSERT INTO OKM_TRANSLATION (TR_MODULE, TR_KEY, TR_TEXT, TR_LANGUAGE) VALUES ('frontend', 'tab.document.security', 'Security', 'en-GB');
INSERT INTO OKM_TRANSLATION (TR_MODULE, TR_KEY, TR_TEXT, TR_LANGUAGE) VALUES ('frontend', 'tab.document.preview', 'Preview', 'en-GB');
INSERT INTO OKM_TRANSLATION (TR_MODULE, TR_KEY, TR_TEXT, TR_LANGUAGE) VALUES ('frontend', 'tab.folder.properties', 'Properties', 'en-GB');
INSERT INTO OKM_TRANSLATION (TR_MODULE, TR_KEY, TR_TEXT, TR_LANGUAGE) VALUES ('frontend', 'tab.folder.security', 'Security', 'en-GB');
INSERT INTO OKM_TRANSLATION (TR_MODULE, TR_KEY, TR_TEXT, TR_LANGUAGE) VALUES ('frontend', 'tab.folder.notes', 'Notes', 'en-GB');
INSERT INTO OKM_TRANSLATION (TR_MODULE, TR_KEY, TR_TEXT, TR_LANGUAGE) VALUES ('frontend', 'tab.workspace.desktop', 'Desktop', 'en-GB');
INSERT INTO OKM_TRANSLATION (TR_MODULE, TR_KEY, TR_TEXT, TR_LANGUAGE) VALUES ('frontend', 'tab.workspace.search', 'Search', 'en-GB');
INSERT INTO OKM_TRANSLATION (TR_MODULE, TR_KEY, TR_TEXT, TR_LANGUAGE) VALUES ('frontend', 'tab.workspace.dashboard', 'DashBoard', 'en-GB');
INSERT INTO OKM_TRANSLATION (TR_MODULE, TR_KEY, TR_TEXT, TR_LANGUAGE) VALUES ('frontend', 'tab.workspace.administration', 'Administration', 'en-GB');
INSERT INTO OKM_TRANSLATION (TR_MODULE, TR_KEY, TR_TEXT, TR_LANGUAGE) VALUES ('frontend', 'document.uuid', 'UUID', 'en-GB');
INSERT INTO OKM_TRANSLATION (TR_MODULE, TR_KEY, TR_TEXT, TR_LANGUAGE) VALUES ('frontend', 'document.name', 'Name', 'en-GB');
INSERT INTO OKM_TRANSLATION (TR_MODULE, TR_KEY, TR_TEXT, TR_LANGUAGE) VALUES ('frontend', 'document.folder', 'Folder', 'en-GB');
INSERT INTO OKM_TRANSLATION (TR_MODULE, TR_KEY, TR_TEXT, TR_LANGUAGE) VALUES ('frontend', 'document.size', 'Size', 'en-GB');
INSERT INTO OKM_TRANSLATION (TR_MODULE, TR_KEY, TR_TEXT, TR_LANGUAGE) VALUES ('frontend', 'document.created', 'Created', 'en-GB');
INSERT INTO OKM_TRANSLATION (TR_MODULE, TR_KEY, TR_TEXT, TR_LANGUAGE) VALUES ('frontend', 'document.lastmodified', 'Modified', 'en-GB');
INSERT INTO OKM_TRANSLATION (TR_MODULE, TR_KEY, TR_TEXT, TR_LANGUAGE) VALUES ('frontend', 'document.mimetype', 'MIME type', 'en-GB');
INSERT INTO OKM_TRANSLATION (TR_MODULE, TR_KEY, TR_TEXT, TR_LANGUAGE) VALUES ('frontend', 'document.keywords', 'Keywords', 'en-GB');
INSERT INTO OKM_TRANSLATION (TR_MODULE, TR_KEY, TR_TEXT, TR_LANGUAGE) VALUES ('frontend', 'document.by', 'by', 'en-GB');
INSERT INTO OKM_TRANSLATION (TR_MODULE, TR_KEY, TR_TEXT, TR_LANGUAGE) VALUES ('frontend', 'document.status', 'Status', 'en-GB');
INSERT INTO OKM_TRANSLATION (TR_MODULE, TR_KEY, TR_TEXT, TR_LANGUAGE) VALUES ('frontend', 'document.status.checkout', 'Edited by', 'en-GB');
INSERT INTO OKM_TRANSLATION (TR_MODULE, TR_KEY, TR_TEXT, TR_LANGUAGE) VALUES ('frontend', 'document.status.locked', 'Locked by', 'en-GB');
INSERT INTO OKM_TRANSLATION (TR_MODULE, TR_KEY, TR_TEXT, TR_LANGUAGE) VALUES ('frontend', 'document.status.normal', 'Available', 'en-GB');
INSERT INTO OKM_TRANSLATION (TR_MODULE, TR_KEY, TR_TEXT, TR_LANGUAGE) VALUES ('frontend', 'document.subscribed', 'Subscribed', 'en-GB');
INSERT INTO OKM_TRANSLATION (TR_MODULE, TR_KEY, TR_TEXT, TR_LANGUAGE) VALUES ('frontend', 'document.subscribed.yes', 'Yes', 'en-GB');
INSERT INTO OKM_TRANSLATION (TR_MODULE, TR_KEY, TR_TEXT, TR_LANGUAGE) VALUES ('frontend', 'document.subscribed.no', 'No', 'en-GB');
INSERT INTO OKM_TRANSLATION (TR_MODULE, TR_KEY, TR_TEXT, TR_LANGUAGE) VALUES ('frontend', 'document.history.size', 'History size', 'en-GB');
INSERT INTO OKM_TRANSLATION (TR_MODULE, TR_KEY, TR_TEXT, TR_LANGUAGE) VALUES ('frontend', 'document.subscribed.users', 'Subscribed users', 'en-GB');
INSERT INTO OKM_TRANSLATION (TR_MODULE, TR_KEY, TR_TEXT, TR_LANGUAGE) VALUES ('frontend', 'document.url', 'URL', 'en-GB');
INSERT INTO OKM_TRANSLATION (TR_MODULE, TR_KEY, TR_TEXT, TR_LANGUAGE) VALUES ('frontend', 'document.webdav', 'WebDAV', 'en-GB');
INSERT INTO OKM_TRANSLATION (TR_MODULE, TR_KEY, TR_TEXT, TR_LANGUAGE) VALUES ('frontend', 'document.add.note', 'Add note', 'en-GB');
INSERT INTO OKM_TRANSLATION (TR_MODULE, TR_KEY, TR_TEXT, TR_LANGUAGE) VALUES ('frontend', 'document.keywords.cloud', 'Keywords cloud', 'en-GB');
INSERT INTO OKM_TRANSLATION (TR_MODULE, TR_KEY, TR_TEXT, TR_LANGUAGE) VALUES ('frontend', 'document.categories', 'Categories', 'en-GB');
INSERT INTO OKM_TRANSLATION (TR_MODULE, TR_KEY, TR_TEXT, TR_LANGUAGE) VALUES ('frontend', 'folder.uuid', 'UUID', 'en-GB');
INSERT INTO OKM_TRANSLATION (TR_MODULE, TR_KEY, TR_TEXT, TR_LANGUAGE) VALUES ('frontend', 'folder.name', 'Name', 'en-GB');
INSERT INTO OKM_TRANSLATION (TR_MODULE, TR_KEY, TR_TEXT, TR_LANGUAGE) VALUES ('frontend', 'folder.parent', 'Parent', 'en-GB');
INSERT INTO OKM_TRANSLATION (TR_MODULE, TR_KEY, TR_TEXT, TR_LANGUAGE) VALUES ('frontend', 'folder.created', 'Created', 'en-GB');
INSERT INTO OKM_TRANSLATION (TR_MODULE, TR_KEY, TR_TEXT, TR_LANGUAGE) VALUES ('frontend', 'folder.by', 'by', 'en-GB');
INSERT INTO OKM_TRANSLATION (TR_MODULE, TR_KEY, TR_TEXT, TR_LANGUAGE) VALUES ('frontend', 'folder.subscribed', 'Subscribed', 'en-GB');
INSERT INTO OKM_TRANSLATION (TR_MODULE, TR_KEY, TR_TEXT, TR_LANGUAGE) VALUES ('frontend', 'folder.subscribed.yes', 'Yes', 'en-GB');
INSERT INTO OKM_TRANSLATION (TR_MODULE, TR_KEY, TR_TEXT, TR_LANGUAGE) VALUES ('frontend', 'folder.subscribed.no', 'No', 'en-GB');
INSERT INTO OKM_TRANSLATION (TR_MODULE, TR_KEY, TR_TEXT, TR_LANGUAGE) VALUES ('frontend', 'folder.subscribed.users', 'Subscribed users', 'en-GB');
INSERT INTO OKM_TRANSLATION (TR_MODULE, TR_KEY, TR_TEXT, TR_LANGUAGE) VALUES ('frontend', 'folder.url', 'URL', 'en-GB');
INSERT INTO OKM_TRANSLATION (TR_MODULE, TR_KEY, TR_TEXT, TR_LANGUAGE) VALUES ('frontend', 'folder.webdav', 'WebDAV', 'en-GB');
INSERT INTO OKM_TRANSLATION (TR_MODULE, TR_KEY, TR_TEXT, TR_LANGUAGE) VALUES ('frontend', 'folder.number.folders', 'Folders', 'en-GB');
INSERT INTO OKM_TRANSLATION (TR_MODULE, TR_KEY, TR_TEXT, TR_LANGUAGE) VALUES ('frontend', 'folder.number.documents', 'Documents', 'en-GB');
INSERT INTO OKM_TRANSLATION (TR_MODULE, TR_KEY, TR_TEXT, TR_LANGUAGE) VALUES ('frontend', 'folder.number.mails', 'Mails', 'en-GB');
INSERT INTO OKM_TRANSLATION (TR_MODULE, TR_KEY, TR_TEXT, TR_LANGUAGE) VALUES ('frontend', 'version.name', 'Version', 'en-GB');
INSERT INTO OKM_TRANSLATION (TR_MODULE, TR_KEY, TR_TEXT, TR_LANGUAGE) VALUES ('frontend', 'version.created', 'Date', 'en-GB');
INSERT INTO OKM_TRANSLATION (TR_MODULE, TR_KEY, TR_TEXT, TR_LANGUAGE) VALUES ('frontend', 'version.author', 'Author', 'en-GB');
INSERT INTO OKM_TRANSLATION (TR_MODULE, TR_KEY, TR_TEXT, TR_LANGUAGE) VALUES ('frontend', 'version.size', 'Size', 'en-GB');
INSERT INTO OKM_TRANSLATION (TR_MODULE, TR_KEY, TR_TEXT, TR_LANGUAGE) VALUES ('frontend', 'version.purge.document', 'Compact history', 'en-GB');
INSERT INTO OKM_TRANSLATION (TR_MODULE, TR_KEY, TR_TEXT, TR_LANGUAGE) VALUES ('frontend', 'version.comment', 'Comment', 'en-GB');
INSERT INTO OKM_TRANSLATION (TR_MODULE, TR_KEY, TR_TEXT, TR_LANGUAGE) VALUES ('frontend', 'security.label', 'Security', 'en-GB');
INSERT INTO OKM_TRANSLATION (TR_MODULE, TR_KEY, TR_TEXT, TR_LANGUAGE) VALUES ('frontend', 'security.group.name', 'Group', 'en-GB');
INSERT INTO OKM_TRANSLATION (TR_MODULE, TR_KEY, TR_TEXT, TR_LANGUAGE) VALUES ('frontend', 'security.group.permission.read', 'Read', 'en-GB');
INSERT INTO OKM_TRANSLATION (TR_MODULE, TR_KEY, TR_TEXT, TR_LANGUAGE) VALUES ('frontend', 'security.group.permission.write', 'Write', 'en-GB');
INSERT INTO OKM_TRANSLATION (TR_MODULE, TR_KEY, TR_TEXT, TR_LANGUAGE) VALUES ('frontend', 'security.group.permission.delete', 'Delete', 'en-GB');
INSERT INTO OKM_TRANSLATION (TR_MODULE, TR_KEY, TR_TEXT, TR_LANGUAGE) VALUES ('frontend', 'security.group.permission.security', 'Security', 'en-GB');
INSERT INTO OKM_TRANSLATION (TR_MODULE, TR_KEY, TR_TEXT, TR_LANGUAGE) VALUES ('frontend', 'security.user.name', 'User', 'en-GB');
INSERT INTO OKM_TRANSLATION (TR_MODULE, TR_KEY, TR_TEXT, TR_LANGUAGE) VALUES ('frontend', 'security.user.permission.read', 'Read', 'en-GB');
INSERT INTO OKM_TRANSLATION (TR_MODULE, TR_KEY, TR_TEXT, TR_LANGUAGE) VALUES ('frontend', 'security.user.permission.write', 'Write', 'en-GB');
INSERT INTO OKM_TRANSLATION (TR_MODULE, TR_KEY, TR_TEXT, TR_LANGUAGE) VALUES ('frontend', 'security.user.permission.delete', 'Delete', 'en-GB');
INSERT INTO OKM_TRANSLATION (TR_MODULE, TR_KEY, TR_TEXT, TR_LANGUAGE) VALUES ('frontend', 'security.user.permission.security', 'Security', 'en-GB');
INSERT INTO OKM_TRANSLATION (TR_MODULE, TR_KEY, TR_TEXT, TR_LANGUAGE) VALUES ('frontend', 'security.users', 'Users', 'en-GB');
INSERT INTO OKM_TRANSLATION (TR_MODULE, TR_KEY, TR_TEXT, TR_LANGUAGE) VALUES ('frontend', 'security.groups', 'Groups', 'en-GB');
INSERT INTO OKM_TRANSLATION (TR_MODULE, TR_KEY, TR_TEXT, TR_LANGUAGE) VALUES ('frontend', 'security.recursive', 'Recursive permission changes', 'en-GB');
INSERT INTO OKM_TRANSLATION (TR_MODULE, TR_KEY, TR_TEXT, TR_LANGUAGE) VALUES ('frontend', 'secutiry.filter.by.users', 'Users filter', 'en-GB');
INSERT INTO OKM_TRANSLATION (TR_MODULE, TR_KEY, TR_TEXT, TR_LANGUAGE) VALUES ('frontend', 'secutiry.filter.by.groups', 'Groups filter', 'en-GB');
INSERT INTO OKM_TRANSLATION (TR_MODULE, TR_KEY, TR_TEXT, TR_LANGUAGE) VALUES ('frontend', 'security.status.updating', 'Updating security', 'en-GB');
INSERT INTO OKM_TRANSLATION (TR_MODULE, TR_KEY, TR_TEXT, TR_LANGUAGE) VALUES ('frontend', 'preview.unavailable', 'Preview unavailable', 'en-GB');
INSERT INTO OKM_TRANSLATION (TR_MODULE, TR_KEY, TR_TEXT, TR_LANGUAGE) VALUES ('frontend', 'mail.from', 'From', 'en-GB');
INSERT INTO OKM_TRANSLATION (TR_MODULE, TR_KEY, TR_TEXT, TR_LANGUAGE) VALUES ('frontend', 'mail.reply', 'Reply to', 'en-GB');
INSERT INTO OKM_TRANSLATION (TR_MODULE, TR_KEY, TR_TEXT, TR_LANGUAGE) VALUES ('frontend', 'mail.to', 'To', 'en-GB');
INSERT INTO OKM_TRANSLATION (TR_MODULE, TR_KEY, TR_TEXT, TR_LANGUAGE) VALUES ('frontend', 'mail.subject', 'Subject', 'en-GB');
INSERT INTO OKM_TRANSLATION (TR_MODULE, TR_KEY, TR_TEXT, TR_LANGUAGE) VALUES ('frontend', 'mail.attachment', 'Attachments', 'en-GB');
INSERT INTO OKM_TRANSLATION (TR_MODULE, TR_KEY, TR_TEXT, TR_LANGUAGE) VALUES ('frontend', 'error.label', 'The system has generated an error', 'en-GB');
INSERT INTO OKM_TRANSLATION (TR_MODULE, TR_KEY, TR_TEXT, TR_LANGUAGE) VALUES ('frontend', 'error.invocation', 'Error when communicating with server', 'en-GB');
INSERT INTO OKM_TRANSLATION (TR_MODULE, TR_KEY, TR_TEXT, TR_LANGUAGE) VALUES ('frontend', 'about.label', 'About OpenKM', 'en-GB');
INSERT INTO OKM_TRANSLATION (TR_MODULE, TR_KEY, TR_TEXT, TR_LANGUAGE) VALUES ('frontend', 'about.loading', 'Loading ...', 'en-GB');
INSERT INTO OKM_TRANSLATION (TR_MODULE, TR_KEY, TR_TEXT, TR_LANGUAGE) VALUES ('frontend', 'logout.label', 'Exit', 'en-GB');
INSERT INTO OKM_TRANSLATION (TR_MODULE, TR_KEY, TR_TEXT, TR_LANGUAGE) VALUES ('frontend', 'logout.closed', 'OpenKM has been closed correctly.', 'en-GB');
INSERT INTO OKM_TRANSLATION (TR_MODULE, TR_KEY, TR_TEXT, TR_LANGUAGE) VALUES ('frontend', 'logout.logout', 'OpenKM is logging out,  please wait', 'en-GB');
INSERT INTO OKM_TRANSLATION (TR_MODULE, TR_KEY, TR_TEXT, TR_LANGUAGE) VALUES ('frontend', 'confirm.label', 'Confirmation', 'en-GB');
INSERT INTO OKM_TRANSLATION (TR_MODULE, TR_KEY, TR_TEXT, TR_LANGUAGE) VALUES ('frontend', 'confirm.delete.folder', 'Do you really want to delete folder ?', 'en-GB');
INSERT INTO OKM_TRANSLATION (TR_MODULE, TR_KEY, TR_TEXT, TR_LANGUAGE) VALUES ('frontend', 'confirm.delete.document', 'Do you really want to delete document ?', 'en-GB');
INSERT INTO OKM_TRANSLATION (TR_MODULE, TR_KEY, TR_TEXT, TR_LANGUAGE) VALUES ('frontend', 'confirm.delete.trash', 'Do you really want to empty trash ?', 'en-GB');
INSERT INTO OKM_TRANSLATION (TR_MODULE, TR_KEY, TR_TEXT, TR_LANGUAGE) VALUES ('frontend', 'confirm.purge.folder', 'Do you really want to delete folder ?', 'en-GB');
INSERT INTO OKM_TRANSLATION (TR_MODULE, TR_KEY, TR_TEXT, TR_LANGUAGE) VALUES ('frontend', 'confirm.purge.document', 'Do you really want to delete document ?', 'en-GB');
INSERT INTO OKM_TRANSLATION (TR_MODULE, TR_KEY, TR_TEXT, TR_LANGUAGE) VALUES ('frontend', 'confirm.delete.propety.group', 'Do you really want to delete property group ?', 'en-GB');
INSERT INTO OKM_TRANSLATION (TR_MODULE, TR_KEY, TR_TEXT, TR_LANGUAGE) VALUES ('frontend', 'confirm.purge.version.history.document', 'Do you really want to delete document history ?', 'en-GB');
INSERT INTO OKM_TRANSLATION (TR_MODULE, TR_KEY, TR_TEXT, TR_LANGUAGE) VALUES ('frontend', 'confirm.purge.restore.document', 'Do you really want to restore to this document version ?', 'en-GB');
INSERT INTO OKM_TRANSLATION (TR_MODULE, TR_KEY, TR_TEXT, TR_LANGUAGE) VALUES ('frontend', 'confirm.set.default.home', 'Do you really want to set default home ?', 'en-GB');
INSERT INTO OKM_TRANSLATION (TR_MODULE, TR_KEY, TR_TEXT, TR_LANGUAGE) VALUES ('frontend', 'confirm.delete.saved.search', 'Do you really want to delete saved search ?', 'en-GB');
INSERT INTO OKM_TRANSLATION (TR_MODULE, TR_KEY, TR_TEXT, TR_LANGUAGE) VALUES ('frontend', 'confirm.delete.user.news', 'Do you really want to delete user news ?', 'en-GB');
INSERT INTO OKM_TRANSLATION (TR_MODULE, TR_KEY, TR_TEXT, TR_LANGUAGE) VALUES ('frontend', 'confirm.delete.mail', 'Do you really want to delete mail ?', 'en-GB');
INSERT INTO OKM_TRANSLATION (TR_MODULE, TR_KEY, TR_TEXT, TR_LANGUAGE) VALUES ('frontend', 'confirm.get.pooled.workflow.task', 'Do you want to assign this task to you ?', 'en-GB');
INSERT INTO OKM_TRANSLATION (TR_MODULE, TR_KEY, TR_TEXT, TR_LANGUAGE) VALUES ('frontend', 'confirm.force.unlock', 'Do you really want to force the document unlock ?', 'en-GB');
INSERT INTO OKM_TRANSLATION (TR_MODULE, TR_KEY, TR_TEXT, TR_LANGUAGE) VALUES ('frontend', 'confirm.force.cancel.checkout', 'Do you really want to force the document cancel checkout ?', 'en-GB');
INSERT INTO OKM_TRANSLATION (TR_MODULE, TR_KEY, TR_TEXT, TR_LANGUAGE) VALUES ('frontend', 'search.context', 'Context', 'en-GB');
INSERT INTO OKM_TRANSLATION (TR_MODULE, TR_KEY, TR_TEXT, TR_LANGUAGE) VALUES ('frontend', 'search.content', 'Content', 'en-GB');
INSERT INTO OKM_TRANSLATION (TR_MODULE, TR_KEY, TR_TEXT, TR_LANGUAGE) VALUES ('frontend', 'search.name', 'Name', 'en-GB');
INSERT INTO OKM_TRANSLATION (TR_MODULE, TR_KEY, TR_TEXT, TR_LANGUAGE) VALUES ('frontend', 'search.keywords', 'Keywords', 'en-GB');
INSERT INTO OKM_TRANSLATION (TR_MODULE, TR_KEY, TR_TEXT, TR_LANGUAGE) VALUES ('frontend', 'search.folder', 'Folder', 'en-GB');
INSERT INTO OKM_TRANSLATION (TR_MODULE, TR_KEY, TR_TEXT, TR_LANGUAGE) VALUES ('frontend', 'search.category', 'Category', 'en-GB');
INSERT INTO OKM_TRANSLATION (TR_MODULE, TR_KEY, TR_TEXT, TR_LANGUAGE) VALUES ('frontend', 'search.results', 'Results', 'en-GB');
INSERT INTO OKM_TRANSLATION (TR_MODULE, TR_KEY, TR_TEXT, TR_LANGUAGE) VALUES ('frontend', 'search.to', 'to', 'en-GB');
INSERT INTO OKM_TRANSLATION (TR_MODULE, TR_KEY, TR_TEXT, TR_LANGUAGE) VALUES ('frontend', 'search.page.results', 'Page results', 'en-GB');
INSERT INTO OKM_TRANSLATION (TR_MODULE, TR_KEY, TR_TEXT, TR_LANGUAGE) VALUES ('frontend', 'search.add.property.group', 'Add property group', 'en-GB');
INSERT INTO OKM_TRANSLATION (TR_MODULE, TR_KEY, TR_TEXT, TR_LANGUAGE) VALUES ('frontend', 'search.mimetype', 'Mime type', 'en-GB');
INSERT INTO OKM_TRANSLATION (TR_MODULE, TR_KEY, TR_TEXT, TR_LANGUAGE) VALUES ('frontend', 'search.type', 'Type', 'en-GB');
INSERT INTO OKM_TRANSLATION (TR_MODULE, TR_KEY, TR_TEXT, TR_LANGUAGE) VALUES ('frontend', 'search.type.document', 'Document', 'en-GB');
INSERT INTO OKM_TRANSLATION (TR_MODULE, TR_KEY, TR_TEXT, TR_LANGUAGE) VALUES ('frontend', 'search.type.folder', 'Folder', 'en-GB');
INSERT INTO OKM_TRANSLATION (TR_MODULE, TR_KEY, TR_TEXT, TR_LANGUAGE) VALUES ('frontend', 'search.type.mail', 'Mail', 'en-GB');
INSERT INTO OKM_TRANSLATION (TR_MODULE, TR_KEY, TR_TEXT, TR_LANGUAGE) VALUES ('frontend', 'search.advanced', 'Advanced search', 'en-GB');
INSERT INTO OKM_TRANSLATION (TR_MODULE, TR_KEY, TR_TEXT, TR_LANGUAGE) VALUES ('frontend', 'search.user', 'User', 'en-GB');
INSERT INTO OKM_TRANSLATION (TR_MODULE, TR_KEY, TR_TEXT, TR_LANGUAGE) VALUES ('frontend', 'search.date.and', 'and', 'en-GB');
INSERT INTO OKM_TRANSLATION (TR_MODULE, TR_KEY, TR_TEXT, TR_LANGUAGE) VALUES ('frontend', 'search.date.range', 'Date range between', 'en-GB');
INSERT INTO OKM_TRANSLATION (TR_MODULE, TR_KEY, TR_TEXT, TR_LANGUAGE) VALUES ('frontend', 'search.save.as.news', 'Save as user news', 'en-GB');
INSERT INTO OKM_TRANSLATION (TR_MODULE, TR_KEY, TR_TEXT, TR_LANGUAGE) VALUES ('frontend', 'search.folder.filter', 'Filter by folder', 'en-GB');
INSERT INTO OKM_TRANSLATION (TR_MODULE, TR_KEY, TR_TEXT, TR_LANGUAGE) VALUES ('frontend', 'search.category.filter', 'Filter by category', 'en-GB');
INSERT INTO OKM_TRANSLATION (TR_MODULE, TR_KEY, TR_TEXT, TR_LANGUAGE) VALUES ('frontend', 'search.result.name', 'Name', 'en-GB');
INSERT INTO OKM_TRANSLATION (TR_MODULE, TR_KEY, TR_TEXT, TR_LANGUAGE) VALUES ('frontend', 'search.result.score', 'Relevance', 'en-GB');
INSERT INTO OKM_TRANSLATION (TR_MODULE, TR_KEY, TR_TEXT, TR_LANGUAGE) VALUES ('frontend', 'search.result.size', 'Size', 'en-GB');
INSERT INTO OKM_TRANSLATION (TR_MODULE, TR_KEY, TR_TEXT, TR_LANGUAGE) VALUES ('frontend', 'search.result.date.update', 'Update date', 'en-GB');
INSERT INTO OKM_TRANSLATION (TR_MODULE, TR_KEY, TR_TEXT, TR_LANGUAGE) VALUES ('frontend', 'search.result.author', 'Author', 'en-GB');
INSERT INTO OKM_TRANSLATION (TR_MODULE, TR_KEY, TR_TEXT, TR_LANGUAGE) VALUES ('frontend', 'search.result.version', 'Version', 'en-GB');
INSERT INTO OKM_TRANSLATION (TR_MODULE, TR_KEY, TR_TEXT, TR_LANGUAGE) VALUES ('frontend', 'search.result.path', 'Path', 'en-GB');
INSERT INTO OKM_TRANSLATION (TR_MODULE, TR_KEY, TR_TEXT, TR_LANGUAGE) VALUES ('frontend', 'search.result.menu.download', 'Download', 'en-GB');
INSERT INTO OKM_TRANSLATION (TR_MODULE, TR_KEY, TR_TEXT, TR_LANGUAGE) VALUES ('frontend', 'search.result.menu.go.folder', 'Go to folder', 'en-GB');
INSERT INTO OKM_TRANSLATION (TR_MODULE, TR_KEY, TR_TEXT, TR_LANGUAGE) VALUES ('frontend', 'search.result.menu.go.document', 'Go to document', 'en-GB');
INSERT INTO OKM_TRANSLATION (TR_MODULE, TR_KEY, TR_TEXT, TR_LANGUAGE) VALUES ('frontend', 'search.result.status.findPaginated', 'Updating search', 'en-GB');
INSERT INTO OKM_TRANSLATION (TR_MODULE, TR_KEY, TR_TEXT, TR_LANGUAGE) VALUES ('frontend', 'search.result.status.runsearch', 'Updating saved search', 'en-GB');
INSERT INTO OKM_TRANSLATION (TR_MODULE, TR_KEY, TR_TEXT, TR_LANGUAGE) VALUES ('frontend', 'search.saved.run', 'Run', 'en-GB');
INSERT INTO OKM_TRANSLATION (TR_MODULE, TR_KEY, TR_TEXT, TR_LANGUAGE) VALUES ('frontend', 'search.saved.delete', 'Delete', 'en-GB');
INSERT INTO OKM_TRANSLATION (TR_MODULE, TR_KEY, TR_TEXT, TR_LANGUAGE) VALUES ('frontend', 'search.saved.status.getsearchs', 'Refreshing saved searches', 'en-GB');
INSERT INTO OKM_TRANSLATION (TR_MODULE, TR_KEY, TR_TEXT, TR_LANGUAGE) VALUES ('frontend', 'search.saved.status.savesearch', 'Updating save search', 'en-GB');
INSERT INTO OKM_TRANSLATION (TR_MODULE, TR_KEY, TR_TEXT, TR_LANGUAGE) VALUES ('frontend', 'search.saved.status.deletesearch', 'Deleting saved search', 'en-GB');
INSERT INTO OKM_TRANSLATION (TR_MODULE, TR_KEY, TR_TEXT, TR_LANGUAGE) VALUES ('frontend', 'search.saved.status.getusernews', 'Refreshing user news', 'en-GB');
INSERT INTO OKM_TRANSLATION (TR_MODULE, TR_KEY, TR_TEXT, TR_LANGUAGE) VALUES ('frontend', 'button.close', 'Close', 'en-GB');
INSERT INTO OKM_TRANSLATION (TR_MODULE, TR_KEY, TR_TEXT, TR_LANGUAGE) VALUES ('frontend', 'button.logout', 'Logout', 'en-GB');
INSERT INTO OKM_TRANSLATION (TR_MODULE, TR_KEY, TR_TEXT, TR_LANGUAGE) VALUES ('frontend', 'button.update', 'Update', 'en-GB');
INSERT INTO OKM_TRANSLATION (TR_MODULE, TR_KEY, TR_TEXT, TR_LANGUAGE) VALUES ('frontend', 'button.cancel', 'Cancel', 'en-GB');
INSERT INTO OKM_TRANSLATION (TR_MODULE, TR_KEY, TR_TEXT, TR_LANGUAGE) VALUES ('frontend', 'button.accept', 'Accept', 'en-GB');
INSERT INTO OKM_TRANSLATION (TR_MODULE, TR_KEY, TR_TEXT, TR_LANGUAGE) VALUES ('frontend', 'button.restore', 'Restore', 'en-GB');
INSERT INTO OKM_TRANSLATION (TR_MODULE, TR_KEY, TR_TEXT, TR_LANGUAGE) VALUES ('frontend', 'button.move', 'Move', 'en-GB');
INSERT INTO OKM_TRANSLATION (TR_MODULE, TR_KEY, TR_TEXT, TR_LANGUAGE) VALUES ('frontend', 'button.change', 'Change', 'en-GB');
INSERT INTO OKM_TRANSLATION (TR_MODULE, TR_KEY, TR_TEXT, TR_LANGUAGE) VALUES ('frontend', 'button.search', 'Search', 'en-GB');
INSERT INTO OKM_TRANSLATION (TR_MODULE, TR_KEY, TR_TEXT, TR_LANGUAGE) VALUES ('frontend', 'button.save.search', 'Save search', 'en-GB');
INSERT INTO OKM_TRANSLATION (TR_MODULE, TR_KEY, TR_TEXT, TR_LANGUAGE) VALUES ('frontend', 'button.view', 'View', 'en-GB');
INSERT INTO OKM_TRANSLATION (TR_MODULE, TR_KEY, TR_TEXT, TR_LANGUAGE) VALUES ('frontend', 'button.clean', 'Clean', 'en-GB');
INSERT INTO OKM_TRANSLATION (TR_MODULE, TR_KEY, TR_TEXT, TR_LANGUAGE) VALUES ('frontend', 'button.add', 'Add', 'en-GB');
INSERT INTO OKM_TRANSLATION (TR_MODULE, TR_KEY, TR_TEXT, TR_LANGUAGE) VALUES ('frontend', 'button.delete', 'Delete', 'en-GB');
INSERT INTO OKM_TRANSLATION (TR_MODULE, TR_KEY, TR_TEXT, TR_LANGUAGE) VALUES ('frontend', 'button.copy', 'Copy', 'en-GB');
INSERT INTO OKM_TRANSLATION (TR_MODULE, TR_KEY, TR_TEXT, TR_LANGUAGE) VALUES ('frontend', 'button.create', 'Create', 'en-GB');
INSERT INTO OKM_TRANSLATION (TR_MODULE, TR_KEY, TR_TEXT, TR_LANGUAGE) VALUES ('frontend', 'button.show', 'Show', 'en-GB');
INSERT INTO OKM_TRANSLATION (TR_MODULE, TR_KEY, TR_TEXT, TR_LANGUAGE) VALUES ('frontend', 'button.memory', 'Update', 'en-GB');
INSERT INTO OKM_TRANSLATION (TR_MODULE, TR_KEY, TR_TEXT, TR_LANGUAGE) VALUES ('frontend', 'button.copy.clipboard', 'Copy to clipboard', 'en-GB');
INSERT INTO OKM_TRANSLATION (TR_MODULE, TR_KEY, TR_TEXT, TR_LANGUAGE) VALUES ('frontend', 'button.start', 'Start', 'en-GB');
INSERT INTO OKM_TRANSLATION (TR_MODULE, TR_KEY, TR_TEXT, TR_LANGUAGE) VALUES ('frontend', 'button.select', 'Select', 'en-GB');
INSERT INTO OKM_TRANSLATION (TR_MODULE, TR_KEY, TR_TEXT, TR_LANGUAGE) VALUES ('frontend', 'button.test', 'Test', 'en-GB');
INSERT INTO OKM_TRANSLATION (TR_MODULE, TR_KEY, TR_TEXT, TR_LANGUAGE) VALUES ('frontend', 'button.next', 'Next', 'en-GB');
INSERT INTO OKM_TRANSLATION (TR_MODULE, TR_KEY, TR_TEXT, TR_LANGUAGE) VALUES ('frontend', 'group.label', 'Add property group', 'en-GB');
INSERT INTO OKM_TRANSLATION (TR_MODULE, TR_KEY, TR_TEXT, TR_LANGUAGE) VALUES ('frontend', 'group.group', 'Group', 'en-GB');
INSERT INTO OKM_TRANSLATION (TR_MODULE, TR_KEY, TR_TEXT, TR_LANGUAGE) VALUES ('frontend', 'group.property.group', 'Propertygeneral.menu.file.scanner, Scanner', 'en-GB');
INSERT INTO OKM_TRANSLATION (TR_MODULE, TR_KEY, TR_TEXT, TR_LANGUAGE) VALUES ('frontend', 'bookmark.label', 'Add bookmark', 'en-GB');
INSERT INTO OKM_TRANSLATION (TR_MODULE, TR_KEY, TR_TEXT, TR_LANGUAGE) VALUES ('frontend', 'bookmark.name', 'Name', 'en-GB');
INSERT INTO OKM_TRANSLATION (TR_MODULE, TR_KEY, TR_TEXT, TR_LANGUAGE) VALUES ('frontend', 'bookmark.edit.label', 'Edit bookmarks', 'en-GB');
INSERT INTO OKM_TRANSLATION (TR_MODULE, TR_KEY, TR_TEXT, TR_LANGUAGE) VALUES ('frontend', 'bookmark.path', 'Path', 'en-GB');
INSERT INTO OKM_TRANSLATION (TR_MODULE, TR_KEY, TR_TEXT, TR_LANGUAGE) VALUES ('frontend', 'bookmark.type', 'Type', 'en-GB');
INSERT INTO OKM_TRANSLATION (TR_MODULE, TR_KEY, TR_TEXT, TR_LANGUAGE) VALUES ('frontend', 'bookmark.type.document', 'Document', 'en-GB');
INSERT INTO OKM_TRANSLATION (TR_MODULE, TR_KEY, TR_TEXT, TR_LANGUAGE) VALUES ('frontend', 'bookmark.type.folder', 'Folder', 'en-GB');
INSERT INTO OKM_TRANSLATION (TR_MODULE, TR_KEY, TR_TEXT, TR_LANGUAGE) VALUES ('frontend', 'notify.label', 'Sending document link', 'en-GB');
INSERT INTO OKM_TRANSLATION (TR_MODULE, TR_KEY, TR_TEXT, TR_LANGUAGE) VALUES ('frontend', 'notify.label.attachment', 'Send document attachment', 'en-GB');
INSERT INTO OKM_TRANSLATION (TR_MODULE, TR_KEY, TR_TEXT, TR_LANGUAGE) VALUES ('frontend', 'status.document.copied', 'Document marked to copy', 'en-GB');
INSERT INTO OKM_TRANSLATION (TR_MODULE, TR_KEY, TR_TEXT, TR_LANGUAGE) VALUES ('frontend', 'status.document.cut', 'Document market to cut', 'en-GB');
INSERT INTO OKM_TRANSLATION (TR_MODULE, TR_KEY, TR_TEXT, TR_LANGUAGE) VALUES ('frontend', 'status.folder.copied', 'Folder marked to copy', 'en-GB');
INSERT INTO OKM_TRANSLATION (TR_MODULE, TR_KEY, TR_TEXT, TR_LANGUAGE) VALUES ('frontend', 'status.folder.cut', 'Folder market to cut', 'en-GB');
INSERT INTO OKM_TRANSLATION (TR_MODULE, TR_KEY, TR_TEXT, TR_LANGUAGE) VALUES ('frontend', 'status.keep.alive.error', 'Detected lost connection to server (keep alive)', 'en-GB');
INSERT INTO OKM_TRANSLATION (TR_MODULE, TR_KEY, TR_TEXT, TR_LANGUAGE) VALUES ('frontend', 'status.debug.enabled', 'Debug enabled', 'en-GB');
INSERT INTO OKM_TRANSLATION (TR_MODULE, TR_KEY, TR_TEXT, TR_LANGUAGE) VALUES ('frontend', 'status.debug.disabled', 'Debug disabled', 'en-GB');
INSERT INTO OKM_TRANSLATION (TR_MODULE, TR_KEY, TR_TEXT, TR_LANGUAGE) VALUES ('frontend', 'status.network.error.detected', 'Network error detected', 'en-GB');
INSERT INTO OKM_TRANSLATION (TR_MODULE, TR_KEY, TR_TEXT, TR_LANGUAGE) VALUES ('frontend', 'calendar.day.sunday', 'Sunday', 'en-GB');
INSERT INTO OKM_TRANSLATION (TR_MODULE, TR_KEY, TR_TEXT, TR_LANGUAGE) VALUES ('frontend', 'calendar.day.monday', 'Monday', 'en-GB');
INSERT INTO OKM_TRANSLATION (TR_MODULE, TR_KEY, TR_TEXT, TR_LANGUAGE) VALUES ('frontend', 'calendar.day.tuesday', 'Tuesday', 'en-GB');
INSERT INTO OKM_TRANSLATION (TR_MODULE, TR_KEY, TR_TEXT, TR_LANGUAGE) VALUES ('frontend', 'calendar.day.wednesday', 'Wednesday', 'en-GB');
INSERT INTO OKM_TRANSLATION (TR_MODULE, TR_KEY, TR_TEXT, TR_LANGUAGE) VALUES ('frontend', 'calendar.day.thursday', 'Thursday', 'en-GB');
INSERT INTO OKM_TRANSLATION (TR_MODULE, TR_KEY, TR_TEXT, TR_LANGUAGE) VALUES ('frontend', 'calendar.day.friday', 'Friday', 'en-GB');
INSERT INTO OKM_TRANSLATION (TR_MODULE, TR_KEY, TR_TEXT, TR_LANGUAGE) VALUES ('frontend', 'calendar.day.saturday', 'Saturday', 'en-GB');
INSERT INTO OKM_TRANSLATION (TR_MODULE, TR_KEY, TR_TEXT, TR_LANGUAGE) VALUES ('frontend', 'calendar.month.january', 'January', 'en-GB');
INSERT INTO OKM_TRANSLATION (TR_MODULE, TR_KEY, TR_TEXT, TR_LANGUAGE) VALUES ('frontend', 'calendar.month.february', 'February', 'en-GB');
INSERT INTO OKM_TRANSLATION (TR_MODULE, TR_KEY, TR_TEXT, TR_LANGUAGE) VALUES ('frontend', 'calendar.month.march', 'March', 'en-GB');
INSERT INTO OKM_TRANSLATION (TR_MODULE, TR_KEY, TR_TEXT, TR_LANGUAGE) VALUES ('frontend', 'calendar.month.april', 'April', 'en-GB');
INSERT INTO OKM_TRANSLATION (TR_MODULE, TR_KEY, TR_TEXT, TR_LANGUAGE) VALUES ('frontend', 'calendar.month.may', 'May', 'en-GB');
INSERT INTO OKM_TRANSLATION (TR_MODULE, TR_KEY, TR_TEXT, TR_LANGUAGE) VALUES ('frontend', 'calendar.month.june', 'June', 'en-GB');
INSERT INTO OKM_TRANSLATION (TR_MODULE, TR_KEY, TR_TEXT, TR_LANGUAGE) VALUES ('frontend', 'calendar.month.july', 'July', 'en-GB');
INSERT INTO OKM_TRANSLATION (TR_MODULE, TR_KEY, TR_TEXT, TR_LANGUAGE) VALUES ('frontend', 'calendar.month.august', 'August', 'en-GB');
INSERT INTO OKM_TRANSLATION (TR_MODULE, TR_KEY, TR_TEXT, TR_LANGUAGE) VALUES ('frontend', 'calendar.month.september', 'September', 'en-GB');
INSERT INTO OKM_TRANSLATION (TR_MODULE, TR_KEY, TR_TEXT, TR_LANGUAGE) VALUES ('frontend', 'calendar.month.october', 'October', 'en-GB');
INSERT INTO OKM_TRANSLATION (TR_MODULE, TR_KEY, TR_TEXT, TR_LANGUAGE) VALUES ('frontend', 'calendar.month.november', 'November', 'en-GB');
INSERT INTO OKM_TRANSLATION (TR_MODULE, TR_KEY, TR_TEXT, TR_LANGUAGE) VALUES ('frontend', 'calendar.month.december', 'December', 'en-GB');
INSERT INTO OKM_TRANSLATION (TR_MODULE, TR_KEY, TR_TEXT, TR_LANGUAGE) VALUES ('frontend', 'media.player.label', 'Media player', 'en-GB');
INSERT INTO OKM_TRANSLATION (TR_MODULE, TR_KEY, TR_TEXT, TR_LANGUAGE) VALUES ('frontend', 'image.viewer.label', 'Image viewer', 'en-GB');
INSERT INTO OKM_TRANSLATION (TR_MODULE, TR_KEY, TR_TEXT, TR_LANGUAGE) VALUES ('frontend', 'image.viewer.zoom.in', 'Zoom in', 'en-GB');
INSERT INTO OKM_TRANSLATION (TR_MODULE, TR_KEY, TR_TEXT, TR_LANGUAGE) VALUES ('frontend', 'image.viewer.zoom.out', 'Zoom out', 'en-GB');
INSERT INTO OKM_TRANSLATION (TR_MODULE, TR_KEY, TR_TEXT, TR_LANGUAGE) VALUES ('frontend', 'debug.console.label', 'Debug console', 'en-GB');
INSERT INTO OKM_TRANSLATION (TR_MODULE, TR_KEY, TR_TEXT, TR_LANGUAGE) VALUES ('frontend', 'debug.enable.disable', 'CTRL+Z to enable or disable debug mode', 'en-GB');
INSERT INTO OKM_TRANSLATION (TR_MODULE, TR_KEY, TR_TEXT, TR_LANGUAGE) VALUES ('frontend', 'dashboard.tab.general', 'General', 'en-GB');
INSERT INTO OKM_TRANSLATION (TR_MODULE, TR_KEY, TR_TEXT, TR_LANGUAGE) VALUES ('frontend', 'dashboard.tab.news', 'News', 'en-GB');
INSERT INTO OKM_TRANSLATION (TR_MODULE, TR_KEY, TR_TEXT, TR_LANGUAGE) VALUES ('frontend', 'dashboard.tab.user', 'User', 'en-GB');
INSERT INTO OKM_TRANSLATION (TR_MODULE, TR_KEY, TR_TEXT, TR_LANGUAGE) VALUES ('frontend', 'dashboard.tab.workflow', 'Workflow', 'en-GB');
INSERT INTO OKM_TRANSLATION (TR_MODULE, TR_KEY, TR_TEXT, TR_LANGUAGE) VALUES ('frontend', 'dashboard.tab.mail', 'Mail', 'en-GB');
INSERT INTO OKM_TRANSLATION (TR_MODULE, TR_KEY, TR_TEXT, TR_LANGUAGE) VALUES ('frontend', 'dashboard.tab.keymap', 'Keyword map', 'en-GB');
INSERT INTO OKM_TRANSLATION (TR_MODULE, TR_KEY, TR_TEXT, TR_LANGUAGE) VALUES ('frontend', 'dashboard.new.items', 'New', 'en-GB');
INSERT INTO OKM_TRANSLATION (TR_MODULE, TR_KEY, TR_TEXT, TR_LANGUAGE) VALUES ('frontend', 'dashboard.user.locked.documents', 'Locked documents', 'en-GB');
INSERT INTO OKM_TRANSLATION (TR_MODULE, TR_KEY, TR_TEXT, TR_LANGUAGE) VALUES ('frontend', 'dashboard.user.checkout.documents', 'Checkout documents', 'en-GB');
INSERT INTO OKM_TRANSLATION (TR_MODULE, TR_KEY, TR_TEXT, TR_LANGUAGE) VALUES ('frontend', 'dashboard.user.last.modified.documents', 'Last modified documents', 'en-GB');
INSERT INTO OKM_TRANSLATION (TR_MODULE, TR_KEY, TR_TEXT, TR_LANGUAGE) VALUES ('frontend', 'dashboard.user.last.downloaded.documents', 'Last downloaded documents', 'en-GB');
INSERT INTO OKM_TRANSLATION (TR_MODULE, TR_KEY, TR_TEXT, TR_LANGUAGE) VALUES ('frontend', 'dashboard.user.subscribed.documents', 'Subscribed documents', 'en-GB');
INSERT INTO OKM_TRANSLATION (TR_MODULE, TR_KEY, TR_TEXT, TR_LANGUAGE) VALUES ('frontend', 'dashboard.user.subscribed.folders', 'Subscribed folders', 'en-GB');
INSERT INTO OKM_TRANSLATION (TR_MODULE, TR_KEY, TR_TEXT, TR_LANGUAGE) VALUES ('frontend', 'dashboard.user.last.uploaded.documents', 'Last uploaded documents', 'en-GB');
INSERT INTO OKM_TRANSLATION (TR_MODULE, TR_KEY, TR_TEXT, TR_LANGUAGE) VALUES ('frontend', 'dashboard.general.last.week.top.downloaded.documents', 'Last week top viewed documents', 'en-GB');
INSERT INTO OKM_TRANSLATION (TR_MODULE, TR_KEY, TR_TEXT, TR_LANGUAGE) VALUES ('frontend', 'dashboard.general.last.month.top.downloaded.documents', 'Last month top viewed documents', 'en-GB');
INSERT INTO OKM_TRANSLATION (TR_MODULE, TR_KEY, TR_TEXT, TR_LANGUAGE) VALUES ('frontend', 'dashboard.general.last.week.top.modified.documents', 'Last week top modified documents', 'en-GB');
INSERT INTO OKM_TRANSLATION (TR_MODULE, TR_KEY, TR_TEXT, TR_LANGUAGE) VALUES ('frontend', 'dashboard.general.last.month.top.modified.documents', 'Last month top viewed documents', 'en-GB');
INSERT INTO OKM_TRANSLATION (TR_MODULE, TR_KEY, TR_TEXT, TR_LANGUAGE) VALUES ('frontend', 'dashboard.general.last.uploaded.documents', 'Last uploaded documents', 'en-GB');
INSERT INTO OKM_TRANSLATION (TR_MODULE, TR_KEY, TR_TEXT, TR_LANGUAGE) VALUES ('frontend', 'dashboard.workflow.pending.tasks', 'Pending tasks', 'en-GB');
INSERT INTO OKM_TRANSLATION (TR_MODULE, TR_KEY, TR_TEXT, TR_LANGUAGE) VALUES ('frontend', 'dashboard.workflow.pending.tasks.unassigned', 'Unassigned pending tasks', 'en-GB');
INSERT INTO OKM_TRANSLATION (TR_MODULE, TR_KEY, TR_TEXT, TR_LANGUAGE) VALUES ('frontend', 'dashboard.workflow.task', 'Task', 'en-GB');
INSERT INTO OKM_TRANSLATION (TR_MODULE, TR_KEY, TR_TEXT, TR_LANGUAGE) VALUES ('frontend', 'dashboard.workflow.task.id', 'ID', 'en-GB');
INSERT INTO OKM_TRANSLATION (TR_MODULE, TR_KEY, TR_TEXT, TR_LANGUAGE) VALUES ('frontend', 'dashboard.workflow.task.name', 'Name', 'en-GB');
INSERT INTO OKM_TRANSLATION (TR_MODULE, TR_KEY, TR_TEXT, TR_LANGUAGE) VALUES ('frontend', 'dashboard.workflow.task.created', 'Creation date', 'en-GB');
INSERT INTO OKM_TRANSLATION (TR_MODULE, TR_KEY, TR_TEXT, TR_LANGUAGE) VALUES ('frontend', 'dashboard.workflow.task.start', 'Start date', 'en-GB');
INSERT INTO OKM_TRANSLATION (TR_MODULE, TR_KEY, TR_TEXT, TR_LANGUAGE) VALUES ('frontend', 'dashboard.workflow.task.duedate', 'Due date', 'en-GB');
INSERT INTO OKM_TRANSLATION (TR_MODULE, TR_KEY, TR_TEXT, TR_LANGUAGE) VALUES ('frontend', 'dashboard.workflow.task.end', 'End date', 'en-GB');
INSERT INTO OKM_TRANSLATION (TR_MODULE, TR_KEY, TR_TEXT, TR_LANGUAGE) VALUES ('frontend', 'dashboard.workflow.task.description', 'Description', 'en-GB');
INSERT INTO OKM_TRANSLATION (TR_MODULE, TR_KEY, TR_TEXT, TR_LANGUAGE) VALUES ('frontend', 'dashboard.workflow.task.process.instance', 'Process instance', 'en-GB');
INSERT INTO OKM_TRANSLATION (TR_MODULE, TR_KEY, TR_TEXT, TR_LANGUAGE) VALUES ('frontend', 'dashboard.workflow.task.process.id', 'ID', 'en-GB');
INSERT INTO OKM_TRANSLATION (TR_MODULE, TR_KEY, TR_TEXT, TR_LANGUAGE) VALUES ('frontend', 'dashboard.workflow.task.process.version', 'Version', 'en-GB');
INSERT INTO OKM_TRANSLATION (TR_MODULE, TR_KEY, TR_TEXT, TR_LANGUAGE) VALUES ('frontend', 'dashboard.workflow.task.process.name', 'Name', 'en-GB');
INSERT INTO OKM_TRANSLATION (TR_MODULE, TR_KEY, TR_TEXT, TR_LANGUAGE) VALUES ('frontend', 'dashboard.workflow.task.process.description', 'Description', 'en-GB');
INSERT INTO OKM_TRANSLATION (TR_MODULE, TR_KEY, TR_TEXT, TR_LANGUAGE) VALUES ('frontend', 'dashboard.workflow.task.process.data', 'Data', 'en-GB');
INSERT INTO OKM_TRANSLATION (TR_MODULE, TR_KEY, TR_TEXT, TR_LANGUAGE) VALUES ('frontend', 'dashboard.workflow.comments', 'Comments', 'en-GB');
INSERT INTO OKM_TRANSLATION (TR_MODULE, TR_KEY, TR_TEXT, TR_LANGUAGE) VALUES ('frontend', 'dashboard.workflow.task.process.forms', 'Form', 'en-GB');
INSERT INTO OKM_TRANSLATION (TR_MODULE, TR_KEY, TR_TEXT, TR_LANGUAGE) VALUES ('frontend', 'dashboard.workflow.add.comment', 'Add comment', 'en-GB');
INSERT INTO OKM_TRANSLATION (TR_MODULE, TR_KEY, TR_TEXT, TR_LANGUAGE) VALUES ('frontend', 'dashboard.workflow.task.process.definition', 'Process definition', 'en-GB');
INSERT INTO OKM_TRANSLATION (TR_MODULE, TR_KEY, TR_TEXT, TR_LANGUAGE) VALUES ('frontend', 'dashboard.workflow.task.process.path', 'Path', 'en-GB');
INSERT INTO OKM_TRANSLATION (TR_MODULE, TR_KEY, TR_TEXT, TR_LANGUAGE) VALUES ('frontend', 'dashboard.refreshing', 'Refreshing', 'en-GB');
INSERT INTO OKM_TRANSLATION (TR_MODULE, TR_KEY, TR_TEXT, TR_LANGUAGE) VALUES ('frontend', 'dashboard.keyword', 'Keywords', 'en-GB');
INSERT INTO OKM_TRANSLATION (TR_MODULE, TR_KEY, TR_TEXT, TR_LANGUAGE) VALUES ('frontend', 'dashboard.keyword.suggest', 'Type the keyword', 'en-GB');
INSERT INTO OKM_TRANSLATION (TR_MODULE, TR_KEY, TR_TEXT, TR_LANGUAGE) VALUES ('frontend', 'dashboard.keyword.all', 'All keywords', 'en-GB');
INSERT INTO OKM_TRANSLATION (TR_MODULE, TR_KEY, TR_TEXT, TR_LANGUAGE) VALUES ('frontend', 'dashboard.keyword.top', 'Top keywords', 'en-GB');
INSERT INTO OKM_TRANSLATION (TR_MODULE, TR_KEY, TR_TEXT, TR_LANGUAGE) VALUES ('frontend', 'dashboard.keyword.related', 'Related keywords', 'en-GB');
INSERT INTO OKM_TRANSLATION (TR_MODULE, TR_KEY, TR_TEXT, TR_LANGUAGE) VALUES ('frontend', 'dashboard.keyword.goto.document', 'Go to document', 'en-GB');
INSERT INTO OKM_TRANSLATION (TR_MODULE, TR_KEY, TR_TEXT, TR_LANGUAGE) VALUES ('frontend', 'dashboard.keyword.clean.keywords', 'Clean keywords', 'en-GB');
INSERT INTO OKM_TRANSLATION (TR_MODULE, TR_KEY, TR_TEXT, TR_LANGUAGE) VALUES ('frontend', 'dashboard.mail.last.imported.mails', 'Electronic mails', 'en-GB');
INSERT INTO OKM_TRANSLATION (TR_MODULE, TR_KEY, TR_TEXT, TR_LANGUAGE) VALUES ('frontend', 'dashboard.mail.last.imported.attached.documents', 'Attachments', 'en-GB');
INSERT INTO OKM_TRANSLATION (TR_MODULE, TR_KEY, TR_TEXT, TR_LANGUAGE) VALUES ('frontend', 'workflow.label', 'Start workflow', 'en-GB');
INSERT INTO OKM_TRANSLATION (TR_MODULE, TR_KEY, TR_TEXT, TR_LANGUAGE) VALUES ('frontend', 'user.preferences.label', 'User configuration', 'en-GB');
INSERT INTO OKM_TRANSLATION (TR_MODULE, TR_KEY, TR_TEXT, TR_LANGUAGE) VALUES ('frontend', 'user.preferences.user', 'User', 'en-GB');
INSERT INTO OKM_TRANSLATION (TR_MODULE, TR_KEY, TR_TEXT, TR_LANGUAGE) VALUES ('frontend', 'user.preferences.password', 'Password', 'en-GB');
INSERT INTO OKM_TRANSLATION (TR_MODULE, TR_KEY, TR_TEXT, TR_LANGUAGE) VALUES ('frontend', 'user.preferences.mail', 'E-mail', 'en-GB');
INSERT INTO OKM_TRANSLATION (TR_MODULE, TR_KEY, TR_TEXT, TR_LANGUAGE) VALUES ('frontend', 'user.preferences.roles', 'Roles', 'en-GB');
INSERT INTO OKM_TRANSLATION (TR_MODULE, TR_KEY, TR_TEXT, TR_LANGUAGE) VALUES ('frontend', 'user.preferences.imap.host', 'IMAP server', 'en-GB');
INSERT INTO OKM_TRANSLATION (TR_MODULE, TR_KEY, TR_TEXT, TR_LANGUAGE) VALUES ('frontend', 'user.preferences.imap.user', 'IMAP user name', 'en-GB');
INSERT INTO OKM_TRANSLATION (TR_MODULE, TR_KEY, TR_TEXT, TR_LANGUAGE) VALUES ('frontend', 'user.preferences.imap.user.password', 'IMAP user password', 'en-GB');
INSERT INTO OKM_TRANSLATION (TR_MODULE, TR_KEY, TR_TEXT, TR_LANGUAGE) VALUES ('frontend', 'user.preferences.imap.folder', 'IMAP folder', 'en-GB');
INSERT INTO OKM_TRANSLATION (TR_MODULE, TR_KEY, TR_TEXT, TR_LANGUAGE) VALUES ('frontend', 'user.preferences.password.error', 'Error: passwords are diferent', 'en-GB');
INSERT INTO OKM_TRANSLATION (TR_MODULE, TR_KEY, TR_TEXT, TR_LANGUAGE) VALUES ('frontend', 'user.preferences.user.data', 'User account', 'en-GB');
INSERT INTO OKM_TRANSLATION (TR_MODULE, TR_KEY, TR_TEXT, TR_LANGUAGE) VALUES ('frontend', 'user.preferences.mail.data', 'Mail account', 'en-GB');
INSERT INTO OKM_TRANSLATION (TR_MODULE, TR_KEY, TR_TEXT, TR_LANGUAGE) VALUES ('frontend', 'user.preferences.imap.error', 'All fields are obligatory to set the mail configurations', 'en-GB');
INSERT INTO OKM_TRANSLATION (TR_MODULE, TR_KEY, TR_TEXT, TR_LANGUAGE) VALUES ('frontend', 'user.preferences.imap.password.error.void', 'Password must not be empty on IMAP mail creation', 'en-GB');
INSERT INTO OKM_TRANSLATION (TR_MODULE, TR_KEY, TR_TEXT, TR_LANGUAGE) VALUES ('frontend', 'user.preferences.imap.test.error', 'IMAP configuration error', 'en-GB');
INSERT INTO OKM_TRANSLATION (TR_MODULE, TR_KEY, TR_TEXT, TR_LANGUAGE) VALUES ('frontend', 'user.preferences.imap.test.ok', 'IMAP configuration ok', 'en-GB');
INSERT INTO OKM_TRANSLATION (TR_MODULE, TR_KEY, TR_TEXT, TR_LANGUAGE) VALUES ('frontend', 'thesaurus.directory.select.label', 'Add thesaurus keyword', 'en-GB');
INSERT INTO OKM_TRANSLATION (TR_MODULE, TR_KEY, TR_TEXT, TR_LANGUAGE) VALUES ('frontend', 'thesaurus.tab.tree', 'Tree', 'en-GB');
INSERT INTO OKM_TRANSLATION (TR_MODULE, TR_KEY, TR_TEXT, TR_LANGUAGE) VALUES ('frontend', 'thesaurus.tab.keywords', 'Keywords', 'en-GB');
INSERT INTO OKM_TRANSLATION (TR_MODULE, TR_KEY, TR_TEXT, TR_LANGUAGE) VALUES ('frontend', 'categories.folder.select.label', 'Add category', 'en-GB');
INSERT INTO OKM_TRANSLATION (TR_MODULE, TR_KEY, TR_TEXT, TR_LANGUAGE) VALUES ('frontend', 'categories.folder.error.delete', 'Cannot delete category with documents', 'en-GB');
INSERT INTO OKM_TRANSLATION (TR_MODULE, TR_KEY, TR_TEXT, TR_LANGUAGE) VALUES ('frontend', 'wizard.document.uploading', 'Document wizard', 'en-GB');
INSERT INTO OKM_TRANSLATION (TR_MODULE, TR_KEY, TR_TEXT, TR_LANGUAGE) VALUES ('frontend', 'user.info.chat.connect', 'Connect to chat', 'en-GB');
INSERT INTO OKM_TRANSLATION (TR_MODULE, TR_KEY, TR_TEXT, TR_LANGUAGE) VALUES ('frontend', 'user.info.chat.disconnect', 'Disconnet chat', 'en-GB');
INSERT INTO OKM_TRANSLATION (TR_MODULE, TR_KEY, TR_TEXT, TR_LANGUAGE) VALUES ('frontend', 'user.info.chat.new.room', 'Net chat room', 'en-GB');
INSERT INTO OKM_TRANSLATION (TR_MODULE, TR_KEY, TR_TEXT, TR_LANGUAGE) VALUES ('frontend', 'user.info.locked.actual', 'Locked documents', 'en-GB');
INSERT INTO OKM_TRANSLATION (TR_MODULE, TR_KEY, TR_TEXT, TR_LANGUAGE) VALUES ('frontend', 'user.info.checkout.actual', 'Checkout documents', 'en-GB');
INSERT INTO OKM_TRANSLATION (TR_MODULE, TR_KEY, TR_TEXT, TR_LANGUAGE) VALUES ('frontend', 'user.info.subscription.actual', 'Actual subscriptions', 'en-GB');
INSERT INTO OKM_TRANSLATION (TR_MODULE, TR_KEY, TR_TEXT, TR_LANGUAGE) VALUES ('frontend', 'user.info.news.new', 'News', 'en-GB');
INSERT INTO OKM_TRANSLATION (TR_MODULE, TR_KEY, TR_TEXT, TR_LANGUAGE) VALUES ('frontend', 'user.info.workflow.pending', 'Pending workflows', 'en-GB');
INSERT INTO OKM_TRANSLATION (TR_MODULE, TR_KEY, TR_TEXT, TR_LANGUAGE) VALUES ('frontend', 'user.info.user.quota', 'Used quota', 'en-GB');
INSERT INTO OKM_TRANSLATION (TR_MODULE, TR_KEY, TR_TEXT, TR_LANGUAGE) VALUES ('frontend', 'user.online', 'Users online', 'en-GB');
INSERT INTO OKM_TRANSLATION (TR_MODULE, TR_KEY, TR_TEXT, TR_LANGUAGE) VALUES ('frontend', 'chat.room', 'Chat', 'en-GB');
INSERT INTO OKM_TRANSLATION (TR_MODULE, TR_KEY, TR_TEXT, TR_LANGUAGE) VALUES ('frontend', 'chat.users.in.room', 'Users', 'en-GB');
INSERT INTO OKM_TRANSLATION (TR_MODULE, TR_KEY, TR_TEXT, TR_LANGUAGE) VALUES ('frontend', 'OKM-017009', 'Document access denied', 'en-GB');
INSERT INTO OKM_TRANSLATION (TR_MODULE, TR_KEY, TR_TEXT, TR_LANGUAGE) VALUES ('frontend', 'OKM-017004', 'Lock denied', 'en-GB');
INSERT INTO OKM_TRANSLATION (TR_MODULE, TR_KEY, TR_TEXT, TR_LANGUAGE) VALUES ('frontend', 'OKM-017001', 'Repository internal error', 'en-GB');
INSERT INTO OKM_TRANSLATION (TR_MODULE, TR_KEY, TR_TEXT, TR_LANGUAGE) VALUES ('frontend', 'OKM-017015', 'Document path not found', 'en-GB');
INSERT INTO OKM_TRANSLATION (TR_MODULE, TR_KEY, TR_TEXT, TR_LANGUAGE) VALUES ('frontend', 'OKM-017016', 'Version error', 'en-GB');
INSERT INTO OKM_TRANSLATION (TR_MODULE, TR_KEY, TR_TEXT, TR_LANGUAGE) VALUES ('frontend', 'OKM-002009', 'Document access denied', 'en-GB');
INSERT INTO OKM_TRANSLATION (TR_MODULE, TR_KEY, TR_TEXT, TR_LANGUAGE) VALUES ('frontend', 'OKM-002002', 'Document not found', 'en-GB');
INSERT INTO OKM_TRANSLATION (TR_MODULE, TR_KEY, TR_TEXT, TR_LANGUAGE) VALUES ('frontend', 'OKM-002003', 'Document already exists', 'en-GB');
INSERT INTO OKM_TRANSLATION (TR_MODULE, TR_KEY, TR_TEXT, TR_LANGUAGE) VALUES ('frontend', 'OKM-002004', 'Lock denied', 'en-GB');
INSERT INTO OKM_TRANSLATION (TR_MODULE, TR_KEY, TR_TEXT, TR_LANGUAGE) VALUES ('frontend', 'OKM-002004', 'Document unlock desired', 'en-GB');
INSERT INTO OKM_TRANSLATION (TR_MODULE, TR_KEY, TR_TEXT, TR_LANGUAGE) VALUES ('frontend', 'OKM-002001', 'Repository internal error', 'en-GB');
INSERT INTO OKM_TRANSLATION (TR_MODULE, TR_KEY, TR_TEXT, TR_LANGUAGE) VALUES ('frontend', 'OKM-002006', 'Application internal error', 'en-GB');
INSERT INTO OKM_TRANSLATION (TR_MODULE, TR_KEY, TR_TEXT, TR_LANGUAGE) VALUES ('frontend', 'OKM-002015', 'Document path not found', 'en-GB');
INSERT INTO OKM_TRANSLATION (TR_MODULE, TR_KEY, TR_TEXT, TR_LANGUAGE) VALUES ('frontend', 'OKM-002024', 'Database error', 'en-GB');
INSERT INTO OKM_TRANSLATION (TR_MODULE, TR_KEY, TR_TEXT, TR_LANGUAGE) VALUES ('frontend', 'OKM-001009', 'Folder access denied', 'en-GB');
INSERT INTO OKM_TRANSLATION (TR_MODULE, TR_KEY, TR_TEXT, TR_LANGUAGE) VALUES ('frontend', 'OKM-001002', 'Folder not found', 'en-GB');
INSERT INTO OKM_TRANSLATION (TR_MODULE, TR_KEY, TR_TEXT, TR_LANGUAGE) VALUES ('frontend', 'OKM-001003', 'Folder already exists', 'en-GB');
INSERT INTO OKM_TRANSLATION (TR_MODULE, TR_KEY, TR_TEXT, TR_LANGUAGE) VALUES ('frontend', 'OKM-001001', 'Repository internal error', 'en-GB');
INSERT INTO OKM_TRANSLATION (TR_MODULE, TR_KEY, TR_TEXT, TR_LANGUAGE) VALUES ('frontend', 'OKM-001006', 'Repository internal error', 'en-GB');
INSERT INTO OKM_TRANSLATION (TR_MODULE, TR_KEY, TR_TEXT, TR_LANGUAGE) VALUES ('frontend', 'OKM-001015', 'Folder path not found', 'en-GB');
INSERT INTO OKM_TRANSLATION (TR_MODULE, TR_KEY, TR_TEXT, TR_LANGUAGE) VALUES ('frontend', 'OKM-001024', 'Database error', 'en-GB');
INSERT INTO OKM_TRANSLATION (TR_MODULE, TR_KEY, TR_TEXT, TR_LANGUAGE) VALUES ('frontend', 'OKM-007009', 'Item access denied', 'en-GB');
INSERT INTO OKM_TRANSLATION (TR_MODULE, TR_KEY, TR_TEXT, TR_LANGUAGE) VALUES ('frontend', 'OKM-007002', 'Item not found', 'en-GB');
INSERT INTO OKM_TRANSLATION (TR_MODULE, TR_KEY, TR_TEXT, TR_LANGUAGE) VALUES ('frontend', 'OKM-007001', 'Repository internal error', 'en-GB');
INSERT INTO OKM_TRANSLATION (TR_MODULE, TR_KEY, TR_TEXT, TR_LANGUAGE) VALUES ('frontend', 'OKM-007006', 'Repository internal error', 'en-GB');
INSERT INTO OKM_TRANSLATION (TR_MODULE, TR_KEY, TR_TEXT, TR_LANGUAGE) VALUES ('frontend', 'OKM-007024', 'Database error', 'en-GB');
INSERT INTO OKM_TRANSLATION (TR_MODULE, TR_KEY, TR_TEXT, TR_LANGUAGE) VALUES ('frontend', 'OKM-009002', 'Document not found', 'en-GB');
INSERT INTO OKM_TRANSLATION (TR_MODULE, TR_KEY, TR_TEXT, TR_LANGUAGE) VALUES ('frontend', 'OKM-009006', 'Repository internal error', 'en-GB');
INSERT INTO OKM_TRANSLATION (TR_MODULE, TR_KEY, TR_TEXT, TR_LANGUAGE) VALUES ('frontend', 'OKM-005010', 'Unsupported file format', 'en-GB');
INSERT INTO OKM_TRANSLATION (TR_MODULE, TR_KEY, TR_TEXT, TR_LANGUAGE) VALUES ('frontend', 'OKM-005003', 'Document already exists', 'en-GB');
INSERT INTO OKM_TRANSLATION (TR_MODULE, TR_KEY, TR_TEXT, TR_LANGUAGE) VALUES ('frontend', 'OKM-005011', 'Document size exceeded', 'en-GB');
INSERT INTO OKM_TRANSLATION (TR_MODULE, TR_KEY, TR_TEXT, TR_LANGUAGE) VALUES ('frontend', 'OKM-005027', 'Document name is diferent', 'en-GB');
INSERT INTO OKM_TRANSLATION (TR_MODULE, TR_KEY, TR_TEXT, TR_LANGUAGE) VALUES ('frontend', 'OKM-004001', 'Session closed', 'en-GB');
INSERT INTO OKM_TRANSLATION (TR_MODULE, TR_KEY, TR_TEXT, TR_LANGUAGE) VALUES ('frontend', 'OKM-004024', 'Database error', 'en-GB');
INSERT INTO OKM_TRANSLATION (TR_MODULE, TR_KEY, TR_TEXT, TR_LANGUAGE) VALUES ('frontend', 'OKM-008001', 'Generic error executing query', 'en-GB');
INSERT INTO OKM_TRANSLATION (TR_MODULE, TR_KEY, TR_TEXT, TR_LANGUAGE) VALUES ('frontend', 'OKM-008003', 'The stored search name must be unique', 'en-GB');
INSERT INTO OKM_TRANSLATION (TR_MODULE, TR_KEY, TR_TEXT, TR_LANGUAGE) VALUES ('frontend', 'OKM-008024', 'Database error', 'en-GB');
INSERT INTO OKM_TRANSLATION (TR_MODULE, TR_KEY, TR_TEXT, TR_LANGUAGE) VALUES ('frontend', 'OKM-011003', 'The bookmark name must be unique', 'en-GB');
INSERT INTO OKM_TRANSLATION (TR_MODULE, TR_KEY, TR_TEXT, TR_LANGUAGE) VALUES ('frontend', 'OKM-003017', 'Session lost', 'en-GB');
INSERT INTO OKM_TRANSLATION (TR_MODULE, TR_KEY, TR_TEXT, TR_LANGUAGE) VALUES ('frontend', 'OKM-013001', 'Repository internal error', 'en-GB');
INSERT INTO OKM_TRANSLATION (TR_MODULE, TR_KEY, TR_TEXT, TR_LANGUAGE) VALUES ('frontend', 'OKM-013024', 'Database error', 'en-GB');
INSERT INTO OKM_TRANSLATION (TR_MODULE, TR_KEY, TR_TEXT, TR_LANGUAGE) VALUES ('frontend', 'OKM-014001', 'Repository internal error', 'en-GB');
INSERT INTO OKM_TRANSLATION (TR_MODULE, TR_KEY, TR_TEXT, TR_LANGUAGE) VALUES ('frontend', 'OKM-014013', 'Error on I/O', 'en-GB');
INSERT INTO OKM_TRANSLATION (TR_MODULE, TR_KEY, TR_TEXT, TR_LANGUAGE) VALUES ('frontend', 'OKM-015001', 'Repository internal error', 'en-GB');
INSERT INTO OKM_TRANSLATION (TR_MODULE, TR_KEY, TR_TEXT, TR_LANGUAGE) VALUES ('frontend', 'OKM-015024', 'Database error', 'en-GB');
INSERT INTO OKM_TRANSLATION (TR_MODULE, TR_KEY, TR_TEXT, TR_LANGUAGE) VALUES ('frontend', 'OKM-018022', 'Error in browser configuration', 'en-GB');
INSERT INTO OKM_TRANSLATION (TR_MODULE, TR_KEY, TR_TEXT, TR_LANGUAGE) VALUES ('frontend', 'OKM-018023', 'Error user quota exceed,  contact with adminitrator', 'en-GB');
INSERT INTO OKM_TRANSLATION (TR_MODULE, TR_KEY, TR_TEXT, TR_LANGUAGE) VALUES ('frontend', 'OKM-016009', 'Document access denied', 'en-GB');
INSERT INTO OKM_TRANSLATION (TR_MODULE, TR_KEY, TR_TEXT, TR_LANGUAGE) VALUES ('frontend', 'OKM-016002', 'Document not found', 'en-GB');
INSERT INTO OKM_TRANSLATION (TR_MODULE, TR_KEY, TR_TEXT, TR_LANGUAGE) VALUES ('frontend', 'OKM-016003', 'Document already exists', 'en-GB');
INSERT INTO OKM_TRANSLATION (TR_MODULE, TR_KEY, TR_TEXT, TR_LANGUAGE) VALUES ('frontend', 'OKM-016004 ', 'Lock denied', 'en-GB');
INSERT INTO OKM_TRANSLATION (TR_MODULE, TR_KEY, TR_TEXT, TR_LANGUAGE) VALUES ('frontend', 'OKM-016001', 'Repository internal error', 'en-GB');
INSERT INTO OKM_TRANSLATION (TR_MODULE, TR_KEY, TR_TEXT, TR_LANGUAGE) VALUES ('frontend', 'OKM-016006', 'Application internal error', 'en-GB');
INSERT INTO OKM_TRANSLATION (TR_MODULE, TR_KEY, TR_TEXT, TR_LANGUAGE) VALUES ('frontend', 'OKM-016015', 'Document path not found', 'en-GB');
INSERT INTO OKM_TRANSLATION (TR_MODULE, TR_KEY, TR_TEXT, TR_LANGUAGE) VALUES ('frontend', 'OKM-016024', 'Database error', 'en-GB');
INSERT INTO OKM_TRANSLATION (TR_MODULE, TR_KEY, TR_TEXT, TR_LANGUAGE) VALUES ('frontend', 'OKM-010015', 'Path not found', 'en-GB');
INSERT INTO OKM_TRANSLATION (TR_MODULE, TR_KEY, TR_TEXT, TR_LANGUAGE) VALUES ('frontend', 'OKM-010009', 'Access denied', 'en-GB');
INSERT INTO OKM_TRANSLATION (TR_MODULE, TR_KEY, TR_TEXT, TR_LANGUAGE) VALUES ('frontend', 'OKM-010001', 'Repository internal error', 'en-GB');
INSERT INTO OKM_TRANSLATION (TR_MODULE, TR_KEY, TR_TEXT, TR_LANGUAGE) VALUES ('frontend', 'OKM-010024', 'Database error', 'en-GB');
INSERT INTO OKM_TRANSLATION (TR_MODULE, TR_KEY, TR_TEXT, TR_LANGUAGE) VALUES ('frontend', 'OKM-010006', 'Application internal error', 'en-GB');
INSERT INTO OKM_TRANSLATION (TR_MODULE, TR_KEY, TR_TEXT, TR_LANGUAGE) VALUES ('frontend', 'OKM-009004', 'Locked', 'en-GB');
INSERT INTO OKM_TRANSLATION (TR_MODULE, TR_KEY, TR_TEXT, TR_LANGUAGE) VALUES ('frontend', 'OKM-009015', 'Path not exist', 'en-GB');
INSERT INTO OKM_TRANSLATION (TR_MODULE, TR_KEY, TR_TEXT, TR_LANGUAGE) VALUES ('frontend', 'OKM-009009', 'Access denied', 'en-GB');
INSERT INTO OKM_TRANSLATION (TR_MODULE, TR_KEY, TR_TEXT, TR_LANGUAGE) VALUES ('frontend', 'OKM-009001', 'Repository internal error', 'en-GB');
INSERT INTO OKM_TRANSLATION (TR_MODULE, TR_KEY, TR_TEXT, TR_LANGUAGE) VALUES ('frontend', 'OKM-009024', 'Database error', 'en-GB');
INSERT INTO OKM_TRANSLATION (TR_MODULE, TR_KEY, TR_TEXT, TR_LANGUAGE) VALUES ('frontend', 'OKM-009006', 'Application internal error', 'en-GB');
INSERT INTO OKM_TRANSLATION (TR_MODULE, TR_KEY, TR_TEXT, TR_LANGUAGE) VALUES ('frontend', 'OKM-009012', 'Group not exists', 'en-GB');
INSERT INTO OKM_TRANSLATION (TR_MODULE, TR_KEY, TR_TEXT, TR_LANGUAGE) VALUES ('frontend', 'OKM-009014', 'Property not exists', 'en-GB');
INSERT INTO OKM_TRANSLATION (TR_MODULE, TR_KEY, TR_TEXT, TR_LANGUAGE) VALUES ('frontend', 'OKM-009013', 'Error on I/O', 'en-GB');
INSERT INTO OKM_TRANSLATION (TR_MODULE, TR_KEY, TR_TEXT, TR_LANGUAGE) VALUES ('frontend', 'OKM-012001', 'Repository internal error', 'en-GB');
INSERT INTO OKM_TRANSLATION (TR_MODULE, TR_KEY, TR_TEXT, TR_LANGUAGE) VALUES ('frontend', 'OKM-012006', 'Application internal error', 'en-GB');
INSERT INTO OKM_TRANSLATION (TR_MODULE, TR_KEY, TR_TEXT, TR_LANGUAGE) VALUES ('frontend', 'OKM-012015', 'Path not exist', 'en-GB');
INSERT INTO OKM_TRANSLATION (TR_MODULE, TR_KEY, TR_TEXT, TR_LANGUAGE) VALUES ('frontend', 'OKM-012024', 'Database error', 'en-GB');
INSERT INTO OKM_TRANSLATION (TR_MODULE, TR_KEY, TR_TEXT, TR_LANGUAGE) VALUES ('frontend', 'OKM-012009', 'Access denied', 'en-GB');
INSERT INTO OKM_TRANSLATION (TR_MODULE, TR_KEY, TR_TEXT, TR_LANGUAGE) VALUES ('frontend', 'OKM-019001', 'Repository internal error', 'en-GB');
INSERT INTO OKM_TRANSLATION (TR_MODULE, TR_KEY, TR_TEXT, TR_LANGUAGE) VALUES ('frontend', 'OKM-019006', 'Application internal error', 'en-GB');
INSERT INTO OKM_TRANSLATION (TR_MODULE, TR_KEY, TR_TEXT, TR_LANGUAGE) VALUES ('frontend', 'OKM-019024', 'Database error', 'en-GB');
insert into OKM_LANGUAGE (LG_ID, LG_NAME, LG_IMAGE_CONTENT, LG_IMAGE_MIME) values ('es-ES', 'Espaol', 'R0lGODlhEAALANUAAPxcXPpTU/X1Jfb2K/QtLfxjY+bmAP5yc/7+dvMWFv39APz8TOwAAPMAAP39bfLyE/7+Wvv7RfdLS/pERPQzM/k8PfDyQfT1O/1ra/96evdEROxoVfU7O+UAAPg2NvENDfb2MPPzGfkAAPT0H/j4NuAAAPn5PPXDsf39U/F+V+7fTu3gjfUhIezT1Pnx1vXq4ra7nezhQvj0S9/fAPLzVfTuV+xTUfxMTPK9sMDOqOCMUeSnSuvJS90AAP0AAP8AACH5BAAAAAAALAAAAAAQAAsAAAaFwJ/w5yv6RMiGksH4ZZ6ZwwGDKRQAgYCkmQF4s7fJpOKhELYKBARSU8kiERMJNBDIDGkILbVZWeR0AiMXeAgoJxstODFzdSMhhAoOCy46Ni8qgY8PkZM5PDswFo4hDw8gMyIFY2QEBCwsCQkfHwQlql9aGhocHBRmBD1KDUzFHcclJT3LQQA7', 'image/gif');
INSERT INTO OKM_TRANSLATION (TR_MODULE, TR_KEY, TR_TEXT, TR_LANGUAGE) VALUES ('frontend', 'general.date.pattern', 'dd/MM/yyyy HH:mm:ss', 'es-ES');
INSERT INTO OKM_TRANSLATION (TR_MODULE, TR_KEY, TR_TEXT, TR_LANGUAGE) VALUES ('frontend', 'general.day.pattern', 'dd/MM/yyyy', 'es-ES');
INSERT INTO OKM_TRANSLATION (TR_MODULE, TR_KEY, TR_TEXT, TR_LANGUAGE) VALUES ('frontend', 'general.hour.pattern', 'HH:mm:ss', 'es-ES');
INSERT INTO OKM_TRANSLATION (TR_MODULE, TR_KEY, TR_TEXT, TR_LANGUAGE) VALUES ('frontend', 'startup.openkm', 'Cargando OpenKM', 'es-ES');
INSERT INTO OKM_TRANSLATION (TR_MODULE, TR_KEY, TR_TEXT, TR_LANGUAGE) VALUES ('frontend', 'startup.starting.loading', 'Comenzando la carga de OpenKM', 'es-ES');
INSERT INTO OKM_TRANSLATION (TR_MODULE, TR_KEY, TR_TEXT, TR_LANGUAGE) VALUES ('frontend', 'startup.taxonomy', 'Obteniendo el nodo principal de la taxonoma', 'es-ES');
INSERT INTO OKM_TRANSLATION (TR_MODULE, TR_KEY, TR_TEXT, TR_LANGUAGE) VALUES ('frontend', 'startup.categories', 'Obteniendo el nodo principal de las categoras', 'es-ES');
INSERT INTO OKM_TRANSLATION (TR_MODULE, TR_KEY, TR_TEXT, TR_LANGUAGE) VALUES ('frontend', 'startup.thesaurus', 'Obteniendo el nodo principal del thesausus', 'es-ES');
INSERT INTO OKM_TRANSLATION (TR_MODULE, TR_KEY, TR_TEXT, TR_LANGUAGE) VALUES ('frontend', 'startup.template', 'Obteniendo el nodo principal de las plantillas', 'es-ES');
INSERT INTO OKM_TRANSLATION (TR_MODULE, TR_KEY, TR_TEXT, TR_LANGUAGE) VALUES ('frontend', 'startup.personal', 'Obteniendo el nodo principal de personal', 'es-ES');
INSERT INTO OKM_TRANSLATION (TR_MODULE, TR_KEY, TR_TEXT, TR_LANGUAGE) VALUES ('frontend', 'startup.mail', 'Obteniendo el nodo principal de mail', 'es-ES');
INSERT INTO OKM_TRANSLATION (TR_MODULE, TR_KEY, TR_TEXT, TR_LANGUAGE) VALUES ('frontend', 'startup.trash', 'Oteniendo el nodo principal de la papelera', 'es-ES');
INSERT INTO OKM_TRANSLATION (TR_MODULE, TR_KEY, TR_TEXT, TR_LANGUAGE) VALUES ('frontend', 'startup.user.home', 'Obteniendo el inicio de usuarios', 'es-ES');
INSERT INTO OKM_TRANSLATION (TR_MODULE, TR_KEY, TR_TEXT, TR_LANGUAGE) VALUES ('frontend', 'startup.bookmarks', 'Obteniendo marcadores', 'es-ES');
INSERT INTO OKM_TRANSLATION (TR_MODULE, TR_KEY, TR_TEXT, TR_LANGUAGE) VALUES ('frontend', 'startup.loading.taxonomy', 'Cargando taxonoma', 'es-ES');
INSERT INTO OKM_TRANSLATION (TR_MODULE, TR_KEY, TR_TEXT, TR_LANGUAGE) VALUES ('frontend', 'startup.loading.taxonomy.getting.folders', 'Cargando taxonoma - obteniendo carpetas', 'es-ES');
INSERT INTO OKM_TRANSLATION (TR_MODULE, TR_KEY, TR_TEXT, TR_LANGUAGE) VALUES ('frontend', 'startup.loading.taxonomy.eval.params', 'Cargando taxonoma - evaluando parmetros', 'es-ES');
INSERT INTO OKM_TRANSLATION (TR_MODULE, TR_KEY, TR_TEXT, TR_LANGUAGE) VALUES ('frontend', 'startup.loading.taxonomy.open.path', 'Cargando taxonoma - abriendo la ruta', 'es-ES');
INSERT INTO OKM_TRANSLATION (TR_MODULE, TR_KEY, TR_TEXT, TR_LANGUAGE) VALUES ('frontend', 'startup.loading.taxonomy.getting.filebrowser.folders', 'Cargando taxonoma - obteniendo carpetas', 'es-ES');
INSERT INTO OKM_TRANSLATION (TR_MODULE, TR_KEY, TR_TEXT, TR_LANGUAGE) VALUES ('frontend', 'startup.loading.taxonomy.getting.filebrowser.documents', 'Cargando taxonoma - obteniendo documentos', 'es-ES');
INSERT INTO OKM_TRANSLATION (TR_MODULE, TR_KEY, TR_TEXT, TR_LANGUAGE) VALUES ('frontend', 'startup.loading.taxonomy.getting.filebrowser.mails', 'Cargando taxonoma - obteniendo correos electrnicos', 'es-ES');
INSERT INTO OKM_TRANSLATION (TR_MODULE, TR_KEY, TR_TEXT, TR_LANGUAGE) VALUES ('frontend', 'startup.loading.personal', 'Cargando personales', 'es-ES');
INSERT INTO OKM_TRANSLATION (TR_MODULE, TR_KEY, TR_TEXT, TR_LANGUAGE) VALUES ('frontend', 'startup.loading.mail', 'Cargando correos', 'es-ES');
INSERT INTO OKM_TRANSLATION (TR_MODULE, TR_KEY, TR_TEXT, TR_LANGUAGE) VALUES ('frontend', 'startup.loading.categories', 'Cargando categoras', 'es-ES');
INSERT INTO OKM_TRANSLATION (TR_MODULE, TR_KEY, TR_TEXT, TR_LANGUAGE) VALUES ('frontend', 'startup.loading.thesaurus', 'Cargando thesaurus', 'es-ES');
INSERT INTO OKM_TRANSLATION (TR_MODULE, TR_KEY, TR_TEXT, TR_LANGUAGE) VALUES ('frontend', 'startup.loading.templates', 'Cargando plantillas', 'es-ES');
INSERT INTO OKM_TRANSLATION (TR_MODULE, TR_KEY, TR_TEXT, TR_LANGUAGE) VALUES ('frontend', 'startup.loading.trash', 'Cargando papelera', 'es-ES');
INSERT INTO OKM_TRANSLATION (TR_MODULE, TR_KEY, TR_TEXT, TR_LANGUAGE) VALUES ('frontend', 'startup.loading.history.search', 'Cargando histrico de bsquedas', 'es-ES');
INSERT INTO OKM_TRANSLATION (TR_MODULE, TR_KEY, TR_TEXT, TR_LANGUAGE) VALUES ('frontend', 'startup.loading.user.values', 'Cargando datos del usuario', 'es-ES');
INSERT INTO OKM_TRANSLATION (TR_MODULE, TR_KEY, TR_TEXT, TR_LANGUAGE) VALUES ('frontend', 'startup.keep.alive', 'Cargando keep alive', 'es-ES');
INSERT INTO OKM_TRANSLATION (TR_MODULE, TR_KEY, TR_TEXT, TR_LANGUAGE) VALUES ('frontend', 'openkm.update.available', 'Actualizacin disponible de OpenKM', 'es-ES');
INSERT INTO OKM_TRANSLATION (TR_MODULE, TR_KEY, TR_TEXT, TR_LANGUAGE) VALUES ('frontend', 'leftpanel.label.taxonomy', 'Taxonoma', 'es-ES');
INSERT INTO OKM_TRANSLATION (TR_MODULE, TR_KEY, TR_TEXT, TR_LANGUAGE) VALUES ('frontend', 'leftpanel.label.trash', 'Papelera', 'es-ES');
INSERT INTO OKM_TRANSLATION (TR_MODULE, TR_KEY, TR_TEXT, TR_LANGUAGE) VALUES ('frontend', 'leftpanel.label.mail', 'Correo electrnico', 'es-ES');
INSERT INTO OKM_TRANSLATION (TR_MODULE, TR_KEY, TR_TEXT, TR_LANGUAGE) VALUES ('frontend', 'leftpanel.label.stored.search', 'Bsquedas almacenadas', 'es-ES');
INSERT INTO OKM_TRANSLATION (TR_MODULE, TR_KEY, TR_TEXT, TR_LANGUAGE) VALUES ('frontend', 'leftpanel.label.categories', 'Categoras', 'es-ES');
INSERT INTO OKM_TRANSLATION (TR_MODULE, TR_KEY, TR_TEXT, TR_LANGUAGE) VALUES ('frontend', 'leftpanel.label.thesaurus', 'Thesaurus', 'es-ES');
INSERT INTO OKM_TRANSLATION (TR_MODULE, TR_KEY, TR_TEXT, TR_LANGUAGE) VALUES ('frontend', 'leftpanel.label.templates', 'Plantillas', 'es-ES');
INSERT INTO OKM_TRANSLATION (TR_MODULE, TR_KEY, TR_TEXT, TR_LANGUAGE) VALUES ('frontend', 'leftpanel.label.my.documents', 'Documentos personales', 'es-ES');
INSERT INTO OKM_TRANSLATION (TR_MODULE, TR_KEY, TR_TEXT, TR_LANGUAGE) VALUES ('frontend', 'leftpanel.label.user.search', 'Novedades de usuario', 'es-ES');
INSERT INTO OKM_TRANSLATION (TR_MODULE, TR_KEY, TR_TEXT, TR_LANGUAGE) VALUES ('frontend', 'leftpanel.label.all.repository', 'En todo el repositorio', 'es-ES');
INSERT INTO OKM_TRANSLATION (TR_MODULE, TR_KEY, TR_TEXT, TR_LANGUAGE) VALUES ('frontend', 'tree.menu.directory.create', 'Crear carpeta', 'es-ES');
INSERT INTO OKM_TRANSLATION (TR_MODULE, TR_KEY, TR_TEXT, TR_LANGUAGE) VALUES ('frontend', 'tree.menu.directory.remove', 'Eliminar', 'es-ES');
INSERT INTO OKM_TRANSLATION (TR_MODULE, TR_KEY, TR_TEXT, TR_LANGUAGE) VALUES ('frontend', 'tree.menu.directory.rename', 'Renombrar', 'es-ES');
INSERT INTO OKM_TRANSLATION (TR_MODULE, TR_KEY, TR_TEXT, TR_LANGUAGE) VALUES ('frontend', 'tree.menu.directory.refresh', 'Refrescar', 'es-ES');
INSERT INTO OKM_TRANSLATION (TR_MODULE, TR_KEY, TR_TEXT, TR_LANGUAGE) VALUES ('frontend', 'tree.menu.directory.move', 'Mover', 'es-ES');
INSERT INTO OKM_TRANSLATION (TR_MODULE, TR_KEY, TR_TEXT, TR_LANGUAGE) VALUES ('frontend', 'tree.menu.directory.copy', 'Copiar', 'es-ES');
INSERT INTO OKM_TRANSLATION (TR_MODULE, TR_KEY, TR_TEXT, TR_LANGUAGE) VALUES ('frontend', 'tree.menu.directory.add.document', 'Aadir documento', 'es-ES');
INSERT INTO OKM_TRANSLATION (TR_MODULE, TR_KEY, TR_TEXT, TR_LANGUAGE) VALUES ('frontend', 'tree.menu.add.bookmark', 'Aadir marcador', 'es-ES');
INSERT INTO OKM_TRANSLATION (TR_MODULE, TR_KEY, TR_TEXT, TR_LANGUAGE) VALUES ('frontend', 'tree.menu.set.home', 'Establecer inicio', 'es-ES');
INSERT INTO OKM_TRANSLATION (TR_MODULE, TR_KEY, TR_TEXT, TR_LANGUAGE) VALUES ('frontend', 'tree.menu.export', 'Exportar a fichero', 'es-ES');
INSERT INTO OKM_TRANSLATION (TR_MODULE, TR_KEY, TR_TEXT, TR_LANGUAGE) VALUES ('frontend', 'tree.status.refresh.folder', 'Actualizando rbol de carpetas', 'es-ES');
INSERT INTO OKM_TRANSLATION (TR_MODULE, TR_KEY, TR_TEXT, TR_LANGUAGE) VALUES ('frontend', 'tree.status.refresh.create', 'Creando carpeta', 'es-ES');
INSERT INTO OKM_TRANSLATION (TR_MODULE, TR_KEY, TR_TEXT, TR_LANGUAGE) VALUES ('frontend', 'tree.status.refresh.delete', 'Eliminando carpeta', 'es-ES');
INSERT INTO OKM_TRANSLATION (TR_MODULE, TR_KEY, TR_TEXT, TR_LANGUAGE) VALUES ('frontend', 'tree.status.refresh.rename', 'Renombrando carpeta', 'es-ES');
INSERT INTO OKM_TRANSLATION (TR_MODULE, TR_KEY, TR_TEXT, TR_LANGUAGE) VALUES ('frontend', 'tree.status.refresh.restore', 'Restaurando carpeta', 'es-ES');
INSERT INTO OKM_TRANSLATION (TR_MODULE, TR_KEY, TR_TEXT, TR_LANGUAGE) VALUES ('frontend', 'tree.status.refresh.purge', 'Eliminando carpeta', 'es-ES');
INSERT INTO OKM_TRANSLATION (TR_MODULE, TR_KEY, TR_TEXT, TR_LANGUAGE) VALUES ('frontend', 'tree.status.refresh.get', 'Actualizando carpeta', 'es-ES');
INSERT INTO OKM_TRANSLATION (TR_MODULE, TR_KEY, TR_TEXT, TR_LANGUAGE) VALUES ('frontend', 'tree.folder.new', 'Nueva carpeta', 'es-ES');
INSERT INTO OKM_TRANSLATION (TR_MODULE, TR_KEY, TR_TEXT, TR_LANGUAGE) VALUES ('frontend', 'tree.status.refresh.add.subscription', 'Estableciendo suscripcin', 'es-ES');
INSERT INTO OKM_TRANSLATION (TR_MODULE, TR_KEY, TR_TEXT, TR_LANGUAGE) VALUES ('frontend', 'tree.status.refresh.remove.subscription', 'Eliminando suscripcin', 'es-ES');
INSERT INTO OKM_TRANSLATION (TR_MODULE, TR_KEY, TR_TEXT, TR_LANGUAGE) VALUES ('frontend', 'tree.status.refresh.get.root', 'Refrescando carpeta inicial', 'es-ES');
INSERT INTO OKM_TRANSLATION (TR_MODULE, TR_KEY, TR_TEXT, TR_LANGUAGE) VALUES ('frontend', 'tree.status.refresh.get.keywords', 'Refrescando palabras clave', 'es-ES');
INSERT INTO OKM_TRANSLATION (TR_MODULE, TR_KEY, TR_TEXT, TR_LANGUAGE) VALUES ('frontend', 'tree.status.refresh.get.user.home', 'Obteniendo inicio del usuario', 'es-ES');
INSERT INTO OKM_TRANSLATION (TR_MODULE, TR_KEY, TR_TEXT, TR_LANGUAGE) VALUES ('frontend', 'tree.status.refresh.purge.trash', 'Vaciando papelera', 'es-ES');
INSERT INTO OKM_TRANSLATION (TR_MODULE, TR_KEY, TR_TEXT, TR_LANGUAGE) VALUES ('frontend', 'tree.menu.directory.find.folder', 'Buscar carpeta', 'es-ES');
INSERT INTO OKM_TRANSLATION (TR_MODULE, TR_KEY, TR_TEXT, TR_LANGUAGE) VALUES ('frontend', 'trash.menu.directory.restore', 'Restaurar', 'es-ES');
INSERT INTO OKM_TRANSLATION (TR_MODULE, TR_KEY, TR_TEXT, TR_LANGUAGE) VALUES ('frontend', 'trash.menu.directory.purge', 'Eliminar', 'es-ES');
INSERT INTO OKM_TRANSLATION (TR_MODULE, TR_KEY, TR_TEXT, TR_LANGUAGE) VALUES ('frontend', 'trash.menu.directory.purge.trash', 'Vaciar papelera', 'es-ES');
INSERT INTO OKM_TRANSLATION (TR_MODULE, TR_KEY, TR_TEXT, TR_LANGUAGE) VALUES ('frontend', 'trash.directory.select.label', 'Seleccionar capeta de destino', 'es-ES');
INSERT INTO OKM_TRANSLATION (TR_MODULE, TR_KEY, TR_TEXT, TR_LANGUAGE) VALUES ('frontend', 'general.menu.file', 'Archivo', 'es-ES');
INSERT INTO OKM_TRANSLATION (TR_MODULE, TR_KEY, TR_TEXT, TR_LANGUAGE) VALUES ('frontend', 'general.menu.file.exit', 'Salir', 'es-ES');
INSERT INTO OKM_TRANSLATION (TR_MODULE, TR_KEY, TR_TEXT, TR_LANGUAGE) VALUES ('frontend', 'general.menu.file.purge.trash', 'Vaciar papelera', 'es-ES');
INSERT INTO OKM_TRANSLATION (TR_MODULE, TR_KEY, TR_TEXT, TR_LANGUAGE) VALUES ('frontend', 'general.menu.edit', 'Edicin', 'es-ES');
INSERT INTO OKM_TRANSLATION (TR_MODULE, TR_KEY, TR_TEXT, TR_LANGUAGE) VALUES ('frontend', 'general.menu.file.create.directory', 'Crear carpeta', 'es-ES');
INSERT INTO OKM_TRANSLATION (TR_MODULE, TR_KEY, TR_TEXT, TR_LANGUAGE) VALUES ('frontend', 'general.menu.file.download.document', 'Descargar documento', 'es-ES');
INSERT INTO OKM_TRANSLATION (TR_MODULE, TR_KEY, TR_TEXT, TR_LANGUAGE) VALUES ('frontend', 'general.menu.file.download.document.pdf', 'Descargar documento como PDF', 'es-ES');
INSERT INTO OKM_TRANSLATION (TR_MODULE, TR_KEY, TR_TEXT, TR_LANGUAGE) VALUES ('frontend', 'general.menu.file.send.link', 'Enviar enlace del documento', 'es-ES');
INSERT INTO OKM_TRANSLATION (TR_MODULE, TR_KEY, TR_TEXT, TR_LANGUAGE) VALUES ('frontend', 'general.menu.file.send.attachment', 'Enviar documento adjunto', 'es-ES');
INSERT INTO OKM_TRANSLATION (TR_MODULE, TR_KEY, TR_TEXT, TR_LANGUAGE) VALUES ('frontend', 'general.menu.file.lock', 'Bloquear', 'es-ES');
INSERT INTO OKM_TRANSLATION (TR_MODULE, TR_KEY, TR_TEXT, TR_LANGUAGE) VALUES ('frontend', 'general.menu.file.unlock', 'Desbloquear', 'es-ES');
INSERT INTO OKM_TRANSLATION (TR_MODULE, TR_KEY, TR_TEXT, TR_LANGUAGE) VALUES ('frontend', 'general.menu.file.add.document', 'Aadir documento', 'es-ES');
INSERT INTO OKM_TRANSLATION (TR_MODULE, TR_KEY, TR_TEXT, TR_LANGUAGE) VALUES ('frontend', 'general.menu.file.checkout', 'Checkout', 'es-ES');
INSERT INTO OKM_TRANSLATION (TR_MODULE, TR_KEY, TR_TEXT, TR_LANGUAGE) VALUES ('frontend', 'general.menu.file.checkin', 'Checkin', 'es-ES');
INSERT INTO OKM_TRANSLATION (TR_MODULE, TR_KEY, TR_TEXT, TR_LANGUAGE) VALUES ('frontend', 'general.menu.file.cancel.checkout', 'Cancelar checkout', 'es-ES');
INSERT INTO OKM_TRANSLATION (TR_MODULE, TR_KEY, TR_TEXT, TR_LANGUAGE) VALUES ('frontend', 'general.menu.file.delete', 'Eliminar', 'es-ES');
INSERT INTO OKM_TRANSLATION (TR_MODULE, TR_KEY, TR_TEXT, TR_LANGUAGE) VALUES ('frontend', 'general.menu.file.refresh', 'Refrescar', 'es-ES');
INSERT INTO OKM_TRANSLATION (TR_MODULE, TR_KEY, TR_TEXT, TR_LANGUAGE) VALUES ('frontend', 'general.menu.file.scanner', 'Scanner', 'es-ES');
INSERT INTO OKM_TRANSLATION (TR_MODULE, TR_KEY, TR_TEXT, TR_LANGUAGE) VALUES ('frontend', 'general.menu.file.uploader', 'Subida de ficheros', 'es-ES');
INSERT INTO OKM_TRANSLATION (TR_MODULE, TR_KEY, TR_TEXT, TR_LANGUAGE) VALUES ('frontend', 'general.menu.tools', 'Herramientas', 'es-ES');
INSERT INTO OKM_TRANSLATION (TR_MODULE, TR_KEY, TR_TEXT, TR_LANGUAGE) VALUES ('frontend', 'general.menu.tools.languages', 'Idiomas', 'es-ES');
INSERT INTO OKM_TRANSLATION (TR_MODULE, TR_KEY, TR_TEXT, TR_LANGUAGE) VALUES ('frontend', 'general.menu.tools.skin', 'Apariencia', 'es-ES');
INSERT INTO OKM_TRANSLATION (TR_MODULE, TR_KEY, TR_TEXT, TR_LANGUAGE) VALUES ('frontend', 'general.menu.tools.skin.default', 'Por defecto', 'es-ES');
INSERT INTO OKM_TRANSLATION (TR_MODULE, TR_KEY, TR_TEXT, TR_LANGUAGE) VALUES ('frontend', 'general.menu.tools.skin.default2', 'Por defecto 2', 'es-ES');
INSERT INTO OKM_TRANSLATION (TR_MODULE, TR_KEY, TR_TEXT, TR_LANGUAGE) VALUES ('frontend', 'general.menu.tools.skin.mediumfont', 'Fuente mediana', 'es-ES');
INSERT INTO OKM_TRANSLATION (TR_MODULE, TR_KEY, TR_TEXT, TR_LANGUAGE) VALUES ('frontend', 'general.menu.tools.skin.bigfont', 'Fuente grande', 'es-ES');
INSERT INTO OKM_TRANSLATION (TR_MODULE, TR_KEY, TR_TEXT, TR_LANGUAGE) VALUES ('frontend', 'general.menu.debug.console', 'Consola de depuracin', 'es-ES');
INSERT INTO OKM_TRANSLATION (TR_MODULE, TR_KEY, TR_TEXT, TR_LANGUAGE) VALUES ('frontend', 'general.menu.administration', 'Mostrar administracin', 'es-ES');
INSERT INTO OKM_TRANSLATION (TR_MODULE, TR_KEY, TR_TEXT, TR_LANGUAGE) VALUES ('frontend', 'general.menu.tools.preferences', 'Prefererencias', 'es-ES');
INSERT INTO OKM_TRANSLATION (TR_MODULE, TR_KEY, TR_TEXT, TR_LANGUAGE) VALUES ('frontend', 'general.menu.tools.user.preferences', 'Configuracin del usuario', 'es-ES');
INSERT INTO OKM_TRANSLATION (TR_MODULE, TR_KEY, TR_TEXT, TR_LANGUAGE) VALUES ('frontend', 'general.menu.bookmark', 'Marcadores', 'es-ES');
INSERT INTO OKM_TRANSLATION (TR_MODULE, TR_KEY, TR_TEXT, TR_LANGUAGE) VALUES ('frontend', 'general.menu.bookmark.home', 'Inicio', 'es-ES');
INSERT INTO OKM_TRANSLATION (TR_MODULE, TR_KEY, TR_TEXT, TR_LANGUAGE) VALUES ('frontend', 'general.menu.bookmark.default.home', 'Establecer inicio por defecto', 'es-ES');
INSERT INTO OKM_TRANSLATION (TR_MODULE, TR_KEY, TR_TEXT, TR_LANGUAGE) VALUES ('frontend', 'general.menu.bookmark.edit', 'Editar marcadores', 'es-ES');
INSERT INTO OKM_TRANSLATION (TR_MODULE, TR_KEY, TR_TEXT, TR_LANGUAGE) VALUES ('frontend', 'general.menu.help', 'Ayuda', 'es-ES');
INSERT INTO OKM_TRANSLATION (TR_MODULE, TR_KEY, TR_TEXT, TR_LANGUAGE) VALUES ('frontend', 'general.menu.bug.report', 'Reportar fallos', 'es-ES');
INSERT INTO OKM_TRANSLATION (TR_MODULE, TR_KEY, TR_TEXT, TR_LANGUAGE) VALUES ('frontend', 'general.menu.support.request', 'Solicitud soporte', 'es-ES');
INSERT INTO OKM_TRANSLATION (TR_MODULE, TR_KEY, TR_TEXT, TR_LANGUAGE) VALUES ('frontend', 'general.menu.public.forum', 'Foro pblico', 'es-ES');
INSERT INTO OKM_TRANSLATION (TR_MODULE, TR_KEY, TR_TEXT, TR_LANGUAGE) VALUES ('frontend', 'general.menu.project.web', 'Web del proyecto', 'es-ES');
INSERT INTO OKM_TRANSLATION (TR_MODULE, TR_KEY, TR_TEXT, TR_LANGUAGE) VALUES ('frontend', 'general.menu.documentation', 'Documentacin', 'es-ES');
INSERT INTO OKM_TRANSLATION (TR_MODULE, TR_KEY, TR_TEXT, TR_LANGUAGE) VALUES ('frontend', 'general.menu.version.changes', 'Notas de la versin', 'es-ES');
INSERT INTO OKM_TRANSLATION (TR_MODULE, TR_KEY, TR_TEXT, TR_LANGUAGE) VALUES ('frontend', 'general.menu.about', 'Sobre OpenKM', 'es-ES');
INSERT INTO OKM_TRANSLATION (TR_MODULE, TR_KEY, TR_TEXT, TR_LANGUAGE) VALUES ('frontend', 'general.connected', 'Conectado como', 'es-ES');
INSERT INTO OKM_TRANSLATION (TR_MODULE, TR_KEY, TR_TEXT, TR_LANGUAGE) VALUES ('frontend', 'filebrowser.name', 'Nombre', 'es-ES');
INSERT INTO OKM_TRANSLATION (TR_MODULE, TR_KEY, TR_TEXT, TR_LANGUAGE) VALUES ('frontend', 'filebrowser.date.update', 'Fecha de modificacin', 'es-ES');
INSERT INTO OKM_TRANSLATION (TR_MODULE, TR_KEY, TR_TEXT, TR_LANGUAGE) VALUES ('frontend', 'filebrowser.size', 'Tamao', 'es-ES');
INSERT INTO OKM_TRANSLATION (TR_MODULE, TR_KEY, TR_TEXT, TR_LANGUAGE) VALUES ('frontend', 'filebrowser.path', 'Ruta', 'es-ES');
INSERT INTO OKM_TRANSLATION (TR_MODULE, TR_KEY, TR_TEXT, TR_LANGUAGE) VALUES ('frontend', 'filebrowser.author', 'Autor', 'es-ES');
INSERT INTO OKM_TRANSLATION (TR_MODULE, TR_KEY, TR_TEXT, TR_LANGUAGE) VALUES ('frontend', 'filebrowser.version', 'Versin', 'es-ES');
INSERT INTO OKM_TRANSLATION (TR_MODULE, TR_KEY, TR_TEXT, TR_LANGUAGE) VALUES ('frontend', 'filebrowser.menu.checkout', 'Check-out', 'es-ES');
INSERT INTO OKM_TRANSLATION (TR_MODULE, TR_KEY, TR_TEXT, TR_LANGUAGE) VALUES ('frontend', 'filebrowser.menu.checkin', 'Check-in', 'es-ES');
INSERT INTO OKM_TRANSLATION (TR_MODULE, TR_KEY, TR_TEXT, TR_LANGUAGE) VALUES ('frontend', 'filebrowser.menu.delete', 'Eliminar', 'es-ES');
INSERT INTO OKM_TRANSLATION (TR_MODULE, TR_KEY, TR_TEXT, TR_LANGUAGE) VALUES ('frontend', 'filebrowser.menu.rename', 'Renombrar', 'es-ES');
INSERT INTO OKM_TRANSLATION (TR_MODULE, TR_KEY, TR_TEXT, TR_LANGUAGE) VALUES ('frontend', 'filebrowser.menu.checkout.cancel', 'Cancelar check-out', 'es-ES');
INSERT INTO OKM_TRANSLATION (TR_MODULE, TR_KEY, TR_TEXT, TR_LANGUAGE) VALUES ('frontend', 'filebrowser.menu.lock', 'Bloquear', 'es-ES');
INSERT INTO OKM_TRANSLATION (TR_MODULE, TR_KEY, TR_TEXT, TR_LANGUAGE) VALUES ('frontend', 'filebrowser.menu.unlock', 'Desbloquear', 'es-ES');
INSERT INTO OKM_TRANSLATION (TR_MODULE, TR_KEY, TR_TEXT, TR_LANGUAGE) VALUES ('frontend', 'filebrowser.menu.download', 'Descargar', 'es-ES');
INSERT INTO OKM_TRANSLATION (TR_MODULE, TR_KEY, TR_TEXT, TR_LANGUAGE) VALUES ('frontend', 'filebrowser.menu.move', 'Mover', 'es-ES');
INSERT INTO OKM_TRANSLATION (TR_MODULE, TR_KEY, TR_TEXT, TR_LANGUAGE) VALUES ('frontend', 'filebrowser.menu.copy', 'Copiar', 'es-ES');
INSERT INTO OKM_TRANSLATION (TR_MODULE, TR_KEY, TR_TEXT, TR_LANGUAGE) VALUES ('frontend', 'filebrowser.menu.create.from.template', 'Crear desde plantilla', 'es-ES');
INSERT INTO OKM_TRANSLATION (TR_MODULE, TR_KEY, TR_TEXT, TR_LANGUAGE) VALUES ('frontend', 'filebrowser.menu.add.property.group', 'Aadir grupo de propiedades', 'es-ES');
INSERT INTO OKM_TRANSLATION (TR_MODULE, TR_KEY, TR_TEXT, TR_LANGUAGE) VALUES ('frontend', 'filebrowser.menu.remove.property.group', 'Eliminar grupo de propiedades', 'es-ES');
INSERT INTO OKM_TRANSLATION (TR_MODULE, TR_KEY, TR_TEXT, TR_LANGUAGE) VALUES ('frontend', 'filebrowser.menu.start.workflow', 'Iniciar workflow', 'es-ES');
INSERT INTO OKM_TRANSLATION (TR_MODULE, TR_KEY, TR_TEXT, TR_LANGUAGE) VALUES ('frontend', 'filebrowser.menu.add.subscription', 'Aadir suscripcin', 'es-ES');
INSERT INTO OKM_TRANSLATION (TR_MODULE, TR_KEY, TR_TEXT, TR_LANGUAGE) VALUES ('frontend', 'filebrowser.menu.remove.subscription', 'Eliminar suscripcin', 'es-ES');
INSERT INTO OKM_TRANSLATION (TR_MODULE, TR_KEY, TR_TEXT, TR_LANGUAGE) VALUES ('frontend', 'filebrowser.menu.add.bookmark', 'Aadir marcador', 'es-ES');
INSERT INTO OKM_TRANSLATION (TR_MODULE, TR_KEY, TR_TEXT, TR_LANGUAGE) VALUES ('frontend', 'filebrowser.menu.set.home', 'Establecer inicio', 'es-ES');
INSERT INTO OKM_TRANSLATION (TR_MODULE, TR_KEY, TR_TEXT, TR_LANGUAGE) VALUES ('frontend', 'filebrowser.menu.refresh', 'Refrescar', 'es-ES');
INSERT INTO OKM_TRANSLATION (TR_MODULE, TR_KEY, TR_TEXT, TR_LANGUAGE) VALUES ('frontend', 'filebrowser.menu.export', 'Exportar a ZIP', 'es-ES');
INSERT INTO OKM_TRANSLATION (TR_MODULE, TR_KEY, TR_TEXT, TR_LANGUAGE) VALUES ('frontend', 'filebrowser.menu.play', 'Reproducir', 'es-ES');
INSERT INTO OKM_TRANSLATION (TR_MODULE, TR_KEY, TR_TEXT, TR_LANGUAGE) VALUES ('frontend', 'filebrowser.menu.image.viewer', 'Visor de imgenes', 'es-ES');
INSERT INTO OKM_TRANSLATION (TR_MODULE, TR_KEY, TR_TEXT, TR_LANGUAGE) VALUES ('frontend', 'filebrowser.status.refresh.folder', 'Actualizando lista de carpetas', 'es-ES');
INSERT INTO OKM_TRANSLATION (TR_MODULE, TR_KEY, TR_TEXT, TR_LANGUAGE) VALUES ('frontend', 'filebrowser.status.refresh.document', 'Actualizando lista de documentos', 'es-ES');
INSERT INTO OKM_TRANSLATION (TR_MODULE, TR_KEY, TR_TEXT, TR_LANGUAGE) VALUES ('frontend', 'filebrowser.status.refresh.mail', 'Actualizando lista de correos electrnicos', 'es-ES');
INSERT INTO OKM_TRANSLATION (TR_MODULE, TR_KEY, TR_TEXT, TR_LANGUAGE) VALUES ('frontend', 'filebrowser.status.refresh.delete.folder', 'Eliminando carpeta', 'es-ES');
INSERT INTO OKM_TRANSLATION (TR_MODULE, TR_KEY, TR_TEXT, TR_LANGUAGE) VALUES ('frontend', 'filebrowser.status.refresh.delete.document', 'Eliminando documento', 'es-ES');
INSERT INTO OKM_TRANSLATION (TR_MODULE, TR_KEY, TR_TEXT, TR_LANGUAGE) VALUES ('frontend', 'filebrowser.status.refresh.checkout', 'Realizando checkout', 'es-ES');
INSERT INTO OKM_TRANSLATION (TR_MODULE, TR_KEY, TR_TEXT, TR_LANGUAGE) VALUES ('frontend', 'filebrowser.status.refresh.lock', 'Estableciendo lock', 'es-ES');
INSERT INTO OKM_TRANSLATION (TR_MODULE, TR_KEY, TR_TEXT, TR_LANGUAGE) VALUES ('frontend', 'filebrowser.status.refresh.unlock', 'Eliminando lock', 'es-ES');
INSERT INTO OKM_TRANSLATION (TR_MODULE, TR_KEY, TR_TEXT, TR_LANGUAGE) VALUES ('frontend', 'filebrowser.status.refresh.document.rename', 'Renombrando documento', 'es-ES');
INSERT INTO OKM_TRANSLATION (TR_MODULE, TR_KEY, TR_TEXT, TR_LANGUAGE) VALUES ('frontend', 'filebrowser.status.refresh.folder.rename', 'Renombrando carpeta', 'es-ES');
INSERT INTO OKM_TRANSLATION (TR_MODULE, TR_KEY, TR_TEXT, TR_LANGUAGE) VALUES ('frontend', 'filebrowser.status.refresh.document.purge', 'Eliminando documento', 'es-ES');
INSERT INTO OKM_TRANSLATION (TR_MODULE, TR_KEY, TR_TEXT, TR_LANGUAGE) VALUES ('frontend', 'filebrowser.status.refresh.folder.purge', 'Eliminando carpeta', 'es-ES');
INSERT INTO OKM_TRANSLATION (TR_MODULE, TR_KEY, TR_TEXT, TR_LANGUAGE) VALUES ('frontend', 'filebrowser.status.refresh.folder.get', 'Actualizando carpeta', 'es-ES');
INSERT INTO OKM_TRANSLATION (TR_MODULE, TR_KEY, TR_TEXT, TR_LANGUAGE) VALUES ('frontend', 'filebrowser.status.refresh.document.get', 'Actualizando documento', 'es-ES');
INSERT INTO OKM_TRANSLATION (TR_MODULE, TR_KEY, TR_TEXT, TR_LANGUAGE) VALUES ('frontend', 'filebrowser.status.refresh.add.subscription', 'Estableciendo suscripcin', 'es-ES');
INSERT INTO OKM_TRANSLATION (TR_MODULE, TR_KEY, TR_TEXT, TR_LANGUAGE) VALUES ('frontend', 'filebrowser.status.refresh.remove.subscription', 'Eliminando suscripcin', 'es-ES');
INSERT INTO OKM_TRANSLATION (TR_MODULE, TR_KEY, TR_TEXT, TR_LANGUAGE) VALUES ('frontend', 'filebrowser.status.refresh.get.user.home', 'Obteniendo inicio', 'es-ES');
INSERT INTO OKM_TRANSLATION (TR_MODULE, TR_KEY, TR_TEXT, TR_LANGUAGE) VALUES ('frontend', 'filebrowser.status.refresh.delete.mail', 'Eliminando correo electrnico', 'es-ES');
INSERT INTO OKM_TRANSLATION (TR_MODULE, TR_KEY, TR_TEXT, TR_LANGUAGE) VALUES ('frontend', 'filebrowser.status.refresh.mail.purge', 'Eliminando correo electrnico', 'es-ES');
INSERT INTO OKM_TRANSLATION (TR_MODULE, TR_KEY, TR_TEXT, TR_LANGUAGE) VALUES ('frontend', 'fileupload.send', 'Enviar', 'es-ES');
INSERT INTO OKM_TRANSLATION (TR_MODULE, TR_KEY, TR_TEXT, TR_LANGUAGE) VALUES ('frontend', 'fileupload.status.sending', 'Subiendo el fichero...', 'es-ES');
INSERT INTO OKM_TRANSLATION (TR_MODULE, TR_KEY, TR_TEXT, TR_LANGUAGE) VALUES ('frontend', 'fileupload.status.indexing', 'Indexando el fichero...', 'es-ES');
INSERT INTO OKM_TRANSLATION (TR_MODULE, TR_KEY, TR_TEXT, TR_LANGUAGE) VALUES ('frontend', 'fileupload.status.ok', 'Envo completado correctamente', 'es-ES');
INSERT INTO OKM_TRANSLATION (TR_MODULE, TR_KEY, TR_TEXT, TR_LANGUAGE) VALUES ('frontend', 'fileupload.upload.status', 'Estado envio', 'es-ES');
INSERT INTO OKM_TRANSLATION (TR_MODULE, TR_KEY, TR_TEXT, TR_LANGUAGE) VALUES ('frontend', 'fileupload.upload.uploaded', 'Completado', 'es-ES');
INSERT INTO OKM_TRANSLATION (TR_MODULE, TR_KEY, TR_TEXT, TR_LANGUAGE) VALUES ('frontend', 'fileupload.upload.completed', 'Envio completado', 'es-ES');
INSERT INTO OKM_TRANSLATION (TR_MODULE, TR_KEY, TR_TEXT, TR_LANGUAGE) VALUES ('frontend', 'fileupload.upload.runtime', 'Tiempo de ejecucin', 'es-ES');
INSERT INTO OKM_TRANSLATION (TR_MODULE, TR_KEY, TR_TEXT, TR_LANGUAGE) VALUES ('frontend', 'fileupload.upload.remaining', 'falta', 'es-ES');
INSERT INTO OKM_TRANSLATION (TR_MODULE, TR_KEY, TR_TEXT, TR_LANGUAGE) VALUES ('frontend', 'fileupload.button.close', 'Cerrar', 'es-ES');
INSERT INTO OKM_TRANSLATION (TR_MODULE, TR_KEY, TR_TEXT, TR_LANGUAGE) VALUES ('frontend', 'fileupload.button.add.other.file', 'Aadir otro fichero', 'es-ES');
INSERT INTO OKM_TRANSLATION (TR_MODULE, TR_KEY, TR_TEXT, TR_LANGUAGE) VALUES ('frontend', 'fileupload.status.move.file', 'Moviendo el fichero...', 'es-ES');
INSERT INTO OKM_TRANSLATION (TR_MODULE, TR_KEY, TR_TEXT, TR_LANGUAGE) VALUES ('frontend', 'fileupload.status.move.mail', 'Moviendo el correo electrnico...', 'es-ES');
INSERT INTO OKM_TRANSLATION (TR_MODULE, TR_KEY, TR_TEXT, TR_LANGUAGE) VALUES ('frontend', 'fileupload.status.copy.file', 'Copiando el fichero...', 'es-ES');
INSERT INTO OKM_TRANSLATION (TR_MODULE, TR_KEY, TR_TEXT, TR_LANGUAGE) VALUES ('frontend', 'fileupload.status.copy.mail', 'Copiando el correo electrnico...', 'es-ES');
INSERT INTO OKM_TRANSLATION (TR_MODULE, TR_KEY, TR_TEXT, TR_LANGUAGE) VALUES ('frontend', 'fileupload.status.restore.file', 'Restaurando el fichero...', 'es-ES');
INSERT INTO OKM_TRANSLATION (TR_MODULE, TR_KEY, TR_TEXT, TR_LANGUAGE) VALUES ('frontend', 'fileupload.status.restore.mail', 'Restaurando el correo electrnico...', 'es-ES');
INSERT INTO OKM_TRANSLATION (TR_MODULE, TR_KEY, TR_TEXT, TR_LANGUAGE) VALUES ('frontend', 'fileupload.status.move.folder', 'Moviendo la carpeta...', 'es-ES');
INSERT INTO OKM_TRANSLATION (TR_MODULE, TR_KEY, TR_TEXT, TR_LANGUAGE) VALUES ('frontend', 'fileupload.status.copy.folder', 'Copiando la carpeta...', 'es-ES');
INSERT INTO OKM_TRANSLATION (TR_MODULE, TR_KEY, TR_TEXT, TR_LANGUAGE) VALUES ('frontend', 'fileupload.status.restore.folder', 'Restaurando la carpeta...', 'es-ES');
INSERT INTO OKM_TRANSLATION (TR_MODULE, TR_KEY, TR_TEXT, TR_LANGUAGE) VALUES ('frontend', 'fileupload.status.create.from.template', 'Creando el fichero desde la plantilla...', 'es-ES');
INSERT INTO OKM_TRANSLATION (TR_MODULE, TR_KEY, TR_TEXT, TR_LANGUAGE) VALUES ('frontend', 'fileupload.status.of', 'de', 'es-ES');
INSERT INTO OKM_TRANSLATION (TR_MODULE, TR_KEY, TR_TEXT, TR_LANGUAGE) VALUES ('frontend', 'fileupload.label.insert', 'Insercin de documentos', 'es-ES');
INSERT INTO OKM_TRANSLATION (TR_MODULE, TR_KEY, TR_TEXT, TR_LANGUAGE) VALUES ('frontend', 'fileupload.label.update', 'Actualizacin de documentos', 'es-ES');
INSERT INTO OKM_TRANSLATION (TR_MODULE, TR_KEY, TR_TEXT, TR_LANGUAGE) VALUES ('frontend', 'fileupload.label.users.notify', 'Notificar a los usuarios', 'es-ES');
INSERT INTO OKM_TRANSLATION (TR_MODULE, TR_KEY, TR_TEXT, TR_LANGUAGE) VALUES ('frontend', 'fileupload.label.comment', 'Comentario', 'es-ES');
INSERT INTO OKM_TRANSLATION (TR_MODULE, TR_KEY, TR_TEXT, TR_LANGUAGE) VALUES ('frontend', 'fileupload.label.users.to.notify', 'Usuarios a notificar', 'es-ES');
INSERT INTO OKM_TRANSLATION (TR_MODULE, TR_KEY, TR_TEXT, TR_LANGUAGE) VALUES ('frontend', 'fileupload.label.users', 'Usuarios', 'es-ES');
INSERT INTO OKM_TRANSLATION (TR_MODULE, TR_KEY, TR_TEXT, TR_LANGUAGE) VALUES ('frontend', 'fileupload.label.groups.to.notify', 'Grupos a notificar', 'es-ES');
INSERT INTO OKM_TRANSLATION (TR_MODULE, TR_KEY, TR_TEXT, TR_LANGUAGE) VALUES ('frontend', 'fileupload.label.groups', 'Grupos', 'es-ES');
INSERT INTO OKM_TRANSLATION (TR_MODULE, TR_KEY, TR_TEXT, TR_LANGUAGE) VALUES ('frontend', 'fileupload.label.must.select.users', 'Seleccione algn usuario al que notificar', 'es-ES');
INSERT INTO OKM_TRANSLATION (TR_MODULE, TR_KEY, TR_TEXT, TR_LANGUAGE) VALUES ('frontend', 'fileupload.label.importZip', 'Importar documentos desde ZIP', 'es-ES');
INSERT INTO OKM_TRANSLATION (TR_MODULE, TR_KEY, TR_TEXT, TR_LANGUAGE) VALUES ('frontend', 'fileupload.label.notify.comment', 'Mensaje de notificacin', 'es-ES');
INSERT INTO OKM_TRANSLATION (TR_MODULE, TR_KEY, TR_TEXT, TR_LANGUAGE) VALUES ('frontend', 'fileupload.label.error.importing.zip', 'Error al importar el fichero', 'es-ES');
INSERT INTO OKM_TRANSLATION (TR_MODULE, TR_KEY, TR_TEXT, TR_LANGUAGE) VALUES ('frontend', 'fileupload.label.error.move.file', 'Error moviendo el fichero', 'es-ES');
INSERT INTO OKM_TRANSLATION (TR_MODULE, TR_KEY, TR_TEXT, TR_LANGUAGE) VALUES ('frontend', 'fileupload.label.error.move.mail', 'Error moviendo el correo electrnico', 'es-ES');
INSERT INTO OKM_TRANSLATION (TR_MODULE, TR_KEY, TR_TEXT, TR_LANGUAGE) VALUES ('frontend', 'fileupload.label.error.copy.file', 'Error copiando el fichero', 'es-ES');
INSERT INTO OKM_TRANSLATION (TR_MODULE, TR_KEY, TR_TEXT, TR_LANGUAGE) VALUES ('frontend', 'fileupload.label.error.copy.mail', 'Error copiando el correo electrnico', 'es-ES');
INSERT INTO OKM_TRANSLATION (TR_MODULE, TR_KEY, TR_TEXT, TR_LANGUAGE) VALUES ('frontend', 'fileupload.label.error.restore.file', 'Error restaurando el fichero', 'es-ES');
INSERT INTO OKM_TRANSLATION (TR_MODULE, TR_KEY, TR_TEXT, TR_LANGUAGE) VALUES ('frontend', 'fileupload.label.error.restore.mail', 'Error restaurando el correo electrnico', 'es-ES');
INSERT INTO OKM_TRANSLATION (TR_MODULE, TR_KEY, TR_TEXT, TR_LANGUAGE) VALUES ('frontend', 'fileupload.label.error.move.folder', 'Error moviendo la carpeta', 'es-ES');
INSERT INTO OKM_TRANSLATION (TR_MODULE, TR_KEY, TR_TEXT, TR_LANGUAGE) VALUES ('frontend', 'fileupload.label.error.copy.folder', 'Error copiando la carpeta', 'es-ES');
INSERT INTO OKM_TRANSLATION (TR_MODULE, TR_KEY, TR_TEXT, TR_LANGUAGE) VALUES ('frontend', 'fileupload.label.error.restore.folder', 'Error restaurando la carpeta', 'es-ES');
INSERT INTO OKM_TRANSLATION (TR_MODULE, TR_KEY, TR_TEXT, TR_LANGUAGE) VALUES ('frontend', 'fileupload.label.error.create.from.template', 'Error creando fichero desde la plantilla', 'es-ES');
INSERT INTO OKM_TRANSLATION (TR_MODULE, TR_KEY, TR_TEXT, TR_LANGUAGE) VALUES ('frontend', 'fileupload.label.error.not.allowed.move.folder.child', 'No se permite mover en la carpeta origen o hijas', 'es-ES');
INSERT INTO OKM_TRANSLATION (TR_MODULE, TR_KEY, TR_TEXT, TR_LANGUAGE) VALUES ('frontend', 'fileupload.label.error.not.allowed.copy.same.folder', 'No se permite copiar en la carpeta origen', 'es-ES');
INSERT INTO OKM_TRANSLATION (TR_MODULE, TR_KEY, TR_TEXT, TR_LANGUAGE) VALUES ('frontend', 'fileupload.label.error.not.allowed.create.from.template.same.folder', 'No se permite crear un fichero en la carpeta origen', 'es-ES');
INSERT INTO OKM_TRANSLATION (TR_MODULE, TR_KEY, TR_TEXT, TR_LANGUAGE) VALUES ('frontend', 'tab.document.properties', 'Propiedades', 'es-ES');
INSERT INTO OKM_TRANSLATION (TR_MODULE, TR_KEY, TR_TEXT, TR_LANGUAGE) VALUES ('frontend', 'tab.document.notes', 'Notas', 'es-ES');
INSERT INTO OKM_TRANSLATION (TR_MODULE, TR_KEY, TR_TEXT, TR_LANGUAGE) VALUES ('frontend', 'tab.document.history', 'Historial', 'es-ES');
INSERT INTO OKM_TRANSLATION (TR_MODULE, TR_KEY, TR_TEXT, TR_LANGUAGE) VALUES ('frontend', 'tab.document.status.history', 'Actualizando historial', 'es-ES');
INSERT INTO OKM_TRANSLATION (TR_MODULE, TR_KEY, TR_TEXT, TR_LANGUAGE) VALUES ('frontend', 'tab.status.security.role', 'Actualizando seguridad roles', 'es-ES');
INSERT INTO OKM_TRANSLATION (TR_MODULE, TR_KEY, TR_TEXT, TR_LANGUAGE) VALUES ('frontend', 'tab.status.security.user', 'Actualizando seguridad usuarios', 'es-ES');
INSERT INTO OKM_TRANSLATION (TR_MODULE, TR_KEY, TR_TEXT, TR_LANGUAGE) VALUES ('frontend', 'tab.document.status.group.properties', 'Actualizando grupo de propiedades', 'es-ES');
INSERT INTO OKM_TRANSLATION (TR_MODULE, TR_KEY, TR_TEXT, TR_LANGUAGE) VALUES ('frontend', 'tab.document.status.set.keywords', 'Estableciendo palabras clave', 'es-ES');
INSERT INTO OKM_TRANSLATION (TR_MODULE, TR_KEY, TR_TEXT, TR_LANGUAGE) VALUES ('frontend', 'tab.document.status.set.categories', 'Actualizando categoras', 'es-ES');
INSERT INTO OKM_TRANSLATION (TR_MODULE, TR_KEY, TR_TEXT, TR_LANGUAGE) VALUES ('frontend', 'tab.document.status.get.version.history.size', 'Refrescando el tamao del histrico del documento', 'es-ES');
INSERT INTO OKM_TRANSLATION (TR_MODULE, TR_KEY, TR_TEXT, TR_LANGUAGE) VALUES ('frontend', 'tab.document.status.purge.version.history', 'Compactando el histrico de documentos', 'es-ES');
INSERT INTO OKM_TRANSLATION (TR_MODULE, TR_KEY, TR_TEXT, TR_LANGUAGE) VALUES ('frontend', 'tab.document.status.restore.version', 'Restaurando la versin del documento', 'es-ES');
INSERT INTO OKM_TRANSLATION (TR_MODULE, TR_KEY, TR_TEXT, TR_LANGUAGE) VALUES ('frontend', 'tab.document.security', 'Seguridad', 'es-ES');
INSERT INTO OKM_TRANSLATION (TR_MODULE, TR_KEY, TR_TEXT, TR_LANGUAGE) VALUES ('frontend', 'tab.document.preview', 'Previsualizar', 'es-ES');
INSERT INTO OKM_TRANSLATION (TR_MODULE, TR_KEY, TR_TEXT, TR_LANGUAGE) VALUES ('frontend', 'tab.folder.properties', 'Propiedades', 'es-ES');
INSERT INTO OKM_TRANSLATION (TR_MODULE, TR_KEY, TR_TEXT, TR_LANGUAGE) VALUES ('frontend', 'tab.folder.security', 'Seguridad', 'es-ES');
INSERT INTO OKM_TRANSLATION (TR_MODULE, TR_KEY, TR_TEXT, TR_LANGUAGE) VALUES ('frontend', 'tab.folder.notes', 'Notas', 'es-ES');
INSERT INTO OKM_TRANSLATION (TR_MODULE, TR_KEY, TR_TEXT, TR_LANGUAGE) VALUES ('frontend', 'tab.workspace.desktop', 'Escritorio', 'es-ES');
INSERT INTO OKM_TRANSLATION (TR_MODULE, TR_KEY, TR_TEXT, TR_LANGUAGE) VALUES ('frontend', 'tab.workspace.search', 'Buscador', 'es-ES');
INSERT INTO OKM_TRANSLATION (TR_MODULE, TR_KEY, TR_TEXT, TR_LANGUAGE) VALUES ('frontend', 'tab.workspace.dashboard', 'Tabln', 'es-ES');
INSERT INTO OKM_TRANSLATION (TR_MODULE, TR_KEY, TR_TEXT, TR_LANGUAGE) VALUES ('frontend', 'tab.workspace.administration', 'Administracin', 'es-ES');
INSERT INTO OKM_TRANSLATION (TR_MODULE, TR_KEY, TR_TEXT, TR_LANGUAGE) VALUES ('frontend', 'document.uuid', 'UUID', 'es-ES');
INSERT INTO OKM_TRANSLATION (TR_MODULE, TR_KEY, TR_TEXT, TR_LANGUAGE) VALUES ('frontend', 'document.name', 'Nombre', 'es-ES');
INSERT INTO OKM_TRANSLATION (TR_MODULE, TR_KEY, TR_TEXT, TR_LANGUAGE) VALUES ('frontend', 'document.folder', 'Carpeta', 'es-ES');
INSERT INTO OKM_TRANSLATION (TR_MODULE, TR_KEY, TR_TEXT, TR_LANGUAGE) VALUES ('frontend', 'document.size', 'Tamao', 'es-ES');
INSERT INTO OKM_TRANSLATION (TR_MODULE, TR_KEY, TR_TEXT, TR_LANGUAGE) VALUES ('frontend', 'document.created', 'Creado', 'es-ES');
INSERT INTO OKM_TRANSLATION (TR_MODULE, TR_KEY, TR_TEXT, TR_LANGUAGE) VALUES ('frontend', 'document.lastmodified', 'Modificado', 'es-ES');
INSERT INTO OKM_TRANSLATION (TR_MODULE, TR_KEY, TR_TEXT, TR_LANGUAGE) VALUES ('frontend', 'document.mimetype', 'Tipo MIME', 'es-ES');
INSERT INTO OKM_TRANSLATION (TR_MODULE, TR_KEY, TR_TEXT, TR_LANGUAGE) VALUES ('frontend', 'document.keywords', 'Palabras clave', 'es-ES');
INSERT INTO OKM_TRANSLATION (TR_MODULE, TR_KEY, TR_TEXT, TR_LANGUAGE) VALUES ('frontend', 'document.by', 'por', 'es-ES');
INSERT INTO OKM_TRANSLATION (TR_MODULE, TR_KEY, TR_TEXT, TR_LANGUAGE) VALUES ('frontend', 'document.status', 'Estado', 'es-ES');
INSERT INTO OKM_TRANSLATION (TR_MODULE, TR_KEY, TR_TEXT, TR_LANGUAGE) VALUES ('frontend', 'document.status.checkout', 'Editado por', 'es-ES');
INSERT INTO OKM_TRANSLATION (TR_MODULE, TR_KEY, TR_TEXT, TR_LANGUAGE) VALUES ('frontend', 'document.status.locked', 'Bloqueado por', 'es-ES');
INSERT INTO OKM_TRANSLATION (TR_MODULE, TR_KEY, TR_TEXT, TR_LANGUAGE) VALUES ('frontend', 'document.status.normal', 'Disponible', 'es-ES');
INSERT INTO OKM_TRANSLATION (TR_MODULE, TR_KEY, TR_TEXT, TR_LANGUAGE) VALUES ('frontend', 'document.subscribed', 'Suscrito', 'es-ES');
INSERT INTO OKM_TRANSLATION (TR_MODULE, TR_KEY, TR_TEXT, TR_LANGUAGE) VALUES ('frontend', 'document.subscribed.yes', 'S', 'es-ES');
INSERT INTO OKM_TRANSLATION (TR_MODULE, TR_KEY, TR_TEXT, TR_LANGUAGE) VALUES ('frontend', 'document.subscribed.no', 'No', 'es-ES');
INSERT INTO OKM_TRANSLATION (TR_MODULE, TR_KEY, TR_TEXT, TR_LANGUAGE) VALUES ('frontend', 'document.history.size', 'Tamao del histrico', 'es-ES');
INSERT INTO OKM_TRANSLATION (TR_MODULE, TR_KEY, TR_TEXT, TR_LANGUAGE) VALUES ('frontend', 'document.subscribed.users', 'Usuarios suscritos', 'es-ES');
INSERT INTO OKM_TRANSLATION (TR_MODULE, TR_KEY, TR_TEXT, TR_LANGUAGE) VALUES ('frontend', 'document.url', 'URL', 'es-ES');
INSERT INTO OKM_TRANSLATION (TR_MODULE, TR_KEY, TR_TEXT, TR_LANGUAGE) VALUES ('frontend', 'document.webdav', 'WebDAV', 'es-ES');
INSERT INTO OKM_TRANSLATION (TR_MODULE, TR_KEY, TR_TEXT, TR_LANGUAGE) VALUES ('frontend', 'document.add.note', 'Aadir nota', 'es-ES');
INSERT INTO OKM_TRANSLATION (TR_MODULE, TR_KEY, TR_TEXT, TR_LANGUAGE) VALUES ('frontend', 'document.keywords.cloud', 'Nube de palabras clave', 'es-ES');
INSERT INTO OKM_TRANSLATION (TR_MODULE, TR_KEY, TR_TEXT, TR_LANGUAGE) VALUES ('frontend', 'document.categories', 'Categoras', 'es-ES');
INSERT INTO OKM_TRANSLATION (TR_MODULE, TR_KEY, TR_TEXT, TR_LANGUAGE) VALUES ('frontend', 'folder.uuid', 'UUID', 'es-ES');
INSERT INTO OKM_TRANSLATION (TR_MODULE, TR_KEY, TR_TEXT, TR_LANGUAGE) VALUES ('frontend', 'folder.name', 'Nombre', 'es-ES');
INSERT INTO OKM_TRANSLATION (TR_MODULE, TR_KEY, TR_TEXT, TR_LANGUAGE) VALUES ('frontend', 'folder.parent', 'Padre', 'es-ES');
INSERT INTO OKM_TRANSLATION (TR_MODULE, TR_KEY, TR_TEXT, TR_LANGUAGE) VALUES ('frontend', 'folder.created', 'Creado', 'es-ES');
INSERT INTO OKM_TRANSLATION (TR_MODULE, TR_KEY, TR_TEXT, TR_LANGUAGE) VALUES ('frontend', 'folder.by', 'por', 'es-ES');
INSERT INTO OKM_TRANSLATION (TR_MODULE, TR_KEY, TR_TEXT, TR_LANGUAGE) VALUES ('frontend', 'folder.subscribed', 'Suscrito', 'es-ES');
INSERT INTO OKM_TRANSLATION (TR_MODULE, TR_KEY, TR_TEXT, TR_LANGUAGE) VALUES ('frontend', 'folder.subscribed.yes', 'S', 'es-ES');
INSERT INTO OKM_TRANSLATION (TR_MODULE, TR_KEY, TR_TEXT, TR_LANGUAGE) VALUES ('frontend', 'folder.subscribed.no', 'No', 'es-ES');
INSERT INTO OKM_TRANSLATION (TR_MODULE, TR_KEY, TR_TEXT, TR_LANGUAGE) VALUES ('frontend', 'folder.subscribed.users', 'Usuarios suscritos', 'es-ES');
INSERT INTO OKM_TRANSLATION (TR_MODULE, TR_KEY, TR_TEXT, TR_LANGUAGE) VALUES ('frontend', 'folder.url', 'URL', 'es-ES');
INSERT INTO OKM_TRANSLATION (TR_MODULE, TR_KEY, TR_TEXT, TR_LANGUAGE) VALUES ('frontend', 'folder.webdav', 'WebDAV', 'es-ES');
INSERT INTO OKM_TRANSLATION (TR_MODULE, TR_KEY, TR_TEXT, TR_LANGUAGE) VALUES ('frontend', 'folder.number.folders', 'Carpetas', 'es-ES');
INSERT INTO OKM_TRANSLATION (TR_MODULE, TR_KEY, TR_TEXT, TR_LANGUAGE) VALUES ('frontend', 'folder.number.documents', 'Documentos', 'es-ES');
INSERT INTO OKM_TRANSLATION (TR_MODULE, TR_KEY, TR_TEXT, TR_LANGUAGE) VALUES ('frontend', 'folder.number.mails', 'Correos electrnicos', 'es-ES');
INSERT INTO OKM_TRANSLATION (TR_MODULE, TR_KEY, TR_TEXT, TR_LANGUAGE) VALUES ('frontend', 'version.name', 'Versin', 'es-ES');
INSERT INTO OKM_TRANSLATION (TR_MODULE, TR_KEY, TR_TEXT, TR_LANGUAGE) VALUES ('frontend', 'version.created', 'Fecha', 'es-ES');
INSERT INTO OKM_TRANSLATION (TR_MODULE, TR_KEY, TR_TEXT, TR_LANGUAGE) VALUES ('frontend', 'version.author', 'Autor', 'es-ES');
INSERT INTO OKM_TRANSLATION (TR_MODULE, TR_KEY, TR_TEXT, TR_LANGUAGE) VALUES ('frontend', 'version.size', 'Tamao', 'es-ES');
INSERT INTO OKM_TRANSLATION (TR_MODULE, TR_KEY, TR_TEXT, TR_LANGUAGE) VALUES ('frontend', 'version.purge.document', 'Compactar histrico', 'es-ES');
INSERT INTO OKM_TRANSLATION (TR_MODULE, TR_KEY, TR_TEXT, TR_LANGUAGE) VALUES ('frontend', 'version.comment', 'Comentario', 'es-ES');
INSERT INTO OKM_TRANSLATION (TR_MODULE, TR_KEY, TR_TEXT, TR_LANGUAGE) VALUES ('frontend', 'security.label', 'Seguridad', 'es-ES');
INSERT INTO OKM_TRANSLATION (TR_MODULE, TR_KEY, TR_TEXT, TR_LANGUAGE) VALUES ('frontend', 'security.group.name', 'Grupo', 'es-ES');
INSERT INTO OKM_TRANSLATION (TR_MODULE, TR_KEY, TR_TEXT, TR_LANGUAGE) VALUES ('frontend', 'security.group.permission.read', 'Lectura', 'es-ES');
INSERT INTO OKM_TRANSLATION (TR_MODULE, TR_KEY, TR_TEXT, TR_LANGUAGE) VALUES ('frontend', 'security.group.permission.write', 'Escritura', 'es-ES');
INSERT INTO OKM_TRANSLATION (TR_MODULE, TR_KEY, TR_TEXT, TR_LANGUAGE) VALUES ('frontend', 'security.group.permission.delete', 'Borrado', 'es-ES');
INSERT INTO OKM_TRANSLATION (TR_MODULE, TR_KEY, TR_TEXT, TR_LANGUAGE) VALUES ('frontend', 'security.group.permission.security', 'Seguridad', 'es-ES');
INSERT INTO OKM_TRANSLATION (TR_MODULE, TR_KEY, TR_TEXT, TR_LANGUAGE) VALUES ('frontend', 'security.user.name', 'Usuario', 'es-ES');
INSERT INTO OKM_TRANSLATION (TR_MODULE, TR_KEY, TR_TEXT, TR_LANGUAGE) VALUES ('frontend', 'security.user.permission.read', 'Lectura', 'es-ES');
INSERT INTO OKM_TRANSLATION (TR_MODULE, TR_KEY, TR_TEXT, TR_LANGUAGE) VALUES ('frontend', 'security.user.permission.write', 'Escritura', 'es-ES');
INSERT INTO OKM_TRANSLATION (TR_MODULE, TR_KEY, TR_TEXT, TR_LANGUAGE) VALUES ('frontend', 'security.user.permission.delete', 'Borrado', 'es-ES');
INSERT INTO OKM_TRANSLATION (TR_MODULE, TR_KEY, TR_TEXT, TR_LANGUAGE) VALUES ('frontend', 'security.user.permission.security', 'Seguridad', 'es-ES');
INSERT INTO OKM_TRANSLATION (TR_MODULE, TR_KEY, TR_TEXT, TR_LANGUAGE) VALUES ('frontend', 'security.users', 'Usuarios', 'es-ES');
INSERT INTO OKM_TRANSLATION (TR_MODULE, TR_KEY, TR_TEXT, TR_LANGUAGE) VALUES ('frontend', 'security.groups', 'Grupos', 'es-ES');
INSERT INTO OKM_TRANSLATION (TR_MODULE, TR_KEY, TR_TEXT, TR_LANGUAGE) VALUES ('frontend', 'security.recursive', 'Aplicar cambios de forma recursiva', 'es-ES');
INSERT INTO OKM_TRANSLATION (TR_MODULE, TR_KEY, TR_TEXT, TR_LANGUAGE) VALUES ('frontend', 'secutiry.filter.by.users', 'Filtro de usuarios', 'es-ES');
INSERT INTO OKM_TRANSLATION (TR_MODULE, TR_KEY, TR_TEXT, TR_LANGUAGE) VALUES ('frontend', 'secutiry.filter.by.groups', 'Filtro de grupos', 'es-ES');
INSERT INTO OKM_TRANSLATION (TR_MODULE, TR_KEY, TR_TEXT, TR_LANGUAGE) VALUES ('frontend', 'security.status.updating', 'Actualizando la seguridad', 'es-ES');
INSERT INTO OKM_TRANSLATION (TR_MODULE, TR_KEY, TR_TEXT, TR_LANGUAGE) VALUES ('frontend', 'preview.unavailable', 'Previsualizacin no disponible', 'es-ES');
INSERT INTO OKM_TRANSLATION (TR_MODULE, TR_KEY, TR_TEXT, TR_LANGUAGE) VALUES ('frontend', 'mail.from', 'Desde', 'es-ES');
INSERT INTO OKM_TRANSLATION (TR_MODULE, TR_KEY, TR_TEXT, TR_LANGUAGE) VALUES ('frontend', 'mail.reply', 'Contestar a', 'es-ES');
INSERT INTO OKM_TRANSLATION (TR_MODULE, TR_KEY, TR_TEXT, TR_LANGUAGE) VALUES ('frontend', 'mail.to', 'Para', 'es-ES');
INSERT INTO OKM_TRANSLATION (TR_MODULE, TR_KEY, TR_TEXT, TR_LANGUAGE) VALUES ('frontend', 'mail.subject', 'Asunto', 'es-ES');
INSERT INTO OKM_TRANSLATION (TR_MODULE, TR_KEY, TR_TEXT, TR_LANGUAGE) VALUES ('frontend', 'mail.attachment', 'Ficheros adjuntos', 'es-ES');
INSERT INTO OKM_TRANSLATION (TR_MODULE, TR_KEY, TR_TEXT, TR_LANGUAGE) VALUES ('frontend', 'error.label', 'El sistema ha generado un error', 'es-ES');
INSERT INTO OKM_TRANSLATION (TR_MODULE, TR_KEY, TR_TEXT, TR_LANGUAGE) VALUES ('frontend', 'error.invocation', 'Error de comunicacin con el servidor', 'es-ES');
INSERT INTO OKM_TRANSLATION (TR_MODULE, TR_KEY, TR_TEXT, TR_LANGUAGE) VALUES ('frontend', 'about.label', 'Sobre OpenKM', 'es-ES');
INSERT INTO OKM_TRANSLATION (TR_MODULE, TR_KEY, TR_TEXT, TR_LANGUAGE) VALUES ('frontend', 'about.loading', 'Cargando ...', 'es-ES');
INSERT INTO OKM_TRANSLATION (TR_MODULE, TR_KEY, TR_TEXT, TR_LANGUAGE) VALUES ('frontend', 'logout.label', 'Salir', 'es-ES');
INSERT INTO OKM_TRANSLATION (TR_MODULE, TR_KEY, TR_TEXT, TR_LANGUAGE) VALUES ('frontend', 'logout.closed', 'OpenKM se ha cerrado correctamente.', 'es-ES');
INSERT INTO OKM_TRANSLATION (TR_MODULE, TR_KEY, TR_TEXT, TR_LANGUAGE) VALUES ('frontend', 'logout.logout', 'OpenKM se est cerrando; por favor espere un momento', 'es-ES');
INSERT INTO OKM_TRANSLATION (TR_MODULE, TR_KEY, TR_TEXT, TR_LANGUAGE) VALUES ('frontend', 'confirm.label', 'Confirmacin', 'es-ES');
INSERT INTO OKM_TRANSLATION (TR_MODULE, TR_KEY, TR_TEXT, TR_LANGUAGE) VALUES ('frontend', 'confirm.delete.folder', 'Seguro que desea eliminar la carpeta?', 'es-ES');
INSERT INTO OKM_TRANSLATION (TR_MODULE, TR_KEY, TR_TEXT, TR_LANGUAGE) VALUES ('frontend', 'confirm.delete.document', 'Seguro que desea eliminar el documento?', 'es-ES');
INSERT INTO OKM_TRANSLATION (TR_MODULE, TR_KEY, TR_TEXT, TR_LANGUAGE) VALUES ('frontend', 'confirm.delete.trash', 'Seguro que desea vaciar la papelera?', 'es-ES');
INSERT INTO OKM_TRANSLATION (TR_MODULE, TR_KEY, TR_TEXT, TR_LANGUAGE) VALUES ('frontend', 'confirm.purge.folder', 'Seguro que desea eliminar la carpeta?', 'es-ES');
INSERT INTO OKM_TRANSLATION (TR_MODULE, TR_KEY, TR_TEXT, TR_LANGUAGE) VALUES ('frontend', 'confirm.purge.document', 'Seguro que desea eliminar el documento?', 'es-ES');
INSERT INTO OKM_TRANSLATION (TR_MODULE, TR_KEY, TR_TEXT, TR_LANGUAGE) VALUES ('frontend', 'confirm.delete.propety.group', 'Seguro que desea eliminar el grupo de propiedades?', 'es-ES');
INSERT INTO OKM_TRANSLATION (TR_MODULE, TR_KEY, TR_TEXT, TR_LANGUAGE) VALUES ('frontend', 'confirm.purge.version.history.document', 'Seguro que desea eliminar el histrico del documento?', 'es-ES');
INSERT INTO OKM_TRANSLATION (TR_MODULE, TR_KEY, TR_TEXT, TR_LANGUAGE) VALUES ('frontend', 'confirm.purge.restore.document', 'Seguro que desea restaurar a esta versin del histrico del documento?', 'es-ES');
INSERT INTO OKM_TRANSLATION (TR_MODULE, TR_KEY, TR_TEXT, TR_LANGUAGE) VALUES ('frontend', 'confirm.set.default.home', 'Seguro que desea establecer el inicio por defecto?', 'es-ES');
INSERT INTO OKM_TRANSLATION (TR_MODULE, TR_KEY, TR_TEXT, TR_LANGUAGE) VALUES ('frontend', 'confirm.delete.saved.search', 'Seguro que desea eliminar la consulta almacenada?', 'es-ES');
INSERT INTO OKM_TRANSLATION (TR_MODULE, TR_KEY, TR_TEXT, TR_LANGUAGE) VALUES ('frontend', 'confirm.delete.user.news', 'Seguro que desea eliminar la novedad de usuario?', 'es-ES');
INSERT INTO OKM_TRANSLATION (TR_MODULE, TR_KEY, TR_TEXT, TR_LANGUAGE) VALUES ('frontend', 'confirm.delete.mail', 'Seguro que desea eliminar el correo electrnico?', 'es-ES');
INSERT INTO OKM_TRANSLATION (TR_MODULE, TR_KEY, TR_TEXT, TR_LANGUAGE) VALUES ('frontend', 'confirm.get.pooled.workflow.task', 'Seguro que desea asignarse esta tarea?', 'es-ES');
INSERT INTO OKM_TRANSLATION (TR_MODULE, TR_KEY, TR_TEXT, TR_LANGUAGE) VALUES ('frontend', 'confirm.force.unlock', 'Seguro que desea forzar el desbloquear del documento?', 'es-ES');
INSERT INTO OKM_TRANSLATION (TR_MODULE, TR_KEY, TR_TEXT, TR_LANGUAGE) VALUES ('frontend', 'confirm.force.cancel.checkout', 'Seguro que desea forzar la cancelacin del documento editado?', 'es-ES');
INSERT INTO OKM_TRANSLATION (TR_MODULE, TR_KEY, TR_TEXT, TR_LANGUAGE) VALUES ('frontend', 'search.context', 'Contexto', 'es-ES');
INSERT INTO OKM_TRANSLATION (TR_MODULE, TR_KEY, TR_TEXT, TR_LANGUAGE) VALUES ('frontend', 'search.content', 'Contenido', 'es-ES');
INSERT INTO OKM_TRANSLATION (TR_MODULE, TR_KEY, TR_TEXT, TR_LANGUAGE) VALUES ('frontend', 'search.name', 'Nombre', 'es-ES');
INSERT INTO OKM_TRANSLATION (TR_MODULE, TR_KEY, TR_TEXT, TR_LANGUAGE) VALUES ('frontend', 'search.keywords', 'Palabras clave', 'es-ES');
INSERT INTO OKM_TRANSLATION (TR_MODULE, TR_KEY, TR_TEXT, TR_LANGUAGE) VALUES ('frontend', 'search.folder', 'Carpeta', 'es-ES');
INSERT INTO OKM_TRANSLATION (TR_MODULE, TR_KEY, TR_TEXT, TR_LANGUAGE) VALUES ('frontend', 'search.category', 'Categora', 'es-ES');
INSERT INTO OKM_TRANSLATION (TR_MODULE, TR_KEY, TR_TEXT, TR_LANGUAGE) VALUES ('frontend', 'search.results', 'Resultados', 'es-ES');
INSERT INTO OKM_TRANSLATION (TR_MODULE, TR_KEY, TR_TEXT, TR_LANGUAGE) VALUES ('frontend', 'search.to', 'al', 'es-ES');
INSERT INTO OKM_TRANSLATION (TR_MODULE, TR_KEY, TR_TEXT, TR_LANGUAGE) VALUES ('frontend', 'search.page.results', 'Resultados por pgina', 'es-ES');
INSERT INTO OKM_TRANSLATION (TR_MODULE, TR_KEY, TR_TEXT, TR_LANGUAGE) VALUES ('frontend', 'search.add.property.group', 'Aadir propiedad de grupo', 'es-ES');
INSERT INTO OKM_TRANSLATION (TR_MODULE, TR_KEY, TR_TEXT, TR_LANGUAGE) VALUES ('frontend', 'search.mimetype', 'Tipo documento', 'es-ES');
INSERT INTO OKM_TRANSLATION (TR_MODULE, TR_KEY, TR_TEXT, TR_LANGUAGE) VALUES ('frontend', 'search.type', 'Tipo', 'es-ES');
INSERT INTO OKM_TRANSLATION (TR_MODULE, TR_KEY, TR_TEXT, TR_LANGUAGE) VALUES ('frontend', 'search.type.document', 'Documento', 'es-ES');
INSERT INTO OKM_TRANSLATION (TR_MODULE, TR_KEY, TR_TEXT, TR_LANGUAGE) VALUES ('frontend', 'search.type.folder', 'Carpeta', 'es-ES');
INSERT INTO OKM_TRANSLATION (TR_MODULE, TR_KEY, TR_TEXT, TR_LANGUAGE) VALUES ('frontend', 'search.type.mail', 'Correo electrnico', 'es-ES');
INSERT INTO OKM_TRANSLATION (TR_MODULE, TR_KEY, TR_TEXT, TR_LANGUAGE) VALUES ('frontend', 'search.advanced', 'Bsqueda avanzada', 'es-ES');
INSERT INTO OKM_TRANSLATION (TR_MODULE, TR_KEY, TR_TEXT, TR_LANGUAGE) VALUES ('frontend', 'search.user', 'Usuario', 'es-ES');
INSERT INTO OKM_TRANSLATION (TR_MODULE, TR_KEY, TR_TEXT, TR_LANGUAGE) VALUES ('frontend', 'search.date.and', 'y', 'es-ES');
INSERT INTO OKM_TRANSLATION (TR_MODULE, TR_KEY, TR_TEXT, TR_LANGUAGE) VALUES ('frontend', 'search.date.range', 'Rango de fechas entre', 'es-ES');
INSERT INTO OKM_TRANSLATION (TR_MODULE, TR_KEY, TR_TEXT, TR_LANGUAGE) VALUES ('frontend', 'search.save.as.news', 'Guardar como novedades de usuario', 'es-ES');
INSERT INTO OKM_TRANSLATION (TR_MODULE, TR_KEY, TR_TEXT, TR_LANGUAGE) VALUES ('frontend', 'search.folder.filter', 'Filtrado por carpeta', 'es-ES');
INSERT INTO OKM_TRANSLATION (TR_MODULE, TR_KEY, TR_TEXT, TR_LANGUAGE) VALUES ('frontend', 'search.category.filter', 'Filtrado por categoras', 'es-ES');
INSERT INTO OKM_TRANSLATION (TR_MODULE, TR_KEY, TR_TEXT, TR_LANGUAGE) VALUES ('frontend', 'search.result.name', 'Nombre', 'es-ES');
INSERT INTO OKM_TRANSLATION (TR_MODULE, TR_KEY, TR_TEXT, TR_LANGUAGE) VALUES ('frontend', 'search.result.score', 'Relevancia', 'es-ES');
INSERT INTO OKM_TRANSLATION (TR_MODULE, TR_KEY, TR_TEXT, TR_LANGUAGE) VALUES ('frontend', 'search.result.size', 'Tamao', 'es-ES');
INSERT INTO OKM_TRANSLATION (TR_MODULE, TR_KEY, TR_TEXT, TR_LANGUAGE) VALUES ('frontend', 'search.result.date.update', 'Fecha de modificacin', 'es-ES');
INSERT INTO OKM_TRANSLATION (TR_MODULE, TR_KEY, TR_TEXT, TR_LANGUAGE) VALUES ('frontend', 'search.result.author', 'Autor', 'es-ES');
INSERT INTO OKM_TRANSLATION (TR_MODULE, TR_KEY, TR_TEXT, TR_LANGUAGE) VALUES ('frontend', 'search.result.version', 'Versin', 'es-ES');
INSERT INTO OKM_TRANSLATION (TR_MODULE, TR_KEY, TR_TEXT, TR_LANGUAGE) VALUES ('frontend', 'search.result.path', 'Ubicacin', 'es-ES');
INSERT INTO OKM_TRANSLATION (TR_MODULE, TR_KEY, TR_TEXT, TR_LANGUAGE) VALUES ('frontend', 'search.result.menu.download', 'Descargar', 'es-ES');
INSERT INTO OKM_TRANSLATION (TR_MODULE, TR_KEY, TR_TEXT, TR_LANGUAGE) VALUES ('frontend', 'search.result.menu.go.folder', 'Ir a la carpeta', 'es-ES');
INSERT INTO OKM_TRANSLATION (TR_MODULE, TR_KEY, TR_TEXT, TR_LANGUAGE) VALUES ('frontend', 'search.result.menu.go.document', 'Ir al documento', 'es-ES');
INSERT INTO OKM_TRANSLATION (TR_MODULE, TR_KEY, TR_TEXT, TR_LANGUAGE) VALUES ('frontend', 'search.result.status.findPaginated', 'Ejecutando bsqueda', 'es-ES');
INSERT INTO OKM_TRANSLATION (TR_MODULE, TR_KEY, TR_TEXT, TR_LANGUAGE) VALUES ('frontend', 'search.result.status.runsearch', 'Ejecutando bsqueda almacenada', 'es-ES');
INSERT INTO OKM_TRANSLATION (TR_MODULE, TR_KEY, TR_TEXT, TR_LANGUAGE) VALUES ('frontend', 'search.saved.run', 'Ejecutar', 'es-ES');
INSERT INTO OKM_TRANSLATION (TR_MODULE, TR_KEY, TR_TEXT, TR_LANGUAGE) VALUES ('frontend', 'search.saved.delete', 'Eliminar', 'es-ES');
INSERT INTO OKM_TRANSLATION (TR_MODULE, TR_KEY, TR_TEXT, TR_LANGUAGE) VALUES ('frontend', 'search.saved.status.getsearchs', 'Actualizando bsquedas almacenadas', 'es-ES');
INSERT INTO OKM_TRANSLATION (TR_MODULE, TR_KEY, TR_TEXT, TR_LANGUAGE) VALUES ('frontend', 'search.saved.status.savesearch', 'Almacenando bsqueda', 'es-ES');
INSERT INTO OKM_TRANSLATION (TR_MODULE, TR_KEY, TR_TEXT, TR_LANGUAGE) VALUES ('frontend', 'search.saved.status.deletesearch', 'Eliminando bsqueda almacenada', 'es-ES');
INSERT INTO OKM_TRANSLATION (TR_MODULE, TR_KEY, TR_TEXT, TR_LANGUAGE) VALUES ('frontend', 'search.saved.status.getusernews', 'Actualizando las novedades de usuario', 'es-ES');
INSERT INTO OKM_TRANSLATION (TR_MODULE, TR_KEY, TR_TEXT, TR_LANGUAGE) VALUES ('frontend', 'button.close', 'Cerrar', 'es-ES');
INSERT INTO OKM_TRANSLATION (TR_MODULE, TR_KEY, TR_TEXT, TR_LANGUAGE) VALUES ('frontend', 'button.logout', 'Salir', 'es-ES');
INSERT INTO OKM_TRANSLATION (TR_MODULE, TR_KEY, TR_TEXT, TR_LANGUAGE) VALUES ('frontend', 'button.update', 'Actualizar', 'es-ES');
INSERT INTO OKM_TRANSLATION (TR_MODULE, TR_KEY, TR_TEXT, TR_LANGUAGE) VALUES ('frontend', 'button.cancel', 'Cancelar', 'es-ES');
INSERT INTO OKM_TRANSLATION (TR_MODULE, TR_KEY, TR_TEXT, TR_LANGUAGE) VALUES ('frontend', 'button.accept', 'Aceptar', 'es-ES');
INSERT INTO OKM_TRANSLATION (TR_MODULE, TR_KEY, TR_TEXT, TR_LANGUAGE) VALUES ('frontend', 'button.restore', 'Restaurar', 'es-ES');
INSERT INTO OKM_TRANSLATION (TR_MODULE, TR_KEY, TR_TEXT, TR_LANGUAGE) VALUES ('frontend', 'button.move', 'Mover', 'es-ES');
INSERT INTO OKM_TRANSLATION (TR_MODULE, TR_KEY, TR_TEXT, TR_LANGUAGE) VALUES ('frontend', 'button.change', 'Modificar', 'es-ES');
INSERT INTO OKM_TRANSLATION (TR_MODULE, TR_KEY, TR_TEXT, TR_LANGUAGE) VALUES ('frontend', 'button.search', 'Buscar', 'es-ES');
INSERT INTO OKM_TRANSLATION (TR_MODULE, TR_KEY, TR_TEXT, TR_LANGUAGE) VALUES ('frontend', 'button.save.search', 'Guardar la consulta', 'es-ES');
INSERT INTO OKM_TRANSLATION (TR_MODULE, TR_KEY, TR_TEXT, TR_LANGUAGE) VALUES ('frontend', 'button.view', 'Ver', 'es-ES');
INSERT INTO OKM_TRANSLATION (TR_MODULE, TR_KEY, TR_TEXT, TR_LANGUAGE) VALUES ('frontend', 'button.clean', 'Limpiar', 'es-ES');
INSERT INTO OKM_TRANSLATION (TR_MODULE, TR_KEY, TR_TEXT, TR_LANGUAGE) VALUES ('frontend', 'button.add', 'Aadir', 'es-ES');
INSERT INTO OKM_TRANSLATION (TR_MODULE, TR_KEY, TR_TEXT, TR_LANGUAGE) VALUES ('frontend', 'button.delete', 'Eliminar', 'es-ES');
INSERT INTO OKM_TRANSLATION (TR_MODULE, TR_KEY, TR_TEXT, TR_LANGUAGE) VALUES ('frontend', 'button.copy', 'Copiar', 'es-ES');
INSERT INTO OKM_TRANSLATION (TR_MODULE, TR_KEY, TR_TEXT, TR_LANGUAGE) VALUES ('frontend', 'button.create', 'Crear', 'es-ES');
INSERT INTO OKM_TRANSLATION (TR_MODULE, TR_KEY, TR_TEXT, TR_LANGUAGE) VALUES ('frontend', 'button.show', 'Mostrar', 'es-ES');
INSERT INTO OKM_TRANSLATION (TR_MODULE, TR_KEY, TR_TEXT, TR_LANGUAGE) VALUES ('frontend', 'button.memory', 'Actualizar', 'es-ES');
INSERT INTO OKM_TRANSLATION (TR_MODULE, TR_KEY, TR_TEXT, TR_LANGUAGE) VALUES ('frontend', 'button.copy.clipboard', 'Copiar al portapapeles', 'es-ES');
INSERT INTO OKM_TRANSLATION (TR_MODULE, TR_KEY, TR_TEXT, TR_LANGUAGE) VALUES ('frontend', 'button.start', 'Iniciar', 'es-ES');
INSERT INTO OKM_TRANSLATION (TR_MODULE, TR_KEY, TR_TEXT, TR_LANGUAGE) VALUES ('frontend', 'button.select', 'Seleccionar', 'es-ES');
INSERT INTO OKM_TRANSLATION (TR_MODULE, TR_KEY, TR_TEXT, TR_LANGUAGE) VALUES ('frontend', 'button.test', 'Comprobar', 'es-ES');
INSERT INTO OKM_TRANSLATION (TR_MODULE, TR_KEY, TR_TEXT, TR_LANGUAGE) VALUES ('frontend', 'button.next', 'Siguiente', 'es-ES');
INSERT INTO OKM_TRANSLATION (TR_MODULE, TR_KEY, TR_TEXT, TR_LANGUAGE) VALUES ('frontend', 'group.label', 'Aadir grupo de propiedad', 'es-ES');
INSERT INTO OKM_TRANSLATION (TR_MODULE, TR_KEY, TR_TEXT, TR_LANGUAGE) VALUES ('frontend', 'group.group', 'Grupo', 'es-ES');
INSERT INTO OKM_TRANSLATION (TR_MODULE, TR_KEY, TR_TEXT, TR_LANGUAGE) VALUES ('frontend', 'group.property.group', 'Propiedad', 'es-ES');
INSERT INTO OKM_TRANSLATION (TR_MODULE, TR_KEY, TR_TEXT, TR_LANGUAGE) VALUES ('frontend', 'bookmark.label', 'Aadir marcador', 'es-ES');
INSERT INTO OKM_TRANSLATION (TR_MODULE, TR_KEY, TR_TEXT, TR_LANGUAGE) VALUES ('frontend', 'bookmark.name', 'Nombre', 'es-ES');
INSERT INTO OKM_TRANSLATION (TR_MODULE, TR_KEY, TR_TEXT, TR_LANGUAGE) VALUES ('frontend', 'bookmark.edit.label', 'Edicin de marcadores', 'es-ES');
INSERT INTO OKM_TRANSLATION (TR_MODULE, TR_KEY, TR_TEXT, TR_LANGUAGE) VALUES ('frontend', 'bookmark.path', 'Ruta', 'es-ES');
INSERT INTO OKM_TRANSLATION (TR_MODULE, TR_KEY, TR_TEXT, TR_LANGUAGE) VALUES ('frontend', 'bookmark.type', 'Tipo', 'es-ES');
INSERT INTO OKM_TRANSLATION (TR_MODULE, TR_KEY, TR_TEXT, TR_LANGUAGE) VALUES ('frontend', 'bookmark.type.document', 'Documento', 'es-ES');
INSERT INTO OKM_TRANSLATION (TR_MODULE, TR_KEY, TR_TEXT, TR_LANGUAGE) VALUES ('frontend', 'bookmark.type.folder', 'Carpeta', 'es-ES');
INSERT INTO OKM_TRANSLATION (TR_MODULE, TR_KEY, TR_TEXT, TR_LANGUAGE) VALUES ('frontend', 'notify.label', 'Enviar enlace del documento', 'es-ES');
INSERT INTO OKM_TRANSLATION (TR_MODULE, TR_KEY, TR_TEXT, TR_LANGUAGE) VALUES ('frontend', 'notify.label.attachment', 'Enviar documento adjunto', 'es-ES');
INSERT INTO OKM_TRANSLATION (TR_MODULE, TR_KEY, TR_TEXT, TR_LANGUAGE) VALUES ('frontend', 'status.document.copied', 'Documento marcado para copiar', 'es-ES');
INSERT INTO OKM_TRANSLATION (TR_MODULE, TR_KEY, TR_TEXT, TR_LANGUAGE) VALUES ('frontend', 'status.document.cut', 'Documento marcado para recortar', 'es-ES');
INSERT INTO OKM_TRANSLATION (TR_MODULE, TR_KEY, TR_TEXT, TR_LANGUAGE) VALUES ('frontend', 'status.folder.copied', 'Carpeta marcada para copiar', 'es-ES');
INSERT INTO OKM_TRANSLATION (TR_MODULE, TR_KEY, TR_TEXT, TR_LANGUAGE) VALUES ('frontend', 'status.folder.cut', 'Carpeta marcada para recortar', 'es-ES');
INSERT INTO OKM_TRANSLATION (TR_MODULE, TR_KEY, TR_TEXT, TR_LANGUAGE) VALUES ('frontend', 'status.keep.alive.error', 'Detectada prdida de conexin con el servidor (keep alive)', 'es-ES');
INSERT INTO OKM_TRANSLATION (TR_MODULE, TR_KEY, TR_TEXT, TR_LANGUAGE) VALUES ('frontend', 'status.debug.enabled', 'Depuracin activada', 'es-ES');
INSERT INTO OKM_TRANSLATION (TR_MODULE, TR_KEY, TR_TEXT, TR_LANGUAGE) VALUES ('frontend', 'status.debug.disabled', 'Depuracin desactivada', 'es-ES');
INSERT INTO OKM_TRANSLATION (TR_MODULE, TR_KEY, TR_TEXT, TR_LANGUAGE) VALUES ('frontend', 'status.network.error.detected', 'Detectado error de red', 'es-ES');
INSERT INTO OKM_TRANSLATION (TR_MODULE, TR_KEY, TR_TEXT, TR_LANGUAGE) VALUES ('frontend', 'calendar.day.sunday', 'Domingo', 'es-ES');
INSERT INTO OKM_TRANSLATION (TR_MODULE, TR_KEY, TR_TEXT, TR_LANGUAGE) VALUES ('frontend', 'calendar.day.monday', 'Lunes', 'es-ES');
INSERT INTO OKM_TRANSLATION (TR_MODULE, TR_KEY, TR_TEXT, TR_LANGUAGE) VALUES ('frontend', 'calendar.day.tuesday', 'Martes', 'es-ES');
INSERT INTO OKM_TRANSLATION (TR_MODULE, TR_KEY, TR_TEXT, TR_LANGUAGE) VALUES ('frontend', 'calendar.day.wednesday', 'Mircoles', 'es-ES');
INSERT INTO OKM_TRANSLATION (TR_MODULE, TR_KEY, TR_TEXT, TR_LANGUAGE) VALUES ('frontend', 'calendar.day.thursday', 'Jueves', 'es-ES');
INSERT INTO OKM_TRANSLATION (TR_MODULE, TR_KEY, TR_TEXT, TR_LANGUAGE) VALUES ('frontend', 'calendar.day.friday', 'Viernes', 'es-ES');
INSERT INTO OKM_TRANSLATION (TR_MODULE, TR_KEY, TR_TEXT, TR_LANGUAGE) VALUES ('frontend', 'calendar.day.saturday', 'Sbado', 'es-ES');
INSERT INTO OKM_TRANSLATION (TR_MODULE, TR_KEY, TR_TEXT, TR_LANGUAGE) VALUES ('frontend', 'calendar.month.january', 'Enero', 'es-ES');
INSERT INTO OKM_TRANSLATION (TR_MODULE, TR_KEY, TR_TEXT, TR_LANGUAGE) VALUES ('frontend', 'calendar.month.february', 'Febrero', 'es-ES');
INSERT INTO OKM_TRANSLATION (TR_MODULE, TR_KEY, TR_TEXT, TR_LANGUAGE) VALUES ('frontend', 'calendar.month.march', 'Marzo', 'es-ES');
INSERT INTO OKM_TRANSLATION (TR_MODULE, TR_KEY, TR_TEXT, TR_LANGUAGE) VALUES ('frontend', 'calendar.month.april', 'Abril', 'es-ES');
INSERT INTO OKM_TRANSLATION (TR_MODULE, TR_KEY, TR_TEXT, TR_LANGUAGE) VALUES ('frontend', 'calendar.month.may', 'Mayo', 'es-ES');
INSERT INTO OKM_TRANSLATION (TR_MODULE, TR_KEY, TR_TEXT, TR_LANGUAGE) VALUES ('frontend', 'calendar.month.june', 'Junio', 'es-ES');
INSERT INTO OKM_TRANSLATION (TR_MODULE, TR_KEY, TR_TEXT, TR_LANGUAGE) VALUES ('frontend', 'calendar.month.july', 'Julio', 'es-ES');
INSERT INTO OKM_TRANSLATION (TR_MODULE, TR_KEY, TR_TEXT, TR_LANGUAGE) VALUES ('frontend', 'calendar.month.august', 'Agosto', 'es-ES');
INSERT INTO OKM_TRANSLATION (TR_MODULE, TR_KEY, TR_TEXT, TR_LANGUAGE) VALUES ('frontend', 'calendar.month.september', 'Septiembre', 'es-ES');
INSERT INTO OKM_TRANSLATION (TR_MODULE, TR_KEY, TR_TEXT, TR_LANGUAGE) VALUES ('frontend', 'calendar.month.october', 'Octubre', 'es-ES');
INSERT INTO OKM_TRANSLATION (TR_MODULE, TR_KEY, TR_TEXT, TR_LANGUAGE) VALUES ('frontend', 'calendar.month.november', 'Noviembre', 'es-ES');
INSERT INTO OKM_TRANSLATION (TR_MODULE, TR_KEY, TR_TEXT, TR_LANGUAGE) VALUES ('frontend', 'calendar.month.december', 'Diciembre', 'es-ES');
INSERT INTO OKM_TRANSLATION (TR_MODULE, TR_KEY, TR_TEXT, TR_LANGUAGE) VALUES ('frontend', 'media.player.label', 'Reproductor multimedia', 'es-ES');
INSERT INTO OKM_TRANSLATION (TR_MODULE, TR_KEY, TR_TEXT, TR_LANGUAGE) VALUES ('frontend', 'image.viewer.label', 'Visor de imgenes', 'es-ES');
INSERT INTO OKM_TRANSLATION (TR_MODULE, TR_KEY, TR_TEXT, TR_LANGUAGE) VALUES ('frontend', 'image.viewer.zoom.in', 'Ampliar', 'es-ES');
INSERT INTO OKM_TRANSLATION (TR_MODULE, TR_KEY, TR_TEXT, TR_LANGUAGE) VALUES ('frontend', 'image.viewer.zoom.out', 'Reducir', 'es-ES');
INSERT INTO OKM_TRANSLATION (TR_MODULE, TR_KEY, TR_TEXT, TR_LANGUAGE) VALUES ('frontend', 'debug.console.label', 'Consola de depuracin', 'es-ES');
INSERT INTO OKM_TRANSLATION (TR_MODULE, TR_KEY, TR_TEXT, TR_LANGUAGE) VALUES ('frontend', 'debug.enable.disable', 'CTRL+Z para activar o desactivar el modo de depuracin', 'es-ES');
INSERT INTO OKM_TRANSLATION (TR_MODULE, TR_KEY, TR_TEXT, TR_LANGUAGE) VALUES ('frontend', 'dashboard.tab.general', 'General', 'es-ES');
INSERT INTO OKM_TRANSLATION (TR_MODULE, TR_KEY, TR_TEXT, TR_LANGUAGE) VALUES ('frontend', 'dashboard.tab.news', 'Novedades', 'es-ES');
INSERT INTO OKM_TRANSLATION (TR_MODULE, TR_KEY, TR_TEXT, TR_LANGUAGE) VALUES ('frontend', 'dashboard.tab.user', 'Usuario', 'es-ES');
INSERT INTO OKM_TRANSLATION (TR_MODULE, TR_KEY, TR_TEXT, TR_LANGUAGE) VALUES ('frontend', 'dashboard.tab.workflow', 'Workflow', 'es-ES');
INSERT INTO OKM_TRANSLATION (TR_MODULE, TR_KEY, TR_TEXT, TR_LANGUAGE) VALUES ('frontend', 'dashboard.tab.mail', 'Correo', 'es-ES');
INSERT INTO OKM_TRANSLATION (TR_MODULE, TR_KEY, TR_TEXT, TR_LANGUAGE) VALUES ('frontend', 'dashboard.tab.keymap', 'Palabras clave', 'es-ES');
INSERT INTO OKM_TRANSLATION (TR_MODULE, TR_KEY, TR_TEXT, TR_LANGUAGE) VALUES ('frontend', 'dashboard.new.items', 'Nuevos', 'es-ES');
INSERT INTO OKM_TRANSLATION (TR_MODULE, TR_KEY, TR_TEXT, TR_LANGUAGE) VALUES ('frontend', 'dashboard.user.locked.documents', 'Documentos bloqueados', 'es-ES');
INSERT INTO OKM_TRANSLATION (TR_MODULE, TR_KEY, TR_TEXT, TR_LANGUAGE) VALUES ('frontend', 'dashboard.user.checkout.documents', 'Documentos en checkout', 'es-ES');
INSERT INTO OKM_TRANSLATION (TR_MODULE, TR_KEY, TR_TEXT, TR_LANGUAGE) VALUES ('frontend', 'dashboard.user.last.modified.documents', 'ltimos documentos modificados', 'es-ES');
INSERT INTO OKM_TRANSLATION (TR_MODULE, TR_KEY, TR_TEXT, TR_LANGUAGE) VALUES ('frontend', 'dashboard.user.last.downloaded.documents', 'ltimos documentos descargados', 'es-ES');
INSERT INTO OKM_TRANSLATION (TR_MODULE, TR_KEY, TR_TEXT, TR_LANGUAGE) VALUES ('frontend', 'dashboard.user.subscribed.documents', 'Documentos suscritos', 'es-ES');
INSERT INTO OKM_TRANSLATION (TR_MODULE, TR_KEY, TR_TEXT, TR_LANGUAGE) VALUES ('frontend', 'dashboard.user.subscribed.folders', 'Carpetas suscritas', 'es-ES');
INSERT INTO OKM_TRANSLATION (TR_MODULE, TR_KEY, TR_TEXT, TR_LANGUAGE) VALUES ('frontend', 'dashboard.user.last.uploaded.documents', 'ltimos documentos subidos', 'es-ES');
INSERT INTO OKM_TRANSLATION (TR_MODULE, TR_KEY, TR_TEXT, TR_LANGUAGE) VALUES ('frontend', 'dashboard.general.last.week.top.downloaded.documents', 'Documentos ms vistos la ltima semana', 'es-ES');
INSERT INTO OKM_TRANSLATION (TR_MODULE, TR_KEY, TR_TEXT, TR_LANGUAGE) VALUES ('frontend', 'dashboard.general.last.month.top.downloaded.documents', 'Documentos ms vistos el ltimo mes', 'es-ES');
INSERT INTO OKM_TRANSLATION (TR_MODULE, TR_KEY, TR_TEXT, TR_LANGUAGE) VALUES ('frontend', 'dashboard.general.last.week.top.modified.documents', 'Documentos ms modificados la ltima semana', 'es-ES');
INSERT INTO OKM_TRANSLATION (TR_MODULE, TR_KEY, TR_TEXT, TR_LANGUAGE) VALUES ('frontend', 'dashboard.general.last.month.top.modified.documents', 'Documentos ms modificados el ltimo mes', 'es-ES');
INSERT INTO OKM_TRANSLATION (TR_MODULE, TR_KEY, TR_TEXT, TR_LANGUAGE) VALUES ('frontend', 'dashboard.general.last.uploaded.documents', 'ltimos documentos subidos', 'es-ES');
INSERT INTO OKM_TRANSLATION (TR_MODULE, TR_KEY, TR_TEXT, TR_LANGUAGE) VALUES ('frontend', 'dashboard.workflow.pending.tasks', 'Tareas pendientes', 'es-ES');
INSERT INTO OKM_TRANSLATION (TR_MODULE, TR_KEY, TR_TEXT, TR_LANGUAGE) VALUES ('frontend', 'dashboard.workflow.pending.tasks.unassigned', 'Tareas pendientes no asignadas', 'es-ES');
INSERT INTO OKM_TRANSLATION (TR_MODULE, TR_KEY, TR_TEXT, TR_LANGUAGE) VALUES ('frontend', 'dashboard.workflow.task', 'Tarea', 'es-ES');
INSERT INTO OKM_TRANSLATION (TR_MODULE, TR_KEY, TR_TEXT, TR_LANGUAGE) VALUES ('frontend', 'dashboard.workflow.task.id', 'ID', 'es-ES');
INSERT INTO OKM_TRANSLATION (TR_MODULE, TR_KEY, TR_TEXT, TR_LANGUAGE) VALUES ('frontend', 'dashboard.workflow.task.name', 'Nombre', 'es-ES');
INSERT INTO OKM_TRANSLATION (TR_MODULE, TR_KEY, TR_TEXT, TR_LANGUAGE) VALUES ('frontend', 'dashboard.workflow.task.created', 'Fecha de creacin', 'es-ES');
INSERT INTO OKM_TRANSLATION (TR_MODULE, TR_KEY, TR_TEXT, TR_LANGUAGE) VALUES ('frontend', 'dashboard.workflow.task.start', 'Fecha de inicio', 'es-ES');
INSERT INTO OKM_TRANSLATION (TR_MODULE, TR_KEY, TR_TEXT, TR_LANGUAGE) VALUES ('frontend', 'dashboard.workflow.task.duedate', 'Fecha lmite', 'es-ES');
INSERT INTO OKM_TRANSLATION (TR_MODULE, TR_KEY, TR_TEXT, TR_LANGUAGE) VALUES ('frontend', 'dashboard.workflow.task.end', 'Fecha de fin', 'es-ES');
INSERT INTO OKM_TRANSLATION (TR_MODULE, TR_KEY, TR_TEXT, TR_LANGUAGE) VALUES ('frontend', 'dashboard.workflow.task.description', 'Descripcin', 'es-ES');
INSERT INTO OKM_TRANSLATION (TR_MODULE, TR_KEY, TR_TEXT, TR_LANGUAGE) VALUES ('frontend', 'dashboard.workflow.task.process.instance', 'Instancia de proceso', 'es-ES');
INSERT INTO OKM_TRANSLATION (TR_MODULE, TR_KEY, TR_TEXT, TR_LANGUAGE) VALUES ('frontend', 'dashboard.workflow.task.process.id', 'ID', 'es-ES');
INSERT INTO OKM_TRANSLATION (TR_MODULE, TR_KEY, TR_TEXT, TR_LANGUAGE) VALUES ('frontend', 'dashboard.workflow.task.process.version', 'Versin', 'es-ES');
INSERT INTO OKM_TRANSLATION (TR_MODULE, TR_KEY, TR_TEXT, TR_LANGUAGE) VALUES ('frontend', 'dashboard.workflow.task.process.name', 'Nombre', 'es-ES');
INSERT INTO OKM_TRANSLATION (TR_MODULE, TR_KEY, TR_TEXT, TR_LANGUAGE) VALUES ('frontend', 'dashboard.workflow.task.process.description', 'Descripcin', 'es-ES');
INSERT INTO OKM_TRANSLATION (TR_MODULE, TR_KEY, TR_TEXT, TR_LANGUAGE) VALUES ('frontend', 'dashboard.workflow.task.process.data', 'Datos', 'es-ES');
INSERT INTO OKM_TRANSLATION (TR_MODULE, TR_KEY, TR_TEXT, TR_LANGUAGE) VALUES ('frontend', 'dashboard.workflow.comments', 'Commentario', 'es-ES');
INSERT INTO OKM_TRANSLATION (TR_MODULE, TR_KEY, TR_TEXT, TR_LANGUAGE) VALUES ('frontend', 'dashboard.workflow.task.process.forms', 'Formulario', 'es-ES');
INSERT INTO OKM_TRANSLATION (TR_MODULE, TR_KEY, TR_TEXT, TR_LANGUAGE) VALUES ('frontend', 'dashboard.workflow.add.comment', 'Aadir comentario', 'es-ES');
INSERT INTO OKM_TRANSLATION (TR_MODULE, TR_KEY, TR_TEXT, TR_LANGUAGE) VALUES ('frontend', 'dashboard.workflow.task.process.definition', 'Definicin de proceso', 'es-ES');
INSERT INTO OKM_TRANSLATION (TR_MODULE, TR_KEY, TR_TEXT, TR_LANGUAGE) VALUES ('frontend', 'dashboard.workflow.task.process.path', 'Ruta', 'es-ES');
INSERT INTO OKM_TRANSLATION (TR_MODULE, TR_KEY, TR_TEXT, TR_LANGUAGE) VALUES ('frontend', 'dashboard.refreshing', 'Refrescando', 'es-ES');
INSERT INTO OKM_TRANSLATION (TR_MODULE, TR_KEY, TR_TEXT, TR_LANGUAGE) VALUES ('frontend', 'dashboard.keyword', 'Palabras clave', 'es-ES');
INSERT INTO OKM_TRANSLATION (TR_MODULE, TR_KEY, TR_TEXT, TR_LANGUAGE) VALUES ('frontend', 'dashboard.keyword.suggest', 'Escribe la palabra', 'es-ES');
INSERT INTO OKM_TRANSLATION (TR_MODULE, TR_KEY, TR_TEXT, TR_LANGUAGE) VALUES ('frontend', 'dashboard.keyword.all', 'Palabras clave', 'es-ES');
INSERT INTO OKM_TRANSLATION (TR_MODULE, TR_KEY, TR_TEXT, TR_LANGUAGE) VALUES ('frontend', 'dashboard.keyword.top', 'Palabras clave ms usadas', 'es-ES');
INSERT INTO OKM_TRANSLATION (TR_MODULE, TR_KEY, TR_TEXT, TR_LANGUAGE) VALUES ('frontend', 'dashboard.keyword.related', 'Palabras clave relacionadas', 'es-ES');
INSERT INTO OKM_TRANSLATION (TR_MODULE, TR_KEY, TR_TEXT, TR_LANGUAGE) VALUES ('frontend', 'dashboard.keyword.goto.document', 'Ir al documento', 'es-ES');
INSERT INTO OKM_TRANSLATION (TR_MODULE, TR_KEY, TR_TEXT, TR_LANGUAGE) VALUES ('frontend', 'dashboard.keyword.clean.keywords', 'Limpiar palabras clave', 'es-ES');
INSERT INTO OKM_TRANSLATION (TR_MODULE, TR_KEY, TR_TEXT, TR_LANGUAGE) VALUES ('frontend', 'dashboard.mail.last.imported.mails', 'Correos electrnicos', 'es-ES');
INSERT INTO OKM_TRANSLATION (TR_MODULE, TR_KEY, TR_TEXT, TR_LANGUAGE) VALUES ('frontend', 'dashboard.mail.last.imported.attached.documents', 'Documentos adjuntos', 'es-ES');
INSERT INTO OKM_TRANSLATION (TR_MODULE, TR_KEY, TR_TEXT, TR_LANGUAGE) VALUES ('frontend', 'workflow.label', 'Iniciar workflow', 'es-ES');
INSERT INTO OKM_TRANSLATION (TR_MODULE, TR_KEY, TR_TEXT, TR_LANGUAGE) VALUES ('frontend', 'user.preferences.label', 'Configuracin de usuario', 'es-ES');
INSERT INTO OKM_TRANSLATION (TR_MODULE, TR_KEY, TR_TEXT, TR_LANGUAGE) VALUES ('frontend', 'user.preferences.user', 'Usuario', 'es-ES');
INSERT INTO OKM_TRANSLATION (TR_MODULE, TR_KEY, TR_TEXT, TR_LANGUAGE) VALUES ('frontend', 'user.preferences.password', 'Clave', 'es-ES');
INSERT INTO OKM_TRANSLATION (TR_MODULE, TR_KEY, TR_TEXT, TR_LANGUAGE) VALUES ('frontend', 'user.preferences.mail', 'Correo electrnico', 'es-ES');
INSERT INTO OKM_TRANSLATION (TR_MODULE, TR_KEY, TR_TEXT, TR_LANGUAGE) VALUES ('frontend', 'user.preferences.roles', 'Roles', 'es-ES');
INSERT INTO OKM_TRANSLATION (TR_MODULE, TR_KEY, TR_TEXT, TR_LANGUAGE) VALUES ('frontend', 'user.preferences.imap.host', 'Servidor de IMAP', 'es-ES');
INSERT INTO OKM_TRANSLATION (TR_MODULE, TR_KEY, TR_TEXT, TR_LANGUAGE) VALUES ('frontend', 'user.preferences.imap.user', 'Usuario de IMAP', 'es-ES');
INSERT INTO OKM_TRANSLATION (TR_MODULE, TR_KEY, TR_TEXT, TR_LANGUAGE) VALUES ('frontend', 'user.preferences.imap.user.password', 'Clave de IMAP', 'es-ES');
INSERT INTO OKM_TRANSLATION (TR_MODULE, TR_KEY, TR_TEXT, TR_LANGUAGE) VALUES ('frontend', 'user.preferences.imap.folder', 'Carpeta de IMAP', 'es-ES');
INSERT INTO OKM_TRANSLATION (TR_MODULE, TR_KEY, TR_TEXT, TR_LANGUAGE) VALUES ('frontend', 'user.preferences.password.error', 'Error: las claves son distintas', 'es-ES');
INSERT INTO OKM_TRANSLATION (TR_MODULE, TR_KEY, TR_TEXT, TR_LANGUAGE) VALUES ('frontend', 'user.preferences.user.data', 'Cuenta de usuario', 'es-ES');
INSERT INTO OKM_TRANSLATION (TR_MODULE, TR_KEY, TR_TEXT, TR_LANGUAGE) VALUES ('frontend', 'user.preferences.mail.data', 'Cuenta de correo', 'es-ES');
INSERT INTO OKM_TRANSLATION (TR_MODULE, TR_KEY, TR_TEXT, TR_LANGUAGE) VALUES ('frontend', 'user.preferences.imap.error', 'Todos los campos son obligatorios para configurar el correo', 'es-ES');
INSERT INTO OKM_TRANSLATION (TR_MODULE, TR_KEY, TR_TEXT, TR_LANGUAGE) VALUES ('frontend', 'user.preferences.imap.password.error.void', 'La clave de IMAP no puede estar vaca en la creacin', 'es-ES');
INSERT INTO OKM_TRANSLATION (TR_MODULE, TR_KEY, TR_TEXT, TR_LANGUAGE) VALUES ('frontend', 'user.preferences.imap.test.error', 'Configuracin de IMAP incorrecta', 'es-ES');
INSERT INTO OKM_TRANSLATION (TR_MODULE, TR_KEY, TR_TEXT, TR_LANGUAGE) VALUES ('frontend', 'user.preferences.imap.test.ok', 'Configuracin de IMAP correcta', 'es-ES');
INSERT INTO OKM_TRANSLATION (TR_MODULE, TR_KEY, TR_TEXT, TR_LANGUAGE) VALUES ('frontend', 'thesaurus.directory.select.label', 'Aadir una palabra clave del thesaurus', 'es-ES');
INSERT INTO OKM_TRANSLATION (TR_MODULE, TR_KEY, TR_TEXT, TR_LANGUAGE) VALUES ('frontend', 'thesaurus.tab.tree', 'Arbol', 'es-ES');
INSERT INTO OKM_TRANSLATION (TR_MODULE, TR_KEY, TR_TEXT, TR_LANGUAGE) VALUES ('frontend', 'thesaurus.tab.keywords', 'Palabras clave', 'es-ES');
INSERT INTO OKM_TRANSLATION (TR_MODULE, TR_KEY, TR_TEXT, TR_LANGUAGE) VALUES ('frontend', 'categories.folder.select.label', 'Aadir categora', 'es-ES');
INSERT INTO OKM_TRANSLATION (TR_MODULE, TR_KEY, TR_TEXT, TR_LANGUAGE) VALUES ('frontend', 'categories.folder.error.delete', 'No se puede eliminar una categora con documentos', 'es-ES');
INSERT INTO OKM_TRANSLATION (TR_MODULE, TR_KEY, TR_TEXT, TR_LANGUAGE) VALUES ('frontend', 'wizard.document.uploading', 'Asistente de documento', 'es-ES');
INSERT INTO OKM_TRANSLATION (TR_MODULE, TR_KEY, TR_TEXT, TR_LANGUAGE) VALUES ('frontend', 'user.info.chat.connect', 'Conectar al chat', 'es-ES');
INSERT INTO OKM_TRANSLATION (TR_MODULE, TR_KEY, TR_TEXT, TR_LANGUAGE) VALUES ('frontend', 'user.info.chat.disconnect', 'Desconectar al chat', 'es-ES');
INSERT INTO OKM_TRANSLATION (TR_MODULE, TR_KEY, TR_TEXT, TR_LANGUAGE) VALUES ('frontend', 'user.info.chat.new.room', 'Nueva ventana', 'es-ES');
INSERT INTO OKM_TRANSLATION (TR_MODULE, TR_KEY, TR_TEXT, TR_LANGUAGE) VALUES ('frontend', 'user.info.locked.actual', 'Documentos bloqueados', 'es-ES');
INSERT INTO OKM_TRANSLATION (TR_MODULE, TR_KEY, TR_TEXT, TR_LANGUAGE) VALUES ('frontend', 'user.info.checkout.actual', 'Documentos editados', 'es-ES');
INSERT INTO OKM_TRANSLATION (TR_MODULE, TR_KEY, TR_TEXT, TR_LANGUAGE) VALUES ('frontend', 'user.info.subscription.actual', 'Suscripciones actuales', 'es-ES');
INSERT INTO OKM_TRANSLATION (TR_MODULE, TR_KEY, TR_TEXT, TR_LANGUAGE) VALUES ('frontend', 'user.info.news.new', 'Novedades', 'es-ES');
INSERT INTO OKM_TRANSLATION (TR_MODULE, TR_KEY, TR_TEXT, TR_LANGUAGE) VALUES ('frontend', 'user.info.workflow.pending', 'Workflows pendientes', 'es-ES');
INSERT INTO OKM_TRANSLATION (TR_MODULE, TR_KEY, TR_TEXT, TR_LANGUAGE) VALUES ('frontend', 'user.info.user.quota', 'Cuota utilizada', 'es-ES');
INSERT INTO OKM_TRANSLATION (TR_MODULE, TR_KEY, TR_TEXT, TR_LANGUAGE) VALUES ('frontend', 'user.online', 'Usuarios conectados', 'es-ES');
INSERT INTO OKM_TRANSLATION (TR_MODULE, TR_KEY, TR_TEXT, TR_LANGUAGE) VALUES ('frontend', 'chat.room', 'Chat', 'es-ES');
INSERT INTO OKM_TRANSLATION (TR_MODULE, TR_KEY, TR_TEXT, TR_LANGUAGE) VALUES ('frontend', 'chat.users.in.room', 'Usuarios', 'es-ES');
INSERT INTO OKM_TRANSLATION (TR_MODULE, TR_KEY, TR_TEXT, TR_LANGUAGE) VALUES ('frontend', 'OKM-017009', 'No tiene permisos para acceder al documento', 'es-ES');
INSERT INTO OKM_TRANSLATION (TR_MODULE, TR_KEY, TR_TEXT, TR_LANGUAGE) VALUES ('frontend', 'OKM-017004', 'No se pudo bloquear el documento', 'es-ES');
INSERT INTO OKM_TRANSLATION (TR_MODULE, TR_KEY, TR_TEXT, TR_LANGUAGE) VALUES ('frontend', 'OKM-017001', 'Error interno del repositorio', 'es-ES');
INSERT INTO OKM_TRANSLATION (TR_MODULE, TR_KEY, TR_TEXT, TR_LANGUAGE) VALUES ('frontend', 'OKM-017015', 'La ruta del documento no existe', 'es-ES');
INSERT INTO OKM_TRANSLATION (TR_MODULE, TR_KEY, TR_TEXT, TR_LANGUAGE) VALUES ('frontend', 'OKM-017016', 'Error en la versin', 'es-ES');
INSERT INTO OKM_TRANSLATION (TR_MODULE, TR_KEY, TR_TEXT, TR_LANGUAGE) VALUES ('frontend', 'OKM-002009', 'No tiene permisos para acceder al documento', 'es-ES');
INSERT INTO OKM_TRANSLATION (TR_MODULE, TR_KEY, TR_TEXT, TR_LANGUAGE) VALUES ('frontend', 'OKM-002002', 'No existe un documento con ese nombre', 'es-ES');
INSERT INTO OKM_TRANSLATION (TR_MODULE, TR_KEY, TR_TEXT, TR_LANGUAGE) VALUES ('frontend', 'OKM-002003', 'Ya existe un documento con ese nombre', 'es-ES');
INSERT INTO OKM_TRANSLATION (TR_MODULE, TR_KEY, TR_TEXT, TR_LANGUAGE) VALUES ('frontend', 'OKM-002004', 'No se pudo bloquear el documento', 'es-ES');
INSERT INTO OKM_TRANSLATION (TR_MODULE, TR_KEY, TR_TEXT, TR_LANGUAGE) VALUES ('frontend', 'OKM-002004', 'No se pudo desbloquear el documento', 'es-ES');
INSERT INTO OKM_TRANSLATION (TR_MODULE, TR_KEY, TR_TEXT, TR_LANGUAGE) VALUES ('frontend', 'OKM-002001', 'Error interno del repositorio', 'es-ES');
INSERT INTO OKM_TRANSLATION (TR_MODULE, TR_KEY, TR_TEXT, TR_LANGUAGE) VALUES ('frontend', 'OKM-002006', 'Error interno de la aplicacin', 'es-ES');
INSERT INTO OKM_TRANSLATION (TR_MODULE, TR_KEY, TR_TEXT, TR_LANGUAGE) VALUES ('frontend', 'OKM-002015', 'La ruta del documento no existe', 'es-ES');
INSERT INTO OKM_TRANSLATION (TR_MODULE, TR_KEY, TR_TEXT, TR_LANGUAGE) VALUES ('frontend', 'OKM-002024', 'Error en la base de datos', 'es-ES');
INSERT INTO OKM_TRANSLATION (TR_MODULE, TR_KEY, TR_TEXT, TR_LANGUAGE) VALUES ('frontend', 'OKM-001009', 'No tiene permisos para acceder a la carpeta', 'es-ES');
INSERT INTO OKM_TRANSLATION (TR_MODULE, TR_KEY, TR_TEXT, TR_LANGUAGE) VALUES ('frontend', 'OKM-001002', 'No existe una carpeta con ese nombre', 'es-ES');
INSERT INTO OKM_TRANSLATION (TR_MODULE, TR_KEY, TR_TEXT, TR_LANGUAGE) VALUES ('frontend', 'OKM-001003', 'Ya existe una carpeta con ese nombre', 'es-ES');
INSERT INTO OKM_TRANSLATION (TR_MODULE, TR_KEY, TR_TEXT, TR_LANGUAGE) VALUES ('frontend', 'OKM-001001', 'Error interno del repositorio', 'es-ES');
INSERT INTO OKM_TRANSLATION (TR_MODULE, TR_KEY, TR_TEXT, TR_LANGUAGE) VALUES ('frontend', 'OKM-001006', 'Error interno de la aplicacin', 'es-ES');
INSERT INTO OKM_TRANSLATION (TR_MODULE, TR_KEY, TR_TEXT, TR_LANGUAGE) VALUES ('frontend', 'OKM-001015', 'La ruta de la carpeta no existe', 'es-ES');
INSERT INTO OKM_TRANSLATION (TR_MODULE, TR_KEY, TR_TEXT, TR_LANGUAGE) VALUES ('frontend', 'OKM-001024', 'Error en la base de datos', 'es-ES');
INSERT INTO OKM_TRANSLATION (TR_MODULE, TR_KEY, TR_TEXT, TR_LANGUAGE) VALUES ('frontend', 'OKM-007009', 'No tiene permisos para acceder al elemento', 'es-ES');
INSERT INTO OKM_TRANSLATION (TR_MODULE, TR_KEY, TR_TEXT, TR_LANGUAGE) VALUES ('frontend', 'OKM-007002', 'No existe un elemento con ese nombre', 'es-ES');
INSERT INTO OKM_TRANSLATION (TR_MODULE, TR_KEY, TR_TEXT, TR_LANGUAGE) VALUES ('frontend', 'OKM-007001', 'Error interno del repositorio', 'es-ES');
INSERT INTO OKM_TRANSLATION (TR_MODULE, TR_KEY, TR_TEXT, TR_LANGUAGE) VALUES ('frontend', 'OKM-007006', 'Error interno de la aplicacin', 'es-ES');
INSERT INTO OKM_TRANSLATION (TR_MODULE, TR_KEY, TR_TEXT, TR_LANGUAGE) VALUES ('frontend', 'OKM-007024', 'Error en la base de datos', 'es-ES');
INSERT INTO OKM_TRANSLATION (TR_MODULE, TR_KEY, TR_TEXT, TR_LANGUAGE) VALUES ('frontend', 'OKM-009002', 'No existe un documento con ese nombre', 'es-ES');
INSERT INTO OKM_TRANSLATION (TR_MODULE, TR_KEY, TR_TEXT, TR_LANGUAGE) VALUES ('frontend', 'OKM-009006', 'Error interno de la aplicacin', 'es-ES');
INSERT INTO OKM_TRANSLATION (TR_MODULE, TR_KEY, TR_TEXT, TR_LANGUAGE) VALUES ('frontend', 'OKM-005010', 'Tipo de fichero no soportado', 'es-ES');
INSERT INTO OKM_TRANSLATION (TR_MODULE, TR_KEY, TR_TEXT, TR_LANGUAGE) VALUES ('frontend', 'OKM-005003', 'Ya existe un documento con ese nombre', 'es-ES');
INSERT INTO OKM_TRANSLATION (TR_MODULE, TR_KEY, TR_TEXT, TR_LANGUAGE) VALUES ('frontend', 'OKM-005011', 'El documento es demasiado grande', 'es-ES');
INSERT INTO OKM_TRANSLATION (TR_MODULE, TR_KEY, TR_TEXT, TR_LANGUAGE) VALUES ('frontend', 'OKM-005027', 'El nombre del documento no coincide', 'es-ES');
INSERT INTO OKM_TRANSLATION (TR_MODULE, TR_KEY, TR_TEXT, TR_LANGUAGE) VALUES ('frontend', 'OKM-004001', 'La sesin se ha cerrado', 'es-ES');
INSERT INTO OKM_TRANSLATION (TR_MODULE, TR_KEY, TR_TEXT, TR_LANGUAGE) VALUES ('frontend', 'OKM-004024', 'Error en la base de datos', 'es-ES');
INSERT INTO OKM_TRANSLATION (TR_MODULE, TR_KEY, TR_TEXT, TR_LANGUAGE) VALUES ('frontend', 'OKM-008001', 'Error genrico al ejecutar la consulta', 'es-ES');
INSERT INTO OKM_TRANSLATION (TR_MODULE, TR_KEY, TR_TEXT, TR_LANGUAGE) VALUES ('frontend', 'OKM-008003', 'El nombre de la consulta almacenada debe ser nico', 'es-ES');
INSERT INTO OKM_TRANSLATION (TR_MODULE, TR_KEY, TR_TEXT, TR_LANGUAGE) VALUES ('frontend', 'OKM-008024', 'Error en la base de datos', 'es-ES');
INSERT INTO OKM_TRANSLATION (TR_MODULE, TR_KEY, TR_TEXT, TR_LANGUAGE) VALUES ('frontend', 'OKM-011003', 'El nombre del marcador deber ser nico', 'es-ES');
INSERT INTO OKM_TRANSLATION (TR_MODULE, TR_KEY, TR_TEXT, TR_LANGUAGE) VALUES ('frontend', 'OKM-003017', 'Se ha perdido la sesin', 'es-ES');
INSERT INTO OKM_TRANSLATION (TR_MODULE, TR_KEY, TR_TEXT, TR_LANGUAGE) VALUES ('frontend', 'OKM-013001', 'Error interno del repositorio', 'es-ES');
INSERT INTO OKM_TRANSLATION (TR_MODULE, TR_KEY, TR_TEXT, TR_LANGUAGE) VALUES ('frontend', 'OKM-013024', 'Error en la base de datos', 'es-ES');
INSERT INTO OKM_TRANSLATION (TR_MODULE, TR_KEY, TR_TEXT, TR_LANGUAGE) VALUES ('frontend', 'OKM-014001', 'Error interno del repositorio', 'es-ES');
INSERT INTO OKM_TRANSLATION (TR_MODULE, TR_KEY, TR_TEXT, TR_LANGUAGE) VALUES ('frontend', 'OKM-014013', 'Error en el dispositivo de entrada/salida', 'es-ES');
INSERT INTO OKM_TRANSLATION (TR_MODULE, TR_KEY, TR_TEXT, TR_LANGUAGE) VALUES ('frontend', 'OKM-015001', 'Error interno del repositorio', 'es-ES');
INSERT INTO OKM_TRANSLATION (TR_MODULE, TR_KEY, TR_TEXT, TR_LANGUAGE) VALUES ('frontend', 'OKM-015024', 'Error en la base de datos', 'es-ES');
INSERT INTO OKM_TRANSLATION (TR_MODULE, TR_KEY, TR_TEXT, TR_LANGUAGE) VALUES ('frontend', 'OKM-018022', 'Error en la configuracin del navegador', 'es-ES');
INSERT INTO OKM_TRANSLATION (TR_MODULE, TR_KEY, TR_TEXT, TR_LANGUAGE) VALUES ('frontend', 'OKM-018023', 'Error ha excedido la cuota de usuario,  contacte con el administrador', 'es-ES');
INSERT INTO OKM_TRANSLATION (TR_MODULE, TR_KEY, TR_TEXT, TR_LANGUAGE) VALUES ('frontend', 'OKM-016009', 'No tiene permisos para acceder al correo', 'es-ES');
INSERT INTO OKM_TRANSLATION (TR_MODULE, TR_KEY, TR_TEXT, TR_LANGUAGE) VALUES ('frontend', 'OKM-016002', 'No existe un correo con ese nombre', 'es-ES');
INSERT INTO OKM_TRANSLATION (TR_MODULE, TR_KEY, TR_TEXT, TR_LANGUAGE) VALUES ('frontend', 'OKM-016003', 'Ya existe un correo con ese nombre', 'es-ES');
INSERT INTO OKM_TRANSLATION (TR_MODULE, TR_KEY, TR_TEXT, TR_LANGUAGE) VALUES ('frontend', 'OKM-016004', 'No se pudo desbloquear el correo', 'es-ES');
INSERT INTO OKM_TRANSLATION (TR_MODULE, TR_KEY, TR_TEXT, TR_LANGUAGE) VALUES ('frontend', 'OKM-016001', 'Error interno del repositorio', 'es-ES');
INSERT INTO OKM_TRANSLATION (TR_MODULE, TR_KEY, TR_TEXT, TR_LANGUAGE) VALUES ('frontend', 'OKM-016006', 'Error interno de la aplicacin', 'es-ES');
INSERT INTO OKM_TRANSLATION (TR_MODULE, TR_KEY, TR_TEXT, TR_LANGUAGE) VALUES ('frontend', 'OKM-016015', 'La ruta del correo no existe', 'es-ES');
INSERT INTO OKM_TRANSLATION (TR_MODULE, TR_KEY, TR_TEXT, TR_LANGUAGE) VALUES ('frontend', 'OKM-016024', 'Error en la base de datos', 'es-ES');
INSERT INTO OKM_TRANSLATION (TR_MODULE, TR_KEY, TR_TEXT, TR_LANGUAGE) VALUES ('frontend', 'OKM-010015', 'La ruta del no existe', 'es-ES');
INSERT INTO OKM_TRANSLATION (TR_MODULE, TR_KEY, TR_TEXT, TR_LANGUAGE) VALUES ('frontend', 'OKM-010009', 'No tiene permisos para acceder', 'es-ES');
INSERT INTO OKM_TRANSLATION (TR_MODULE, TR_KEY, TR_TEXT, TR_LANGUAGE) VALUES ('frontend', 'OKM-010001', 'Error interno del repositorio', 'es-ES');
INSERT INTO OKM_TRANSLATION (TR_MODULE, TR_KEY, TR_TEXT, TR_LANGUAGE) VALUES ('frontend', 'OKM-010024', 'Error en la base de datos', 'es-ES');
INSERT INTO OKM_TRANSLATION (TR_MODULE, TR_KEY, TR_TEXT, TR_LANGUAGE) VALUES ('frontend', 'OKM-010006', 'Error interno de la aplicacin   ', 'es-ES');
INSERT INTO OKM_TRANSLATION (TR_MODULE, TR_KEY, TR_TEXT, TR_LANGUAGE) VALUES ('frontend', 'OKM-009004', 'Bloqueado', 'es-ES');
INSERT INTO OKM_TRANSLATION (TR_MODULE, TR_KEY, TR_TEXT, TR_LANGUAGE) VALUES ('frontend', 'OKM-009015', 'La ruta no existe', 'es-ES');
INSERT INTO OKM_TRANSLATION (TR_MODULE, TR_KEY, TR_TEXT, TR_LANGUAGE) VALUES ('frontend', 'OKM-009009', 'No tiene permisos para acceder', 'es-ES');
INSERT INTO OKM_TRANSLATION (TR_MODULE, TR_KEY, TR_TEXT, TR_LANGUAGE) VALUES ('frontend', 'OKM-009001', 'Error interno del repositorio', 'es-ES');
INSERT INTO OKM_TRANSLATION (TR_MODULE, TR_KEY, TR_TEXT, TR_LANGUAGE) VALUES ('frontend', 'OKM-009024', 'Error en la base de datos', 'es-ES');
INSERT INTO OKM_TRANSLATION (TR_MODULE, TR_KEY, TR_TEXT, TR_LANGUAGE) VALUES ('frontend', 'OKM-009006', 'Error interno de la aplicacin', 'es-ES');
INSERT INTO OKM_TRANSLATION (TR_MODULE, TR_KEY, TR_TEXT, TR_LANGUAGE) VALUES ('frontend', 'OKM-009012', 'No existe el grupo', 'es-ES');
INSERT INTO OKM_TRANSLATION (TR_MODULE, TR_KEY, TR_TEXT, TR_LANGUAGE) VALUES ('frontend', 'OKM-009014', 'No existe la propiedad', 'es-ES');
INSERT INTO OKM_TRANSLATION (TR_MODULE, TR_KEY, TR_TEXT, TR_LANGUAGE) VALUES ('frontend', 'OKM-009013', 'Error en el dispositivo de entrada/salida', 'es-ES');
INSERT INTO OKM_TRANSLATION (TR_MODULE, TR_KEY, TR_TEXT, TR_LANGUAGE) VALUES ('frontend', 'OKM-012001', 'Error interno del repositorio', 'es-ES');
INSERT INTO OKM_TRANSLATION (TR_MODULE, TR_KEY, TR_TEXT, TR_LANGUAGE) VALUES ('frontend', 'OKM-012006', 'Error interno de la aplicacin', 'es-ES');
INSERT INTO OKM_TRANSLATION (TR_MODULE, TR_KEY, TR_TEXT, TR_LANGUAGE) VALUES ('frontend', 'OKM-012015', 'La ruta del no existe', 'es-ES');
INSERT INTO OKM_TRANSLATION (TR_MODULE, TR_KEY, TR_TEXT, TR_LANGUAGE) VALUES ('frontend', 'OKM-012024', 'Error en la base de datos', 'es-ES');
INSERT INTO OKM_TRANSLATION (TR_MODULE, TR_KEY, TR_TEXT, TR_LANGUAGE) VALUES ('frontend', 'OKM-012009', 'No tiene permisos para acceder', 'es-ES');
INSERT INTO OKM_TRANSLATION (TR_MODULE, TR_KEY, TR_TEXT, TR_LANGUAGE) VALUES ('frontend', 'OKM-019001', 'Error interno del repositorio', 'es-ES');
INSERT INTO OKM_TRANSLATION (TR_MODULE, TR_KEY, TR_TEXT, TR_LANGUAGE) VALUES ('frontend', 'OKM-019006', 'Error interno de la aplicacin', 'es-ES');
INSERT INTO OKM_TRANSLATION (TR_MODULE, TR_KEY, TR_TEXT, TR_LANGUAGE) VALUES ('frontend', 'OKM-019024', 'Error en la base de datos', 'es-ES');
insert into OKM_LANGUAGE (LG_ID, LG_NAME, LG_IMAGE_CONTENT, LG_IMAGE_MIME ) values ('ar-PS', 'Arabic', 'R0lGODlhEAALANUAAEixSJIAAEKtQfsAAPxKSjuqOwBTAP5dXVO1U1y6XGNjY0xMTGtra9bW1iiiKABHAPv7+4J4eEJCQlNTUzQ0NPydn/tERBqbGwA4AP1WVv96egArAP1PUP1vb/Ly8vmOkdDQ0Pn5+fT19TinOCwsLHBwcfmIibVpP+hsYvpESbxcXJSbXQBgADCmMGK+YjWpNWNZWVxcXPxoaOt7eyGfIf5ZWVhXV91TSvPz8/j4+Pf39/T09PX19fb29v8AAAAAACH5BAAAAAAALAAAAAAQAAsAAAaDwMBvSCwafbOIslRiMBSKmG2y+Pk0BxVsQl1IJBQKqXo91G4ViDqU0/V4vcagc8hwMmm2m7fjyekcBBYWJm1vOzgiIHMcHBYpH4Z8OB47izKCN5F7iB4eOJcWJwACBS8tDg40FxcFGwMoKy4JCQgIAKSlIyMbAQYsLAbCDw8YxhvIG0EAOw==', 'image/gif');
INSERT INTO OKM_TRANSLATION (TR_MODULE, TR_KEY, TR_TEXT, TR_LANGUAGE) VALUES ('frontend', 'general.date.pattern', 'dd-MM-yyyy hh:mm:ss', 'ar-PS');
INSERT INTO OKM_TRANSLATION (TR_MODULE, TR_KEY, TR_TEXT, TR_LANGUAGE) VALUES ('frontend', 'general.day.pattern', 'dd-MM-yyyy', 'ar-PS');
INSERT INTO OKM_TRANSLATION (TR_MODULE, TR_KEY, TR_TEXT, TR_LANGUAGE) VALUES ('frontend', 'general.hour.pattern', 'HH:mm:ss', 'ar-PS');
INSERT INTO OKM_TRANSLATION (TR_MODULE, TR_KEY, TR_TEXT, TR_LANGUAGE) VALUES ('frontend', 'startup.openkm', 'OpenKM ', 'ar-PS');
INSERT INTO OKM_TRANSLATION (TR_MODULE, TR_KEY, TR_TEXT, TR_LANGUAGE) VALUES ('frontend', 'startup.starting.loading', 'OpenKM  ', 'ar-PS');
INSERT INTO OKM_TRANSLATION (TR_MODULE, TR_KEY, TR_TEXT, TR_LANGUAGE) VALUES ('frontend', 'startup.taxonomy', '   ', 'ar-PS');
INSERT INTO OKM_TRANSLATION (TR_MODULE, TR_KEY, TR_TEXT, TR_LANGUAGE) VALUES ('frontend', 'startup.categories', '   ', 'ar-PS');
INSERT INTO OKM_TRANSLATION (TR_MODULE, TR_KEY, TR_TEXT, TR_LANGUAGE) VALUES ('frontend', 'startup.thesaurus', '    ', 'ar-PS');
INSERT INTO OKM_TRANSLATION (TR_MODULE, TR_KEY, TR_TEXT, TR_LANGUAGE) VALUES ('frontend', 'startup.template', '   ', 'ar-PS');
INSERT INTO OKM_TRANSLATION (TR_MODULE, TR_KEY, TR_TEXT, TR_LANGUAGE) VALUES ('frontend', 'startup.personal', '    ', 'ar-PS');
INSERT INTO OKM_TRANSLATION (TR_MODULE, TR_KEY, TR_TEXT, TR_LANGUAGE) VALUES ('frontend', 'startup.mail', '     ', 'ar-PS');
INSERT INTO OKM_TRANSLATION (TR_MODULE, TR_KEY, TR_TEXT, TR_LANGUAGE) VALUES ('frontend', 'startup.trash', '   ', 'ar-PS');
INSERT INTO OKM_TRANSLATION (TR_MODULE, TR_KEY, TR_TEXT, TR_LANGUAGE) VALUES ('frontend', 'startup.user.home', '  ', 'ar-PS');
INSERT INTO OKM_TRANSLATION (TR_MODULE, TR_KEY, TR_TEXT, TR_LANGUAGE) VALUES ('frontend', 'startup.bookmarks', ' ', 'ar-PS');
INSERT INTO OKM_TRANSLATION (TR_MODULE, TR_KEY, TR_TEXT, TR_LANGUAGE) VALUES ('frontend', 'startup.loading.taxonomy', ' ', 'ar-PS');
INSERT INTO OKM_TRANSLATION (TR_MODULE, TR_KEY, TR_TEXT, TR_LANGUAGE) VALUES ('frontend', 'startup.loading.taxonomy.getting.folders', '  -  ', 'ar-PS');
INSERT INTO OKM_TRANSLATION (TR_MODULE, TR_KEY, TR_TEXT, TR_LANGUAGE) VALUES ('frontend', 'startup.loading.taxonomy.eval.params', '  -   ', 'ar-PS');
INSERT INTO OKM_TRANSLATION (TR_MODULE, TR_KEY, TR_TEXT, TR_LANGUAGE) VALUES ('frontend', 'startup.loading.taxonomy.open.path', '  -  ', 'ar-PS');
INSERT INTO OKM_TRANSLATION (TR_MODULE, TR_KEY, TR_TEXT, TR_LANGUAGE) VALUES ('frontend', 'startup.loading.taxonomy.getting.filebrowser.folders', '  -  ', 'ar-PS');
INSERT INTO OKM_TRANSLATION (TR_MODULE, TR_KEY, TR_TEXT, TR_LANGUAGE) VALUES ('frontend', 'startup.loading.taxonomy.getting.filebrowser.documents', '  -  ', 'ar-PS');
INSERT INTO OKM_TRANSLATION (TR_MODULE, TR_KEY, TR_TEXT, TR_LANGUAGE) VALUES ('frontend', 'startup.loading.taxonomy.getting.filebrowser.mails', '  -  ', 'ar-PS');
INSERT INTO OKM_TRANSLATION (TR_MODULE, TR_KEY, TR_TEXT, TR_LANGUAGE) VALUES ('frontend', 'startup.loading.personal', '   ', 'ar-PS');
INSERT INTO OKM_TRANSLATION (TR_MODULE, TR_KEY, TR_TEXT, TR_LANGUAGE) VALUES ('frontend', 'startup.loading.mail', '  ', 'ar-PS');
INSERT INTO OKM_TRANSLATION (TR_MODULE, TR_KEY, TR_TEXT, TR_LANGUAGE) VALUES ('frontend', 'startup.loading.categories', ' ', 'ar-PS');
INSERT INTO OKM_TRANSLATION (TR_MODULE, TR_KEY, TR_TEXT, TR_LANGUAGE) VALUES ('frontend', 'startup.loading.thesaurus', '  ', 'ar-PS');
INSERT INTO OKM_TRANSLATION (TR_MODULE, TR_KEY, TR_TEXT, TR_LANGUAGE) VALUES ('frontend', 'startup.loading.templates', ' ', 'ar-PS');
INSERT INTO OKM_TRANSLATION (TR_MODULE, TR_KEY, TR_TEXT, TR_LANGUAGE) VALUES ('frontend', 'startup.loading.trash', '  ', 'ar-PS');
INSERT INTO OKM_TRANSLATION (TR_MODULE, TR_KEY, TR_TEXT, TR_LANGUAGE) VALUES ('frontend', 'startup.loading.history.search', '    ', 'ar-PS');
INSERT INTO OKM_TRANSLATION (TR_MODULE, TR_KEY, TR_TEXT, TR_LANGUAGE) VALUES ('frontend', 'startup.loading.user.values', '  ', 'ar-PS');
INSERT INTO OKM_TRANSLATION (TR_MODULE, TR_KEY, TR_TEXT, TR_LANGUAGE) VALUES ('frontend', 'startup.keep.alive', '   ', 'ar-PS');
INSERT INTO OKM_TRANSLATION (TR_MODULE, TR_KEY, TR_TEXT, TR_LANGUAGE) VALUES ('frontend', 'openkm.update.available', 'OpenKM   ', 'ar-PS');
INSERT INTO OKM_TRANSLATION (TR_MODULE, TR_KEY, TR_TEXT, TR_LANGUAGE) VALUES ('frontend', 'leftpanel.label.taxonomy', '', 'ar-PS');
INSERT INTO OKM_TRANSLATION (TR_MODULE, TR_KEY, TR_TEXT, TR_LANGUAGE) VALUES ('frontend', 'leftpanel.label.trash', ' ', 'ar-PS');
INSERT INTO OKM_TRANSLATION (TR_MODULE, TR_KEY, TR_TEXT, TR_LANGUAGE) VALUES ('frontend', 'leftpanel.label.mail', ' ', 'ar-PS');
INSERT INTO OKM_TRANSLATION (TR_MODULE, TR_KEY, TR_TEXT, TR_LANGUAGE) VALUES ('frontend', 'leftpanel.label.stored.search', ' ', 'ar-PS');
INSERT INTO OKM_TRANSLATION (TR_MODULE, TR_KEY, TR_TEXT, TR_LANGUAGE) VALUES ('frontend', 'leftpanel.label.categories', '', 'ar-PS');
INSERT INTO OKM_TRANSLATION (TR_MODULE, TR_KEY, TR_TEXT, TR_LANGUAGE) VALUES ('frontend', 'leftpanel.label.thesaurus', ' ', 'ar-PS');
INSERT INTO OKM_TRANSLATION (TR_MODULE, TR_KEY, TR_TEXT, TR_LANGUAGE) VALUES ('frontend', 'leftpanel.label.templates', '', 'ar-PS');
INSERT INTO OKM_TRANSLATION (TR_MODULE, TR_KEY, TR_TEXT, TR_LANGUAGE) VALUES ('frontend', 'leftpanel.label.my.documents', '', 'ar-PS');
INSERT INTO OKM_TRANSLATION (TR_MODULE, TR_KEY, TR_TEXT, TR_LANGUAGE) VALUES ('frontend', 'leftpanel.label.user.search', ' ', 'ar-PS');
INSERT INTO OKM_TRANSLATION (TR_MODULE, TR_KEY, TR_TEXT, TR_LANGUAGE) VALUES ('frontend', 'leftpanel.label.all.repository', ' ', 'ar-PS');
INSERT INTO OKM_TRANSLATION (TR_MODULE, TR_KEY, TR_TEXT, TR_LANGUAGE) VALUES ('frontend', 'tree.menu.directory.create', ' ', 'ar-PS');
INSERT INTO OKM_TRANSLATION (TR_MODULE, TR_KEY, TR_TEXT, TR_LANGUAGE) VALUES ('frontend', 'tree.menu.directory.remove', '', 'ar-PS');
INSERT INTO OKM_TRANSLATION (TR_MODULE, TR_KEY, TR_TEXT, TR_LANGUAGE) VALUES ('frontend', 'tree.menu.directory.rename', ' ', 'ar-PS');
INSERT INTO OKM_TRANSLATION (TR_MODULE, TR_KEY, TR_TEXT, TR_LANGUAGE) VALUES ('frontend', 'tree.menu.directory.refresh', '', 'ar-PS');
INSERT INTO OKM_TRANSLATION (TR_MODULE, TR_KEY, TR_TEXT, TR_LANGUAGE) VALUES ('frontend', 'tree.menu.directory.move', '', 'ar-PS');
INSERT INTO OKM_TRANSLATION (TR_MODULE, TR_KEY, TR_TEXT, TR_LANGUAGE) VALUES ('frontend', 'tree.menu.directory.copy', '', 'ar-PS');
INSERT INTO OKM_TRANSLATION (TR_MODULE, TR_KEY, TR_TEXT, TR_LANGUAGE) VALUES ('frontend', 'tree.menu.directory.add.document', ' ', 'ar-PS');
INSERT INTO OKM_TRANSLATION (TR_MODULE, TR_KEY, TR_TEXT, TR_LANGUAGE) VALUES ('frontend', 'tree.menu.add.bookmark', '  ', 'ar-PS');
INSERT INTO OKM_TRANSLATION (TR_MODULE, TR_KEY, TR_TEXT, TR_LANGUAGE) VALUES ('frontend', 'tree.menu.set.home', ' ', 'ar-PS');
INSERT INTO OKM_TRANSLATION (TR_MODULE, TR_KEY, TR_TEXT, TR_LANGUAGE) VALUES ('frontend', 'tree.menu.export', '  ', 'ar-PS');
INSERT INTO OKM_TRANSLATION (TR_MODULE, TR_KEY, TR_TEXT, TR_LANGUAGE) VALUES ('frontend', 'tree.status.refresh.folder', '  ', 'ar-PS');
INSERT INTO OKM_TRANSLATION (TR_MODULE, TR_KEY, TR_TEXT, TR_LANGUAGE) VALUES ('frontend', 'tree.status.refresh.create', ' ', 'ar-PS');
INSERT INTO OKM_TRANSLATION (TR_MODULE, TR_KEY, TR_TEXT, TR_LANGUAGE) VALUES ('frontend', 'tree.status.refresh.delete', ' ', 'ar-PS');
INSERT INTO OKM_TRANSLATION (TR_MODULE, TR_KEY, TR_TEXT, TR_LANGUAGE) VALUES ('frontend', 'tree.status.refresh.rename', '  ', 'ar-PS');
INSERT INTO OKM_TRANSLATION (TR_MODULE, TR_KEY, TR_TEXT, TR_LANGUAGE) VALUES ('frontend', 'tree.status.refresh.restore', ' ', 'ar-PS');
INSERT INTO OKM_TRANSLATION (TR_MODULE, TR_KEY, TR_TEXT, TR_LANGUAGE) VALUES ('frontend', 'tree.status.refresh.purge', ' ', 'ar-PS');
INSERT INTO OKM_TRANSLATION (TR_MODULE, TR_KEY, TR_TEXT, TR_LANGUAGE) VALUES ('frontend', 'tree.status.refresh.get', ' ', 'ar-PS');
INSERT INTO OKM_TRANSLATION (TR_MODULE, TR_KEY, TR_TEXT, TR_LANGUAGE) VALUES ('frontend', 'tree.folder.new', ' ', 'ar-PS');
INSERT INTO OKM_TRANSLATION (TR_MODULE, TR_KEY, TR_TEXT, TR_LANGUAGE) VALUES ('frontend', 'tree.status.refresh.add.subscription', ' ', 'ar-PS');
INSERT INTO OKM_TRANSLATION (TR_MODULE, TR_KEY, TR_TEXT, TR_LANGUAGE) VALUES ('frontend', 'tree.status.refresh.remove.subscription', ' ', 'ar-PS');
INSERT INTO OKM_TRANSLATION (TR_MODULE, TR_KEY, TR_TEXT, TR_LANGUAGE) VALUES ('frontend', 'tree.status.refresh.get.root', '  ', 'ar-PS');
INSERT INTO OKM_TRANSLATION (TR_MODULE, TR_KEY, TR_TEXT, TR_LANGUAGE) VALUES ('frontend', 'tree.status.refresh.get.keywords', '  ', 'ar-PS');
INSERT INTO OKM_TRANSLATION (TR_MODULE, TR_KEY, TR_TEXT, TR_LANGUAGE) VALUES ('frontend', 'tree.status.refresh.get.user.home', '   ', 'ar-PS');
INSERT INTO OKM_TRANSLATION (TR_MODULE, TR_KEY, TR_TEXT, TR_LANGUAGE) VALUES ('frontend', 'tree.status.refresh.purge.trash', '  ', 'ar-PS');
INSERT INTO OKM_TRANSLATION (TR_MODULE, TR_KEY, TR_TEXT, TR_LANGUAGE) VALUES ('frontend', 'tree.menu.directory.find.folder', 'Find folder', 'ar-PS');
INSERT INTO OKM_TRANSLATION (TR_MODULE, TR_KEY, TR_TEXT, TR_LANGUAGE) VALUES ('frontend', 'trash.menu.directory.restore', '', 'ar-PS');
INSERT INTO OKM_TRANSLATION (TR_MODULE, TR_KEY, TR_TEXT, TR_LANGUAGE) VALUES ('frontend', 'trash.menu.directory.purge', '', 'ar-PS');
INSERT INTO OKM_TRANSLATION (TR_MODULE, TR_KEY, TR_TEXT, TR_LANGUAGE) VALUES ('frontend', 'trash.menu.directory.purge.trash', '  ', 'ar-PS');
INSERT INTO OKM_TRANSLATION (TR_MODULE, TR_KEY, TR_TEXT, TR_LANGUAGE) VALUES ('frontend', 'trash.directory.select.label', '  ', 'ar-PS');
INSERT INTO OKM_TRANSLATION (TR_MODULE, TR_KEY, TR_TEXT, TR_LANGUAGE) VALUES ('frontend', 'general.menu.file', '', 'ar-PS');
INSERT INTO OKM_TRANSLATION (TR_MODULE, TR_KEY, TR_TEXT, TR_LANGUAGE) VALUES ('frontend', 'general.menu.file.exit', '', 'ar-PS');
INSERT INTO OKM_TRANSLATION (TR_MODULE, TR_KEY, TR_TEXT, TR_LANGUAGE) VALUES ('frontend', 'general.menu.file.purge.trash', '  ', 'ar-PS');
INSERT INTO OKM_TRANSLATION (TR_MODULE, TR_KEY, TR_TEXT, TR_LANGUAGE) VALUES ('frontend', 'general.menu.edit', '', 'ar-PS');
INSERT INTO OKM_TRANSLATION (TR_MODULE, TR_KEY, TR_TEXT, TR_LANGUAGE) VALUES ('frontend', 'general.menu.file.create.directory', ' ', 'ar-PS');
INSERT INTO OKM_TRANSLATION (TR_MODULE, TR_KEY, TR_TEXT, TR_LANGUAGE) VALUES ('frontend', 'general.menu.file.download.document', ' ', 'ar-PS');
INSERT INTO OKM_TRANSLATION (TR_MODULE, TR_KEY, TR_TEXT, TR_LANGUAGE) VALUES ('frontend', 'general.menu.file.download.document.pdf', 'PDF ', 'ar-PS');
INSERT INTO OKM_TRANSLATION (TR_MODULE, TR_KEY, TR_TEXT, TR_LANGUAGE) VALUES ('frontend', 'general.menu.file.send.link', '  ', 'ar-PS');
INSERT INTO OKM_TRANSLATION (TR_MODULE, TR_KEY, TR_TEXT, TR_LANGUAGE) VALUES ('frontend', 'general.menu.file.send.attachment', 'Send document attachment', 'ar-PS');
INSERT INTO OKM_TRANSLATION (TR_MODULE, TR_KEY, TR_TEXT, TR_LANGUAGE) VALUES ('frontend', 'general.menu.file.lock', '', 'ar-PS');
INSERT INTO OKM_TRANSLATION (TR_MODULE, TR_KEY, TR_TEXT, TR_LANGUAGE) VALUES ('frontend', 'general.menu.file.unlock', ' ', 'ar-PS');
INSERT INTO OKM_TRANSLATION (TR_MODULE, TR_KEY, TR_TEXT, TR_LANGUAGE) VALUES ('frontend', 'general.menu.file.add.document', ' ', 'ar-PS');
INSERT INTO OKM_TRANSLATION (TR_MODULE, TR_KEY, TR_TEXT, TR_LANGUAGE) VALUES ('frontend', 'general.menu.file.checkout', '', 'ar-PS');
INSERT INTO OKM_TRANSLATION (TR_MODULE, TR_KEY, TR_TEXT, TR_LANGUAGE) VALUES ('frontend', 'general.menu.file.checkin', ' ', 'ar-PS');
INSERT INTO OKM_TRANSLATION (TR_MODULE, TR_KEY, TR_TEXT, TR_LANGUAGE) VALUES ('frontend', 'general.menu.file.cancel.checkout', ' ', 'ar-PS');
INSERT INTO OKM_TRANSLATION (TR_MODULE, TR_KEY, TR_TEXT, TR_LANGUAGE) VALUES ('frontend', 'general.menu.file.delete', '', 'ar-PS');
INSERT INTO OKM_TRANSLATION (TR_MODULE, TR_KEY, TR_TEXT, TR_LANGUAGE) VALUES ('frontend', 'general.menu.file.refresh', '', 'ar-PS');
INSERT INTO OKM_TRANSLATION (TR_MODULE, TR_KEY, TR_TEXT, TR_LANGUAGE) VALUES ('frontend', 'general.menu.file.scanner', ' ', 'ar-PS');
INSERT INTO OKM_TRANSLATION (TR_MODULE, TR_KEY, TR_TEXT, TR_LANGUAGE) VALUES ('frontend', 'general.menu.file.uploader', ' ', 'ar-PS');
INSERT INTO OKM_TRANSLATION (TR_MODULE, TR_KEY, TR_TEXT, TR_LANGUAGE) VALUES ('frontend', 'general.menu.tools', '', 'ar-PS');
INSERT INTO OKM_TRANSLATION (TR_MODULE, TR_KEY, TR_TEXT, TR_LANGUAGE) VALUES ('frontend', 'general.menu.tools.languages', '', 'ar-PS');
INSERT INTO OKM_TRANSLATION (TR_MODULE, TR_KEY, TR_TEXT, TR_LANGUAGE) VALUES ('frontend', 'general.menu.tools.skin', '  ', 'ar-PS');
INSERT INTO OKM_TRANSLATION (TR_MODULE, TR_KEY, TR_TEXT, TR_LANGUAGE) VALUES ('frontend', 'general.menu.tools.skin.default', '', 'ar-PS');
INSERT INTO OKM_TRANSLATION (TR_MODULE, TR_KEY, TR_TEXT, TR_LANGUAGE) VALUES ('frontend', 'general.menu.tools.skin.default2', ' 2', 'ar-PS');
INSERT INTO OKM_TRANSLATION (TR_MODULE, TR_KEY, TR_TEXT, TR_LANGUAGE) VALUES ('frontend', 'general.menu.tools.skin.mediumfont', ' ', 'ar-PS');
INSERT INTO OKM_TRANSLATION (TR_MODULE, TR_KEY, TR_TEXT, TR_LANGUAGE) VALUES ('frontend', 'general.menu.tools.skin.bigfont', ' ', 'ar-PS');
INSERT INTO OKM_TRANSLATION (TR_MODULE, TR_KEY, TR_TEXT, TR_LANGUAGE) VALUES ('frontend', 'general.menu.debug.console', '', 'ar-PS');
INSERT INTO OKM_TRANSLATION (TR_MODULE, TR_KEY, TR_TEXT, TR_LANGUAGE) VALUES ('frontend', 'general.menu.administration', ' ', 'ar-PS');
INSERT INTO OKM_TRANSLATION (TR_MODULE, TR_KEY, TR_TEXT, TR_LANGUAGE) VALUES ('frontend', 'general.menu.tools.preferences', '', 'ar-PS');
INSERT INTO OKM_TRANSLATION (TR_MODULE, TR_KEY, TR_TEXT, TR_LANGUAGE) VALUES ('frontend', 'general.menu.tools.user.preferences', '  ', 'ar-PS');
INSERT INTO OKM_TRANSLATION (TR_MODULE, TR_KEY, TR_TEXT, TR_LANGUAGE) VALUES ('frontend', 'general.menu.bookmark', '', 'ar-PS');
INSERT INTO OKM_TRANSLATION (TR_MODULE, TR_KEY, TR_TEXT, TR_LANGUAGE) VALUES ('frontend', 'general.menu.bookmark.home', '', 'ar-PS');
INSERT INTO OKM_TRANSLATION (TR_MODULE, TR_KEY, TR_TEXT, TR_LANGUAGE) VALUES ('frontend', 'general.menu.bookmark.default.home', '  ', 'ar-PS');
INSERT INTO OKM_TRANSLATION (TR_MODULE, TR_KEY, TR_TEXT, TR_LANGUAGE) VALUES ('frontend', 'general.menu.bookmark.edit', ' ', 'ar-PS');
INSERT INTO OKM_TRANSLATION (TR_MODULE, TR_KEY, TR_TEXT, TR_LANGUAGE) VALUES ('frontend', 'general.menu.help', '', 'ar-PS');
INSERT INTO OKM_TRANSLATION (TR_MODULE, TR_KEY, TR_TEXT, TR_LANGUAGE) VALUES ('frontend', 'general.menu.bug.report', ' ', 'ar-PS');
INSERT INTO OKM_TRANSLATION (TR_MODULE, TR_KEY, TR_TEXT, TR_LANGUAGE) VALUES ('frontend', 'general.menu.support.request', ' ', 'ar-PS');
INSERT INTO OKM_TRANSLATION (TR_MODULE, TR_KEY, TR_TEXT, TR_LANGUAGE) VALUES ('frontend', 'general.menu.public.forum', ' ', 'ar-PS');
INSERT INTO OKM_TRANSLATION (TR_MODULE, TR_KEY, TR_TEXT, TR_LANGUAGE) VALUES ('frontend', 'general.menu.project.web', ' ', 'ar-PS');
INSERT INTO OKM_TRANSLATION (TR_MODULE, TR_KEY, TR_TEXT, TR_LANGUAGE) VALUES ('frontend', 'general.menu.version.changes', ' ', 'ar-PS');
INSERT INTO OKM_TRANSLATION (TR_MODULE, TR_KEY, TR_TEXT, TR_LANGUAGE) VALUES ('frontend', 'general.menu.documentation', '', 'ar-PS');
INSERT INTO OKM_TRANSLATION (TR_MODULE, TR_KEY, TR_TEXT, TR_LANGUAGE) VALUES ('frontend', 'general.menu.about', 'OpenKM ', 'ar-PS');
INSERT INTO OKM_TRANSLATION (TR_MODULE, TR_KEY, TR_TEXT, TR_LANGUAGE) VALUES ('frontend', 'general.connected', ' ', 'ar-PS');
INSERT INTO OKM_TRANSLATION (TR_MODULE, TR_KEY, TR_TEXT, TR_LANGUAGE) VALUES ('frontend', 'filebrowser.name', '', 'ar-PS');
INSERT INTO OKM_TRANSLATION (TR_MODULE, TR_KEY, TR_TEXT, TR_LANGUAGE) VALUES ('frontend', 'filebrowser.date.update', ' ', 'ar-PS');
INSERT INTO OKM_TRANSLATION (TR_MODULE, TR_KEY, TR_TEXT, TR_LANGUAGE) VALUES ('frontend', 'filebrowser.size', '', 'ar-PS');
INSERT INTO OKM_TRANSLATION (TR_MODULE, TR_KEY, TR_TEXT, TR_LANGUAGE) VALUES ('frontend', 'filebrowser.path', '', 'ar-PS');
INSERT INTO OKM_TRANSLATION (TR_MODULE, TR_KEY, TR_TEXT, TR_LANGUAGE) VALUES ('frontend', 'filebrowser.author', '', 'ar-PS');
INSERT INTO OKM_TRANSLATION (TR_MODULE, TR_KEY, TR_TEXT, TR_LANGUAGE) VALUES ('frontend', 'filebrowser.version', '', 'ar-PS');
INSERT INTO OKM_TRANSLATION (TR_MODULE, TR_KEY, TR_TEXT, TR_LANGUAGE) VALUES ('frontend', 'filebrowser.menu.checkout', '', 'ar-PS');
INSERT INTO OKM_TRANSLATION (TR_MODULE, TR_KEY, TR_TEXT, TR_LANGUAGE) VALUES ('frontend', 'filebrowser.menu.checkin', ' ', 'ar-PS');
INSERT INTO OKM_TRANSLATION (TR_MODULE, TR_KEY, TR_TEXT, TR_LANGUAGE) VALUES ('frontend', 'filebrowser.menu.delete', '', 'ar-PS');
INSERT INTO OKM_TRANSLATION (TR_MODULE, TR_KEY, TR_TEXT, TR_LANGUAGE) VALUES ('frontend', 'filebrowser.menu.rename', ' ', 'ar-PS');
INSERT INTO OKM_TRANSLATION (TR_MODULE, TR_KEY, TR_TEXT, TR_LANGUAGE) VALUES ('frontend', 'filebrowser.menu.checkout.cancel', '', 'ar-PS');
INSERT INTO OKM_TRANSLATION (TR_MODULE, TR_KEY, TR_TEXT, TR_LANGUAGE) VALUES ('frontend', 'filebrowser.menu.lock', '', 'ar-PS');
INSERT INTO OKM_TRANSLATION (TR_MODULE, TR_KEY, TR_TEXT, TR_LANGUAGE) VALUES ('frontend', 'filebrowser.menu.unlock', ' ', 'ar-PS');
INSERT INTO OKM_TRANSLATION (TR_MODULE, TR_KEY, TR_TEXT, TR_LANGUAGE) VALUES ('frontend', 'filebrowser.menu.download', '', 'ar-PS');
INSERT INTO OKM_TRANSLATION (TR_MODULE, TR_KEY, TR_TEXT, TR_LANGUAGE) VALUES ('frontend', 'filebrowser.menu.move', '', 'ar-PS');
INSERT INTO OKM_TRANSLATION (TR_MODULE, TR_KEY, TR_TEXT, TR_LANGUAGE) VALUES ('frontend', 'filebrowser.menu.copy', '', 'ar-PS');
INSERT INTO OKM_TRANSLATION (TR_MODULE, TR_KEY, TR_TEXT, TR_LANGUAGE) VALUES ('frontend', 'filebrowser.menu.create.from.template', '  ', 'ar-PS');
INSERT INTO OKM_TRANSLATION (TR_MODULE, TR_KEY, TR_TEXT, TR_LANGUAGE) VALUES ('frontend', 'filebrowser.menu.add.property.group', '  ', 'ar-PS');
INSERT INTO OKM_TRANSLATION (TR_MODULE, TR_KEY, TR_TEXT, TR_LANGUAGE) VALUES ('frontend', 'filebrowser.menu.remove.property.group', '  ', 'ar-PS');
INSERT INTO OKM_TRANSLATION (TR_MODULE, TR_KEY, TR_TEXT, TR_LANGUAGE) VALUES ('frontend', 'filebrowser.menu.start.workflow', '  ', 'ar-PS');
INSERT INTO OKM_TRANSLATION (TR_MODULE, TR_KEY, TR_TEXT, TR_LANGUAGE) VALUES ('frontend', 'filebrowser.menu.add.subscription', ' ', 'ar-PS');
INSERT INTO OKM_TRANSLATION (TR_MODULE, TR_KEY, TR_TEXT, TR_LANGUAGE) VALUES ('frontend', 'filebrowser.menu.remove.subscription', ' ', 'ar-PS');
INSERT INTO OKM_TRANSLATION (TR_MODULE, TR_KEY, TR_TEXT, TR_LANGUAGE) VALUES ('frontend', 'filebrowser.menu.add.bookmark', ' ', 'ar-PS');
INSERT INTO OKM_TRANSLATION (TR_MODULE, TR_KEY, TR_TEXT, TR_LANGUAGE) VALUES ('frontend', 'filebrowser.menu.set.home', '  ', 'ar-PS');
INSERT INTO OKM_TRANSLATION (TR_MODULE, TR_KEY, TR_TEXT, TR_LANGUAGE) VALUES ('frontend', 'filebrowser.menu.refresh', '', 'ar-PS');
INSERT INTO OKM_TRANSLATION (TR_MODULE, TR_KEY, TR_TEXT, TR_LANGUAGE) VALUES ('frontend', 'filebrowser.menu.export', '   ', 'ar-PS');
INSERT INTO OKM_TRANSLATION (TR_MODULE, TR_KEY, TR_TEXT, TR_LANGUAGE) VALUES ('frontend', 'filebrowser.menu.play', '  ', 'ar-PS');
INSERT INTO OKM_TRANSLATION (TR_MODULE, TR_KEY, TR_TEXT, TR_LANGUAGE) VALUES ('frontend', 'filebrowser.menu.image.viewer', ' ', 'ar-PS');
INSERT INTO OKM_TRANSLATION (TR_MODULE, TR_KEY, TR_TEXT, TR_LANGUAGE) VALUES ('frontend', 'filebrowser.status.refresh.folder', '  ', 'ar-PS');
INSERT INTO OKM_TRANSLATION (TR_MODULE, TR_KEY, TR_TEXT, TR_LANGUAGE) VALUES ('frontend', 'filebrowser.status.refresh.document', '  ', 'ar-PS');
INSERT INTO OKM_TRANSLATION (TR_MODULE, TR_KEY, TR_TEXT, TR_LANGUAGE) VALUES ('frontend', 'filebrowser.status.refresh.mail', '  ', 'ar-PS');
INSERT INTO OKM_TRANSLATION (TR_MODULE, TR_KEY, TR_TEXT, TR_LANGUAGE) VALUES ('frontend', 'filebrowser.status.refresh.delete.folder', ' ', 'ar-PS');
INSERT INTO OKM_TRANSLATION (TR_MODULE, TR_KEY, TR_TEXT, TR_LANGUAGE) VALUES ('frontend', 'filebrowser.status.refresh.delete.document', ' ', 'ar-PS');
INSERT INTO OKM_TRANSLATION (TR_MODULE, TR_KEY, TR_TEXT, TR_LANGUAGE) VALUES ('frontend', 'filebrowser.status.refresh.checkout', ' ', 'ar-PS');
INSERT INTO OKM_TRANSLATION (TR_MODULE, TR_KEY, TR_TEXT, TR_LANGUAGE) VALUES ('frontend', 'filebrowser.status.refresh.lock', ' ', 'ar-PS');
INSERT INTO OKM_TRANSLATION (TR_MODULE, TR_KEY, TR_TEXT, TR_LANGUAGE) VALUES ('frontend', 'filebrowser.status.refresh.unlock', '  ', 'ar-PS');
INSERT INTO OKM_TRANSLATION (TR_MODULE, TR_KEY, TR_TEXT, TR_LANGUAGE) VALUES ('frontend', 'filebrowser.status.refresh.document.rename', '  ', 'ar-PS');
INSERT INTO OKM_TRANSLATION (TR_MODULE, TR_KEY, TR_TEXT, TR_LANGUAGE) VALUES ('frontend', 'filebrowser.status.refresh.folder.rename', '  ', 'ar-PS');
INSERT INTO OKM_TRANSLATION (TR_MODULE, TR_KEY, TR_TEXT, TR_LANGUAGE) VALUES ('frontend', 'filebrowser.status.refresh.document.purge', ' ', 'ar-PS');
INSERT INTO OKM_TRANSLATION (TR_MODULE, TR_KEY, TR_TEXT, TR_LANGUAGE) VALUES ('frontend', 'filebrowser.status.refresh.folder.purge', ' ', 'ar-PS');
INSERT INTO OKM_TRANSLATION (TR_MODULE, TR_KEY, TR_TEXT, TR_LANGUAGE) VALUES ('frontend', 'filebrowser.status.refresh.folder.get', ' ', 'ar-PS');
INSERT INTO OKM_TRANSLATION (TR_MODULE, TR_KEY, TR_TEXT, TR_LANGUAGE) VALUES ('frontend', 'filebrowser.status.refresh.document.get', ' ', 'ar-PS');
INSERT INTO OKM_TRANSLATION (TR_MODULE, TR_KEY, TR_TEXT, TR_LANGUAGE) VALUES ('frontend', 'filebrowser.status.refresh.add.subscription', ' ', 'ar-PS');
INSERT INTO OKM_TRANSLATION (TR_MODULE, TR_KEY, TR_TEXT, TR_LANGUAGE) VALUES ('frontend', 'filebrowser.status.refresh.remove.subscription', ' ', 'ar-PS');
INSERT INTO OKM_TRANSLATION (TR_MODULE, TR_KEY, TR_TEXT, TR_LANGUAGE) VALUES ('frontend', 'filebrowser.status.refresh.get.user.home', '   ', 'ar-PS');
INSERT INTO OKM_TRANSLATION (TR_MODULE, TR_KEY, TR_TEXT, TR_LANGUAGE) VALUES ('frontend', 'filebrowser.status.refresh.delete.mail', ' ', 'ar-PS');
INSERT INTO OKM_TRANSLATION (TR_MODULE, TR_KEY, TR_TEXT, TR_LANGUAGE) VALUES ('frontend', 'filebrowser.status.refresh.mail.purge', ' ', 'ar-PS');
INSERT INTO OKM_TRANSLATION (TR_MODULE, TR_KEY, TR_TEXT, TR_LANGUAGE) VALUES ('frontend', 'fileupload.send', '', 'ar-PS');
INSERT INTO OKM_TRANSLATION (TR_MODULE, TR_KEY, TR_TEXT, TR_LANGUAGE) VALUES ('frontend', 'fileupload.status.sending', '... ', 'ar-PS');
INSERT INTO OKM_TRANSLATION (TR_MODULE, TR_KEY, TR_TEXT, TR_LANGUAGE) VALUES ('frontend', 'fileupload.status.indexing', '... ', 'ar-PS');
INSERT INTO OKM_TRANSLATION (TR_MODULE, TR_KEY, TR_TEXT, TR_LANGUAGE) VALUES ('frontend', 'fileupload.status.ok', '    ', 'ar-PS');
INSERT INTO OKM_TRANSLATION (TR_MODULE, TR_KEY, TR_TEXT, TR_LANGUAGE) VALUES ('frontend', 'fileupload.upload.status', ' ', 'ar-PS');
INSERT INTO OKM_TRANSLATION (TR_MODULE, TR_KEY, TR_TEXT, TR_LANGUAGE) VALUES ('frontend', 'fileupload.upload.uploaded', ' ', 'ar-PS');
INSERT INTO OKM_TRANSLATION (TR_MODULE, TR_KEY, TR_TEXT, TR_LANGUAGE) VALUES ('frontend', 'fileupload.upload.completed', '   ', 'ar-PS');
INSERT INTO OKM_TRANSLATION (TR_MODULE, TR_KEY, TR_TEXT, TR_LANGUAGE) VALUES ('frontend', 'fileupload.upload.runtime', ' ', 'ar-PS');
INSERT INTO OKM_TRANSLATION (TR_MODULE, TR_KEY, TR_TEXT, TR_LANGUAGE) VALUES ('frontend', 'fileupload.upload.remaining', '', 'ar-PS');
INSERT INTO OKM_TRANSLATION (TR_MODULE, TR_KEY, TR_TEXT, TR_LANGUAGE) VALUES ('frontend', 'fileupload.button.close', '', 'ar-PS');
INSERT INTO OKM_TRANSLATION (TR_MODULE, TR_KEY, TR_TEXT, TR_LANGUAGE) VALUES ('frontend', 'fileupload.button.add.other.file', '  ', 'ar-PS');
INSERT INTO OKM_TRANSLATION (TR_MODULE, TR_KEY, TR_TEXT, TR_LANGUAGE) VALUES ('frontend', 'fileupload.status.move.file', '... ', 'ar-PS');
INSERT INTO OKM_TRANSLATION (TR_MODULE, TR_KEY, TR_TEXT, TR_LANGUAGE) VALUES ('frontend', 'fileupload.status.move.mail', '... ', 'ar-PS');
INSERT INTO OKM_TRANSLATION (TR_MODULE, TR_KEY, TR_TEXT, TR_LANGUAGE) VALUES ('frontend', 'fileupload.status.copy.file', '... ', 'ar-PS');
INSERT INTO OKM_TRANSLATION (TR_MODULE, TR_KEY, TR_TEXT, TR_LANGUAGE) VALUES ('frontend', 'fileupload.status.copy.mail', '... ', 'ar-PS');
INSERT INTO OKM_TRANSLATION (TR_MODULE, TR_KEY, TR_TEXT, TR_LANGUAGE) VALUES ('frontend', 'fileupload.status.restore.file', '... ', 'ar-PS');
INSERT INTO OKM_TRANSLATION (TR_MODULE, TR_KEY, TR_TEXT, TR_LANGUAGE) VALUES ('frontend', 'fileupload.status.restore.mail', '... ', 'ar-PS');
INSERT INTO OKM_TRANSLATION (TR_MODULE, TR_KEY, TR_TEXT, TR_LANGUAGE) VALUES ('frontend', 'fileupload.status.move.folder', '... ', 'ar-PS');
INSERT INTO OKM_TRANSLATION (TR_MODULE, TR_KEY, TR_TEXT, TR_LANGUAGE) VALUES ('frontend', 'fileupload.status.copy.folder', '... ', 'ar-PS');
INSERT INTO OKM_TRANSLATION (TR_MODULE, TR_KEY, TR_TEXT, TR_LANGUAGE) VALUES ('frontend', 'fileupload.status.restore.folder', '... ', 'ar-PS');
INSERT INTO OKM_TRANSLATION (TR_MODULE, TR_KEY, TR_TEXT, TR_LANGUAGE) VALUES ('frontend', 'fileupload.status.create.from.template', '...   ', 'ar-PS');
INSERT INTO OKM_TRANSLATION (TR_MODULE, TR_KEY, TR_TEXT, TR_LANGUAGE) VALUES ('frontend', 'fileupload.status.of', '', 'ar-PS');
INSERT INTO OKM_TRANSLATION (TR_MODULE, TR_KEY, TR_TEXT, TR_LANGUAGE) VALUES ('frontend', 'fileupload.label.insert', '  ', 'ar-PS');
INSERT INTO OKM_TRANSLATION (TR_MODULE, TR_KEY, TR_TEXT, TR_LANGUAGE) VALUES ('frontend', 'fileupload.label.update', ' ', 'ar-PS');
INSERT INTO OKM_TRANSLATION (TR_MODULE, TR_KEY, TR_TEXT, TR_LANGUAGE) VALUES ('frontend', 'fileupload.label.users.notify', ' ', 'ar-PS');
INSERT INTO OKM_TRANSLATION (TR_MODULE, TR_KEY, TR_TEXT, TR_LANGUAGE) VALUES ('frontend', 'fileupload.label.comment', '', 'ar-PS');
INSERT INTO OKM_TRANSLATION (TR_MODULE, TR_KEY, TR_TEXT, TR_LANGUAGE) VALUES ('frontend', 'fileupload.label.users.to.notify"', '  " ', 'ar-PS');
INSERT INTO OKM_TRANSLATION (TR_MODULE, TR_KEY, TR_TEXT, TR_LANGUAGE) VALUES ('frontend', 'fileupload.label.users"', '  "', 'ar-PS');
INSERT INTO OKM_TRANSLATION (TR_MODULE, TR_KEY, TR_TEXT, TR_LANGUAGE) VALUES ('frontend', 'fileupload.label.groups.to.notify', 'Groups to notify', 'ar-PS');
INSERT INTO OKM_TRANSLATION (TR_MODULE, TR_KEY, TR_TEXT, TR_LANGUAGE) VALUES ('frontend', 'fileupload.label.groups', 'Groups', 'ar-PS');
INSERT INTO OKM_TRANSLATION (TR_MODULE, TR_KEY, TR_TEXT, TR_LANGUAGE) VALUES ('frontend', 'fileupload.label.must.select.users"', '  "    ', 'ar-PS');
INSERT INTO OKM_TRANSLATION (TR_MODULE, TR_KEY, TR_TEXT, TR_LANGUAGE) VALUES ('frontend', 'fileupload.label.importZip', '    ', 'ar-PS');
INSERT INTO OKM_TRANSLATION (TR_MODULE, TR_KEY, TR_TEXT, TR_LANGUAGE) VALUES ('frontend', 'fileupload.label.notify.comment', ' ', 'ar-PS');
INSERT INTO OKM_TRANSLATION (TR_MODULE, TR_KEY, TR_TEXT, TR_LANGUAGE) VALUES ('frontend', 'fileupload.label.error.importing.zip', '   ', 'ar-PS');
INSERT INTO OKM_TRANSLATION (TR_MODULE, TR_KEY, TR_TEXT, TR_LANGUAGE) VALUES ('frontend', 'fileupload.label.error.move.file', '   ', 'ar-PS');
INSERT INTO OKM_TRANSLATION (TR_MODULE, TR_KEY, TR_TEXT, TR_LANGUAGE) VALUES ('frontend', 'fileupload.label.error.move.mail', '   ', 'ar-PS');
INSERT INTO OKM_TRANSLATION (TR_MODULE, TR_KEY, TR_TEXT, TR_LANGUAGE) VALUES ('frontend', 'fileupload.label.error.copy.file', '   ', 'ar-PS');
INSERT INTO OKM_TRANSLATION (TR_MODULE, TR_KEY, TR_TEXT, TR_LANGUAGE) VALUES ('frontend', 'fileupload.label.error.copy.mail', '   ', 'ar-PS');
INSERT INTO OKM_TRANSLATION (TR_MODULE, TR_KEY, TR_TEXT, TR_LANGUAGE) VALUES ('frontend', 'fileupload.label.error.restore.file', '   ', 'ar-PS');
INSERT INTO OKM_TRANSLATION (TR_MODULE, TR_KEY, TR_TEXT, TR_LANGUAGE) VALUES ('frontend', 'fileupload.label.error.restore.mail', '   ', 'ar-PS');
INSERT INTO OKM_TRANSLATION (TR_MODULE, TR_KEY, TR_TEXT, TR_LANGUAGE) VALUES ('frontend', 'fileupload.label.error.move.folder', '   ', 'ar-PS');
INSERT INTO OKM_TRANSLATION (TR_MODULE, TR_KEY, TR_TEXT, TR_LANGUAGE) VALUES ('frontend', 'fileupload.label.error.copy.folder', '   ', 'ar-PS');
INSERT INTO OKM_TRANSLATION (TR_MODULE, TR_KEY, TR_TEXT, TR_LANGUAGE) VALUES ('frontend', 'fileupload.label.error.restore.folder', '   ', 'ar-PS');
INSERT INTO OKM_TRANSLATION (TR_MODULE, TR_KEY, TR_TEXT, TR_LANGUAGE) VALUES ('frontend', 'fileupload.label.error.create.from.template', '    ', 'ar-PS');
INSERT INTO OKM_TRANSLATION (TR_MODULE, TR_KEY, TR_TEXT, TR_LANGUAGE) VALUES ('frontend', 'fileupload.label.error.not.allowed.move.folder.child', '         ', 'ar-PS');
INSERT INTO OKM_TRANSLATION (TR_MODULE, TR_KEY, TR_TEXT, TR_LANGUAGE) VALUES ('frontend', 'fileupload.label.error.not.allowed.copy.same.folder', '     ', 'ar-PS');
INSERT INTO OKM_TRANSLATION (TR_MODULE, TR_KEY, TR_TEXT, TR_LANGUAGE) VALUES ('frontend', 'fileupload.label.error.not.allowed.create.from.template.same.folder', '      ', 'ar-PS');
INSERT INTO OKM_TRANSLATION (TR_MODULE, TR_KEY, TR_TEXT, TR_LANGUAGE) VALUES ('frontend', 'tab.document.properties', '', 'ar-PS');
INSERT INTO OKM_TRANSLATION (TR_MODULE, TR_KEY, TR_TEXT, TR_LANGUAGE) VALUES ('frontend', 'tab.document.notes', '', 'ar-PS');
INSERT INTO OKM_TRANSLATION (TR_MODULE, TR_KEY, TR_TEXT, TR_LANGUAGE) VALUES ('frontend', 'tab.document.history', ' ', 'ar-PS');
INSERT INTO OKM_TRANSLATION (TR_MODULE, TR_KEY, TR_TEXT, TR_LANGUAGE) VALUES ('frontend', 'tab.document.status.history', '  ', 'ar-PS');
INSERT INTO OKM_TRANSLATION (TR_MODULE, TR_KEY, TR_TEXT, TR_LANGUAGE) VALUES ('frontend', 'tab.status.security.role', '  ', 'ar-PS');
INSERT INTO OKM_TRANSLATION (TR_MODULE, TR_KEY, TR_TEXT, TR_LANGUAGE) VALUES ('frontend', 'tab.status.security.user', '  ', 'ar-PS');
INSERT INTO OKM_TRANSLATION (TR_MODULE, TR_KEY, TR_TEXT, TR_LANGUAGE) VALUES ('frontend', 'tab.document.status.group.properties', '   ', 'ar-PS');
INSERT INTO OKM_TRANSLATION (TR_MODULE, TR_KEY, TR_TEXT, TR_LANGUAGE) VALUES ('frontend', 'tab.document.status.set.keywords', '  ', 'ar-PS');
INSERT INTO OKM_TRANSLATION (TR_MODULE, TR_KEY, TR_TEXT, TR_LANGUAGE) VALUES ('frontend', 'tab.document.status.set.categories', ' ', 'ar-PS');
INSERT INTO OKM_TRANSLATION (TR_MODULE, TR_KEY, TR_TEXT, TR_LANGUAGE) VALUES ('frontend', 'tab.document.status.get.version.history.size', '      ', 'ar-PS');
INSERT INTO OKM_TRANSLATION (TR_MODULE, TR_KEY, TR_TEXT, TR_LANGUAGE) VALUES ('frontend', 'tab.document.status.purge.version.history', '   ', 'ar-PS');
INSERT INTO OKM_TRANSLATION (TR_MODULE, TR_KEY, TR_TEXT, TR_LANGUAGE) VALUES ('frontend', 'tab.document.status.restore.version', '  ', 'ar-PS');
INSERT INTO OKM_TRANSLATION (TR_MODULE, TR_KEY, TR_TEXT, TR_LANGUAGE) VALUES ('frontend', 'tab.document.security', '', 'ar-PS');
INSERT INTO OKM_TRANSLATION (TR_MODULE, TR_KEY, TR_TEXT, TR_LANGUAGE) VALUES ('frontend', 'tab.document.preview', '', 'ar-PS');
INSERT INTO OKM_TRANSLATION (TR_MODULE, TR_KEY, TR_TEXT, TR_LANGUAGE) VALUES ('frontend', 'tab.folder.properties', '', 'ar-PS');
INSERT INTO OKM_TRANSLATION (TR_MODULE, TR_KEY, TR_TEXT, TR_LANGUAGE) VALUES ('frontend', 'tab.folder.security', '', 'ar-PS');
INSERT INTO OKM_TRANSLATION (TR_MODULE, TR_KEY, TR_TEXT, TR_LANGUAGE) VALUES ('frontend', 'tab.folder.notes', '', 'ar-PS');
INSERT INTO OKM_TRANSLATION (TR_MODULE, TR_KEY, TR_TEXT, TR_LANGUAGE) VALUES ('frontend', 'tab.workspace.desktop', ' ', 'ar-PS');
INSERT INTO OKM_TRANSLATION (TR_MODULE, TR_KEY, TR_TEXT, TR_LANGUAGE) VALUES ('frontend', 'tab.workspace.search', '', 'ar-PS');
INSERT INTO OKM_TRANSLATION (TR_MODULE, TR_KEY, TR_TEXT, TR_LANGUAGE) VALUES ('frontend', 'tab.workspace.dashboard', ' ', 'ar-PS');
INSERT INTO OKM_TRANSLATION (TR_MODULE, TR_KEY, TR_TEXT, TR_LANGUAGE) VALUES ('frontend', 'tab.workspace.administration', '', 'ar-PS');
INSERT INTO OKM_TRANSLATION (TR_MODULE, TR_KEY, TR_TEXT, TR_LANGUAGE) VALUES ('frontend', 'document.uuid', 'UUID', 'ar-PS');
INSERT INTO OKM_TRANSLATION (TR_MODULE, TR_KEY, TR_TEXT, TR_LANGUAGE) VALUES ('frontend', 'document.name', '', 'ar-PS');
INSERT INTO OKM_TRANSLATION (TR_MODULE, TR_KEY, TR_TEXT, TR_LANGUAGE) VALUES ('frontend', 'document.folder', '', 'ar-PS');
INSERT INTO OKM_TRANSLATION (TR_MODULE, TR_KEY, TR_TEXT, TR_LANGUAGE) VALUES ('frontend', 'document.size', '', 'ar-PS');
INSERT INTO OKM_TRANSLATION (TR_MODULE, TR_KEY, TR_TEXT, TR_LANGUAGE) VALUES ('frontend', 'document.created', '', 'ar-PS');
INSERT INTO OKM_TRANSLATION (TR_MODULE, TR_KEY, TR_TEXT, TR_LANGUAGE) VALUES ('frontend', 'document.lastmodified', '', 'ar-PS');
INSERT INTO OKM_TRANSLATION (TR_MODULE, TR_KEY, TR_TEXT, TR_LANGUAGE) VALUES ('frontend', 'document.mimetype', '  ', 'ar-PS');
INSERT INTO OKM_TRANSLATION (TR_MODULE, TR_KEY, TR_TEXT, TR_LANGUAGE) VALUES ('frontend', 'document.keywords', ' ', 'ar-PS');
INSERT INTO OKM_TRANSLATION (TR_MODULE, TR_KEY, TR_TEXT, TR_LANGUAGE) VALUES ('frontend', 'document.by', ' ', 'ar-PS');
INSERT INTO OKM_TRANSLATION (TR_MODULE, TR_KEY, TR_TEXT, TR_LANGUAGE) VALUES ('frontend', 'document.status', '', 'ar-PS');
INSERT INTO OKM_TRANSLATION (TR_MODULE, TR_KEY, TR_TEXT, TR_LANGUAGE) VALUES ('frontend', 'document.status.checkout', ' ', 'ar-PS');
INSERT INTO OKM_TRANSLATION (TR_MODULE, TR_KEY, TR_TEXT, TR_LANGUAGE) VALUES ('frontend', 'document.status.locked', ' ', 'ar-PS');
INSERT INTO OKM_TRANSLATION (TR_MODULE, TR_KEY, TR_TEXT, TR_LANGUAGE) VALUES ('frontend', 'document.status.normal', '', 'ar-PS');
INSERT INTO OKM_TRANSLATION (TR_MODULE, TR_KEY, TR_TEXT, TR_LANGUAGE) VALUES ('frontend', 'document.subscribed', '', 'ar-PS');
INSERT INTO OKM_TRANSLATION (TR_MODULE, TR_KEY, TR_TEXT, TR_LANGUAGE) VALUES ('frontend', 'document.subscribed.yes', '', 'ar-PS');
INSERT INTO OKM_TRANSLATION (TR_MODULE, TR_KEY, TR_TEXT, TR_LANGUAGE) VALUES ('frontend', 'document.subscribed.no', '', 'ar-PS');
INSERT INTO OKM_TRANSLATION (TR_MODULE, TR_KEY, TR_TEXT, TR_LANGUAGE) VALUES ('frontend', 'document.history.size', ' ', 'ar-PS');
INSERT INTO OKM_TRANSLATION (TR_MODULE, TR_KEY, TR_TEXT, TR_LANGUAGE) VALUES ('frontend', 'document.subscribed.users', ' ', 'ar-PS');
INSERT INTO OKM_TRANSLATION (TR_MODULE, TR_KEY, TR_TEXT, TR_LANGUAGE) VALUES ('frontend', 'document.url', 'URL', 'ar-PS');
INSERT INTO OKM_TRANSLATION (TR_MODULE, TR_KEY, TR_TEXT, TR_LANGUAGE) VALUES ('frontend', 'document.webdav', 'WebDAV', 'ar-PS');
INSERT INTO OKM_TRANSLATION (TR_MODULE, TR_KEY, TR_TEXT, TR_LANGUAGE) VALUES ('frontend', 'document.add.note', ' ', 'ar-PS');
INSERT INTO OKM_TRANSLATION (TR_MODULE, TR_KEY, TR_TEXT, TR_LANGUAGE) VALUES ('frontend', 'document.keywords.cloud', '  ', 'ar-PS');
INSERT INTO OKM_TRANSLATION (TR_MODULE, TR_KEY, TR_TEXT, TR_LANGUAGE) VALUES ('frontend', 'document.categories', '', 'ar-PS');
INSERT INTO OKM_TRANSLATION (TR_MODULE, TR_KEY, TR_TEXT, TR_LANGUAGE) VALUES ('frontend', 'folder.uuid', 'UUID', 'ar-PS');
INSERT INTO OKM_TRANSLATION (TR_MODULE, TR_KEY, TR_TEXT, TR_LANGUAGE) VALUES ('frontend', 'folder.name', '', 'ar-PS');
INSERT INTO OKM_TRANSLATION (TR_MODULE, TR_KEY, TR_TEXT, TR_LANGUAGE) VALUES ('frontend', 'folder.parent', '', 'ar-PS');
INSERT INTO OKM_TRANSLATION (TR_MODULE, TR_KEY, TR_TEXT, TR_LANGUAGE) VALUES ('frontend', 'folder.created', '', 'ar-PS');
INSERT INTO OKM_TRANSLATION (TR_MODULE, TR_KEY, TR_TEXT, TR_LANGUAGE) VALUES ('frontend', 'folder.by', ' ', 'ar-PS');
INSERT INTO OKM_TRANSLATION (TR_MODULE, TR_KEY, TR_TEXT, TR_LANGUAGE) VALUES ('frontend', 'folder.subscribed', '', 'ar-PS');
INSERT INTO OKM_TRANSLATION (TR_MODULE, TR_KEY, TR_TEXT, TR_LANGUAGE) VALUES ('frontend', 'folder.subscribed.yes', '', 'ar-PS');
INSERT INTO OKM_TRANSLATION (TR_MODULE, TR_KEY, TR_TEXT, TR_LANGUAGE) VALUES ('frontend', 'folder.subscribed.no', '', 'ar-PS');
INSERT INTO OKM_TRANSLATION (TR_MODULE, TR_KEY, TR_TEXT, TR_LANGUAGE) VALUES ('frontend', 'folder.subscribed.users', ' ', 'ar-PS');
INSERT INTO OKM_TRANSLATION (TR_MODULE, TR_KEY, TR_TEXT, TR_LANGUAGE) VALUES ('frontend', 'folder.url', 'URL', 'ar-PS');
INSERT INTO OKM_TRANSLATION (TR_MODULE, TR_KEY, TR_TEXT, TR_LANGUAGE) VALUES ('frontend', 'folder.webdav', 'WebDAV', 'ar-PS');
INSERT INTO OKM_TRANSLATION (TR_MODULE, TR_KEY, TR_TEXT, TR_LANGUAGE) VALUES ('frontend', 'folder.number.folders', 'Folders', 'ar-PS');
INSERT INTO OKM_TRANSLATION (TR_MODULE, TR_KEY, TR_TEXT, TR_LANGUAGE) VALUES ('frontend', 'folder.number.documents', 'Documents', 'ar-PS');
INSERT INTO OKM_TRANSLATION (TR_MODULE, TR_KEY, TR_TEXT, TR_LANGUAGE) VALUES ('frontend', 'folder.number.mails', 'Mails', 'ar-PS');
INSERT INTO OKM_TRANSLATION (TR_MODULE, TR_KEY, TR_TEXT, TR_LANGUAGE) VALUES ('frontend', 'version.name', '', 'ar-PS');
INSERT INTO OKM_TRANSLATION (TR_MODULE, TR_KEY, TR_TEXT, TR_LANGUAGE) VALUES ('frontend', 'version.created', '', 'ar-PS');
INSERT INTO OKM_TRANSLATION (TR_MODULE, TR_KEY, TR_TEXT, TR_LANGUAGE) VALUES ('frontend', 'version.author', '', 'ar-PS');
INSERT INTO OKM_TRANSLATION (TR_MODULE, TR_KEY, TR_TEXT, TR_LANGUAGE) VALUES ('frontend', 'version.size', '', 'ar-PS');
INSERT INTO OKM_TRANSLATION (TR_MODULE, TR_KEY, TR_TEXT, TR_LANGUAGE) VALUES ('frontend', 'version.purge.document', '  ', 'ar-PS');
INSERT INTO OKM_TRANSLATION (TR_MODULE, TR_KEY, TR_TEXT, TR_LANGUAGE) VALUES ('frontend', 'version.comment', '', 'ar-PS');
INSERT INTO OKM_TRANSLATION (TR_MODULE, TR_KEY, TR_TEXT, TR_LANGUAGE) VALUES ('frontend', 'security.label', '', 'ar-PS');
INSERT INTO OKM_TRANSLATION (TR_MODULE, TR_KEY, TR_TEXT, TR_LANGUAGE) VALUES ('frontend', 'security.group.name', '', 'ar-PS');
INSERT INTO OKM_TRANSLATION (TR_MODULE, TR_KEY, TR_TEXT, TR_LANGUAGE) VALUES ('frontend', 'security.group.permission.read', '', 'ar-PS');
INSERT INTO OKM_TRANSLATION (TR_MODULE, TR_KEY, TR_TEXT, TR_LANGUAGE) VALUES ('frontend', 'security.group.permission.write', '', 'ar-PS');
INSERT INTO OKM_TRANSLATION (TR_MODULE, TR_KEY, TR_TEXT, TR_LANGUAGE) VALUES ('frontend', 'security.group.permission.delete', '', 'ar-PS');
INSERT INTO OKM_TRANSLATION (TR_MODULE, TR_KEY, TR_TEXT, TR_LANGUAGE) VALUES ('frontend', 'security.group.permission.security', 'Security', 'ar-PS');
INSERT INTO OKM_TRANSLATION (TR_MODULE, TR_KEY, TR_TEXT, TR_LANGUAGE) VALUES ('frontend', 'security.user.name', '', 'ar-PS');
INSERT INTO OKM_TRANSLATION (TR_MODULE, TR_KEY, TR_TEXT, TR_LANGUAGE) VALUES ('frontend', 'security.user.permission.read', '', 'ar-PS');
INSERT INTO OKM_TRANSLATION (TR_MODULE, TR_KEY, TR_TEXT, TR_LANGUAGE) VALUES ('frontend', 'security.user.permission.write', '', 'ar-PS');
INSERT INTO OKM_TRANSLATION (TR_MODULE, TR_KEY, TR_TEXT, TR_LANGUAGE) VALUES ('frontend', 'security.user.permission.delete', '', 'ar-PS');
INSERT INTO OKM_TRANSLATION (TR_MODULE, TR_KEY, TR_TEXT, TR_LANGUAGE) VALUES ('frontend', 'security.user.permission.security', 'Security', 'ar-PS');
INSERT INTO OKM_TRANSLATION (TR_MODULE, TR_KEY, TR_TEXT, TR_LANGUAGE) VALUES ('frontend', 'security.users', '', 'ar-PS');
INSERT INTO OKM_TRANSLATION (TR_MODULE, TR_KEY, TR_TEXT, TR_LANGUAGE) VALUES ('frontend', 'security.groups', '', 'ar-PS');
INSERT INTO OKM_TRANSLATION (TR_MODULE, TR_KEY, TR_TEXT, TR_LANGUAGE) VALUES ('frontend', 'security.recursive', '   ', 'ar-PS');
INSERT INTO OKM_TRANSLATION (TR_MODULE, TR_KEY, TR_TEXT, TR_LANGUAGE) VALUES ('frontend', 'secutiry.filter.by.users', 'Users filter', 'ar-PS');
INSERT INTO OKM_TRANSLATION (TR_MODULE, TR_KEY, TR_TEXT, TR_LANGUAGE) VALUES ('frontend', 'secutiry.filter.by.groups', 'Groups filter', 'ar-PS');
INSERT INTO OKM_TRANSLATION (TR_MODULE, TR_KEY, TR_TEXT, TR_LANGUAGE) VALUES ('frontend', 'security.status.updating', 'Updating security', 'ar-PS');
INSERT INTO OKM_TRANSLATION (TR_MODULE, TR_KEY, TR_TEXT, TR_LANGUAGE) VALUES ('frontend', 'preview.unavailable', '  ', 'ar-PS');
INSERT INTO OKM_TRANSLATION (TR_MODULE, TR_KEY, TR_TEXT, TR_LANGUAGE) VALUES ('frontend', 'mail.from', '', 'ar-PS');
INSERT INTO OKM_TRANSLATION (TR_MODULE, TR_KEY, TR_TEXT, TR_LANGUAGE) VALUES ('frontend', 'mail.reply', ' ', 'ar-PS');
INSERT INTO OKM_TRANSLATION (TR_MODULE, TR_KEY, TR_TEXT, TR_LANGUAGE) VALUES ('frontend', 'mail.to', '', 'ar-PS');
INSERT INTO OKM_TRANSLATION (TR_MODULE, TR_KEY, TR_TEXT, TR_LANGUAGE) VALUES ('frontend', 'mail.subject', '', 'ar-PS');
INSERT INTO OKM_TRANSLATION (TR_MODULE, TR_KEY, TR_TEXT, TR_LANGUAGE) VALUES ('frontend', 'mail.attachment', '', 'ar-PS');
INSERT INTO OKM_TRANSLATION (TR_MODULE, TR_KEY, TR_TEXT, TR_LANGUAGE) VALUES ('frontend', 'error.label', '  ', 'ar-PS');
INSERT INTO OKM_TRANSLATION (TR_MODULE, TR_KEY, TR_TEXT, TR_LANGUAGE) VALUES ('frontend', 'error.invocation', '   ', 'ar-PS');
INSERT INTO OKM_TRANSLATION (TR_MODULE, TR_KEY, TR_TEXT, TR_LANGUAGE) VALUES ('frontend', 'about.label', 'OpenKM ', 'ar-PS');
INSERT INTO OKM_TRANSLATION (TR_MODULE, TR_KEY, TR_TEXT, TR_LANGUAGE) VALUES ('frontend', 'about.loading', '...', 'ar-PS');
INSERT INTO OKM_TRANSLATION (TR_MODULE, TR_KEY, TR_TEXT, TR_LANGUAGE) VALUES ('frontend', 'logout.label', '', 'ar-PS');
INSERT INTO OKM_TRANSLATION (TR_MODULE, TR_KEY, TR_TEXT, TR_LANGUAGE) VALUES ('frontend', 'logout.closed', '   OpenKM ', 'ar-PS');
INSERT INTO OKM_TRANSLATION (TR_MODULE, TR_KEY, TR_TEXT, TR_LANGUAGE) VALUES ('frontend', 'logout.logout', 'OpenKM ,   ', 'ar-PS');
INSERT INTO OKM_TRANSLATION (TR_MODULE, TR_KEY, TR_TEXT, TR_LANGUAGE) VALUES ('frontend', 'confirm.label', '', 'ar-PS');
INSERT INTO OKM_TRANSLATION (TR_MODULE, TR_KEY, TR_TEXT, TR_LANGUAGE) VALUES ('frontend', 'confirm.delete.folder', '        ', 'ar-PS');
INSERT INTO OKM_TRANSLATION (TR_MODULE, TR_KEY, TR_TEXT, TR_LANGUAGE) VALUES ('frontend', 'confirm.delete.document', '        ', 'ar-PS');
INSERT INTO OKM_TRANSLATION (TR_MODULE, TR_KEY, TR_TEXT, TR_LANGUAGE) VALUES ('frontend', 'confirm.delete.trash', '        ', 'ar-PS');
INSERT INTO OKM_TRANSLATION (TR_MODULE, TR_KEY, TR_TEXT, TR_LANGUAGE) VALUES ('frontend', 'confirm.purge.folder', '       ', 'ar-PS');
INSERT INTO OKM_TRANSLATION (TR_MODULE, TR_KEY, TR_TEXT, TR_LANGUAGE) VALUES ('frontend', 'confirm.purge.document', '       ', 'ar-PS');
INSERT INTO OKM_TRANSLATION (TR_MODULE, TR_KEY, TR_TEXT, TR_LANGUAGE) VALUES ('frontend', 'confirm.delete.propety.group', '         ', 'ar-PS');
INSERT INTO OKM_TRANSLATION (TR_MODULE, TR_KEY, TR_TEXT, TR_LANGUAGE) VALUES ('frontend', 'confirm.purge.version.history.document', '          ', 'ar-PS');
INSERT INTO OKM_TRANSLATION (TR_MODULE, TR_KEY, TR_TEXT, TR_LANGUAGE) VALUES ('frontend', 'confirm.purge.restore.document', '         ', 'ar-PS');
INSERT INTO OKM_TRANSLATION (TR_MODULE, TR_KEY, TR_TEXT, TR_LANGUAGE) VALUES ('frontend', 'confirm.set.default.home', '      ', 'ar-PS');
INSERT INTO OKM_TRANSLATION (TR_MODULE, TR_KEY, TR_TEXT, TR_LANGUAGE) VALUES ('frontend', 'confirm.delete.saved.search', '       ', 'ar-PS');
INSERT INTO OKM_TRANSLATION (TR_MODULE, TR_KEY, TR_TEXT, TR_LANGUAGE) VALUES ('frontend', 'confirm.delete.user.news', '        ', 'ar-PS');
INSERT INTO OKM_TRANSLATION (TR_MODULE, TR_KEY, TR_TEXT, TR_LANGUAGE) VALUES ('frontend', 'confirm.delete.mail', '      ', 'ar-PS');
INSERT INTO OKM_TRANSLATION (TR_MODULE, TR_KEY, TR_TEXT, TR_LANGUAGE) VALUES ('frontend', 'confirm.get.pooled.workflow.task', '       ', 'ar-PS');
INSERT INTO OKM_TRANSLATION (TR_MODULE, TR_KEY, TR_TEXT, TR_LANGUAGE) VALUES ('frontend', 'confirm.force.unlock', 'Do you really want to force the document unlock ?', 'ar-PS');
INSERT INTO OKM_TRANSLATION (TR_MODULE, TR_KEY, TR_TEXT, TR_LANGUAGE) VALUES ('frontend', 'confirm.force.cancel.checkout', 'Do you really want to force the document cancel checkout ?', 'ar-PS');
INSERT INTO OKM_TRANSLATION (TR_MODULE, TR_KEY, TR_TEXT, TR_LANGUAGE) VALUES ('frontend', 'search.context', '', 'ar-PS');
INSERT INTO OKM_TRANSLATION (TR_MODULE, TR_KEY, TR_TEXT, TR_LANGUAGE) VALUES ('frontend', 'search.content', '', 'ar-PS');
INSERT INTO OKM_TRANSLATION (TR_MODULE, TR_KEY, TR_TEXT, TR_LANGUAGE) VALUES ('frontend', 'search.name', '', 'ar-PS');
INSERT INTO OKM_TRANSLATION (TR_MODULE, TR_KEY, TR_TEXT, TR_LANGUAGE) VALUES ('frontend', 'search.keywords', ' ', 'ar-PS');
INSERT INTO OKM_TRANSLATION (TR_MODULE, TR_KEY, TR_TEXT, TR_LANGUAGE) VALUES ('frontend', 'search.folder', '', 'ar-PS');
INSERT INTO OKM_TRANSLATION (TR_MODULE, TR_KEY, TR_TEXT, TR_LANGUAGE) VALUES ('frontend', 'search.category', '', 'ar-PS');
INSERT INTO OKM_TRANSLATION (TR_MODULE, TR_KEY, TR_TEXT, TR_LANGUAGE) VALUES ('frontend', 'search.results', '', 'ar-PS');
INSERT INTO OKM_TRANSLATION (TR_MODULE, TR_KEY, TR_TEXT, TR_LANGUAGE) VALUES ('frontend', 'search.to', '', 'ar-PS');
INSERT INTO OKM_TRANSLATION (TR_MODULE, TR_KEY, TR_TEXT, TR_LANGUAGE) VALUES ('frontend', 'search.page.results', ' ', 'ar-PS');
INSERT INTO OKM_TRANSLATION (TR_MODULE, TR_KEY, TR_TEXT, TR_LANGUAGE) VALUES ('frontend', 'search.add.property.group', '   ', 'ar-PS');
INSERT INTO OKM_TRANSLATION (TR_MODULE, TR_KEY, TR_TEXT, TR_LANGUAGE) VALUES ('frontend', 'search.mimetype', '  ', 'ar-PS');
INSERT INTO OKM_TRANSLATION (TR_MODULE, TR_KEY, TR_TEXT, TR_LANGUAGE) VALUES ('frontend', 'search.type', '', 'ar-PS');
INSERT INTO OKM_TRANSLATION (TR_MODULE, TR_KEY, TR_TEXT, TR_LANGUAGE) VALUES ('frontend', 'search.type.document', '', 'ar-PS');
INSERT INTO OKM_TRANSLATION (TR_MODULE, TR_KEY, TR_TEXT, TR_LANGUAGE) VALUES ('frontend', 'search.type.folder', '', 'ar-PS');
INSERT INTO OKM_TRANSLATION (TR_MODULE, TR_KEY, TR_TEXT, TR_LANGUAGE) VALUES ('frontend', 'search.type.mail', '', 'ar-PS');
INSERT INTO OKM_TRANSLATION (TR_MODULE, TR_KEY, TR_TEXT, TR_LANGUAGE) VALUES ('frontend', 'search.advanced', ' ', 'ar-PS');
INSERT INTO OKM_TRANSLATION (TR_MODULE, TR_KEY, TR_TEXT, TR_LANGUAGE) VALUES ('frontend', 'search.user', '', 'ar-PS');
INSERT INTO OKM_TRANSLATION (TR_MODULE, TR_KEY, TR_TEXT, TR_LANGUAGE) VALUES ('frontend', 'search.date.and', '', 'ar-PS');
INSERT INTO OKM_TRANSLATION (TR_MODULE, TR_KEY, TR_TEXT, TR_LANGUAGE) VALUES ('frontend', 'search.date.range', '   ', 'ar-PS');
INSERT INTO OKM_TRANSLATION (TR_MODULE, TR_KEY, TR_TEXT, TR_LANGUAGE) VALUES ('frontend', 'search.save.as.news', '  ', 'ar-PS');
INSERT INTO OKM_TRANSLATION (TR_MODULE, TR_KEY, TR_TEXT, TR_LANGUAGE) VALUES ('frontend', 'search.folder.filter', '  ', 'ar-PS');
INSERT INTO OKM_TRANSLATION (TR_MODULE, TR_KEY, TR_TEXT, TR_LANGUAGE) VALUES ('frontend', 'search.category.filter', '  ', 'ar-PS');
INSERT INTO OKM_TRANSLATION (TR_MODULE, TR_KEY, TR_TEXT, TR_LANGUAGE) VALUES ('frontend', 'search.result.name', '', 'ar-PS');
INSERT INTO OKM_TRANSLATION (TR_MODULE, TR_KEY, TR_TEXT, TR_LANGUAGE) VALUES ('frontend', 'search.result.score', ' ', 'ar-PS');
INSERT INTO OKM_TRANSLATION (TR_MODULE, TR_KEY, TR_TEXT, TR_LANGUAGE) VALUES ('frontend', 'search.result.size', '', 'ar-PS');
INSERT INTO OKM_TRANSLATION (TR_MODULE, TR_KEY, TR_TEXT, TR_LANGUAGE) VALUES ('frontend', 'search.result.date.update', ' ', 'ar-PS');
INSERT INTO OKM_TRANSLATION (TR_MODULE, TR_KEY, TR_TEXT, TR_LANGUAGE) VALUES ('frontend', 'search.result.author', '', 'ar-PS');
INSERT INTO OKM_TRANSLATION (TR_MODULE, TR_KEY, TR_TEXT, TR_LANGUAGE) VALUES ('frontend', 'search.result.version', '', 'ar-PS');
INSERT INTO OKM_TRANSLATION (TR_MODULE, TR_KEY, TR_TEXT, TR_LANGUAGE) VALUES ('frontend', 'search.result.path', '', 'ar-PS');
INSERT INTO OKM_TRANSLATION (TR_MODULE, TR_KEY, TR_TEXT, TR_LANGUAGE) VALUES ('frontend', 'search.result.menu.download', '', 'ar-PS');
INSERT INTO OKM_TRANSLATION (TR_MODULE, TR_KEY, TR_TEXT, TR_LANGUAGE) VALUES ('frontend', 'search.result.menu.go.folder', '  ', 'ar-PS');
INSERT INTO OKM_TRANSLATION (TR_MODULE, TR_KEY, TR_TEXT, TR_LANGUAGE) VALUES ('frontend', 'search.result.menu.go.document', '  ', 'ar-PS');
INSERT INTO OKM_TRANSLATION (TR_MODULE, TR_KEY, TR_TEXT, TR_LANGUAGE) VALUES ('frontend', 'search.result.status.findPaginated', '  ', 'ar-PS');
INSERT INTO OKM_TRANSLATION (TR_MODULE, TR_KEY, TR_TEXT, TR_LANGUAGE) VALUES ('frontend', 'search.result.status.runsearch', '   ', 'ar-PS');
INSERT INTO OKM_TRANSLATION (TR_MODULE, TR_KEY, TR_TEXT, TR_LANGUAGE) VALUES ('frontend', 'search.saved.run', '', 'ar-PS');
INSERT INTO OKM_TRANSLATION (TR_MODULE, TR_KEY, TR_TEXT, TR_LANGUAGE) VALUES ('frontend', 'search.saved.delete', '', 'ar-PS');
INSERT INTO OKM_TRANSLATION (TR_MODULE, TR_KEY, TR_TEXT, TR_LANGUAGE) VALUES ('frontend', 'search.saved.status.getsearchs', '    ', 'ar-PS');
INSERT INTO OKM_TRANSLATION (TR_MODULE, TR_KEY, TR_TEXT, TR_LANGUAGE) VALUES ('frontend', 'search.saved.status.savesearch', '  ', 'ar-PS');
INSERT INTO OKM_TRANSLATION (TR_MODULE, TR_KEY, TR_TEXT, TR_LANGUAGE) VALUES ('frontend', 'search.saved.status.deletesearch', '   ', 'ar-PS');
INSERT INTO OKM_TRANSLATION (TR_MODULE, TR_KEY, TR_TEXT, TR_LANGUAGE) VALUES ('frontend', 'search.saved.status.getusernews', '   ', 'ar-PS');
INSERT INTO OKM_TRANSLATION (TR_MODULE, TR_KEY, TR_TEXT, TR_LANGUAGE) VALUES ('frontend', 'button.close', '', 'ar-PS');
INSERT INTO OKM_TRANSLATION (TR_MODULE, TR_KEY, TR_TEXT, TR_LANGUAGE) VALUES ('frontend', 'button.logout', '', 'ar-PS');
INSERT INTO OKM_TRANSLATION (TR_MODULE, TR_KEY, TR_TEXT, TR_LANGUAGE) VALUES ('frontend', 'button.update', '', 'ar-PS');
INSERT INTO OKM_TRANSLATION (TR_MODULE, TR_KEY, TR_TEXT, TR_LANGUAGE) VALUES ('frontend', 'button.cancel', '', 'ar-PS');
INSERT INTO OKM_TRANSLATION (TR_MODULE, TR_KEY, TR_TEXT, TR_LANGUAGE) VALUES ('frontend', 'button.accept', '', 'ar-PS');
INSERT INTO OKM_TRANSLATION (TR_MODULE, TR_KEY, TR_TEXT, TR_LANGUAGE) VALUES ('frontend', 'button.restore', '', 'ar-PS');
INSERT INTO OKM_TRANSLATION (TR_MODULE, TR_KEY, TR_TEXT, TR_LANGUAGE) VALUES ('frontend', 'button.move', '', 'ar-PS');
INSERT INTO OKM_TRANSLATION (TR_MODULE, TR_KEY, TR_TEXT, TR_LANGUAGE) VALUES ('frontend', 'button.change', '', 'ar-PS');
INSERT INTO OKM_TRANSLATION (TR_MODULE, TR_KEY, TR_TEXT, TR_LANGUAGE) VALUES ('frontend', 'button.search', '', 'ar-PS');
INSERT INTO OKM_TRANSLATION (TR_MODULE, TR_KEY, TR_TEXT, TR_LANGUAGE) VALUES ('frontend', 'button.save.search', ' ', 'ar-PS');
INSERT INTO OKM_TRANSLATION (TR_MODULE, TR_KEY, TR_TEXT, TR_LANGUAGE) VALUES ('frontend', 'button.view', '', 'ar-PS');
INSERT INTO OKM_TRANSLATION (TR_MODULE, TR_KEY, TR_TEXT, TR_LANGUAGE) VALUES ('frontend', 'button.clean', '', 'ar-PS');
INSERT INTO OKM_TRANSLATION (TR_MODULE, TR_KEY, TR_TEXT, TR_LANGUAGE) VALUES ('frontend', 'button.add', '', 'ar-PS');
INSERT INTO OKM_TRANSLATION (TR_MODULE, TR_KEY, TR_TEXT, TR_LANGUAGE) VALUES ('frontend', 'button.delete', '', 'ar-PS');
INSERT INTO OKM_TRANSLATION (TR_MODULE, TR_KEY, TR_TEXT, TR_LANGUAGE) VALUES ('frontend', 'button.copy', '', 'ar-PS');
INSERT INTO OKM_TRANSLATION (TR_MODULE, TR_KEY, TR_TEXT, TR_LANGUAGE) VALUES ('frontend', 'button.create', '', 'ar-PS');
INSERT INTO OKM_TRANSLATION (TR_MODULE, TR_KEY, TR_TEXT, TR_LANGUAGE) VALUES ('frontend', 'button.show', '', 'ar-PS');
INSERT INTO OKM_TRANSLATION (TR_MODULE, TR_KEY, TR_TEXT, TR_LANGUAGE) VALUES ('frontend', 'button.memory', '', 'ar-PS');
INSERT INTO OKM_TRANSLATION (TR_MODULE, TR_KEY, TR_TEXT, TR_LANGUAGE) VALUES ('frontend', 'button.copy.clipboard', '   ', 'ar-PS');
INSERT INTO OKM_TRANSLATION (TR_MODULE, TR_KEY, TR_TEXT, TR_LANGUAGE) VALUES ('frontend', 'button.start', '', 'ar-PS');
INSERT INTO OKM_TRANSLATION (TR_MODULE, TR_KEY, TR_TEXT, TR_LANGUAGE) VALUES ('frontend', 'button.select', '', 'ar-PS');
INSERT INTO OKM_TRANSLATION (TR_MODULE, TR_KEY, TR_TEXT, TR_LANGUAGE) VALUES ('frontend', 'button.test', '', 'ar-PS');
INSERT INTO OKM_TRANSLATION (TR_MODULE, TR_KEY, TR_TEXT, TR_LANGUAGE) VALUES ('frontend', 'group.label', '   ', 'ar-PS');
INSERT INTO OKM_TRANSLATION (TR_MODULE, TR_KEY, TR_TEXT, TR_LANGUAGE) VALUES ('frontend', 'group.group', '', 'ar-PS');
INSERT INTO OKM_TRANSLATION (TR_MODULE, TR_KEY, TR_TEXT, TR_LANGUAGE) VALUES ('frontend', 'group.property.group', ' ', 'ar-PS');
INSERT INTO OKM_TRANSLATION (TR_MODULE, TR_KEY, TR_TEXT, TR_LANGUAGE) VALUES ('frontend', 'general.menu.file.scanner', ' ', 'ar-PS');
INSERT INTO OKM_TRANSLATION (TR_MODULE, TR_KEY, TR_TEXT, TR_LANGUAGE) VALUES ('frontend', 'bookmark.label', ' ', 'ar-PS');
INSERT INTO OKM_TRANSLATION (TR_MODULE, TR_KEY, TR_TEXT, TR_LANGUAGE) VALUES ('frontend', 'bookmark.name', '', 'ar-PS');
INSERT INTO OKM_TRANSLATION (TR_MODULE, TR_KEY, TR_TEXT, TR_LANGUAGE) VALUES ('frontend', 'bookmark.edit.label', ' ', 'ar-PS');
INSERT INTO OKM_TRANSLATION (TR_MODULE, TR_KEY, TR_TEXT, TR_LANGUAGE) VALUES ('frontend', 'bookmark.path', '', 'ar-PS');
INSERT INTO OKM_TRANSLATION (TR_MODULE, TR_KEY, TR_TEXT, TR_LANGUAGE) VALUES ('frontend', 'bookmark.type', '', 'ar-PS');
INSERT INTO OKM_TRANSLATION (TR_MODULE, TR_KEY, TR_TEXT, TR_LANGUAGE) VALUES ('frontend', 'bookmark.type.document', '', 'ar-PS');
INSERT INTO OKM_TRANSLATION (TR_MODULE, TR_KEY, TR_TEXT, TR_LANGUAGE) VALUES ('frontend', 'bookmark.type.folder', '', 'ar-PS');
INSERT INTO OKM_TRANSLATION (TR_MODULE, TR_KEY, TR_TEXT, TR_LANGUAGE) VALUES ('frontend', 'notify.label', '   ', 'ar-PS');
INSERT INTO OKM_TRANSLATION (TR_MODULE, TR_KEY, TR_TEXT, TR_LANGUAGE) VALUES ('frontend', 'notify.label.attachment', 'Send document attachment', 'ar-PS');
INSERT INTO OKM_TRANSLATION (TR_MODULE, TR_KEY, TR_TEXT, TR_LANGUAGE) VALUES ('frontend', 'status.document.copied', '  ', 'ar-PS');
INSERT INTO OKM_TRANSLATION (TR_MODULE, TR_KEY, TR_TEXT, TR_LANGUAGE) VALUES ('frontend', 'status.document.cut', '  ', 'ar-PS');
INSERT INTO OKM_TRANSLATION (TR_MODULE, TR_KEY, TR_TEXT, TR_LANGUAGE) VALUES ('frontend', 'status.folder.copied', '  ', 'ar-PS');
INSERT INTO OKM_TRANSLATION (TR_MODULE, TR_KEY, TR_TEXT, TR_LANGUAGE) VALUES ('frontend', 'status.folder.cut', '  ', 'ar-PS');
INSERT INTO OKM_TRANSLATION (TR_MODULE, TR_KEY, TR_TEXT, TR_LANGUAGE) VALUES ('frontend', 'status.keep.alive.error', '     ...   ', 'ar-PS');
INSERT INTO OKM_TRANSLATION (TR_MODULE, TR_KEY, TR_TEXT, TR_LANGUAGE) VALUES ('frontend', 'status.debug.enabled', ' ', 'ar-PS');
INSERT INTO OKM_TRANSLATION (TR_MODULE, TR_KEY, TR_TEXT, TR_LANGUAGE) VALUES ('frontend', 'status.debug.disabled', ' ', 'ar-PS');
INSERT INTO OKM_TRANSLATION (TR_MODULE, TR_KEY, TR_TEXT, TR_LANGUAGE) VALUES ('frontend', 'status.network.error.detected', '   ', 'ar-PS');
INSERT INTO OKM_TRANSLATION (TR_MODULE, TR_KEY, TR_TEXT, TR_LANGUAGE) VALUES ('frontend', 'calendar.day.sunday', '', 'ar-PS');
INSERT INTO OKM_TRANSLATION (TR_MODULE, TR_KEY, TR_TEXT, TR_LANGUAGE) VALUES ('frontend', 'calendar.day.monday', '', 'ar-PS');
INSERT INTO OKM_TRANSLATION (TR_MODULE, TR_KEY, TR_TEXT, TR_LANGUAGE) VALUES ('frontend', 'calendar.day.tuesday', '', 'ar-PS');
INSERT INTO OKM_TRANSLATION (TR_MODULE, TR_KEY, TR_TEXT, TR_LANGUAGE) VALUES ('frontend', 'calendar.day.wednesday', '', 'ar-PS');
INSERT INTO OKM_TRANSLATION (TR_MODULE, TR_KEY, TR_TEXT, TR_LANGUAGE) VALUES ('frontend', 'calendar.day.thursday', '', 'ar-PS');
INSERT INTO OKM_TRANSLATION (TR_MODULE, TR_KEY, TR_TEXT, TR_LANGUAGE) VALUES ('frontend', 'calendar.day.friday', '', 'ar-PS');
INSERT INTO OKM_TRANSLATION (TR_MODULE, TR_KEY, TR_TEXT, TR_LANGUAGE) VALUES ('frontend', 'calendar.day.saturday', '', 'ar-PS');
INSERT INTO OKM_TRANSLATION (TR_MODULE, TR_KEY, TR_TEXT, TR_LANGUAGE) VALUES ('frontend', 'calendar.month.january', '', 'ar-PS');
INSERT INTO OKM_TRANSLATION (TR_MODULE, TR_KEY, TR_TEXT, TR_LANGUAGE) VALUES ('frontend', 'calendar.month.february', '', 'ar-PS');
INSERT INTO OKM_TRANSLATION (TR_MODULE, TR_KEY, TR_TEXT, TR_LANGUAGE) VALUES ('frontend', 'calendar.month.march', '', 'ar-PS');
INSERT INTO OKM_TRANSLATION (TR_MODULE, TR_KEY, TR_TEXT, TR_LANGUAGE) VALUES ('frontend', 'calendar.month.april', '', 'ar-PS');
INSERT INTO OKM_TRANSLATION (TR_MODULE, TR_KEY, TR_TEXT, TR_LANGUAGE) VALUES ('frontend', 'calendar.month.may', '', 'ar-PS');
INSERT INTO OKM_TRANSLATION (TR_MODULE, TR_KEY, TR_TEXT, TR_LANGUAGE) VALUES ('frontend', 'calendar.month.june', '', 'ar-PS');
INSERT INTO OKM_TRANSLATION (TR_MODULE, TR_KEY, TR_TEXT, TR_LANGUAGE) VALUES ('frontend', 'calendar.month.july', '', 'ar-PS');
INSERT INTO OKM_TRANSLATION (TR_MODULE, TR_KEY, TR_TEXT, TR_LANGUAGE) VALUES ('frontend', 'calendar.month.august', '', 'ar-PS');
INSERT INTO OKM_TRANSLATION (TR_MODULE, TR_KEY, TR_TEXT, TR_LANGUAGE) VALUES ('frontend', 'calendar.month.september', '', 'ar-PS');
INSERT INTO OKM_TRANSLATION (TR_MODULE, TR_KEY, TR_TEXT, TR_LANGUAGE) VALUES ('frontend', 'calendar.month.october', '', 'ar-PS');
INSERT INTO OKM_TRANSLATION (TR_MODULE, TR_KEY, TR_TEXT, TR_LANGUAGE) VALUES ('frontend', 'calendar.month.november', '', 'ar-PS');
INSERT INTO OKM_TRANSLATION (TR_MODULE, TR_KEY, TR_TEXT, TR_LANGUAGE) VALUES ('frontend', 'calendar.month.december', '', 'ar-PS');
INSERT INTO OKM_TRANSLATION (TR_MODULE, TR_KEY, TR_TEXT, TR_LANGUAGE) VALUES ('frontend', 'media.player.label', '  ', 'ar-PS');
INSERT INTO OKM_TRANSLATION (TR_MODULE, TR_KEY, TR_TEXT, TR_LANGUAGE) VALUES ('frontend', 'image.viewer.label', ' ', 'ar-PS');
INSERT INTO OKM_TRANSLATION (TR_MODULE, TR_KEY, TR_TEXT, TR_LANGUAGE) VALUES ('frontend', 'image.viewer.zoom.in', '', 'ar-PS');
INSERT INTO OKM_TRANSLATION (TR_MODULE, TR_KEY, TR_TEXT, TR_LANGUAGE) VALUES ('frontend', 'image.viewer.zoom.out', '', 'ar-PS');
INSERT INTO OKM_TRANSLATION (TR_MODULE, TR_KEY, TR_TEXT, TR_LANGUAGE) VALUES ('frontend', 'debug.console.label', '', 'ar-PS');
INSERT INTO OKM_TRANSLATION (TR_MODULE, TR_KEY, TR_TEXT, TR_LANGUAGE) VALUES ('frontend', 'debug.enable.disable', 'CTRL+Z     ', 'ar-PS');
INSERT INTO OKM_TRANSLATION (TR_MODULE, TR_KEY, TR_TEXT, TR_LANGUAGE) VALUES ('frontend', 'dashboard.tab.general', '', 'ar-PS');
INSERT INTO OKM_TRANSLATION (TR_MODULE, TR_KEY, TR_TEXT, TR_LANGUAGE) VALUES ('frontend', 'dashboard.tab.news', '', 'ar-PS');
INSERT INTO OKM_TRANSLATION (TR_MODULE, TR_KEY, TR_TEXT, TR_LANGUAGE) VALUES ('frontend', 'dashboard.tab.user', '', 'ar-PS');
INSERT INTO OKM_TRANSLATION (TR_MODULE, TR_KEY, TR_TEXT, TR_LANGUAGE) VALUES ('frontend', 'dashboard.tab.workflow', ' ', 'ar-PS');
INSERT INTO OKM_TRANSLATION (TR_MODULE, TR_KEY, TR_TEXT, TR_LANGUAGE) VALUES ('frontend', 'dashboard.tab.mail', '', 'ar-PS');
INSERT INTO OKM_TRANSLATION (TR_MODULE, TR_KEY, TR_TEXT, TR_LANGUAGE) VALUES ('frontend', 'dashboard.tab.keymap', '  ', 'ar-PS');
INSERT INTO OKM_TRANSLATION (TR_MODULE, TR_KEY, TR_TEXT, TR_LANGUAGE) VALUES ('frontend', 'dashboard.new.items', '', 'ar-PS');
INSERT INTO OKM_TRANSLATION (TR_MODULE, TR_KEY, TR_TEXT, TR_LANGUAGE) VALUES ('frontend', 'dashboard.user.locked.documents', ' ', 'ar-PS');
INSERT INTO OKM_TRANSLATION (TR_MODULE, TR_KEY, TR_TEXT, TR_LANGUAGE) VALUES ('frontend', 'dashboard.user.checkout.documents', '', 'ar-PS');
INSERT INTO OKM_TRANSLATION (TR_MODULE, TR_KEY, TR_TEXT, TR_LANGUAGE) VALUES ('frontend', 'dashboard.user.last.modified.documents', '   ', 'ar-PS');
INSERT INTO OKM_TRANSLATION (TR_MODULE, TR_KEY, TR_TEXT, TR_LANGUAGE) VALUES ('frontend', 'dashboard.user.last.downloaded.documents', '  ', 'ar-PS');
INSERT INTO OKM_TRANSLATION (TR_MODULE, TR_KEY, TR_TEXT, TR_LANGUAGE) VALUES ('frontend', 'dashboard.user.subscribed.documents', ' ', 'ar-PS');
INSERT INTO OKM_TRANSLATION (TR_MODULE, TR_KEY, TR_TEXT, TR_LANGUAGE) VALUES ('frontend', 'dashboard.user.subscribed.folders', ' ', 'ar-PS');
INSERT INTO OKM_TRANSLATION (TR_MODULE, TR_KEY, TR_TEXT, TR_LANGUAGE) VALUES ('frontend', 'dashboard.user.last.uploaded.documents', '  ', 'ar-PS');
INSERT INTO OKM_TRANSLATION (TR_MODULE, TR_KEY, TR_TEXT, TR_LANGUAGE) VALUES ('frontend', 'dashboard.general.last.week.top.downloaded.documents', '     ', 'ar-PS');
INSERT INTO OKM_TRANSLATION (TR_MODULE, TR_KEY, TR_TEXT, TR_LANGUAGE) VALUES ('frontend', 'dashboard.general.last.month.top.downloaded.documents', '     ', 'ar-PS');
INSERT INTO OKM_TRANSLATION (TR_MODULE, TR_KEY, TR_TEXT, TR_LANGUAGE) VALUES ('frontend', 'dashboard.general.last.week.top.modified.documents', '     ', 'ar-PS');
INSERT INTO OKM_TRANSLATION (TR_MODULE, TR_KEY, TR_TEXT, TR_LANGUAGE) VALUES ('frontend', 'dashboard.general.last.month.top.modified.documents', '     ', 'ar-PS');
INSERT INTO OKM_TRANSLATION (TR_MODULE, TR_KEY, TR_TEXT, TR_LANGUAGE) VALUES ('frontend', 'dashboard.general.last.uploaded.documents', '  ', 'ar-PS');
INSERT INTO OKM_TRANSLATION (TR_MODULE, TR_KEY, TR_TEXT, TR_LANGUAGE) VALUES ('frontend', 'dashboard.workflow.pending.tasks', '  ', 'ar-PS');
INSERT INTO OKM_TRANSLATION (TR_MODULE, TR_KEY, TR_TEXT, TR_LANGUAGE) VALUES ('frontend', 'dashboard.workflow.pending.tasks.unassigned', '      ', 'ar-PS');
INSERT INTO OKM_TRANSLATION (TR_MODULE, TR_KEY, TR_TEXT, TR_LANGUAGE) VALUES ('frontend', 'dashboard.workflow.task', '', 'ar-PS');
INSERT INTO OKM_TRANSLATION (TR_MODULE, TR_KEY, TR_TEXT, TR_LANGUAGE) VALUES ('frontend', 'dashboard.workflow.task.id', ' ', 'ar-PS');
INSERT INTO OKM_TRANSLATION (TR_MODULE, TR_KEY, TR_TEXT, TR_LANGUAGE) VALUES ('frontend', 'dashboard.workflow.task.name', '', 'ar-PS');
INSERT INTO OKM_TRANSLATION (TR_MODULE, TR_KEY, TR_TEXT, TR_LANGUAGE) VALUES ('frontend', 'dashboard.workflow.task.created', ' ', 'ar-PS');
INSERT INTO OKM_TRANSLATION (TR_MODULE, TR_KEY, TR_TEXT, TR_LANGUAGE) VALUES ('frontend', 'dashboard.workflow.task.start', ' ', 'ar-PS');
INSERT INTO OKM_TRANSLATION (TR_MODULE, TR_KEY, TR_TEXT, TR_LANGUAGE) VALUES ('frontend', 'dashboard.workflow.task.duedate', ' ', 'ar-PS');
INSERT INTO OKM_TRANSLATION (TR_MODULE, TR_KEY, TR_TEXT, TR_LANGUAGE) VALUES ('frontend', 'dashboard.workflow.task.end', ' ', 'ar-PS');
INSERT INTO OKM_TRANSLATION (TR_MODULE, TR_KEY, TR_TEXT, TR_LANGUAGE) VALUES ('frontend', 'dashboard.workflow.task.description', '', 'ar-PS');
INSERT INTO OKM_TRANSLATION (TR_MODULE, TR_KEY, TR_TEXT, TR_LANGUAGE) VALUES ('frontend', 'dashboard.workflow.task.process.instance', ' ', 'ar-PS');
INSERT INTO OKM_TRANSLATION (TR_MODULE, TR_KEY, TR_TEXT, TR_LANGUAGE) VALUES ('frontend', 'dashboard.workflow.task.process.id', ' ', 'ar-PS');
INSERT INTO OKM_TRANSLATION (TR_MODULE, TR_KEY, TR_TEXT, TR_LANGUAGE) VALUES ('frontend', 'dashboard.workflow.task.process.version', '', 'ar-PS');
INSERT INTO OKM_TRANSLATION (TR_MODULE, TR_KEY, TR_TEXT, TR_LANGUAGE) VALUES ('frontend', 'dashboard.workflow.task.process.name', '', 'ar-PS');
INSERT INTO OKM_TRANSLATION (TR_MODULE, TR_KEY, TR_TEXT, TR_LANGUAGE) VALUES ('frontend', 'dashboard.workflow.task.process.description', '', 'ar-PS');
INSERT INTO OKM_TRANSLATION (TR_MODULE, TR_KEY, TR_TEXT, TR_LANGUAGE) VALUES ('frontend', 'dashboard.workflow.task.process.data', '', 'ar-PS');
INSERT INTO OKM_TRANSLATION (TR_MODULE, TR_KEY, TR_TEXT, TR_LANGUAGE) VALUES ('frontend', 'dashboard.workflow.comments', '', 'ar-PS');
INSERT INTO OKM_TRANSLATION (TR_MODULE, TR_KEY, TR_TEXT, TR_LANGUAGE) VALUES ('frontend', 'dashboard.workflow.task.process.forms', '', 'ar-PS');
INSERT INTO OKM_TRANSLATION (TR_MODULE, TR_KEY, TR_TEXT, TR_LANGUAGE) VALUES ('frontend', 'dashboard.workflow.add.comment', ' ', 'ar-PS');
INSERT INTO OKM_TRANSLATION (TR_MODULE, TR_KEY, TR_TEXT, TR_LANGUAGE) VALUES ('frontend', 'dashboard.workflow.task.process.definition', ' ', 'ar-PS');
INSERT INTO OKM_TRANSLATION (TR_MODULE, TR_KEY, TR_TEXT, TR_LANGUAGE) VALUES ('frontend', 'dashboard.workflow.task.process.path', '', 'ar-PS');
INSERT INTO OKM_TRANSLATION (TR_MODULE, TR_KEY, TR_TEXT, TR_LANGUAGE) VALUES ('frontend', 'dashboard.refreshing', ' ', 'ar-PS');
INSERT INTO OKM_TRANSLATION (TR_MODULE, TR_KEY, TR_TEXT, TR_LANGUAGE) VALUES ('frontend', 'dashboard.keyword', ' ', 'ar-PS');
INSERT INTO OKM_TRANSLATION (TR_MODULE, TR_KEY, TR_TEXT, TR_LANGUAGE) VALUES ('frontend', 'dashboard.keyword.suggest', '  ', 'ar-PS');
INSERT INTO OKM_TRANSLATION (TR_MODULE, TR_KEY, TR_TEXT, TR_LANGUAGE) VALUES ('frontend', 'dashboard.keyword.all', '  ', 'ar-PS');
INSERT INTO OKM_TRANSLATION (TR_MODULE, TR_KEY, TR_TEXT, TR_LANGUAGE) VALUES ('frontend', 'dashboard.keyword.top', '  ', 'ar-PS');
INSERT INTO OKM_TRANSLATION (TR_MODULE, TR_KEY, TR_TEXT, TR_LANGUAGE) VALUES ('frontend', 'dashboard.keyword.related', '   ', 'ar-PS');
INSERT INTO OKM_TRANSLATION (TR_MODULE, TR_KEY, TR_TEXT, TR_LANGUAGE) VALUES ('frontend', 'dashboard.keyword.goto.document', '  ', 'ar-PS');
INSERT INTO OKM_TRANSLATION (TR_MODULE, TR_KEY, TR_TEXT, TR_LANGUAGE) VALUES ('frontend', 'dashboard.keyword.clean.keywords', '  ', 'ar-PS');
INSERT INTO OKM_TRANSLATION (TR_MODULE, TR_KEY, TR_TEXT, TR_LANGUAGE) VALUES ('frontend', 'dashboard.mail.last.imported.mails', ' ', 'ar-PS');
INSERT INTO OKM_TRANSLATION (TR_MODULE, TR_KEY, TR_TEXT, TR_LANGUAGE) VALUES ('frontend', 'dashboard.mail.last.imported.attached.documents', '', 'ar-PS');
INSERT INTO OKM_TRANSLATION (TR_MODULE, TR_KEY, TR_TEXT, TR_LANGUAGE) VALUES ('frontend', 'workflow.label', '  ', 'ar-PS');
INSERT INTO OKM_TRANSLATION (TR_MODULE, TR_KEY, TR_TEXT, TR_LANGUAGE) VALUES ('frontend', 'user.preferences.label', ' ', 'ar-PS');
INSERT INTO OKM_TRANSLATION (TR_MODULE, TR_KEY, TR_TEXT, TR_LANGUAGE) VALUES ('frontend', 'user.preferences.user', '', 'ar-PS');
INSERT INTO OKM_TRANSLATION (TR_MODULE, TR_KEY, TR_TEXT, TR_LANGUAGE) VALUES ('frontend', 'user.preferences.password', ' ', 'ar-PS');
INSERT INTO OKM_TRANSLATION (TR_MODULE, TR_KEY, TR_TEXT, TR_LANGUAGE) VALUES ('frontend', 'user.preferences.mail', ' ', 'ar-PS');
INSERT INTO OKM_TRANSLATION (TR_MODULE, TR_KEY, TR_TEXT, TR_LANGUAGE) VALUES ('frontend', 'user.preferences.roles', 'Roles', 'ar-PS');
INSERT INTO OKM_TRANSLATION (TR_MODULE, TR_KEY, TR_TEXT, TR_LANGUAGE) VALUES ('frontend', 'user.preferences.imap.host', 'IMAP ', 'ar-PS');
INSERT INTO OKM_TRANSLATION (TR_MODULE, TR_KEY, TR_TEXT, TR_LANGUAGE) VALUES ('frontend', 'user.preferences.imap.user', 'IMAP  ', 'ar-PS');
INSERT INTO OKM_TRANSLATION (TR_MODULE, TR_KEY, TR_TEXT, TR_LANGUAGE) VALUES ('frontend', 'user.preferences.imap.user.password', 'IMAP  ', 'ar-PS');
INSERT INTO OKM_TRANSLATION (TR_MODULE, TR_KEY, TR_TEXT, TR_LANGUAGE) VALUES ('frontend', 'user.preferences.imap.folder', 'IMAP ', 'ar-PS');
INSERT INTO OKM_TRANSLATION (TR_MODULE, TR_KEY, TR_TEXT, TR_LANGUAGE) VALUES ('frontend', 'user.preferences.password.error', ':   ', 'ar-PS');
INSERT INTO OKM_TRANSLATION (TR_MODULE, TR_KEY, TR_TEXT, TR_LANGUAGE) VALUES ('frontend', 'user.preferences.user.data', ' ', 'ar-PS');
INSERT INTO OKM_TRANSLATION (TR_MODULE, TR_KEY, TR_TEXT, TR_LANGUAGE) VALUES ('frontend', 'user.preferences.mail.data', ' ', 'ar-PS');
INSERT INTO OKM_TRANSLATION (TR_MODULE, TR_KEY, TR_TEXT, TR_LANGUAGE) VALUES ('frontend', 'user.preferences.imap.error', '     ', 'ar-PS');
INSERT INTO OKM_TRANSLATION (TR_MODULE, TR_KEY, TR_TEXT, TR_LANGUAGE) VALUES ('frontend', 'user.preferences.imap.password.error.void', 'IMAP          ', 'ar-PS');
INSERT INTO OKM_TRANSLATION (TR_MODULE, TR_KEY, TR_TEXT, TR_LANGUAGE) VALUES ('frontend', 'user.preferences.imap.test.error', 'IMAP  ', 'ar-PS');
INSERT INTO OKM_TRANSLATION (TR_MODULE, TR_KEY, TR_TEXT, TR_LANGUAGE) VALUES ('frontend', 'user.preferences.imap.test.ok', 'IMAP  ', 'ar-PS');
INSERT INTO OKM_TRANSLATION (TR_MODULE, TR_KEY, TR_TEXT, TR_LANGUAGE) VALUES ('frontend', 'thesaurus.directory.select.label', '  ', 'ar-PS');
INSERT INTO OKM_TRANSLATION (TR_MODULE, TR_KEY, TR_TEXT, TR_LANGUAGE) VALUES ('frontend', 'thesaurus.tab.tree', '', 'ar-PS');
INSERT INTO OKM_TRANSLATION (TR_MODULE, TR_KEY, TR_TEXT, TR_LANGUAGE) VALUES ('frontend', 'thesaurus.tab.keywords', ' ', 'ar-PS');
INSERT INTO OKM_TRANSLATION (TR_MODULE, TR_KEY, TR_TEXT, TR_LANGUAGE) VALUES ('frontend', 'categories.folder.select.label', ' ', 'ar-PS');
INSERT INTO OKM_TRANSLATION (TR_MODULE, TR_KEY, TR_TEXT, TR_LANGUAGE) VALUES ('frontend', 'categories.folder.error.delete', '      ', 'ar-PS');
INSERT INTO OKM_TRANSLATION (TR_MODULE, TR_KEY, TR_TEXT, TR_LANGUAGE) VALUES ('frontend', 'wizard.document.uploading', 'Document wizard', 'ar-PS');
INSERT INTO OKM_TRANSLATION (TR_MODULE, TR_KEY, TR_TEXT, TR_LANGUAGE) VALUES ('frontend', 'user.info.chat.connect', 'Connect to chat', 'ar-PS');
INSERT INTO OKM_TRANSLATION (TR_MODULE, TR_KEY, TR_TEXT, TR_LANGUAGE) VALUES ('frontend', 'user.info.chat.disconnect', 'Disconnet chat', 'ar-PS');
INSERT INTO OKM_TRANSLATION (TR_MODULE, TR_KEY, TR_TEXT, TR_LANGUAGE) VALUES ('frontend', 'user.info.chat.new.room', 'Net chat room', 'ar-PS');
INSERT INTO OKM_TRANSLATION (TR_MODULE, TR_KEY, TR_TEXT, TR_LANGUAGE) VALUES ('frontend', 'user.info.locked.actual', 'Locked documents', 'ar-PS');
INSERT INTO OKM_TRANSLATION (TR_MODULE, TR_KEY, TR_TEXT, TR_LANGUAGE) VALUES ('frontend', 'user.info.checkout.actual', 'Checkout documents', 'ar-PS');
INSERT INTO OKM_TRANSLATION (TR_MODULE, TR_KEY, TR_TEXT, TR_LANGUAGE) VALUES ('frontend', 'user.info.subscription.actual', 'Actual subscriptions', 'ar-PS');
INSERT INTO OKM_TRANSLATION (TR_MODULE, TR_KEY, TR_TEXT, TR_LANGUAGE) VALUES ('frontend', 'user.info.news.new', 'News', 'ar-PS');
INSERT INTO OKM_TRANSLATION (TR_MODULE, TR_KEY, TR_TEXT, TR_LANGUAGE) VALUES ('frontend', 'user.info.workflow.pending', 'Pending workflows', 'ar-PS');
INSERT INTO OKM_TRANSLATION (TR_MODULE, TR_KEY, TR_TEXT, TR_LANGUAGE) VALUES ('frontend', 'user.info.user.quota', 'Used quota', 'ar-PS');
INSERT INTO OKM_TRANSLATION (TR_MODULE, TR_KEY, TR_TEXT, TR_LANGUAGE) VALUES ('frontend', 'user.online', 'Users online', 'ar-PS');
INSERT INTO OKM_TRANSLATION (TR_MODULE, TR_KEY, TR_TEXT, TR_LANGUAGE) VALUES ('frontend', 'chat.room', 'Chat', 'ar-PS');
INSERT INTO OKM_TRANSLATION (TR_MODULE, TR_KEY, TR_TEXT, TR_LANGUAGE) VALUES ('frontend', 'chat.users.in.room', 'Users', 'ar-PS');
INSERT INTO OKM_TRANSLATION (TR_MODULE, TR_KEY, TR_TEXT, TR_LANGUAGE) VALUES ('frontend', 'OKM-017009', '    ', 'ar-PS');
INSERT INTO OKM_TRANSLATION (TR_MODULE, TR_KEY, TR_TEXT, TR_LANGUAGE) VALUES ('frontend', 'OKM-017004', '  ', 'ar-PS');
INSERT INTO OKM_TRANSLATION (TR_MODULE, TR_KEY, TR_TEXT, TR_LANGUAGE) VALUES ('frontend', 'OKM-017001', '   ', 'ar-PS');
INSERT INTO OKM_TRANSLATION (TR_MODULE, TR_KEY, TR_TEXT, TR_LANGUAGE) VALUES ('frontend', 'OKM-017015', '   ', 'ar-PS');
INSERT INTO OKM_TRANSLATION (TR_MODULE, TR_KEY, TR_TEXT, TR_LANGUAGE) VALUES ('frontend', 'OKM-017016', '  ', 'ar-PS');
INSERT INTO OKM_TRANSLATION (TR_MODULE, TR_KEY, TR_TEXT, TR_LANGUAGE) VALUES ('frontend', 'OKM-002009', '    ', 'ar-PS');
INSERT INTO OKM_TRANSLATION (TR_MODULE, TR_KEY, TR_TEXT, TR_LANGUAGE) VALUES ('frontend', 'OKM-002002', '  ', 'ar-PS');
INSERT INTO OKM_TRANSLATION (TR_MODULE, TR_KEY, TR_TEXT, TR_LANGUAGE) VALUES ('frontend', 'OKM-002003', '    ', 'ar-PS');
INSERT INTO OKM_TRANSLATION (TR_MODULE, TR_KEY, TR_TEXT, TR_LANGUAGE) VALUES ('frontend', 'OKM-002004', '  ', 'ar-PS');
INSERT INTO OKM_TRANSLATION (TR_MODULE, TR_KEY, TR_TEXT, TR_LANGUAGE) VALUES ('frontend', 'OKM-002004', '   ', 'ar-PS');
INSERT INTO OKM_TRANSLATION (TR_MODULE, TR_KEY, TR_TEXT, TR_LANGUAGE) VALUES ('frontend', 'OKM-002001', '   ', 'ar-PS');
INSERT INTO OKM_TRANSLATION (TR_MODULE, TR_KEY, TR_TEXT, TR_LANGUAGE) VALUES ('frontend', 'OKM-002006', '   ', 'ar-PS');
INSERT INTO OKM_TRANSLATION (TR_MODULE, TR_KEY, TR_TEXT, TR_LANGUAGE) VALUES ('frontend', 'OKM-002015', '   ', 'ar-PS');
INSERT INTO OKM_TRANSLATION (TR_MODULE, TR_KEY, TR_TEXT, TR_LANGUAGE) VALUES ('frontend', 'OKM-002024', 'Database error', 'ar-PS');
INSERT INTO OKM_TRANSLATION (TR_MODULE, TR_KEY, TR_TEXT, TR_LANGUAGE) VALUES ('frontend', 'OKM-001009', '    ', 'ar-PS');
INSERT INTO OKM_TRANSLATION (TR_MODULE, TR_KEY, TR_TEXT, TR_LANGUAGE) VALUES ('frontend', 'OKM-001002', '  ', 'ar-PS');
INSERT INTO OKM_TRANSLATION (TR_MODULE, TR_KEY, TR_TEXT, TR_LANGUAGE) VALUES ('frontend', 'OKM-001003', '  ', 'ar-PS');
INSERT INTO OKM_TRANSLATION (TR_MODULE, TR_KEY, TR_TEXT, TR_LANGUAGE) VALUES ('frontend', 'OKM-001001', '   ', 'ar-PS');
INSERT INTO OKM_TRANSLATION (TR_MODULE, TR_KEY, TR_TEXT, TR_LANGUAGE) VALUES ('frontend', 'OKM-001006', '   ', 'ar-PS');
INSERT INTO OKM_TRANSLATION (TR_MODULE, TR_KEY, TR_TEXT, TR_LANGUAGE) VALUES ('frontend', 'OKM-001015', '   ', 'ar-PS');
INSERT INTO OKM_TRANSLATION (TR_MODULE, TR_KEY, TR_TEXT, TR_LANGUAGE) VALUES ('frontend', 'OKM-001024', 'Database error', 'ar-PS');
INSERT INTO OKM_TRANSLATION (TR_MODULE, TR_KEY, TR_TEXT, TR_LANGUAGE) VALUES ('frontend', 'OKM-007009', '   ', 'ar-PS');
INSERT INTO OKM_TRANSLATION (TR_MODULE, TR_KEY, TR_TEXT, TR_LANGUAGE) VALUES ('frontend', 'OKM-007002', '  ', 'ar-PS');
INSERT INTO OKM_TRANSLATION (TR_MODULE, TR_KEY, TR_TEXT, TR_LANGUAGE) VALUES ('frontend', 'OKM-007001', '   ', 'ar-PS');
INSERT INTO OKM_TRANSLATION (TR_MODULE, TR_KEY, TR_TEXT, TR_LANGUAGE) VALUES ('frontend', 'OKM-007006', '   ', 'ar-PS');
INSERT INTO OKM_TRANSLATION (TR_MODULE, TR_KEY, TR_TEXT, TR_LANGUAGE) VALUES ('frontend', 'OKM-007024', 'Database error', 'ar-PS');
INSERT INTO OKM_TRANSLATION (TR_MODULE, TR_KEY, TR_TEXT, TR_LANGUAGE) VALUES ('frontend', 'OKM-009002', '  ', 'ar-PS');
INSERT INTO OKM_TRANSLATION (TR_MODULE, TR_KEY, TR_TEXT, TR_LANGUAGE) VALUES ('frontend', 'OKM-009006', '   ', 'ar-PS');
INSERT INTO OKM_TRANSLATION (TR_MODULE, TR_KEY, TR_TEXT, TR_LANGUAGE) VALUES ('frontend', 'OKM-005010', '   ', 'ar-PS');
INSERT INTO OKM_TRANSLATION (TR_MODULE, TR_KEY, TR_TEXT, TR_LANGUAGE) VALUES ('frontend', 'OKM-005003', '    ', 'ar-PS');
INSERT INTO OKM_TRANSLATION (TR_MODULE, TR_KEY, TR_TEXT, TR_LANGUAGE) VALUES ('frontend', 'OKM-005011', '  ', 'ar-PS');
INSERT INTO OKM_TRANSLATION (TR_MODULE, TR_KEY, TR_TEXT, TR_LANGUAGE) VALUES ('frontend', 'OKM-005027', 'Document name is diferent', 'ar-PS');
INSERT INTO OKM_TRANSLATION (TR_MODULE, TR_KEY, TR_TEXT, TR_LANGUAGE) VALUES ('frontend', 'OKM-004001', ' ', 'ar-PS');
INSERT INTO OKM_TRANSLATION (TR_MODULE, TR_KEY, TR_TEXT, TR_LANGUAGE) VALUES ('frontend', 'OKM-004024', 'Database error', 'ar-PS');
INSERT INTO OKM_TRANSLATION (TR_MODULE, TR_KEY, TR_TEXT, TR_LANGUAGE) VALUES ('frontend', 'OKM-008001', '    ', 'ar-PS');
INSERT INTO OKM_TRANSLATION (TR_MODULE, TR_KEY, TR_TEXT, TR_LANGUAGE) VALUES ('frontend', 'OKM-008003', '        ', 'ar-PS');
INSERT INTO OKM_TRANSLATION (TR_MODULE, TR_KEY, TR_TEXT, TR_LANGUAGE) VALUES ('frontend', 'OKM-008024', 'Database error', 'ar-PS');
INSERT INTO OKM_TRANSLATION (TR_MODULE, TR_KEY, TR_TEXT, TR_LANGUAGE) VALUES ('frontend', 'OKM-011003', '       ', 'ar-PS');
INSERT INTO OKM_TRANSLATION (TR_MODULE, TR_KEY, TR_TEXT, TR_LANGUAGE) VALUES ('frontend', 'OKM-003017', ' ', 'ar-PS');
INSERT INTO OKM_TRANSLATION (TR_MODULE, TR_KEY, TR_TEXT, TR_LANGUAGE) VALUES ('frontend', 'OKM-013001', '   ', 'ar-PS');
INSERT INTO OKM_TRANSLATION (TR_MODULE, TR_KEY, TR_TEXT, TR_LANGUAGE) VALUES ('frontend', 'OKM-013024', 'Database error', 'ar-PS');
INSERT INTO OKM_TRANSLATION (TR_MODULE, TR_KEY, TR_TEXT, TR_LANGUAGE) VALUES ('frontend', 'OKM-014001', '   ', 'ar-PS');
INSERT INTO OKM_TRANSLATION (TR_MODULE, TR_KEY, TR_TEXT, TR_LANGUAGE) VALUES ('frontend', 'OKM-014013', '   ', 'ar-PS');
INSERT INTO OKM_TRANSLATION (TR_MODULE, TR_KEY, TR_TEXT, TR_LANGUAGE) VALUES ('frontend', 'OKM-015001', '   ', 'ar-PS');
INSERT INTO OKM_TRANSLATION (TR_MODULE, TR_KEY, TR_TEXT, TR_LANGUAGE) VALUES ('frontend', 'OKM-015024', 'Database error', 'ar-PS');
INSERT INTO OKM_TRANSLATION (TR_MODULE, TR_KEY, TR_TEXT, TR_LANGUAGE) VALUES ('frontend', 'OKM-018022', '   ', 'ar-PS');
INSERT INTO OKM_TRANSLATION (TR_MODULE, TR_KEY, TR_TEXT, TR_LANGUAGE) VALUES ('frontend', 'OKM-018023', 'Error user quota exceed, contact with adminitrator', 'ar-PS');
INSERT INTO OKM_TRANSLATION (TR_MODULE, TR_KEY, TR_TEXT, TR_LANGUAGE) VALUES ('frontend', 'OKM-016009', 'Document access denied', 'ar-PS');
INSERT INTO OKM_TRANSLATION (TR_MODULE, TR_KEY, TR_TEXT, TR_LANGUAGE) VALUES ('frontend', 'OKM-016002', 'Document not found', 'ar-PS');
INSERT INTO OKM_TRANSLATION (TR_MODULE, TR_KEY, TR_TEXT, TR_LANGUAGE) VALUES ('frontend', 'OKM-016003', 'Document already exists', 'ar-PS');
INSERT INTO OKM_TRANSLATION (TR_MODULE, TR_KEY, TR_TEXT, TR_LANGUAGE) VALUES ('frontend', 'OKM-016004', 'Document lock denied', 'ar-PS');
INSERT INTO OKM_TRANSLATION (TR_MODULE, TR_KEY, TR_TEXT, TR_LANGUAGE) VALUES ('frontend', 'OKM-016001', 'Repository internal error', 'ar-PS');
INSERT INTO OKM_TRANSLATION (TR_MODULE, TR_KEY, TR_TEXT, TR_LANGUAGE) VALUES ('frontend', 'OKM-016006', 'Application internal error', 'ar-PS');
INSERT INTO OKM_TRANSLATION (TR_MODULE, TR_KEY, TR_TEXT, TR_LANGUAGE) VALUES ('frontend', 'OKM-016015', 'Document path not found', 'ar-PS');
INSERT INTO OKM_TRANSLATION (TR_MODULE, TR_KEY, TR_TEXT, TR_LANGUAGE) VALUES ('frontend', 'OKM-016024', 'Database error', 'ar-PS');
INSERT INTO OKM_TRANSLATION (TR_MODULE, TR_KEY, TR_TEXT, TR_LANGUAGE) VALUES ('frontend', 'OKM-010015', 'Path not found', 'ar-PS');
INSERT INTO OKM_TRANSLATION (TR_MODULE, TR_KEY, TR_TEXT, TR_LANGUAGE) VALUES ('frontend', 'OKM-010009', 'Access denied', 'ar-PS');
INSERT INTO OKM_TRANSLATION (TR_MODULE, TR_KEY, TR_TEXT, TR_LANGUAGE) VALUES ('frontend', 'OKM-010001', 'Repository internal error', 'ar-PS');
INSERT INTO OKM_TRANSLATION (TR_MODULE, TR_KEY, TR_TEXT, TR_LANGUAGE) VALUES ('frontend', 'OKM-010024', 'Database error', 'ar-PS');
INSERT INTO OKM_TRANSLATION (TR_MODULE, TR_KEY, TR_TEXT, TR_LANGUAGE) VALUES ('frontend', 'OKM-010006', 'Application internal error ', 'ar-PS');
INSERT INTO OKM_TRANSLATION (TR_MODULE, TR_KEY, TR_TEXT, TR_LANGUAGE) VALUES ('frontend', 'OKM-009004', 'Locked', 'ar-PS');
INSERT INTO OKM_TRANSLATION (TR_MODULE, TR_KEY, TR_TEXT, TR_LANGUAGE) VALUES ('frontend', 'OKM-009015', 'Path not exist', 'ar-PS');
INSERT INTO OKM_TRANSLATION (TR_MODULE, TR_KEY, TR_TEXT, TR_LANGUAGE) VALUES ('frontend', 'OKM-009009', 'Access denied', 'ar-PS');
INSERT INTO OKM_TRANSLATION (TR_MODULE, TR_KEY, TR_TEXT, TR_LANGUAGE) VALUES ('frontend', 'OKM-009001', 'Repository internal error', 'ar-PS');
INSERT INTO OKM_TRANSLATION (TR_MODULE, TR_KEY, TR_TEXT, TR_LANGUAGE) VALUES ('frontend', 'OKM-009024', 'Database error', 'ar-PS');
INSERT INTO OKM_TRANSLATION (TR_MODULE, TR_KEY, TR_TEXT, TR_LANGUAGE) VALUES ('frontend', 'OKM-009006', 'Application internal error', 'ar-PS');
INSERT INTO OKM_TRANSLATION (TR_MODULE, TR_KEY, TR_TEXT, TR_LANGUAGE) VALUES ('frontend', 'OKM-009012', 'Group not exists', 'ar-PS');
INSERT INTO OKM_TRANSLATION (TR_MODULE, TR_KEY, TR_TEXT, TR_LANGUAGE) VALUES ('frontend', 'OKM-009014', 'Property not exists', 'ar-PS');
INSERT INTO OKM_TRANSLATION (TR_MODULE, TR_KEY, TR_TEXT, TR_LANGUAGE) VALUES ('frontend', 'OKM-009013', 'Error on I/O', 'ar-PS');
INSERT INTO OKM_TRANSLATION (TR_MODULE, TR_KEY, TR_TEXT, TR_LANGUAGE) VALUES ('frontend', 'OKM-012001', 'Repository internal error', 'ar-PS');
INSERT INTO OKM_TRANSLATION (TR_MODULE, TR_KEY, TR_TEXT, TR_LANGUAGE) VALUES ('frontend', 'OKM-012006', 'Application internal error', 'ar-PS');
INSERT INTO OKM_TRANSLATION (TR_MODULE, TR_KEY, TR_TEXT, TR_LANGUAGE) VALUES ('frontend', 'OKM-012015', 'Path not exist', 'ar-PS');
INSERT INTO OKM_TRANSLATION (TR_MODULE, TR_KEY, TR_TEXT, TR_LANGUAGE) VALUES ('frontend', 'OKM-012024', 'Database error', 'ar-PS');
INSERT INTO OKM_TRANSLATION (TR_MODULE, TR_KEY, TR_TEXT, TR_LANGUAGE) VALUES ('frontend', 'OKM-012009', 'Access denied', 'ar-PS');
INSERT INTO OKM_TRANSLATION (TR_MODULE, TR_KEY, TR_TEXT, TR_LANGUAGE) VALUES ('frontend', 'OKM-019001', 'Repository internal error', 'ar-PS');
INSERT INTO OKM_TRANSLATION (TR_MODULE, TR_KEY, TR_TEXT, TR_LANGUAGE) VALUES ('frontend', 'OKM-019006', 'Application internal error', 'ar-PS');
INSERT INTO OKM_TRANSLATION (TR_MODULE, TR_KEY, TR_TEXT, TR_LANGUAGE) VALUES ('frontend', 'OKM-019024', 'Database error', 'ar-PS');
insert into OKM_LANGUAGE (LG_ID, LG_NAME, LG_IMAGE_CONTENT, LG_IMAGE_MIME) values ('bs-BS', 'Bosnian', 'R0lGODlhEAALANUAAOSNAACZmfvXRPTNNACIiACoqHXi4ivN1fTJHPbNK3d3d/XLJFx0dFnc3FdXV0xLS2pqamXe3lDa4QCzszTNzTTR2QDDw/LFEwC8vEVbW/nUOxvI0kXW3vjRNUTT00vV1Q3DzS7KylTY2FzPz13S0sOqVD3U22JZUFnk5/nYOwCHmQCbqVVMRffPMABLS/XRP3uenjrc30nV20/X17qePxPGzwDLywAbG8SqS9y8QP3ZTj+/vzvQ0LqeQGGEhQAAACH5BAAAAAAALAAAAAAQAAsAAAZ8QJfFZilijpPkpMD8wQzQaGTaEIlmgZ+CMUJJvhyOqVI5yFZaB6Ok0wkEmk4rsXgB0o4T7h2fLxB2aQ+DOSlydAiAdxCDLD19iAgXA4sPGTSQf5KTixk7MWUHBxsbNSAgByo/PiRVMx8eHjw8FBQhIQQ3BUsFAb6+BMHCQQA7', 'image/gif');
INSERT INTO OKM_TRANSLATION (TR_MODULE, TR_KEY, TR_TEXT, TR_LANGUAGE) VALUES ('frontend', 'general.date.pattern', 'dd.MM.yyyy. hh:mm:ss', 'bs-BS');
INSERT INTO OKM_TRANSLATION (TR_MODULE, TR_KEY, TR_TEXT, TR_LANGUAGE) VALUES ('frontend', 'general.day.pattern', 'dd.MM.yyyy.', 'bs-BS');
INSERT INTO OKM_TRANSLATION (TR_MODULE, TR_KEY, TR_TEXT, TR_LANGUAGE) VALUES ('frontend', 'general.hour.pattern', 'HH:mm:ss', 'bs-BS');
INSERT INTO OKM_TRANSLATION (TR_MODULE, TR_KEY, TR_TEXT, TR_LANGUAGE) VALUES ('frontend', 'startup.openkm', 'Uitavanje OpenKM', 'bs-BS');
INSERT INTO OKM_TRANSLATION (TR_MODULE, TR_KEY, TR_TEXT, TR_LANGUAGE) VALUES ('frontend', 'startup.starting.loading', 'Poetak punjenja OpenKM', 'bs-BS');
INSERT INTO OKM_TRANSLATION (TR_MODULE, TR_KEY, TR_TEXT, TR_LANGUAGE) VALUES ('frontend', 'startup.taxonomy', 'Dobavljanje glavnog direktorija javnih dokumenata', 'bs-BS');
INSERT INTO OKM_TRANSLATION (TR_MODULE, TR_KEY, TR_TEXT, TR_LANGUAGE) VALUES ('frontend', 'startup.categories', 'Getting categories root node', 'bs-BS');
INSERT INTO OKM_TRANSLATION (TR_MODULE, TR_KEY, TR_TEXT, TR_LANGUAGE) VALUES ('frontend', 'startup.thesaurus', 'Getting thesaurus root node', 'bs-BS');
INSERT INTO OKM_TRANSLATION (TR_MODULE, TR_KEY, TR_TEXT, TR_LANGUAGE) VALUES ('frontend', 'startup.template', 'Dobavljanje glavnog direktorija predloaka', 'bs-BS');
INSERT INTO OKM_TRANSLATION (TR_MODULE, TR_KEY, TR_TEXT, TR_LANGUAGE) VALUES ('frontend', 'startup.personal', 'Dobavljanje glavnog direktorija linih dokumenata', 'bs-BS');
INSERT INTO OKM_TRANSLATION (TR_MODULE, TR_KEY, TR_TEXT, TR_LANGUAGE) VALUES ('frontend', 'startup.mail', 'Dobavljanje glavnog e-mail direktorija', 'bs-BS');
INSERT INTO OKM_TRANSLATION (TR_MODULE, TR_KEY, TR_TEXT, TR_LANGUAGE) VALUES ('frontend', 'startup.trash', 'Dobavljanje glavnog smee direktorija', 'bs-BS');
INSERT INTO OKM_TRANSLATION (TR_MODULE, TR_KEY, TR_TEXT, TR_LANGUAGE) VALUES ('frontend', 'startup.user.home', 'Dobavljanje korisnikog poetnog direktorija', 'bs-BS');
INSERT INTO OKM_TRANSLATION (TR_MODULE, TR_KEY, TR_TEXT, TR_LANGUAGE) VALUES ('frontend', 'startup.bookmarks', 'Dobavljanje oznaka', 'bs-BS');
INSERT INTO OKM_TRANSLATION (TR_MODULE, TR_KEY, TR_TEXT, TR_LANGUAGE) VALUES ('frontend', 'startup.loading.taxonomy', 'Uitavanje javnih dokumenata', 'bs-BS');
INSERT INTO OKM_TRANSLATION (TR_MODULE, TR_KEY, TR_TEXT, TR_LANGUAGE) VALUES ('frontend', 'startup.loading.taxonomy.getting.folders', 'Uitavanje javnih dokumenata - Dobavljanje direktorija', 'bs-BS');
INSERT INTO OKM_TRANSLATION (TR_MODULE, TR_KEY, TR_TEXT, TR_LANGUAGE) VALUES ('frontend', 'startup.loading.taxonomy.eval.params', 'Uitavanje javnih dokumenata - Procjena pregleda ', 'bs-BS');
INSERT INTO OKM_TRANSLATION (TR_MODULE, TR_KEY, TR_TEXT, TR_LANGUAGE) VALUES ('frontend', 'startup.loading.taxonomy.open.path', 'Uitavanje javnih dokumenata - Putanja', 'bs-BS');
INSERT INTO OKM_TRANSLATION (TR_MODULE, TR_KEY, TR_TEXT, TR_LANGUAGE) VALUES ('frontend', 'startup.loading.taxonomy.getting.filebrowser.folders', 'Uitavanje javnih dokumenata - Dobavljanje direktorija', 'bs-BS');
INSERT INTO OKM_TRANSLATION (TR_MODULE, TR_KEY, TR_TEXT, TR_LANGUAGE) VALUES ('frontend', 'startup.loading.taxonomy.getting.filebrowser.documents', 'Uitavanje javnih dokumenata - Dobavljanje dokumenata', 'bs-BS');
INSERT INTO OKM_TRANSLATION (TR_MODULE, TR_KEY, TR_TEXT, TR_LANGUAGE) VALUES ('frontend', 'startup.loading.taxonomy.getting.filebrowser.mails', 'Uitavanje javnih dokumenata - Dobavljanje pote', 'bs-BS');
INSERT INTO OKM_TRANSLATION (TR_MODULE, TR_KEY, TR_TEXT, TR_LANGUAGE) VALUES ('frontend', 'startup.loading.personal', 'Uitavanje linih podataka', 'bs-BS');
INSERT INTO OKM_TRANSLATION (TR_MODULE, TR_KEY, TR_TEXT, TR_LANGUAGE) VALUES ('frontend', 'startup.loading.mail', 'Uitavanje pote', 'bs-BS');
INSERT INTO OKM_TRANSLATION (TR_MODULE, TR_KEY, TR_TEXT, TR_LANGUAGE) VALUES ('frontend', 'startup.loading.categories', 'Loading categories', 'bs-BS');
INSERT INTO OKM_TRANSLATION (TR_MODULE, TR_KEY, TR_TEXT, TR_LANGUAGE) VALUES ('frontend', 'startup.loading.thesaurus', 'Loading thesaurus', 'bs-BS');
INSERT INTO OKM_TRANSLATION (TR_MODULE, TR_KEY, TR_TEXT, TR_LANGUAGE) VALUES ('frontend', 'startup.loading.templates', 'Uitavanje predloka', 'bs-BS');
INSERT INTO OKM_TRANSLATION (TR_MODULE, TR_KEY, TR_TEXT, TR_LANGUAGE) VALUES ('frontend', 'startup.loading.trash', 'Uitavanje kante za smee', 'bs-BS');
INSERT INTO OKM_TRANSLATION (TR_MODULE, TR_KEY, TR_TEXT, TR_LANGUAGE) VALUES ('frontend', 'startup.loading.history.search', 'Uitavanje historijskog pretraivanja', 'bs-BS');
INSERT INTO OKM_TRANSLATION (TR_MODULE, TR_KEY, TR_TEXT, TR_LANGUAGE) VALUES ('frontend', 'startup.loading.user.values', 'Uitavanje korisnikih vrijednosti', 'bs-BS');
INSERT INTO OKM_TRANSLATION (TR_MODULE, TR_KEY, TR_TEXT, TR_LANGUAGE) VALUES ('frontend', 'startup.keep.alive', 'Uitavanje ostati u radnom', 'bs-BS');
INSERT INTO OKM_TRANSLATION (TR_MODULE, TR_KEY, TR_TEXT, TR_LANGUAGE) VALUES ('frontend', 'openkm.update.available', 'Nova verzija OpenKM dostupna', 'bs-BS');
INSERT INTO OKM_TRANSLATION (TR_MODULE, TR_KEY, TR_TEXT, TR_LANGUAGE) VALUES ('frontend', 'leftpanel.label.taxonomy', 'Javni dokumenti', 'bs-BS');
INSERT INTO OKM_TRANSLATION (TR_MODULE, TR_KEY, TR_TEXT, TR_LANGUAGE) VALUES ('frontend', 'leftpanel.label.trash', 'Smee', 'bs-BS');
INSERT INTO OKM_TRANSLATION (TR_MODULE, TR_KEY, TR_TEXT, TR_LANGUAGE) VALUES ('frontend', 'leftpanel.label.mail', 'Pota', 'bs-BS');
INSERT INTO OKM_TRANSLATION (TR_MODULE, TR_KEY, TR_TEXT, TR_LANGUAGE) VALUES ('frontend', 'leftpanel.label.stored.search', 'Pohranjena pretraivanja', 'bs-BS');
INSERT INTO OKM_TRANSLATION (TR_MODULE, TR_KEY, TR_TEXT, TR_LANGUAGE) VALUES ('frontend', 'leftpanel.label.categories', 'Categories', 'bs-BS');
INSERT INTO OKM_TRANSLATION (TR_MODULE, TR_KEY, TR_TEXT, TR_LANGUAGE) VALUES ('frontend', 'leftpanel.label.thesaurus', 'Thesaurus', 'bs-BS');
INSERT INTO OKM_TRANSLATION (TR_MODULE, TR_KEY, TR_TEXT, TR_LANGUAGE) VALUES ('frontend', 'leftpanel.label.templates', 'Predloci', 'bs-BS');
INSERT INTO OKM_TRANSLATION (TR_MODULE, TR_KEY, TR_TEXT, TR_LANGUAGE) VALUES ('frontend', 'leftpanel.label.my.documents', 'Moji dokumenti', 'bs-BS');
INSERT INTO OKM_TRANSLATION (TR_MODULE, TR_KEY, TR_TEXT, TR_LANGUAGE) VALUES ('frontend', 'leftpanel.label.user.search', 'Korisnike vijesti', 'bs-BS');
INSERT INTO OKM_TRANSLATION (TR_MODULE, TR_KEY, TR_TEXT, TR_LANGUAGE) VALUES ('frontend', 'leftpanel.label.all.repository', 'Svi repozitoriji', 'bs-BS');
INSERT INTO OKM_TRANSLATION (TR_MODULE, TR_KEY, TR_TEXT, TR_LANGUAGE) VALUES ('frontend', 'tree.menu.directory.create', 'Kreiraj datoteku', 'bs-BS');
INSERT INTO OKM_TRANSLATION (TR_MODULE, TR_KEY, TR_TEXT, TR_LANGUAGE) VALUES ('frontend', 'tree.menu.directory.remove', 'Izbrii', 'bs-BS');
INSERT INTO OKM_TRANSLATION (TR_MODULE, TR_KEY, TR_TEXT, TR_LANGUAGE) VALUES ('frontend', 'tree.menu.directory.rename', 'Preimenuj', 'bs-BS');
INSERT INTO OKM_TRANSLATION (TR_MODULE, TR_KEY, TR_TEXT, TR_LANGUAGE) VALUES ('frontend', 'tree.menu.directory.refresh', 'Osvjei', 'bs-BS');
INSERT INTO OKM_TRANSLATION (TR_MODULE, TR_KEY, TR_TEXT, TR_LANGUAGE) VALUES ('frontend', 'tree.menu.directory.move', 'Prebaci', 'bs-BS');
INSERT INTO OKM_TRANSLATION (TR_MODULE, TR_KEY, TR_TEXT, TR_LANGUAGE) VALUES ('frontend', 'tree.menu.directory.copy', 'Kopiraj', 'bs-BS');
INSERT INTO OKM_TRANSLATION (TR_MODULE, TR_KEY, TR_TEXT, TR_LANGUAGE) VALUES ('frontend', 'tree.menu.directory.add.document', 'Dodaj dokument', 'bs-BS');
INSERT INTO OKM_TRANSLATION (TR_MODULE, TR_KEY, TR_TEXT, TR_LANGUAGE) VALUES ('frontend', 'tree.menu.add.bookmark', 'Dodaj oznaku', 'bs-BS');
INSERT INTO OKM_TRANSLATION (TR_MODULE, TR_KEY, TR_TEXT, TR_LANGUAGE) VALUES ('frontend', 'tree.menu.set.home', 'Postavi poetnu stranicu', 'bs-BS');
INSERT INTO OKM_TRANSLATION (TR_MODULE, TR_KEY, TR_TEXT, TR_LANGUAGE) VALUES ('frontend', 'tree.menu.export', 'Ispii u dokument', 'bs-BS');
INSERT INTO OKM_TRANSLATION (TR_MODULE, TR_KEY, TR_TEXT, TR_LANGUAGE) VALUES ('frontend', 'tree.status.refresh.folder', 'Auriranje stabla dokumenata ', 'bs-BS');
INSERT INTO OKM_TRANSLATION (TR_MODULE, TR_KEY, TR_TEXT, TR_LANGUAGE) VALUES ('frontend', 'tree.status.refresh.create', 'Kreiranje direktorija', 'bs-BS');
INSERT INTO OKM_TRANSLATION (TR_MODULE, TR_KEY, TR_TEXT, TR_LANGUAGE) VALUES ('frontend', 'tree.status.refresh.delete', 'Brisanje direktorija', 'bs-BS');
INSERT INTO OKM_TRANSLATION (TR_MODULE, TR_KEY, TR_TEXT, TR_LANGUAGE) VALUES ('frontend', 'tree.status.refresh.rename', 'Preimenovanje direktorija', 'bs-BS');
INSERT INTO OKM_TRANSLATION (TR_MODULE, TR_KEY, TR_TEXT, TR_LANGUAGE) VALUES ('frontend', 'tree.status.refresh.restore', 'Vraanje direktorija', 'bs-BS');
INSERT INTO OKM_TRANSLATION (TR_MODULE, TR_KEY, TR_TEXT, TR_LANGUAGE) VALUES ('frontend', 'tree.status.refresh.purge', 'ienje direktorija', 'bs-BS');
INSERT INTO OKM_TRANSLATION (TR_MODULE, TR_KEY, TR_TEXT, TR_LANGUAGE) VALUES ('frontend', 'tree.status.refresh.get', 'Auriranje direktorija', 'bs-BS');
INSERT INTO OKM_TRANSLATION (TR_MODULE, TR_KEY, TR_TEXT, TR_LANGUAGE) VALUES ('frontend', 'tree.folder.new', 'Novi direktorij', 'bs-BS');
INSERT INTO OKM_TRANSLATION (TR_MODULE, TR_KEY, TR_TEXT, TR_LANGUAGE) VALUES ('frontend', 'tree.status.refresh.add.subscription', 'Dodavanje potpisa', 'bs-BS');
INSERT INTO OKM_TRANSLATION (TR_MODULE, TR_KEY, TR_TEXT, TR_LANGUAGE) VALUES ('frontend', 'tree.status.refresh.remove.subscription', 'Brisanje potpisa', 'bs-BS');
INSERT INTO OKM_TRANSLATION (TR_MODULE, TR_KEY, TR_TEXT, TR_LANGUAGE) VALUES ('frontend', 'tree.status.refresh.get.root', 'Osvjeavanje glavnog direktorija', 'bs-BS');
INSERT INTO OKM_TRANSLATION (TR_MODULE, TR_KEY, TR_TEXT, TR_LANGUAGE) VALUES ('frontend', 'tree.status.refresh.get.keywords', 'Refreshing keywords', 'bs-BS');
INSERT INTO OKM_TRANSLATION (TR_MODULE, TR_KEY, TR_TEXT, TR_LANGUAGE) VALUES ('frontend', 'tree.status.refresh.get.user.home', 'Dobavljanje glavne poetne stranice', 'bs-BS');
INSERT INTO OKM_TRANSLATION (TR_MODULE, TR_KEY, TR_TEXT, TR_LANGUAGE) VALUES ('frontend', 'tree.status.refresh.purge.trash', 'ienje smea', 'bs-BS');
INSERT INTO OKM_TRANSLATION (TR_MODULE, TR_KEY, TR_TEXT, TR_LANGUAGE) VALUES ('frontend', 'tree.menu.directory.find.folder', 'Find folder', 'bs-BS');
INSERT INTO OKM_TRANSLATION (TR_MODULE, TR_KEY, TR_TEXT, TR_LANGUAGE) VALUES ('frontend', 'trash.menu.directory.restore', 'Vrati', 'bs-BS');
INSERT INTO OKM_TRANSLATION (TR_MODULE, TR_KEY, TR_TEXT, TR_LANGUAGE) VALUES ('frontend', 'trash.menu.directory.purge', 'Oisti', 'bs-BS');
INSERT INTO OKM_TRANSLATION (TR_MODULE, TR_KEY, TR_TEXT, TR_LANGUAGE) VALUES ('frontend', 'trash.menu.directory.purge.trash', 'Oisti smee', 'bs-BS');
INSERT INTO OKM_TRANSLATION (TR_MODULE, TR_KEY, TR_TEXT, TR_LANGUAGE) VALUES ('frontend', 'trash.directory.select.label', 'Izaberi ciljani direktorij', 'bs-BS');
INSERT INTO OKM_TRANSLATION (TR_MODULE, TR_KEY, TR_TEXT, TR_LANGUAGE) VALUES ('frontend', 'general.menu.file', 'Datoteka', 'bs-BS');
INSERT INTO OKM_TRANSLATION (TR_MODULE, TR_KEY, TR_TEXT, TR_LANGUAGE) VALUES ('frontend', 'general.menu.file.exit', 'Izai', 'bs-BS');
INSERT INTO OKM_TRANSLATION (TR_MODULE, TR_KEY, TR_TEXT, TR_LANGUAGE) VALUES ('frontend', 'general.menu.file.purge.trash', 'Oisti smee', 'bs-BS');
INSERT INTO OKM_TRANSLATION (TR_MODULE, TR_KEY, TR_TEXT, TR_LANGUAGE) VALUES ('frontend', 'general.menu.edit', 'Uredi', 'bs-BS');
INSERT INTO OKM_TRANSLATION (TR_MODULE, TR_KEY, TR_TEXT, TR_LANGUAGE) VALUES ('frontend', 'general.menu.file.create.directory', 'Kreiraj direktorij', 'bs-BS');
INSERT INTO OKM_TRANSLATION (TR_MODULE, TR_KEY, TR_TEXT, TR_LANGUAGE) VALUES ('frontend', 'general.menu.file.download.document', 'Preuzmi dokument', 'bs-BS');
INSERT INTO OKM_TRANSLATION (TR_MODULE, TR_KEY, TR_TEXT, TR_LANGUAGE) VALUES ('frontend', 'general.menu.file.download.document.pdf', 'Preuzmi dokument kao PDF', 'bs-BS');
INSERT INTO OKM_TRANSLATION (TR_MODULE, TR_KEY, TR_TEXT, TR_LANGUAGE) VALUES ('frontend', 'general.menu.file.send.link', 'Poalji link dokumenta', 'bs-BS');
INSERT INTO OKM_TRANSLATION (TR_MODULE, TR_KEY, TR_TEXT, TR_LANGUAGE) VALUES ('frontend', 'general.menu.file.send.attachment', 'Send document attachment', 'bs-BS');
INSERT INTO OKM_TRANSLATION (TR_MODULE, TR_KEY, TR_TEXT, TR_LANGUAGE) VALUES ('frontend', 'general.menu.file.lock', 'Zakljuaj', 'bs-BS');
INSERT INTO OKM_TRANSLATION (TR_MODULE, TR_KEY, TR_TEXT, TR_LANGUAGE) VALUES ('frontend', 'general.menu.file.unlock', 'Otkljuaj', 'bs-BS');
INSERT INTO OKM_TRANSLATION (TR_MODULE, TR_KEY, TR_TEXT, TR_LANGUAGE) VALUES ('frontend', 'general.menu.file.add.document', 'Dodaj dokument', 'bs-BS');
INSERT INTO OKM_TRANSLATION (TR_MODULE, TR_KEY, TR_TEXT, TR_LANGUAGE) VALUES ('frontend', 'general.menu.file.checkout', 'Rezervii dokument', 'bs-BS');
INSERT INTO OKM_TRANSLATION (TR_MODULE, TR_KEY, TR_TEXT, TR_LANGUAGE) VALUES ('frontend', 'general.menu.file.checkin', 'Poalji novu verziju', 'bs-BS');
INSERT INTO OKM_TRANSLATION (TR_MODULE, TR_KEY, TR_TEXT, TR_LANGUAGE) VALUES ('frontend', 'general.menu.file.cancel.checkout', 'Poniti rezervaciju', 'bs-BS');
INSERT INTO OKM_TRANSLATION (TR_MODULE, TR_KEY, TR_TEXT, TR_LANGUAGE) VALUES ('frontend', 'general.menu.file.delete', 'Izbrii', 'bs-BS');
INSERT INTO OKM_TRANSLATION (TR_MODULE, TR_KEY, TR_TEXT, TR_LANGUAGE) VALUES ('frontend', 'general.menu.file.refresh', 'Osvjei', 'bs-BS');
INSERT INTO OKM_TRANSLATION (TR_MODULE, TR_KEY, TR_TEXT, TR_LANGUAGE) VALUES ('frontend', 'general.menu.file.scanner', 'Scanner', 'bs-BS');
INSERT INTO OKM_TRANSLATION (TR_MODULE, TR_KEY, TR_TEXT, TR_LANGUAGE) VALUES ('frontend', 'general.menu.file.uploader', 'File uploader', 'bs-BS');
INSERT INTO OKM_TRANSLATION (TR_MODULE, TR_KEY, TR_TEXT, TR_LANGUAGE) VALUES ('frontend', 'general.menu.tools', 'Alati', 'bs-BS');
INSERT INTO OKM_TRANSLATION (TR_MODULE, TR_KEY, TR_TEXT, TR_LANGUAGE) VALUES ('frontend', 'general.menu.tools.languages', 'Jezici', 'bs-BS');
INSERT INTO OKM_TRANSLATION (TR_MODULE, TR_KEY, TR_TEXT, TR_LANGUAGE) VALUES ('frontend', 'general.menu.tools.skin', 'Skin', 'bs-BS');
INSERT INTO OKM_TRANSLATION (TR_MODULE, TR_KEY, TR_TEXT, TR_LANGUAGE) VALUES ('frontend', 'general.menu.tools.skin.default', 'Po zadanom', 'bs-BS');
INSERT INTO OKM_TRANSLATION (TR_MODULE, TR_KEY, TR_TEXT, TR_LANGUAGE) VALUES ('frontend', 'general.menu.tools.skin.default2', 'Po zadanom 2', 'bs-BS');
INSERT INTO OKM_TRANSLATION (TR_MODULE, TR_KEY, TR_TEXT, TR_LANGUAGE) VALUES ('frontend', 'general.menu.tools.skin.mediumfont', 'Srednji font', 'bs-BS');
INSERT INTO OKM_TRANSLATION (TR_MODULE, TR_KEY, TR_TEXT, TR_LANGUAGE) VALUES ('frontend', 'general.menu.tools.skin.bigfont', 'Veliki font', 'bs-BS');
INSERT INTO OKM_TRANSLATION (TR_MODULE, TR_KEY, TR_TEXT, TR_LANGUAGE) VALUES ('frontend', 'general.menu.debug.console', 'Debug console', 'bs-BS');
INSERT INTO OKM_TRANSLATION (TR_MODULE, TR_KEY, TR_TEXT, TR_LANGUAGE) VALUES ('frontend', 'general.menu.administration', 'Pokai administraciju', 'bs-BS');
INSERT INTO OKM_TRANSLATION (TR_MODULE, TR_KEY, TR_TEXT, TR_LANGUAGE) VALUES ('frontend', 'general.menu.tools.preferences', 'Prioriteti', 'bs-BS');
INSERT INTO OKM_TRANSLATION (TR_MODULE, TR_KEY, TR_TEXT, TR_LANGUAGE) VALUES ('frontend', 'general.menu.tools.user.preferences', 'Korisnika konfiguracija', 'bs-BS');
INSERT INTO OKM_TRANSLATION (TR_MODULE, TR_KEY, TR_TEXT, TR_LANGUAGE) VALUES ('frontend', 'general.menu.bookmark', 'Oznake', 'bs-BS');
INSERT INTO OKM_TRANSLATION (TR_MODULE, TR_KEY, TR_TEXT, TR_LANGUAGE) VALUES ('frontend', 'general.menu.bookmark.home', 'Poetna', 'bs-BS');
INSERT INTO OKM_TRANSLATION (TR_MODULE, TR_KEY, TR_TEXT, TR_LANGUAGE) VALUES ('frontend', 'general.menu.bookmark.default.home', 'Postavi zadanu poetnu', 'bs-BS');
INSERT INTO OKM_TRANSLATION (TR_MODULE, TR_KEY, TR_TEXT, TR_LANGUAGE) VALUES ('frontend', 'general.menu.bookmark.edit', 'Uredi oznake', 'bs-BS');
INSERT INTO OKM_TRANSLATION (TR_MODULE, TR_KEY, TR_TEXT, TR_LANGUAGE) VALUES ('frontend', 'general.menu.help', 'Pomo', 'bs-BS');
INSERT INTO OKM_TRANSLATION (TR_MODULE, TR_KEY, TR_TEXT, TR_LANGUAGE) VALUES ('frontend', 'general.menu.bug.report', 'Izvjetaj greaka', 'bs-BS');
INSERT INTO OKM_TRANSLATION (TR_MODULE, TR_KEY, TR_TEXT, TR_LANGUAGE) VALUES ('frontend', 'general.menu.support.request', 'Zahtjev za podrku', 'bs-BS');
INSERT INTO OKM_TRANSLATION (TR_MODULE, TR_KEY, TR_TEXT, TR_LANGUAGE) VALUES ('frontend', 'general.menu.public.forum', 'Javni forum', 'bs-BS');
INSERT INTO OKM_TRANSLATION (TR_MODULE, TR_KEY, TR_TEXT, TR_LANGUAGE) VALUES ('frontend', 'general.menu.project.web', 'Projekat web', 'bs-BS');
INSERT INTO OKM_TRANSLATION (TR_MODULE, TR_KEY, TR_TEXT, TR_LANGUAGE) VALUES ('frontend', 'general.menu.version.changes', 'Biljeke verzija', 'bs-BS');
INSERT INTO OKM_TRANSLATION (TR_MODULE, TR_KEY, TR_TEXT, TR_LANGUAGE) VALUES ('frontend', 'general.menu.documentation', 'Dokumentacija', 'bs-BS');
INSERT INTO OKM_TRANSLATION (TR_MODULE, TR_KEY, TR_TEXT, TR_LANGUAGE) VALUES ('frontend', 'general.menu.about', 'O OpenKM-u', 'bs-BS');
INSERT INTO OKM_TRANSLATION (TR_MODULE, TR_KEY, TR_TEXT, TR_LANGUAGE) VALUES ('frontend', 'general.connected', 'Spojen kao', 'bs-BS');
INSERT INTO OKM_TRANSLATION (TR_MODULE, TR_KEY, TR_TEXT, TR_LANGUAGE) VALUES ('frontend', 'filebrowser.name', 'Ime', 'bs-BS');
INSERT INTO OKM_TRANSLATION (TR_MODULE, TR_KEY, TR_TEXT, TR_LANGUAGE) VALUES ('frontend', 'filebrowser.date.update', 'Datum auriranja', 'bs-BS');
INSERT INTO OKM_TRANSLATION (TR_MODULE, TR_KEY, TR_TEXT, TR_LANGUAGE) VALUES ('frontend', 'filebrowser.size', 'Veliina', 'bs-BS');
INSERT INTO OKM_TRANSLATION (TR_MODULE, TR_KEY, TR_TEXT, TR_LANGUAGE) VALUES ('frontend', 'filebrowser.path', 'Putanja', 'bs-BS');
INSERT INTO OKM_TRANSLATION (TR_MODULE, TR_KEY, TR_TEXT, TR_LANGUAGE) VALUES ('frontend', 'filebrowser.author', 'Autor', 'bs-BS');
INSERT INTO OKM_TRANSLATION (TR_MODULE, TR_KEY, TR_TEXT, TR_LANGUAGE) VALUES ('frontend', 'filebrowser.version', 'Verzija', 'bs-BS');
INSERT INTO OKM_TRANSLATION (TR_MODULE, TR_KEY, TR_TEXT, TR_LANGUAGE) VALUES ('frontend', 'filebrowser.menu.checkout', 'Rezervii dokument', 'bs-BS');
INSERT INTO OKM_TRANSLATION (TR_MODULE, TR_KEY, TR_TEXT, TR_LANGUAGE) VALUES ('frontend', 'filebrowser.menu.checkin', 'Poalji novu verziju', 'bs-BS');
INSERT INTO OKM_TRANSLATION (TR_MODULE, TR_KEY, TR_TEXT, TR_LANGUAGE) VALUES ('frontend', 'filebrowser.menu.delete', 'Izbrii', 'bs-BS');
INSERT INTO OKM_TRANSLATION (TR_MODULE, TR_KEY, TR_TEXT, TR_LANGUAGE) VALUES ('frontend', 'filebrowser.menu.rename', 'Preimenuj', 'bs-BS');
INSERT INTO OKM_TRANSLATION (TR_MODULE, TR_KEY, TR_TEXT, TR_LANGUAGE) VALUES ('frontend', 'filebrowser.menu.checkout.cancel', 'Otkai rezervaciju', 'bs-BS');
INSERT INTO OKM_TRANSLATION (TR_MODULE, TR_KEY, TR_TEXT, TR_LANGUAGE) VALUES ('frontend', 'filebrowser.menu.lock', 'Zakljuaj', 'bs-BS');
INSERT INTO OKM_TRANSLATION (TR_MODULE, TR_KEY, TR_TEXT, TR_LANGUAGE) VALUES ('frontend', 'filebrowser.menu.unlock', 'Otkljuaj', 'bs-BS');
INSERT INTO OKM_TRANSLATION (TR_MODULE, TR_KEY, TR_TEXT, TR_LANGUAGE) VALUES ('frontend', 'filebrowser.menu.download', 'Preuzmi', 'bs-BS');
INSERT INTO OKM_TRANSLATION (TR_MODULE, TR_KEY, TR_TEXT, TR_LANGUAGE) VALUES ('frontend', 'filebrowser.menu.move', 'Premjesti', 'bs-BS');
INSERT INTO OKM_TRANSLATION (TR_MODULE, TR_KEY, TR_TEXT, TR_LANGUAGE) VALUES ('frontend', 'filebrowser.menu.copy', 'Kopiraj', 'bs-BS');
INSERT INTO OKM_TRANSLATION (TR_MODULE, TR_KEY, TR_TEXT, TR_LANGUAGE) VALUES ('frontend', 'filebrowser.menu.create.from.template', 'Kreiraj iz predloka', 'bs-BS');
INSERT INTO OKM_TRANSLATION (TR_MODULE, TR_KEY, TR_TEXT, TR_LANGUAGE) VALUES ('frontend', 'filebrowser.menu.add.property.group', 'Dodaj grupu osobina', 'bs-BS');
INSERT INTO OKM_TRANSLATION (TR_MODULE, TR_KEY, TR_TEXT, TR_LANGUAGE) VALUES ('frontend', 'filebrowser.menu.remove.property.group', 'Izbrii grupu osobina', 'bs-BS');
INSERT INTO OKM_TRANSLATION (TR_MODULE, TR_KEY, TR_TEXT, TR_LANGUAGE) VALUES ('frontend', 'filebrowser.menu.start.workflow', 'Poetak poslovnog procesa', 'bs-BS');
INSERT INTO OKM_TRANSLATION (TR_MODULE, TR_KEY, TR_TEXT, TR_LANGUAGE) VALUES ('frontend', 'filebrowser.menu.add.subscription', 'Dodaj pretplata', 'bs-BS');
INSERT INTO OKM_TRANSLATION (TR_MODULE, TR_KEY, TR_TEXT, TR_LANGUAGE) VALUES ('frontend', 'filebrowser.menu.remove.subscription', 'Obrii pretplatu', 'bs-BS');
INSERT INTO OKM_TRANSLATION (TR_MODULE, TR_KEY, TR_TEXT, TR_LANGUAGE) VALUES ('frontend', 'filebrowser.menu.add.bookmark', 'Dodaj oznaku', 'bs-BS');
INSERT INTO OKM_TRANSLATION (TR_MODULE, TR_KEY, TR_TEXT, TR_LANGUAGE) VALUES ('frontend', 'filebrowser.menu.set.home', 'Postavi poetnu stranicu', 'bs-BS');
INSERT INTO OKM_TRANSLATION (TR_MODULE, TR_KEY, TR_TEXT, TR_LANGUAGE) VALUES ('frontend', 'filebrowser.menu.refresh', 'Osvjei', 'bs-BS');
INSERT INTO OKM_TRANSLATION (TR_MODULE, TR_KEY, TR_TEXT, TR_LANGUAGE) VALUES ('frontend', 'filebrowser.menu.export', 'Snimi kao ZIP arhivu', 'bs-BS');
INSERT INTO OKM_TRANSLATION (TR_MODULE, TR_KEY, TR_TEXT, TR_LANGUAGE) VALUES ('frontend', 'filebrowser.menu.play', 'Pokreni', 'bs-BS');
INSERT INTO OKM_TRANSLATION (TR_MODULE, TR_KEY, TR_TEXT, TR_LANGUAGE) VALUES ('frontend', 'filebrowser.menu.image.viewer', 'Preglednik slika', 'bs-BS');
INSERT INTO OKM_TRANSLATION (TR_MODULE, TR_KEY, TR_TEXT, TR_LANGUAGE) VALUES ('frontend', 'filebrowser.status.refresh.folder', 'Auriram listu direktorija', 'bs-BS');
INSERT INTO OKM_TRANSLATION (TR_MODULE, TR_KEY, TR_TEXT, TR_LANGUAGE) VALUES ('frontend', 'filebrowser.status.refresh.document', 'Auriram listu dokumenata', 'bs-BS');
INSERT INTO OKM_TRANSLATION (TR_MODULE, TR_KEY, TR_TEXT, TR_LANGUAGE) VALUES ('frontend', 'filebrowser.status.refresh.mail', 'Auriram listu pote', 'bs-BS');
INSERT INTO OKM_TRANSLATION (TR_MODULE, TR_KEY, TR_TEXT, TR_LANGUAGE) VALUES ('frontend', 'filebrowser.status.refresh.delete.folder', 'Briem direktorije', 'bs-BS');
INSERT INTO OKM_TRANSLATION (TR_MODULE, TR_KEY, TR_TEXT, TR_LANGUAGE) VALUES ('frontend', 'filebrowser.status.refresh.delete.document', 'Briem dokumente', 'bs-BS');
INSERT INTO OKM_TRANSLATION (TR_MODULE, TR_KEY, TR_TEXT, TR_LANGUAGE) VALUES ('frontend', 'filebrowser.status.refresh.checkout', 'Rezerviem dokumente', 'bs-BS');
INSERT INTO OKM_TRANSLATION (TR_MODULE, TR_KEY, TR_TEXT, TR_LANGUAGE) VALUES ('frontend', 'filebrowser.status.refresh.lock', 'Zakljuavam dokumente', 'bs-BS');
INSERT INTO OKM_TRANSLATION (TR_MODULE, TR_KEY, TR_TEXT, TR_LANGUAGE) VALUES ('frontend', 'filebrowser.status.refresh.unlock', 'Otkljuavam dokumente', 'bs-BS');
INSERT INTO OKM_TRANSLATION (TR_MODULE, TR_KEY, TR_TEXT, TR_LANGUAGE) VALUES ('frontend', 'filebrowser.status.refresh.document.rename', 'Mijenjam ime dokumenata', 'bs-BS');
INSERT INTO OKM_TRANSLATION (TR_MODULE, TR_KEY, TR_TEXT, TR_LANGUAGE) VALUES ('frontend', 'filebrowser.status.refresh.folder.rename', 'Mijenjam ime dokumenata', 'bs-BS');
INSERT INTO OKM_TRANSLATION (TR_MODULE, TR_KEY, TR_TEXT, TR_LANGUAGE) VALUES ('frontend', 'filebrowser.status.refresh.document.purge', 'Permanentno briem dokumente', 'bs-BS');
INSERT INTO OKM_TRANSLATION (TR_MODULE, TR_KEY, TR_TEXT, TR_LANGUAGE) VALUES ('frontend', 'filebrowser.status.refresh.folder.purge', 'Permanentno briem direktorije', 'bs-BS');
INSERT INTO OKM_TRANSLATION (TR_MODULE, TR_KEY, TR_TEXT, TR_LANGUAGE) VALUES ('frontend', 'filebrowser.status.refresh.folder.get', 'Auriram informacije o direktorijima', 'bs-BS');
INSERT INTO OKM_TRANSLATION (TR_MODULE, TR_KEY, TR_TEXT, TR_LANGUAGE) VALUES ('frontend', 'filebrowser.status.refresh.document.get', 'Auriram dokumente', 'bs-BS');
INSERT INTO OKM_TRANSLATION (TR_MODULE, TR_KEY, TR_TEXT, TR_LANGUAGE) VALUES ('frontend', 'filebrowser.status.refresh.add.subscription', 'Dodajem pretplatu', 'bs-BS');
INSERT INTO OKM_TRANSLATION (TR_MODULE, TR_KEY, TR_TEXT, TR_LANGUAGE) VALUES ('frontend', 'filebrowser.status.refresh.remove.subscription', 'Briem pretplatu', 'bs-BS');
INSERT INTO OKM_TRANSLATION (TR_MODULE, TR_KEY, TR_TEXT, TR_LANGUAGE) VALUES ('frontend', 'filebrowser.status.refresh.get.user.home', 'Dobavljanje korisnike poetne stranice', 'bs-BS');
INSERT INTO OKM_TRANSLATION (TR_MODULE, TR_KEY, TR_TEXT, TR_LANGUAGE) VALUES ('frontend', 'filebrowser.status.refresh.delete.mail', 'Briem potu', 'bs-BS');
INSERT INTO OKM_TRANSLATION (TR_MODULE, TR_KEY, TR_TEXT, TR_LANGUAGE) VALUES ('frontend', 'filebrowser.status.refresh.mail.purge', 'Permanentno briem potu', 'bs-BS');
INSERT INTO OKM_TRANSLATION (TR_MODULE, TR_KEY, TR_TEXT, TR_LANGUAGE) VALUES ('frontend', 'fileupload.send', 'Poalji', 'bs-BS');
INSERT INTO OKM_TRANSLATION (TR_MODULE, TR_KEY, TR_TEXT, TR_LANGUAGE) VALUES ('frontend', 'fileupload.status.sending', 'Uitavam datoteku ...', 'bs-BS');
INSERT INTO OKM_TRANSLATION (TR_MODULE, TR_KEY, TR_TEXT, TR_LANGUAGE) VALUES ('frontend', 'fileupload.status.indexing', 'Indeksiram datoteku ...', 'bs-BS');
INSERT INTO OKM_TRANSLATION (TR_MODULE, TR_KEY, TR_TEXT, TR_LANGUAGE) VALUES ('frontend', 'fileupload.status.ok', 'Datoteka je uspjeno uitana', 'bs-BS');
INSERT INTO OKM_TRANSLATION (TR_MODULE, TR_KEY, TR_TEXT, TR_LANGUAGE) VALUES ('frontend', 'fileupload.upload.status', 'Status uitavanja', 'bs-BS');
INSERT INTO OKM_TRANSLATION (TR_MODULE, TR_KEY, TR_TEXT, TR_LANGUAGE) VALUES ('frontend', 'fileupload.upload.uploaded', 'Uitano', 'bs-BS');
INSERT INTO OKM_TRANSLATION (TR_MODULE, TR_KEY, TR_TEXT, TR_LANGUAGE) VALUES ('frontend', 'fileupload.upload.completed', 'Uitavanje zavreno', 'bs-BS');
INSERT INTO OKM_TRANSLATION (TR_MODULE, TR_KEY, TR_TEXT, TR_LANGUAGE) VALUES ('frontend', 'fileupload.upload.runtime', 'Duina trajanja', 'bs-BS');
INSERT INTO OKM_TRANSLATION (TR_MODULE, TR_KEY, TR_TEXT, TR_LANGUAGE) VALUES ('frontend', 'fileupload.upload.remaining', 'Preostalo', 'bs-BS');
INSERT INTO OKM_TRANSLATION (TR_MODULE, TR_KEY, TR_TEXT, TR_LANGUAGE) VALUES ('frontend', 'fileupload.button.close', 'Zatvori', 'bs-BS');
INSERT INTO OKM_TRANSLATION (TR_MODULE, TR_KEY, TR_TEXT, TR_LANGUAGE) VALUES ('frontend', 'fileupload.button.add.other.file', 'Dodaj drugu datoteku', 'bs-BS');
INSERT INTO OKM_TRANSLATION (TR_MODULE, TR_KEY, TR_TEXT, TR_LANGUAGE) VALUES ('frontend', 'fileupload.status.move.file', 'Premjetanje datoteke ...', 'bs-BS');
INSERT INTO OKM_TRANSLATION (TR_MODULE, TR_KEY, TR_TEXT, TR_LANGUAGE) VALUES ('frontend', 'fileupload.status.move.mail', 'Premjetanje pote ...', 'bs-BS');
INSERT INTO OKM_TRANSLATION (TR_MODULE, TR_KEY, TR_TEXT, TR_LANGUAGE) VALUES ('frontend', 'fileupload.status.copy.file', 'Kopiranje datoteke ...', 'bs-BS');
INSERT INTO OKM_TRANSLATION (TR_MODULE, TR_KEY, TR_TEXT, TR_LANGUAGE) VALUES ('frontend', 'fileupload.status.copy.mail', 'Kopiranje pote ...', 'bs-BS');
INSERT INTO OKM_TRANSLATION (TR_MODULE, TR_KEY, TR_TEXT, TR_LANGUAGE) VALUES ('frontend', 'fileupload.status.restore.file', 'Vraanje datoteke ...', 'bs-BS');
INSERT INTO OKM_TRANSLATION (TR_MODULE, TR_KEY, TR_TEXT, TR_LANGUAGE) VALUES ('frontend', 'fileupload.status.restore.mail', 'Vraanje pote ...', 'bs-BS');
INSERT INTO OKM_TRANSLATION (TR_MODULE, TR_KEY, TR_TEXT, TR_LANGUAGE) VALUES ('frontend', 'fileupload.status.move.folder', 'Premjetanje direktorija ...', 'bs-BS');
INSERT INTO OKM_TRANSLATION (TR_MODULE, TR_KEY, TR_TEXT, TR_LANGUAGE) VALUES ('frontend', 'fileupload.status.copy.folder', 'Kopiranje direktorija ...', 'bs-BS');
INSERT INTO OKM_TRANSLATION (TR_MODULE, TR_KEY, TR_TEXT, TR_LANGUAGE) VALUES ('frontend', 'fileupload.status.restore.folder', 'Vraanje direktorija ...', 'bs-BS');
INSERT INTO OKM_TRANSLATION (TR_MODULE, TR_KEY, TR_TEXT, TR_LANGUAGE) VALUES ('frontend', 'fileupload.status.create.from.template', 'Kreiranje datoteke iz predloka', 'bs-BS');
INSERT INTO OKM_TRANSLATION (TR_MODULE, TR_KEY, TR_TEXT, TR_LANGUAGE) VALUES ('frontend', 'fileupload.status.of', 'od', 'bs-BS');
INSERT INTO OKM_TRANSLATION (TR_MODULE, TR_KEY, TR_TEXT, TR_LANGUAGE) VALUES ('frontend', 'fileupload.label.insert', 'Dodaj nove dokumente', 'bs-BS');
INSERT INTO OKM_TRANSLATION (TR_MODULE, TR_KEY, TR_TEXT, TR_LANGUAGE) VALUES ('frontend', 'fileupload.label.update', 'Auriranje dokumenata', 'bs-BS');
INSERT INTO OKM_TRANSLATION (TR_MODULE, TR_KEY, TR_TEXT, TR_LANGUAGE) VALUES ('frontend', 'fileupload.label.users.notify', 'Obavjsti korisnika', 'bs-BS');
INSERT INTO OKM_TRANSLATION (TR_MODULE, TR_KEY, TR_TEXT, TR_LANGUAGE) VALUES ('frontend', 'fileupload.label.comment', 'Komentar', 'bs-BS');
INSERT INTO OKM_TRANSLATION (TR_MODULE, TR_KEY, TR_TEXT, TR_LANGUAGE) VALUES ('frontend', 'fileupload.label.users.to.notify"', '  "Korisnici koje treba obavijestiti', 'bs-BS');
INSERT INTO OKM_TRANSLATION (TR_MODULE, TR_KEY, TR_TEXT, TR_LANGUAGE) VALUES ('frontend', 'fileupload.label.users"', '  "Korisnici', 'bs-BS');
INSERT INTO OKM_TRANSLATION (TR_MODULE, TR_KEY, TR_TEXT, TR_LANGUAGE) VALUES ('frontend', 'fileupload.label.groups.to.notify', 'Groups to notify', 'bs-BS');
INSERT INTO OKM_TRANSLATION (TR_MODULE, TR_KEY, TR_TEXT, TR_LANGUAGE) VALUES ('frontend', 'fileupload.label.groups', 'Groups', 'bs-BS');
INSERT INTO OKM_TRANSLATION (TR_MODULE, TR_KEY, TR_TEXT, TR_LANGUAGE) VALUES ('frontend', 'fileupload.label.must.select.users"', '  "Morate izabrati korisnika kojeg treba obavijestiti', 'bs-BS');
INSERT INTO OKM_TRANSLATION (TR_MODULE, TR_KEY, TR_TEXT, TR_LANGUAGE) VALUES ('frontend', 'fileupload.label.importZip', 'Ubaci dokumente iz ZIP arhive', 'bs-BS');
INSERT INTO OKM_TRANSLATION (TR_MODULE, TR_KEY, TR_TEXT, TR_LANGUAGE) VALUES ('frontend', 'fileupload.label.notify.comment', 'Obavijest', 'bs-BS');
INSERT INTO OKM_TRANSLATION (TR_MODULE, TR_KEY, TR_TEXT, TR_LANGUAGE) VALUES ('frontend', 'fileupload.label.error.importing.zip', 'Greka u ubacivanju dokumenata iz arhive', 'bs-BS');
INSERT INTO OKM_TRANSLATION (TR_MODULE, TR_KEY, TR_TEXT, TR_LANGUAGE) VALUES ('frontend', 'fileupload.label.error.move.file', 'Greka u premjetanju datoteke', 'bs-BS');
INSERT INTO OKM_TRANSLATION (TR_MODULE, TR_KEY, TR_TEXT, TR_LANGUAGE) VALUES ('frontend', 'fileupload.label.error.move.mail', 'Greka u premjetanju pote', 'bs-BS');
INSERT INTO OKM_TRANSLATION (TR_MODULE, TR_KEY, TR_TEXT, TR_LANGUAGE) VALUES ('frontend', 'fileupload.label.error.copy.file', 'Greka u kopiranju datoteke', 'bs-BS');
INSERT INTO OKM_TRANSLATION (TR_MODULE, TR_KEY, TR_TEXT, TR_LANGUAGE) VALUES ('frontend', 'fileupload.label.error.copy.mail', 'Greka u kopiranju pote', 'bs-BS');
INSERT INTO OKM_TRANSLATION (TR_MODULE, TR_KEY, TR_TEXT, TR_LANGUAGE) VALUES ('frontend', 'fileupload.label.error.restore.file', 'Greka u vraanju datoteke ', 'bs-BS');
INSERT INTO OKM_TRANSLATION (TR_MODULE, TR_KEY, TR_TEXT, TR_LANGUAGE) VALUES ('frontend', 'fileupload.label.error.restore.mail', 'Greka u vraanju pote', 'bs-BS');
INSERT INTO OKM_TRANSLATION (TR_MODULE, TR_KEY, TR_TEXT, TR_LANGUAGE) VALUES ('frontend', 'fileupload.label.error.move.folder', 'Greka u prebacivanju direktorija', 'bs-BS');
INSERT INTO OKM_TRANSLATION (TR_MODULE, TR_KEY, TR_TEXT, TR_LANGUAGE) VALUES ('frontend', 'fileupload.label.error.copy.folder', 'Greka u kopiranju direktorija', 'bs-BS');
INSERT INTO OKM_TRANSLATION (TR_MODULE, TR_KEY, TR_TEXT, TR_LANGUAGE) VALUES ('frontend', 'fileupload.label.error.restore.folder', 'Greka u vraanju direktorija', 'bs-BS');
INSERT INTO OKM_TRANSLATION (TR_MODULE, TR_KEY, TR_TEXT, TR_LANGUAGE) VALUES ('frontend', 'fileupload.label.error.create.from.template', 'Greka u kreiranju datoteke iz predloka', 'bs-BS');
INSERT INTO OKM_TRANSLATION (TR_MODULE, TR_KEY, TR_TEXT, TR_LANGUAGE) VALUES ('frontend', 'fileupload.label.error.not.allowed.move.folder.child', 'Nije doputeno pomjeranje na osnovnom direktoriju ili poddirektoriju', 'bs-BS');
INSERT INTO OKM_TRANSLATION (TR_MODULE, TR_KEY, TR_TEXT, TR_LANGUAGE) VALUES ('frontend', 'fileupload.label.error.not.allowed.copy.same.folder', 'Nije doputeno pomjeriti u isti destinacioni direktorij kao i izvorni', 'bs-BS');
INSERT INTO OKM_TRANSLATION (TR_MODULE, TR_KEY, TR_TEXT, TR_LANGUAGE) VALUES ('frontend', 'fileupload.label.error.not.allowed.create.from.template.same.folder', 'Nije dozvoljeno kreiranje datoteke na izvornom direktoriju', 'bs-BS');
INSERT INTO OKM_TRANSLATION (TR_MODULE, TR_KEY, TR_TEXT, TR_LANGUAGE) VALUES ('frontend', 'tab.document.properties', 'Osobine', 'bs-BS');
INSERT INTO OKM_TRANSLATION (TR_MODULE, TR_KEY, TR_TEXT, TR_LANGUAGE) VALUES ('frontend', 'tab.document.notes', 'Zabiljeke', 'bs-BS');
INSERT INTO OKM_TRANSLATION (TR_MODULE, TR_KEY, TR_TEXT, TR_LANGUAGE) VALUES ('frontend', 'tab.document.history', 'Historija', 'bs-BS');
INSERT INTO OKM_TRANSLATION (TR_MODULE, TR_KEY, TR_TEXT, TR_LANGUAGE) VALUES ('frontend', 'tab.document.status.history', 'Auriranje historije', 'bs-BS');
INSERT INTO OKM_TRANSLATION (TR_MODULE, TR_KEY, TR_TEXT, TR_LANGUAGE) VALUES ('frontend', 'tab.status.security.role', 'Auriranje sigurnosnih uloga', 'bs-BS');
INSERT INTO OKM_TRANSLATION (TR_MODULE, TR_KEY, TR_TEXT, TR_LANGUAGE) VALUES ('frontend', 'tab.status.security.user', 'Auriranje korisnika sigurnosti', 'bs-BS');
INSERT INTO OKM_TRANSLATION (TR_MODULE, TR_KEY, TR_TEXT, TR_LANGUAGE) VALUES ('frontend', 'tab.document.status.group.properties', 'Auriranje grupe osobina', 'bs-BS');
INSERT INTO OKM_TRANSLATION (TR_MODULE, TR_KEY, TR_TEXT, TR_LANGUAGE) VALUES ('frontend', 'tab.document.status.set.keywords', 'Postavljanje kljunih rijei', 'bs-BS');
INSERT INTO OKM_TRANSLATION (TR_MODULE, TR_KEY, TR_TEXT, TR_LANGUAGE) VALUES ('frontend', 'tab.document.status.set.categories', 'Updating categories', 'bs-BS');
INSERT INTO OKM_TRANSLATION (TR_MODULE, TR_KEY, TR_TEXT, TR_LANGUAGE) VALUES ('frontend', 'tab.document.status.get.version.history.size', 'Osvjeavanje veliine historije dokumenta', 'bs-BS');
INSERT INTO OKM_TRANSLATION (TR_MODULE, TR_KEY, TR_TEXT, TR_LANGUAGE) VALUES ('frontend', 'tab.document.status.purge.version.history', 'Zbijanje historije dokumenta', 'bs-BS');
INSERT INTO OKM_TRANSLATION (TR_MODULE, TR_KEY, TR_TEXT, TR_LANGUAGE) VALUES ('frontend', 'tab.document.status.restore.version', 'Vraanje verzije dokumenta', 'bs-BS');
INSERT INTO OKM_TRANSLATION (TR_MODULE, TR_KEY, TR_TEXT, TR_LANGUAGE) VALUES ('frontend', 'tab.document.security', 'Sigurnost', 'bs-BS');
INSERT INTO OKM_TRANSLATION (TR_MODULE, TR_KEY, TR_TEXT, TR_LANGUAGE) VALUES ('frontend', 'tab.document.preview', 'Preview', 'bs-BS');
INSERT INTO OKM_TRANSLATION (TR_MODULE, TR_KEY, TR_TEXT, TR_LANGUAGE) VALUES ('frontend', 'tab.folder.properties', 'Osobine', 'bs-BS');
INSERT INTO OKM_TRANSLATION (TR_MODULE, TR_KEY, TR_TEXT, TR_LANGUAGE) VALUES ('frontend', 'tab.folder.security', 'Sigurnost', 'bs-BS');
INSERT INTO OKM_TRANSLATION (TR_MODULE, TR_KEY, TR_TEXT, TR_LANGUAGE) VALUES ('frontend', 'tab.folder.notes', 'Zabiljeke', 'bs-BS');
INSERT INTO OKM_TRANSLATION (TR_MODULE, TR_KEY, TR_TEXT, TR_LANGUAGE) VALUES ('frontend', 'tab.workspace.desktop', 'Radna povrina', 'bs-BS');
INSERT INTO OKM_TRANSLATION (TR_MODULE, TR_KEY, TR_TEXT, TR_LANGUAGE) VALUES ('frontend', 'tab.workspace.search', 'Trai', 'bs-BS');
INSERT INTO OKM_TRANSLATION (TR_MODULE, TR_KEY, TR_TEXT, TR_LANGUAGE) VALUES ('frontend', 'tab.workspace.dashboard', 'Kotrolna ploa', 'bs-BS');
INSERT INTO OKM_TRANSLATION (TR_MODULE, TR_KEY, TR_TEXT, TR_LANGUAGE) VALUES ('frontend', 'tab.workspace.administration', 'Administracija', 'bs-BS');
INSERT INTO OKM_TRANSLATION (TR_MODULE, TR_KEY, TR_TEXT, TR_LANGUAGE) VALUES ('frontend', 'document.uuid', 'UUID', 'bs-BS');
INSERT INTO OKM_TRANSLATION (TR_MODULE, TR_KEY, TR_TEXT, TR_LANGUAGE) VALUES ('frontend', 'document.name', 'Ime', 'bs-BS');
INSERT INTO OKM_TRANSLATION (TR_MODULE, TR_KEY, TR_TEXT, TR_LANGUAGE) VALUES ('frontend', 'document.folder', 'Datoteka', 'bs-BS');
INSERT INTO OKM_TRANSLATION (TR_MODULE, TR_KEY, TR_TEXT, TR_LANGUAGE) VALUES ('frontend', 'document.size', 'Veliina', 'bs-BS');
INSERT INTO OKM_TRANSLATION (TR_MODULE, TR_KEY, TR_TEXT, TR_LANGUAGE) VALUES ('frontend', 'document.created', 'Kreiran', 'bs-BS');
INSERT INTO OKM_TRANSLATION (TR_MODULE, TR_KEY, TR_TEXT, TR_LANGUAGE) VALUES ('frontend', 'document.lastmodified', 'Izmjenjen', 'bs-BS');
INSERT INTO OKM_TRANSLATION (TR_MODULE, TR_KEY, TR_TEXT, TR_LANGUAGE) VALUES ('frontend', 'document.mimetype', 'MIME tip', 'bs-BS');
INSERT INTO OKM_TRANSLATION (TR_MODULE, TR_KEY, TR_TEXT, TR_LANGUAGE) VALUES ('frontend', 'document.keywords', 'Kljune rijei', 'bs-BS');
INSERT INTO OKM_TRANSLATION (TR_MODULE, TR_KEY, TR_TEXT, TR_LANGUAGE) VALUES ('frontend', 'document.by', 'od', 'bs-BS');
INSERT INTO OKM_TRANSLATION (TR_MODULE, TR_KEY, TR_TEXT, TR_LANGUAGE) VALUES ('frontend', 'document.status', 'Status', 'bs-BS');
INSERT INTO OKM_TRANSLATION (TR_MODULE, TR_KEY, TR_TEXT, TR_LANGUAGE) VALUES ('frontend', 'document.status.checkout', 'Ureen od', 'bs-BS');
INSERT INTO OKM_TRANSLATION (TR_MODULE, TR_KEY, TR_TEXT, TR_LANGUAGE) VALUES ('frontend', 'document.status.locked', 'Zaljuan od', 'bs-BS');
INSERT INTO OKM_TRANSLATION (TR_MODULE, TR_KEY, TR_TEXT, TR_LANGUAGE) VALUES ('frontend', 'document.status.normal', 'Dostupan', 'bs-BS');
INSERT INTO OKM_TRANSLATION (TR_MODULE, TR_KEY, TR_TEXT, TR_LANGUAGE) VALUES ('frontend', 'document.subscribed', 'Potpisan', 'bs-BS');
INSERT INTO OKM_TRANSLATION (TR_MODULE, TR_KEY, TR_TEXT, TR_LANGUAGE) VALUES ('frontend', 'document.subscribed.yes', 'Da', 'bs-BS');
INSERT INTO OKM_TRANSLATION (TR_MODULE, TR_KEY, TR_TEXT, TR_LANGUAGE) VALUES ('frontend', 'document.subscribed.no', 'Ne', 'bs-BS');
INSERT INTO OKM_TRANSLATION (TR_MODULE, TR_KEY, TR_TEXT, TR_LANGUAGE) VALUES ('frontend', 'document.history.size', 'Veliina historija', 'bs-BS');
INSERT INTO OKM_TRANSLATION (TR_MODULE, TR_KEY, TR_TEXT, TR_LANGUAGE) VALUES ('frontend', 'document.subscribed.users', 'Potpisani korisnici', 'bs-BS');
INSERT INTO OKM_TRANSLATION (TR_MODULE, TR_KEY, TR_TEXT, TR_LANGUAGE) VALUES ('frontend', 'document.url', 'URL', 'bs-BS');
INSERT INTO OKM_TRANSLATION (TR_MODULE, TR_KEY, TR_TEXT, TR_LANGUAGE) VALUES ('frontend', 'document.webdav', 'WebDAV', 'bs-BS');
INSERT INTO OKM_TRANSLATION (TR_MODULE, TR_KEY, TR_TEXT, TR_LANGUAGE) VALUES ('frontend', 'document.add.note', 'Dodaj biljeku', 'bs-BS');
INSERT INTO OKM_TRANSLATION (TR_MODULE, TR_KEY, TR_TEXT, TR_LANGUAGE) VALUES ('frontend', 'document.keywords.cloud', 'Oblak kljunih rijei', 'bs-BS');
INSERT INTO OKM_TRANSLATION (TR_MODULE, TR_KEY, TR_TEXT, TR_LANGUAGE) VALUES ('frontend', 'document.categories', 'Categories', 'bs-BS');
INSERT INTO OKM_TRANSLATION (TR_MODULE, TR_KEY, TR_TEXT, TR_LANGUAGE) VALUES ('frontend', 'folder.uuid', 'UUID', 'bs-BS');
INSERT INTO OKM_TRANSLATION (TR_MODULE, TR_KEY, TR_TEXT, TR_LANGUAGE) VALUES ('frontend', 'folder.name', 'IME', 'bs-BS');
INSERT INTO OKM_TRANSLATION (TR_MODULE, TR_KEY, TR_TEXT, TR_LANGUAGE) VALUES ('frontend', 'folder.parent', 'Roditelj', 'bs-BS');
INSERT INTO OKM_TRANSLATION (TR_MODULE, TR_KEY, TR_TEXT, TR_LANGUAGE) VALUES ('frontend', 'folder.created', 'Kreiran', 'bs-BS');
INSERT INTO OKM_TRANSLATION (TR_MODULE, TR_KEY, TR_TEXT, TR_LANGUAGE) VALUES ('frontend', 'folder.by', 'od', 'bs-BS');
INSERT INTO OKM_TRANSLATION (TR_MODULE, TR_KEY, TR_TEXT, TR_LANGUAGE) VALUES ('frontend', 'folder.subscribed', 'Potpis', 'bs-BS');
INSERT INTO OKM_TRANSLATION (TR_MODULE, TR_KEY, TR_TEXT, TR_LANGUAGE) VALUES ('frontend', 'folder.subscribed.yes', 'Da', 'bs-BS');
INSERT INTO OKM_TRANSLATION (TR_MODULE, TR_KEY, TR_TEXT, TR_LANGUAGE) VALUES ('frontend', 'folder.subscribed.no', 'Ne', 'bs-BS');
INSERT INTO OKM_TRANSLATION (TR_MODULE, TR_KEY, TR_TEXT, TR_LANGUAGE) VALUES ('frontend', 'folder.subscribed.users', 'Potpisani korisnici', 'bs-BS');
INSERT INTO OKM_TRANSLATION (TR_MODULE, TR_KEY, TR_TEXT, TR_LANGUAGE) VALUES ('frontend', 'folder.url', 'URL', 'bs-BS');
INSERT INTO OKM_TRANSLATION (TR_MODULE, TR_KEY, TR_TEXT, TR_LANGUAGE) VALUES ('frontend', 'folder.webdav', 'WebDAV', 'bs-BS');
INSERT INTO OKM_TRANSLATION (TR_MODULE, TR_KEY, TR_TEXT, TR_LANGUAGE) VALUES ('frontend', 'folder.number.folders', 'Folders', 'bs-BS');
INSERT INTO OKM_TRANSLATION (TR_MODULE, TR_KEY, TR_TEXT, TR_LANGUAGE) VALUES ('frontend', 'folder.number.documents', 'Documents', 'bs-BS');
INSERT INTO OKM_TRANSLATION (TR_MODULE, TR_KEY, TR_TEXT, TR_LANGUAGE) VALUES ('frontend', 'folder.number.mails', 'Mails', 'bs-BS');
INSERT INTO OKM_TRANSLATION (TR_MODULE, TR_KEY, TR_TEXT, TR_LANGUAGE) VALUES ('frontend', 'version.name', 'Verzija', 'bs-BS');
INSERT INTO OKM_TRANSLATION (TR_MODULE, TR_KEY, TR_TEXT, TR_LANGUAGE) VALUES ('frontend', 'version.created', 'Datum', 'bs-BS');
INSERT INTO OKM_TRANSLATION (TR_MODULE, TR_KEY, TR_TEXT, TR_LANGUAGE) VALUES ('frontend', 'version.author', 'Autor', 'bs-BS');
INSERT INTO OKM_TRANSLATION (TR_MODULE, TR_KEY, TR_TEXT, TR_LANGUAGE) VALUES ('frontend', 'version.size', 'Veliina', 'bs-BS');
INSERT INTO OKM_TRANSLATION (TR_MODULE, TR_KEY, TR_TEXT, TR_LANGUAGE) VALUES ('frontend', 'version.purge.document', 'Kompresuj historiju', 'bs-BS');
INSERT INTO OKM_TRANSLATION (TR_MODULE, TR_KEY, TR_TEXT, TR_LANGUAGE) VALUES ('frontend', 'version.comment', 'Komentar', 'bs-BS');
INSERT INTO OKM_TRANSLATION (TR_MODULE, TR_KEY, TR_TEXT, TR_LANGUAGE) VALUES ('frontend', 'security.label', 'Sigurnost', 'bs-BS');
INSERT INTO OKM_TRANSLATION (TR_MODULE, TR_KEY, TR_TEXT, TR_LANGUAGE) VALUES ('frontend', 'security.group.name', 'Grupa', 'bs-BS');
INSERT INTO OKM_TRANSLATION (TR_MODULE, TR_KEY, TR_TEXT, TR_LANGUAGE) VALUES ('frontend', 'security.group.permission.read', 'itaj', 'bs-BS');
INSERT INTO OKM_TRANSLATION (TR_MODULE, TR_KEY, TR_TEXT, TR_LANGUAGE) VALUES ('frontend', 'security.group.permission.write', 'Pii', 'bs-BS');
INSERT INTO OKM_TRANSLATION (TR_MODULE, TR_KEY, TR_TEXT, TR_LANGUAGE) VALUES ('frontend', 'security.group.permission.delete', 'Delete', 'bs-BS');
INSERT INTO OKM_TRANSLATION (TR_MODULE, TR_KEY, TR_TEXT, TR_LANGUAGE) VALUES ('frontend', 'security.group.permission.security', 'Security', 'bs-BS');
INSERT INTO OKM_TRANSLATION (TR_MODULE, TR_KEY, TR_TEXT, TR_LANGUAGE) VALUES ('frontend', 'security.user.name', 'Korisnik', 'bs-BS');
INSERT INTO OKM_TRANSLATION (TR_MODULE, TR_KEY, TR_TEXT, TR_LANGUAGE) VALUES ('frontend', 'security.user.permission.read', 'itaj', 'bs-BS');
INSERT INTO OKM_TRANSLATION (TR_MODULE, TR_KEY, TR_TEXT, TR_LANGUAGE) VALUES ('frontend', 'security.user.permission.write', 'Pii', 'bs-BS');
INSERT INTO OKM_TRANSLATION (TR_MODULE, TR_KEY, TR_TEXT, TR_LANGUAGE) VALUES ('frontend', 'security.user.permission.delete', 'Delete', 'bs-BS');
INSERT INTO OKM_TRANSLATION (TR_MODULE, TR_KEY, TR_TEXT, TR_LANGUAGE) VALUES ('frontend', 'security.users', 'Korisnici', 'bs-BS');
INSERT INTO OKM_TRANSLATION (TR_MODULE, TR_KEY, TR_TEXT, TR_LANGUAGE) VALUES ('frontend', 'security.groups', 'Grupe', 'bs-BS');
INSERT INTO OKM_TRANSLATION (TR_MODULE, TR_KEY, TR_TEXT, TR_LANGUAGE) VALUES ('frontend', 'security.recursive', 'Rekurzivne promjene dozvola', 'bs-BS');
INSERT INTO OKM_TRANSLATION (TR_MODULE, TR_KEY, TR_TEXT, TR_LANGUAGE) VALUES ('frontend', 'secutiry.filter.by.users', 'Users filter', 'bs-BS');
INSERT INTO OKM_TRANSLATION (TR_MODULE, TR_KEY, TR_TEXT, TR_LANGUAGE) VALUES ('frontend', 'secutiry.filter.by.groups', 'Groups filter', 'bs-BS');
INSERT INTO OKM_TRANSLATION (TR_MODULE, TR_KEY, TR_TEXT, TR_LANGUAGE) VALUES ('frontend', 'security.status.updating', 'Updating security', 'bs-BS');
INSERT INTO OKM_TRANSLATION (TR_MODULE, TR_KEY, TR_TEXT, TR_LANGUAGE) VALUES ('frontend', 'preview.unavailable', 'Preview unavailable', 'bs-BS');
INSERT INTO OKM_TRANSLATION (TR_MODULE, TR_KEY, TR_TEXT, TR_LANGUAGE) VALUES ('frontend', 'mail.from', 'Od', 'bs-BS');
INSERT INTO OKM_TRANSLATION (TR_MODULE, TR_KEY, TR_TEXT, TR_LANGUAGE) VALUES ('frontend', 'mail.reply', 'Odgovori ka', 'bs-BS');
INSERT INTO OKM_TRANSLATION (TR_MODULE, TR_KEY, TR_TEXT, TR_LANGUAGE) VALUES ('frontend', 'mail.to', 'Prema', 'bs-BS');
INSERT INTO OKM_TRANSLATION (TR_MODULE, TR_KEY, TR_TEXT, TR_LANGUAGE) VALUES ('frontend', 'mail.subject', 'Naslov', 'bs-BS');
INSERT INTO OKM_TRANSLATION (TR_MODULE, TR_KEY, TR_TEXT, TR_LANGUAGE) VALUES ('frontend', 'mail.attachment', 'Atamenti', 'bs-BS');
INSERT INTO OKM_TRANSLATION (TR_MODULE, TR_KEY, TR_TEXT, TR_LANGUAGE) VALUES ('frontend', 'error.label', 'Sistem je generirao greku', 'bs-BS');
INSERT INTO OKM_TRANSLATION (TR_MODULE, TR_KEY, TR_TEXT, TR_LANGUAGE) VALUES ('frontend', 'error.invocation', 'Grea u komunikaciji sa serverom', 'bs-BS');
INSERT INTO OKM_TRANSLATION (TR_MODULE, TR_KEY, TR_TEXT, TR_LANGUAGE) VALUES ('frontend', 'about.label', 'O OpenKM-u', 'bs-BS');
INSERT INTO OKM_TRANSLATION (TR_MODULE, TR_KEY, TR_TEXT, TR_LANGUAGE) VALUES ('frontend', 'about.loading', 'Uitavanje ...', 'bs-BS');
INSERT INTO OKM_TRANSLATION (TR_MODULE, TR_KEY, TR_TEXT, TR_LANGUAGE) VALUES ('frontend', 'logout.label', 'Izlaz', 'bs-BS');
INSERT INTO OKM_TRANSLATION (TR_MODULE, TR_KEY, TR_TEXT, TR_LANGUAGE) VALUES ('frontend', 'logout.closed', 'OpenKM je ispravno zatvoren.', 'bs-BS');
INSERT INTO OKM_TRANSLATION (TR_MODULE, TR_KEY, TR_TEXT, TR_LANGUAGE) VALUES ('frontend', 'logout.logout', 'OpenKM se odjavljuje,  molimo saekajte', 'bs-BS');
INSERT INTO OKM_TRANSLATION (TR_MODULE, TR_KEY, TR_TEXT, TR_LANGUAGE) VALUES ('frontend', 'confirm.label', 'Potvrda', 'bs-BS');
INSERT INTO OKM_TRANSLATION (TR_MODULE, TR_KEY, TR_TEXT, TR_LANGUAGE) VALUES ('frontend', 'confirm.delete.folder', ' Dali stvarno elite da izbriete datoteku ?', 'bs-BS');
INSERT INTO OKM_TRANSLATION (TR_MODULE, TR_KEY, TR_TEXT, TR_LANGUAGE) VALUES ('frontend', 'confirm.delete.document', ' Dali stvarno elite da izbriete dokument ?', 'bs-BS');
INSERT INTO OKM_TRANSLATION (TR_MODULE, TR_KEY, TR_TEXT, TR_LANGUAGE) VALUES ('frontend', 'confirm.delete.trash', ' Dali stvarno elite da ispraznite kantu za smee ?', 'bs-BS');
INSERT INTO OKM_TRANSLATION (TR_MODULE, TR_KEY, TR_TEXT, TR_LANGUAGE) VALUES ('frontend', 'confirm.purge.folder', ' Dali stvarno elite da izbriete datoteku ?', 'bs-BS');
INSERT INTO OKM_TRANSLATION (TR_MODULE, TR_KEY, TR_TEXT, TR_LANGUAGE) VALUES ('frontend', 'confirm.purge.document', ' Dali stvarno elite da izbriete dokument ?', 'bs-BS');
INSERT INTO OKM_TRANSLATION (TR_MODULE, TR_KEY, TR_TEXT, TR_LANGUAGE) VALUES ('frontend', 'confirm.delete.propety.group', ' Dali stvarno elite da izbriete grupu vlasnika ?', 'bs-BS');
INSERT INTO OKM_TRANSLATION (TR_MODULE, TR_KEY, TR_TEXT, TR_LANGUAGE) VALUES ('frontend', 'confirm.purge.version.history.document', ' Dali stvarno elite da izbriete historiju dokumenata ?', 'bs-BS');
INSERT INTO OKM_TRANSLATION (TR_MODULE, TR_KEY, TR_TEXT, TR_LANGUAGE) VALUES ('frontend', 'confirm.purge.restore.document', ' Dali stvarno elite da vratite ovu verziju dokumenta ?', 'bs-BS');
INSERT INTO OKM_TRANSLATION (TR_MODULE, TR_KEY, TR_TEXT, TR_LANGUAGE) VALUES ('frontend', 'confirm.set.default.home', ' Dali stvarno elite da postavite zadanu poetnu ?', 'bs-BS');
INSERT INTO OKM_TRANSLATION (TR_MODULE, TR_KEY, TR_TEXT, TR_LANGUAGE) VALUES ('frontend', 'confirm.delete.saved.search', ' Dali stvarno elite da izbriete spaenu pretragu ?', 'bs-BS');
INSERT INTO OKM_TRANSLATION (TR_MODULE, TR_KEY, TR_TEXT, TR_LANGUAGE) VALUES ('frontend', 'confirm.delete.user.news', ' Dali stvarno elite da izbriete korisnike obavijesti ?', 'bs-BS');
INSERT INTO OKM_TRANSLATION (TR_MODULE, TR_KEY, TR_TEXT, TR_LANGUAGE) VALUES ('frontend', 'confirm.delete.mail', ' Dali stvarno elite da izbriete potu ?', 'bs-BS');
INSERT INTO OKM_TRANSLATION (TR_MODULE, TR_KEY, TR_TEXT, TR_LANGUAGE) VALUES ('frontend', 'confirm.get.pooled.workflow.task', 'Do you want to assign this task to you ?', 'bs-BS');
INSERT INTO OKM_TRANSLATION (TR_MODULE, TR_KEY, TR_TEXT, TR_LANGUAGE) VALUES ('frontend', 'confirm.force.unlock', 'Do you really want to force the document unlock ?', 'bs-BS');
INSERT INTO OKM_TRANSLATION (TR_MODULE, TR_KEY, TR_TEXT, TR_LANGUAGE) VALUES ('frontend', 'confirm.force.cancel.checkout', 'Do you really want to force the document cancel checkout ?', 'bs-BS');
INSERT INTO OKM_TRANSLATION (TR_MODULE, TR_KEY, TR_TEXT, TR_LANGUAGE) VALUES ('frontend', 'search.context', 'Dodatak', 'bs-BS');
INSERT INTO OKM_TRANSLATION (TR_MODULE, TR_KEY, TR_TEXT, TR_LANGUAGE) VALUES ('frontend', 'search.content', 'Sadraj', 'bs-BS');
INSERT INTO OKM_TRANSLATION (TR_MODULE, TR_KEY, TR_TEXT, TR_LANGUAGE) VALUES ('frontend', 'search.name', 'Ime', 'bs-BS');
INSERT INTO OKM_TRANSLATION (TR_MODULE, TR_KEY, TR_TEXT, TR_LANGUAGE) VALUES ('frontend', 'search.keywords', 'Kljune rijei', 'bs-BS');
INSERT INTO OKM_TRANSLATION (TR_MODULE, TR_KEY, TR_TEXT, TR_LANGUAGE) VALUES ('frontend', 'search.folder', 'Datoteka', 'bs-BS');
INSERT INTO OKM_TRANSLATION (TR_MODULE, TR_KEY, TR_TEXT, TR_LANGUAGE) VALUES ('frontend', 'search.category', 'Category', 'bs-BS');
INSERT INTO OKM_TRANSLATION (TR_MODULE, TR_KEY, TR_TEXT, TR_LANGUAGE) VALUES ('frontend', 'search.results', 'Rezultati', 'bs-BS');
INSERT INTO OKM_TRANSLATION (TR_MODULE, TR_KEY, TR_TEXT, TR_LANGUAGE) VALUES ('frontend', 'search.to', 'prema', 'bs-BS');
INSERT INTO OKM_TRANSLATION (TR_MODULE, TR_KEY, TR_TEXT, TR_LANGUAGE) VALUES ('frontend', 'search.page.results', 'Rezultati stranice', 'bs-BS');
INSERT INTO OKM_TRANSLATION (TR_MODULE, TR_KEY, TR_TEXT, TR_LANGUAGE) VALUES ('frontend', 'search.add.property.group', 'Dodaj grupu vlasnitva', 'bs-BS');
INSERT INTO OKM_TRANSLATION (TR_MODULE, TR_KEY, TR_TEXT, TR_LANGUAGE) VALUES ('frontend', 'search.mimetype', 'Mime tip', 'bs-BS');
INSERT INTO OKM_TRANSLATION (TR_MODULE, TR_KEY, TR_TEXT, TR_LANGUAGE) VALUES ('frontend', 'search.type', 'Tip', 'bs-BS');
INSERT INTO OKM_TRANSLATION (TR_MODULE, TR_KEY, TR_TEXT, TR_LANGUAGE) VALUES ('frontend', 'search.type.document', 'Dokument', 'bs-BS');
INSERT INTO OKM_TRANSLATION (TR_MODULE, TR_KEY, TR_TEXT, TR_LANGUAGE) VALUES ('frontend', 'search.type.folder', 'Datoteka', 'bs-BS');
INSERT INTO OKM_TRANSLATION (TR_MODULE, TR_KEY, TR_TEXT, TR_LANGUAGE) VALUES ('frontend', 'search.type.mail', 'Pota', 'bs-BS');
INSERT INTO OKM_TRANSLATION (TR_MODULE, TR_KEY, TR_TEXT, TR_LANGUAGE) VALUES ('frontend', 'search.advanced', 'Napredna pretraga', 'bs-BS');
INSERT INTO OKM_TRANSLATION (TR_MODULE, TR_KEY, TR_TEXT, TR_LANGUAGE) VALUES ('frontend', 'search.user', 'Korisnik', 'bs-BS');
INSERT INTO OKM_TRANSLATION (TR_MODULE, TR_KEY, TR_TEXT, TR_LANGUAGE) VALUES ('frontend', 'search.date.and', 'i', 'bs-BS');
INSERT INTO OKM_TRANSLATION (TR_MODULE, TR_KEY, TR_TEXT, TR_LANGUAGE) VALUES ('frontend', 'search.date.range', 'Datum izmeu', 'bs-BS');
INSERT INTO OKM_TRANSLATION (TR_MODULE, TR_KEY, TR_TEXT, TR_LANGUAGE) VALUES ('frontend', 'search.save.as.news', 'Spasi kao korisnike vijesti', 'bs-BS');
INSERT INTO OKM_TRANSLATION (TR_MODULE, TR_KEY, TR_TEXT, TR_LANGUAGE) VALUES ('frontend', 'search.folder.filter', 'Filter po datotekama', 'bs-BS');
INSERT INTO OKM_TRANSLATION (TR_MODULE, TR_KEY, TR_TEXT, TR_LANGUAGE) VALUES ('frontend', 'search.category.filter', 'Filter by category', 'bs-BS');
INSERT INTO OKM_TRANSLATION (TR_MODULE, TR_KEY, TR_TEXT, TR_LANGUAGE) VALUES ('frontend', 'search.result.name', 'Ime', 'bs-BS');
INSERT INTO OKM_TRANSLATION (TR_MODULE, TR_KEY, TR_TEXT, TR_LANGUAGE) VALUES ('frontend', 'search.result.score', 'Znaajno', 'bs-BS');
INSERT INTO OKM_TRANSLATION (TR_MODULE, TR_KEY, TR_TEXT, TR_LANGUAGE) VALUES ('frontend', 'search.result.size', 'Veliina', 'bs-BS');
INSERT INTO OKM_TRANSLATION (TR_MODULE, TR_KEY, TR_TEXT, TR_LANGUAGE) VALUES ('frontend', 'search.result.date.update', 'Datum auriranja', 'bs-BS');
INSERT INTO OKM_TRANSLATION (TR_MODULE, TR_KEY, TR_TEXT, TR_LANGUAGE) VALUES ('frontend', 'search.result.author', 'Autor', 'bs-BS');
INSERT INTO OKM_TRANSLATION (TR_MODULE, TR_KEY, TR_TEXT, TR_LANGUAGE) VALUES ('frontend', 'search.result.version', 'Verzija', 'bs-BS');
INSERT INTO OKM_TRANSLATION (TR_MODULE, TR_KEY, TR_TEXT, TR_LANGUAGE) VALUES ('frontend', 'search.result.path', 'Putanja', 'bs-BS');
INSERT INTO OKM_TRANSLATION (TR_MODULE, TR_KEY, TR_TEXT, TR_LANGUAGE) VALUES ('frontend', 'search.result.menu.download', 'Preuzimanje', 'bs-BS');
INSERT INTO OKM_TRANSLATION (TR_MODULE, TR_KEY, TR_TEXT, TR_LANGUAGE) VALUES ('frontend', 'search.result.menu.go.folder', 'Idi na datoteku', 'bs-BS');
INSERT INTO OKM_TRANSLATION (TR_MODULE, TR_KEY, TR_TEXT, TR_LANGUAGE) VALUES ('frontend', 'search.result.menu.go.document', 'Idi na dokument', 'bs-BS');
INSERT INTO OKM_TRANSLATION (TR_MODULE, TR_KEY, TR_TEXT, TR_LANGUAGE) VALUES ('frontend', 'search.result.status.findPaginated', 'Auriranje pretrage', 'bs-BS');
INSERT INTO OKM_TRANSLATION (TR_MODULE, TR_KEY, TR_TEXT, TR_LANGUAGE) VALUES ('frontend', 'search.result.status.runsearch', 'Auriranje spaene pretrage', 'bs-BS');
INSERT INTO OKM_TRANSLATION (TR_MODULE, TR_KEY, TR_TEXT, TR_LANGUAGE) VALUES ('frontend', 'search.saved.run', 'Pokreni', 'bs-BS');
INSERT INTO OKM_TRANSLATION (TR_MODULE, TR_KEY, TR_TEXT, TR_LANGUAGE) VALUES ('frontend', 'search.saved.delete', 'Izbrii', 'bs-BS');
INSERT INTO OKM_TRANSLATION (TR_MODULE, TR_KEY, TR_TEXT, TR_LANGUAGE) VALUES ('frontend', 'search.saved.status.getsearchs', 'Osvjei spaene pretrage', 'bs-BS');
INSERT INTO OKM_TRANSLATION (TR_MODULE, TR_KEY, TR_TEXT, TR_LANGUAGE) VALUES ('frontend', 'search.saved.status.savesearch', 'Auriraj spaene pretrage', 'bs-BS');
INSERT INTO OKM_TRANSLATION (TR_MODULE, TR_KEY, TR_TEXT, TR_LANGUAGE) VALUES ('frontend', 'search.saved.status.deletesearch', 'Izbrii spaene pretrage', 'bs-BS');
INSERT INTO OKM_TRANSLATION (TR_MODULE, TR_KEY, TR_TEXT, TR_LANGUAGE) VALUES ('frontend', 'search.saved.status.getusernews', 'Osvjei korisnike obavjesti', 'bs-BS');
INSERT INTO OKM_TRANSLATION (TR_MODULE, TR_KEY, TR_TEXT, TR_LANGUAGE) VALUES ('frontend', 'button.close', 'Zatvori', 'bs-BS');
INSERT INTO OKM_TRANSLATION (TR_MODULE, TR_KEY, TR_TEXT, TR_LANGUAGE) VALUES ('frontend', 'button.logout', 'Odjavi se', 'bs-BS');
INSERT INTO OKM_TRANSLATION (TR_MODULE, TR_KEY, TR_TEXT, TR_LANGUAGE) VALUES ('frontend', 'button.update', 'Auriraj', 'bs-BS');
INSERT INTO OKM_TRANSLATION (TR_MODULE, TR_KEY, TR_TEXT, TR_LANGUAGE) VALUES ('frontend', 'button.cancel', 'Odgodi', 'bs-BS');
INSERT INTO OKM_TRANSLATION (TR_MODULE, TR_KEY, TR_TEXT, TR_LANGUAGE) VALUES ('frontend', 'button.accept', 'Prihvati', 'bs-BS');
INSERT INTO OKM_TRANSLATION (TR_MODULE, TR_KEY, TR_TEXT, TR_LANGUAGE) VALUES ('frontend', 'button.restore', 'Vrati', 'bs-BS');
INSERT INTO OKM_TRANSLATION (TR_MODULE, TR_KEY, TR_TEXT, TR_LANGUAGE) VALUES ('frontend', 'button.move', 'Premjesti', 'bs-BS');
INSERT INTO OKM_TRANSLATION (TR_MODULE, TR_KEY, TR_TEXT, TR_LANGUAGE) VALUES ('frontend', 'button.change', 'Promjeni', 'bs-BS');
INSERT INTO OKM_TRANSLATION (TR_MODULE, TR_KEY, TR_TEXT, TR_LANGUAGE) VALUES ('frontend', 'button.search', 'Trai', 'bs-BS');
INSERT INTO OKM_TRANSLATION (TR_MODULE, TR_KEY, TR_TEXT, TR_LANGUAGE) VALUES ('frontend', 'button.save.search', 'Spasi pretragu', 'bs-BS');
INSERT INTO OKM_TRANSLATION (TR_MODULE, TR_KEY, TR_TEXT, TR_LANGUAGE) VALUES ('frontend', 'button.view', 'Pogledaj', 'bs-BS');
INSERT INTO OKM_TRANSLATION (TR_MODULE, TR_KEY, TR_TEXT, TR_LANGUAGE) VALUES ('frontend', 'button.clean', 'Oisti', 'bs-BS');
INSERT INTO OKM_TRANSLATION (TR_MODULE, TR_KEY, TR_TEXT, TR_LANGUAGE) VALUES ('frontend', 'button.add', 'Dodaj', 'bs-BS');
INSERT INTO OKM_TRANSLATION (TR_MODULE, TR_KEY, TR_TEXT, TR_LANGUAGE) VALUES ('frontend', 'button.delete', 'Obrii', 'bs-BS');
INSERT INTO OKM_TRANSLATION (TR_MODULE, TR_KEY, TR_TEXT, TR_LANGUAGE) VALUES ('frontend', 'button.copy', 'Kopiraj', 'bs-BS');
INSERT INTO OKM_TRANSLATION (TR_MODULE, TR_KEY, TR_TEXT, TR_LANGUAGE) VALUES ('frontend', 'button.create', 'Kreiraj', 'bs-BS');
INSERT INTO OKM_TRANSLATION (TR_MODULE, TR_KEY, TR_TEXT, TR_LANGUAGE) VALUES ('frontend', 'button.show', 'Prikai', 'bs-BS');
INSERT INTO OKM_TRANSLATION (TR_MODULE, TR_KEY, TR_TEXT, TR_LANGUAGE) VALUES ('frontend', 'button.memory', 'Auriraj', 'bs-BS');
INSERT INTO OKM_TRANSLATION (TR_MODULE, TR_KEY, TR_TEXT, TR_LANGUAGE) VALUES ('frontend', 'button.copy.clipboard', 'Kopiraj u clipboard', 'bs-BS');
INSERT INTO OKM_TRANSLATION (TR_MODULE, TR_KEY, TR_TEXT, TR_LANGUAGE) VALUES ('frontend', 'button.start', 'Poni', 'bs-BS');
INSERT INTO OKM_TRANSLATION (TR_MODULE, TR_KEY, TR_TEXT, TR_LANGUAGE) VALUES ('frontend', 'button.select', 'Izaberi', 'bs-BS');
INSERT INTO OKM_TRANSLATION (TR_MODULE, TR_KEY, TR_TEXT, TR_LANGUAGE) VALUES ('frontend', 'button.test', 'Test', 'bs-BS');
INSERT INTO OKM_TRANSLATION (TR_MODULE, TR_KEY, TR_TEXT, TR_LANGUAGE) VALUES ('frontend', 'button.next', 'Next', 'bs-BS');
INSERT INTO OKM_TRANSLATION (TR_MODULE, TR_KEY, TR_TEXT, TR_LANGUAGE) VALUES ('frontend', 'group.label', 'Dodaj grupu vlasnitva', 'bs-BS');
INSERT INTO OKM_TRANSLATION (TR_MODULE, TR_KEY, TR_TEXT, TR_LANGUAGE) VALUES ('frontend', 'group.group', 'Grupa', 'bs-BS');
INSERT INTO OKM_TRANSLATION (TR_MODULE, TR_KEY, TR_TEXT, TR_LANGUAGE) VALUES ('frontend', 'group.property.group', 'Vlasnitvo', 'bs-BS');
INSERT INTO OKM_TRANSLATION (TR_MODULE, TR_KEY, TR_TEXT, TR_LANGUAGE) VALUES ('frontend', 'bookmark.label', 'Dodaj oznake', 'bs-BS');
INSERT INTO OKM_TRANSLATION (TR_MODULE, TR_KEY, TR_TEXT, TR_LANGUAGE) VALUES ('frontend', 'bookmark.name', 'Ime', 'bs-BS');
INSERT INTO OKM_TRANSLATION (TR_MODULE, TR_KEY, TR_TEXT, TR_LANGUAGE) VALUES ('frontend', 'bookmark.edit.label', 'Uredi oznake', 'bs-BS');
INSERT INTO OKM_TRANSLATION (TR_MODULE, TR_KEY, TR_TEXT, TR_LANGUAGE) VALUES ('frontend', 'bookmark.path', 'Putanja', 'bs-BS');
INSERT INTO OKM_TRANSLATION (TR_MODULE, TR_KEY, TR_TEXT, TR_LANGUAGE) VALUES ('frontend', 'bookmark.type', 'Tip', 'bs-BS');
INSERT INTO OKM_TRANSLATION (TR_MODULE, TR_KEY, TR_TEXT, TR_LANGUAGE) VALUES ('frontend', 'bookmark.type.document', 'Dokument', 'bs-BS');
INSERT INTO OKM_TRANSLATION (TR_MODULE, TR_KEY, TR_TEXT, TR_LANGUAGE) VALUES ('frontend', 'bookmark.type.folder', 'Datoteka', 'bs-BS');
INSERT INTO OKM_TRANSLATION (TR_MODULE, TR_KEY, TR_TEXT, TR_LANGUAGE) VALUES ('frontend', 'notify.label', 'Slanje linka dokumenta', 'bs-BS');
INSERT INTO OKM_TRANSLATION (TR_MODULE, TR_KEY, TR_TEXT, TR_LANGUAGE) VALUES ('frontend', 'notify.label.attachment', 'Send document attachment', 'bs-BS');
INSERT INTO OKM_TRANSLATION (TR_MODULE, TR_KEY, TR_TEXT, TR_LANGUAGE) VALUES ('frontend', 'status.document.copied', 'Dokument oznaen za kopiranje', 'bs-BS');
INSERT INTO OKM_TRANSLATION (TR_MODULE, TR_KEY, TR_TEXT, TR_LANGUAGE) VALUES ('frontend', 'status.document.cut', 'Dokument oznaen za rezanje', 'bs-BS');
INSERT INTO OKM_TRANSLATION (TR_MODULE, TR_KEY, TR_TEXT, TR_LANGUAGE) VALUES ('frontend', 'status.folder.copied', 'Datoteka oznaena za kopiranje', 'bs-BS');
INSERT INTO OKM_TRANSLATION (TR_MODULE, TR_KEY, TR_TEXT, TR_LANGUAGE) VALUES ('frontend', 'status.folder.cut', 'Datoteka oznaena za rezanje', 'bs-BS');
INSERT INTO OKM_TRANSLATION (TR_MODULE, TR_KEY, TR_TEXT, TR_LANGUAGE) VALUES ('frontend', 'status.keep.alive.error', 'Detektovana izgubljena konekcija prema serveru', 'bs-BS');
INSERT INTO OKM_TRANSLATION (TR_MODULE, TR_KEY, TR_TEXT, TR_LANGUAGE) VALUES ('frontend', 'status.debug.enabled', 'Debagiranje omogueno', 'bs-BS');
INSERT INTO OKM_TRANSLATION (TR_MODULE, TR_KEY, TR_TEXT, TR_LANGUAGE) VALUES ('frontend', 'status.debug.disabled', 'Debagiranje onemogueno', 'bs-BS');
INSERT INTO OKM_TRANSLATION (TR_MODULE, TR_KEY, TR_TEXT, TR_LANGUAGE) VALUES ('frontend', 'status.network.error.detected', 'Network error detected', 'bs-BS');
INSERT INTO OKM_TRANSLATION (TR_MODULE, TR_KEY, TR_TEXT, TR_LANGUAGE) VALUES ('frontend', 'calendar.day.sunday', 'Nedjelja', 'bs-BS');
INSERT INTO OKM_TRANSLATION (TR_MODULE, TR_KEY, TR_TEXT, TR_LANGUAGE) VALUES ('frontend', 'calendar.day.monday', 'Ponedjeljak', 'bs-BS');
INSERT INTO OKM_TRANSLATION (TR_MODULE, TR_KEY, TR_TEXT, TR_LANGUAGE) VALUES ('frontend', 'calendar.day.tuesday', 'Utorak', 'bs-BS');
INSERT INTO OKM_TRANSLATION (TR_MODULE, TR_KEY, TR_TEXT, TR_LANGUAGE) VALUES ('frontend', 'calendar.day.wednesday', 'Srijeda', 'bs-BS');
INSERT INTO OKM_TRANSLATION (TR_MODULE, TR_KEY, TR_TEXT, TR_LANGUAGE) VALUES ('frontend', 'calendar.day.thursday', 'etvrtak', 'bs-BS');
INSERT INTO OKM_TRANSLATION (TR_MODULE, TR_KEY, TR_TEXT, TR_LANGUAGE) VALUES ('frontend', 'calendar.day.friday', 'Petak', 'bs-BS');
INSERT INTO OKM_TRANSLATION (TR_MODULE, TR_KEY, TR_TEXT, TR_LANGUAGE) VALUES ('frontend', 'calendar.day.saturday', 'Subota', 'bs-BS');
INSERT INTO OKM_TRANSLATION (TR_MODULE, TR_KEY, TR_TEXT, TR_LANGUAGE) VALUES ('frontend', 'calendar.month.january', 'Januar', 'bs-BS');
INSERT INTO OKM_TRANSLATION (TR_MODULE, TR_KEY, TR_TEXT, TR_LANGUAGE) VALUES ('frontend', 'calendar.month.february', 'Februar', 'bs-BS');
INSERT INTO OKM_TRANSLATION (TR_MODULE, TR_KEY, TR_TEXT, TR_LANGUAGE) VALUES ('frontend', 'calendar.month.march', 'Mart', 'bs-BS');
INSERT INTO OKM_TRANSLATION (TR_MODULE, TR_KEY, TR_TEXT, TR_LANGUAGE) VALUES ('frontend', 'calendar.month.april', 'April', 'bs-BS');
INSERT INTO OKM_TRANSLATION (TR_MODULE, TR_KEY, TR_TEXT, TR_LANGUAGE) VALUES ('frontend', 'calendar.month.may', 'Maj', 'bs-BS');
INSERT INTO OKM_TRANSLATION (TR_MODULE, TR_KEY, TR_TEXT, TR_LANGUAGE) VALUES ('frontend', 'calendar.month.june', 'Juni', 'bs-BS');
INSERT INTO OKM_TRANSLATION (TR_MODULE, TR_KEY, TR_TEXT, TR_LANGUAGE) VALUES ('frontend', 'calendar.month.july', 'Juli', 'bs-BS');
INSERT INTO OKM_TRANSLATION (TR_MODULE, TR_KEY, TR_TEXT, TR_LANGUAGE) VALUES ('frontend', 'calendar.month.august', 'August', 'bs-BS');
INSERT INTO OKM_TRANSLATION (TR_MODULE, TR_KEY, TR_TEXT, TR_LANGUAGE) VALUES ('frontend', 'calendar.month.september', 'Septembar', 'bs-BS');
INSERT INTO OKM_TRANSLATION (TR_MODULE, TR_KEY, TR_TEXT, TR_LANGUAGE) VALUES ('frontend', 'calendar.month.october', 'Oktobar', 'bs-BS');
INSERT INTO OKM_TRANSLATION (TR_MODULE, TR_KEY, TR_TEXT, TR_LANGUAGE) VALUES ('frontend', 'calendar.month.november', 'Novembar', 'bs-BS');
INSERT INTO OKM_TRANSLATION (TR_MODULE, TR_KEY, TR_TEXT, TR_LANGUAGE) VALUES ('frontend', 'calendar.month.december', 'Decembar', 'bs-BS');
INSERT INTO OKM_TRANSLATION (TR_MODULE, TR_KEY, TR_TEXT, TR_LANGUAGE) VALUES ('frontend', 'media.player.label', 'Audio/video pregledik', 'bs-BS');
INSERT INTO OKM_TRANSLATION (TR_MODULE, TR_KEY, TR_TEXT, TR_LANGUAGE) VALUES ('frontend', 'image.viewer.label', 'Preglednik slika', 'bs-BS');
INSERT INTO OKM_TRANSLATION (TR_MODULE, TR_KEY, TR_TEXT, TR_LANGUAGE) VALUES ('frontend', 'image.viewer.zoom.in', 'Zumiraj', 'bs-BS');
INSERT INTO OKM_TRANSLATION (TR_MODULE, TR_KEY, TR_TEXT, TR_LANGUAGE) VALUES ('frontend', 'image.viewer.zoom.out', 'Odzumiraj', 'bs-BS');
INSERT INTO OKM_TRANSLATION (TR_MODULE, TR_KEY, TR_TEXT, TR_LANGUAGE) VALUES ('frontend', 'debug.console.label', 'Debagiraj konzolu', 'bs-BS');
INSERT INTO OKM_TRANSLATION (TR_MODULE, TR_KEY, TR_TEXT, TR_LANGUAGE) VALUES ('frontend', 'debug.enable.disable', 'CTRL+Z za omoguavanje ili neomoguavenje debagerskog moda', 'bs-BS');
INSERT INTO OKM_TRANSLATION (TR_MODULE, TR_KEY, TR_TEXT, TR_LANGUAGE) VALUES ('frontend', 'dashboard.tab.general', 'Opte', 'bs-BS');
INSERT INTO OKM_TRANSLATION (TR_MODULE, TR_KEY, TR_TEXT, TR_LANGUAGE) VALUES ('frontend', 'dashboard.tab.news', 'Vijesti', 'bs-BS');
INSERT INTO OKM_TRANSLATION (TR_MODULE, TR_KEY, TR_TEXT, TR_LANGUAGE) VALUES ('frontend', 'dashboard.tab.user', 'Korisnik', 'bs-BS');
INSERT INTO OKM_TRANSLATION (TR_MODULE, TR_KEY, TR_TEXT, TR_LANGUAGE) VALUES ('frontend', 'dashboard.tab.workflow', 'Tok rada', 'bs-BS');
INSERT INTO OKM_TRANSLATION (TR_MODULE, TR_KEY, TR_TEXT, TR_LANGUAGE) VALUES ('frontend', 'dashboard.tab.mail', 'Pota', 'bs-BS');
INSERT INTO OKM_TRANSLATION (TR_MODULE, TR_KEY, TR_TEXT, TR_LANGUAGE) VALUES ('frontend', 'dashboard.tab.keymap', 'Mapa kljunih rijei', 'bs-BS');
INSERT INTO OKM_TRANSLATION (TR_MODULE, TR_KEY, TR_TEXT, TR_LANGUAGE) VALUES ('frontend', 'dashboard.new.items', 'Novi', 'bs-BS');
INSERT INTO OKM_TRANSLATION (TR_MODULE, TR_KEY, TR_TEXT, TR_LANGUAGE) VALUES ('frontend', 'dashboard.user.locked.documents', 'Zakljuani dokumenti', 'bs-BS');
INSERT INTO OKM_TRANSLATION (TR_MODULE, TR_KEY, TR_TEXT, TR_LANGUAGE) VALUES ('frontend', 'dashboard.user.checkout.documents', 'Provjeri dokumente', 'bs-BS');
INSERT INTO OKM_TRANSLATION (TR_MODULE, TR_KEY, TR_TEXT, TR_LANGUAGE) VALUES ('frontend', 'dashboard.user.last.modified.documents', 'Zadnje mijenjani dokumenti', 'bs-BS');
INSERT INTO OKM_TRANSLATION (TR_MODULE, TR_KEY, TR_TEXT, TR_LANGUAGE) VALUES ('frontend', 'dashboard.user.last.downloaded.documents', 'Zadnje preuzeti dokumenti', 'bs-BS');
INSERT INTO OKM_TRANSLATION (TR_MODULE, TR_KEY, TR_TEXT, TR_LANGUAGE) VALUES ('frontend', 'dashboard.user.subscribed.documents', 'Potpisani dokumeti', 'bs-BS');
INSERT INTO OKM_TRANSLATION (TR_MODULE, TR_KEY, TR_TEXT, TR_LANGUAGE) VALUES ('frontend', 'dashboard.user.subscribed.folders', 'Potpisane datoteke', 'bs-BS');
INSERT INTO OKM_TRANSLATION (TR_MODULE, TR_KEY, TR_TEXT, TR_LANGUAGE) VALUES ('frontend', 'dashboard.user.last.uploaded.documents', 'Zadnje uitani dokumenti', 'bs-BS');
INSERT INTO OKM_TRANSLATION (TR_MODULE, TR_KEY, TR_TEXT, TR_LANGUAGE) VALUES ('frontend', 'dashboard.general.last.week.top.downloaded.documents', 'Najgledaniji dokumenti prole sedmice', 'bs-BS');
INSERT INTO OKM_TRANSLATION (TR_MODULE, TR_KEY, TR_TEXT, TR_LANGUAGE) VALUES ('frontend', 'dashboard.general.last.month.top.downloaded.documents', 'Najgledaiji dokumenti prolog mjeseca', 'bs-BS');
INSERT INTO OKM_TRANSLATION (TR_MODULE, TR_KEY, TR_TEXT, TR_LANGUAGE) VALUES ('frontend', 'dashboard.general.last.week.top.modified.documents', 'Najvie mijenjani dokumenti prole sedmice', 'bs-BS');
INSERT INTO OKM_TRANSLATION (TR_MODULE, TR_KEY, TR_TEXT, TR_LANGUAGE) VALUES ('frontend', 'dashboard.general.last.month.top.modified.documents', 'Najvie mjenjani dokumenti prolog mjeseca', 'bs-BS');
INSERT INTO OKM_TRANSLATION (TR_MODULE, TR_KEY, TR_TEXT, TR_LANGUAGE) VALUES ('frontend', 'dashboard.general.last.uploaded.documents', 'Zadnje uitani dokumenti', 'bs-BS');
INSERT INTO OKM_TRANSLATION (TR_MODULE, TR_KEY, TR_TEXT, TR_LANGUAGE) VALUES ('frontend', 'dashboard.workflow.pending.tasks', 'Nerjeeni zadaci', 'bs-BS');
INSERT INTO OKM_TRANSLATION (TR_MODULE, TR_KEY, TR_TEXT, TR_LANGUAGE) VALUES ('frontend', 'dashboard.workflow.pending.tasks.unassigned', 'Unassigned pending tasks', 'bs-BS');
INSERT INTO OKM_TRANSLATION (TR_MODULE, TR_KEY, TR_TEXT, TR_LANGUAGE) VALUES ('frontend', 'dashboard.workflow.task', 'Zadatak', 'bs-BS');
INSERT INTO OKM_TRANSLATION (TR_MODULE, TR_KEY, TR_TEXT, TR_LANGUAGE) VALUES ('frontend', 'dashboard.workflow.task.id', 'ID', 'bs-BS');
INSERT INTO OKM_TRANSLATION (TR_MODULE, TR_KEY, TR_TEXT, TR_LANGUAGE) VALUES ('frontend', 'dashboard.workflow.task.name', 'Ime', 'bs-BS');
INSERT INTO OKM_TRANSLATION (TR_MODULE, TR_KEY, TR_TEXT, TR_LANGUAGE) VALUES ('frontend', 'dashboard.workflow.task.created', 'Datum kreiranja', 'bs-BS');
INSERT INTO OKM_TRANSLATION (TR_MODULE, TR_KEY, TR_TEXT, TR_LANGUAGE) VALUES ('frontend', 'dashboard.workflow.task.start', 'Poetni datum', 'bs-BS');
INSERT INTO OKM_TRANSLATION (TR_MODULE, TR_KEY, TR_TEXT, TR_LANGUAGE) VALUES ('frontend', 'dashboard.workflow.task.duedate', 'Rok', 'bs-BS');
INSERT INTO OKM_TRANSLATION (TR_MODULE, TR_KEY, TR_TEXT, TR_LANGUAGE) VALUES ('frontend', 'dashboard.workflow.task.end', 'Krajnji datum', 'bs-BS');
INSERT INTO OKM_TRANSLATION (TR_MODULE, TR_KEY, TR_TEXT, TR_LANGUAGE) VALUES ('frontend', 'dashboard.workflow.task.description', 'Opis', 'bs-BS');
INSERT INTO OKM_TRANSLATION (TR_MODULE, TR_KEY, TR_TEXT, TR_LANGUAGE) VALUES ('frontend', 'dashboard.workflow.task.process.instance', 'Instanca procesa', 'bs-BS');
INSERT INTO OKM_TRANSLATION (TR_MODULE, TR_KEY, TR_TEXT, TR_LANGUAGE) VALUES ('frontend', 'dashboard.workflow.task.process.id', 'ID', 'bs-BS');
INSERT INTO OKM_TRANSLATION (TR_MODULE, TR_KEY, TR_TEXT, TR_LANGUAGE) VALUES ('frontend', 'dashboard.workflow.task.process.version', 'Verzija', 'bs-BS');
INSERT INTO OKM_TRANSLATION (TR_MODULE, TR_KEY, TR_TEXT, TR_LANGUAGE) VALUES ('frontend', 'dashboard.workflow.task.process.name', 'Ime', 'bs-BS');
INSERT INTO OKM_TRANSLATION (TR_MODULE, TR_KEY, TR_TEXT, TR_LANGUAGE) VALUES ('frontend', 'dashboard.workflow.task.process.description', 'Opis', 'bs-BS');
INSERT INTO OKM_TRANSLATION (TR_MODULE, TR_KEY, TR_TEXT, TR_LANGUAGE) VALUES ('frontend', 'dashboard.workflow.task.process.data', 'Podatak', 'bs-BS');
INSERT INTO OKM_TRANSLATION (TR_MODULE, TR_KEY, TR_TEXT, TR_LANGUAGE) VALUES ('frontend', 'dashboard.workflow.comments', 'Comments', 'bs-BS');
INSERT INTO OKM_TRANSLATION (TR_MODULE, TR_KEY, TR_TEXT, TR_LANGUAGE) VALUES ('frontend', 'dashboard.workflow.task.process.forms', 'Form', 'bs-BS');
INSERT INTO OKM_TRANSLATION (TR_MODULE, TR_KEY, TR_TEXT, TR_LANGUAGE) VALUES ('frontend', 'dashboard.workflow.add.comment', 'Add comment', 'bs-BS');
INSERT INTO OKM_TRANSLATION (TR_MODULE, TR_KEY, TR_TEXT, TR_LANGUAGE) VALUES ('frontend', 'dashboard.workflow.task.process.definition', 'Definicija procesa', 'bs-BS');
INSERT INTO OKM_TRANSLATION (TR_MODULE, TR_KEY, TR_TEXT, TR_LANGUAGE) VALUES ('frontend', 'dashboard.workflow.task.process.path', 'Putanja', 'bs-BS');
INSERT INTO OKM_TRANSLATION (TR_MODULE, TR_KEY, TR_TEXT, TR_LANGUAGE) VALUES ('frontend', 'dashboard.refreshing', 'Osvjeavanje', 'bs-BS');
INSERT INTO OKM_TRANSLATION (TR_MODULE, TR_KEY, TR_TEXT, TR_LANGUAGE) VALUES ('frontend', 'dashboard.keyword', 'Kljune rijei', 'bs-BS');
INSERT INTO OKM_TRANSLATION (TR_MODULE, TR_KEY, TR_TEXT, TR_LANGUAGE) VALUES ('frontend', 'dashboard.keyword.suggest', 'Tip kljune rijei', 'bs-BS');
INSERT INTO OKM_TRANSLATION (TR_MODULE, TR_KEY, TR_TEXT, TR_LANGUAGE) VALUES ('frontend', 'dashboard.keyword.all', 'Sve kljune rijei', 'bs-BS');
INSERT INTO OKM_TRANSLATION (TR_MODULE, TR_KEY, TR_TEXT, TR_LANGUAGE) VALUES ('frontend', 'dashboard.keyword.top', 'Najee kljune rijei', 'bs-BS');
INSERT INTO OKM_TRANSLATION (TR_MODULE, TR_KEY, TR_TEXT, TR_LANGUAGE) VALUES ('frontend', 'dashboard.keyword.related', 'Kljune rijei koje se odnose na', 'bs-BS');
INSERT INTO OKM_TRANSLATION (TR_MODULE, TR_KEY, TR_TEXT, TR_LANGUAGE) VALUES ('frontend', 'dashboard.keyword.goto.document', 'Idi na dokument', 'bs-BS');
INSERT INTO OKM_TRANSLATION (TR_MODULE, TR_KEY, TR_TEXT, TR_LANGUAGE) VALUES ('frontend', 'dashboard.keyword.clean.keywords', 'Oisti kljune rijei', 'bs-BS');
INSERT INTO OKM_TRANSLATION (TR_MODULE, TR_KEY, TR_TEXT, TR_LANGUAGE) VALUES ('frontend', 'dashboard.mail.last.imported.mails', 'Electronic mails', 'bs-BS');
INSERT INTO OKM_TRANSLATION (TR_MODULE, TR_KEY, TR_TEXT, TR_LANGUAGE) VALUES ('frontend', 'dashboard.mail.last.imported.attached.documents', 'Attachments', 'bs-BS');
INSERT INTO OKM_TRANSLATION (TR_MODULE, TR_KEY, TR_TEXT, TR_LANGUAGE) VALUES ('frontend', 'workflow.label', 'Poni tok rada', 'bs-BS');
INSERT INTO OKM_TRANSLATION (TR_MODULE, TR_KEY, TR_TEXT, TR_LANGUAGE) VALUES ('frontend', 'user.preferences.label', 'Korisnika konfiguracija', 'bs-BS');
INSERT INTO OKM_TRANSLATION (TR_MODULE, TR_KEY, TR_TEXT, TR_LANGUAGE) VALUES ('frontend', 'user.preferences.user', 'Ime', 'bs-BS');
INSERT INTO OKM_TRANSLATION (TR_MODULE, TR_KEY, TR_TEXT, TR_LANGUAGE) VALUES ('frontend', 'user.preferences.password', 'ifra', 'bs-BS');
INSERT INTO OKM_TRANSLATION (TR_MODULE, TR_KEY, TR_TEXT, TR_LANGUAGE) VALUES ('frontend', 'user.preferences.mail', 'E-mail', 'bs-BS');
INSERT INTO OKM_TRANSLATION (TR_MODULE, TR_KEY, TR_TEXT, TR_LANGUAGE) VALUES ('frontend', 'user.preferences.roles', 'Roles', 'bs-BS');
INSERT INTO OKM_TRANSLATION (TR_MODULE, TR_KEY, TR_TEXT, TR_LANGUAGE) VALUES ('frontend', 'user.preferences.imap.host', 'IMAP server', 'bs-BS');
INSERT INTO OKM_TRANSLATION (TR_MODULE, TR_KEY, TR_TEXT, TR_LANGUAGE) VALUES ('frontend', 'user.preferences.imap.user', 'IMAP korisniko ime', 'bs-BS');
INSERT INTO OKM_TRANSLATION (TR_MODULE, TR_KEY, TR_TEXT, TR_LANGUAGE) VALUES ('frontend', 'user.preferences.imap.user.password', 'IMAP korisnika ifra', 'bs-BS');
INSERT INTO OKM_TRANSLATION (TR_MODULE, TR_KEY, TR_TEXT, TR_LANGUAGE) VALUES ('frontend', 'user.preferences.imap.folder', 'IMAP datoteka', 'bs-BS');
INSERT INTO OKM_TRANSLATION (TR_MODULE, TR_KEY, TR_TEXT, TR_LANGUAGE) VALUES ('frontend', 'user.preferences.password.error', 'Greka: ifre su razliite', 'bs-BS');
INSERT INTO OKM_TRANSLATION (TR_MODULE, TR_KEY, TR_TEXT, TR_LANGUAGE) VALUES ('frontend', 'user.preferences.user.data', 'User account', 'bs-BS');
INSERT INTO OKM_TRANSLATION (TR_MODULE, TR_KEY, TR_TEXT, TR_LANGUAGE) VALUES ('frontend', 'user.preferences.mail.data', 'Mail account', 'bs-BS');
INSERT INTO OKM_TRANSLATION (TR_MODULE, TR_KEY, TR_TEXT, TR_LANGUAGE) VALUES ('frontend', 'user.preferences.imap.error', 'All fields are obligatory to set the mail configurations', 'bs-BS');
INSERT INTO OKM_TRANSLATION (TR_MODULE, TR_KEY, TR_TEXT, TR_LANGUAGE) VALUES ('frontend', 'user.preferences.imap.password.error.void', 'Password must not be empty on IMAP mail creation', 'bs-BS');
INSERT INTO OKM_TRANSLATION (TR_MODULE, TR_KEY, TR_TEXT, TR_LANGUAGE) VALUES ('frontend', 'user.preferences.imap.test.error', 'IMAP configuration error', 'bs-BS');
INSERT INTO OKM_TRANSLATION (TR_MODULE, TR_KEY, TR_TEXT, TR_LANGUAGE) VALUES ('frontend', 'user.preferences.imap.test.ok', 'IMAP configuration ok', 'bs-BS');
INSERT INTO OKM_TRANSLATION (TR_MODULE, TR_KEY, TR_TEXT, TR_LANGUAGE) VALUES ('frontend', 'thesaurus.directory.select.label', 'Add thesaurus keyword', 'bs-BS');
INSERT INTO OKM_TRANSLATION (TR_MODULE, TR_KEY, TR_TEXT, TR_LANGUAGE) VALUES ('frontend', 'thesaurus.tab.tree', 'Tree', 'bs-BS');
INSERT INTO OKM_TRANSLATION (TR_MODULE, TR_KEY, TR_TEXT, TR_LANGUAGE) VALUES ('frontend', 'thesaurus.tab.keywords', 'Keywords', 'bs-BS');
INSERT INTO OKM_TRANSLATION (TR_MODULE, TR_KEY, TR_TEXT, TR_LANGUAGE) VALUES ('frontend', 'categories.folder.select.label', 'Add category', 'bs-BS');
INSERT INTO OKM_TRANSLATION (TR_MODULE, TR_KEY, TR_TEXT, TR_LANGUAGE) VALUES ('frontend', 'categories.folder.error.delete', 'Cannot delete category with documents', 'bs-BS');
INSERT INTO OKM_TRANSLATION (TR_MODULE, TR_KEY, TR_TEXT, TR_LANGUAGE) VALUES ('frontend', 'wizard.document.uploading', 'Document wizard', 'bs-BS');
INSERT INTO OKM_TRANSLATION (TR_MODULE, TR_KEY, TR_TEXT, TR_LANGUAGE) VALUES ('frontend', 'user.info.chat.connect', 'Connect to chat', 'bs-BS');
INSERT INTO OKM_TRANSLATION (TR_MODULE, TR_KEY, TR_TEXT, TR_LANGUAGE) VALUES ('frontend', 'user.info.chat.disconnect', 'Disconnet chat', 'bs-BS');
INSERT INTO OKM_TRANSLATION (TR_MODULE, TR_KEY, TR_TEXT, TR_LANGUAGE) VALUES ('frontend', 'user.info.chat.new.room', 'Net chat room', 'bs-BS');
INSERT INTO OKM_TRANSLATION (TR_MODULE, TR_KEY, TR_TEXT, TR_LANGUAGE) VALUES ('frontend', 'user.info.locked.actual', 'Locked documents', 'bs-BS');
INSERT INTO OKM_TRANSLATION (TR_MODULE, TR_KEY, TR_TEXT, TR_LANGUAGE) VALUES ('frontend', 'user.info.checkout.actual', 'Checkout documents', 'bs-BS');
INSERT INTO OKM_TRANSLATION (TR_MODULE, TR_KEY, TR_TEXT, TR_LANGUAGE) VALUES ('frontend', 'user.info.subscription.actual', 'Actual subscriptions', 'bs-BS');
INSERT INTO OKM_TRANSLATION (TR_MODULE, TR_KEY, TR_TEXT, TR_LANGUAGE) VALUES ('frontend', 'user.info.news.new', 'News', 'bs-BS');
INSERT INTO OKM_TRANSLATION (TR_MODULE, TR_KEY, TR_TEXT, TR_LANGUAGE) VALUES ('frontend', 'user.info.workflow.pending', 'Pending workflows', 'bs-BS');
INSERT INTO OKM_TRANSLATION (TR_MODULE, TR_KEY, TR_TEXT, TR_LANGUAGE) VALUES ('frontend', 'user.info.user.quota', 'Used quota', 'bs-BS');
INSERT INTO OKM_TRANSLATION (TR_MODULE, TR_KEY, TR_TEXT, TR_LANGUAGE) VALUES ('frontend', 'user.online', 'Users online', 'bs-BS');
INSERT INTO OKM_TRANSLATION (TR_MODULE, TR_KEY, TR_TEXT, TR_LANGUAGE) VALUES ('frontend', 'chat.room', 'Chat', 'bs-BS');
INSERT INTO OKM_TRANSLATION (TR_MODULE, TR_KEY, TR_TEXT, TR_LANGUAGE) VALUES ('frontend', 'chat.users.in.room', 'Users', 'bs-BS');
INSERT INTO OKM_TRANSLATION (TR_MODULE, TR_KEY, TR_TEXT, TR_LANGUAGE) VALUES ('frontend', 'OKM-017009', 'Prisup dokumentima odbijen', 'bs-BS');
INSERT INTO OKM_TRANSLATION (TR_MODULE, TR_KEY, TR_TEXT, TR_LANGUAGE) VALUES ('frontend', 'OKM-017004', 'Dokument je zakljuan', 'bs-BS');
INSERT INTO OKM_TRANSLATION (TR_MODULE, TR_KEY, TR_TEXT, TR_LANGUAGE) VALUES ('frontend', 'OKM-017001', 'Interna greka repozitorija', 'bs-BS');
INSERT INTO OKM_TRANSLATION (TR_MODULE, TR_KEY, TR_TEXT, TR_LANGUAGE) VALUES ('frontend', 'OKM-017015', 'Putanja dokumenta nije pronaena', 'bs-BS');
INSERT INTO OKM_TRANSLATION (TR_MODULE, TR_KEY, TR_TEXT, TR_LANGUAGE) VALUES ('frontend', 'OKM-017016', 'Document version error', 'bs-BS');
INSERT INTO OKM_TRANSLATION (TR_MODULE, TR_KEY, TR_TEXT, TR_LANGUAGE) VALUES ('frontend', 'OKM-002009', 'Prisup dokumentima odbijen', 'bs-BS');
INSERT INTO OKM_TRANSLATION (TR_MODULE, TR_KEY, TR_TEXT, TR_LANGUAGE) VALUES ('frontend', 'OKM-002002', 'Dokument nije pronaen', 'bs-BS');
INSERT INTO OKM_TRANSLATION (TR_MODULE, TR_KEY, TR_TEXT, TR_LANGUAGE) VALUES ('frontend', 'OKM-002003', 'Dokument ve postoji', 'bs-BS');
INSERT INTO OKM_TRANSLATION (TR_MODULE, TR_KEY, TR_TEXT, TR_LANGUAGE) VALUES ('frontend', 'OKM-002004', 'Dokument je zakljuan', 'bs-BS');
INSERT INTO OKM_TRANSLATION (TR_MODULE, TR_KEY, TR_TEXT, TR_LANGUAGE) VALUES ('frontend', 'OKM-002004', 'Otkljuajte dokument', 'bs-BS');
INSERT INTO OKM_TRANSLATION (TR_MODULE, TR_KEY, TR_TEXT, TR_LANGUAGE) VALUES ('frontend', 'OKM-002001', 'Interna greka repozitorija', 'bs-BS');
INSERT INTO OKM_TRANSLATION (TR_MODULE, TR_KEY, TR_TEXT, TR_LANGUAGE) VALUES ('frontend', 'OKM-002006', 'Interna greka aplikacije', 'bs-BS');
INSERT INTO OKM_TRANSLATION (TR_MODULE, TR_KEY, TR_TEXT, TR_LANGUAGE) VALUES ('frontend', 'OKM-002015', 'Putanja dokumenta nije pronaena', 'bs-BS');
INSERT INTO OKM_TRANSLATION (TR_MODULE, TR_KEY, TR_TEXT, TR_LANGUAGE) VALUES ('frontend', 'OKM-002024', 'Database error', 'bs-BS');
INSERT INTO OKM_TRANSLATION (TR_MODULE, TR_KEY, TR_TEXT, TR_LANGUAGE) VALUES ('frontend', 'OKM-001009', 'Datoteci pristup odbijen', 'bs-BS');
INSERT INTO OKM_TRANSLATION (TR_MODULE, TR_KEY, TR_TEXT, TR_LANGUAGE) VALUES ('frontend', 'OKM-001002', 'Datoteka nije pronaena', 'bs-BS');
INSERT INTO OKM_TRANSLATION (TR_MODULE, TR_KEY, TR_TEXT, TR_LANGUAGE) VALUES ('frontend', 'OKM-001003', 'Datoteka ve postoji', 'bs-BS');
INSERT INTO OKM_TRANSLATION (TR_MODULE, TR_KEY, TR_TEXT, TR_LANGUAGE) VALUES ('frontend', 'OKM-001001', 'Interna greka repozitorija', 'bs-BS');
INSERT INTO OKM_TRANSLATION (TR_MODULE, TR_KEY, TR_TEXT, TR_LANGUAGE) VALUES ('frontend', 'OKM-001006', 'Interna greka repozitorija', 'bs-BS');
INSERT INTO OKM_TRANSLATION (TR_MODULE, TR_KEY, TR_TEXT, TR_LANGUAGE) VALUES ('frontend', 'OKM-001015', 'Putanja datoteke nije pronaena', 'bs-BS');
INSERT INTO OKM_TRANSLATION (TR_MODULE, TR_KEY, TR_TEXT, TR_LANGUAGE) VALUES ('frontend', 'OKM-001024', 'Database error', 'bs-BS');
INSERT INTO OKM_TRANSLATION (TR_MODULE, TR_KEY, TR_TEXT, TR_LANGUAGE) VALUES ('frontend', 'OKM-007009', 'Zabrana pristupa predmetu', 'bs-BS');
INSERT INTO OKM_TRANSLATION (TR_MODULE, TR_KEY, TR_TEXT, TR_LANGUAGE) VALUES ('frontend', 'OKM-007002', 'Predmet nije pronaen', 'bs-BS');
INSERT INTO OKM_TRANSLATION (TR_MODULE, TR_KEY, TR_TEXT, TR_LANGUAGE) VALUES ('frontend', 'OKM-007001', 'Interna greka repozitorija', 'bs-BS');
INSERT INTO OKM_TRANSLATION (TR_MODULE, TR_KEY, TR_TEXT, TR_LANGUAGE) VALUES ('frontend', 'OKM-007006', 'Interna greka repozitorija', 'bs-BS');
INSERT INTO OKM_TRANSLATION (TR_MODULE, TR_KEY, TR_TEXT, TR_LANGUAGE) VALUES ('frontend', 'OKM-007024', 'Database error', 'bs-BS');
INSERT INTO OKM_TRANSLATION (TR_MODULE, TR_KEY, TR_TEXT, TR_LANGUAGE) VALUES ('frontend', 'OKM-009002', 'Dokument nije pronaen', 'bs-BS');
INSERT INTO OKM_TRANSLATION (TR_MODULE, TR_KEY, TR_TEXT, TR_LANGUAGE) VALUES ('frontend', 'OKM-009006', 'Interna greka repozitorija', 'bs-BS');
INSERT INTO OKM_TRANSLATION (TR_MODULE, TR_KEY, TR_TEXT, TR_LANGUAGE) VALUES ('frontend', 'OKM-005010', 'Neprihvatljiv format datoteke', 'bs-BS');
INSERT INTO OKM_TRANSLATION (TR_MODULE, TR_KEY, TR_TEXT, TR_LANGUAGE) VALUES ('frontend', 'OKM-005003', 'Dokument ve postoji', 'bs-BS');
INSERT INTO OKM_TRANSLATION (TR_MODULE, TR_KEY, TR_TEXT, TR_LANGUAGE) VALUES ('frontend', 'OKM-005011', 'Veliina dokumenta je premaena', 'bs-BS');
INSERT INTO OKM_TRANSLATION (TR_MODULE, TR_KEY, TR_TEXT, TR_LANGUAGE) VALUES ('frontend', 'OKM-005027', 'Document name is diferent', 'bs-BS');
INSERT INTO OKM_TRANSLATION (TR_MODULE, TR_KEY, TR_TEXT, TR_LANGUAGE) VALUES ('frontend', 'OKM-004001', 'Sesija zatvorena', 'bs-BS');
INSERT INTO OKM_TRANSLATION (TR_MODULE, TR_KEY, TR_TEXT, TR_LANGUAGE) VALUES ('frontend', 'OKM-004024', 'Database error', 'bs-BS');
INSERT INTO OKM_TRANSLATION (TR_MODULE, TR_KEY, TR_TEXT, TR_LANGUAGE) VALUES ('frontend', 'OKM-008001', 'Greka prilikom pokretanja upita', 'bs-BS');
INSERT INTO OKM_TRANSLATION (TR_MODULE, TR_KEY, TR_TEXT, TR_LANGUAGE) VALUES ('frontend', 'OKM-008003', 'Ime pretrage mora biti jedinstveno', 'bs-BS');
INSERT INTO OKM_TRANSLATION (TR_MODULE, TR_KEY, TR_TEXT, TR_LANGUAGE) VALUES ('frontend', 'OKM-008024', 'Database error', 'bs-BS');
INSERT INTO OKM_TRANSLATION (TR_MODULE, TR_KEY, TR_TEXT, TR_LANGUAGE) VALUES ('frontend', 'OKM-011003', 'Ime oznake mora biti jedinstveno', 'bs-BS');
INSERT INTO OKM_TRANSLATION (TR_MODULE, TR_KEY, TR_TEXT, TR_LANGUAGE) VALUES ('frontend', 'OKM-003017', 'Sesija je izgubljena', 'bs-BS');
INSERT INTO OKM_TRANSLATION (TR_MODULE, TR_KEY, TR_TEXT, TR_LANGUAGE) VALUES ('frontend', 'OKM-013001', 'Interna greka repozitorija', 'bs-BS');
INSERT INTO OKM_TRANSLATION (TR_MODULE, TR_KEY, TR_TEXT, TR_LANGUAGE) VALUES ('frontend', 'OKM-013024', 'Database error', 'bs-BS');
INSERT INTO OKM_TRANSLATION (TR_MODULE, TR_KEY, TR_TEXT, TR_LANGUAGE) VALUES ('frontend', 'OKM-014001', 'Interna greka repozitorija', 'bs-BS');
INSERT INTO OKM_TRANSLATION (TR_MODULE, TR_KEY, TR_TEXT, TR_LANGUAGE) VALUES ('frontend', 'OKM-014013', 'Greka na Izlaz/Ulaz', 'bs-BS');
INSERT INTO OKM_TRANSLATION (TR_MODULE, TR_KEY, TR_TEXT, TR_LANGUAGE) VALUES ('frontend', 'OKM-015001', 'Interna greka repozitorija', 'bs-BS');
INSERT INTO OKM_TRANSLATION (TR_MODULE, TR_KEY, TR_TEXT, TR_LANGUAGE) VALUES ('frontend', 'OKM-015024', 'Database error', 'bs-BS');
INSERT INTO OKM_TRANSLATION (TR_MODULE, TR_KEY, TR_TEXT, TR_LANGUAGE) VALUES ('frontend', 'OKM-018022', 'Error in browser configuration', 'bs-BS');
INSERT INTO OKM_TRANSLATION (TR_MODULE, TR_KEY, TR_TEXT, TR_LANGUAGE) VALUES ('frontend', 'OKM-018023', 'Error user quota exceed,  contact with adminitrator', 'bs-BS');
INSERT INTO OKM_TRANSLATION (TR_MODULE, TR_KEY, TR_TEXT, TR_LANGUAGE) VALUES ('frontend', 'OKM-016009', 'Document access denied', 'bs-BS');
INSERT INTO OKM_TRANSLATION (TR_MODULE, TR_KEY, TR_TEXT, TR_LANGUAGE) VALUES ('frontend', 'OKM-016002', 'Document not found', 'bs-BS');
INSERT INTO OKM_TRANSLATION (TR_MODULE, TR_KEY, TR_TEXT, TR_LANGUAGE) VALUES ('frontend', 'OKM-016003', 'Document already exists', 'bs-BS');
INSERT INTO OKM_TRANSLATION (TR_MODULE, TR_KEY, TR_TEXT, TR_LANGUAGE) VALUES ('frontend', 'OKM-016004', 'Document lock denied', 'bs-BS');
INSERT INTO OKM_TRANSLATION (TR_MODULE, TR_KEY, TR_TEXT, TR_LANGUAGE) VALUES ('frontend', 'OKM-016001', 'Repository internal error', 'bs-BS');
INSERT INTO OKM_TRANSLATION (TR_MODULE, TR_KEY, TR_TEXT, TR_LANGUAGE) VALUES ('frontend', 'OKM-016006', 'Application internal error', 'bs-BS');
INSERT INTO OKM_TRANSLATION (TR_MODULE, TR_KEY, TR_TEXT, TR_LANGUAGE) VALUES ('frontend', 'OKM-016015', 'Document path not found', 'bs-BS');
INSERT INTO OKM_TRANSLATION (TR_MODULE, TR_KEY, TR_TEXT, TR_LANGUAGE) VALUES ('frontend', 'OKM-016024', 'Database error', 'bs-BS');
INSERT INTO OKM_TRANSLATION (TR_MODULE, TR_KEY, TR_TEXT, TR_LANGUAGE) VALUES ('frontend', 'OKM-010015', 'Repository internal error', 'bs-BS');
INSERT INTO OKM_TRANSLATION (TR_MODULE, TR_KEY, TR_TEXT, TR_LANGUAGE) VALUES ('frontend', 'OKM-010009', 'Application internal error', 'bs-BS');
INSERT INTO OKM_TRANSLATION (TR_MODULE, TR_KEY, TR_TEXT, TR_LANGUAGE) VALUES ('frontend', 'OKM-010001', 'Path not exist', 'bs-BS');
INSERT INTO OKM_TRANSLATION (TR_MODULE, TR_KEY, TR_TEXT, TR_LANGUAGE) VALUES ('frontend', 'OKM-010024', 'Database error', 'bs-BS');
INSERT INTO OKM_TRANSLATION (TR_MODULE, TR_KEY, TR_TEXT, TR_LANGUAGE) VALUES ('frontend', 'OKM-010006', 'Access denied', 'bs-BS');
INSERT INTO OKM_TRANSLATION (TR_MODULE, TR_KEY, TR_TEXT, TR_LANGUAGE) VALUES ('frontend', 'OKM-009004', 'Locked', 'bs-BS');
INSERT INTO OKM_TRANSLATION (TR_MODULE, TR_KEY, TR_TEXT, TR_LANGUAGE) VALUES ('frontend', 'OKM-009015', 'Path not exist', 'bs-BS');
INSERT INTO OKM_TRANSLATION (TR_MODULE, TR_KEY, TR_TEXT, TR_LANGUAGE) VALUES ('frontend', 'OKM-009009', 'Access denied', 'bs-BS');
INSERT INTO OKM_TRANSLATION (TR_MODULE, TR_KEY, TR_TEXT, TR_LANGUAGE) VALUES ('frontend', 'OKM-009001', 'Repository internal error', 'bs-BS');
INSERT INTO OKM_TRANSLATION (TR_MODULE, TR_KEY, TR_TEXT, TR_LANGUAGE) VALUES ('frontend', 'OKM-009024', 'Database error', 'bs-BS');
INSERT INTO OKM_TRANSLATION (TR_MODULE, TR_KEY, TR_TEXT, TR_LANGUAGE) VALUES ('frontend', 'OKM-009006', 'Application internal error', 'bs-BS');
INSERT INTO OKM_TRANSLATION (TR_MODULE, TR_KEY, TR_TEXT, TR_LANGUAGE) VALUES ('frontend', 'OKM-009012', 'Group not exists', 'bs-BS');
INSERT INTO OKM_TRANSLATION (TR_MODULE, TR_KEY, TR_TEXT, TR_LANGUAGE) VALUES ('frontend', 'OKM-009014', 'Property not exists', 'bs-BS');
INSERT INTO OKM_TRANSLATION (TR_MODULE, TR_KEY, TR_TEXT, TR_LANGUAGE) VALUES ('frontend', 'OKM-009013', 'Error on I/O', 'bs-BS');
INSERT INTO OKM_TRANSLATION (TR_MODULE, TR_KEY, TR_TEXT, TR_LANGUAGE) VALUES ('frontend', 'OKM-012001', 'Error interno del repositorio', 'bs-BS');
INSERT INTO OKM_TRANSLATION (TR_MODULE, TR_KEY, TR_TEXT, TR_LANGUAGE) VALUES ('frontend', 'OKM-012006', 'Error interno de la aplicacin', 'bs-BS');
INSERT INTO OKM_TRANSLATION (TR_MODULE, TR_KEY, TR_TEXT, TR_LANGUAGE) VALUES ('frontend', 'OKM-012015', 'La ruta del no existe', 'bs-BS');
INSERT INTO OKM_TRANSLATION (TR_MODULE, TR_KEY, TR_TEXT, TR_LANGUAGE) VALUES ('frontend', 'OKM-012024', 'Error en la base de datos', 'bs-BS');
INSERT INTO OKM_TRANSLATION (TR_MODULE, TR_KEY, TR_TEXT, TR_LANGUAGE) VALUES ('frontend', 'OKM-012009', 'No tiene permisos para acceder', 'bs-BS');
INSERT INTO OKM_TRANSLATION (TR_MODULE, TR_KEY, TR_TEXT, TR_LANGUAGE) VALUES ('frontend', 'OKM-019001', 'Repository internal error', 'bs-BS');
INSERT INTO OKM_TRANSLATION (TR_MODULE, TR_KEY, TR_TEXT, TR_LANGUAGE) VALUES ('frontend', 'OKM-019006', 'Application internal error', 'bs-BS');
INSERT INTO OKM_TRANSLATION (TR_MODULE, TR_KEY, TR_TEXT, TR_LANGUAGE) VALUES ('frontend', 'OKM-019024', 'Database error', 'bs-BS');
insert into OKM_LANGUAGE (LG_ID, LG_NAME, LG_IMAGE_CONTENT, LG_IMAGE_MIME) values ('ca-ES', 'Catal', 'R0lGODlhEAALAIQTAPMAAPkAAP8AAP8LC/8TE/8bG/8jI/8rK/b2K/b2MPb2Mfb2Mvf3OPf3Off3Pfj4Nvf3RPn5PPv7Rf///////////////////////////////////////////////////ywAAAAAEAALAAAFQiAiKkwpSdGTiCIgvANRGEf93o0DsXyPuDAZzXYTLI4sBiK14gVusVntUDQiRUpmDyiIDqnF4yK5VG2hwmlVTNbyQgA7', 'image/gif');
INSERT INTO OKM_TRANSLATION (TR_MODULE, TR_KEY, TR_TEXT, TR_LANGUAGE) VALUES ('frontend', 'general.date.pattern', 'dd/MM/yyyy HH:mm:ss', 'ca-ES');
INSERT INTO OKM_TRANSLATION (TR_MODULE, TR_KEY, TR_TEXT, TR_LANGUAGE) VALUES ('frontend', 'general.day.pattern', 'dd/MM/yyyy', 'ca-ES');
INSERT INTO OKM_TRANSLATION (TR_MODULE, TR_KEY, TR_TEXT, TR_LANGUAGE) VALUES ('frontend', 'general.hour.pattern', 'HH:mm:ss', 'ca-ES');
INSERT INTO OKM_TRANSLATION (TR_MODULE, TR_KEY, TR_TEXT, TR_LANGUAGE) VALUES ('frontend', 'startup.openkm', 'Carregant OpenKM', 'ca-ES');
INSERT INTO OKM_TRANSLATION (TR_MODULE, TR_KEY, TR_TEXT, TR_LANGUAGE) VALUES ('frontend', 'startup.starting.loading', 'Comenant a carregar OpenKM', 'ca-ES');
INSERT INTO OKM_TRANSLATION (TR_MODULE, TR_KEY, TR_TEXT, TR_LANGUAGE) VALUES ('frontend', 'startup.taxonomy', 'Obtenint el node principal de la taxonomia', 'ca-ES');
INSERT INTO OKM_TRANSLATION (TR_MODULE, TR_KEY, TR_TEXT, TR_LANGUAGE) VALUES ('frontend', 'startup.categories', 'Obtenint el node principal de les categories', 'ca-ES');
INSERT INTO OKM_TRANSLATION (TR_MODULE, TR_KEY, TR_TEXT, TR_LANGUAGE) VALUES ('frontend', 'startup.thesaurus', 'Obtenint el node principal del thesaurus', 'ca-ES');
INSERT INTO OKM_TRANSLATION (TR_MODULE, TR_KEY, TR_TEXT, TR_LANGUAGE) VALUES ('frontend', 'startup.template', 'Obtenint el node principal de les plantilles', 'ca-ES');
INSERT INTO OKM_TRANSLATION (TR_MODULE, TR_KEY, TR_TEXT, TR_LANGUAGE) VALUES ('frontend', 'startup.personal', 'Obtenint el node principal del personal', 'ca-ES');
INSERT INTO OKM_TRANSLATION (TR_MODULE, TR_KEY, TR_TEXT, TR_LANGUAGE) VALUES ('frontend', 'startup.mail', 'Obtenint el node principal del correu electrnic', 'ca-ES');
INSERT INTO OKM_TRANSLATION (TR_MODULE, TR_KEY, TR_TEXT, TR_LANGUAGE) VALUES ('frontend', 'startup.trash', 'Obtenint el node principal de la paperera', 'ca-ES');
INSERT INTO OKM_TRANSLATION (TR_MODULE, TR_KEY, TR_TEXT, TR_LANGUAGE) VALUES ('frontend', 'startup.user.home', 'Obtenint l''inici de l''usuari', 'ca-ES');
INSERT INTO OKM_TRANSLATION (TR_MODULE, TR_KEY, TR_TEXT, TR_LANGUAGE) VALUES ('frontend', 'startup.bookmarks', 'Obtenint enllaos', 'ca-ES');
INSERT INTO OKM_TRANSLATION (TR_MODULE, TR_KEY, TR_TEXT, TR_LANGUAGE) VALUES ('frontend', 'startup.loading.taxonomy', 'Carregant la taxonomia', 'ca-ES');
INSERT INTO OKM_TRANSLATION (TR_MODULE, TR_KEY, TR_TEXT, TR_LANGUAGE) VALUES ('frontend', 'startup.loading.taxonomy.getting.folders', 'Carregant la taxonomia - obtenint carpetes', 'ca-ES');
INSERT INTO OKM_TRANSLATION (TR_MODULE, TR_KEY, TR_TEXT, TR_LANGUAGE) VALUES ('frontend', 'startup.loading.taxonomy.eval.params', 'Carregant la taxonomia - avaluant pas de parametres', 'ca-ES');
INSERT INTO OKM_TRANSLATION (TR_MODULE, TR_KEY, TR_TEXT, TR_LANGUAGE) VALUES ('frontend', 'startup.loading.taxonomy.open.path', 'Carregant la taxonomia - obrint la ruta', 'ca-ES');
INSERT INTO OKM_TRANSLATION (TR_MODULE, TR_KEY, TR_TEXT, TR_LANGUAGE) VALUES ('frontend', 'startup.loading.taxonomy.getting.filebrowser.folders', 'Carregant la taxonomia - obtenint carpetes', 'ca-ES');
INSERT INTO OKM_TRANSLATION (TR_MODULE, TR_KEY, TR_TEXT, TR_LANGUAGE) VALUES ('frontend', 'startup.loading.taxonomy.getting.filebrowser.documents', 'Carregant la taxonomia - obtenint documents', 'ca-ES');
INSERT INTO OKM_TRANSLATION (TR_MODULE, TR_KEY, TR_TEXT, TR_LANGUAGE) VALUES ('frontend', 'startup.loading.taxonomy.getting.filebrowser.mails', 'Carregant la taxonomia - obtenint correus electrnics', 'ca-ES');
INSERT INTO OKM_TRANSLATION (TR_MODULE, TR_KEY, TR_TEXT, TR_LANGUAGE) VALUES ('frontend', 'startup.loading.personal', 'Carregant personals', 'ca-ES');
INSERT INTO OKM_TRANSLATION (TR_MODULE, TR_KEY, TR_TEXT, TR_LANGUAGE) VALUES ('frontend', 'startup.loading.mail', 'Carregant e-mails', 'ca-ES');
INSERT INTO OKM_TRANSLATION (TR_MODULE, TR_KEY, TR_TEXT, TR_LANGUAGE) VALUES ('frontend', 'startup.loading.categories', 'Carregant categories', 'ca-ES');
INSERT INTO OKM_TRANSLATION (TR_MODULE, TR_KEY, TR_TEXT, TR_LANGUAGE) VALUES ('frontend', 'startup.loading.thesaurus', 'Carregant thesaurus', 'ca-ES');
INSERT INTO OKM_TRANSLATION (TR_MODULE, TR_KEY, TR_TEXT, TR_LANGUAGE) VALUES ('frontend', 'startup.loading.templates', 'Carregant plantilles', 'ca-ES');
INSERT INTO OKM_TRANSLATION (TR_MODULE, TR_KEY, TR_TEXT, TR_LANGUAGE) VALUES ('frontend', 'startup.loading.trash', 'Carregant paperera', 'ca-ES');
INSERT INTO OKM_TRANSLATION (TR_MODULE, TR_KEY, TR_TEXT, TR_LANGUAGE) VALUES ('frontend', 'startup.loading.history.search', 'Carregant histric de cerques', 'ca-ES');
INSERT INTO OKM_TRANSLATION (TR_MODULE, TR_KEY, TR_TEXT, TR_LANGUAGE) VALUES ('frontend', 'startup.loading.user.values', 'Carregant dades de l''usuari', 'ca-ES');
INSERT INTO OKM_TRANSLATION (TR_MODULE, TR_KEY, TR_TEXT, TR_LANGUAGE) VALUES ('frontend', 'startup.keep.alive', 'Carregant keep alive', 'ca-ES');
INSERT INTO OKM_TRANSLATION (TR_MODULE, TR_KEY, TR_TEXT, TR_LANGUAGE) VALUES ('frontend', 'openkm.update.available', 'Actualitzaci disponible de OpenKM', 'ca-ES');
INSERT INTO OKM_TRANSLATION (TR_MODULE, TR_KEY, TR_TEXT, TR_LANGUAGE) VALUES ('frontend', 'leftpanel.label.taxonomy', 'Taxonomia', 'ca-ES');
INSERT INTO OKM_TRANSLATION (TR_MODULE, TR_KEY, TR_TEXT, TR_LANGUAGE) VALUES ('frontend', 'leftpanel.label.trash', 'Paperera', 'ca-ES');
INSERT INTO OKM_TRANSLATION (TR_MODULE, TR_KEY, TR_TEXT, TR_LANGUAGE) VALUES ('frontend', 'leftpanel.label.mail', 'Correu electrnic', 'ca-ES');
INSERT INTO OKM_TRANSLATION (TR_MODULE, TR_KEY, TR_TEXT, TR_LANGUAGE) VALUES ('frontend', 'leftpanel.label.stored.search', 'Cerques emmagatzemades', 'ca-ES');
INSERT INTO OKM_TRANSLATION (TR_MODULE, TR_KEY, TR_TEXT, TR_LANGUAGE) VALUES ('frontend', 'leftpanel.label.categories', 'Categories', 'ca-ES');
INSERT INTO OKM_TRANSLATION (TR_MODULE, TR_KEY, TR_TEXT, TR_LANGUAGE) VALUES ('frontend', 'leftpanel.label.thesaurus', 'Thesaurus', 'ca-ES');
INSERT INTO OKM_TRANSLATION (TR_MODULE, TR_KEY, TR_TEXT, TR_LANGUAGE) VALUES ('frontend', 'leftpanel.label.templates', 'Plantilles', 'ca-ES');
INSERT INTO OKM_TRANSLATION (TR_MODULE, TR_KEY, TR_TEXT, TR_LANGUAGE) VALUES ('frontend', 'leftpanel.label.my.documents', 'Documents personals', 'ca-ES');
INSERT INTO OKM_TRANSLATION (TR_MODULE, TR_KEY, TR_TEXT, TR_LANGUAGE) VALUES ('frontend', 'leftpanel.label.user.search', 'Novetats d''usuari', 'ca-ES');
INSERT INTO OKM_TRANSLATION (TR_MODULE, TR_KEY, TR_TEXT, TR_LANGUAGE) VALUES ('frontend', 'leftpanel.label.all.repository', 'En tot el repositori', 'ca-ES');
INSERT INTO OKM_TRANSLATION (TR_MODULE, TR_KEY, TR_TEXT, TR_LANGUAGE) VALUES ('frontend', 'tree.menu.directory.create', 'Crea una carpeta', 'ca-ES');
INSERT INTO OKM_TRANSLATION (TR_MODULE, TR_KEY, TR_TEXT, TR_LANGUAGE) VALUES ('frontend', 'tree.menu.directory.remove', 'Elimina', 'ca-ES');
INSERT INTO OKM_TRANSLATION (TR_MODULE, TR_KEY, TR_TEXT, TR_LANGUAGE) VALUES ('frontend', 'tree.menu.directory.rename', 'Renombra', 'ca-ES');
INSERT INTO OKM_TRANSLATION (TR_MODULE, TR_KEY, TR_TEXT, TR_LANGUAGE) VALUES ('frontend', 'tree.menu.directory.refresh', 'Refresca', 'ca-ES');
INSERT INTO OKM_TRANSLATION (TR_MODULE, TR_KEY, TR_TEXT, TR_LANGUAGE) VALUES ('frontend', 'tree.menu.directory.move', 'Mou', 'ca-ES');
INSERT INTO OKM_TRANSLATION (TR_MODULE, TR_KEY, TR_TEXT, TR_LANGUAGE) VALUES ('frontend', 'tree.menu.directory.copy', 'Copia', 'ca-ES');
INSERT INTO OKM_TRANSLATION (TR_MODULE, TR_KEY, TR_TEXT, TR_LANGUAGE) VALUES ('frontend', 'tree.menu.directory.add.document', 'Afegeix un fitxer', 'ca-ES');
INSERT INTO OKM_TRANSLATION (TR_MODULE, TR_KEY, TR_TEXT, TR_LANGUAGE) VALUES ('frontend', 'tree.menu.add.bookmark', 'Afegeix un enlla', 'ca-ES');
INSERT INTO OKM_TRANSLATION (TR_MODULE, TR_KEY, TR_TEXT, TR_LANGUAGE) VALUES ('frontend', 'tree.menu.set.home', 'Estableix inici', 'ca-ES');
INSERT INTO OKM_TRANSLATION (TR_MODULE, TR_KEY, TR_TEXT, TR_LANGUAGE) VALUES ('frontend', 'tree.menu.export', 'Exporta a un fitxer', 'ca-ES');
INSERT INTO OKM_TRANSLATION (TR_MODULE, TR_KEY, TR_TEXT, TR_LANGUAGE) VALUES ('frontend', 'tree.status.refresh.folder', 'S''est refrescant l''arbre de carpetes', 'ca-ES');
INSERT INTO OKM_TRANSLATION (TR_MODULE, TR_KEY, TR_TEXT, TR_LANGUAGE) VALUES ('frontend', 'tree.status.refresh.create', 'S''est creant la carpeta', 'ca-ES');
INSERT INTO OKM_TRANSLATION (TR_MODULE, TR_KEY, TR_TEXT, TR_LANGUAGE) VALUES ('frontend', 'tree.status.refresh.delete', 'S''est eliminant la carpeta', 'ca-ES');
INSERT INTO OKM_TRANSLATION (TR_MODULE, TR_KEY, TR_TEXT, TR_LANGUAGE) VALUES ('frontend', 'tree.status.refresh.rename', 'S''est renombrant la carpeta', 'ca-ES');
INSERT INTO OKM_TRANSLATION (TR_MODULE, TR_KEY, TR_TEXT, TR_LANGUAGE) VALUES ('frontend', 'tree.status.refresh.restore', 'S''est restaurant la carpeta', 'ca-ES');
INSERT INTO OKM_TRANSLATION (TR_MODULE, TR_KEY, TR_TEXT, TR_LANGUAGE) VALUES ('frontend', 'tree.status.refresh.purge', 'S''est eliminant la carpeta', 'ca-ES');
INSERT INTO OKM_TRANSLATION (TR_MODULE, TR_KEY, TR_TEXT, TR_LANGUAGE) VALUES ('frontend', 'tree.status.refresh.get', 'S''est refrescant la carpeta', 'ca-ES');
INSERT INTO OKM_TRANSLATION (TR_MODULE, TR_KEY, TR_TEXT, TR_LANGUAGE) VALUES ('frontend', 'tree.folder.new', 'Nova carpeta', 'ca-ES');
INSERT INTO OKM_TRANSLATION (TR_MODULE, TR_KEY, TR_TEXT, TR_LANGUAGE) VALUES ('frontend', 'tree.status.refresh.add.subscription', 'S''est afegint la subscripci', 'ca-ES');
INSERT INTO OKM_TRANSLATION (TR_MODULE, TR_KEY, TR_TEXT, TR_LANGUAGE) VALUES ('frontend', 'tree.status.refresh.remove.subscription', 'S''est eliminant la subscripci', 'ca-ES');
INSERT INTO OKM_TRANSLATION (TR_MODULE, TR_KEY, TR_TEXT, TR_LANGUAGE) VALUES ('frontend', 'tree.status.refresh.get.root', 'S''est refrescant la carpeta inicial', 'ca-ES');
INSERT INTO OKM_TRANSLATION (TR_MODULE, TR_KEY, TR_TEXT, TR_LANGUAGE) VALUES ('frontend', 'tree.status.refresh.get.keywords', 'S''estan refrescant les paraules clau', 'ca-ES');
INSERT INTO OKM_TRANSLATION (TR_MODULE, TR_KEY, TR_TEXT, TR_LANGUAGE) VALUES ('frontend', 'tree.status.refresh.get.user.home', 'S''est obtenint l''inici de l''usuari', 'ca-ES');
INSERT INTO OKM_TRANSLATION (TR_MODULE, TR_KEY, TR_TEXT, TR_LANGUAGE) VALUES ('frontend', 'tree.status.refresh.purge.trash', 'S''est buidant la paperera', 'ca-ES');
INSERT INTO OKM_TRANSLATION (TR_MODULE, TR_KEY, TR_TEXT, TR_LANGUAGE) VALUES ('frontend', 'tree.menu.directory.find.folder', 'Cercar carpeta', 'ca-ES');
INSERT INTO OKM_TRANSLATION (TR_MODULE, TR_KEY, TR_TEXT, TR_LANGUAGE) VALUES ('frontend', 'trash.menu.directory.restore', 'Restaura', 'ca-ES');
INSERT INTO OKM_TRANSLATION (TR_MODULE, TR_KEY, TR_TEXT, TR_LANGUAGE) VALUES ('frontend', 'trash.menu.directory.purge', 'Elimina', 'ca-ES');
INSERT INTO OKM_TRANSLATION (TR_MODULE, TR_KEY, TR_TEXT, TR_LANGUAGE) VALUES ('frontend', 'trash.menu.directory.purge.trash', 'Buida la paperera', 'ca-ES');
INSERT INTO OKM_TRANSLATION (TR_MODULE, TR_KEY, TR_TEXT, TR_LANGUAGE) VALUES ('frontend', 'trash.directory.select.label', 'Seleccioneu la carpeta dest', 'ca-ES');
INSERT INTO OKM_TRANSLATION (TR_MODULE, TR_KEY, TR_TEXT, TR_LANGUAGE) VALUES ('frontend', 'general.menu.file', 'Fitxer', 'ca-ES');
INSERT INTO OKM_TRANSLATION (TR_MODULE, TR_KEY, TR_TEXT, TR_LANGUAGE) VALUES ('frontend', 'general.menu.file.exit', 'Surt', 'ca-ES');
INSERT INTO OKM_TRANSLATION (TR_MODULE, TR_KEY, TR_TEXT, TR_LANGUAGE) VALUES ('frontend', 'general.menu.file.purge.trash', 'Buida paperera', 'ca-ES');
INSERT INTO OKM_TRANSLATION (TR_MODULE, TR_KEY, TR_TEXT, TR_LANGUAGE) VALUES ('frontend', 'general.menu.edit', 'Edici', 'ca-ES');
INSERT INTO OKM_TRANSLATION (TR_MODULE, TR_KEY, TR_TEXT, TR_LANGUAGE) VALUES ('frontend', 'general.menu.file.create.directory', 'Crea una carpeta', 'ca-ES');
INSERT INTO OKM_TRANSLATION (TR_MODULE, TR_KEY, TR_TEXT, TR_LANGUAGE) VALUES ('frontend', 'general.menu.file.download.document', 'Descarrega document', 'ca-ES');
INSERT INTO OKM_TRANSLATION (TR_MODULE, TR_KEY, TR_TEXT, TR_LANGUAGE) VALUES ('frontend', 'general.menu.file.download.document.pdf', 'Descarrega document com PDF', 'ca-ES');
INSERT INTO OKM_TRANSLATION (TR_MODULE, TR_KEY, TR_TEXT, TR_LANGUAGE) VALUES ('frontend', 'general.menu.file.send.link', 'Enviar enlla del document', 'ca-ES');
INSERT INTO OKM_TRANSLATION (TR_MODULE, TR_KEY, TR_TEXT, TR_LANGUAGE) VALUES ('frontend', 'general.menu.file.send.attachment', 'Enviar documento adjunto', 'ca-ES');
INSERT INTO OKM_TRANSLATION (TR_MODULE, TR_KEY, TR_TEXT, TR_LANGUAGE) VALUES ('frontend', 'general.menu.file.lock', 'Bloqueja', 'ca-ES');
INSERT INTO OKM_TRANSLATION (TR_MODULE, TR_KEY, TR_TEXT, TR_LANGUAGE) VALUES ('frontend', 'general.menu.file.unlock', 'Desbloqueja', 'ca-ES');
INSERT INTO OKM_TRANSLATION (TR_MODULE, TR_KEY, TR_TEXT, TR_LANGUAGE) VALUES ('frontend', 'general.menu.file.add.document', 'Afegeix un fitxer', 'ca-ES');
INSERT INTO OKM_TRANSLATION (TR_MODULE, TR_KEY, TR_TEXT, TR_LANGUAGE) VALUES ('frontend', 'general.menu.file.checkout', 'Checkout', 'ca-ES');
INSERT INTO OKM_TRANSLATION (TR_MODULE, TR_KEY, TR_TEXT, TR_LANGUAGE) VALUES ('frontend', 'general.menu.file.checkin', 'Checkin', 'ca-ES');
INSERT INTO OKM_TRANSLATION (TR_MODULE, TR_KEY, TR_TEXT, TR_LANGUAGE) VALUES ('frontend', 'general.menu.file.cancel.checkout', 'Cancella checkout', 'ca-ES');
INSERT INTO OKM_TRANSLATION (TR_MODULE, TR_KEY, TR_TEXT, TR_LANGUAGE) VALUES ('frontend', 'general.menu.file.delete', 'Elimina', 'ca-ES');
INSERT INTO OKM_TRANSLATION (TR_MODULE, TR_KEY, TR_TEXT, TR_LANGUAGE) VALUES ('frontend', 'general.menu.file.refresh', 'Refresca', 'ca-ES');
INSERT INTO OKM_TRANSLATION (TR_MODULE, TR_KEY, TR_TEXT, TR_LANGUAGE) VALUES ('frontend', 'general.menu.file.scanner', 'Scanner', 'ca-ES');
INSERT INTO OKM_TRANSLATION (TR_MODULE, TR_KEY, TR_TEXT, TR_LANGUAGE) VALUES ('frontend', 'general.menu.file.uploader', 'Inserci de documents', 'ca-ES');
INSERT INTO OKM_TRANSLATION (TR_MODULE, TR_KEY, TR_TEXT, TR_LANGUAGE) VALUES ('frontend', 'general.menu.tools', 'Eines', 'ca-ES');
INSERT INTO OKM_TRANSLATION (TR_MODULE, TR_KEY, TR_TEXT, TR_LANGUAGE) VALUES ('frontend', 'general.menu.tools.languages', 'Idiomes', 'ca-ES');
INSERT INTO OKM_TRANSLATION (TR_MODULE, TR_KEY, TR_TEXT, TR_LANGUAGE) VALUES ('frontend', 'general.menu.tools.skin', 'Aparena', 'ca-ES');
INSERT INTO OKM_TRANSLATION (TR_MODULE, TR_KEY, TR_TEXT, TR_LANGUAGE) VALUES ('frontend', 'general.menu.tools.skin.default', 'Per defecte', 'ca-ES');
INSERT INTO OKM_TRANSLATION (TR_MODULE, TR_KEY, TR_TEXT, TR_LANGUAGE) VALUES ('frontend', 'general.menu.tools.skin.default2', 'Per defecte 2', 'ca-ES');
INSERT INTO OKM_TRANSLATION (TR_MODULE, TR_KEY, TR_TEXT, TR_LANGUAGE) VALUES ('frontend', 'general.menu.tools.skin.mediumfont', 'Font mitjana', 'ca-ES');
INSERT INTO OKM_TRANSLATION (TR_MODULE, TR_KEY, TR_TEXT, TR_LANGUAGE) VALUES ('frontend', 'general.menu.tools.skin.bigfont', 'Font gran', 'ca-ES');
INSERT INTO OKM_TRANSLATION (TR_MODULE, TR_KEY, TR_TEXT, TR_LANGUAGE) VALUES ('frontend', 'general.menu.debug.console', 'Consola de depuraci', 'ca-ES');
INSERT INTO OKM_TRANSLATION (TR_MODULE, TR_KEY, TR_TEXT, TR_LANGUAGE) VALUES ('frontend', 'general.menu.administration', 'Mostra administraci', 'ca-ES');
INSERT INTO OKM_TRANSLATION (TR_MODULE, TR_KEY, TR_TEXT, TR_LANGUAGE) VALUES ('frontend', 'general.menu.tools.preferences', 'Preferncies', 'ca-ES');
INSERT INTO OKM_TRANSLATION (TR_MODULE, TR_KEY, TR_TEXT, TR_LANGUAGE) VALUES ('frontend', 'general.menu.tools.user.preferences', 'Configuraci de l''usuari', 'ca-ES');
INSERT INTO OKM_TRANSLATION (TR_MODULE, TR_KEY, TR_TEXT, TR_LANGUAGE) VALUES ('frontend', 'general.menu.bookmark', 'Enllaos d''inters', 'ca-ES');
INSERT INTO OKM_TRANSLATION (TR_MODULE, TR_KEY, TR_TEXT, TR_LANGUAGE) VALUES ('frontend', 'general.menu.bookmark.home', 'Inici', 'ca-ES');
INSERT INTO OKM_TRANSLATION (TR_MODULE, TR_KEY, TR_TEXT, TR_LANGUAGE) VALUES ('frontend', 'general.menu.bookmark.default.home', 'Estableix inici per defecte', 'ca-ES');
INSERT INTO OKM_TRANSLATION (TR_MODULE, TR_KEY, TR_TEXT, TR_LANGUAGE) VALUES ('frontend', 'general.menu.bookmark.edit', 'Editar adreces d''inters', 'ca-ES');
INSERT INTO OKM_TRANSLATION (TR_MODULE, TR_KEY, TR_TEXT, TR_LANGUAGE) VALUES ('frontend', 'general.menu.help', 'Ajuda', 'ca-ES');
INSERT INTO OKM_TRANSLATION (TR_MODULE, TR_KEY, TR_TEXT, TR_LANGUAGE) VALUES ('frontend', 'general.menu.bug.report', 'Report de bugs', 'ca-ES');
INSERT INTO OKM_TRANSLATION (TR_MODULE, TR_KEY, TR_TEXT, TR_LANGUAGE) VALUES ('frontend', 'general.menu.support.request', 'Sollicitud d''ajuda', 'ca-ES');
INSERT INTO OKM_TRANSLATION (TR_MODULE, TR_KEY, TR_TEXT, TR_LANGUAGE) VALUES ('frontend', 'general.menu.public.forum', 'Frum pblic', 'ca-ES');
INSERT INTO OKM_TRANSLATION (TR_MODULE, TR_KEY, TR_TEXT, TR_LANGUAGE) VALUES ('frontend', 'general.menu.project.web', 'Web del projecte', 'ca-ES');
INSERT INTO OKM_TRANSLATION (TR_MODULE, TR_KEY, TR_TEXT, TR_LANGUAGE) VALUES ('frontend', 'general.menu.version.changes', 'Notes de la versi', 'ca-ES');
INSERT INTO OKM_TRANSLATION (TR_MODULE, TR_KEY, TR_TEXT, TR_LANGUAGE) VALUES ('frontend', 'general.menu.documentation', 'Documentaci', 'ca-ES');
INSERT INTO OKM_TRANSLATION (TR_MODULE, TR_KEY, TR_TEXT, TR_LANGUAGE) VALUES ('frontend', 'general.menu.about', 'Sobre OpenKM', 'ca-ES');
INSERT INTO OKM_TRANSLATION (TR_MODULE, TR_KEY, TR_TEXT, TR_LANGUAGE) VALUES ('frontend', 'general.connected', 'Connectat com a', 'ca-ES');
INSERT INTO OKM_TRANSLATION (TR_MODULE, TR_KEY, TR_TEXT, TR_LANGUAGE) VALUES ('frontend', 'filebrowser.name', 'Nom', 'ca-ES');
INSERT INTO OKM_TRANSLATION (TR_MODULE, TR_KEY, TR_TEXT, TR_LANGUAGE) VALUES ('frontend', 'filebrowser.date.update', 'Data de modificaci', 'ca-ES');
INSERT INTO OKM_TRANSLATION (TR_MODULE, TR_KEY, TR_TEXT, TR_LANGUAGE) VALUES ('frontend', 'filebrowser.size', 'Grandria', 'ca-ES');
INSERT INTO OKM_TRANSLATION (TR_MODULE, TR_KEY, TR_TEXT, TR_LANGUAGE) VALUES ('frontend', 'filebrowser.path', 'Ruta', 'ca-ES');
INSERT INTO OKM_TRANSLATION (TR_MODULE, TR_KEY, TR_TEXT, TR_LANGUAGE) VALUES ('frontend', 'filebrowser.author', 'Autor', 'ca-ES');
INSERT INTO OKM_TRANSLATION (TR_MODULE, TR_KEY, TR_TEXT, TR_LANGUAGE) VALUES ('frontend', 'filebrowser.version', 'Versi', 'ca-ES');
INSERT INTO OKM_TRANSLATION (TR_MODULE, TR_KEY, TR_TEXT, TR_LANGUAGE) VALUES ('frontend', 'filebrowser.menu.checkout', 'Check-out', 'ca-ES');
INSERT INTO OKM_TRANSLATION (TR_MODULE, TR_KEY, TR_TEXT, TR_LANGUAGE) VALUES ('frontend', 'filebrowser.menu.checkin', 'Check-in', 'ca-ES');
INSERT INTO OKM_TRANSLATION (TR_MODULE, TR_KEY, TR_TEXT, TR_LANGUAGE) VALUES ('frontend', 'filebrowser.menu.delete', 'Elimina', 'ca-ES');
INSERT INTO OKM_TRANSLATION (TR_MODULE, TR_KEY, TR_TEXT, TR_LANGUAGE) VALUES ('frontend', 'filebrowser.menu.rename', 'Renombra', 'ca-ES');
INSERT INTO OKM_TRANSLATION (TR_MODULE, TR_KEY, TR_TEXT, TR_LANGUAGE) VALUES ('frontend', 'filebrowser.menu.checkout.cancel', 'Cancela check-out', 'ca-ES');
INSERT INTO OKM_TRANSLATION (TR_MODULE, TR_KEY, TR_TEXT, TR_LANGUAGE) VALUES ('frontend', 'filebrowser.menu.lock', 'Bloqueja', 'ca-ES');
INSERT INTO OKM_TRANSLATION (TR_MODULE, TR_KEY, TR_TEXT, TR_LANGUAGE) VALUES ('frontend', 'filebrowser.menu.unlock', 'Desbloqueja', 'ca-ES');
INSERT INTO OKM_TRANSLATION (TR_MODULE, TR_KEY, TR_TEXT, TR_LANGUAGE) VALUES ('frontend', 'filebrowser.menu.download', 'Descarrega', 'ca-ES');
INSERT INTO OKM_TRANSLATION (TR_MODULE, TR_KEY, TR_TEXT, TR_LANGUAGE) VALUES ('frontend', 'filebrowser.menu.move', 'Mou', 'ca-ES');
INSERT INTO OKM_TRANSLATION (TR_MODULE, TR_KEY, TR_TEXT, TR_LANGUAGE) VALUES ('frontend', 'filebrowser.menu.copy', 'Copia', 'ca-ES');
INSERT INTO OKM_TRANSLATION (TR_MODULE, TR_KEY, TR_TEXT, TR_LANGUAGE) VALUES ('frontend', 'filebrowser.menu.create.from.template', 'Crea des de la plantilla', 'ca-ES');
INSERT INTO OKM_TRANSLATION (TR_MODULE, TR_KEY, TR_TEXT, TR_LANGUAGE) VALUES ('frontend', 'filebrowser.menu.add.property.group', 'Afegeix grup de propietats', 'ca-ES');
INSERT INTO OKM_TRANSLATION (TR_MODULE, TR_KEY, TR_TEXT, TR_LANGUAGE) VALUES ('frontend', 'filebrowser.menu.remove.property.group', 'Elimina grup de propietats', 'ca-ES');
INSERT INTO OKM_TRANSLATION (TR_MODULE, TR_KEY, TR_TEXT, TR_LANGUAGE) VALUES ('frontend', 'filebrowser.menu.start.workflow', 'Iniciar workflow', 'ca-ES');
INSERT INTO OKM_TRANSLATION (TR_MODULE, TR_KEY, TR_TEXT, TR_LANGUAGE) VALUES ('frontend', 'filebrowser.menu.add.subscription', 'Afegeix subscripci', 'ca-ES');
INSERT INTO OKM_TRANSLATION (TR_MODULE, TR_KEY, TR_TEXT, TR_LANGUAGE) VALUES ('frontend', 'filebrowser.menu.remove.subscription', 'Elimina subscripci', 'ca-ES');
INSERT INTO OKM_TRANSLATION (TR_MODULE, TR_KEY, TR_TEXT, TR_LANGUAGE) VALUES ('frontend', 'filebrowser.menu.add.bookmark', 'Afegeix un enlla', 'ca-ES');
INSERT INTO OKM_TRANSLATION (TR_MODULE, TR_KEY, TR_TEXT, TR_LANGUAGE) VALUES ('frontend', 'filebrowser.menu.set.home', 'Estableix com a inici', 'ca-ES');
INSERT INTO OKM_TRANSLATION (TR_MODULE, TR_KEY, TR_TEXT, TR_LANGUAGE) VALUES ('frontend', 'filebrowser.menu.refresh', 'Refresca', 'ca-ES');
INSERT INTO OKM_TRANSLATION (TR_MODULE, TR_KEY, TR_TEXT, TR_LANGUAGE) VALUES ('frontend', 'filebrowser.menu.export', 'Exporta a un ZIP', 'ca-ES');
INSERT INTO OKM_TRANSLATION (TR_MODULE, TR_KEY, TR_TEXT, TR_LANGUAGE) VALUES ('frontend', 'filebrowser.menu.play', 'Reproduir', 'ca-ES');
INSERT INTO OKM_TRANSLATION (TR_MODULE, TR_KEY, TR_TEXT, TR_LANGUAGE) VALUES ('frontend', 'filebrowser.menu.image.viewer', 'Visor d''imatges', 'ca-ES');
INSERT INTO OKM_TRANSLATION (TR_MODULE, TR_KEY, TR_TEXT, TR_LANGUAGE) VALUES ('frontend', 'filebrowser.status.refresh.folder', 'S''est refrescant la llista carpetas', 'ca-ES');
INSERT INTO OKM_TRANSLATION (TR_MODULE, TR_KEY, TR_TEXT, TR_LANGUAGE) VALUES ('frontend', 'filebrowser.status.refresh.document', 'S''est refrescant la llista de documents', 'ca-ES');
INSERT INTO OKM_TRANSLATION (TR_MODULE, TR_KEY, TR_TEXT, TR_LANGUAGE) VALUES ('frontend', 'filebrowser.status.refresh.mail', 'S''est refrescant la llista de correus electrnics', 'ca-ES');
INSERT INTO OKM_TRANSLATION (TR_MODULE, TR_KEY, TR_TEXT, TR_LANGUAGE) VALUES ('frontend', 'filebrowser.status.refresh.delete.folder', 'S''est eliminant la carpeta', 'ca-ES');
INSERT INTO OKM_TRANSLATION (TR_MODULE, TR_KEY, TR_TEXT, TR_LANGUAGE) VALUES ('frontend', 'filebrowser.status.refresh.delete.document', 'Eliminant', 'ca-ES');
INSERT INTO OKM_TRANSLATION (TR_MODULE, TR_KEY, TR_TEXT, TR_LANGUAGE) VALUES ('frontend', 'filebrowser.status.refresh.checkout', 'Efectuant checkout', 'ca-ES');
INSERT INTO OKM_TRANSLATION (TR_MODULE, TR_KEY, TR_TEXT, TR_LANGUAGE) VALUES ('frontend', 'filebrowser.status.refresh.lock', 'S''est efectuant el bloqueig', 'ca-ES');
INSERT INTO OKM_TRANSLATION (TR_MODULE, TR_KEY, TR_TEXT, TR_LANGUAGE) VALUES ('frontend', 'filebrowser.status.refresh.unlock', 'S''est eliminant el bloqueig', 'ca-ES');
INSERT INTO OKM_TRANSLATION (TR_MODULE, TR_KEY, TR_TEXT, TR_LANGUAGE) VALUES ('frontend', 'filebrowser.status.refresh.document.rename', 'S''est renombrant el document', 'ca-ES');
INSERT INTO OKM_TRANSLATION (TR_MODULE, TR_KEY, TR_TEXT, TR_LANGUAGE) VALUES ('frontend', 'filebrowser.status.refresh.folder.rename', 'S''est renombrant la carpeta', 'ca-ES');
INSERT INTO OKM_TRANSLATION (TR_MODULE, TR_KEY, TR_TEXT, TR_LANGUAGE) VALUES ('frontend', 'filebrowser.status.refresh.document.purge', 'S''est eliminant el document', 'ca-ES');
INSERT INTO OKM_TRANSLATION (TR_MODULE, TR_KEY, TR_TEXT, TR_LANGUAGE) VALUES ('frontend', 'filebrowser.status.refresh.folder.purge', 'S''est eliminant la carpeta', 'ca-ES');
INSERT INTO OKM_TRANSLATION (TR_MODULE, TR_KEY, TR_TEXT, TR_LANGUAGE) VALUES ('frontend', 'filebrowser.status.refresh.folder.get', 'S''est refrescant la carpeta', 'ca-ES');
INSERT INTO OKM_TRANSLATION (TR_MODULE, TR_KEY, TR_TEXT, TR_LANGUAGE) VALUES ('frontend', 'filebrowser.status.refresh.document.get', 'S''est refrescant el document', 'ca-ES');
INSERT INTO OKM_TRANSLATION (TR_MODULE, TR_KEY, TR_TEXT, TR_LANGUAGE) VALUES ('frontend', 'filebrowser.status.refresh.add.subscription', 'S''est afegint la subscripci', 'ca-ES');
INSERT INTO OKM_TRANSLATION (TR_MODULE, TR_KEY, TR_TEXT, TR_LANGUAGE) VALUES ('frontend', 'filebrowser.status.refresh.remove.subscription', 'S''est eliminant la subscripci', 'ca-ES');
INSERT INTO OKM_TRANSLATION (TR_MODULE, TR_KEY, TR_TEXT, TR_LANGUAGE) VALUES ('frontend', 'filebrowser.status.refresh.get.user.home', 'S''est obtenint l''inici', 'ca-ES');
INSERT INTO OKM_TRANSLATION (TR_MODULE, TR_KEY, TR_TEXT, TR_LANGUAGE) VALUES ('frontend', 'filebrowser.status.refresh.delete.mail', 'Eliminant', 'ca-ES');
INSERT INTO OKM_TRANSLATION (TR_MODULE, TR_KEY, TR_TEXT, TR_LANGUAGE) VALUES ('frontend', 'filebrowser.status.refresh.mail.purge', 'S''est eliminant el correu electrnic', 'ca-ES');
INSERT INTO OKM_TRANSLATION (TR_MODULE, TR_KEY, TR_TEXT, TR_LANGUAGE) VALUES ('frontend', 'fileupload.send', 'Envia', 'ca-ES');
INSERT INTO OKM_TRANSLATION (TR_MODULE, TR_KEY, TR_TEXT, TR_LANGUAGE) VALUES ('frontend', 'fileupload.status.sending', 'S''est enviant el fitxer...', 'ca-ES');
INSERT INTO OKM_TRANSLATION (TR_MODULE, TR_KEY, TR_TEXT, TR_LANGUAGE) VALUES ('frontend', 'fileupload.status.indexing', 'S''est indexant el fitxer...', 'ca-ES');
INSERT INTO OKM_TRANSLATION (TR_MODULE, TR_KEY, TR_TEXT, TR_LANGUAGE) VALUES ('frontend', 'fileupload.status.ok', 'El fitxer s''ha enviat correctament', 'ca-ES');
INSERT INTO OKM_TRANSLATION (TR_MODULE, TR_KEY, TR_TEXT, TR_LANGUAGE) VALUES ('frontend', 'fileupload.upload.status', 'Estat enviament', 'ca-ES');
INSERT INTO OKM_TRANSLATION (TR_MODULE, TR_KEY, TR_TEXT, TR_LANGUAGE) VALUES ('frontend', 'fileupload.upload.uploaded', 'Completat', 'ca-ES');
INSERT INTO OKM_TRANSLATION (TR_MODULE, TR_KEY, TR_TEXT, TR_LANGUAGE) VALUES ('frontend', 'fileupload.upload.completed', 'L''enviament s''ha completat', 'ca-ES');
INSERT INTO OKM_TRANSLATION (TR_MODULE, TR_KEY, TR_TEXT, TR_LANGUAGE) VALUES ('frontend', 'fileupload.upload.runtime', 'Temps acumulat', 'ca-ES');
INSERT INTO OKM_TRANSLATION (TR_MODULE, TR_KEY, TR_TEXT, TR_LANGUAGE) VALUES ('frontend', 'fileupload.upload.remaining', 'Falta', 'ca-ES');
INSERT INTO OKM_TRANSLATION (TR_MODULE, TR_KEY, TR_TEXT, TR_LANGUAGE) VALUES ('frontend', 'fileupload.button.close', 'Tanca', 'ca-ES');
INSERT INTO OKM_TRANSLATION (TR_MODULE, TR_KEY, TR_TEXT, TR_LANGUAGE) VALUES ('frontend', 'fileupload.button.add.other.file', 'Afegeix un altre fitxer', 'ca-ES');
INSERT INTO OKM_TRANSLATION (TR_MODULE, TR_KEY, TR_TEXT, TR_LANGUAGE) VALUES ('frontend', 'fileupload.status.move.file', 'S''est movent el fitxer...', 'ca-ES');
INSERT INTO OKM_TRANSLATION (TR_MODULE, TR_KEY, TR_TEXT, TR_LANGUAGE) VALUES ('frontend', 'fileupload.status.move.mail', 'S''est movent el correu electrnic...', 'ca-ES');
INSERT INTO OKM_TRANSLATION (TR_MODULE, TR_KEY, TR_TEXT, TR_LANGUAGE) VALUES ('frontend', 'fileupload.status.copy.file', 'S''est copiant el fitxer...', 'ca-ES');
INSERT INTO OKM_TRANSLATION (TR_MODULE, TR_KEY, TR_TEXT, TR_LANGUAGE) VALUES ('frontend', 'fileupload.status.copy.mail', 'S''est copiant el correu electrnic...', 'ca-ES');
INSERT INTO OKM_TRANSLATION (TR_MODULE, TR_KEY, TR_TEXT, TR_LANGUAGE) VALUES ('frontend', 'fileupload.status.restore.file', 'S''est restaurant el fitxer...', 'ca-ES');
INSERT INTO OKM_TRANSLATION (TR_MODULE, TR_KEY, TR_TEXT, TR_LANGUAGE) VALUES ('frontend', 'fileupload.status.restore.mail', 'S''est restaurant el correu electrnic...', 'ca-ES');
INSERT INTO OKM_TRANSLATION (TR_MODULE, TR_KEY, TR_TEXT, TR_LANGUAGE) VALUES ('frontend', 'fileupload.status.move.folder', 'S''est movent la carpeta...', 'ca-ES');
INSERT INTO OKM_TRANSLATION (TR_MODULE, TR_KEY, TR_TEXT, TR_LANGUAGE) VALUES ('frontend', 'fileupload.status.copy.folder', 'S''est copiant la carpeta...', 'ca-ES');
INSERT INTO OKM_TRANSLATION (TR_MODULE, TR_KEY, TR_TEXT, TR_LANGUAGE) VALUES ('frontend', 'fileupload.status.restore.folder', 'S''est restaurant la carpeta...', 'ca-ES');
INSERT INTO OKM_TRANSLATION (TR_MODULE, TR_KEY, TR_TEXT, TR_LANGUAGE) VALUES ('frontend', 'fileupload.status.create.from.template', 'S''est creant el fitxer des de la plantilla...', 'ca-ES');
INSERT INTO OKM_TRANSLATION (TR_MODULE, TR_KEY, TR_TEXT, TR_LANGUAGE) VALUES ('frontend', 'fileupload.status.of', 'de', 'ca-ES');
INSERT INTO OKM_TRANSLATION (TR_MODULE, TR_KEY, TR_TEXT, TR_LANGUAGE) VALUES ('frontend', 'fileupload.label.insert', 'Inserci de documents', 'ca-ES');
INSERT INTO OKM_TRANSLATION (TR_MODULE, TR_KEY, TR_TEXT, TR_LANGUAGE) VALUES ('frontend', 'fileupload.label.update', 'Actualizaci de documents', 'ca-ES');
INSERT INTO OKM_TRANSLATION (TR_MODULE, TR_KEY, TR_TEXT, TR_LANGUAGE) VALUES ('frontend', 'fileupload.label.users.notify', 'Notifica als usuaris', 'ca-ES');
INSERT INTO OKM_TRANSLATION (TR_MODULE, TR_KEY, TR_TEXT, TR_LANGUAGE) VALUES ('frontend', 'fileupload.label.comment', 'Comentari', 'ca-ES');
INSERT INTO OKM_TRANSLATION (TR_MODULE, TR_KEY, TR_TEXT, TR_LANGUAGE) VALUES ('frontend', 'fileupload.label.users.to.notify"', '  "Usuaris a notificar', 'ca-ES');
INSERT INTO OKM_TRANSLATION (TR_MODULE, TR_KEY, TR_TEXT, TR_LANGUAGE) VALUES ('frontend', 'fileupload.label.users"', '  "Usuaris', 'ca-ES');
INSERT INTO OKM_TRANSLATION (TR_MODULE, TR_KEY, TR_TEXT, TR_LANGUAGE) VALUES ('frontend', 'fileupload.label.groups.to.notify', 'Grups a notificar', 'ca-ES');
INSERT INTO OKM_TRANSLATION (TR_MODULE, TR_KEY, TR_TEXT, TR_LANGUAGE) VALUES ('frontend', 'fileupload.label.groups', 'Grups', 'ca-ES');
INSERT INTO OKM_TRANSLATION (TR_MODULE, TR_KEY, TR_TEXT, TR_LANGUAGE) VALUES ('frontend', 'fileupload.label.must.select.users"', '  "Heu de selleccionar al manco un usuari a notificar', 'ca-ES');
INSERT INTO OKM_TRANSLATION (TR_MODULE, TR_KEY, TR_TEXT, TR_LANGUAGE) VALUES ('frontend', 'fileupload.label.importZip', 'Importa documents desde ZIP', 'ca-ES');
INSERT INTO OKM_TRANSLATION (TR_MODULE, TR_KEY, TR_TEXT, TR_LANGUAGE) VALUES ('frontend', 'fileupload.label.notify.comment', 'Missatge de notificaci', 'ca-ES');
INSERT INTO OKM_TRANSLATION (TR_MODULE, TR_KEY, TR_TEXT, TR_LANGUAGE) VALUES ('frontend', 'fileupload.label.error.importing.zip', 'S''ha produt un error a l''importar el fitxer', 'ca-ES');
INSERT INTO OKM_TRANSLATION (TR_MODULE, TR_KEY, TR_TEXT, TR_LANGUAGE) VALUES ('frontend', 'fileupload.label.error.move.file', 'S''ha produt un error movent el fitxer', 'ca-ES');
INSERT INTO OKM_TRANSLATION (TR_MODULE, TR_KEY, TR_TEXT, TR_LANGUAGE) VALUES ('frontend', 'fileupload.label.error.move.mail', 'S''ha produt un error movent el correu electrnic', 'ca-ES');
INSERT INTO OKM_TRANSLATION (TR_MODULE, TR_KEY, TR_TEXT, TR_LANGUAGE) VALUES ('frontend', 'fileupload.label.error.copy.file', 'S''ha produt un error copiant el fitxer', 'ca-ES');
INSERT INTO OKM_TRANSLATION (TR_MODULE, TR_KEY, TR_TEXT, TR_LANGUAGE) VALUES ('frontend', 'fileupload.label.error.copy.mail', 'S''ha produt un error copiant el correu electrnic', 'ca-ES');
INSERT INTO OKM_TRANSLATION (TR_MODULE, TR_KEY, TR_TEXT, TR_LANGUAGE) VALUES ('frontend', 'fileupload.label.error.restore.file', 'S''ha produt un error restaurant el fitxer', 'ca-ES');
INSERT INTO OKM_TRANSLATION (TR_MODULE, TR_KEY, TR_TEXT, TR_LANGUAGE) VALUES ('frontend', 'fileupload.label.error.restore.mail', 'S''ha produt un error restaurant el correu electrnic', 'ca-ES');
INSERT INTO OKM_TRANSLATION (TR_MODULE, TR_KEY, TR_TEXT, TR_LANGUAGE) VALUES ('frontend', 'fileupload.label.error.move.folder', 'S''ha produt un error movent la carpeta', 'ca-ES');
INSERT INTO OKM_TRANSLATION (TR_MODULE, TR_KEY, TR_TEXT, TR_LANGUAGE) VALUES ('frontend', 'fileupload.label.error.copy.folder', 'S''ha produt un error copiant la carpeta', 'ca-ES');
INSERT INTO OKM_TRANSLATION (TR_MODULE, TR_KEY, TR_TEXT, TR_LANGUAGE) VALUES ('frontend', 'fileupload.label.error.restore.folder', 'S''ha produt un error restaurant la carpeta', 'ca-ES');
INSERT INTO OKM_TRANSLATION (TR_MODULE, TR_KEY, TR_TEXT, TR_LANGUAGE) VALUES ('frontend', 'fileupload.label.error.create.from.template', 'S''ha produt un error creant el fitxer des de la plantilla', 'ca-ES');
INSERT INTO OKM_TRANSLATION (TR_MODULE, TR_KEY, TR_TEXT, TR_LANGUAGE) VALUES ('frontend', 'fileupload.label.error.not.allowed.move.folder.child', 'No es pot moure dins la carpeta origen o dins una filla', 'ca-ES');
INSERT INTO OKM_TRANSLATION (TR_MODULE, TR_KEY, TR_TEXT, TR_LANGUAGE) VALUES ('frontend', 'fileupload.label.error.not.allowed.copy.same.folder', 'No es pot copiar dins la carpeta origen', 'ca-ES');
INSERT INTO OKM_TRANSLATION (TR_MODULE, TR_KEY, TR_TEXT, TR_LANGUAGE) VALUES ('frontend', 'fileupload.label.error.not.allowed.create.from.template.same.folder', 'No es pot crear un fitxer dins la carpeta origen', 'ca-ES');
INSERT INTO OKM_TRANSLATION (TR_MODULE, TR_KEY, TR_TEXT, TR_LANGUAGE) VALUES ('frontend', 'tab.document.properties', 'Propietats', 'ca-ES');
INSERT INTO OKM_TRANSLATION (TR_MODULE, TR_KEY, TR_TEXT, TR_LANGUAGE) VALUES ('frontend', 'tab.document.notes', 'Notes', 'ca-ES');
INSERT INTO OKM_TRANSLATION (TR_MODULE, TR_KEY, TR_TEXT, TR_LANGUAGE) VALUES ('frontend', 'tab.document.history', 'Historial', 'ca-ES');
INSERT INTO OKM_TRANSLATION (TR_MODULE, TR_KEY, TR_TEXT, TR_LANGUAGE) VALUES ('frontend', 'tab.document.status.history', 'S''est refrescant historial', 'ca-ES');
INSERT INTO OKM_TRANSLATION (TR_MODULE, TR_KEY, TR_TEXT, TR_LANGUAGE) VALUES ('frontend', 'tab.status.security.role', 'S''est refrescant la seguretat dels rols', 'ca-ES');
INSERT INTO OKM_TRANSLATION (TR_MODULE, TR_KEY, TR_TEXT, TR_LANGUAGE) VALUES ('frontend', 'tab.status.security.user', 'S''est refrescant la seguretat dels usuaris', 'ca-ES');
INSERT INTO OKM_TRANSLATION (TR_MODULE, TR_KEY, TR_TEXT, TR_LANGUAGE) VALUES ('frontend', 'tab.document.status.group.properties', 'S''est refrescant el grup de propietats', 'ca-ES');
INSERT INTO OKM_TRANSLATION (TR_MODULE, TR_KEY, TR_TEXT, TR_LANGUAGE) VALUES ('frontend', 'tab.document.status.set.keywords', 'S''estan establint les paraules clau', 'ca-ES');
INSERT INTO OKM_TRANSLATION (TR_MODULE, TR_KEY, TR_TEXT, TR_LANGUAGE) VALUES ('frontend', 'tab.document.status.set.categories', 'S''estan actualizant les categories', 'ca-ES');
INSERT INTO OKM_TRANSLATION (TR_MODULE, TR_KEY, TR_TEXT, TR_LANGUAGE) VALUES ('frontend', 'tab.document.status.get.version.history.size', 'S''est refrescant el tamany de l''histric del document', 'ca-ES');
INSERT INTO OKM_TRANSLATION (TR_MODULE, TR_KEY, TR_TEXT, TR_LANGUAGE) VALUES ('frontend', 'tab.document.status.purge.version.history', 'S''est compactant l''histric del document', 'ca-ES');
INSERT INTO OKM_TRANSLATION (TR_MODULE, TR_KEY, TR_TEXT, TR_LANGUAGE) VALUES ('frontend', 'tab.document.status.restore.version', 'S''est restaurant la versi del document', 'ca-ES');
INSERT INTO OKM_TRANSLATION (TR_MODULE, TR_KEY, TR_TEXT, TR_LANGUAGE) VALUES ('frontend', 'tab.document.security', 'Seguretat', 'ca-ES');
INSERT INTO OKM_TRANSLATION (TR_MODULE, TR_KEY, TR_TEXT, TR_LANGUAGE) VALUES ('frontend', 'tab.document.preview', 'Previsualitzar', 'ca-ES');
INSERT INTO OKM_TRANSLATION (TR_MODULE, TR_KEY, TR_TEXT, TR_LANGUAGE) VALUES ('frontend', 'tab.folder.properties', 'Propietats', 'ca-ES');
INSERT INTO OKM_TRANSLATION (TR_MODULE, TR_KEY, TR_TEXT, TR_LANGUAGE) VALUES ('frontend', 'tab.folder.security', 'Seguretat', 'ca-ES');
INSERT INTO OKM_TRANSLATION (TR_MODULE, TR_KEY, TR_TEXT, TR_LANGUAGE) VALUES ('frontend', 'tab.folder.notes', 'Notes', 'ca-ES');
INSERT INTO OKM_TRANSLATION (TR_MODULE, TR_KEY, TR_TEXT, TR_LANGUAGE) VALUES ('frontend', 'tab.workspace.desktop', 'Escriptori', 'ca-ES');
INSERT INTO OKM_TRANSLATION (TR_MODULE, TR_KEY, TR_TEXT, TR_LANGUAGE) VALUES ('frontend', 'tab.workspace.search', 'Cercador', 'ca-ES');
INSERT INTO OKM_TRANSLATION (TR_MODULE, TR_KEY, TR_TEXT, TR_LANGUAGE) VALUES ('frontend', 'tab.workspace.dashboard', 'Taulell', 'ca-ES');
INSERT INTO OKM_TRANSLATION (TR_MODULE, TR_KEY, TR_TEXT, TR_LANGUAGE) VALUES ('frontend', 'tab.workspace.administration', 'Administraci', 'ca-ES');
INSERT INTO OKM_TRANSLATION (TR_MODULE, TR_KEY, TR_TEXT, TR_LANGUAGE) VALUES ('frontend', 'document.uuid', 'UUID', 'ca-ES');
INSERT INTO OKM_TRANSLATION (TR_MODULE, TR_KEY, TR_TEXT, TR_LANGUAGE) VALUES ('frontend', 'document.name', 'Nom', 'ca-ES');
INSERT INTO OKM_TRANSLATION (TR_MODULE, TR_KEY, TR_TEXT, TR_LANGUAGE) VALUES ('frontend', 'document.folder', 'Carpeta', 'ca-ES');
INSERT INTO OKM_TRANSLATION (TR_MODULE, TR_KEY, TR_TEXT, TR_LANGUAGE) VALUES ('frontend', 'document.size', 'Grandria', 'ca-ES');
INSERT INTO OKM_TRANSLATION (TR_MODULE, TR_KEY, TR_TEXT, TR_LANGUAGE) VALUES ('frontend', 'document.created', 'Creat', 'ca-ES');
INSERT INTO OKM_TRANSLATION (TR_MODULE, TR_KEY, TR_TEXT, TR_LANGUAGE) VALUES ('frontend', 'document.lastmodified', 'Modificat', 'ca-ES');
INSERT INTO OKM_TRANSLATION (TR_MODULE, TR_KEY, TR_TEXT, TR_LANGUAGE) VALUES ('frontend', 'document.mimetype', 'Tipus MIME', 'ca-ES');
INSERT INTO OKM_TRANSLATION (TR_MODULE, TR_KEY, TR_TEXT, TR_LANGUAGE) VALUES ('frontend', 'document.keywords', 'Paraules clau', 'ca-ES');
INSERT INTO OKM_TRANSLATION (TR_MODULE, TR_KEY, TR_TEXT, TR_LANGUAGE) VALUES ('frontend', 'document.by', 'per', 'ca-ES');
INSERT INTO OKM_TRANSLATION (TR_MODULE, TR_KEY, TR_TEXT, TR_LANGUAGE) VALUES ('frontend', 'document.status', 'Estat', 'ca-ES');
INSERT INTO OKM_TRANSLATION (TR_MODULE, TR_KEY, TR_TEXT, TR_LANGUAGE) VALUES ('frontend', 'document.status.checkout', 'Editat per', 'ca-ES');
INSERT INTO OKM_TRANSLATION (TR_MODULE, TR_KEY, TR_TEXT, TR_LANGUAGE) VALUES ('frontend', 'document.status.locked', 'Bloquejat per', 'ca-ES');
INSERT INTO OKM_TRANSLATION (TR_MODULE, TR_KEY, TR_TEXT, TR_LANGUAGE) VALUES ('frontend', 'document.status.normal', 'Disponible', 'ca-ES');
INSERT INTO OKM_TRANSLATION (TR_MODULE, TR_KEY, TR_TEXT, TR_LANGUAGE) VALUES ('frontend', 'document.subscribed', 'Subscrit', 'ca-ES');
INSERT INTO OKM_TRANSLATION (TR_MODULE, TR_KEY, TR_TEXT, TR_LANGUAGE) VALUES ('frontend', 'document.subscribed.yes', 'Si', 'ca-ES');
INSERT INTO OKM_TRANSLATION (TR_MODULE, TR_KEY, TR_TEXT, TR_LANGUAGE) VALUES ('frontend', 'document.subscribed.no', 'No', 'ca-ES');
INSERT INTO OKM_TRANSLATION (TR_MODULE, TR_KEY, TR_TEXT, TR_LANGUAGE) VALUES ('frontend', 'document.history.size', 'Grandria de l''histric', 'ca-ES');
INSERT INTO OKM_TRANSLATION (TR_MODULE, TR_KEY, TR_TEXT, TR_LANGUAGE) VALUES ('frontend', 'document.subscribed.users', 'Usuaris subscrits', 'ca-ES');
INSERT INTO OKM_TRANSLATION (TR_MODULE, TR_KEY, TR_TEXT, TR_LANGUAGE) VALUES ('frontend', 'document.url', 'URL', 'ca-ES');
INSERT INTO OKM_TRANSLATION (TR_MODULE, TR_KEY, TR_TEXT, TR_LANGUAGE) VALUES ('frontend', 'document.webdav', 'WebDAV', 'ca-ES');
INSERT INTO OKM_TRANSLATION (TR_MODULE, TR_KEY, TR_TEXT, TR_LANGUAGE) VALUES ('frontend', 'document.add.note', 'Afegir nota', 'ca-ES');
INSERT INTO OKM_TRANSLATION (TR_MODULE, TR_KEY, TR_TEXT, TR_LANGUAGE) VALUES ('frontend', 'document.keywords.cloud', 'Nvol de paraules clau', 'ca-ES');
INSERT INTO OKM_TRANSLATION (TR_MODULE, TR_KEY, TR_TEXT, TR_LANGUAGE) VALUES ('frontend', 'document.categories', 'Categories', 'ca-ES');
INSERT INTO OKM_TRANSLATION (TR_MODULE, TR_KEY, TR_TEXT, TR_LANGUAGE) VALUES ('frontend', 'folder.uuid', 'UUID', 'ca-ES');
INSERT INTO OKM_TRANSLATION (TR_MODULE, TR_KEY, TR_TEXT, TR_LANGUAGE) VALUES ('frontend', 'folder.name', 'Nom', 'ca-ES');
INSERT INTO OKM_TRANSLATION (TR_MODULE, TR_KEY, TR_TEXT, TR_LANGUAGE) VALUES ('frontend', 'folder.parent', 'Pare', 'ca-ES');
INSERT INTO OKM_TRANSLATION (TR_MODULE, TR_KEY, TR_TEXT, TR_LANGUAGE) VALUES ('frontend', 'folder.created', 'Creat', 'ca-ES');
INSERT INTO OKM_TRANSLATION (TR_MODULE, TR_KEY, TR_TEXT, TR_LANGUAGE) VALUES ('frontend', 'folder.by', 'per', 'ca-ES');
INSERT INTO OKM_TRANSLATION (TR_MODULE, TR_KEY, TR_TEXT, TR_LANGUAGE) VALUES ('frontend', 'folder.subscribed', 'Subscrit', 'ca-ES');
INSERT INTO OKM_TRANSLATION (TR_MODULE, TR_KEY, TR_TEXT, TR_LANGUAGE) VALUES ('frontend', 'folder.subscribed.yes', 'Si', 'ca-ES');
INSERT INTO OKM_TRANSLATION (TR_MODULE, TR_KEY, TR_TEXT, TR_LANGUAGE) VALUES ('frontend', 'folder.subscribed.no', 'No', 'ca-ES');
INSERT INTO OKM_TRANSLATION (TR_MODULE, TR_KEY, TR_TEXT, TR_LANGUAGE) VALUES ('frontend', 'folder.subscribed.users', 'Usuaris subscrits', 'ca-ES');
INSERT INTO OKM_TRANSLATION (TR_MODULE, TR_KEY, TR_TEXT, TR_LANGUAGE) VALUES ('frontend', 'folder.url', 'URL', 'ca-ES');
INSERT INTO OKM_TRANSLATION (TR_MODULE, TR_KEY, TR_TEXT, TR_LANGUAGE) VALUES ('frontend', 'folder.webdav', 'WebDAV', 'ca-ES');
INSERT INTO OKM_TRANSLATION (TR_MODULE, TR_KEY, TR_TEXT, TR_LANGUAGE) VALUES ('frontend', 'folder.number.folders', 'Carpetes', 'ca-ES');
INSERT INTO OKM_TRANSLATION (TR_MODULE, TR_KEY, TR_TEXT, TR_LANGUAGE) VALUES ('frontend', 'folder.number.documents', 'Documents', 'ca-ES');
INSERT INTO OKM_TRANSLATION (TR_MODULE, TR_KEY, TR_TEXT, TR_LANGUAGE) VALUES ('frontend', 'folder.number.mails', 'Correu electrnics', 'ca-ES');
INSERT INTO OKM_TRANSLATION (TR_MODULE, TR_KEY, TR_TEXT, TR_LANGUAGE) VALUES ('frontend', 'version.name', 'Versi', 'ca-ES');
INSERT INTO OKM_TRANSLATION (TR_MODULE, TR_KEY, TR_TEXT, TR_LANGUAGE) VALUES ('frontend', 'version.created', 'Data', 'ca-ES');
INSERT INTO OKM_TRANSLATION (TR_MODULE, TR_KEY, TR_TEXT, TR_LANGUAGE) VALUES ('frontend', 'version.author', 'Autor', 'ca-ES');
INSERT INTO OKM_TRANSLATION (TR_MODULE, TR_KEY, TR_TEXT, TR_LANGUAGE) VALUES ('frontend', 'version.size', 'Grandria', 'ca-ES');
INSERT INTO OKM_TRANSLATION (TR_MODULE, TR_KEY, TR_TEXT, TR_LANGUAGE) VALUES ('frontend', 'version.purge.document', 'Compacta histric', 'ca-ES');
INSERT INTO OKM_TRANSLATION (TR_MODULE, TR_KEY, TR_TEXT, TR_LANGUAGE) VALUES ('frontend', 'version.comment', 'Comentari', 'ca-ES');
INSERT INTO OKM_TRANSLATION (TR_MODULE, TR_KEY, TR_TEXT, TR_LANGUAGE) VALUES ('frontend', 'security.label', 'Seguretat', 'ca-ES');
INSERT INTO OKM_TRANSLATION (TR_MODULE, TR_KEY, TR_TEXT, TR_LANGUAGE) VALUES ('frontend', 'security.group.name', 'Grup', 'ca-ES');
INSERT INTO OKM_TRANSLATION (TR_MODULE, TR_KEY, TR_TEXT, TR_LANGUAGE) VALUES ('frontend', 'security.group.permission.read', 'Lectura', 'ca-ES');
INSERT INTO OKM_TRANSLATION (TR_MODULE, TR_KEY, TR_TEXT, TR_LANGUAGE) VALUES ('frontend', 'security.group.permission.write', 'Escriptura   ', 'ca-ES');
INSERT INTO OKM_TRANSLATION (TR_MODULE, TR_KEY, TR_TEXT, TR_LANGUAGE) VALUES ('frontend', 'security.group.permission.delete', 'Eliminar', 'ca-ES');
INSERT INTO OKM_TRANSLATION (TR_MODULE, TR_KEY, TR_TEXT, TR_LANGUAGE) VALUES ('frontend', 'security.group.permission.security', 'Seguretat', 'ca-ES');
INSERT INTO OKM_TRANSLATION (TR_MODULE, TR_KEY, TR_TEXT, TR_LANGUAGE) VALUES ('frontend', 'security.user.name', 'Usuari', 'ca-ES');
INSERT INTO OKM_TRANSLATION (TR_MODULE, TR_KEY, TR_TEXT, TR_LANGUAGE) VALUES ('frontend', 'security.user.permission.read', 'Lectura', 'ca-ES');
INSERT INTO OKM_TRANSLATION (TR_MODULE, TR_KEY, TR_TEXT, TR_LANGUAGE) VALUES ('frontend', 'security.user.permission.write', 'Escriptura', 'ca-ES');
INSERT INTO OKM_TRANSLATION (TR_MODULE, TR_KEY, TR_TEXT, TR_LANGUAGE) VALUES ('frontend', 'security.user.permission.delete', 'Eliminar', 'ca-ES');
INSERT INTO OKM_TRANSLATION (TR_MODULE, TR_KEY, TR_TEXT, TR_LANGUAGE) VALUES ('frontend', 'security.user.permission.security', 'Seguretat', 'ca-ES');
INSERT INTO OKM_TRANSLATION (TR_MODULE, TR_KEY, TR_TEXT, TR_LANGUAGE) VALUES ('frontend', 'security.users', 'Usuaris', 'ca-ES');
INSERT INTO OKM_TRANSLATION (TR_MODULE, TR_KEY, TR_TEXT, TR_LANGUAGE) VALUES ('frontend', 'security.groups', 'Grups', 'ca-ES');
INSERT INTO OKM_TRANSLATION (TR_MODULE, TR_KEY, TR_TEXT, TR_LANGUAGE) VALUES ('frontend', 'security.recursive', 'Aplica canvis de forma recursiva', 'ca-ES');
INSERT INTO OKM_TRANSLATION (TR_MODULE, TR_KEY, TR_TEXT, TR_LANGUAGE) VALUES ('frontend', 'secutiry.filter.by.users', 'Filtre d''usuaris', 'ca-ES');
INSERT INTO OKM_TRANSLATION (TR_MODULE, TR_KEY, TR_TEXT, TR_LANGUAGE) VALUES ('frontend', 'secutiry.filter.by.groups', 'Filtre de grups', 'ca-ES');
INSERT INTO OKM_TRANSLATION (TR_MODULE, TR_KEY, TR_TEXT, TR_LANGUAGE) VALUES ('frontend', 'security.status.updating', 'Actualitzant la seguretat', 'ca-ES');
INSERT INTO OKM_TRANSLATION (TR_MODULE, TR_KEY, TR_TEXT, TR_LANGUAGE) VALUES ('frontend', 'preview.unavailable', 'Previsualitzaci no disponible', 'ca-ES');
INSERT INTO OKM_TRANSLATION (TR_MODULE, TR_KEY, TR_TEXT, TR_LANGUAGE) VALUES ('frontend', 'mail.from', 'Desde', 'ca-ES');
INSERT INTO OKM_TRANSLATION (TR_MODULE, TR_KEY, TR_TEXT, TR_LANGUAGE) VALUES ('frontend', 'mail.reply', 'Contestar a', 'ca-ES');
INSERT INTO OKM_TRANSLATION (TR_MODULE, TR_KEY, TR_TEXT, TR_LANGUAGE) VALUES ('frontend', 'mail.to', 'Per a', 'ca-ES');
INSERT INTO OKM_TRANSLATION (TR_MODULE, TR_KEY, TR_TEXT, TR_LANGUAGE) VALUES ('frontend', 'mail.subject', 'Asunto', 'ca-ES');
INSERT INTO OKM_TRANSLATION (TR_MODULE, TR_KEY, TR_TEXT, TR_LANGUAGE) VALUES ('frontend', 'mail.attachment', 'Fitxers adjunts', 'ca-ES');
INSERT INTO OKM_TRANSLATION (TR_MODULE, TR_KEY, TR_TEXT, TR_LANGUAGE) VALUES ('frontend', 'error.label', 'El sistema ha generat un error', 'ca-ES');
INSERT INTO OKM_TRANSLATION (TR_MODULE, TR_KEY, TR_TEXT, TR_LANGUAGE) VALUES ('frontend', 'error.invocation', 'Error de comunicaci amb el servidor', 'ca-ES');
INSERT INTO OKM_TRANSLATION (TR_MODULE, TR_KEY, TR_TEXT, TR_LANGUAGE) VALUES ('frontend', 'about.label', 'Sobre OpenKM', 'ca-ES');
INSERT INTO OKM_TRANSLATION (TR_MODULE, TR_KEY, TR_TEXT, TR_LANGUAGE) VALUES ('frontend', 'about.loading', 'Carregant ...', 'ca-ES');
INSERT INTO OKM_TRANSLATION (TR_MODULE, TR_KEY, TR_TEXT, TR_LANGUAGE) VALUES ('frontend', 'logout.label', 'Surt', 'ca-ES');
INSERT INTO OKM_TRANSLATION (TR_MODULE, TR_KEY, TR_TEXT, TR_LANGUAGE) VALUES ('frontend', 'logout.closed', 'OpenKM s''ha tancat correctament.', 'ca-ES');
INSERT INTO OKM_TRANSLATION (TR_MODULE, TR_KEY, TR_TEXT, TR_LANGUAGE) VALUES ('frontend', 'logout.logout', 'OpenKM s''est tancant siusplau espereu un moment.', 'ca-ES');
INSERT INTO OKM_TRANSLATION (TR_MODULE, TR_KEY, TR_TEXT, TR_LANGUAGE) VALUES ('frontend', 'confirm.label', 'Confirmaci', 'ca-ES');
INSERT INTO OKM_TRANSLATION (TR_MODULE, TR_KEY, TR_TEXT, TR_LANGUAGE) VALUES ('frontend', 'confirm.delete.folder', ' Estau segurs que voleu eliminar la carpeta ?', 'ca-ES');
INSERT INTO OKM_TRANSLATION (TR_MODULE, TR_KEY, TR_TEXT, TR_LANGUAGE) VALUES ('frontend', 'confirm.delete.document', ' Estau segurs que voleu eliminar el document ?', 'ca-ES');
INSERT INTO OKM_TRANSLATION (TR_MODULE, TR_KEY, TR_TEXT, TR_LANGUAGE) VALUES ('frontend', 'confirm.delete.trash', ' Estau segurs que voleu buidar la paperera ?', 'ca-ES');
INSERT INTO OKM_TRANSLATION (TR_MODULE, TR_KEY, TR_TEXT, TR_LANGUAGE) VALUES ('frontend', 'confirm.purge.folder', ' Estau segurs que voleu eliminar la carpeta ?', 'ca-ES');
INSERT INTO OKM_TRANSLATION (TR_MODULE, TR_KEY, TR_TEXT, TR_LANGUAGE) VALUES ('frontend', 'confirm.purge.document', ' Estau segurs que voleu eliminar el document ?', 'ca-ES');
INSERT INTO OKM_TRANSLATION (TR_MODULE, TR_KEY, TR_TEXT, TR_LANGUAGE) VALUES ('frontend', 'confirm.delete.propety.group', ' Estau segurs que voleu eliminar el grup de propietats ?', 'ca-ES');
INSERT INTO OKM_TRANSLATION (TR_MODULE, TR_KEY, TR_TEXT, TR_LANGUAGE) VALUES ('frontend', 'confirm.purge.version.history.document', ' Estau segurs que voleu eliminar l''histric del document ?', 'ca-ES');
INSERT INTO OKM_TRANSLATION (TR_MODULE, TR_KEY, TR_TEXT, TR_LANGUAGE) VALUES ('frontend', 'confirm.purge.restore.document', ' Estau segurs que voleu resturar aquesta versi del document ?', 'ca-ES');
INSERT INTO OKM_TRANSLATION (TR_MODULE, TR_KEY, TR_TEXT, TR_LANGUAGE) VALUES ('frontend', 'confirm.set.default.home', ' Estau segurs que voleu establir l''inici per defecte ?', 'ca-ES');
INSERT INTO OKM_TRANSLATION (TR_MODULE, TR_KEY, TR_TEXT, TR_LANGUAGE) VALUES ('frontend', 'confirm.delete.saved.search', ' Estau segurs que voleu eliminar la consulta emmagatzemanda ?', 'ca-ES');
INSERT INTO OKM_TRANSLATION (TR_MODULE, TR_KEY, TR_TEXT, TR_LANGUAGE) VALUES ('frontend', 'confirm.delete.user.news', ' Estau segurs que voleu eliminar la novetat d''usuari ?', 'ca-ES');
INSERT INTO OKM_TRANSLATION (TR_MODULE, TR_KEY, TR_TEXT, TR_LANGUAGE) VALUES ('frontend', 'confirm.delete.mail', ' Estau segurs que voleu eliminar el correu electrnic ?', 'ca-ES');
INSERT INTO OKM_TRANSLATION (TR_MODULE, TR_KEY, TR_TEXT, TR_LANGUAGE) VALUES ('frontend', 'confirm.get.pooled.workflow.task', ' Estau segurs que us voleu assignar aquesta tasca ?', 'ca-ES');
INSERT INTO OKM_TRANSLATION (TR_MODULE, TR_KEY, TR_TEXT, TR_LANGUAGE) VALUES ('frontend', 'confirm.force.unlock', ' Estau segurs que voleu forar el desbloqueig del document', 'ca-ES');
INSERT INTO OKM_TRANSLATION (TR_MODULE, TR_KEY, TR_TEXT, TR_LANGUAGE) VALUES ('frontend', 'confirm.force.cancel.checkout', ' Estau segurs que voleu forar la cancelaci de la edici del document ?', 'ca-ES');
INSERT INTO OKM_TRANSLATION (TR_MODULE, TR_KEY, TR_TEXT, TR_LANGUAGE) VALUES ('frontend', 'search.context', 'Contexte', 'ca-ES');
INSERT INTO OKM_TRANSLATION (TR_MODULE, TR_KEY, TR_TEXT, TR_LANGUAGE) VALUES ('frontend', 'search.content', 'Contingut', 'ca-ES');
INSERT INTO OKM_TRANSLATION (TR_MODULE, TR_KEY, TR_TEXT, TR_LANGUAGE) VALUES ('frontend', 'search.name', 'Nom', 'ca-ES');
INSERT INTO OKM_TRANSLATION (TR_MODULE, TR_KEY, TR_TEXT, TR_LANGUAGE) VALUES ('frontend', 'search.keywords', 'Paraules clau', 'ca-ES');
INSERT INTO OKM_TRANSLATION (TR_MODULE, TR_KEY, TR_TEXT, TR_LANGUAGE) VALUES ('frontend', 'search.folder', 'Carpeta', 'ca-ES');
INSERT INTO OKM_TRANSLATION (TR_MODULE, TR_KEY, TR_TEXT, TR_LANGUAGE) VALUES ('frontend', 'search.category', 'Categoria', 'ca-ES');
INSERT INTO OKM_TRANSLATION (TR_MODULE, TR_KEY, TR_TEXT, TR_LANGUAGE) VALUES ('frontend', 'search.results', 'Resultats', 'ca-ES');
INSERT INTO OKM_TRANSLATION (TR_MODULE, TR_KEY, TR_TEXT, TR_LANGUAGE) VALUES ('frontend', 'search.to', 'al', 'ca-ES');
INSERT INTO OKM_TRANSLATION (TR_MODULE, TR_KEY, TR_TEXT, TR_LANGUAGE) VALUES ('frontend', 'search.page.results', 'Resultats per pgina', 'ca-ES');
INSERT INTO OKM_TRANSLATION (TR_MODULE, TR_KEY, TR_TEXT, TR_LANGUAGE) VALUES ('frontend', 'search.add.property.group', 'Afegeix propietat de grup', 'ca-ES');
INSERT INTO OKM_TRANSLATION (TR_MODULE, TR_KEY, TR_TEXT, TR_LANGUAGE) VALUES ('frontend', 'search.mimetype', 'Tipus de document', 'ca-ES');
INSERT INTO OKM_TRANSLATION (TR_MODULE, TR_KEY, TR_TEXT, TR_LANGUAGE) VALUES ('frontend', 'search.type', 'Tipus', 'ca-ES');
INSERT INTO OKM_TRANSLATION (TR_MODULE, TR_KEY, TR_TEXT, TR_LANGUAGE) VALUES ('frontend', 'search.type.document', 'Document', 'ca-ES');
INSERT INTO OKM_TRANSLATION (TR_MODULE, TR_KEY, TR_TEXT, TR_LANGUAGE) VALUES ('frontend', 'search.type.folder', 'Carpeta', 'ca-ES');
INSERT INTO OKM_TRANSLATION (TR_MODULE, TR_KEY, TR_TEXT, TR_LANGUAGE) VALUES ('frontend', 'search.type.mail', 'Correu electrnic', 'ca-ES');
INSERT INTO OKM_TRANSLATION (TR_MODULE, TR_KEY, TR_TEXT, TR_LANGUAGE) VALUES ('frontend', 'search.advanced', 'Cerca avanada', 'ca-ES');
INSERT INTO OKM_TRANSLATION (TR_MODULE, TR_KEY, TR_TEXT, TR_LANGUAGE) VALUES ('frontend', 'search.user', 'Usuari', 'ca-ES');
INSERT INTO OKM_TRANSLATION (TR_MODULE, TR_KEY, TR_TEXT, TR_LANGUAGE) VALUES ('frontend', 'search.date.and', 'i', 'ca-ES');
INSERT INTO OKM_TRANSLATION (TR_MODULE, TR_KEY, TR_TEXT, TR_LANGUAGE) VALUES ('frontend', 'search.date.range', 'Rang de dates entre', 'ca-ES');
INSERT INTO OKM_TRANSLATION (TR_MODULE, TR_KEY, TR_TEXT, TR_LANGUAGE) VALUES ('frontend', 'search.save.as.news', 'Desa com a novetat d''usuari', 'ca-ES');
INSERT INTO OKM_TRANSLATION (TR_MODULE, TR_KEY, TR_TEXT, TR_LANGUAGE) VALUES ('frontend', 'search.folder.filter', 'Filtrat per carpeta', 'ca-ES');
INSERT INTO OKM_TRANSLATION (TR_MODULE, TR_KEY, TR_TEXT, TR_LANGUAGE) VALUES ('frontend', 'search.category.filter', 'Filtrat per categories', 'ca-ES');
INSERT INTO OKM_TRANSLATION (TR_MODULE, TR_KEY, TR_TEXT, TR_LANGUAGE) VALUES ('frontend', 'search.result.name', 'Nom', 'ca-ES');
INSERT INTO OKM_TRANSLATION (TR_MODULE, TR_KEY, TR_TEXT, TR_LANGUAGE) VALUES ('frontend', 'search.result.score', 'Rellevncia', 'ca-ES');
INSERT INTO OKM_TRANSLATION (TR_MODULE, TR_KEY, TR_TEXT, TR_LANGUAGE) VALUES ('frontend', 'search.result.size', 'Tamany', 'ca-ES');
INSERT INTO OKM_TRANSLATION (TR_MODULE, TR_KEY, TR_TEXT, TR_LANGUAGE) VALUES ('frontend', 'search.result.date.update', 'Data de modificaci', 'ca-ES');
INSERT INTO OKM_TRANSLATION (TR_MODULE, TR_KEY, TR_TEXT, TR_LANGUAGE) VALUES ('frontend', 'search.result.author', 'Autor', 'ca-ES');
INSERT INTO OKM_TRANSLATION (TR_MODULE, TR_KEY, TR_TEXT, TR_LANGUAGE) VALUES ('frontend', 'search.result.version', 'Versi', 'ca-ES');
INSERT INTO OKM_TRANSLATION (TR_MODULE, TR_KEY, TR_TEXT, TR_LANGUAGE) VALUES ('frontend', 'search.result.path', 'Ubicaci', 'ca-ES');
INSERT INTO OKM_TRANSLATION (TR_MODULE, TR_KEY, TR_TEXT, TR_LANGUAGE) VALUES ('frontend', 'search.result.menu.download', 'Descarrega', 'ca-ES');
INSERT INTO OKM_TRANSLATION (TR_MODULE, TR_KEY, TR_TEXT, TR_LANGUAGE) VALUES ('frontend', 'search.result.menu.go.folder', 'Ves a la carpeta', 'ca-ES');
INSERT INTO OKM_TRANSLATION (TR_MODULE, TR_KEY, TR_TEXT, TR_LANGUAGE) VALUES ('frontend', 'search.result.menu.go.document', 'Ves al document', 'ca-ES');
INSERT INTO OKM_TRANSLATION (TR_MODULE, TR_KEY, TR_TEXT, TR_LANGUAGE) VALUES ('frontend', 'search.result.status.findPaginated', 'S''est refrescant la cerca', 'ca-ES');
INSERT INTO OKM_TRANSLATION (TR_MODULE, TR_KEY, TR_TEXT, TR_LANGUAGE) VALUES ('frontend', 'search.result.status.runsearch', 'S''est refrescant la cerca emmagatzemada', 'ca-ES');
INSERT INTO OKM_TRANSLATION (TR_MODULE, TR_KEY, TR_TEXT, TR_LANGUAGE) VALUES ('frontend', 'search.saved.run', 'Executa', 'ca-ES');
INSERT INTO OKM_TRANSLATION (TR_MODULE, TR_KEY, TR_TEXT, TR_LANGUAGE) VALUES ('frontend', 'search.saved.delete', 'Elimina', 'ca-ES');
INSERT INTO OKM_TRANSLATION (TR_MODULE, TR_KEY, TR_TEXT, TR_LANGUAGE) VALUES ('frontend', 'search.saved.status.getsearchs', 'S''estan refrescant les cerques enmagazemades', 'ca-ES');
INSERT INTO OKM_TRANSLATION (TR_MODULE, TR_KEY, TR_TEXT, TR_LANGUAGE) VALUES ('frontend', 'search.saved.status.savesearch', 'S''est guardant la cerca', 'ca-ES');
INSERT INTO OKM_TRANSLATION (TR_MODULE, TR_KEY, TR_TEXT, TR_LANGUAGE) VALUES ('frontend', 'search.saved.status.deletesearch', 'S''est eliminant la cerca emmagatzemada', 'ca-ES');
INSERT INTO OKM_TRANSLATION (TR_MODULE, TR_KEY, TR_TEXT, TR_LANGUAGE) VALUES ('frontend', 'search.saved.status.getusernews', 'S''estan refrescant les novetats d''usuari', 'ca-ES');
INSERT INTO OKM_TRANSLATION (TR_MODULE, TR_KEY, TR_TEXT, TR_LANGUAGE) VALUES ('frontend', 'button.close', 'Tanca', 'ca-ES');
INSERT INTO OKM_TRANSLATION (TR_MODULE, TR_KEY, TR_TEXT, TR_LANGUAGE) VALUES ('frontend', 'button.logout', 'Surt', 'ca-ES');
INSERT INTO OKM_TRANSLATION (TR_MODULE, TR_KEY, TR_TEXT, TR_LANGUAGE) VALUES ('frontend', 'button.update', 'Actualitza', 'ca-ES');
INSERT INTO OKM_TRANSLATION (TR_MODULE, TR_KEY, TR_TEXT, TR_LANGUAGE) VALUES ('frontend', 'button.cancel', 'Cancella', 'ca-ES');
INSERT INTO OKM_TRANSLATION (TR_MODULE, TR_KEY, TR_TEXT, TR_LANGUAGE) VALUES ('frontend', 'button.accept', 'Accepta', 'ca-ES');
INSERT INTO OKM_TRANSLATION (TR_MODULE, TR_KEY, TR_TEXT, TR_LANGUAGE) VALUES ('frontend', 'button.restore', 'Restaura', 'ca-ES');
INSERT INTO OKM_TRANSLATION (TR_MODULE, TR_KEY, TR_TEXT, TR_LANGUAGE) VALUES ('frontend', 'button.move', 'Mou', 'ca-ES');
INSERT INTO OKM_TRANSLATION (TR_MODULE, TR_KEY, TR_TEXT, TR_LANGUAGE) VALUES ('frontend', 'button.change', 'Modifica', 'ca-ES');
INSERT INTO OKM_TRANSLATION (TR_MODULE, TR_KEY, TR_TEXT, TR_LANGUAGE) VALUES ('frontend', 'button.search', 'Cerca', 'ca-ES');
INSERT INTO OKM_TRANSLATION (TR_MODULE, TR_KEY, TR_TEXT, TR_LANGUAGE) VALUES ('frontend', 'button.save.search', 'Desa la consulta', 'ca-ES');
INSERT INTO OKM_TRANSLATION (TR_MODULE, TR_KEY, TR_TEXT, TR_LANGUAGE) VALUES ('frontend', 'button.view', 'Visualitza', 'ca-ES');
INSERT INTO OKM_TRANSLATION (TR_MODULE, TR_KEY, TR_TEXT, TR_LANGUAGE) VALUES ('frontend', 'button.clean', 'Neteja', 'ca-ES');
INSERT INTO OKM_TRANSLATION (TR_MODULE, TR_KEY, TR_TEXT, TR_LANGUAGE) VALUES ('frontend', 'button.add', 'Afegeix', 'ca-ES');
INSERT INTO OKM_TRANSLATION (TR_MODULE, TR_KEY, TR_TEXT, TR_LANGUAGE) VALUES ('frontend', 'button.delete', 'Elimina', 'ca-ES');
INSERT INTO OKM_TRANSLATION (TR_MODULE, TR_KEY, TR_TEXT, TR_LANGUAGE) VALUES ('frontend', 'button.copy', 'Copia', 'ca-ES');
INSERT INTO OKM_TRANSLATION (TR_MODULE, TR_KEY, TR_TEXT, TR_LANGUAGE) VALUES ('frontend', 'button.create', 'Crea', 'ca-ES');
INSERT INTO OKM_TRANSLATION (TR_MODULE, TR_KEY, TR_TEXT, TR_LANGUAGE) VALUES ('frontend', 'button.show', 'Mostra', 'ca-ES');
INSERT INTO OKM_TRANSLATION (TR_MODULE, TR_KEY, TR_TEXT, TR_LANGUAGE) VALUES ('frontend', 'button.memory', 'Actualitza', 'ca-ES');
INSERT INTO OKM_TRANSLATION (TR_MODULE, TR_KEY, TR_TEXT, TR_LANGUAGE) VALUES ('frontend', 'button.copy.clipboard', 'Copia al portapapers', 'ca-ES');
INSERT INTO OKM_TRANSLATION (TR_MODULE, TR_KEY, TR_TEXT, TR_LANGUAGE) VALUES ('frontend', 'button.start', 'Iniciar', 'ca-ES');
INSERT INTO OKM_TRANSLATION (TR_MODULE, TR_KEY, TR_TEXT, TR_LANGUAGE) VALUES ('frontend', 'button.select', 'Sel.leciona', 'ca-ES');
INSERT INTO OKM_TRANSLATION (TR_MODULE, TR_KEY, TR_TEXT, TR_LANGUAGE) VALUES ('frontend', 'button.test', 'Comprovar', 'ca-ES');
INSERT INTO OKM_TRANSLATION (TR_MODULE, TR_KEY, TR_TEXT, TR_LANGUAGE) VALUES ('frontend', 'button.next', 'Segent', 'ca-ES');
INSERT INTO OKM_TRANSLATION (TR_MODULE, TR_KEY, TR_TEXT, TR_LANGUAGE) VALUES ('frontend', 'group.label', 'Afegeix grup de propietats', 'ca-ES');
INSERT INTO OKM_TRANSLATION (TR_MODULE, TR_KEY, TR_TEXT, TR_LANGUAGE) VALUES ('frontend', 'group.group', 'Grup', 'ca-ES');
INSERT INTO OKM_TRANSLATION (TR_MODULE, TR_KEY, TR_TEXT, TR_LANGUAGE) VALUES ('frontend', 'group.property.group', 'Propietat', 'ca-ES');
INSERT INTO OKM_TRANSLATION (TR_MODULE, TR_KEY, TR_TEXT, TR_LANGUAGE) VALUES ('frontend', 'bookmark.label', 'Afegeix enlla d''inters', 'ca-ES');
INSERT INTO OKM_TRANSLATION (TR_MODULE, TR_KEY, TR_TEXT, TR_LANGUAGE) VALUES ('frontend', 'bookmark.name', 'Nom', 'ca-ES');
INSERT INTO OKM_TRANSLATION (TR_MODULE, TR_KEY, TR_TEXT, TR_LANGUAGE) VALUES ('frontend', 'bookmark.edit.label', 'Edita els enllaos d''inters', 'ca-ES');
INSERT INTO OKM_TRANSLATION (TR_MODULE, TR_KEY, TR_TEXT, TR_LANGUAGE) VALUES ('frontend', 'bookmark.path', 'Ruta', 'ca-ES');
INSERT INTO OKM_TRANSLATION (TR_MODULE, TR_KEY, TR_TEXT, TR_LANGUAGE) VALUES ('frontend', 'bookmark.type', 'Tipus', 'ca-ES');
INSERT INTO OKM_TRANSLATION (TR_MODULE, TR_KEY, TR_TEXT, TR_LANGUAGE) VALUES ('frontend', 'bookmark.type.document', 'Document', 'ca-ES');
INSERT INTO OKM_TRANSLATION (TR_MODULE, TR_KEY, TR_TEXT, TR_LANGUAGE) VALUES ('frontend', 'bookmark.type.folder', 'Carpeta', 'ca-ES');
INSERT INTO OKM_TRANSLATION (TR_MODULE, TR_KEY, TR_TEXT, TR_LANGUAGE) VALUES ('frontend', 'notify.label', 'Enviar enlla del document', 'ca-ES');
INSERT INTO OKM_TRANSLATION (TR_MODULE, TR_KEY, TR_TEXT, TR_LANGUAGE) VALUES ('frontend', 'notify.label.attachment', 'Enviar el document adjunt', 'ca-ES');
INSERT INTO OKM_TRANSLATION (TR_MODULE, TR_KEY, TR_TEXT, TR_LANGUAGE) VALUES ('frontend', 'status.document.copied', 'Document marcat per a copiar', 'ca-ES');
INSERT INTO OKM_TRANSLATION (TR_MODULE, TR_KEY, TR_TEXT, TR_LANGUAGE) VALUES ('frontend', 'status.document.cut', 'Document marcat per a retallar', 'ca-ES');
INSERT INTO OKM_TRANSLATION (TR_MODULE, TR_KEY, TR_TEXT, TR_LANGUAGE) VALUES ('frontend', 'status.folder.copied', 'Carpeta marcada per a copiar', 'ca-ES');
INSERT INTO OKM_TRANSLATION (TR_MODULE, TR_KEY, TR_TEXT, TR_LANGUAGE) VALUES ('frontend', 'status.folder.cut', 'Carpeta marcada per a retallar', 'ca-ES');
INSERT INTO OKM_TRANSLATION (TR_MODULE, TR_KEY, TR_TEXT, TR_LANGUAGE) VALUES ('frontend', 'status.keep.alive.error', 'Detectada prdua de connexi amb el servidor (keep alive)', 'ca-ES');
INSERT INTO OKM_TRANSLATION (TR_MODULE, TR_KEY, TR_TEXT, TR_LANGUAGE) VALUES ('frontend', 'status.debug.enabled', 'Debug activat', 'ca-ES');
INSERT INTO OKM_TRANSLATION (TR_MODULE, TR_KEY, TR_TEXT, TR_LANGUAGE) VALUES ('frontend', 'status.debug.disabled', 'Debug desactivat', 'ca-ES');
INSERT INTO OKM_TRANSLATION (TR_MODULE, TR_KEY, TR_TEXT, TR_LANGUAGE) VALUES ('frontend', 'status.network.error.detected', 'Detectat error de red', 'ca-ES');
INSERT INTO OKM_TRANSLATION (TR_MODULE, TR_KEY, TR_TEXT, TR_LANGUAGE) VALUES ('frontend', 'calendar.day.sunday', 'Diumenge', 'ca-ES');
INSERT INTO OKM_TRANSLATION (TR_MODULE, TR_KEY, TR_TEXT, TR_LANGUAGE) VALUES ('frontend', 'calendar.day.monday', 'Dilluns', 'ca-ES');
INSERT INTO OKM_TRANSLATION (TR_MODULE, TR_KEY, TR_TEXT, TR_LANGUAGE) VALUES ('frontend', 'calendar.day.tuesday', 'Dimarts', 'ca-ES');
INSERT INTO OKM_TRANSLATION (TR_MODULE, TR_KEY, TR_TEXT, TR_LANGUAGE) VALUES ('frontend', 'calendar.day.wednesday', 'Dimecres', 'ca-ES');
INSERT INTO OKM_TRANSLATION (TR_MODULE, TR_KEY, TR_TEXT, TR_LANGUAGE) VALUES ('frontend', 'calendar.day.thursday', 'Dijous', 'ca-ES');
INSERT INTO OKM_TRANSLATION (TR_MODULE, TR_KEY, TR_TEXT, TR_LANGUAGE) VALUES ('frontend', 'calendar.day.friday', 'Divendres', 'ca-ES');
INSERT INTO OKM_TRANSLATION (TR_MODULE, TR_KEY, TR_TEXT, TR_LANGUAGE) VALUES ('frontend', 'calendar.day.saturday', 'Dissabte', 'ca-ES');
INSERT INTO OKM_TRANSLATION (TR_MODULE, TR_KEY, TR_TEXT, TR_LANGUAGE) VALUES ('frontend', 'calendar.month.january', 'Gener', 'ca-ES');
INSERT INTO OKM_TRANSLATION (TR_MODULE, TR_KEY, TR_TEXT, TR_LANGUAGE) VALUES ('frontend', 'calendar.month.february', 'Febrer', 'ca-ES');
INSERT INTO OKM_TRANSLATION (TR_MODULE, TR_KEY, TR_TEXT, TR_LANGUAGE) VALUES ('frontend', 'calendar.month.march', 'Mar', 'ca-ES');
INSERT INTO OKM_TRANSLATION (TR_MODULE, TR_KEY, TR_TEXT, TR_LANGUAGE) VALUES ('frontend', 'calendar.month.april', 'Abril', 'ca-ES');
INSERT INTO OKM_TRANSLATION (TR_MODULE, TR_KEY, TR_TEXT, TR_LANGUAGE) VALUES ('frontend', 'calendar.month.may', 'Maig', 'ca-ES');
INSERT INTO OKM_TRANSLATION (TR_MODULE, TR_KEY, TR_TEXT, TR_LANGUAGE) VALUES ('frontend', 'calendar.month.june', 'Juny', 'ca-ES');
INSERT INTO OKM_TRANSLATION (TR_MODULE, TR_KEY, TR_TEXT, TR_LANGUAGE) VALUES ('frontend', 'calendar.month.july', 'Juliol', 'ca-ES');
INSERT INTO OKM_TRANSLATION (TR_MODULE, TR_KEY, TR_TEXT, TR_LANGUAGE) VALUES ('frontend', 'calendar.month.august', 'Agost', 'ca-ES');
INSERT INTO OKM_TRANSLATION (TR_MODULE, TR_KEY, TR_TEXT, TR_LANGUAGE) VALUES ('frontend', 'calendar.month.september', 'Setembre', 'ca-ES');
INSERT INTO OKM_TRANSLATION (TR_MODULE, TR_KEY, TR_TEXT, TR_LANGUAGE) VALUES ('frontend', 'calendar.month.october', 'Octubre', 'ca-ES');
INSERT INTO OKM_TRANSLATION (TR_MODULE, TR_KEY, TR_TEXT, TR_LANGUAGE) VALUES ('frontend', 'calendar.month.november', 'Novembre', 'ca-ES');
INSERT INTO OKM_TRANSLATION (TR_MODULE, TR_KEY, TR_TEXT, TR_LANGUAGE) VALUES ('frontend', 'calendar.month.december', 'Desembre', 'ca-ES');
INSERT INTO OKM_TRANSLATION (TR_MODULE, TR_KEY, TR_TEXT, TR_LANGUAGE) VALUES ('frontend', 'media.player.label', 'Reproductor multimedia', 'ca-ES');
INSERT INTO OKM_TRANSLATION (TR_MODULE, TR_KEY, TR_TEXT, TR_LANGUAGE) VALUES ('frontend', 'image.viewer.label', 'Visor d''imatges', 'ca-ES');
INSERT INTO OKM_TRANSLATION (TR_MODULE, TR_KEY, TR_TEXT, TR_LANGUAGE) VALUES ('frontend', 'image.viewer.zoom.in', 'Ampliar', 'ca-ES');
INSERT INTO OKM_TRANSLATION (TR_MODULE, TR_KEY, TR_TEXT, TR_LANGUAGE) VALUES ('frontend', 'image.viewer.zoom.out', 'Reduir', 'ca-ES');
INSERT INTO OKM_TRANSLATION (TR_MODULE, TR_KEY, TR_TEXT, TR_LANGUAGE) VALUES ('frontend', 'debug.console.label', 'Consola de depuraci', 'ca-ES');
INSERT INTO OKM_TRANSLATION (TR_MODULE, TR_KEY, TR_TEXT, TR_LANGUAGE) VALUES ('frontend', 'debug.enable.disable', 'CTRL+Z per activar o desactivar el mode debug', 'ca-ES');
INSERT INTO OKM_TRANSLATION (TR_MODULE, TR_KEY, TR_TEXT, TR_LANGUAGE) VALUES ('frontend', 'dashboard.tab.general', 'General', 'ca-ES');
INSERT INTO OKM_TRANSLATION (TR_MODULE, TR_KEY, TR_TEXT, TR_LANGUAGE) VALUES ('frontend', 'dashboard.tab.news', 'Novetats', 'ca-ES');
INSERT INTO OKM_TRANSLATION (TR_MODULE, TR_KEY, TR_TEXT, TR_LANGUAGE) VALUES ('frontend', 'dashboard.tab.user', 'Usuari', 'ca-ES');
INSERT INTO OKM_TRANSLATION (TR_MODULE, TR_KEY, TR_TEXT, TR_LANGUAGE) VALUES ('frontend', 'dashboard.tab.workflow', 'Workflow', 'ca-ES');
INSERT INTO OKM_TRANSLATION (TR_MODULE, TR_KEY, TR_TEXT, TR_LANGUAGE) VALUES ('frontend', 'dashboard.tab.mail', 'Correu', 'ca-ES');
INSERT INTO OKM_TRANSLATION (TR_MODULE, TR_KEY, TR_TEXT, TR_LANGUAGE) VALUES ('frontend', 'dashboard.tab.keymap', 'Keyword map', 'ca-ES');
INSERT INTO OKM_TRANSLATION (TR_MODULE, TR_KEY, TR_TEXT, TR_LANGUAGE) VALUES ('frontend', 'dashboard.new.items', 'Nous', 'ca-ES');
INSERT INTO OKM_TRANSLATION (TR_MODULE, TR_KEY, TR_TEXT, TR_LANGUAGE) VALUES ('frontend', 'dashboard.user.locked.documents', 'Documents bloquejats', 'ca-ES');
INSERT INTO OKM_TRANSLATION (TR_MODULE, TR_KEY, TR_TEXT, TR_LANGUAGE) VALUES ('frontend', 'dashboard.user.checkout.documents', 'Documents checkout', 'ca-ES');
INSERT INTO OKM_TRANSLATION (TR_MODULE, TR_KEY, TR_TEXT, TR_LANGUAGE) VALUES ('frontend', 'dashboard.user.last.modified.documents', 'Darrers documents modificats', 'ca-ES');
INSERT INTO OKM_TRANSLATION (TR_MODULE, TR_KEY, TR_TEXT, TR_LANGUAGE) VALUES ('frontend', 'dashboard.user.last.downloaded.documents', 'Darrers documents descarregats', 'ca-ES');
INSERT INTO OKM_TRANSLATION (TR_MODULE, TR_KEY, TR_TEXT, TR_LANGUAGE) VALUES ('frontend', 'dashboard.user.subscribed.documents', 'Documents suscrits', 'ca-ES');
INSERT INTO OKM_TRANSLATION (TR_MODULE, TR_KEY, TR_TEXT, TR_LANGUAGE) VALUES ('frontend', 'dashboard.user.subscribed.folders', 'Carpetes suscrites', 'ca-ES');
INSERT INTO OKM_TRANSLATION (TR_MODULE, TR_KEY, TR_TEXT, TR_LANGUAGE) VALUES ('frontend', 'dashboard.user.last.uploaded.documents', 'Darrers documets pujats', 'ca-ES');
INSERT INTO OKM_TRANSLATION (TR_MODULE, TR_KEY, TR_TEXT, TR_LANGUAGE) VALUES ('frontend', 'dashboard.general.last.week.top.downloaded.documents', 'Documents ms vistos la darrera setmana', 'ca-ES');
INSERT INTO OKM_TRANSLATION (TR_MODULE, TR_KEY, TR_TEXT, TR_LANGUAGE) VALUES ('frontend', 'dashboard.general.last.month.top.downloaded.documents', 'Documents ms vistos el darrer mes', 'ca-ES');
INSERT INTO OKM_TRANSLATION (TR_MODULE, TR_KEY, TR_TEXT, TR_LANGUAGE) VALUES ('frontend', 'dashboard.general.last.week.top.modified.documents', 'Documents ms modificats la darrera setmana', 'ca-ES');
INSERT INTO OKM_TRANSLATION (TR_MODULE, TR_KEY, TR_TEXT, TR_LANGUAGE) VALUES ('frontend', 'dashboard.general.last.month.top.modified.documents', 'Documents ms modificats el darrer mes', 'ca-ES');
INSERT INTO OKM_TRANSLATION (TR_MODULE, TR_KEY, TR_TEXT, TR_LANGUAGE) VALUES ('frontend', 'dashboard.general.last.uploaded.documents', 'Darrers documents pujats', 'ca-ES');
INSERT INTO OKM_TRANSLATION (TR_MODULE, TR_KEY, TR_TEXT, TR_LANGUAGE) VALUES ('frontend', 'dashboard.workflow.pending.tasks', 'Tasques pendents', 'ca-ES');
INSERT INTO OKM_TRANSLATION (TR_MODULE, TR_KEY, TR_TEXT, TR_LANGUAGE) VALUES ('frontend', 'dashboard.workflow.pending.tasks.unassigned', 'Tasques pendent no assignades', 'ca-ES');
INSERT INTO OKM_TRANSLATION (TR_MODULE, TR_KEY, TR_TEXT, TR_LANGUAGE) VALUES ('frontend', 'dashboard.workflow.task', 'Tasca', 'ca-ES');
INSERT INTO OKM_TRANSLATION (TR_MODULE, TR_KEY, TR_TEXT, TR_LANGUAGE) VALUES ('frontend', 'dashboard.workflow.task.id', 'ID', 'ca-ES');
INSERT INTO OKM_TRANSLATION (TR_MODULE, TR_KEY, TR_TEXT, TR_LANGUAGE) VALUES ('frontend', 'dashboard.workflow.task.name', 'Nom', 'ca-ES');
INSERT INTO OKM_TRANSLATION (TR_MODULE, TR_KEY, TR_TEXT, TR_LANGUAGE) VALUES ('frontend', 'dashboard.workflow.task.created', 'Data creaci', 'ca-ES');
INSERT INTO OKM_TRANSLATION (TR_MODULE, TR_KEY, TR_TEXT, TR_LANGUAGE) VALUES ('frontend', 'dashboard.workflow.task.start', 'Data inici', 'ca-ES');
INSERT INTO OKM_TRANSLATION (TR_MODULE, TR_KEY, TR_TEXT, TR_LANGUAGE) VALUES ('frontend', 'dashboard.workflow.task.duedate', 'Data lmit', 'ca-ES');
INSERT INTO OKM_TRANSLATION (TR_MODULE, TR_KEY, TR_TEXT, TR_LANGUAGE) VALUES ('frontend', 'dashboard.workflow.task.end', 'Data finalitzaci', 'ca-ES');
INSERT INTO OKM_TRANSLATION (TR_MODULE, TR_KEY, TR_TEXT, TR_LANGUAGE) VALUES ('frontend', 'dashboard.workflow.task.description', 'Descripci', 'ca-ES');
INSERT INTO OKM_TRANSLATION (TR_MODULE, TR_KEY, TR_TEXT, TR_LANGUAGE) VALUES ('frontend', 'dashboard.workflow.task.process.instance', 'Instancia del procs', 'ca-ES');
INSERT INTO OKM_TRANSLATION (TR_MODULE, TR_KEY, TR_TEXT, TR_LANGUAGE) VALUES ('frontend', 'dashboard.workflow.task.process.id', 'ID', 'ca-ES');
INSERT INTO OKM_TRANSLATION (TR_MODULE, TR_KEY, TR_TEXT, TR_LANGUAGE) VALUES ('frontend', 'dashboard.workflow.task.process.version', 'Versi', 'ca-ES');
INSERT INTO OKM_TRANSLATION (TR_MODULE, TR_KEY, TR_TEXT, TR_LANGUAGE) VALUES ('frontend', 'dashboard.workflow.task.process.name', 'Nom', 'ca-ES');
INSERT INTO OKM_TRANSLATION (TR_MODULE, TR_KEY, TR_TEXT, TR_LANGUAGE) VALUES ('frontend', 'dashboard.workflow.task.process.description', 'Descripci', 'ca-ES');
INSERT INTO OKM_TRANSLATION (TR_MODULE, TR_KEY, TR_TEXT, TR_LANGUAGE) VALUES ('frontend', 'dashboard.workflow.task.process.data', 'Dades', 'ca-ES');
INSERT INTO OKM_TRANSLATION (TR_MODULE, TR_KEY, TR_TEXT, TR_LANGUAGE) VALUES ('frontend', 'dashboard.workflow.comments', 'Comentaris', 'ca-ES');
INSERT INTO OKM_TRANSLATION (TR_MODULE, TR_KEY, TR_TEXT, TR_LANGUAGE) VALUES ('frontend', 'dashboard.workflow.task.process.forms', 'Formulari', 'ca-ES');
INSERT INTO OKM_TRANSLATION (TR_MODULE, TR_KEY, TR_TEXT, TR_LANGUAGE) VALUES ('frontend', 'dashboard.workflow.add.comment', 'Aadir comentario', 'ca-ES');
INSERT INTO OKM_TRANSLATION (TR_MODULE, TR_KEY, TR_TEXT, TR_LANGUAGE) VALUES ('frontend', 'dashboard.workflow.task.process.definition', 'Definici del process', 'ca-ES');
INSERT INTO OKM_TRANSLATION (TR_MODULE, TR_KEY, TR_TEXT, TR_LANGUAGE) VALUES ('frontend', 'dashboard.workflow.task.process.path', 'Ruta', 'ca-ES');
INSERT INTO OKM_TRANSLATION (TR_MODULE, TR_KEY, TR_TEXT, TR_LANGUAGE) VALUES ('frontend', 'dashboard.refreshing', 'Refrescant', 'ca-ES');
INSERT INTO OKM_TRANSLATION (TR_MODULE, TR_KEY, TR_TEXT, TR_LANGUAGE) VALUES ('frontend', 'dashboard.keyword', 'Paraules clau', 'ca-ES');
INSERT INTO OKM_TRANSLATION (TR_MODULE, TR_KEY, TR_TEXT, TR_LANGUAGE) VALUES ('frontend', 'dashboard.keyword.suggest', 'Escriu la paraula plau', 'ca-ES');
INSERT INTO OKM_TRANSLATION (TR_MODULE, TR_KEY, TR_TEXT, TR_LANGUAGE) VALUES ('frontend', 'dashboard.keyword.all', 'Paraules clau', 'ca-ES');
INSERT INTO OKM_TRANSLATION (TR_MODULE, TR_KEY, TR_TEXT, TR_LANGUAGE) VALUES ('frontend', 'dashboard.keyword.top', 'Paraules clau mes emprades', 'ca-ES');
INSERT INTO OKM_TRANSLATION (TR_MODULE, TR_KEY, TR_TEXT, TR_LANGUAGE) VALUES ('frontend', 'dashboard.keyword.related', 'Paraules clau relacionades', 'ca-ES');
INSERT INTO OKM_TRANSLATION (TR_MODULE, TR_KEY, TR_TEXT, TR_LANGUAGE) VALUES ('frontend', 'dashboard.keyword.goto.document', 'Anar al document', 'ca-ES');
INSERT INTO OKM_TRANSLATION (TR_MODULE, TR_KEY, TR_TEXT, TR_LANGUAGE) VALUES ('frontend', 'dashboard.keyword.clean.keywords', 'Neteja paraules clau', 'ca-ES');
INSERT INTO OKM_TRANSLATION (TR_MODULE, TR_KEY, TR_TEXT, TR_LANGUAGE) VALUES ('frontend', 'dashboard.mail.last.imported.mails', 'Correu electrnic', 'ca-ES');
INSERT INTO OKM_TRANSLATION (TR_MODULE, TR_KEY, TR_TEXT, TR_LANGUAGE) VALUES ('frontend', 'dashboard.mail.last.imported.attached.documents', 'Documents adjunts', 'ca-ES');
INSERT INTO OKM_TRANSLATION (TR_MODULE, TR_KEY, TR_TEXT, TR_LANGUAGE) VALUES ('frontend', 'workflow.label', 'Iniciar workflow', 'ca-ES');
INSERT INTO OKM_TRANSLATION (TR_MODULE, TR_KEY, TR_TEXT, TR_LANGUAGE) VALUES ('frontend', 'user.preferences.label', 'Configuracin del usuario', 'ca-ES');
INSERT INTO OKM_TRANSLATION (TR_MODULE, TR_KEY, TR_TEXT, TR_LANGUAGE) VALUES ('frontend', 'user.preferences.user', 'Usuari', 'ca-ES');
INSERT INTO OKM_TRANSLATION (TR_MODULE, TR_KEY, TR_TEXT, TR_LANGUAGE) VALUES ('frontend', 'user.preferences.password', 'Clau', 'ca-ES');
INSERT INTO OKM_TRANSLATION (TR_MODULE, TR_KEY, TR_TEXT, TR_LANGUAGE) VALUES ('frontend', 'user.preferences.mail', 'Correu electrnic', 'ca-ES');
INSERT INTO OKM_TRANSLATION (TR_MODULE, TR_KEY, TR_TEXT, TR_LANGUAGE) VALUES ('frontend', 'user.preferences.roles', 'Grups', 'ca-ES');
INSERT INTO OKM_TRANSLATION (TR_MODULE, TR_KEY, TR_TEXT, TR_LANGUAGE) VALUES ('frontend', 'user.preferences.imap.host', 'Servidor de IMAP', 'ca-ES');
INSERT INTO OKM_TRANSLATION (TR_MODULE, TR_KEY, TR_TEXT, TR_LANGUAGE) VALUES ('frontend', 'user.preferences.imap.user', 'Nom d''usuari de IMAP', 'ca-ES');
INSERT INTO OKM_TRANSLATION (TR_MODULE, TR_KEY, TR_TEXT, TR_LANGUAGE) VALUES ('frontend', 'user.preferences.imap.user.password', 'Clau de l''usuari de IMAP', 'ca-ES');
INSERT INTO OKM_TRANSLATION (TR_MODULE, TR_KEY, TR_TEXT, TR_LANGUAGE) VALUES ('frontend', 'user.preferences.imap.folder', 'Carpeta de IMAP', 'ca-ES');
INSERT INTO OKM_TRANSLATION (TR_MODULE, TR_KEY, TR_TEXT, TR_LANGUAGE) VALUES ('frontend', 'user.preferences.password.error', 'Error la clau no coincideix', 'ca-ES');
INSERT INTO OKM_TRANSLATION (TR_MODULE, TR_KEY, TR_TEXT, TR_LANGUAGE) VALUES ('frontend', 'user.preferences.user.data', 'Compte d''usuari', 'ca-ES');
INSERT INTO OKM_TRANSLATION (TR_MODULE, TR_KEY, TR_TEXT, TR_LANGUAGE) VALUES ('frontend', 'user.preferences.mail.data', 'Compte de mail', 'ca-ES');
INSERT INTO OKM_TRANSLATION (TR_MODULE, TR_KEY, TR_TEXT, TR_LANGUAGE) VALUES ('frontend', 'user.preferences.imap.error', 'Tots els camps son obligatoris per configurar el correu', 'ca-ES');
INSERT INTO OKM_TRANSLATION (TR_MODULE, TR_KEY, TR_TEXT, TR_LANGUAGE) VALUES ('frontend', 'user.preferences.imap.password.error.void', 'El clau de IMAP no pot ser buit en la creaci', 'ca-ES');
INSERT INTO OKM_TRANSLATION (TR_MODULE, TR_KEY, TR_TEXT, TR_LANGUAGE) VALUES ('frontend', 'user.preferences.imap.test.error', 'Configuraci de IMAP incorrecta', 'ca-ES');
INSERT INTO OKM_TRANSLATION (TR_MODULE, TR_KEY, TR_TEXT, TR_LANGUAGE) VALUES ('frontend', 'user.preferences.imap.test.ok', 'Configuraci de IMAP correcta', 'ca-ES');
INSERT INTO OKM_TRANSLATION (TR_MODULE, TR_KEY, TR_TEXT, TR_LANGUAGE) VALUES ('frontend', 'thesaurus.directory.select.label', 'Afegir una paraula clau del thesaurus', 'ca-ES');
INSERT INTO OKM_TRANSLATION (TR_MODULE, TR_KEY, TR_TEXT, TR_LANGUAGE) VALUES ('frontend', 'thesaurus.tab.tree', 'Arbre', 'ca-ES');
INSERT INTO OKM_TRANSLATION (TR_MODULE, TR_KEY, TR_TEXT, TR_LANGUAGE) VALUES ('frontend', 'thesaurus.tab.keywords', 'Paraules clau', 'ca-ES');
INSERT INTO OKM_TRANSLATION (TR_MODULE, TR_KEY, TR_TEXT, TR_LANGUAGE) VALUES ('frontend', 'categories.folder.select.label', 'Afegir una categoria', 'ca-ES');
INSERT INTO OKM_TRANSLATION (TR_MODULE, TR_KEY, TR_TEXT, TR_LANGUAGE) VALUES ('frontend', 'categories.folder.error.delete', 'No es pot eliminar una categoria amb documents', 'ca-ES');
INSERT INTO OKM_TRANSLATION (TR_MODULE, TR_KEY, TR_TEXT, TR_LANGUAGE) VALUES ('frontend', 'wizard.document.uploading', 'Assistent de document', 'ca-ES');
INSERT INTO OKM_TRANSLATION (TR_MODULE, TR_KEY, TR_TEXT, TR_LANGUAGE) VALUES ('frontend', 'user.info.chat.connect', 'Conectar el chat', 'ca-ES');
INSERT INTO OKM_TRANSLATION (TR_MODULE, TR_KEY, TR_TEXT, TR_LANGUAGE) VALUES ('frontend', 'user.info.chat.disconnect', 'Desconectar el chat', 'ca-ES');
INSERT INTO OKM_TRANSLATION (TR_MODULE, TR_KEY, TR_TEXT, TR_LANGUAGE) VALUES ('frontend', 'user.info.chat.new.room', 'Nou chat', 'ca-ES');
INSERT INTO OKM_TRANSLATION (TR_MODULE, TR_KEY, TR_TEXT, TR_LANGUAGE) VALUES ('frontend', 'user.info.locked.actual', 'Documents bloquejats', 'ca-ES');
INSERT INTO OKM_TRANSLATION (TR_MODULE, TR_KEY, TR_TEXT, TR_LANGUAGE) VALUES ('frontend', 'user.info.checkout.actual', 'Documents editats', 'ca-ES');
INSERT INTO OKM_TRANSLATION (TR_MODULE, TR_KEY, TR_TEXT, TR_LANGUAGE) VALUES ('frontend', 'user.info.subscription.actual', 'Suscripcions actuals', 'ca-ES');
INSERT INTO OKM_TRANSLATION (TR_MODULE, TR_KEY, TR_TEXT, TR_LANGUAGE) VALUES ('frontend', 'user.info.news.new', 'Novetats', 'ca-ES');
INSERT INTO OKM_TRANSLATION (TR_MODULE, TR_KEY, TR_TEXT, TR_LANGUAGE) VALUES ('frontend', 'user.info.workflow.pending', 'Workflows pendients', 'ca-ES');
INSERT INTO OKM_TRANSLATION (TR_MODULE, TR_KEY, TR_TEXT, TR_LANGUAGE) VALUES ('frontend', 'user.info.user.quota', 'Quota utilizada', 'ca-ES');
INSERT INTO OKM_TRANSLATION (TR_MODULE, TR_KEY, TR_TEXT, TR_LANGUAGE) VALUES ('frontend', 'user.online', 'Usuaris conectats', 'ca-ES');
INSERT INTO OKM_TRANSLATION (TR_MODULE, TR_KEY, TR_TEXT, TR_LANGUAGE) VALUES ('frontend', 'chat.room', 'Chat', 'ca-ES');
INSERT INTO OKM_TRANSLATION (TR_MODULE, TR_KEY, TR_TEXT, TR_LANGUAGE) VALUES ('frontend', 'chat.users.in.room', 'Usuaris', 'ca-ES');
INSERT INTO OKM_TRANSLATION (TR_MODULE, TR_KEY, TR_TEXT, TR_LANGUAGE) VALUES ('frontend', 'OKM-017009', 'No teniu permisos per a accedir al document', 'ca-ES');
INSERT INTO OKM_TRANSLATION (TR_MODULE, TR_KEY, TR_TEXT, TR_LANGUAGE) VALUES ('frontend', 'OKM-017004', 'No s''ha pogut bloquejar el document', 'ca-ES');
INSERT INTO OKM_TRANSLATION (TR_MODULE, TR_KEY, TR_TEXT, TR_LANGUAGE) VALUES ('frontend', 'OKM-017001', 'Error intern en el repositori', 'ca-ES');
INSERT INTO OKM_TRANSLATION (TR_MODULE, TR_KEY, TR_TEXT, TR_LANGUAGE) VALUES ('frontend', 'OKM-017015', 'La ruta del document no existeix', 'ca-ES');
INSERT INTO OKM_TRANSLATION (TR_MODULE, TR_KEY, TR_TEXT, TR_LANGUAGE) VALUES ('frontend', 'OKM-017016', 'Error en la versi', 'ca-ES');
INSERT INTO OKM_TRANSLATION (TR_MODULE, TR_KEY, TR_TEXT, TR_LANGUAGE) VALUES ('frontend', 'OKM-002009', 'No teniu permisos per a accedir al document', 'ca-ES');
INSERT INTO OKM_TRANSLATION (TR_MODULE, TR_KEY, TR_TEXT, TR_LANGUAGE) VALUES ('frontend', 'OKM-002002', 'No existeix un document amb aquest nom', 'ca-ES');
INSERT INTO OKM_TRANSLATION (TR_MODULE, TR_KEY, TR_TEXT, TR_LANGUAGE) VALUES ('frontend', 'OKM-002003', 'Ja existeix un document amb aquest nom', 'ca-ES');
INSERT INTO OKM_TRANSLATION (TR_MODULE, TR_KEY, TR_TEXT, TR_LANGUAGE) VALUES ('frontend', 'OKM-002004', 'No s''ha pogut bloquejar el document', 'ca-ES');
INSERT INTO OKM_TRANSLATION (TR_MODULE, TR_KEY, TR_TEXT, TR_LANGUAGE) VALUES ('frontend', 'OKM-002004', 'No s''ha pogut desbloquejar el document', 'ca-ES');
INSERT INTO OKM_TRANSLATION (TR_MODULE, TR_KEY, TR_TEXT, TR_LANGUAGE) VALUES ('frontend', 'OKM-002001', 'Error intern en el repositori', 'ca-ES');
INSERT INTO OKM_TRANSLATION (TR_MODULE, TR_KEY, TR_TEXT, TR_LANGUAGE) VALUES ('frontend', 'OKM-002006', 'Error intern de l''aplicaci', 'ca-ES');
INSERT INTO OKM_TRANSLATION (TR_MODULE, TR_KEY, TR_TEXT, TR_LANGUAGE) VALUES ('frontend', 'OKM-002015', 'La ruta del document no existeix', 'ca-ES');
INSERT INTO OKM_TRANSLATION (TR_MODULE, TR_KEY, TR_TEXT, TR_LANGUAGE) VALUES ('frontend', 'OKM-002024', 'Error en la base de dades', 'ca-ES');
INSERT INTO OKM_TRANSLATION (TR_MODULE, TR_KEY, TR_TEXT, TR_LANGUAGE) VALUES ('frontend', 'OKM-001009', 'No teniu permisos per a accedir a la carpeta', 'ca-ES');
INSERT INTO OKM_TRANSLATION (TR_MODULE, TR_KEY, TR_TEXT, TR_LANGUAGE) VALUES ('frontend', 'OKM-001002', 'No existeix una carpeta amb aquest nom', 'ca-ES');
INSERT INTO OKM_TRANSLATION (TR_MODULE, TR_KEY, TR_TEXT, TR_LANGUAGE) VALUES ('frontend', 'OKM-001003', 'Ja existeix una carpeta amb aquest nom', 'ca-ES');
INSERT INTO OKM_TRANSLATION (TR_MODULE, TR_KEY, TR_TEXT, TR_LANGUAGE) VALUES ('frontend', 'OKM-001001', 'Error intern del repositori', 'ca-ES');
INSERT INTO OKM_TRANSLATION (TR_MODULE, TR_KEY, TR_TEXT, TR_LANGUAGE) VALUES ('frontend', 'OKM-001006', 'Error intern de l''aplicaci', 'ca-ES');
INSERT INTO OKM_TRANSLATION (TR_MODULE, TR_KEY, TR_TEXT, TR_LANGUAGE) VALUES ('frontend', 'OKM-001015', 'La ruta de la carpeta no existeix', 'ca-ES');
INSERT INTO OKM_TRANSLATION (TR_MODULE, TR_KEY, TR_TEXT, TR_LANGUAGE) VALUES ('frontend', 'OKM-001024', 'Error en la base de dades', 'ca-ES');
INSERT INTO OKM_TRANSLATION (TR_MODULE, TR_KEY, TR_TEXT, TR_LANGUAGE) VALUES ('frontend', 'OKM-007009', 'No teniu permisos per a accedir a l''element', 'ca-ES');
INSERT INTO OKM_TRANSLATION (TR_MODULE, TR_KEY, TR_TEXT, TR_LANGUAGE) VALUES ('frontend', 'OKM-007002', 'No existeix un element amb aquest nom', 'ca-ES');
INSERT INTO OKM_TRANSLATION (TR_MODULE, TR_KEY, TR_TEXT, TR_LANGUAGE) VALUES ('frontend', 'OKM-007001', 'Error intern del repositori', 'ca-ES');
INSERT INTO OKM_TRANSLATION (TR_MODULE, TR_KEY, TR_TEXT, TR_LANGUAGE) VALUES ('frontend', 'OKM-007006', 'Error intern de l''aplicaci', 'ca-ES');
INSERT INTO OKM_TRANSLATION (TR_MODULE, TR_KEY, TR_TEXT, TR_LANGUAGE) VALUES ('frontend', 'OKM-007024', 'Error en la base de dades', 'ca-ES');
INSERT INTO OKM_TRANSLATION (TR_MODULE, TR_KEY, TR_TEXT, TR_LANGUAGE) VALUES ('frontend', 'OKM-009002', 'No existeix un document amb aquest nom', 'ca-ES');
INSERT INTO OKM_TRANSLATION (TR_MODULE, TR_KEY, TR_TEXT, TR_LANGUAGE) VALUES ('frontend', 'OKM-009006', 'Error intern de l''aplicaci', 'ca-ES');
INSERT INTO OKM_TRANSLATION (TR_MODULE, TR_KEY, TR_TEXT, TR_LANGUAGE) VALUES ('frontend', 'OKM-005010', 'Tipus de fitxer no suportat', 'ca-ES');
INSERT INTO OKM_TRANSLATION (TR_MODULE, TR_KEY, TR_TEXT, TR_LANGUAGE) VALUES ('frontend', 'OKM-005003', 'Ja existeix un document amb aquest nom', 'ca-ES');
INSERT INTO OKM_TRANSLATION (TR_MODULE, TR_KEY, TR_TEXT, TR_LANGUAGE) VALUES ('frontend', 'OKM-005011', 'El document s massa gran', 'ca-ES');
INSERT INTO OKM_TRANSLATION (TR_MODULE, TR_KEY, TR_TEXT, TR_LANGUAGE) VALUES ('frontend', 'OKM-005027', 'El nom del document es diferent', 'ca-ES');
INSERT INTO OKM_TRANSLATION (TR_MODULE, TR_KEY, TR_TEXT, TR_LANGUAGE) VALUES ('frontend', 'OKM-004001', 'La sessi s''ha tancat', 'ca-ES');
INSERT INTO OKM_TRANSLATION (TR_MODULE, TR_KEY, TR_TEXT, TR_LANGUAGE) VALUES ('frontend', 'OKM-004024', 'Error en la base de dades', 'ca-ES');
INSERT INTO OKM_TRANSLATION (TR_MODULE, TR_KEY, TR_TEXT, TR_LANGUAGE) VALUES ('frontend', 'OKM-008001', 'Generic error executing query', 'ca-ES');
INSERT INTO OKM_TRANSLATION (TR_MODULE, TR_KEY, TR_TEXT, TR_LANGUAGE) VALUES ('frontend', 'OKM-008003', 'El nom de la consulta enmagatzemada ha de ser nic', 'ca-ES');
INSERT INTO OKM_TRANSLATION (TR_MODULE, TR_KEY, TR_TEXT, TR_LANGUAGE) VALUES ('frontend', 'OKM-008024', 'Error en la base de dades', 'ca-ES');
INSERT INTO OKM_TRANSLATION (TR_MODULE, TR_KEY, TR_TEXT, TR_LANGUAGE) VALUES ('frontend', 'OKM-011003', 'El nom del l''enlla d''inters ha de ser nic', 'ca-ES');
INSERT INTO OKM_TRANSLATION (TR_MODULE, TR_KEY, TR_TEXT, TR_LANGUAGE) VALUES ('frontend', 'OKM-003017', 'S''ha perdut la sessi', 'ca-ES');
INSERT INTO OKM_TRANSLATION (TR_MODULE, TR_KEY, TR_TEXT, TR_LANGUAGE) VALUES ('frontend', 'OKM-013001', 'Error intern del repositori', 'ca-ES');
INSERT INTO OKM_TRANSLATION (TR_MODULE, TR_KEY, TR_TEXT, TR_LANGUAGE) VALUES ('frontend', 'OKM-013024', 'Error en la base de dades', 'ca-ES');
INSERT INTO OKM_TRANSLATION (TR_MODULE, TR_KEY, TR_TEXT, TR_LANGUAGE) VALUES ('frontend', 'OKM-014001', 'Error intern del repositori', 'ca-ES');
INSERT INTO OKM_TRANSLATION (TR_MODULE, TR_KEY, TR_TEXT, TR_LANGUAGE) VALUES ('frontend', 'OKM-014013', 'Error en el dispositiu I/O', 'ca-ES');
INSERT INTO OKM_TRANSLATION (TR_MODULE, TR_KEY, TR_TEXT, TR_LANGUAGE) VALUES ('frontend', 'OKM-015001', 'Error intern del repositori', 'ca-ES');
INSERT INTO OKM_TRANSLATION (TR_MODULE, TR_KEY, TR_TEXT, TR_LANGUAGE) VALUES ('frontend', 'OKM-015024', 'Error en la base de dades', 'ca-ES');
INSERT INTO OKM_TRANSLATION (TR_MODULE, TR_KEY, TR_TEXT, TR_LANGUAGE) VALUES ('frontend', 'OKM-018022', 'Error en la configuraci del navegador', 'ca-ES');
INSERT INTO OKM_TRANSLATION (TR_MODULE, TR_KEY, TR_TEXT, TR_LANGUAGE) VALUES ('frontend', 'OKM-018023', 'Error ha superat la quota de usuario,  contacti amb l''administrador', 'ca-ES');
INSERT INTO OKM_TRANSLATION (TR_MODULE, TR_KEY, TR_TEXT, TR_LANGUAGE) VALUES ('frontend', 'OKM-016009', 'No teniu permisos per a accedir al correu electrnic', 'ca-ES');
INSERT INTO OKM_TRANSLATION (TR_MODULE, TR_KEY, TR_TEXT, TR_LANGUAGE) VALUES ('frontend', 'OKM-016002', 'No existeix un correu electrnic amb aquest nom', 'ca-ES');
INSERT INTO OKM_TRANSLATION (TR_MODULE, TR_KEY, TR_TEXT, TR_LANGUAGE) VALUES ('frontend', 'OKM-016003', 'Ja existeix un correu electrnic amb aquest nom', 'ca-ES');
INSERT INTO OKM_TRANSLATION (TR_MODULE, TR_KEY, TR_TEXT, TR_LANGUAGE) VALUES ('frontend', 'OKM-016004', 'No s''ha pogut bloquejar el correu electrnic', 'ca-ES');
INSERT INTO OKM_TRANSLATION (TR_MODULE, TR_KEY, TR_TEXT, TR_LANGUAGE) VALUES ('frontend', 'OKM-016001', 'Error intern en el repositori', 'ca-ES');
INSERT INTO OKM_TRANSLATION (TR_MODULE, TR_KEY, TR_TEXT, TR_LANGUAGE) VALUES ('frontend', 'OKM-016006', 'Error intern de l''aplicaci', 'ca-ES');
INSERT INTO OKM_TRANSLATION (TR_MODULE, TR_KEY, TR_TEXT, TR_LANGUAGE) VALUES ('frontend', 'OKM-016015', 'La ruta del correu electrnic no existeix', 'ca-ES');
INSERT INTO OKM_TRANSLATION (TR_MODULE, TR_KEY, TR_TEXT, TR_LANGUAGE) VALUES ('frontend', 'OKM-016024', 'Error en la base de dades', 'ca-ES');
INSERT INTO OKM_TRANSLATION (TR_MODULE, TR_KEY, TR_TEXT, TR_LANGUAGE) VALUES ('frontend', 'OKM-010015', 'La ruta no existeix', 'ca-ES');
INSERT INTO OKM_TRANSLATION (TR_MODULE, TR_KEY, TR_TEXT, TR_LANGUAGE) VALUES ('frontend', 'OKM-010009', 'Access denegat', 'ca-ES');
INSERT INTO OKM_TRANSLATION (TR_MODULE, TR_KEY, TR_TEXT, TR_LANGUAGE) VALUES ('frontend', 'OKM-010001', 'Error intern del repositori', 'ca-ES');
INSERT INTO OKM_TRANSLATION (TR_MODULE, TR_KEY, TR_TEXT, TR_LANGUAGE) VALUES ('frontend', 'OKM-010024', 'Error en la base de dades', 'ca-ES');
INSERT INTO OKM_TRANSLATION (TR_MODULE, TR_KEY, TR_TEXT, TR_LANGUAGE) VALUES ('frontend', 'OKM-010006', 'Error intern de l''aplicaci ', 'ca-ES');
INSERT INTO OKM_TRANSLATION (TR_MODULE, TR_KEY, TR_TEXT, TR_LANGUAGE) VALUES ('frontend', 'OKM-009004', 'Bloquejat', 'ca-ES');
INSERT INTO OKM_TRANSLATION (TR_MODULE, TR_KEY, TR_TEXT, TR_LANGUAGE) VALUES ('frontend', 'OKM-009015', 'La ruta no existeix', 'ca-ES');
INSERT INTO OKM_TRANSLATION (TR_MODULE, TR_KEY, TR_TEXT, TR_LANGUAGE) VALUES ('frontend', 'OKM-009009', 'Access denegat', 'ca-ES');
INSERT INTO OKM_TRANSLATION (TR_MODULE, TR_KEY, TR_TEXT, TR_LANGUAGE) VALUES ('frontend', 'OKM-009001', 'Error intern del repositori', 'ca-ES');
INSERT INTO OKM_TRANSLATION (TR_MODULE, TR_KEY, TR_TEXT, TR_LANGUAGE) VALUES ('frontend', 'OKM-009024', 'Error en la base de dades', 'ca-ES');
INSERT INTO OKM_TRANSLATION (TR_MODULE, TR_KEY, TR_TEXT, TR_LANGUAGE) VALUES ('frontend', 'OKM-009006', 'Error intern de l''aplicaci', 'ca-ES');
INSERT INTO OKM_TRANSLATION (TR_MODULE, TR_KEY, TR_TEXT, TR_LANGUAGE) VALUES ('frontend', 'OKM-009012', 'El grup no existeix', 'ca-ES');
INSERT INTO OKM_TRANSLATION (TR_MODULE, TR_KEY, TR_TEXT, TR_LANGUAGE) VALUES ('frontend', 'OKM-009014', 'La propietat no existeix', 'ca-ES');
INSERT INTO OKM_TRANSLATION (TR_MODULE, TR_KEY, TR_TEXT, TR_LANGUAGE) VALUES ('frontend', 'OKM-009013', 'Error de Entrada/Sortida', 'ca-ES');
INSERT INTO OKM_TRANSLATION (TR_MODULE, TR_KEY, TR_TEXT, TR_LANGUAGE) VALUES ('frontend', 'OKM-012001', 'Error intern del repositori', 'ca-ES');
INSERT INTO OKM_TRANSLATION (TR_MODULE, TR_KEY, TR_TEXT, TR_LANGUAGE) VALUES ('frontend', 'OKM-012006', 'Error intern de l''aplicaci', 'ca-ES');
INSERT INTO OKM_TRANSLATION (TR_MODULE, TR_KEY, TR_TEXT, TR_LANGUAGE) VALUES ('frontend', 'OKM-012015', 'La ruta no existeix', 'ca-ES');
INSERT INTO OKM_TRANSLATION (TR_MODULE, TR_KEY, TR_TEXT, TR_LANGUAGE) VALUES ('frontend', 'OKM-012024', 'Error en la base de dades', 'ca-ES');
INSERT INTO OKM_TRANSLATION (TR_MODULE, TR_KEY, TR_TEXT, TR_LANGUAGE) VALUES ('frontend', 'OKM-012009', 'No te permisos per d''accs', 'ca-ES');
INSERT INTO OKM_TRANSLATION (TR_MODULE, TR_KEY, TR_TEXT, TR_LANGUAGE) VALUES ('frontend', 'OKM-019001', 'Error intern del repositori', 'ca-ES');
INSERT INTO OKM_TRANSLATION (TR_MODULE, TR_KEY, TR_TEXT, TR_LANGUAGE) VALUES ('frontend', 'OKM-019006', 'Error intern de l''aplicaci', 'ca-ES');
INSERT INTO OKM_TRANSLATION (TR_MODULE, TR_KEY, TR_TEXT, TR_LANGUAGE) VALUES ('frontend', 'OKM-019024', 'Error en la base de dades', 'ca-ES');
insert into OKM_LANGUAGE (LG_ID, LG_NAME, LG_IMAGE_CONTENT, LG_IMAGE_MIME) values ('cs-CZ', 'Czech', 'R0lGODlhEAALANUAAHNzxf7+/vZzc2BgvfMWFgAAh1xcu3p6yfr6+vj4+Pb29ubLy0xMsWxswX5+yPpbW/qCgv3o6PxkZEVFrwAASIODy/lSU/RsbPo9PfuKilNTtuwAAPhERIqKzzQ0pvU7O/MAAAAAePIuLvPz8/JlZeUAAAAAZPM0NPENDeAAAPv7+/cuLo+Q0qSk2vdLS1lYufg0NPgAAPUhITk5rfV4ePh8fCwsofkpKWVlwOPHx/T19fygoPX19d0AAPz8/PT09CH5BAAAAAAALAAAAAAQAAsAAAaJwIJwWAgZQ6ZksnBoHgCARgM3MLw0DAqzesVOJjOPx5adtVisTqdScTyjDUcoEqj7fCoEIpFQ8H48C3QBd3l7fX8jOoKEeHp8fj8jIz85NzsZGRAQNTQCAhcXJCQ0KTESHBgfMCs3MjIEBCgoIqYSDw8WFi4cHB8fJyciIj0gxhvIyCXLKSk9z0EAOw==', 'image/gif');
INSERT INTO OKM_TRANSLATION (TR_MODULE, TR_KEY, TR_TEXT, TR_LANGUAGE) VALUES ('frontend', 'general.date.pattern', 'dd-MM-yyyy hh:mm:ss', 'cs-CZ');
INSERT INTO OKM_TRANSLATION (TR_MODULE, TR_KEY, TR_TEXT, TR_LANGUAGE) VALUES ('frontend', 'general.day.pattern', 'dd-MM-yyyy', 'cs-CZ');
INSERT INTO OKM_TRANSLATION (TR_MODULE, TR_KEY, TR_TEXT, TR_LANGUAGE) VALUES ('frontend', 'general.hour.pattern', 'HH:mm:ss', 'cs-CZ');
INSERT INTO OKM_TRANSLATION (TR_MODULE, TR_KEY, TR_TEXT, TR_LANGUAGE) VALUES ('frontend', 'startup.openkm', 'Nahrv se OpenKM', 'cs-CZ');
INSERT INTO OKM_TRANSLATION (TR_MODULE, TR_KEY, TR_TEXT, TR_LANGUAGE) VALUES ('frontend', 'startup.starting.loading', 'Zan se nahrvat OpenKM', 'cs-CZ');
INSERT INTO OKM_TRANSLATION (TR_MODULE, TR_KEY, TR_TEXT, TR_LANGUAGE) VALUES ('frontend', 'startup.taxonomy', 'Zskv se koenov uzel stromu', 'cs-CZ');
INSERT INTO OKM_TRANSLATION (TR_MODULE, TR_KEY, TR_TEXT, TR_LANGUAGE) VALUES ('frontend', 'startup.categories', 'Getting categories root node', 'cs-CZ');
INSERT INTO OKM_TRANSLATION (TR_MODULE, TR_KEY, TR_TEXT, TR_LANGUAGE) VALUES ('frontend', 'startup.thesaurus', 'Getting thesaurus root node', 'cs-CZ');
INSERT INTO OKM_TRANSLATION (TR_MODULE, TR_KEY, TR_TEXT, TR_LANGUAGE) VALUES ('frontend', 'startup.template', 'Zskv se koenov uzel ablon', 'cs-CZ');
INSERT INTO OKM_TRANSLATION (TR_MODULE, TR_KEY, TR_TEXT, TR_LANGUAGE) VALUES ('frontend', 'startup.personal', 'Zskv se koenov uzel personal', 'cs-CZ');
INSERT INTO OKM_TRANSLATION (TR_MODULE, TR_KEY, TR_TEXT, TR_LANGUAGE) VALUES ('frontend', 'startup.mail', 'Zskv se koenov uzel e-mailu', 'cs-CZ');
INSERT INTO OKM_TRANSLATION (TR_MODULE, TR_KEY, TR_TEXT, TR_LANGUAGE) VALUES ('frontend', 'startup.trash', 'Zskv se koenov uzel koe', 'cs-CZ');
INSERT INTO OKM_TRANSLATION (TR_MODULE, TR_KEY, TR_TEXT, TR_LANGUAGE) VALUES ('frontend', 'startup.user.home', 'Zskv se koenov uzel domovskho adrese', 'cs-CZ');
INSERT INTO OKM_TRANSLATION (TR_MODULE, TR_KEY, TR_TEXT, TR_LANGUAGE) VALUES ('frontend', 'startup.bookmarks', 'Zskv se koenov uzel zloek', 'cs-CZ');
INSERT INTO OKM_TRANSLATION (TR_MODULE, TR_KEY, TR_TEXT, TR_LANGUAGE) VALUES ('frontend', 'startup.loading.taxonomy', 'Nahrv se strom', 'cs-CZ');
INSERT INTO OKM_TRANSLATION (TR_MODULE, TR_KEY, TR_TEXT, TR_LANGUAGE) VALUES ('frontend', 'startup.loading.taxonomy.getting.folders', 'Nahrv se strom - zskvaj se sloky', 'cs-CZ');
INSERT INTO OKM_TRANSLATION (TR_MODULE, TR_KEY, TR_TEXT, TR_LANGUAGE) VALUES ('frontend', 'startup.loading.taxonomy.eval.params', 'Nahrv se strom - pepotavaj se parametry prohlee', 'cs-CZ');
INSERT INTO OKM_TRANSLATION (TR_MODULE, TR_KEY, TR_TEXT, TR_LANGUAGE) VALUES ('frontend', 'startup.loading.taxonomy.open.path', 'Nahrv se strom - oteven cesta', 'cs-CZ');
INSERT INTO OKM_TRANSLATION (TR_MODULE, TR_KEY, TR_TEXT, TR_LANGUAGE) VALUES ('frontend', 'startup.loading.taxonomy.getting.filebrowser.folders', 'Nahrv se strom - zskvaj se sloky', 'cs-CZ');
INSERT INTO OKM_TRANSLATION (TR_MODULE, TR_KEY, TR_TEXT, TR_LANGUAGE) VALUES ('frontend', 'startup.loading.taxonomy.getting.filebrowser.documents', 'Nahrv se strom - zskvaj se dokumenty', 'cs-CZ');
INSERT INTO OKM_TRANSLATION (TR_MODULE, TR_KEY, TR_TEXT, TR_LANGUAGE) VALUES ('frontend', 'startup.loading.taxonomy.getting.filebrowser.mails', 'Nahrv se strom - zskvaj se maily', 'cs-CZ');
INSERT INTO OKM_TRANSLATION (TR_MODULE, TR_KEY, TR_TEXT, TR_LANGUAGE) VALUES ('frontend', 'startup.loading.personal', 'Nahrv se personal', 'cs-CZ');
INSERT INTO OKM_TRANSLATION (TR_MODULE, TR_KEY, TR_TEXT, TR_LANGUAGE) VALUES ('frontend', 'startup.loading.mail', 'Nahrvaj se e-maily', 'cs-CZ');
INSERT INTO OKM_TRANSLATION (TR_MODULE, TR_KEY, TR_TEXT, TR_LANGUAGE) VALUES ('frontend', 'startup.loading.categories', 'Loading categories', 'cs-CZ');
INSERT INTO OKM_TRANSLATION (TR_MODULE, TR_KEY, TR_TEXT, TR_LANGUAGE) VALUES ('frontend', 'startup.loading.thesaurus', 'Loading thesaurus', 'cs-CZ');
INSERT INTO OKM_TRANSLATION (TR_MODULE, TR_KEY, TR_TEXT, TR_LANGUAGE) VALUES ('frontend', 'startup.loading.templates', 'Nahrvaj se ablony', 'cs-CZ');
INSERT INTO OKM_TRANSLATION (TR_MODULE, TR_KEY, TR_TEXT, TR_LANGUAGE) VALUES ('frontend', 'startup.loading.trash', 'Nahrv se ko', 'cs-CZ');
INSERT INTO OKM_TRANSLATION (TR_MODULE, TR_KEY, TR_TEXT, TR_LANGUAGE) VALUES ('frontend', 'startup.loading.history.search', 'Nahrv se hledn v historii', 'cs-CZ');
INSERT INTO OKM_TRANSLATION (TR_MODULE, TR_KEY, TR_TEXT, TR_LANGUAGE) VALUES ('frontend', 'startup.loading.user.values', 'Nahrv se uivatelsk hodnoty', 'cs-CZ');
INSERT INTO OKM_TRANSLATION (TR_MODULE, TR_KEY, TR_TEXT, TR_LANGUAGE) VALUES ('frontend', 'startup.keep.alive', 'Nahrv se obnova pipojen', 'cs-CZ');
INSERT INTO OKM_TRANSLATION (TR_MODULE, TR_KEY, TR_TEXT, TR_LANGUAGE) VALUES ('frontend', 'openkm.update.available', 'Je dostupn aktualizace OpenKM', 'cs-CZ');
INSERT INTO OKM_TRANSLATION (TR_MODULE, TR_KEY, TR_TEXT, TR_LANGUAGE) VALUES ('frontend', 'leftpanel.label.taxonomy', 'Strom', 'cs-CZ');
INSERT INTO OKM_TRANSLATION (TR_MODULE, TR_KEY, TR_TEXT, TR_LANGUAGE) VALUES ('frontend', 'leftpanel.label.trash', 'Ko', 'cs-CZ');
INSERT INTO OKM_TRANSLATION (TR_MODULE, TR_KEY, TR_TEXT, TR_LANGUAGE) VALUES ('frontend', 'leftpanel.label.mail', 'E-mail', 'cs-CZ');
INSERT INTO OKM_TRANSLATION (TR_MODULE, TR_KEY, TR_TEXT, TR_LANGUAGE) VALUES ('frontend', 'leftpanel.label.stored.search', 'Uloen hledn', 'cs-CZ');
INSERT INTO OKM_TRANSLATION (TR_MODULE, TR_KEY, TR_TEXT, TR_LANGUAGE) VALUES ('frontend', 'leftpanel.label.categories', 'Categories', 'cs-CZ');
INSERT INTO OKM_TRANSLATION (TR_MODULE, TR_KEY, TR_TEXT, TR_LANGUAGE) VALUES ('frontend', 'leftpanel.label.thesaurus', 'Thesaurus', 'cs-CZ');
INSERT INTO OKM_TRANSLATION (TR_MODULE, TR_KEY, TR_TEXT, TR_LANGUAGE) VALUES ('frontend', 'leftpanel.label.templates', 'ablony', 'cs-CZ');
INSERT INTO OKM_TRANSLATION (TR_MODULE, TR_KEY, TR_TEXT, TR_LANGUAGE) VALUES ('frontend', 'leftpanel.label.my.documents', 'Moje dokumenty', 'cs-CZ');
INSERT INTO OKM_TRANSLATION (TR_MODULE, TR_KEY, TR_TEXT, TR_LANGUAGE) VALUES ('frontend', 'leftpanel.label.user.search', 'Uivatelsk zprvy', 'cs-CZ');
INSERT INTO OKM_TRANSLATION (TR_MODULE, TR_KEY, TR_TEXT, TR_LANGUAGE) VALUES ('frontend', 'leftpanel.label.all.repository', 'Cel loit', 'cs-CZ');
INSERT INTO OKM_TRANSLATION (TR_MODULE, TR_KEY, TR_TEXT, TR_LANGUAGE) VALUES ('frontend', 'tree.menu.directory.create', 'Vytvo sloku', 'cs-CZ');
INSERT INTO OKM_TRANSLATION (TR_MODULE, TR_KEY, TR_TEXT, TR_LANGUAGE) VALUES ('frontend', 'tree.menu.directory.remove', 'Smazat', 'cs-CZ');
INSERT INTO OKM_TRANSLATION (TR_MODULE, TR_KEY, TR_TEXT, TR_LANGUAGE) VALUES ('frontend', 'tree.menu.directory.rename', 'Pejmenovat', 'cs-CZ');
INSERT INTO OKM_TRANSLATION (TR_MODULE, TR_KEY, TR_TEXT, TR_LANGUAGE) VALUES ('frontend', 'tree.menu.directory.refresh', 'Obnovit', 'cs-CZ');
INSERT INTO OKM_TRANSLATION (TR_MODULE, TR_KEY, TR_TEXT, TR_LANGUAGE) VALUES ('frontend', 'tree.menu.directory.move', 'Pesunout', 'cs-CZ');
INSERT INTO OKM_TRANSLATION (TR_MODULE, TR_KEY, TR_TEXT, TR_LANGUAGE) VALUES ('frontend', 'tree.menu.directory.copy', 'Koprovat', 'cs-CZ');
INSERT INTO OKM_TRANSLATION (TR_MODULE, TR_KEY, TR_TEXT, TR_LANGUAGE) VALUES ('frontend', 'tree.menu.directory.add.document', 'Pidat dokument', 'cs-CZ');
INSERT INTO OKM_TRANSLATION (TR_MODULE, TR_KEY, TR_TEXT, TR_LANGUAGE) VALUES ('frontend', 'tree.menu.add.bookmark', 'Pidat zloku', 'cs-CZ');
INSERT INTO OKM_TRANSLATION (TR_MODULE, TR_KEY, TR_TEXT, TR_LANGUAGE) VALUES ('frontend', 'tree.menu.set.home', 'Nastavit domovskou sloku', 'cs-CZ');
INSERT INTO OKM_TRANSLATION (TR_MODULE, TR_KEY, TR_TEXT, TR_LANGUAGE) VALUES ('frontend', 'tree.menu.export', 'Exportovat do souboru', 'cs-CZ');
INSERT INTO OKM_TRANSLATION (TR_MODULE, TR_KEY, TR_TEXT, TR_LANGUAGE) VALUES ('frontend', 'tree.status.refresh.folder', 'Aktualizuje se strom sloek', 'cs-CZ');
INSERT INTO OKM_TRANSLATION (TR_MODULE, TR_KEY, TR_TEXT, TR_LANGUAGE) VALUES ('frontend', 'tree.status.refresh.create', 'Vytv se sloka', 'cs-CZ');
INSERT INTO OKM_TRANSLATION (TR_MODULE, TR_KEY, TR_TEXT, TR_LANGUAGE) VALUES ('frontend', 'tree.status.refresh.delete', 'Mae se sloka', 'cs-CZ');
INSERT INTO OKM_TRANSLATION (TR_MODULE, TR_KEY, TR_TEXT, TR_LANGUAGE) VALUES ('frontend', 'tree.status.refresh.rename', 'Pejmenovv se sloka', 'cs-CZ');
INSERT INTO OKM_TRANSLATION (TR_MODULE, TR_KEY, TR_TEXT, TR_LANGUAGE) VALUES ('frontend', 'tree.status.refresh.restore', 'Obnovuje se sloka', 'cs-CZ');
INSERT INTO OKM_TRANSLATION (TR_MODULE, TR_KEY, TR_TEXT, TR_LANGUAGE) VALUES ('frontend', 'tree.status.refresh.purge', 'ist se sloka', 'cs-CZ');
INSERT INTO OKM_TRANSLATION (TR_MODULE, TR_KEY, TR_TEXT, TR_LANGUAGE) VALUES ('frontend', 'tree.status.refresh.get', 'Aktualizuje se sloka', 'cs-CZ');
INSERT INTO OKM_TRANSLATION (TR_MODULE, TR_KEY, TR_TEXT, TR_LANGUAGE) VALUES ('frontend', 'tree.folder.new', 'Nov sloka', 'cs-CZ');
INSERT INTO OKM_TRANSLATION (TR_MODULE, TR_KEY, TR_TEXT, TR_LANGUAGE) VALUES ('frontend', 'tree.status.refresh.add.subscription', 'Pidv se upozornn o zmnch mailem', 'cs-CZ');
INSERT INTO OKM_TRANSLATION (TR_MODULE, TR_KEY, TR_TEXT, TR_LANGUAGE) VALUES ('frontend', 'tree.status.refresh.remove.subscription', 'Odebr se upozornn o zmnch mailem', 'cs-CZ');
INSERT INTO OKM_TRANSLATION (TR_MODULE, TR_KEY, TR_TEXT, TR_LANGUAGE) VALUES ('frontend', 'tree.status.refresh.get.root', 'Obnovuje se koenov sloka', 'cs-CZ');
INSERT INTO OKM_TRANSLATION (TR_MODULE, TR_KEY, TR_TEXT, TR_LANGUAGE) VALUES ('frontend', 'tree.status.refresh.get.keywords', 'Refreshing keywords', 'cs-CZ');
INSERT INTO OKM_TRANSLATION (TR_MODULE, TR_KEY, TR_TEXT, TR_LANGUAGE) VALUES ('frontend', 'tree.status.refresh.get.user.home', 'Zskv se domovsk adres', 'cs-CZ');
INSERT INTO OKM_TRANSLATION (TR_MODULE, TR_KEY, TR_TEXT, TR_LANGUAGE) VALUES ('frontend', 'tree.status.refresh.purge.trash', 'Vyprazduje se ko', 'cs-CZ');
INSERT INTO OKM_TRANSLATION (TR_MODULE, TR_KEY, TR_TEXT, TR_LANGUAGE) VALUES ('frontend', 'tree.menu.directory.find.folder', 'Find folder', 'cs-CZ');
INSERT INTO OKM_TRANSLATION (TR_MODULE, TR_KEY, TR_TEXT, TR_LANGUAGE) VALUES ('frontend', 'trash.menu.directory.restore', 'Obnovit', 'cs-CZ');
INSERT INTO OKM_TRANSLATION (TR_MODULE, TR_KEY, TR_TEXT, TR_LANGUAGE) VALUES ('frontend', 'trash.menu.directory.purge', 'pln smazat', 'cs-CZ');
INSERT INTO OKM_TRANSLATION (TR_MODULE, TR_KEY, TR_TEXT, TR_LANGUAGE) VALUES ('frontend', 'trash.menu.directory.purge.trash', 'Vyprzdnit ko', 'cs-CZ');
INSERT INTO OKM_TRANSLATION (TR_MODULE, TR_KEY, TR_TEXT, TR_LANGUAGE) VALUES ('frontend', 'trash.directory.select.label', 'Zvolte clovou sloku', 'cs-CZ');
INSERT INTO OKM_TRANSLATION (TR_MODULE, TR_KEY, TR_TEXT, TR_LANGUAGE) VALUES ('frontend', 'general.menu.file', 'Soubor', 'cs-CZ');
INSERT INTO OKM_TRANSLATION (TR_MODULE, TR_KEY, TR_TEXT, TR_LANGUAGE) VALUES ('frontend', 'general.menu.file.exit', 'Konec', 'cs-CZ');
INSERT INTO OKM_TRANSLATION (TR_MODULE, TR_KEY, TR_TEXT, TR_LANGUAGE) VALUES ('frontend', 'general.menu.file.purge.trash', 'Vyprzdnit ko', 'cs-CZ');
INSERT INTO OKM_TRANSLATION (TR_MODULE, TR_KEY, TR_TEXT, TR_LANGUAGE) VALUES ('frontend', 'general.menu.edit', 'pravy', 'cs-CZ');
INSERT INTO OKM_TRANSLATION (TR_MODULE, TR_KEY, TR_TEXT, TR_LANGUAGE) VALUES ('frontend', 'general.menu.file.create.directory', 'Vytvoit sloku', 'cs-CZ');
INSERT INTO OKM_TRANSLATION (TR_MODULE, TR_KEY, TR_TEXT, TR_LANGUAGE) VALUES ('frontend', 'general.menu.file.download.document', 'Sthnout dokument', 'cs-CZ');
INSERT INTO OKM_TRANSLATION (TR_MODULE, TR_KEY, TR_TEXT, TR_LANGUAGE) VALUES ('frontend', 'general.menu.file.download.document.pdf', 'Sthnout dokument jako PDF', 'cs-CZ');
INSERT INTO OKM_TRANSLATION (TR_MODULE, TR_KEY, TR_TEXT, TR_LANGUAGE) VALUES ('frontend', 'general.menu.file.send.link', 'Poslat odkaz na soubor', 'cs-CZ');
INSERT INTO OKM_TRANSLATION (TR_MODULE, TR_KEY, TR_TEXT, TR_LANGUAGE) VALUES ('frontend', 'general.menu.file.send.attachment', 'Send document attachment', 'cs-CZ');
INSERT INTO OKM_TRANSLATION (TR_MODULE, TR_KEY, TR_TEXT, TR_LANGUAGE) VALUES ('frontend', 'general.menu.file.lock', 'Uzamknout', 'cs-CZ');
INSERT INTO OKM_TRANSLATION (TR_MODULE, TR_KEY, TR_TEXT, TR_LANGUAGE) VALUES ('frontend', 'general.menu.file.unlock', 'Odemknout', 'cs-CZ');
INSERT INTO OKM_TRANSLATION (TR_MODULE, TR_KEY, TR_TEXT, TR_LANGUAGE) VALUES ('frontend', 'general.menu.file.add.document', 'Pidat dokument', 'cs-CZ');
INSERT INTO OKM_TRANSLATION (TR_MODULE, TR_KEY, TR_TEXT, TR_LANGUAGE) VALUES ('frontend', 'general.menu.file.checkout', 'Check out', 'cs-CZ');
INSERT INTO OKM_TRANSLATION (TR_MODULE, TR_KEY, TR_TEXT, TR_LANGUAGE) VALUES ('frontend', 'general.menu.file.checkin', 'Check in', 'cs-CZ');
INSERT INTO OKM_TRANSLATION (TR_MODULE, TR_KEY, TR_TEXT, TR_LANGUAGE) VALUES ('frontend', 'general.menu.file.cancel.checkout', 'Zruit check out', 'cs-CZ');
INSERT INTO OKM_TRANSLATION (TR_MODULE, TR_KEY, TR_TEXT, TR_LANGUAGE) VALUES ('frontend', 'general.menu.file.delete', 'Odstranit', 'cs-CZ');
INSERT INTO OKM_TRANSLATION (TR_MODULE, TR_KEY, TR_TEXT, TR_LANGUAGE) VALUES ('frontend', 'general.menu.file.refresh', 'Obnovit', 'cs-CZ');
INSERT INTO OKM_TRANSLATION (TR_MODULE, TR_KEY, TR_TEXT, TR_LANGUAGE) VALUES ('frontend', 'general.menu.file.scanner', 'Scanner', 'cs-CZ');
INSERT INTO OKM_TRANSLATION (TR_MODULE, TR_KEY, TR_TEXT, TR_LANGUAGE) VALUES ('frontend', 'general.menu.file.uploader', 'File uploader', 'cs-CZ');
INSERT INTO OKM_TRANSLATION (TR_MODULE, TR_KEY, TR_TEXT, TR_LANGUAGE) VALUES ('frontend', 'general.menu.tools', 'Nstroje', 'cs-CZ');
INSERT INTO OKM_TRANSLATION (TR_MODULE, TR_KEY, TR_TEXT, TR_LANGUAGE) VALUES ('frontend', 'general.menu.tools.languages', 'Jazyky', 'cs-CZ');
INSERT INTO OKM_TRANSLATION (TR_MODULE, TR_KEY, TR_TEXT, TR_LANGUAGE) VALUES ('frontend', 'general.menu.tools.skin', 'ablona vzhledu', 'cs-CZ');
INSERT INTO OKM_TRANSLATION (TR_MODULE, TR_KEY, TR_TEXT, TR_LANGUAGE) VALUES ('frontend', 'general.menu.tools.skin.default', 'Implicitn', 'cs-CZ');
INSERT INTO OKM_TRANSLATION (TR_MODULE, TR_KEY, TR_TEXT, TR_LANGUAGE) VALUES ('frontend', 'general.menu.tools.skin.default2', 'Implicitn 2', 'cs-CZ');
INSERT INTO OKM_TRANSLATION (TR_MODULE, TR_KEY, TR_TEXT, TR_LANGUAGE) VALUES ('frontend', 'general.menu.tools.skin.mediumfont', 'Stedn velikost psma', 'cs-CZ');
INSERT INTO OKM_TRANSLATION (TR_MODULE, TR_KEY, TR_TEXT, TR_LANGUAGE) VALUES ('frontend', 'general.menu.tools.skin.bigfont', 'Velk velikost psma', 'cs-CZ');
INSERT INTO OKM_TRANSLATION (TR_MODULE, TR_KEY, TR_TEXT, TR_LANGUAGE) VALUES ('frontend', 'general.menu.debug.console', 'Konzole pro ladn', 'cs-CZ');
INSERT INTO OKM_TRANSLATION (TR_MODULE, TR_KEY, TR_TEXT, TR_LANGUAGE) VALUES ('frontend', 'general.menu.administration', 'Zobrazen administrace', 'cs-CZ');
INSERT INTO OKM_TRANSLATION (TR_MODULE, TR_KEY, TR_TEXT, TR_LANGUAGE) VALUES ('frontend', 'general.menu.tools.preferences', 'Pedvolby', 'cs-CZ');
INSERT INTO OKM_TRANSLATION (TR_MODULE, TR_KEY, TR_TEXT, TR_LANGUAGE) VALUES ('frontend', 'general.menu.tools.user.preferences', 'Uivatelsk nastaven', 'cs-CZ');
INSERT INTO OKM_TRANSLATION (TR_MODULE, TR_KEY, TR_TEXT, TR_LANGUAGE) VALUES ('frontend', 'general.menu.bookmark', 'Zloky', 'cs-CZ');
INSERT INTO OKM_TRANSLATION (TR_MODULE, TR_KEY, TR_TEXT, TR_LANGUAGE) VALUES ('frontend', 'general.menu.bookmark.home', 'Domovsk sloka', 'cs-CZ');
INSERT INTO OKM_TRANSLATION (TR_MODULE, TR_KEY, TR_TEXT, TR_LANGUAGE) VALUES ('frontend', 'general.menu.bookmark.default.home', 'Nastavit domovskou sloku', 'cs-CZ');
INSERT INTO OKM_TRANSLATION (TR_MODULE, TR_KEY, TR_TEXT, TR_LANGUAGE) VALUES ('frontend', 'general.menu.bookmark.edit', 'Upravit zloky', 'cs-CZ');
INSERT INTO OKM_TRANSLATION (TR_MODULE, TR_KEY, TR_TEXT, TR_LANGUAGE) VALUES ('frontend', 'general.menu.help', 'Npovda', 'cs-CZ');
INSERT INTO OKM_TRANSLATION (TR_MODULE, TR_KEY, TR_TEXT, TR_LANGUAGE) VALUES ('frontend', 'general.menu.bug.report', 'Nahlsit chybu', 'cs-CZ');
INSERT INTO OKM_TRANSLATION (TR_MODULE, TR_KEY, TR_TEXT, TR_LANGUAGE) VALUES ('frontend', 'general.menu.support.request', 'dost o pomoc', 'cs-CZ');
INSERT INTO OKM_TRANSLATION (TR_MODULE, TR_KEY, TR_TEXT, TR_LANGUAGE) VALUES ('frontend', 'general.menu.public.forum', 'Veejn frum', 'cs-CZ');
INSERT INTO OKM_TRANSLATION (TR_MODULE, TR_KEY, TR_TEXT, TR_LANGUAGE) VALUES ('frontend', 'general.menu.project.web', 'Strnka projektu', 'cs-CZ');
INSERT INTO OKM_TRANSLATION (TR_MODULE, TR_KEY, TR_TEXT, TR_LANGUAGE) VALUES ('frontend', 'general.menu.version.changes', 'Poznmky k verzi', 'cs-CZ');
INSERT INTO OKM_TRANSLATION (TR_MODULE, TR_KEY, TR_TEXT, TR_LANGUAGE) VALUES ('frontend', 'general.menu.documentation', 'Dokumentace', 'cs-CZ');
INSERT INTO OKM_TRANSLATION (TR_MODULE, TR_KEY, TR_TEXT, TR_LANGUAGE) VALUES ('frontend', 'general.menu.about', 'O OpenKM', 'cs-CZ');
INSERT INTO OKM_TRANSLATION (TR_MODULE, TR_KEY, TR_TEXT, TR_LANGUAGE) VALUES ('frontend', 'general.connected', 'Pipojen jako ', 'cs-CZ');
INSERT INTO OKM_TRANSLATION (TR_MODULE, TR_KEY, TR_TEXT, TR_LANGUAGE) VALUES ('frontend', 'filebrowser.name', 'Jmno', 'cs-CZ');
INSERT INTO OKM_TRANSLATION (TR_MODULE, TR_KEY, TR_TEXT, TR_LANGUAGE) VALUES ('frontend', 'filebrowser.date.update', 'Datum pravy', 'cs-CZ');
INSERT INTO OKM_TRANSLATION (TR_MODULE, TR_KEY, TR_TEXT, TR_LANGUAGE) VALUES ('frontend', 'filebrowser.size', 'Velikost', 'cs-CZ');
INSERT INTO OKM_TRANSLATION (TR_MODULE, TR_KEY, TR_TEXT, TR_LANGUAGE) VALUES ('frontend', 'filebrowser.path', 'Cesta', 'cs-CZ');
INSERT INTO OKM_TRANSLATION (TR_MODULE, TR_KEY, TR_TEXT, TR_LANGUAGE) VALUES ('frontend', 'filebrowser.author', 'Autor', 'cs-CZ');
INSERT INTO OKM_TRANSLATION (TR_MODULE, TR_KEY, TR_TEXT, TR_LANGUAGE) VALUES ('frontend', 'filebrowser.version', 'Verze', 'cs-CZ');
INSERT INTO OKM_TRANSLATION (TR_MODULE, TR_KEY, TR_TEXT, TR_LANGUAGE) VALUES ('frontend', 'filebrowser.menu.checkout', 'Check out', 'cs-CZ');
INSERT INTO OKM_TRANSLATION (TR_MODULE, TR_KEY, TR_TEXT, TR_LANGUAGE) VALUES ('frontend', 'filebrowser.menu.checkin', 'Check in', 'cs-CZ');
INSERT INTO OKM_TRANSLATION (TR_MODULE, TR_KEY, TR_TEXT, TR_LANGUAGE) VALUES ('frontend', 'filebrowser.menu.delete', 'Smazat', 'cs-CZ');
INSERT INTO OKM_TRANSLATION (TR_MODULE, TR_KEY, TR_TEXT, TR_LANGUAGE) VALUES ('frontend', 'filebrowser.menu.rename', 'Pejmenovat', 'cs-CZ');
INSERT INTO OKM_TRANSLATION (TR_MODULE, TR_KEY, TR_TEXT, TR_LANGUAGE) VALUES ('frontend', 'filebrowser.menu.checkout.cancel', 'Check out cancel', 'cs-CZ');
INSERT INTO OKM_TRANSLATION (TR_MODULE, TR_KEY, TR_TEXT, TR_LANGUAGE) VALUES ('frontend', 'filebrowser.menu.lock', 'Uzamknout', 'cs-CZ');
INSERT INTO OKM_TRANSLATION (TR_MODULE, TR_KEY, TR_TEXT, TR_LANGUAGE) VALUES ('frontend', 'filebrowser.menu.unlock', 'Odemknout', 'cs-CZ');
INSERT INTO OKM_TRANSLATION (TR_MODULE, TR_KEY, TR_TEXT, TR_LANGUAGE) VALUES ('frontend', 'filebrowser.menu.download', 'Sthnout', 'cs-CZ');
INSERT INTO OKM_TRANSLATION (TR_MODULE, TR_KEY, TR_TEXT, TR_LANGUAGE) VALUES ('frontend', 'filebrowser.menu.move', 'Pesunout', 'cs-CZ');
INSERT INTO OKM_TRANSLATION (TR_MODULE, TR_KEY, TR_TEXT, TR_LANGUAGE) VALUES ('frontend', 'filebrowser.menu.copy', 'Koprovat', 'cs-CZ');
INSERT INTO OKM_TRANSLATION (TR_MODULE, TR_KEY, TR_TEXT, TR_LANGUAGE) VALUES ('frontend', 'filebrowser.menu.create.from.template', 'Vytvoit ze ablony', 'cs-CZ');
INSERT INTO OKM_TRANSLATION (TR_MODULE, TR_KEY, TR_TEXT, TR_LANGUAGE) VALUES ('frontend', 'filebrowser.menu.add.property.group', 'Pidat skupinu vlastnost', 'cs-CZ');
INSERT INTO OKM_TRANSLATION (TR_MODULE, TR_KEY, TR_TEXT, TR_LANGUAGE) VALUES ('frontend', 'filebrowser.menu.remove.property.group', 'Odebrat skupinu vlastnost', 'cs-CZ');
INSERT INTO OKM_TRANSLATION (TR_MODULE, TR_KEY, TR_TEXT, TR_LANGUAGE) VALUES ('frontend', 'filebrowser.menu.start.workflow', 'Zat prbh zpracovn dokumentu', 'cs-CZ');
INSERT INTO OKM_TRANSLATION (TR_MODULE, TR_KEY, TR_TEXT, TR_LANGUAGE) VALUES ('frontend', 'filebrowser.menu.add.subscription', 'Pidat upozornn o zmnch mailem', 'cs-CZ');
INSERT INTO OKM_TRANSLATION (TR_MODULE, TR_KEY, TR_TEXT, TR_LANGUAGE) VALUES ('frontend', 'filebrowser.menu.remove.subscription', 'Odebrat upozornn o zmnch mailem', 'cs-CZ');
INSERT INTO OKM_TRANSLATION (TR_MODULE, TR_KEY, TR_TEXT, TR_LANGUAGE) VALUES ('frontend', 'filebrowser.menu.add.bookmark', 'Pidat zloku', 'cs-CZ');
INSERT INTO OKM_TRANSLATION (TR_MODULE, TR_KEY, TR_TEXT, TR_LANGUAGE) VALUES ('frontend', 'filebrowser.menu.set.home', 'Nastavit domovskou sloku', 'cs-CZ');
INSERT INTO OKM_TRANSLATION (TR_MODULE, TR_KEY, TR_TEXT, TR_LANGUAGE) VALUES ('frontend', 'filebrowser.menu.refresh', 'Aktualizovat', 'cs-CZ');
INSERT INTO OKM_TRANSLATION (TR_MODULE, TR_KEY, TR_TEXT, TR_LANGUAGE) VALUES ('frontend', 'filebrowser.menu.export', 'Exportovat do ZIP', 'cs-CZ');
INSERT INTO OKM_TRANSLATION (TR_MODULE, TR_KEY, TR_TEXT, TR_LANGUAGE) VALUES ('frontend', 'filebrowser.menu.play', 'Pehrt', 'cs-CZ');
INSERT INTO OKM_TRANSLATION (TR_MODULE, TR_KEY, TR_TEXT, TR_LANGUAGE) VALUES ('frontend', 'filebrowser.menu.image.viewer', 'Prohle obrzk', 'cs-CZ');
INSERT INTO OKM_TRANSLATION (TR_MODULE, TR_KEY, TR_TEXT, TR_LANGUAGE) VALUES ('frontend', 'filebrowser.status.refresh.folder', 'Aktualizuje se seznam sloek', 'cs-CZ');
INSERT INTO OKM_TRANSLATION (TR_MODULE, TR_KEY, TR_TEXT, TR_LANGUAGE) VALUES ('frontend', 'filebrowser.status.refresh.document', 'Aktualizuje se seznam dokument', 'cs-CZ');
INSERT INTO OKM_TRANSLATION (TR_MODULE, TR_KEY, TR_TEXT, TR_LANGUAGE) VALUES ('frontend', 'filebrowser.status.refresh.mail', 'Aktualizuje se seznam mail', 'cs-CZ');
INSERT INTO OKM_TRANSLATION (TR_MODULE, TR_KEY, TR_TEXT, TR_LANGUAGE) VALUES ('frontend', 'filebrowser.status.refresh.delete.folder', 'Mae se sloka', 'cs-CZ');
INSERT INTO OKM_TRANSLATION (TR_MODULE, TR_KEY, TR_TEXT, TR_LANGUAGE) VALUES ('frontend', 'filebrowser.status.refresh.delete.document', 'Mae se dokument', 'cs-CZ');
INSERT INTO OKM_TRANSLATION (TR_MODULE, TR_KEY, TR_TEXT, TR_LANGUAGE) VALUES ('frontend', 'filebrowser.status.refresh.checkout', 'Checking out dokument', 'cs-CZ');
INSERT INTO OKM_TRANSLATION (TR_MODULE, TR_KEY, TR_TEXT, TR_LANGUAGE) VALUES ('frontend', 'filebrowser.status.refresh.lock', 'Zamyk se dokument', 'cs-CZ');
INSERT INTO OKM_TRANSLATION (TR_MODULE, TR_KEY, TR_TEXT, TR_LANGUAGE) VALUES ('frontend', 'filebrowser.status.refresh.unlock', 'Odemyk se dokument', 'cs-CZ');
INSERT INTO OKM_TRANSLATION (TR_MODULE, TR_KEY, TR_TEXT, TR_LANGUAGE) VALUES ('frontend', 'filebrowser.status.refresh.document.rename', 'Pejmenovv se document', 'cs-CZ');
INSERT INTO OKM_TRANSLATION (TR_MODULE, TR_KEY, TR_TEXT, TR_LANGUAGE) VALUES ('frontend', 'filebrowser.status.refresh.folder.rename', 'Pejmenovv se sloka', 'cs-CZ');
INSERT INTO OKM_TRANSLATION (TR_MODULE, TR_KEY, TR_TEXT, TR_LANGUAGE) VALUES ('frontend', 'filebrowser.status.refresh.document.purge', 'Mae se dokument', 'cs-CZ');
INSERT INTO OKM_TRANSLATION (TR_MODULE, TR_KEY, TR_TEXT, TR_LANGUAGE) VALUES ('frontend', 'filebrowser.status.refresh.folder.purge', 'Mae se sloka', 'cs-CZ');
INSERT INTO OKM_TRANSLATION (TR_MODULE, TR_KEY, TR_TEXT, TR_LANGUAGE) VALUES ('frontend', 'filebrowser.status.refresh.folder.get', 'Aktualizuje se sloka', 'cs-CZ');
INSERT INTO OKM_TRANSLATION (TR_MODULE, TR_KEY, TR_TEXT, TR_LANGUAGE) VALUES ('frontend', 'filebrowser.status.refresh.document.get', 'Aktualizuje se dokument', 'cs-CZ');
INSERT INTO OKM_TRANSLATION (TR_MODULE, TR_KEY, TR_TEXT, TR_LANGUAGE) VALUES ('frontend', 'filebrowser.status.refresh.add.subscription', 'Pidv se upozornn o zmnch mailem', 'cs-CZ');
INSERT INTO OKM_TRANSLATION (TR_MODULE, TR_KEY, TR_TEXT, TR_LANGUAGE) VALUES ('frontend', 'filebrowser.status.refresh.remove.subscription', 'Odebr se se upozornn o zmnch mailem', 'cs-CZ');
INSERT INTO OKM_TRANSLATION (TR_MODULE, TR_KEY, TR_TEXT, TR_LANGUAGE) VALUES ('frontend', 'filebrowser.status.refresh.get.user.home', 'Zskv se domovsk sloka', 'cs-CZ');
INSERT INTO OKM_TRANSLATION (TR_MODULE, TR_KEY, TR_TEXT, TR_LANGUAGE) VALUES ('frontend', 'filebrowser.status.refresh.delete.mail', 'Mae se mail', 'cs-CZ');
INSERT INTO OKM_TRANSLATION (TR_MODULE, TR_KEY, TR_TEXT, TR_LANGUAGE) VALUES ('frontend', 'filebrowser.status.refresh.mail.purge', 'Mae se mail', 'cs-CZ');
INSERT INTO OKM_TRANSLATION (TR_MODULE, TR_KEY, TR_TEXT, TR_LANGUAGE) VALUES ('frontend', 'fileupload.send', 'Odeslat', 'cs-CZ');
INSERT INTO OKM_TRANSLATION (TR_MODULE, TR_KEY, TR_TEXT, TR_LANGUAGE) VALUES ('frontend', 'fileupload.status.sending', 'Nahrv se soubor...', 'cs-CZ');
INSERT INTO OKM_TRANSLATION (TR_MODULE, TR_KEY, TR_TEXT, TR_LANGUAGE) VALUES ('frontend', 'fileupload.status.indexing', 'Indexuje se soubor...', 'cs-CZ');
INSERT INTO OKM_TRANSLATION (TR_MODULE, TR_KEY, TR_TEXT, TR_LANGUAGE) VALUES ('frontend', 'fileupload.status.ok', 'Soubro byl spn nahrn', 'cs-CZ');
INSERT INTO OKM_TRANSLATION (TR_MODULE, TR_KEY, TR_TEXT, TR_LANGUAGE) VALUES ('frontend', 'fileupload.upload.status', 'Vsledek nahrn', 'cs-CZ');
INSERT INTO OKM_TRANSLATION (TR_MODULE, TR_KEY, TR_TEXT, TR_LANGUAGE) VALUES ('frontend', 'fileupload.upload.uploaded', 'Nahrn', 'cs-CZ');
INSERT INTO OKM_TRANSLATION (TR_MODULE, TR_KEY, TR_TEXT, TR_LANGUAGE) VALUES ('frontend', 'fileupload.upload.completed', 'Nahrvn dokoneno', 'cs-CZ');
INSERT INTO OKM_TRANSLATION (TR_MODULE, TR_KEY, TR_TEXT, TR_LANGUAGE) VALUES ('frontend', 'fileupload.upload.runtime', 'Runtime', 'cs-CZ');
INSERT INTO OKM_TRANSLATION (TR_MODULE, TR_KEY, TR_TEXT, TR_LANGUAGE) VALUES ('frontend', 'fileupload.upload.remaining', 'Zbv', 'cs-CZ');
INSERT INTO OKM_TRANSLATION (TR_MODULE, TR_KEY, TR_TEXT, TR_LANGUAGE) VALUES ('frontend', 'fileupload.button.close', 'Zavt', 'cs-CZ');
INSERT INTO OKM_TRANSLATION (TR_MODULE, TR_KEY, TR_TEXT, TR_LANGUAGE) VALUES ('frontend', 'fileupload.button.add.other.file', 'Pidat dal soubor', 'cs-CZ');
INSERT INTO OKM_TRANSLATION (TR_MODULE, TR_KEY, TR_TEXT, TR_LANGUAGE) VALUES ('frontend', 'fileupload.status.move.file', 'Pesouv se soubor...', 'cs-CZ');
INSERT INTO OKM_TRANSLATION (TR_MODULE, TR_KEY, TR_TEXT, TR_LANGUAGE) VALUES ('frontend', 'fileupload.status.move.mail', 'Pesouv se mail...', 'cs-CZ');
INSERT INTO OKM_TRANSLATION (TR_MODULE, TR_KEY, TR_TEXT, TR_LANGUAGE) VALUES ('frontend', 'fileupload.status.copy.file', 'Kopruje se soubor...', 'cs-CZ');
INSERT INTO OKM_TRANSLATION (TR_MODULE, TR_KEY, TR_TEXT, TR_LANGUAGE) VALUES ('frontend', 'fileupload.status.copy.mail', 'Kopruje se mail...', 'cs-CZ');
INSERT INTO OKM_TRANSLATION (TR_MODULE, TR_KEY, TR_TEXT, TR_LANGUAGE) VALUES ('frontend', 'fileupload.status.restore.file', 'Obnovuje se soubor...', 'cs-CZ');
INSERT INTO OKM_TRANSLATION (TR_MODULE, TR_KEY, TR_TEXT, TR_LANGUAGE) VALUES ('frontend', 'fileupload.status.restore.mail', 'Obnovuje se soubormail...', 'cs-CZ');
INSERT INTO OKM_TRANSLATION (TR_MODULE, TR_KEY, TR_TEXT, TR_LANGUAGE) VALUES ('frontend', 'fileupload.status.move.folder', 'Pesouv se sloka...', 'cs-CZ');
INSERT INTO OKM_TRANSLATION (TR_MODULE, TR_KEY, TR_TEXT, TR_LANGUAGE) VALUES ('frontend', 'fileupload.status.copy.folder', 'Kopruje se sloka...', 'cs-CZ');
INSERT INTO OKM_TRANSLATION (TR_MODULE, TR_KEY, TR_TEXT, TR_LANGUAGE) VALUES ('frontend', 'fileupload.status.restore.folder', 'Obnovuje se sloka...', 'cs-CZ');
INSERT INTO OKM_TRANSLATION (TR_MODULE, TR_KEY, TR_TEXT, TR_LANGUAGE) VALUES ('frontend', 'fileupload.status.create.from.template', 'Vytv se soubor ze ablony...', 'cs-CZ');
INSERT INTO OKM_TRANSLATION (TR_MODULE, TR_KEY, TR_TEXT, TR_LANGUAGE) VALUES ('frontend', 'fileupload.status.of', 'z', 'cs-CZ');
INSERT INTO OKM_TRANSLATION (TR_MODULE, TR_KEY, TR_TEXT, TR_LANGUAGE) VALUES ('frontend', 'fileupload.label.insert', 'Pidat nov dokumenty', 'cs-CZ');
INSERT INTO OKM_TRANSLATION (TR_MODULE, TR_KEY, TR_TEXT, TR_LANGUAGE) VALUES ('frontend', 'fileupload.label.update', 'Aktualizovat dokumenty', 'cs-CZ');
INSERT INTO OKM_TRANSLATION (TR_MODULE, TR_KEY, TR_TEXT, TR_LANGUAGE) VALUES ('frontend', 'fileupload.label.users.notify', 'Upozornit uivatele', 'cs-CZ');
INSERT INTO OKM_TRANSLATION (TR_MODULE, TR_KEY, TR_TEXT, TR_LANGUAGE) VALUES ('frontend', 'fileupload.label.comment', 'Poznmka', 'cs-CZ');
INSERT INTO OKM_TRANSLATION (TR_MODULE, TR_KEY, TR_TEXT, TR_LANGUAGE) VALUES ('frontend', 'fileupload.label.users.to.notify"', '  "Uivatel kte budou upozornni', 'cs-CZ');
INSERT INTO OKM_TRANSLATION (TR_MODULE, TR_KEY, TR_TEXT, TR_LANGUAGE) VALUES ('frontend', 'fileupload.label.users"', '  "Uivatel', 'cs-CZ');
INSERT INTO OKM_TRANSLATION (TR_MODULE, TR_KEY, TR_TEXT, TR_LANGUAGE) VALUES ('frontend', 'fileupload.label.groups.to.notify', 'Groups to notify', 'cs-CZ');
INSERT INTO OKM_TRANSLATION (TR_MODULE, TR_KEY, TR_TEXT, TR_LANGUAGE) VALUES ('frontend', 'fileupload.label.groups', 'Groups', 'cs-CZ');
INSERT INTO OKM_TRANSLATION (TR_MODULE, TR_KEY, TR_TEXT, TR_LANGUAGE) VALUES ('frontend', 'fileupload.label.must.select.users"', '  "Muste zvolit uivatele,  kter m bt upozornn', 'cs-CZ');
INSERT INTO OKM_TRANSLATION (TR_MODULE, TR_KEY, TR_TEXT, TR_LANGUAGE) VALUES ('frontend', 'fileupload.label.importZip', 'Nahrt dokumenty ze ZIP souboru', 'cs-CZ');
INSERT INTO OKM_TRANSLATION (TR_MODULE, TR_KEY, TR_TEXT, TR_LANGUAGE) VALUES ('frontend', 'fileupload.label.notify.comment', 'Zprva o zmn', 'cs-CZ');
INSERT INTO OKM_TRANSLATION (TR_MODULE, TR_KEY, TR_TEXT, TR_LANGUAGE) VALUES ('frontend', 'fileupload.label.error.importing.zip', 'Chyba pi nahrvn souboru', 'cs-CZ');
INSERT INTO OKM_TRANSLATION (TR_MODULE, TR_KEY, TR_TEXT, TR_LANGUAGE) VALUES ('frontend', 'fileupload.label.error.move.file', 'Chyba pi pesouvn souboru', 'cs-CZ');
INSERT INTO OKM_TRANSLATION (TR_MODULE, TR_KEY, TR_TEXT, TR_LANGUAGE) VALUES ('frontend', 'fileupload.label.error.move.mail', 'Chyba pi pesouvn mailu', 'cs-CZ');
INSERT INTO OKM_TRANSLATION (TR_MODULE, TR_KEY, TR_TEXT, TR_LANGUAGE) VALUES ('frontend', 'fileupload.label.error.copy.file', 'Chyba pi koprovn souboru', 'cs-CZ');
INSERT INTO OKM_TRANSLATION (TR_MODULE, TR_KEY, TR_TEXT, TR_LANGUAGE) VALUES ('frontend', 'fileupload.label.error.copy.mail', 'Chyba pi koprovn mailu', 'cs-CZ');
INSERT INTO OKM_TRANSLATION (TR_MODULE, TR_KEY, TR_TEXT, TR_LANGUAGE) VALUES ('frontend', 'fileupload.label.error.restore.file', 'Chyba pi obnov souboru', 'cs-CZ');
INSERT INTO OKM_TRANSLATION (TR_MODULE, TR_KEY, TR_TEXT, TR_LANGUAGE) VALUES ('frontend', 'fileupload.label.error.restore.mail', 'Chyba pi obnov mailu', 'cs-CZ');
INSERT INTO OKM_TRANSLATION (TR_MODULE, TR_KEY, TR_TEXT, TR_LANGUAGE) VALUES ('frontend', 'fileupload.label.error.move.folder', 'Chyba pi pesouvn sloky', 'cs-CZ');
INSERT INTO OKM_TRANSLATION (TR_MODULE, TR_KEY, TR_TEXT, TR_LANGUAGE) VALUES ('frontend', 'fileupload.label.error.copy.folder', 'Chyba pi koprovn sloky', 'cs-CZ');
INSERT INTO OKM_TRANSLATION (TR_MODULE, TR_KEY, TR_TEXT, TR_LANGUAGE) VALUES ('frontend', 'fileupload.label.error.restore.folder', 'Chyba pi obnovovn sloky', 'cs-CZ');
INSERT INTO OKM_TRANSLATION (TR_MODULE, TR_KEY, TR_TEXT, TR_LANGUAGE) VALUES ('frontend', 'fileupload.label.error.create.from.template', 'Chyba pi vytven souboru ze ablony', 'cs-CZ');
INSERT INTO OKM_TRANSLATION (TR_MODULE, TR_KEY, TR_TEXT, TR_LANGUAGE) VALUES ('frontend', 'fileupload.label.error.not.allowed.move.folder.child', 'Nen mon pesunout pod pvodn sloku nebo podsloku', 'cs-CZ');
INSERT INTO OKM_TRANSLATION (TR_MODULE, TR_KEY, TR_TEXT, TR_LANGUAGE) VALUES ('frontend', 'fileupload.label.error.not.allowed.copy.same.folder', 'Nen mon pesunout pod pvodn sloku', 'cs-CZ');
INSERT INTO OKM_TRANSLATION (TR_MODULE, TR_KEY, TR_TEXT, TR_LANGUAGE) VALUES ('frontend', 'fileupload.label.error.not.allowed.create.from.template.same.folder', 'Nen mon vytvoit soubor do sloky,  kde je uloena ablona', 'cs-CZ');
INSERT INTO OKM_TRANSLATION (TR_MODULE, TR_KEY, TR_TEXT, TR_LANGUAGE) VALUES ('frontend', 'tab.document.properties', 'Vlastnosti', 'cs-CZ');
INSERT INTO OKM_TRANSLATION (TR_MODULE, TR_KEY, TR_TEXT, TR_LANGUAGE) VALUES ('frontend', 'tab.document.notes', 'Poznmky', 'cs-CZ');
INSERT INTO OKM_TRANSLATION (TR_MODULE, TR_KEY, TR_TEXT, TR_LANGUAGE) VALUES ('frontend', 'tab.document.history', 'Historie', 'cs-CZ');
INSERT INTO OKM_TRANSLATION (TR_MODULE, TR_KEY, TR_TEXT, TR_LANGUAGE) VALUES ('frontend', 'tab.document.status.history', 'Upravuje se historie', 'cs-CZ');
INSERT INTO OKM_TRANSLATION (TR_MODULE, TR_KEY, TR_TEXT, TR_LANGUAGE) VALUES ('frontend', 'tab.status.security.role', 'Aktualizuj se pstupov role', 'cs-CZ');
INSERT INTO OKM_TRANSLATION (TR_MODULE, TR_KEY, TR_TEXT, TR_LANGUAGE) VALUES ('frontend', 'tab.status.security.user', 'Aktualizuj se oprvnen uivatel', 'cs-CZ');
INSERT INTO OKM_TRANSLATION (TR_MODULE, TR_KEY, TR_TEXT, TR_LANGUAGE) VALUES ('frontend', 'tab.document.status.group.properties', 'Aktualizuj se skupina vlastnost', 'cs-CZ');
INSERT INTO OKM_TRANSLATION (TR_MODULE, TR_KEY, TR_TEXT, TR_LANGUAGE) VALUES ('frontend', 'tab.document.status.set.keywords', 'Nastavuj se klov slova', 'cs-CZ');
INSERT INTO OKM_TRANSLATION (TR_MODULE, TR_KEY, TR_TEXT, TR_LANGUAGE) VALUES ('frontend', 'tab.document.status.set.categories', 'Updating categories', 'cs-CZ');
INSERT INTO OKM_TRANSLATION (TR_MODULE, TR_KEY, TR_TEXT, TR_LANGUAGE) VALUES ('frontend', 'tab.document.status.get.version.history.size', 'Aktualizuje se velikost historie dokumentu', 'cs-CZ');
INSERT INTO OKM_TRANSLATION (TR_MODULE, TR_KEY, TR_TEXT, TR_LANGUAGE) VALUES ('frontend', 'tab.document.status.purge.version.history', 'Zkompaktnit historii dokumentu', 'cs-CZ');
INSERT INTO OKM_TRANSLATION (TR_MODULE, TR_KEY, TR_TEXT, TR_LANGUAGE) VALUES ('frontend', 'tab.document.status.restore.version', 'Obnovuje se verze dokumentu', 'cs-CZ');
INSERT INTO OKM_TRANSLATION (TR_MODULE, TR_KEY, TR_TEXT, TR_LANGUAGE) VALUES ('frontend', 'tab.document.security', 'Zabezpeen', 'cs-CZ');
INSERT INTO OKM_TRANSLATION (TR_MODULE, TR_KEY, TR_TEXT, TR_LANGUAGE) VALUES ('frontend', 'tab.document.preview', 'Nhled', 'cs-CZ');
INSERT INTO OKM_TRANSLATION (TR_MODULE, TR_KEY, TR_TEXT, TR_LANGUAGE) VALUES ('frontend', 'tab.folder.properties', 'Vlastnosti', 'cs-CZ');
INSERT INTO OKM_TRANSLATION (TR_MODULE, TR_KEY, TR_TEXT, TR_LANGUAGE) VALUES ('frontend', 'tab.folder.security', 'Zabezpeen', 'cs-CZ');
INSERT INTO OKM_TRANSLATION (TR_MODULE, TR_KEY, TR_TEXT, TR_LANGUAGE) VALUES ('frontend', 'tab.folder.notes', 'Poznmky', 'cs-CZ');
INSERT INTO OKM_TRANSLATION (TR_MODULE, TR_KEY, TR_TEXT, TR_LANGUAGE) VALUES ('frontend', 'tab.workspace.desktop', 'Plocha', 'cs-CZ');
INSERT INTO OKM_TRANSLATION (TR_MODULE, TR_KEY, TR_TEXT, TR_LANGUAGE) VALUES ('frontend', 'tab.workspace.search', 'Hledat', 'cs-CZ');
INSERT INTO OKM_TRANSLATION (TR_MODULE, TR_KEY, TR_TEXT, TR_LANGUAGE) VALUES ('frontend', 'tab.workspace.dashboard', 'Pehled', 'cs-CZ');
INSERT INTO OKM_TRANSLATION (TR_MODULE, TR_KEY, TR_TEXT, TR_LANGUAGE) VALUES ('frontend', 'tab.workspace.administration', 'Administrace', 'cs-CZ');
INSERT INTO OKM_TRANSLATION (TR_MODULE, TR_KEY, TR_TEXT, TR_LANGUAGE) VALUES ('frontend', 'document.uuid', 'UUID', 'cs-CZ');
INSERT INTO OKM_TRANSLATION (TR_MODULE, TR_KEY, TR_TEXT, TR_LANGUAGE) VALUES ('frontend', 'document.name', 'Nzev', 'cs-CZ');
INSERT INTO OKM_TRANSLATION (TR_MODULE, TR_KEY, TR_TEXT, TR_LANGUAGE) VALUES ('frontend', 'document.folder', 'Sloka', 'cs-CZ');
INSERT INTO OKM_TRANSLATION (TR_MODULE, TR_KEY, TR_TEXT, TR_LANGUAGE) VALUES ('frontend', 'document.size', 'Velikost', 'cs-CZ');
INSERT INTO OKM_TRANSLATION (TR_MODULE, TR_KEY, TR_TEXT, TR_LANGUAGE) VALUES ('frontend', 'document.created', 'Vytvoeno', 'cs-CZ');
INSERT INTO OKM_TRANSLATION (TR_MODULE, TR_KEY, TR_TEXT, TR_LANGUAGE) VALUES ('frontend', 'document.lastmodified', 'Zmnno', 'cs-CZ');
INSERT INTO OKM_TRANSLATION (TR_MODULE, TR_KEY, TR_TEXT, TR_LANGUAGE) VALUES ('frontend', 'document.mimetype', 'MIME typ', 'cs-CZ');
INSERT INTO OKM_TRANSLATION (TR_MODULE, TR_KEY, TR_TEXT, TR_LANGUAGE) VALUES ('frontend', 'document.keywords', 'Klov slova', 'cs-CZ');
INSERT INTO OKM_TRANSLATION (TR_MODULE, TR_KEY, TR_TEXT, TR_LANGUAGE) VALUES ('frontend', 'document.by', '', 'cs-CZ');
INSERT INTO OKM_TRANSLATION (TR_MODULE, TR_KEY, TR_TEXT, TR_LANGUAGE) VALUES ('frontend', 'document.status', 'Stav', 'cs-CZ');
INSERT INTO OKM_TRANSLATION (TR_MODULE, TR_KEY, TR_TEXT, TR_LANGUAGE) VALUES ('frontend', 'document.status.checkout', 'Upraveno', 'cs-CZ');
INSERT INTO OKM_TRANSLATION (TR_MODULE, TR_KEY, TR_TEXT, TR_LANGUAGE) VALUES ('frontend', 'document.status.locked', 'Zameno', 'cs-CZ');
INSERT INTO OKM_TRANSLATION (TR_MODULE, TR_KEY, TR_TEXT, TR_LANGUAGE) VALUES ('frontend', 'document.status.normal', 'Dostupn', 'cs-CZ');
INSERT INTO OKM_TRANSLATION (TR_MODULE, TR_KEY, TR_TEXT, TR_LANGUAGE) VALUES ('frontend', 'document.subscribed', 'Nastaveno upozornn o zmnch', 'cs-CZ');
INSERT INTO OKM_TRANSLATION (TR_MODULE, TR_KEY, TR_TEXT, TR_LANGUAGE) VALUES ('frontend', 'document.subscribed.yes', 'Ano', 'cs-CZ');
INSERT INTO OKM_TRANSLATION (TR_MODULE, TR_KEY, TR_TEXT, TR_LANGUAGE) VALUES ('frontend', 'document.subscribed.no', 'Ne', 'cs-CZ');
INSERT INTO OKM_TRANSLATION (TR_MODULE, TR_KEY, TR_TEXT, TR_LANGUAGE) VALUES ('frontend', 'document.history.size', 'Velikost historie', 'cs-CZ');
INSERT INTO OKM_TRANSLATION (TR_MODULE, TR_KEY, TR_TEXT, TR_LANGUAGE) VALUES ('frontend', 'document.subscribed.users', 'Uivatel kterm je zaslno upozornn', 'cs-CZ');
INSERT INTO OKM_TRANSLATION (TR_MODULE, TR_KEY, TR_TEXT, TR_LANGUAGE) VALUES ('frontend', 'document.url', 'URL', 'cs-CZ');
INSERT INTO OKM_TRANSLATION (TR_MODULE, TR_KEY, TR_TEXT, TR_LANGUAGE) VALUES ('frontend', 'document.webdav', 'WebDAV', 'cs-CZ');
INSERT INTO OKM_TRANSLATION (TR_MODULE, TR_KEY, TR_TEXT, TR_LANGUAGE) VALUES ('frontend', 'document.add.note', 'Pidat poznmku', 'cs-CZ');
INSERT INTO OKM_TRANSLATION (TR_MODULE, TR_KEY, TR_TEXT, TR_LANGUAGE) VALUES ('frontend', 'document.keywords.cloud', 'Mrak klovch slov', 'cs-CZ');
INSERT INTO OKM_TRANSLATION (TR_MODULE, TR_KEY, TR_TEXT, TR_LANGUAGE) VALUES ('frontend', 'document.categories', 'Categories', 'cs-CZ');
INSERT INTO OKM_TRANSLATION (TR_MODULE, TR_KEY, TR_TEXT, TR_LANGUAGE) VALUES ('frontend', 'folder.uuid', 'UUID', 'cs-CZ');
INSERT INTO OKM_TRANSLATION (TR_MODULE, TR_KEY, TR_TEXT, TR_LANGUAGE) VALUES ('frontend', 'folder.name', 'Nazev', 'cs-CZ');
INSERT INTO OKM_TRANSLATION (TR_MODULE, TR_KEY, TR_TEXT, TR_LANGUAGE) VALUES ('frontend', 'folder.parent', 'Rodi', 'cs-CZ');
INSERT INTO OKM_TRANSLATION (TR_MODULE, TR_KEY, TR_TEXT, TR_LANGUAGE) VALUES ('frontend', 'folder.created', 'Vytvoeno', 'cs-CZ');
INSERT INTO OKM_TRANSLATION (TR_MODULE, TR_KEY, TR_TEXT, TR_LANGUAGE) VALUES ('frontend', 'folder.by', '', 'cs-CZ');
INSERT INTO OKM_TRANSLATION (TR_MODULE, TR_KEY, TR_TEXT, TR_LANGUAGE) VALUES ('frontend', 'folder.subscribed', 'Nastaveno upozornn o zmnch', 'cs-CZ');
INSERT INTO OKM_TRANSLATION (TR_MODULE, TR_KEY, TR_TEXT, TR_LANGUAGE) VALUES ('frontend', 'folder.subscribed.yes', 'Ano', 'cs-CZ');
INSERT INTO OKM_TRANSLATION (TR_MODULE, TR_KEY, TR_TEXT, TR_LANGUAGE) VALUES ('frontend', 'folder.subscribed.no', 'Ne', 'cs-CZ');
INSERT INTO OKM_TRANSLATION (TR_MODULE, TR_KEY, TR_TEXT, TR_LANGUAGE) VALUES ('frontend', 'folder.subscribed.users', 'Uivatel kterm je zaslno upozornn', 'cs-CZ');
INSERT INTO OKM_TRANSLATION (TR_MODULE, TR_KEY, TR_TEXT, TR_LANGUAGE) VALUES ('frontend', 'folder.url', 'URL', 'cs-CZ');
INSERT INTO OKM_TRANSLATION (TR_MODULE, TR_KEY, TR_TEXT, TR_LANGUAGE) VALUES ('frontend', 'folder.webdav', 'WebDAV', 'cs-CZ');
INSERT INTO OKM_TRANSLATION (TR_MODULE, TR_KEY, TR_TEXT, TR_LANGUAGE) VALUES ('frontend', 'folder.number.folders', 'Folders', 'cs-CZ');
INSERT INTO OKM_TRANSLATION (TR_MODULE, TR_KEY, TR_TEXT, TR_LANGUAGE) VALUES ('frontend', 'folder.number.documents', 'Documents', 'cs-CZ');
INSERT INTO OKM_TRANSLATION (TR_MODULE, TR_KEY, TR_TEXT, TR_LANGUAGE) VALUES ('frontend', 'folder.number.mails', 'Mails', 'cs-CZ');
INSERT INTO OKM_TRANSLATION (TR_MODULE, TR_KEY, TR_TEXT, TR_LANGUAGE) VALUES ('frontend', 'version.name', 'Verze', 'cs-CZ');
INSERT INTO OKM_TRANSLATION (TR_MODULE, TR_KEY, TR_TEXT, TR_LANGUAGE) VALUES ('frontend', 'version.created', 'Datum', 'cs-CZ');
INSERT INTO OKM_TRANSLATION (TR_MODULE, TR_KEY, TR_TEXT, TR_LANGUAGE) VALUES ('frontend', 'version.author', 'Autor', 'cs-CZ');
INSERT INTO OKM_TRANSLATION (TR_MODULE, TR_KEY, TR_TEXT, TR_LANGUAGE) VALUES ('frontend', 'version.size', 'Velikost', 'cs-CZ');
INSERT INTO OKM_TRANSLATION (TR_MODULE, TR_KEY, TR_TEXT, TR_LANGUAGE) VALUES ('frontend', 'version.purge.document', 'Zkompaktnit historii dokumentu', 'cs-CZ');
INSERT INTO OKM_TRANSLATION (TR_MODULE, TR_KEY, TR_TEXT, TR_LANGUAGE) VALUES ('frontend', 'version.comment', 'Koment', 'cs-CZ');
INSERT INTO OKM_TRANSLATION (TR_MODULE, TR_KEY, TR_TEXT, TR_LANGUAGE) VALUES ('frontend', 'security.label', 'Zabezpeen', 'cs-CZ');
INSERT INTO OKM_TRANSLATION (TR_MODULE, TR_KEY, TR_TEXT, TR_LANGUAGE) VALUES ('frontend', 'security.group.name', 'Skupina', 'cs-CZ');
INSERT INTO OKM_TRANSLATION (TR_MODULE, TR_KEY, TR_TEXT, TR_LANGUAGE) VALUES ('frontend', 'security.group.permission.read', 'st', 'cs-CZ');
INSERT INTO OKM_TRANSLATION (TR_MODULE, TR_KEY, TR_TEXT, TR_LANGUAGE) VALUES ('frontend', 'security.group.permission.write', 'Zapisovat', 'cs-CZ');
INSERT INTO OKM_TRANSLATION (TR_MODULE, TR_KEY, TR_TEXT, TR_LANGUAGE) VALUES ('frontend', 'security.group.permission.delete', 'Delete', 'cs-CZ');
INSERT INTO OKM_TRANSLATION (TR_MODULE, TR_KEY, TR_TEXT, TR_LANGUAGE) VALUES ('frontend', 'security.group.permission.security', 'Security', 'cs-CZ');
INSERT INTO OKM_TRANSLATION (TR_MODULE, TR_KEY, TR_TEXT, TR_LANGUAGE) VALUES ('frontend', 'security.user.name', 'Uivatel', 'cs-CZ');
INSERT INTO OKM_TRANSLATION (TR_MODULE, TR_KEY, TR_TEXT, TR_LANGUAGE) VALUES ('frontend', 'security.user.permission.read', 'st', 'cs-CZ');
INSERT INTO OKM_TRANSLATION (TR_MODULE, TR_KEY, TR_TEXT, TR_LANGUAGE) VALUES ('frontend', 'security.user.permission.write', 'Zapisovat', 'cs-CZ');
INSERT INTO OKM_TRANSLATION (TR_MODULE, TR_KEY, TR_TEXT, TR_LANGUAGE) VALUES ('frontend', 'security.user.permission.delete', 'Delete', 'cs-CZ');
INSERT INTO OKM_TRANSLATION (TR_MODULE, TR_KEY, TR_TEXT, TR_LANGUAGE) VALUES ('frontend', 'security.user.permission.security', 'Security', 'cs-CZ');
INSERT INTO OKM_TRANSLATION (TR_MODULE, TR_KEY, TR_TEXT, TR_LANGUAGE) VALUES ('frontend', 'security.users', 'Uivatel', 'cs-CZ');
INSERT INTO OKM_TRANSLATION (TR_MODULE, TR_KEY, TR_TEXT, TR_LANGUAGE) VALUES ('frontend', 'security.groups', 'Skupiny', 'cs-CZ');
INSERT INTO OKM_TRANSLATION (TR_MODULE, TR_KEY, TR_TEXT, TR_LANGUAGE) VALUES ('frontend', 'security.recursive', 'Nastavit prva rekurzivn', 'cs-CZ');
INSERT INTO OKM_TRANSLATION (TR_MODULE, TR_KEY, TR_TEXT, TR_LANGUAGE) VALUES ('frontend', 'secutiry.filter.by.users', 'Users filter', 'cs-CZ');
INSERT INTO OKM_TRANSLATION (TR_MODULE, TR_KEY, TR_TEXT, TR_LANGUAGE) VALUES ('frontend', 'secutiry.filter.by.groups', 'Groups filter', 'cs-CZ');
INSERT INTO OKM_TRANSLATION (TR_MODULE, TR_KEY, TR_TEXT, TR_LANGUAGE) VALUES ('frontend', 'security.status.updating', 'Updating security', 'cs-CZ');
INSERT INTO OKM_TRANSLATION (TR_MODULE, TR_KEY, TR_TEXT, TR_LANGUAGE) VALUES ('frontend', 'preview.unavailable', 'Nhled nen dostupn', 'cs-CZ');
INSERT INTO OKM_TRANSLATION (TR_MODULE, TR_KEY, TR_TEXT, TR_LANGUAGE) VALUES ('frontend', 'mail.from', 'Od', 'cs-CZ');
INSERT INTO OKM_TRANSLATION (TR_MODULE, TR_KEY, TR_TEXT, TR_LANGUAGE) VALUES ('frontend', 'mail.reply', 'Odpovdt komu', 'cs-CZ');
INSERT INTO OKM_TRANSLATION (TR_MODULE, TR_KEY, TR_TEXT, TR_LANGUAGE) VALUES ('frontend', 'mail.to', 'Komu', 'cs-CZ');
INSERT INTO OKM_TRANSLATION (TR_MODULE, TR_KEY, TR_TEXT, TR_LANGUAGE) VALUES ('frontend', 'mail.subject', 'Pedmt', 'cs-CZ');
INSERT INTO OKM_TRANSLATION (TR_MODULE, TR_KEY, TR_TEXT, TR_LANGUAGE) VALUES ('frontend', 'mail.attachment', 'Plohy', 'cs-CZ');
INSERT INTO OKM_TRANSLATION (TR_MODULE, TR_KEY, TR_TEXT, TR_LANGUAGE) VALUES ('frontend', 'error.label', 'Systm vytvoil chybu', 'cs-CZ');
INSERT INTO OKM_TRANSLATION (TR_MODULE, TR_KEY, TR_TEXT, TR_LANGUAGE) VALUES ('frontend', 'error.invocation', 'Chyba pi komunikaci se serverem', 'cs-CZ');
INSERT INTO OKM_TRANSLATION (TR_MODULE, TR_KEY, TR_TEXT, TR_LANGUAGE) VALUES ('frontend', 'about.label', 'O OpenKM', 'cs-CZ');
INSERT INTO OKM_TRANSLATION (TR_MODULE, TR_KEY, TR_TEXT, TR_LANGUAGE) VALUES ('frontend', 'about.loading', 'Nahrv se ...', 'cs-CZ');
INSERT INTO OKM_TRANSLATION (TR_MODULE, TR_KEY, TR_TEXT, TR_LANGUAGE) VALUES ('frontend', 'logout.label', 'Konec', 'cs-CZ');
INSERT INTO OKM_TRANSLATION (TR_MODULE, TR_KEY, TR_TEXT, TR_LANGUAGE) VALUES ('frontend', 'logout.closed', 'OpenKM byl spn ukonen.', 'cs-CZ');
INSERT INTO OKM_TRANSLATION (TR_MODULE, TR_KEY, TR_TEXT, TR_LANGUAGE) VALUES ('frontend', 'logout.logout', 'Probh odhlen z OpenKM,  prosm pokejte', 'cs-CZ');
INSERT INTO OKM_TRANSLATION (TR_MODULE, TR_KEY, TR_TEXT, TR_LANGUAGE) VALUES ('frontend', 'confirm.label', 'Potvrzen', 'cs-CZ');
INSERT INTO OKM_TRANSLATION (TR_MODULE, TR_KEY, TR_TEXT, TR_LANGUAGE) VALUES ('frontend', 'confirm.delete.folder', ' Opravdu chcete smazat sloku ?', 'cs-CZ');
INSERT INTO OKM_TRANSLATION (TR_MODULE, TR_KEY, TR_TEXT, TR_LANGUAGE) VALUES ('frontend', 'confirm.delete.document', ' Opravdu chcete smazat dokument ?', 'cs-CZ');
INSERT INTO OKM_TRANSLATION (TR_MODULE, TR_KEY, TR_TEXT, TR_LANGUAGE) VALUES ('frontend', 'confirm.delete.trash', ' Opravdu chcete vyprzdnit ko ?', 'cs-CZ');
INSERT INTO OKM_TRANSLATION (TR_MODULE, TR_KEY, TR_TEXT, TR_LANGUAGE) VALUES ('frontend', 'confirm.purge.folder', ' Opravdu chcete smazat sloku ?', 'cs-CZ');
INSERT INTO OKM_TRANSLATION (TR_MODULE, TR_KEY, TR_TEXT, TR_LANGUAGE) VALUES ('frontend', 'confirm.purge.document', ' Opravdu chcete smazat dokument ?', 'cs-CZ');
INSERT INTO OKM_TRANSLATION (TR_MODULE, TR_KEY, TR_TEXT, TR_LANGUAGE) VALUES ('frontend', 'confirm.delete.propety.group', ' Opravdu chcete smazat skupinu vlastnost ?', 'cs-CZ');
INSERT INTO OKM_TRANSLATION (TR_MODULE, TR_KEY, TR_TEXT, TR_LANGUAGE) VALUES ('frontend', 'confirm.purge.version.history.document', ' Opravdu chcete smazat historii dokumentu ?', 'cs-CZ');
INSERT INTO OKM_TRANSLATION (TR_MODULE, TR_KEY, TR_TEXT, TR_LANGUAGE) VALUES ('frontend', 'confirm.purge.restore.document', ' Opravdu chcete obnovit dokument do tto verze ?', 'cs-CZ');
INSERT INTO OKM_TRANSLATION (TR_MODULE, TR_KEY, TR_TEXT, TR_LANGUAGE) VALUES ('frontend', 'confirm.set.default.home', ' Opravdu chcete nastavit domovskou sloku ?', 'cs-CZ');
INSERT INTO OKM_TRANSLATION (TR_MODULE, TR_KEY, TR_TEXT, TR_LANGUAGE) VALUES ('frontend', 'confirm.delete.saved.search', ' Opravdu chcete smazat uloen hledn ?', 'cs-CZ');
INSERT INTO OKM_TRANSLATION (TR_MODULE, TR_KEY, TR_TEXT, TR_LANGUAGE) VALUES ('frontend', 'confirm.delete.user.news', ' Opravdu chcete smazat uivatelsk zprvy ?', 'cs-CZ');
INSERT INTO OKM_TRANSLATION (TR_MODULE, TR_KEY, TR_TEXT, TR_LANGUAGE) VALUES ('frontend', 'confirm.delete.mail', ' Opravdu chcete smazat mail ?', 'cs-CZ');
INSERT INTO OKM_TRANSLATION (TR_MODULE, TR_KEY, TR_TEXT, TR_LANGUAGE) VALUES ('frontend', 'confirm.get.pooled.workflow.task', 'Do you want to assign this task to you ?', 'cs-CZ');
INSERT INTO OKM_TRANSLATION (TR_MODULE, TR_KEY, TR_TEXT, TR_LANGUAGE) VALUES ('frontend', 'confirm.force.unlock', 'Do you really want to force the document unlock ?', 'cs-CZ');
INSERT INTO OKM_TRANSLATION (TR_MODULE, TR_KEY, TR_TEXT, TR_LANGUAGE) VALUES ('frontend', 'confirm.force.cancel.checkout', 'Do you really want to force the document cancel checkout ?', 'cs-CZ');
INSERT INTO OKM_TRANSLATION (TR_MODULE, TR_KEY, TR_TEXT, TR_LANGUAGE) VALUES ('frontend', 'search.context', 'Oblast', 'cs-CZ');
INSERT INTO OKM_TRANSLATION (TR_MODULE, TR_KEY, TR_TEXT, TR_LANGUAGE) VALUES ('frontend', 'search.content', 'Obsah', 'cs-CZ');
INSERT INTO OKM_TRANSLATION (TR_MODULE, TR_KEY, TR_TEXT, TR_LANGUAGE) VALUES ('frontend', 'search.name', 'Jmno', 'cs-CZ');
INSERT INTO OKM_TRANSLATION (TR_MODULE, TR_KEY, TR_TEXT, TR_LANGUAGE) VALUES ('frontend', 'search.keywords', 'Klov slova', 'cs-CZ');
INSERT INTO OKM_TRANSLATION (TR_MODULE, TR_KEY, TR_TEXT, TR_LANGUAGE) VALUES ('frontend', 'search.folder', 'Sloka', 'cs-CZ');
INSERT INTO OKM_TRANSLATION (TR_MODULE, TR_KEY, TR_TEXT, TR_LANGUAGE) VALUES ('frontend', 'search.category', 'Category', 'cs-CZ');
INSERT INTO OKM_TRANSLATION (TR_MODULE, TR_KEY, TR_TEXT, TR_LANGUAGE) VALUES ('frontend', 'search.results', 'Vsledky', 'cs-CZ');
INSERT INTO OKM_TRANSLATION (TR_MODULE, TR_KEY, TR_TEXT, TR_LANGUAGE) VALUES ('frontend', 'search.to', 'do', 'cs-CZ');
INSERT INTO OKM_TRANSLATION (TR_MODULE, TR_KEY, TR_TEXT, TR_LANGUAGE) VALUES ('frontend', 'search.page.results', 'Poet vsledk na strnce', 'cs-CZ');
INSERT INTO OKM_TRANSLATION (TR_MODULE, TR_KEY, TR_TEXT, TR_LANGUAGE) VALUES ('frontend', 'search.add.property.group', 'Pidat skupinu vlastnost', 'cs-CZ');
INSERT INTO OKM_TRANSLATION (TR_MODULE, TR_KEY, TR_TEXT, TR_LANGUAGE) VALUES ('frontend', 'search.mimetype', 'Mime typ', 'cs-CZ');
INSERT INTO OKM_TRANSLATION (TR_MODULE, TR_KEY, TR_TEXT, TR_LANGUAGE) VALUES ('frontend', 'search.type', 'Typ', 'cs-CZ');
INSERT INTO OKM_TRANSLATION (TR_MODULE, TR_KEY, TR_TEXT, TR_LANGUAGE) VALUES ('frontend', 'search.type.document', 'Dokument', 'cs-CZ');
INSERT INTO OKM_TRANSLATION (TR_MODULE, TR_KEY, TR_TEXT, TR_LANGUAGE) VALUES ('frontend', 'search.type.folder', 'Sloka', 'cs-CZ');
INSERT INTO OKM_TRANSLATION (TR_MODULE, TR_KEY, TR_TEXT, TR_LANGUAGE) VALUES ('frontend', 'search.type.mail', 'Mail', 'cs-CZ');
INSERT INTO OKM_TRANSLATION (TR_MODULE, TR_KEY, TR_TEXT, TR_LANGUAGE) VALUES ('frontend', 'search.advanced', 'Rozen hledn', 'cs-CZ');
INSERT INTO OKM_TRANSLATION (TR_MODULE, TR_KEY, TR_TEXT, TR_LANGUAGE) VALUES ('frontend', 'search.user', 'Uivatel', 'cs-CZ');
INSERT INTO OKM_TRANSLATION (TR_MODULE, TR_KEY, TR_TEXT, TR_LANGUAGE) VALUES ('frontend', 'search.date.and', 'a', 'cs-CZ');
INSERT INTO OKM_TRANSLATION (TR_MODULE, TR_KEY, TR_TEXT, TR_LANGUAGE) VALUES ('frontend', 'search.date.range', 'Datum od', 'cs-CZ');
INSERT INTO OKM_TRANSLATION (TR_MODULE, TR_KEY, TR_TEXT, TR_LANGUAGE) VALUES ('frontend', 'search.save.as.news', 'Uloit jako uivatelskou zprvu', 'cs-CZ');
INSERT INTO OKM_TRANSLATION (TR_MODULE, TR_KEY, TR_TEXT, TR_LANGUAGE) VALUES ('frontend', 'search.folder.filter', 'Filtrovat podle sloky', 'cs-CZ');
INSERT INTO OKM_TRANSLATION (TR_MODULE, TR_KEY, TR_TEXT, TR_LANGUAGE) VALUES ('frontend', 'search.category.filter', 'Filter by category', 'cs-CZ');
INSERT INTO OKM_TRANSLATION (TR_MODULE, TR_KEY, TR_TEXT, TR_LANGUAGE) VALUES ('frontend', 'search.result.name', 'Jmno', 'cs-CZ');
INSERT INTO OKM_TRANSLATION (TR_MODULE, TR_KEY, TR_TEXT, TR_LANGUAGE) VALUES ('frontend', 'search.result.score', 'Relevance', 'cs-CZ');
INSERT INTO OKM_TRANSLATION (TR_MODULE, TR_KEY, TR_TEXT, TR_LANGUAGE) VALUES ('frontend', 'search.result.size', 'Velikost', 'cs-CZ');
INSERT INTO OKM_TRANSLATION (TR_MODULE, TR_KEY, TR_TEXT, TR_LANGUAGE) VALUES ('frontend', 'search.result.date.update', 'Datum pravy', 'cs-CZ');
INSERT INTO OKM_TRANSLATION (TR_MODULE, TR_KEY, TR_TEXT, TR_LANGUAGE) VALUES ('frontend', 'search.result.author', 'Autor', 'cs-CZ');
INSERT INTO OKM_TRANSLATION (TR_MODULE, TR_KEY, TR_TEXT, TR_LANGUAGE) VALUES ('frontend', 'search.result.version', 'Verze', 'cs-CZ');
INSERT INTO OKM_TRANSLATION (TR_MODULE, TR_KEY, TR_TEXT, TR_LANGUAGE) VALUES ('frontend', 'search.result.path', 'Cesta', 'cs-CZ');
INSERT INTO OKM_TRANSLATION (TR_MODULE, TR_KEY, TR_TEXT, TR_LANGUAGE) VALUES ('frontend', 'search.result.menu.download', 'Sthnout', 'cs-CZ');
INSERT INTO OKM_TRANSLATION (TR_MODULE, TR_KEY, TR_TEXT, TR_LANGUAGE) VALUES ('frontend', 'search.result.menu.go.folder', 'Jdi do sloky', 'cs-CZ');
INSERT INTO OKM_TRANSLATION (TR_MODULE, TR_KEY, TR_TEXT, TR_LANGUAGE) VALUES ('frontend', 'search.result.menu.go.document', 'Jdi do dokumentu', 'cs-CZ');
INSERT INTO OKM_TRANSLATION (TR_MODULE, TR_KEY, TR_TEXT, TR_LANGUAGE) VALUES ('frontend', 'search.result.status.findPaginated', 'Aktualizuje se hledn', 'cs-CZ');
INSERT INTO OKM_TRANSLATION (TR_MODULE, TR_KEY, TR_TEXT, TR_LANGUAGE) VALUES ('frontend', 'search.result.status.runsearch', 'Aktualizuje se uloen hledn', 'cs-CZ');
INSERT INTO OKM_TRANSLATION (TR_MODULE, TR_KEY, TR_TEXT, TR_LANGUAGE) VALUES ('frontend', 'search.saved.run', 'Hledej', 'cs-CZ');
INSERT INTO OKM_TRANSLATION (TR_MODULE, TR_KEY, TR_TEXT, TR_LANGUAGE) VALUES ('frontend', 'search.saved.delete', 'Sma', 'cs-CZ');
INSERT INTO OKM_TRANSLATION (TR_MODULE, TR_KEY, TR_TEXT, TR_LANGUAGE) VALUES ('frontend', 'search.saved.status.getsearchs', 'Aktualizace uloench hledn', 'cs-CZ');
INSERT INTO OKM_TRANSLATION (TR_MODULE, TR_KEY, TR_TEXT, TR_LANGUAGE) VALUES ('frontend', 'search.saved.status.savesearch', 'Aktualizace uloench hledn', 'cs-CZ');
INSERT INTO OKM_TRANSLATION (TR_MODULE, TR_KEY, TR_TEXT, TR_LANGUAGE) VALUES ('frontend', 'search.saved.status.deletesearch', 'Maou se uloen hledn', 'cs-CZ');
INSERT INTO OKM_TRANSLATION (TR_MODULE, TR_KEY, TR_TEXT, TR_LANGUAGE) VALUES ('frontend', 'search.saved.status.getusernews', 'Aktualizuj se uloen hledn', 'cs-CZ');
INSERT INTO OKM_TRANSLATION (TR_MODULE, TR_KEY, TR_TEXT, TR_LANGUAGE) VALUES ('frontend', 'button.close', 'Zavt', 'cs-CZ');
INSERT INTO OKM_TRANSLATION (TR_MODULE, TR_KEY, TR_TEXT, TR_LANGUAGE) VALUES ('frontend', 'button.logout', 'Odhlsit', 'cs-CZ');
INSERT INTO OKM_TRANSLATION (TR_MODULE, TR_KEY, TR_TEXT, TR_LANGUAGE) VALUES ('frontend', 'button.update', 'Aktualizovat', 'cs-CZ');
INSERT INTO OKM_TRANSLATION (TR_MODULE, TR_KEY, TR_TEXT, TR_LANGUAGE) VALUES ('frontend', 'button.cancel', 'Zruit', 'cs-CZ');
INSERT INTO OKM_TRANSLATION (TR_MODULE, TR_KEY, TR_TEXT, TR_LANGUAGE) VALUES ('frontend', 'button.accept', 'Pimout', 'cs-CZ');
INSERT INTO OKM_TRANSLATION (TR_MODULE, TR_KEY, TR_TEXT, TR_LANGUAGE) VALUES ('frontend', 'button.restore', 'Obnovit', 'cs-CZ');
INSERT INTO OKM_TRANSLATION (TR_MODULE, TR_KEY, TR_TEXT, TR_LANGUAGE) VALUES ('frontend', 'button.move', 'Pesunout', 'cs-CZ');
INSERT INTO OKM_TRANSLATION (TR_MODULE, TR_KEY, TR_TEXT, TR_LANGUAGE) VALUES ('frontend', 'button.change', 'Zmnit', 'cs-CZ');
INSERT INTO OKM_TRANSLATION (TR_MODULE, TR_KEY, TR_TEXT, TR_LANGUAGE) VALUES ('frontend', 'button.search', 'Hledat', 'cs-CZ');
INSERT INTO OKM_TRANSLATION (TR_MODULE, TR_KEY, TR_TEXT, TR_LANGUAGE) VALUES ('frontend', 'button.save.search', 'Uloit hledn', 'cs-CZ');
INSERT INTO OKM_TRANSLATION (TR_MODULE, TR_KEY, TR_TEXT, TR_LANGUAGE) VALUES ('frontend', 'button.view', 'Zobrazit', 'cs-CZ');
INSERT INTO OKM_TRANSLATION (TR_MODULE, TR_KEY, TR_TEXT, TR_LANGUAGE) VALUES ('frontend', 'button.clean', 'Vyistit', 'cs-CZ');
INSERT INTO OKM_TRANSLATION (TR_MODULE, TR_KEY, TR_TEXT, TR_LANGUAGE) VALUES ('frontend', 'button.add', 'Pidat', 'cs-CZ');
INSERT INTO OKM_TRANSLATION (TR_MODULE, TR_KEY, TR_TEXT, TR_LANGUAGE) VALUES ('frontend', 'button.delete', 'Smazat', 'cs-CZ');
INSERT INTO OKM_TRANSLATION (TR_MODULE, TR_KEY, TR_TEXT, TR_LANGUAGE) VALUES ('frontend', 'button.copy', 'Koprovat', 'cs-CZ');
INSERT INTO OKM_TRANSLATION (TR_MODULE, TR_KEY, TR_TEXT, TR_LANGUAGE) VALUES ('frontend', 'button.create', 'Vytvoit', 'cs-CZ');
INSERT INTO OKM_TRANSLATION (TR_MODULE, TR_KEY, TR_TEXT, TR_LANGUAGE) VALUES ('frontend', 'button.show', 'Ukzat', 'cs-CZ');
INSERT INTO OKM_TRANSLATION (TR_MODULE, TR_KEY, TR_TEXT, TR_LANGUAGE) VALUES ('frontend', 'button.memory', 'Aktualizovat', 'cs-CZ');
INSERT INTO OKM_TRANSLATION (TR_MODULE, TR_KEY, TR_TEXT, TR_LANGUAGE) VALUES ('frontend', 'button.copy.clipboard', 'Zkoprovat do clipboardu', 'cs-CZ');
INSERT INTO OKM_TRANSLATION (TR_MODULE, TR_KEY, TR_TEXT, TR_LANGUAGE) VALUES ('frontend', 'button.start', 'Start', 'cs-CZ');
INSERT INTO OKM_TRANSLATION (TR_MODULE, TR_KEY, TR_TEXT, TR_LANGUAGE) VALUES ('frontend', 'button.select', 'Vybrat', 'cs-CZ');
INSERT INTO OKM_TRANSLATION (TR_MODULE, TR_KEY, TR_TEXT, TR_LANGUAGE) VALUES ('frontend', 'button.test', 'Test', 'cs-CZ');
INSERT INTO OKM_TRANSLATION (TR_MODULE, TR_KEY, TR_TEXT, TR_LANGUAGE) VALUES ('frontend', 'button.next', 'Next', 'cs-CZ');
INSERT INTO OKM_TRANSLATION (TR_MODULE, TR_KEY, TR_TEXT, TR_LANGUAGE) VALUES ('frontend', 'group.label', 'Pidat skupinu vlastnost', 'cs-CZ');
INSERT INTO OKM_TRANSLATION (TR_MODULE, TR_KEY, TR_TEXT, TR_LANGUAGE) VALUES ('frontend', 'group.group', 'Skupina', 'cs-CZ');
INSERT INTO OKM_TRANSLATION (TR_MODULE, TR_KEY, TR_TEXT, TR_LANGUAGE) VALUES ('frontend', 'group.property.group', 'Vlastnost', 'cs-CZ');
INSERT INTO OKM_TRANSLATION (TR_MODULE, TR_KEY, TR_TEXT, TR_LANGUAGE) VALUES ('frontend', 'bookmark.label', 'Pidat zloku', 'cs-CZ');
INSERT INTO OKM_TRANSLATION (TR_MODULE, TR_KEY, TR_TEXT, TR_LANGUAGE) VALUES ('frontend', 'bookmark.name', 'Jmno', 'cs-CZ');
INSERT INTO OKM_TRANSLATION (TR_MODULE, TR_KEY, TR_TEXT, TR_LANGUAGE) VALUES ('frontend', 'bookmark.edit.label', 'Upravit zloky', 'cs-CZ');
INSERT INTO OKM_TRANSLATION (TR_MODULE, TR_KEY, TR_TEXT, TR_LANGUAGE) VALUES ('frontend', 'bookmark.path', 'Cesta', 'cs-CZ');
INSERT INTO OKM_TRANSLATION (TR_MODULE, TR_KEY, TR_TEXT, TR_LANGUAGE) VALUES ('frontend', 'bookmark.type', 'Typ', 'cs-CZ');
INSERT INTO OKM_TRANSLATION (TR_MODULE, TR_KEY, TR_TEXT, TR_LANGUAGE) VALUES ('frontend', 'bookmark.type.document', 'Dokument', 'cs-CZ');
INSERT INTO OKM_TRANSLATION (TR_MODULE, TR_KEY, TR_TEXT, TR_LANGUAGE) VALUES ('frontend', 'bookmark.type.folder', 'Sloka', 'cs-CZ');
INSERT INTO OKM_TRANSLATION (TR_MODULE, TR_KEY, TR_TEXT, TR_LANGUAGE) VALUES ('frontend', 'notify.label', 'Odesl se odkaz na soubor', 'cs-CZ');
INSERT INTO OKM_TRANSLATION (TR_MODULE, TR_KEY, TR_TEXT, TR_LANGUAGE) VALUES ('frontend', 'notify.label.attachment', 'Send document attachment', 'cs-CZ');
INSERT INTO OKM_TRANSLATION (TR_MODULE, TR_KEY, TR_TEXT, TR_LANGUAGE) VALUES ('frontend', 'status.document.copied', 'Dokument oznaen ke zkoprovn', 'cs-CZ');
INSERT INTO OKM_TRANSLATION (TR_MODULE, TR_KEY, TR_TEXT, TR_LANGUAGE) VALUES ('frontend', 'status.document.cut', 'Dokument oznaen k vyjmut', 'cs-CZ');
INSERT INTO OKM_TRANSLATION (TR_MODULE, TR_KEY, TR_TEXT, TR_LANGUAGE) VALUES ('frontend', 'status.folder.copied', 'Sloka oznaena ke zkoprovn', 'cs-CZ');
INSERT INTO OKM_TRANSLATION (TR_MODULE, TR_KEY, TR_TEXT, TR_LANGUAGE) VALUES ('frontend', 'status.folder.cut', 'Sloka oznaena k vyjmut', 'cs-CZ');
INSERT INTO OKM_TRANSLATION (TR_MODULE, TR_KEY, TR_TEXT, TR_LANGUAGE) VALUES ('frontend', 'status.keep.alive.error', 'Spojen se serverem bylo perueno', 'cs-CZ');
INSERT INTO OKM_TRANSLATION (TR_MODULE, TR_KEY, TR_TEXT, TR_LANGUAGE) VALUES ('frontend', 'status.debug.enabled', 'Podpora ladn zapnuta', 'cs-CZ');
INSERT INTO OKM_TRANSLATION (TR_MODULE, TR_KEY, TR_TEXT, TR_LANGUAGE) VALUES ('frontend', 'status.debug.disabled', 'Podpora ladn vypnuta', 'cs-CZ');
INSERT INTO OKM_TRANSLATION (TR_MODULE, TR_KEY, TR_TEXT, TR_LANGUAGE) VALUES ('frontend', 'status.network.error.detected', 'Chyba sovho pipojen', 'cs-CZ');
INSERT INTO OKM_TRANSLATION (TR_MODULE, TR_KEY, TR_TEXT, TR_LANGUAGE) VALUES ('frontend', 'calendar.day.sunday', 'Nedle', 'cs-CZ');
INSERT INTO OKM_TRANSLATION (TR_MODULE, TR_KEY, TR_TEXT, TR_LANGUAGE) VALUES ('frontend', 'calendar.day.monday', 'Pondl', 'cs-CZ');
INSERT INTO OKM_TRANSLATION (TR_MODULE, TR_KEY, TR_TEXT, TR_LANGUAGE) VALUES ('frontend', 'calendar.day.tuesday', 'ter', 'cs-CZ');
INSERT INTO OKM_TRANSLATION (TR_MODULE, TR_KEY, TR_TEXT, TR_LANGUAGE) VALUES ('frontend', 'calendar.day.wednesday', 'Steda', 'cs-CZ');
INSERT INTO OKM_TRANSLATION (TR_MODULE, TR_KEY, TR_TEXT, TR_LANGUAGE) VALUES ('frontend', 'calendar.day.thursday', 'tvrtek', 'cs-CZ');
INSERT INTO OKM_TRANSLATION (TR_MODULE, TR_KEY, TR_TEXT, TR_LANGUAGE) VALUES ('frontend', 'calendar.day.friday', 'Ptek', 'cs-CZ');
INSERT INTO OKM_TRANSLATION (TR_MODULE, TR_KEY, TR_TEXT, TR_LANGUAGE) VALUES ('frontend', 'calendar.day.saturday', 'Sobota', 'cs-CZ');
INSERT INTO OKM_TRANSLATION (TR_MODULE, TR_KEY, TR_TEXT, TR_LANGUAGE) VALUES ('frontend', 'calendar.month.january', 'Leden', 'cs-CZ');
INSERT INTO OKM_TRANSLATION (TR_MODULE, TR_KEY, TR_TEXT, TR_LANGUAGE) VALUES ('frontend', 'calendar.month.february', 'nor', 'cs-CZ');
INSERT INTO OKM_TRANSLATION (TR_MODULE, TR_KEY, TR_TEXT, TR_LANGUAGE) VALUES ('frontend', 'calendar.month.march', 'Bezen', 'cs-CZ');
INSERT INTO OKM_TRANSLATION (TR_MODULE, TR_KEY, TR_TEXT, TR_LANGUAGE) VALUES ('frontend', 'calendar.month.april', 'Duben', 'cs-CZ');
INSERT INTO OKM_TRANSLATION (TR_MODULE, TR_KEY, TR_TEXT, TR_LANGUAGE) VALUES ('frontend', 'calendar.month.may', 'Kvten', 'cs-CZ');
INSERT INTO OKM_TRANSLATION (TR_MODULE, TR_KEY, TR_TEXT, TR_LANGUAGE) VALUES ('frontend', 'calendar.month.june', 'erven', 'cs-CZ');
INSERT INTO OKM_TRANSLATION (TR_MODULE, TR_KEY, TR_TEXT, TR_LANGUAGE) VALUES ('frontend', 'calendar.month.july', 'ervenec', 'cs-CZ');
INSERT INTO OKM_TRANSLATION (TR_MODULE, TR_KEY, TR_TEXT, TR_LANGUAGE) VALUES ('frontend', 'calendar.month.august', 'Srpen', 'cs-CZ');
INSERT INTO OKM_TRANSLATION (TR_MODULE, TR_KEY, TR_TEXT, TR_LANGUAGE) VALUES ('frontend', 'calendar.month.september', 'Z', 'cs-CZ');
INSERT INTO OKM_TRANSLATION (TR_MODULE, TR_KEY, TR_TEXT, TR_LANGUAGE) VALUES ('frontend', 'calendar.month.october', 'jen', 'cs-CZ');
INSERT INTO OKM_TRANSLATION (TR_MODULE, TR_KEY, TR_TEXT, TR_LANGUAGE) VALUES ('frontend', 'calendar.month.november', 'Listopad', 'cs-CZ');
INSERT INTO OKM_TRANSLATION (TR_MODULE, TR_KEY, TR_TEXT, TR_LANGUAGE) VALUES ('frontend', 'calendar.month.december', 'Prosinec', 'cs-CZ');
INSERT INTO OKM_TRANSLATION (TR_MODULE, TR_KEY, TR_TEXT, TR_LANGUAGE) VALUES ('frontend', 'media.player.label', 'Pehrva mdi', 'cs-CZ');
INSERT INTO OKM_TRANSLATION (TR_MODULE, TR_KEY, TR_TEXT, TR_LANGUAGE) VALUES ('frontend', 'image.viewer.label', 'Prohle obrzk', 'cs-CZ');
INSERT INTO OKM_TRANSLATION (TR_MODULE, TR_KEY, TR_TEXT, TR_LANGUAGE) VALUES ('frontend', 'image.viewer.zoom.in', 'Zvtit', 'cs-CZ');
INSERT INTO OKM_TRANSLATION (TR_MODULE, TR_KEY, TR_TEXT, TR_LANGUAGE) VALUES ('frontend', 'image.viewer.zoom.out', 'Zmenit', 'cs-CZ');
INSERT INTO OKM_TRANSLATION (TR_MODULE, TR_KEY, TR_TEXT, TR_LANGUAGE) VALUES ('frontend', 'debug.console.label', 'Konzole pro ladn', 'cs-CZ');
INSERT INTO OKM_TRANSLATION (TR_MODULE, TR_KEY, TR_TEXT, TR_LANGUAGE) VALUES ('frontend', 'debug.enable.disable', 'CTRL+Z pro zapnut nebo vypnut podpory ladn', 'cs-CZ');
INSERT INTO OKM_TRANSLATION (TR_MODULE, TR_KEY, TR_TEXT, TR_LANGUAGE) VALUES ('frontend', 'dashboard.tab.general', 'Obecn', 'cs-CZ');
INSERT INTO OKM_TRANSLATION (TR_MODULE, TR_KEY, TR_TEXT, TR_LANGUAGE) VALUES ('frontend', 'dashboard.tab.news', 'Novinky', 'cs-CZ');
INSERT INTO OKM_TRANSLATION (TR_MODULE, TR_KEY, TR_TEXT, TR_LANGUAGE) VALUES ('frontend', 'dashboard.tab.user', 'Uivatel', 'cs-CZ');
INSERT INTO OKM_TRANSLATION (TR_MODULE, TR_KEY, TR_TEXT, TR_LANGUAGE) VALUES ('frontend', 'dashboard.tab.workflow', 'Prbh zpracovn dokumentu', 'cs-CZ');
INSERT INTO OKM_TRANSLATION (TR_MODULE, TR_KEY, TR_TEXT, TR_LANGUAGE) VALUES ('frontend', 'dashboard.tab.mail', 'Mail', 'cs-CZ');
INSERT INTO OKM_TRANSLATION (TR_MODULE, TR_KEY, TR_TEXT, TR_LANGUAGE) VALUES ('frontend', 'dashboard.tab.keymap', 'Mapa klovch slov', 'cs-CZ');
INSERT INTO OKM_TRANSLATION (TR_MODULE, TR_KEY, TR_TEXT, TR_LANGUAGE) VALUES ('frontend', 'dashboard.new.items', 'Nov', 'cs-CZ');
INSERT INTO OKM_TRANSLATION (TR_MODULE, TR_KEY, TR_TEXT, TR_LANGUAGE) VALUES ('frontend', 'dashboard.user.locked.documents', 'Uzamen dokumenty', 'cs-CZ');
INSERT INTO OKM_TRANSLATION (TR_MODULE, TR_KEY, TR_TEXT, TR_LANGUAGE) VALUES ('frontend', 'dashboard.user.checkout.documents', 'Checkout documents', 'cs-CZ');
INSERT INTO OKM_TRANSLATION (TR_MODULE, TR_KEY, TR_TEXT, TR_LANGUAGE) VALUES ('frontend', 'dashboard.user.last.modified.documents', 'Naposledy upraven dokumenty', 'cs-CZ');
INSERT INTO OKM_TRANSLATION (TR_MODULE, TR_KEY, TR_TEXT, TR_LANGUAGE) VALUES ('frontend', 'dashboard.user.last.downloaded.documents', 'Naposledy staen dokumenty', 'cs-CZ');
INSERT INTO OKM_TRANSLATION (TR_MODULE, TR_KEY, TR_TEXT, TR_LANGUAGE) VALUES ('frontend', 'dashboard.user.subscribed.documents', 'Domumenty o kterch je zaslno upozornn', 'cs-CZ');
INSERT INTO OKM_TRANSLATION (TR_MODULE, TR_KEY, TR_TEXT, TR_LANGUAGE) VALUES ('frontend', 'dashboard.user.subscribed.folders', 'Sloky o kterch je zaslno upozornn', 'cs-CZ');
INSERT INTO OKM_TRANSLATION (TR_MODULE, TR_KEY, TR_TEXT, TR_LANGUAGE) VALUES ('frontend', 'dashboard.user.last.uploaded.documents', 'Naposledy nahran dokumenty', 'cs-CZ');
INSERT INTO OKM_TRANSLATION (TR_MODULE, TR_KEY, TR_TEXT, TR_LANGUAGE) VALUES ('frontend', 'dashboard.general.last.week.top.downloaded.documents', 'Nejvce prohlen dokumenty poslednho tdne', 'cs-CZ');
INSERT INTO OKM_TRANSLATION (TR_MODULE, TR_KEY, TR_TEXT, TR_LANGUAGE) VALUES ('frontend', 'dashboard.general.last.month.top.downloaded.documents', 'Nejvce prohlen dokumenty poslednho msce', 'cs-CZ');
INSERT INTO OKM_TRANSLATION (TR_MODULE, TR_KEY, TR_TEXT, TR_LANGUAGE) VALUES ('frontend', 'dashboard.general.last.week.top.modified.documents', 'Nejvce upravovan dokumenty poslednho tdne', 'cs-CZ');
INSERT INTO OKM_TRANSLATION (TR_MODULE, TR_KEY, TR_TEXT, TR_LANGUAGE) VALUES ('frontend', 'dashboard.general.last.month.top.modified.documents', 'Nejvce upravovan dokumenty poslednho msce', 'cs-CZ');
INSERT INTO OKM_TRANSLATION (TR_MODULE, TR_KEY, TR_TEXT, TR_LANGUAGE) VALUES ('frontend', 'dashboard.general.last.uploaded.documents', 'Naposledy nahran dokumenty', 'cs-CZ');
INSERT INTO OKM_TRANSLATION (TR_MODULE, TR_KEY, TR_TEXT, TR_LANGUAGE) VALUES ('frontend', 'dashboard.workflow.pending.tasks', 'ekajc lohy', 'cs-CZ');
INSERT INTO OKM_TRANSLATION (TR_MODULE, TR_KEY, TR_TEXT, TR_LANGUAGE) VALUES ('frontend', 'dashboard.workflow.pending.tasks.unassigned', 'Unassigned pending tasks', 'cs-CZ');
INSERT INTO OKM_TRANSLATION (TR_MODULE, TR_KEY, TR_TEXT, TR_LANGUAGE) VALUES ('frontend', 'dashboard.workflow.task', 'loha', 'cs-CZ');
INSERT INTO OKM_TRANSLATION (TR_MODULE, TR_KEY, TR_TEXT, TR_LANGUAGE) VALUES ('frontend', 'dashboard.workflow.task.id', 'ID', 'cs-CZ');
INSERT INTO OKM_TRANSLATION (TR_MODULE, TR_KEY, TR_TEXT, TR_LANGUAGE) VALUES ('frontend', 'dashboard.workflow.task.name', 'Jmno', 'cs-CZ');
INSERT INTO OKM_TRANSLATION (TR_MODULE, TR_KEY, TR_TEXT, TR_LANGUAGE) VALUES ('frontend', 'dashboard.workflow.task.created', 'Datum vytvoen', 'cs-CZ');
INSERT INTO OKM_TRANSLATION (TR_MODULE, TR_KEY, TR_TEXT, TR_LANGUAGE) VALUES ('frontend', 'dashboard.workflow.task.start', 'Datum sputn', 'cs-CZ');
INSERT INTO OKM_TRANSLATION (TR_MODULE, TR_KEY, TR_TEXT, TR_LANGUAGE) VALUES ('frontend', 'dashboard.workflow.task.duedate', 'Plnovan datum dokonen', 'cs-CZ');
INSERT INTO OKM_TRANSLATION (TR_MODULE, TR_KEY, TR_TEXT, TR_LANGUAGE) VALUES ('frontend', 'dashboard.workflow.task.end', 'Datum ukonen', 'cs-CZ');
INSERT INTO OKM_TRANSLATION (TR_MODULE, TR_KEY, TR_TEXT, TR_LANGUAGE) VALUES ('frontend', 'dashboard.workflow.task.description', 'Popis', 'cs-CZ');
INSERT INTO OKM_TRANSLATION (TR_MODULE, TR_KEY, TR_TEXT, TR_LANGUAGE) VALUES ('frontend', 'dashboard.workflow.task.process.instance', 'Proces', 'cs-CZ');
INSERT INTO OKM_TRANSLATION (TR_MODULE, TR_KEY, TR_TEXT, TR_LANGUAGE) VALUES ('frontend', 'dashboard.workflow.task.process.id', 'ID', 'cs-CZ');
INSERT INTO OKM_TRANSLATION (TR_MODULE, TR_KEY, TR_TEXT, TR_LANGUAGE) VALUES ('frontend', 'dashboard.workflow.task.process.version', 'Verze', 'cs-CZ');
INSERT INTO OKM_TRANSLATION (TR_MODULE, TR_KEY, TR_TEXT, TR_LANGUAGE) VALUES ('frontend', 'dashboard.workflow.task.process.name', 'Jmno', 'cs-CZ');
INSERT INTO OKM_TRANSLATION (TR_MODULE, TR_KEY, TR_TEXT, TR_LANGUAGE) VALUES ('frontend', 'dashboard.workflow.task.process.description', 'Popis', 'cs-CZ');
INSERT INTO OKM_TRANSLATION (TR_MODULE, TR_KEY, TR_TEXT, TR_LANGUAGE) VALUES ('frontend', 'dashboard.workflow.task.process.data', 'Data', 'cs-CZ');
INSERT INTO OKM_TRANSLATION (TR_MODULE, TR_KEY, TR_TEXT, TR_LANGUAGE) VALUES ('frontend', 'dashboard.workflow.comments', 'Comments', 'cs-CZ');
INSERT INTO OKM_TRANSLATION (TR_MODULE, TR_KEY, TR_TEXT, TR_LANGUAGE) VALUES ('frontend', 'dashboard.workflow.task.process.forms', 'Form', 'cs-CZ');
INSERT INTO OKM_TRANSLATION (TR_MODULE, TR_KEY, TR_TEXT, TR_LANGUAGE) VALUES ('frontend', 'dashboard.workflow.add.comment', 'Add comment', 'cs-CZ');
INSERT INTO OKM_TRANSLATION (TR_MODULE, TR_KEY, TR_TEXT, TR_LANGUAGE) VALUES ('frontend', 'dashboard.workflow.task.process.definition', 'Definice procesu', 'cs-CZ');
INSERT INTO OKM_TRANSLATION (TR_MODULE, TR_KEY, TR_TEXT, TR_LANGUAGE) VALUES ('frontend', 'dashboard.workflow.task.process.path', 'Cesta', 'cs-CZ');
INSERT INTO OKM_TRANSLATION (TR_MODULE, TR_KEY, TR_TEXT, TR_LANGUAGE) VALUES ('frontend', 'dashboard.refreshing', 'Obnovuji', 'cs-CZ');
INSERT INTO OKM_TRANSLATION (TR_MODULE, TR_KEY, TR_TEXT, TR_LANGUAGE) VALUES ('frontend', 'dashboard.keyword', 'Klov slova', 'cs-CZ');
INSERT INTO OKM_TRANSLATION (TR_MODULE, TR_KEY, TR_TEXT, TR_LANGUAGE) VALUES ('frontend', 'dashboard.keyword.suggest', 'Napite klov slovo', 'cs-CZ');
INSERT INTO OKM_TRANSLATION (TR_MODULE, TR_KEY, TR_TEXT, TR_LANGUAGE) VALUES ('frontend', 'dashboard.keyword.all', 'Vechna klov slova', 'cs-CZ');
INSERT INTO OKM_TRANSLATION (TR_MODULE, TR_KEY, TR_TEXT, TR_LANGUAGE) VALUES ('frontend', 'dashboard.keyword.top', 'Nejpouvanj klov slova', 'cs-CZ');
INSERT INTO OKM_TRANSLATION (TR_MODULE, TR_KEY, TR_TEXT, TR_LANGUAGE) VALUES ('frontend', 'dashboard.keyword.related', 'Pbuzn klov slova', 'cs-CZ');
INSERT INTO OKM_TRANSLATION (TR_MODULE, TR_KEY, TR_TEXT, TR_LANGUAGE) VALUES ('frontend', 'dashboard.keyword.goto.document', 'Jdi k dokumentu', 'cs-CZ');
INSERT INTO OKM_TRANSLATION (TR_MODULE, TR_KEY, TR_TEXT, TR_LANGUAGE) VALUES ('frontend', 'dashboard.keyword.clean.keywords', 'Vyistit klov slova', 'cs-CZ');
INSERT INTO OKM_TRANSLATION (TR_MODULE, TR_KEY, TR_TEXT, TR_LANGUAGE) VALUES ('frontend', 'dashboard.mail.last.imported.mails', 'Elektronick zprvy', 'cs-CZ');
INSERT INTO OKM_TRANSLATION (TR_MODULE, TR_KEY, TR_TEXT, TR_LANGUAGE) VALUES ('frontend', 'dashboard.mail.last.imported.attached.documents', 'Plohy', 'cs-CZ');
INSERT INTO OKM_TRANSLATION (TR_MODULE, TR_KEY, TR_TEXT, TR_LANGUAGE) VALUES ('frontend', 'workflow.label', 'Zani prbh zpracovn dokumentu', 'cs-CZ');
INSERT INTO OKM_TRANSLATION (TR_MODULE, TR_KEY, TR_TEXT, TR_LANGUAGE) VALUES ('frontend', 'user.preferences.label', 'Uivatelsk nastaven', 'cs-CZ');
INSERT INTO OKM_TRANSLATION (TR_MODULE, TR_KEY, TR_TEXT, TR_LANGUAGE) VALUES ('frontend', 'user.preferences.user', 'Uivatel', 'cs-CZ');
INSERT INTO OKM_TRANSLATION (TR_MODULE, TR_KEY, TR_TEXT, TR_LANGUAGE) VALUES ('frontend', 'user.preferences.password', 'Heslo', 'cs-CZ');
INSERT INTO OKM_TRANSLATION (TR_MODULE, TR_KEY, TR_TEXT, TR_LANGUAGE) VALUES ('frontend', 'user.preferences.mail', 'E-mail', 'cs-CZ');
INSERT INTO OKM_TRANSLATION (TR_MODULE, TR_KEY, TR_TEXT, TR_LANGUAGE) VALUES ('frontend', 'user.preferences.roles', 'Roles', 'cs-CZ');
INSERT INTO OKM_TRANSLATION (TR_MODULE, TR_KEY, TR_TEXT, TR_LANGUAGE) VALUES ('frontend', 'user.preferences.imap.host', 'IMAP server', 'cs-CZ');
INSERT INTO OKM_TRANSLATION (TR_MODULE, TR_KEY, TR_TEXT, TR_LANGUAGE) VALUES ('frontend', 'user.preferences.imap.user', 'IMAP uivatelsk jmno', 'cs-CZ');
INSERT INTO OKM_TRANSLATION (TR_MODULE, TR_KEY, TR_TEXT, TR_LANGUAGE) VALUES ('frontend', 'user.preferences.imap.user.password', 'IMAP heslo', 'cs-CZ');
INSERT INTO OKM_TRANSLATION (TR_MODULE, TR_KEY, TR_TEXT, TR_LANGUAGE) VALUES ('frontend', 'user.preferences.imap.folder', 'IMAP sloka', 'cs-CZ');
INSERT INTO OKM_TRANSLATION (TR_MODULE, TR_KEY, TR_TEXT, TR_LANGUAGE) VALUES ('frontend', 'user.preferences.password.error', 'Chyba: hesla si neodpovdaj', 'cs-CZ');
INSERT INTO OKM_TRANSLATION (TR_MODULE, TR_KEY, TR_TEXT, TR_LANGUAGE) VALUES ('frontend', 'user.preferences.user.data', 'Uivatelsk et', 'cs-CZ');
INSERT INTO OKM_TRANSLATION (TR_MODULE, TR_KEY, TR_TEXT, TR_LANGUAGE) VALUES ('frontend', 'user.preferences.mail.data', 'Mailov et', 'cs-CZ');
INSERT INTO OKM_TRANSLATION (TR_MODULE, TR_KEY, TR_TEXT, TR_LANGUAGE) VALUES ('frontend', 'user.preferences.imap.error', 'Vechna pole jsou povinn pokud chcete dostvat upozornn mailem.', 'cs-CZ');
INSERT INTO OKM_TRANSLATION (TR_MODULE, TR_KEY, TR_TEXT, TR_LANGUAGE) VALUES ('frontend', 'user.preferences.imap.password.error.void', 'Heslo IMAP mus bt vyplnno', 'cs-CZ');
INSERT INTO OKM_TRANSLATION (TR_MODULE, TR_KEY, TR_TEXT, TR_LANGUAGE) VALUES ('frontend', 'user.preferences.imap.test.error', 'IMAP configuration error', 'cs-CZ');
INSERT INTO OKM_TRANSLATION (TR_MODULE, TR_KEY, TR_TEXT, TR_LANGUAGE) VALUES ('frontend', 'user.preferences.imap.test.ok', 'IMAP configuration ok', 'cs-CZ');
INSERT INTO OKM_TRANSLATION (TR_MODULE, TR_KEY, TR_TEXT, TR_LANGUAGE) VALUES ('frontend', 'thesaurus.directory.select.label', 'Add thesaurus keyword', 'cs-CZ');
INSERT INTO OKM_TRANSLATION (TR_MODULE, TR_KEY, TR_TEXT, TR_LANGUAGE) VALUES ('frontend', 'thesaurus.tab.tree', 'Tree', 'cs-CZ');
INSERT INTO OKM_TRANSLATION (TR_MODULE, TR_KEY, TR_TEXT, TR_LANGUAGE) VALUES ('frontend', 'thesaurus.tab.keywords', 'Keywords', 'cs-CZ');
INSERT INTO OKM_TRANSLATION (TR_MODULE, TR_KEY, TR_TEXT, TR_LANGUAGE) VALUES ('frontend', 'categories.folder.select.label', 'Add category', 'cs-CZ');
INSERT INTO OKM_TRANSLATION (TR_MODULE, TR_KEY, TR_TEXT, TR_LANGUAGE) VALUES ('frontend', 'categories.folder.error.delete', 'Cannot delete category with documents', 'cs-CZ');
INSERT INTO OKM_TRANSLATION (TR_MODULE, TR_KEY, TR_TEXT, TR_LANGUAGE) VALUES ('frontend', 'wizard.document.uploading', 'Document wizard', 'cs-CZ');
INSERT INTO OKM_TRANSLATION (TR_MODULE, TR_KEY, TR_TEXT, TR_LANGUAGE) VALUES ('frontend', 'user.info.chat.connect', 'Connect to chat', 'cs-CZ');
INSERT INTO OKM_TRANSLATION (TR_MODULE, TR_KEY, TR_TEXT, TR_LANGUAGE) VALUES ('frontend', 'user.info.chat.disconnect', 'Disconnet chat', 'cs-CZ');
INSERT INTO OKM_TRANSLATION (TR_MODULE, TR_KEY, TR_TEXT, TR_LANGUAGE) VALUES ('frontend', 'user.info.chat.new.room', 'Net chat room', 'cs-CZ');
INSERT INTO OKM_TRANSLATION (TR_MODULE, TR_KEY, TR_TEXT, TR_LANGUAGE) VALUES ('frontend', 'user.info.locked.actual', 'Locked documents', 'cs-CZ');
INSERT INTO OKM_TRANSLATION (TR_MODULE, TR_KEY, TR_TEXT, TR_LANGUAGE) VALUES ('frontend', 'user.info.checkout.actual', 'Checkout documents', 'cs-CZ');
INSERT INTO OKM_TRANSLATION (TR_MODULE, TR_KEY, TR_TEXT, TR_LANGUAGE) VALUES ('frontend', 'user.info.subscription.actual', 'Actual subscriptions', 'cs-CZ');
INSERT INTO OKM_TRANSLATION (TR_MODULE, TR_KEY, TR_TEXT, TR_LANGUAGE) VALUES ('frontend', 'user.info.news.new', 'News', 'cs-CZ');
INSERT INTO OKM_TRANSLATION (TR_MODULE, TR_KEY, TR_TEXT, TR_LANGUAGE) VALUES ('frontend', 'user.info.workflow.pending', 'Pending workflows', 'cs-CZ');
INSERT INTO OKM_TRANSLATION (TR_MODULE, TR_KEY, TR_TEXT, TR_LANGUAGE) VALUES ('frontend', 'user.info.user.quota', 'Used quota', 'cs-CZ');
INSERT INTO OKM_TRANSLATION (TR_MODULE, TR_KEY, TR_TEXT, TR_LANGUAGE) VALUES ('frontend', 'user.online', 'Users online', 'cs-CZ');
INSERT INTO OKM_TRANSLATION (TR_MODULE, TR_KEY, TR_TEXT, TR_LANGUAGE) VALUES ('frontend', 'chat.room', 'Chat', 'cs-CZ');
INSERT INTO OKM_TRANSLATION (TR_MODULE, TR_KEY, TR_TEXT, TR_LANGUAGE) VALUES ('frontend', 'chat.users.in.room', 'Users', 'cs-CZ');
INSERT INTO OKM_TRANSLATION (TR_MODULE, TR_KEY, TR_TEXT, TR_LANGUAGE) VALUES ('frontend', 'OKM-017009', 'Pstup k dokumentu nen povolen', 'cs-CZ');
INSERT INTO OKM_TRANSLATION (TR_MODULE, TR_KEY, TR_TEXT, TR_LANGUAGE) VALUES ('frontend', 'OKM-017004', 'Zamen dokumentu nen povoleno', 'cs-CZ');
INSERT INTO OKM_TRANSLATION (TR_MODULE, TR_KEY, TR_TEXT, TR_LANGUAGE) VALUES ('frontend', 'OKM-017001', 'Chyba loit', 'cs-CZ');
INSERT INTO OKM_TRANSLATION (TR_MODULE, TR_KEY, TR_TEXT, TR_LANGUAGE) VALUES ('frontend', 'OKM-017015', 'Nebyla nalezena cesta k souboru', 'cs-CZ');
INSERT INTO OKM_TRANSLATION (TR_MODULE, TR_KEY, TR_TEXT, TR_LANGUAGE) VALUES ('frontend', 'OKM-017016', 'Version error', 'cs-CZ');
INSERT INTO OKM_TRANSLATION (TR_MODULE, TR_KEY, TR_TEXT, TR_LANGUAGE) VALUES ('frontend', 'OKM-002009', 'Pstup k dokumentu nen povolen', 'cs-CZ');
INSERT INTO OKM_TRANSLATION (TR_MODULE, TR_KEY, TR_TEXT, TR_LANGUAGE) VALUES ('frontend', 'OKM-002002', 'Dokument nenalezen', 'cs-CZ');
INSERT INTO OKM_TRANSLATION (TR_MODULE, TR_KEY, TR_TEXT, TR_LANGUAGE) VALUES ('frontend', 'OKM-002003', 'Dokument ji existuje', 'cs-CZ');
INSERT INTO OKM_TRANSLATION (TR_MODULE, TR_KEY, TR_TEXT, TR_LANGUAGE) VALUES ('frontend', 'OKM-002004', 'Zamen dokumentu nen povoleno', 'cs-CZ');
INSERT INTO OKM_TRANSLATION (TR_MODULE, TR_KEY, TR_TEXT, TR_LANGUAGE) VALUES ('frontend', 'OKM-002004', 'Je poadovno odemen dokumentu', 'cs-CZ');
INSERT INTO OKM_TRANSLATION (TR_MODULE, TR_KEY, TR_TEXT, TR_LANGUAGE) VALUES ('frontend', 'OKM-002001', 'Chyba loit', 'cs-CZ');
INSERT INTO OKM_TRANSLATION (TR_MODULE, TR_KEY, TR_TEXT, TR_LANGUAGE) VALUES ('frontend', 'OKM-002006', 'Chyba aplikace', 'cs-CZ');
INSERT INTO OKM_TRANSLATION (TR_MODULE, TR_KEY, TR_TEXT, TR_LANGUAGE) VALUES ('frontend', 'OKM-002015', 'Nebyla nalezena cesta k souboru', 'cs-CZ');
INSERT INTO OKM_TRANSLATION (TR_MODULE, TR_KEY, TR_TEXT, TR_LANGUAGE) VALUES ('frontend', 'OKM-002024', 'Database error', 'cs-CZ');
INSERT INTO OKM_TRANSLATION (TR_MODULE, TR_KEY, TR_TEXT, TR_LANGUAGE) VALUES ('frontend', 'OKM-001009', 'Pstup do sloky nen povolen', 'cs-CZ');
INSERT INTO OKM_TRANSLATION (TR_MODULE, TR_KEY, TR_TEXT, TR_LANGUAGE) VALUES ('frontend', 'OKM-001002', 'Sloka nebyla nalezena', 'cs-CZ');
INSERT INTO OKM_TRANSLATION (TR_MODULE, TR_KEY, TR_TEXT, TR_LANGUAGE) VALUES ('frontend', 'OKM-001003', 'Sloka ji existuje', 'cs-CZ');
INSERT INTO OKM_TRANSLATION (TR_MODULE, TR_KEY, TR_TEXT, TR_LANGUAGE) VALUES ('frontend', 'OKM-001001', 'Chyba loit', 'cs-CZ');
INSERT INTO OKM_TRANSLATION (TR_MODULE, TR_KEY, TR_TEXT, TR_LANGUAGE) VALUES ('frontend', 'OKM-001006', 'Chyba loit', 'cs-CZ');
INSERT INTO OKM_TRANSLATION (TR_MODULE, TR_KEY, TR_TEXT, TR_LANGUAGE) VALUES ('frontend', 'OKM-001015', 'Cesta ke sloce nebyla nalezena', 'cs-CZ');
INSERT INTO OKM_TRANSLATION (TR_MODULE, TR_KEY, TR_TEXT, TR_LANGUAGE) VALUES ('frontend', 'OKM-001024', 'Database error', 'cs-CZ');
INSERT INTO OKM_TRANSLATION (TR_MODULE, TR_KEY, TR_TEXT, TR_LANGUAGE) VALUES ('frontend', 'OKM-007009', 'Pstup k poloce nen povolen', 'cs-CZ');
INSERT INTO OKM_TRANSLATION (TR_MODULE, TR_KEY, TR_TEXT, TR_LANGUAGE) VALUES ('frontend', 'OKM-007002', 'Poloka nebyla nalezena', 'cs-CZ');
INSERT INTO OKM_TRANSLATION (TR_MODULE, TR_KEY, TR_TEXT, TR_LANGUAGE) VALUES ('frontend', 'OKM-007001', 'Chyba loit', 'cs-CZ');
INSERT INTO OKM_TRANSLATION (TR_MODULE, TR_KEY, TR_TEXT, TR_LANGUAGE) VALUES ('frontend', 'OKM-007006', 'Chyba loit', 'cs-CZ');
INSERT INTO OKM_TRANSLATION (TR_MODULE, TR_KEY, TR_TEXT, TR_LANGUAGE) VALUES ('frontend', 'OKM-007024', 'Database error', 'cs-CZ');
INSERT INTO OKM_TRANSLATION (TR_MODULE, TR_KEY, TR_TEXT, TR_LANGUAGE) VALUES ('frontend', 'OKM-009002', 'Dokument nenalezen', 'cs-CZ');
INSERT INTO OKM_TRANSLATION (TR_MODULE, TR_KEY, TR_TEXT, TR_LANGUAGE) VALUES ('frontend', 'OKM-009006', 'Chyba loit', 'cs-CZ');
INSERT INTO OKM_TRANSLATION (TR_MODULE, TR_KEY, TR_TEXT, TR_LANGUAGE) VALUES ('frontend', 'OKM-005010', 'Nepodporovan formt', 'cs-CZ');
INSERT INTO OKM_TRANSLATION (TR_MODULE, TR_KEY, TR_TEXT, TR_LANGUAGE) VALUES ('frontend', 'OKM-005003', 'Dokument ji existuje', 'cs-CZ');
INSERT INTO OKM_TRANSLATION (TR_MODULE, TR_KEY, TR_TEXT, TR_LANGUAGE) VALUES ('frontend', 'OKM-005011', 'Soubor je pli velik', 'cs-CZ');
INSERT INTO OKM_TRANSLATION (TR_MODULE, TR_KEY, TR_TEXT, TR_LANGUAGE) VALUES ('frontend', 'OKM-005027', 'Document name is diferent', 'cs-CZ');
INSERT INTO OKM_TRANSLATION (TR_MODULE, TR_KEY, TR_TEXT, TR_LANGUAGE) VALUES ('frontend', 'OKM-004001', 'Relace byla ukonena', 'cs-CZ');
INSERT INTO OKM_TRANSLATION (TR_MODULE, TR_KEY, TR_TEXT, TR_LANGUAGE) VALUES ('frontend', 'OKM-004024', 'Database error', 'cs-CZ');
INSERT INTO OKM_TRANSLATION (TR_MODULE, TR_KEY, TR_TEXT, TR_LANGUAGE) VALUES ('frontend', 'OKM-008001', 'Obecn chyba pi spoutn dotazu', 'cs-CZ');
INSERT INTO OKM_TRANSLATION (TR_MODULE, TR_KEY, TR_TEXT, TR_LANGUAGE) VALUES ('frontend', 'OKM-008003', 'Jmno uloenho hledn mus bt uniktn', 'cs-CZ');
INSERT INTO OKM_TRANSLATION (TR_MODULE, TR_KEY, TR_TEXT, TR_LANGUAGE) VALUES ('frontend', 'OKM-008024', 'Database error', 'cs-CZ');
INSERT INTO OKM_TRANSLATION (TR_MODULE, TR_KEY, TR_TEXT, TR_LANGUAGE) VALUES ('frontend', 'OKM-011003', 'Jmno zloky mus bt uniktn', 'cs-CZ');
INSERT INTO OKM_TRANSLATION (TR_MODULE, TR_KEY, TR_TEXT, TR_LANGUAGE) VALUES ('frontend', 'OKM-003017', 'Relace ztracena', 'cs-CZ');
INSERT INTO OKM_TRANSLATION (TR_MODULE, TR_KEY, TR_TEXT, TR_LANGUAGE) VALUES ('frontend', 'OKM-013001', 'Chyba loit', 'cs-CZ');
INSERT INTO OKM_TRANSLATION (TR_MODULE, TR_KEY, TR_TEXT, TR_LANGUAGE) VALUES ('frontend', 'OKM-013024', 'Database error', 'cs-CZ');
INSERT INTO OKM_TRANSLATION (TR_MODULE, TR_KEY, TR_TEXT, TR_LANGUAGE) VALUES ('frontend', 'OKM-014001', 'Chyba loit', 'cs-CZ');
INSERT INTO OKM_TRANSLATION (TR_MODULE, TR_KEY, TR_TEXT, TR_LANGUAGE) VALUES ('frontend', 'OKM-014013', 'Chyba ten/zpisu', 'cs-CZ');
INSERT INTO OKM_TRANSLATION (TR_MODULE, TR_KEY, TR_TEXT, TR_LANGUAGE) VALUES ('frontend', 'OKM-015001', 'Chyba loit', 'cs-CZ');
INSERT INTO OKM_TRANSLATION (TR_MODULE, TR_KEY, TR_TEXT, TR_LANGUAGE) VALUES ('frontend', 'OKM-015024', 'Database error', 'cs-CZ');
INSERT INTO OKM_TRANSLATION (TR_MODULE, TR_KEY, TR_TEXT, TR_LANGUAGE) VALUES ('frontend', 'OKM-018022', 'Error in browser configuration', 'cs-CZ');
INSERT INTO OKM_TRANSLATION (TR_MODULE, TR_KEY, TR_TEXT, TR_LANGUAGE) VALUES ('frontend', 'OKM-018023', 'Error user quota exceed,  contact with adminitrator', 'cs-CZ');
INSERT INTO OKM_TRANSLATION (TR_MODULE, TR_KEY, TR_TEXT, TR_LANGUAGE) VALUES ('frontend', 'OKM-016009', 'Document access denied', 'cs-CZ');
INSERT INTO OKM_TRANSLATION (TR_MODULE, TR_KEY, TR_TEXT, TR_LANGUAGE) VALUES ('frontend', 'OKM-016002', 'Document not found', 'cs-CZ');
INSERT INTO OKM_TRANSLATION (TR_MODULE, TR_KEY, TR_TEXT, TR_LANGUAGE) VALUES ('frontend', 'OKM-016003', 'Document already exists', 'cs-CZ');
INSERT INTO OKM_TRANSLATION (TR_MODULE, TR_KEY, TR_TEXT, TR_LANGUAGE) VALUES ('frontend', 'OKM-016004', 'Document lock denied', 'cs-CZ');
INSERT INTO OKM_TRANSLATION (TR_MODULE, TR_KEY, TR_TEXT, TR_LANGUAGE) VALUES ('frontend', 'OKM-016001', 'Repository internal error', 'cs-CZ');
INSERT INTO OKM_TRANSLATION (TR_MODULE, TR_KEY, TR_TEXT, TR_LANGUAGE) VALUES ('frontend', 'OKM-016006', 'Application internal error', 'cs-CZ');
INSERT INTO OKM_TRANSLATION (TR_MODULE, TR_KEY, TR_TEXT, TR_LANGUAGE) VALUES ('frontend', 'OKM-016015', 'Document path not found', 'cs-CZ');
INSERT INTO OKM_TRANSLATION (TR_MODULE, TR_KEY, TR_TEXT, TR_LANGUAGE) VALUES ('frontend', 'OKM-016024', 'Database error', 'cs-CZ');
INSERT INTO OKM_TRANSLATION (TR_MODULE, TR_KEY, TR_TEXT, TR_LANGUAGE) VALUES ('frontend', 'OKM-010015', 'Path not found', 'cs-CZ');
INSERT INTO OKM_TRANSLATION (TR_MODULE, TR_KEY, TR_TEXT, TR_LANGUAGE) VALUES ('frontend', 'OKM-010009', 'Access denied', 'cs-CZ');
INSERT INTO OKM_TRANSLATION (TR_MODULE, TR_KEY, TR_TEXT, TR_LANGUAGE) VALUES ('frontend', 'OKM-010001', 'Repository internal error', 'cs-CZ');
INSERT INTO OKM_TRANSLATION (TR_MODULE, TR_KEY, TR_TEXT, TR_LANGUAGE) VALUES ('frontend', 'OKM-010024', 'Database error', 'cs-CZ');
INSERT INTO OKM_TRANSLATION (TR_MODULE, TR_KEY, TR_TEXT, TR_LANGUAGE) VALUES ('frontend', 'OKM-010006', 'Application internal error ', 'cs-CZ');
INSERT INTO OKM_TRANSLATION (TR_MODULE, TR_KEY, TR_TEXT, TR_LANGUAGE) VALUES ('frontend', 'OKM-009004', 'Locked', 'cs-CZ');
INSERT INTO OKM_TRANSLATION (TR_MODULE, TR_KEY, TR_TEXT, TR_LANGUAGE) VALUES ('frontend', 'OKM-009015', 'Path not exist', 'cs-CZ');
INSERT INTO OKM_TRANSLATION (TR_MODULE, TR_KEY, TR_TEXT, TR_LANGUAGE) VALUES ('frontend', 'OKM-009009', 'Access denied', 'cs-CZ');
INSERT INTO OKM_TRANSLATION (TR_MODULE, TR_KEY, TR_TEXT, TR_LANGUAGE) VALUES ('frontend', 'OKM-009001', 'Repository internal error', 'cs-CZ');
INSERT INTO OKM_TRANSLATION (TR_MODULE, TR_KEY, TR_TEXT, TR_LANGUAGE) VALUES ('frontend', 'OKM-009024', 'Database error', 'cs-CZ');
INSERT INTO OKM_TRANSLATION (TR_MODULE, TR_KEY, TR_TEXT, TR_LANGUAGE) VALUES ('frontend', 'OKM-009006', 'Application internal error', 'cs-CZ');
INSERT INTO OKM_TRANSLATION (TR_MODULE, TR_KEY, TR_TEXT, TR_LANGUAGE) VALUES ('frontend', 'OKM-009012', 'Group not exists', 'cs-CZ');
INSERT INTO OKM_TRANSLATION (TR_MODULE, TR_KEY, TR_TEXT, TR_LANGUAGE) VALUES ('frontend', 'OKM-009014', 'Property not exists', 'cs-CZ');
INSERT INTO OKM_TRANSLATION (TR_MODULE, TR_KEY, TR_TEXT, TR_LANGUAGE) VALUES ('frontend', 'OKM-009013', 'Error on I/O', 'cs-CZ');
INSERT INTO OKM_TRANSLATION (TR_MODULE, TR_KEY, TR_TEXT, TR_LANGUAGE) VALUES ('frontend', 'OKM-012001', 'Repository internal error', 'cs-CZ');
INSERT INTO OKM_TRANSLATION (TR_MODULE, TR_KEY, TR_TEXT, TR_LANGUAGE) VALUES ('frontend', 'OKM-012006', 'Application internal error', 'cs-CZ');
INSERT INTO OKM_TRANSLATION (TR_MODULE, TR_KEY, TR_TEXT, TR_LANGUAGE) VALUES ('frontend', 'OKM-012015', 'Path not exist', 'cs-CZ');
INSERT INTO OKM_TRANSLATION (TR_MODULE, TR_KEY, TR_TEXT, TR_LANGUAGE) VALUES ('frontend', 'OKM-012024', 'Database error', 'cs-CZ');
INSERT INTO OKM_TRANSLATION (TR_MODULE, TR_KEY, TR_TEXT, TR_LANGUAGE) VALUES ('frontend', 'OKM-012009', 'Access denied', 'cs-CZ');
INSERT INTO OKM_TRANSLATION (TR_MODULE, TR_KEY, TR_TEXT, TR_LANGUAGE) VALUES ('frontend', 'OKM-019001', 'Repository internal error', 'cs-CZ');
INSERT INTO OKM_TRANSLATION (TR_MODULE, TR_KEY, TR_TEXT, TR_LANGUAGE) VALUES ('frontend', 'OKM-019006', 'Application internal error', 'cs-CZ');
INSERT INTO OKM_TRANSLATION (TR_MODULE, TR_KEY, TR_TEXT, TR_LANGUAGE) VALUES ('frontend', 'OKM-019024', 'Database error', 'cs-CZ');
insert into OKM_LANGUAGE (LG_ID, LG_NAME, LG_IMAGE_CONTENT, LG_IMAGE_MIME) values ('de-DE', 'Deutsch', 'R0lGODlhEAALANUAAPDcbqU/L/x1dfnrl6h9L7W1q6iGL/NHR5mLffWmVvayaZSUh6SkmWloaUpIOnhMS+0pKfblh518fHh4ePpmZvyyqfE8PJ13L/tsbPjlZfXhV0pKR+rTLO+SNu7YOoxlZfLcSPPgevKbRLOKL1hYWOuJJ/lgYLakL2k5OT8/OvZSUu8zM7q6sfdZWb1BMZuEL/zVpMq4r/KAcINbW+bNHeoeHmZJPOiCHe/gba2to5VycoCBgfvxopyckOjPIj8/LyH5BAAAAAAALAAAAAAQAAsAAAaHwI1j6Ej9jsikg8UsFHJQBqPXWyx+y91uMml4SaTNJoX42WISiU73+cwecBSq7KoIBBiKqaU6HCwrEDIBdXh6fH6AEIKEFXl7fX+BEDWDBDAKCgmbIiIdHSUlNwoBJzwZGRoaICAeHhwcPjQ4LycDtwMRuiG8AL4AFyPCIwQEBscvBBfKFxdBADs=', 'image/gif');
INSERT INTO OKM_TRANSLATION (TR_MODULE, TR_KEY, TR_TEXT, TR_LANGUAGE) VALUES ('frontend', 'general.date.pattern', 'dd.MM.yyyy hh:mm:ss', 'de-DE');
INSERT INTO OKM_TRANSLATION (TR_MODULE, TR_KEY, TR_TEXT, TR_LANGUAGE) VALUES ('frontend', 'general.day.pattern', 'dd.MM.yyyy', 'de-DE');
INSERT INTO OKM_TRANSLATION (TR_MODULE, TR_KEY, TR_TEXT, TR_LANGUAGE) VALUES ('frontend', 'general.hour.pattern', 'HH:mm:ss', 'de-DE');
INSERT INTO OKM_TRANSLATION (TR_MODULE, TR_KEY, TR_TEXT, TR_LANGUAGE) VALUES ('frontend', 'startup.openkm', 'Lade OpenKM', 'de-DE');
INSERT INTO OKM_TRANSLATION (TR_MODULE, TR_KEY, TR_TEXT, TR_LANGUAGE) VALUES ('frontend', 'startup.starting.loading', 'Starte das Laden von OpenKM', 'de-DE');
INSERT INTO OKM_TRANSLATION (TR_MODULE, TR_KEY, TR_TEXT, TR_LANGUAGE) VALUES ('frontend', 'startup.taxonomy', 'Hole Taxonomie Wurzelknoten', 'de-DE');
INSERT INTO OKM_TRANSLATION (TR_MODULE, TR_KEY, TR_TEXT, TR_LANGUAGE) VALUES ('frontend', 'startup.categories', 'Getting categories root node', 'de-DE');
INSERT INTO OKM_TRANSLATION (TR_MODULE, TR_KEY, TR_TEXT, TR_LANGUAGE) VALUES ('frontend', 'startup.thesaurus', 'Getting thesaurus root node', 'de-DE');
INSERT INTO OKM_TRANSLATION (TR_MODULE, TR_KEY, TR_TEXT, TR_LANGUAGE) VALUES ('frontend', 'startup.template', 'Hole Vorlagen Wurzelknoten', 'de-DE');
INSERT INTO OKM_TRANSLATION (TR_MODULE, TR_KEY, TR_TEXT, TR_LANGUAGE) VALUES ('frontend', 'startup.personal', 'Hole persnlichen Wurzelknoten ', 'de-DE');
INSERT INTO OKM_TRANSLATION (TR_MODULE, TR_KEY, TR_TEXT, TR_LANGUAGE) VALUES ('frontend', 'startup.mail', 'Getting e-mail root node', 'de-DE');
INSERT INTO OKM_TRANSLATION (TR_MODULE, TR_KEY, TR_TEXT, TR_LANGUAGE) VALUES ('frontend', 'startup.trash', 'Hole Papierkorb Wurzelknoten', 'de-DE');
INSERT INTO OKM_TRANSLATION (TR_MODULE, TR_KEY, TR_TEXT, TR_LANGUAGE) VALUES ('frontend', 'startup.user.home', 'Hole Benutzer eigenen Knoten', 'de-DE');
INSERT INTO OKM_TRANSLATION (TR_MODULE, TR_KEY, TR_TEXT, TR_LANGUAGE) VALUES ('frontend', 'startup.bookmarks', 'Hole Lesezeichen', 'de-DE');
INSERT INTO OKM_TRANSLATION (TR_MODULE, TR_KEY, TR_TEXT, TR_LANGUAGE) VALUES ('frontend', 'startup.loading.taxonomy', 'Lade Taxonomie', 'de-DE');
INSERT INTO OKM_TRANSLATION (TR_MODULE, TR_KEY, TR_TEXT, TR_LANGUAGE) VALUES ('frontend', 'startup.loading.taxonomy.getting.folders', 'Lade Taxonomie - Hole Ordner', 'de-DE');
INSERT INTO OKM_TRANSLATION (TR_MODULE, TR_KEY, TR_TEXT, TR_LANGUAGE) VALUES ('frontend', 'startup.loading.taxonomy.eval.params', 'Lade Taxonomie - werte Browser Parameter aus', 'de-DE');
INSERT INTO OKM_TRANSLATION (TR_MODULE, TR_KEY, TR_TEXT, TR_LANGUAGE) VALUES ('frontend', 'startup.loading.taxonomy.open.path', 'Lade Taxonomie - ffne Pfad', 'de-DE');
INSERT INTO OKM_TRANSLATION (TR_MODULE, TR_KEY, TR_TEXT, TR_LANGUAGE) VALUES ('frontend', 'startup.loading.taxonomy.getting.filebrowser.folders', 'Lade Taxonomie - hole Ordner', 'de-DE');
INSERT INTO OKM_TRANSLATION (TR_MODULE, TR_KEY, TR_TEXT, TR_LANGUAGE) VALUES ('frontend', 'startup.loading.taxonomy.getting.filebrowser.documents', 'Lade Taxonomie - hole Dokumente', 'de-DE');
INSERT INTO OKM_TRANSLATION (TR_MODULE, TR_KEY, TR_TEXT, TR_LANGUAGE) VALUES ('frontend', 'startup.loading.taxonomy.getting.filebrowser.mails', 'Loading taxonomy - getting mails', 'de-DE');
INSERT INTO OKM_TRANSLATION (TR_MODULE, TR_KEY, TR_TEXT, TR_LANGUAGE) VALUES ('frontend', 'startup.loading.personal', 'Lade persnliche', 'de-DE');
INSERT INTO OKM_TRANSLATION (TR_MODULE, TR_KEY, TR_TEXT, TR_LANGUAGE) VALUES ('frontend', 'startup.loading.mail', 'Loading e-mails', 'de-DE');
INSERT INTO OKM_TRANSLATION (TR_MODULE, TR_KEY, TR_TEXT, TR_LANGUAGE) VALUES ('frontend', 'startup.loading.categories', 'Loading categories', 'de-DE');
INSERT INTO OKM_TRANSLATION (TR_MODULE, TR_KEY, TR_TEXT, TR_LANGUAGE) VALUES ('frontend', 'startup.loading.thesaurus', 'Loading thesaurus', 'de-DE');
INSERT INTO OKM_TRANSLATION (TR_MODULE, TR_KEY, TR_TEXT, TR_LANGUAGE) VALUES ('frontend', 'startup.loading.templates', 'Lade Vorlagen', 'de-DE');
INSERT INTO OKM_TRANSLATION (TR_MODULE, TR_KEY, TR_TEXT, TR_LANGUAGE) VALUES ('frontend', 'startup.loading.trash', 'Lade Papierkorb', 'de-DE');
INSERT INTO OKM_TRANSLATION (TR_MODULE, TR_KEY, TR_TEXT, TR_LANGUAGE) VALUES ('frontend', 'startup.loading.history.search', 'Lade historische Suchen', 'de-DE');
INSERT INTO OKM_TRANSLATION (TR_MODULE, TR_KEY, TR_TEXT, TR_LANGUAGE) VALUES ('frontend', 'startup.loading.user.values', 'Lade Benutzerwerte', 'de-DE');
INSERT INTO OKM_TRANSLATION (TR_MODULE, TR_KEY, TR_TEXT, TR_LANGUAGE) VALUES ('frontend', 'startup.keep.alive', 'Lade Lebenszeichen', 'de-DE');
INSERT INTO OKM_TRANSLATION (TR_MODULE, TR_KEY, TR_TEXT, TR_LANGUAGE) VALUES ('frontend', 'openkm.update.avaliable', 'OpenKM Update verfgbar', 'de-DE');
INSERT INTO OKM_TRANSLATION (TR_MODULE, TR_KEY, TR_TEXT, TR_LANGUAGE) VALUES ('frontend', 'leftpanel.label.taxonomy', 'Taxonomie', 'de-DE');
INSERT INTO OKM_TRANSLATION (TR_MODULE, TR_KEY, TR_TEXT, TR_LANGUAGE) VALUES ('frontend', 'leftpanel.label.trash', 'Papierkorb', 'de-DE');
INSERT INTO OKM_TRANSLATION (TR_MODULE, TR_KEY, TR_TEXT, TR_LANGUAGE) VALUES ('frontend', 'leftpanel.label.mail', 'E-mail', 'de-DE');
INSERT INTO OKM_TRANSLATION (TR_MODULE, TR_KEY, TR_TEXT, TR_LANGUAGE) VALUES ('frontend', 'leftpanel.label.stored.search', 'Gespeicherte Suchen', 'de-DE');
INSERT INTO OKM_TRANSLATION (TR_MODULE, TR_KEY, TR_TEXT, TR_LANGUAGE) VALUES ('frontend', 'leftpanel.label.categories', 'Categories', 'de-DE');
INSERT INTO OKM_TRANSLATION (TR_MODULE, TR_KEY, TR_TEXT, TR_LANGUAGE) VALUES ('frontend', 'leftpanel.label.thesaurus', 'Thesaurus', 'de-DE');
INSERT INTO OKM_TRANSLATION (TR_MODULE, TR_KEY, TR_TEXT, TR_LANGUAGE) VALUES ('frontend', 'leftpanel.label.templates', 'Vorlagen', 'de-DE');
INSERT INTO OKM_TRANSLATION (TR_MODULE, TR_KEY, TR_TEXT, TR_LANGUAGE) VALUES ('frontend', 'leftpanel.label.my.documents', 'Eigene Dokumente', 'de-DE');
INSERT INTO OKM_TRANSLATION (TR_MODULE, TR_KEY, TR_TEXT, TR_LANGUAGE) VALUES ('frontend', 'leftpanel.label.user.search', 'User news', 'de-DE');
INSERT INTO OKM_TRANSLATION (TR_MODULE, TR_KEY, TR_TEXT, TR_LANGUAGE) VALUES ('frontend', 'leftpanel.label.all.repository', 'All repository', 'de-DE');
INSERT INTO OKM_TRANSLATION (TR_MODULE, TR_KEY, TR_TEXT, TR_LANGUAGE) VALUES ('frontend', 'tree.menu.directory.create', 'Ordner anlegen', 'de-DE');
INSERT INTO OKM_TRANSLATION (TR_MODULE, TR_KEY, TR_TEXT, TR_LANGUAGE) VALUES ('frontend', 'tree.menu.directory.remove', 'Lschen', 'de-DE');
INSERT INTO OKM_TRANSLATION (TR_MODULE, TR_KEY, TR_TEXT, TR_LANGUAGE) VALUES ('frontend', 'tree.menu.directory.rename', 'Umbenennen', 'de-DE');
INSERT INTO OKM_TRANSLATION (TR_MODULE, TR_KEY, TR_TEXT, TR_LANGUAGE) VALUES ('frontend', 'tree.menu.directory.refresh', 'Auffrischen', 'de-DE');
INSERT INTO OKM_TRANSLATION (TR_MODULE, TR_KEY, TR_TEXT, TR_LANGUAGE) VALUES ('frontend', 'tree.menu.directory.move', 'Verschieben', 'de-DE');
INSERT INTO OKM_TRANSLATION (TR_MODULE, TR_KEY, TR_TEXT, TR_LANGUAGE) VALUES ('frontend', 'tree.menu.directory.copy', 'Kopieren', 'de-DE');
INSERT INTO OKM_TRANSLATION (TR_MODULE, TR_KEY, TR_TEXT, TR_LANGUAGE) VALUES ('frontend', 'tree.menu.directory.add.document', 'Dokument hinzufgen', 'de-DE');
INSERT INTO OKM_TRANSLATION (TR_MODULE, TR_KEY, TR_TEXT, TR_LANGUAGE) VALUES ('frontend', 'tree.menu.add.bookmark', 'Lesezeichen hinzufgen', 'de-DE');
INSERT INTO OKM_TRANSLATION (TR_MODULE, TR_KEY, TR_TEXT, TR_LANGUAGE) VALUES ('frontend', 'tree.menu.set.home', 'Startseite einstellen', 'de-DE');
INSERT INTO OKM_TRANSLATION (TR_MODULE, TR_KEY, TR_TEXT, TR_LANGUAGE) VALUES ('frontend', 'tree.menu.export', 'In Datei exportieren', 'de-DE');
INSERT INTO OKM_TRANSLATION (TR_MODULE, TR_KEY, TR_TEXT, TR_LANGUAGE) VALUES ('frontend', 'tree.status.refresh.folder', 'Aktualisiere Ordnerbaum', 'de-DE');
INSERT INTO OKM_TRANSLATION (TR_MODULE, TR_KEY, TR_TEXT, TR_LANGUAGE) VALUES ('frontend', 'tree.status.refresh.create', 'Lege Ordner an', 'de-DE');
INSERT INTO OKM_TRANSLATION (TR_MODULE, TR_KEY, TR_TEXT, TR_LANGUAGE) VALUES ('frontend', 'tree.status.refresh.delete', 'Lsche Ordner', 'de-DE');
INSERT INTO OKM_TRANSLATION (TR_MODULE, TR_KEY, TR_TEXT, TR_LANGUAGE) VALUES ('frontend', 'tree.status.refresh.rename', 'Benenne Ordner um', 'de-DE');
INSERT INTO OKM_TRANSLATION (TR_MODULE, TR_KEY, TR_TEXT, TR_LANGUAGE) VALUES ('frontend', 'tree.status.refresh.restore', 'Stelle Ordner wieder her', 'de-DE');
INSERT INTO OKM_TRANSLATION (TR_MODULE, TR_KEY, TR_TEXT, TR_LANGUAGE) VALUES ('frontend', 'tree.status.refresh.purge', 'Subere Ordner', 'de-DE');
INSERT INTO OKM_TRANSLATION (TR_MODULE, TR_KEY, TR_TEXT, TR_LANGUAGE) VALUES ('frontend', 'tree.status.refresh.get', 'Aktualisiere Ordner', 'de-DE');
INSERT INTO OKM_TRANSLATION (TR_MODULE, TR_KEY, TR_TEXT, TR_LANGUAGE) VALUES ('frontend', 'tree.folder.new', 'Neuer Ordner', 'de-DE');
INSERT INTO OKM_TRANSLATION (TR_MODULE, TR_KEY, TR_TEXT, TR_LANGUAGE) VALUES ('frontend', 'tree.status.refresh.add.subscription', 'Fge Abonnement hinzu', 'de-DE');
INSERT INTO OKM_TRANSLATION (TR_MODULE, TR_KEY, TR_TEXT, TR_LANGUAGE) VALUES ('frontend', 'tree.status.refresh.remove.subscription', 'Lsche Abonnement', 'de-DE');
INSERT INTO OKM_TRANSLATION (TR_MODULE, TR_KEY, TR_TEXT, TR_LANGUAGE) VALUES ('frontend', 'tree.status.refresh.get.root', 'Frische Wurzelordner auf', 'de-DE');
INSERT INTO OKM_TRANSLATION (TR_MODULE, TR_KEY, TR_TEXT, TR_LANGUAGE) VALUES ('frontend', 'tree.status.refresh.get.keywords', 'Refreshing keywords', 'de-DE');
INSERT INTO OKM_TRANSLATION (TR_MODULE, TR_KEY, TR_TEXT, TR_LANGUAGE) VALUES ('frontend', 'tree.status.refresh.get.user.home', 'Hole Benutzer Home', 'de-DE');
INSERT INTO OKM_TRANSLATION (TR_MODULE, TR_KEY, TR_TEXT, TR_LANGUAGE) VALUES ('frontend', 'tree.status.refresh.purge.trash', 'Leere Papierkorb', 'de-DE');
INSERT INTO OKM_TRANSLATION (TR_MODULE, TR_KEY, TR_TEXT, TR_LANGUAGE) VALUES ('frontend', 'tree.menu.directory.find.folder', 'Find folder', 'de-DE');
INSERT INTO OKM_TRANSLATION (TR_MODULE, TR_KEY, TR_TEXT, TR_LANGUAGE) VALUES ('frontend', 'trash.menu.directory.restore', 'Wiederherstellen', 'de-DE');
INSERT INTO OKM_TRANSLATION (TR_MODULE, TR_KEY, TR_TEXT, TR_LANGUAGE) VALUES ('frontend', 'trash.menu.directory.purge', 'Subern', 'de-DE');
INSERT INTO OKM_TRANSLATION (TR_MODULE, TR_KEY, TR_TEXT, TR_LANGUAGE) VALUES ('frontend', 'trash.menu.directory.purge.trash', 'Papierkorb leeren', 'de-DE');
INSERT INTO OKM_TRANSLATION (TR_MODULE, TR_KEY, TR_TEXT, TR_LANGUAGE) VALUES ('frontend', 'trash.directory.select.label', 'Zielordner auswhlen', 'de-DE');
INSERT INTO OKM_TRANSLATION (TR_MODULE, TR_KEY, TR_TEXT, TR_LANGUAGE) VALUES ('frontend', 'general.menu.file', 'Datei', 'de-DE');
INSERT INTO OKM_TRANSLATION (TR_MODULE, TR_KEY, TR_TEXT, TR_LANGUAGE) VALUES ('frontend', 'general.menu.file.exit', 'Beenden', 'de-DE');
INSERT INTO OKM_TRANSLATION (TR_MODULE, TR_KEY, TR_TEXT, TR_LANGUAGE) VALUES ('frontend', 'general.menu.file.purge.trash', 'Papierkorb leeren', 'de-DE');
INSERT INTO OKM_TRANSLATION (TR_MODULE, TR_KEY, TR_TEXT, TR_LANGUAGE) VALUES ('frontend', 'general.menu.edit', 'Bearbeiten', 'de-DE');
INSERT INTO OKM_TRANSLATION (TR_MODULE, TR_KEY, TR_TEXT, TR_LANGUAGE) VALUES ('frontend', 'general.menu.file.create.directory', 'Ordner anlegen', 'de-DE');
INSERT INTO OKM_TRANSLATION (TR_MODULE, TR_KEY, TR_TEXT, TR_LANGUAGE) VALUES ('frontend', 'general.menu.file.download.document', 'Download document', 'de-DE');
INSERT INTO OKM_TRANSLATION (TR_MODULE, TR_KEY, TR_TEXT, TR_LANGUAGE) VALUES ('frontend', 'general.menu.file.download.document.pdf', 'Download document as PDF', 'de-DE');
INSERT INTO OKM_TRANSLATION (TR_MODULE, TR_KEY, TR_TEXT, TR_LANGUAGE) VALUES ('frontend', 'general.menu.file.send.link', 'Send document link', 'de-DE');
INSERT INTO OKM_TRANSLATION (TR_MODULE, TR_KEY, TR_TEXT, TR_LANGUAGE) VALUES ('frontend', 'general.menu.file.send.attachment', 'Send document attachment', 'de-DE');
INSERT INTO OKM_TRANSLATION (TR_MODULE, TR_KEY, TR_TEXT, TR_LANGUAGE) VALUES ('frontend', 'general.menu.file.lock', 'Sperren', 'de-DE');
INSERT INTO OKM_TRANSLATION (TR_MODULE, TR_KEY, TR_TEXT, TR_LANGUAGE) VALUES ('frontend', 'general.menu.file.unlock', 'Sperre aufheben', 'de-DE');
INSERT INTO OKM_TRANSLATION (TR_MODULE, TR_KEY, TR_TEXT, TR_LANGUAGE) VALUES ('frontend', 'general.menu.file.add.document', 'Dokument hinzufgen', 'de-DE');
INSERT INTO OKM_TRANSLATION (TR_MODULE, TR_KEY, TR_TEXT, TR_LANGUAGE) VALUES ('frontend', 'general.menu.file.checkout', 'Auschecken', 'de-DE');
INSERT INTO OKM_TRANSLATION (TR_MODULE, TR_KEY, TR_TEXT, TR_LANGUAGE) VALUES ('frontend', 'general.menu.file.checkin', 'Einchecken', 'de-DE');
INSERT INTO OKM_TRANSLATION (TR_MODULE, TR_KEY, TR_TEXT, TR_LANGUAGE) VALUES ('frontend', 'general.menu.file.cancel.checkout', 'Auschecken abbrechen', 'de-DE');
INSERT INTO OKM_TRANSLATION (TR_MODULE, TR_KEY, TR_TEXT, TR_LANGUAGE) VALUES ('frontend', 'general.menu.file.delete', 'Lschen', 'de-DE');
INSERT INTO OKM_TRANSLATION (TR_MODULE, TR_KEY, TR_TEXT, TR_LANGUAGE) VALUES ('frontend', 'general.menu.file.refresh', 'Auffrischen', 'de-DE');
INSERT INTO OKM_TRANSLATION (TR_MODULE, TR_KEY, TR_TEXT, TR_LANGUAGE) VALUES ('frontend', 'general.menu.file.scanner', 'Scanner', 'de-DE');
INSERT INTO OKM_TRANSLATION (TR_MODULE, TR_KEY, TR_TEXT, TR_LANGUAGE) VALUES ('frontend', 'general.menu.file.uploader', 'File uploader', 'de-DE');
INSERT INTO OKM_TRANSLATION (TR_MODULE, TR_KEY, TR_TEXT, TR_LANGUAGE) VALUES ('frontend', 'general.menu.tools', 'Werkzeuge', 'de-DE');
INSERT INTO OKM_TRANSLATION (TR_MODULE, TR_KEY, TR_TEXT, TR_LANGUAGE) VALUES ('frontend', 'general.menu.tools.languages', 'Sprache', 'de-DE');
INSERT INTO OKM_TRANSLATION (TR_MODULE, TR_KEY, TR_TEXT, TR_LANGUAGE) VALUES ('frontend', 'general.menu.tools.skin', 'Aussehen', 'de-DE');
INSERT INTO OKM_TRANSLATION (TR_MODULE, TR_KEY, TR_TEXT, TR_LANGUAGE) VALUES ('frontend', 'general.menu.tools.skin.default', 'Standard', 'de-DE');
INSERT INTO OKM_TRANSLATION (TR_MODULE, TR_KEY, TR_TEXT, TR_LANGUAGE) VALUES ('frontend', 'general.menu.tools.skin.default2', 'Standard 2', 'de-DE');
INSERT INTO OKM_TRANSLATION (TR_MODULE, TR_KEY, TR_TEXT, TR_LANGUAGE) VALUES ('frontend', 'general.menu.tools.skin.mediumfont', 'Medium font', 'de-DE');
INSERT INTO OKM_TRANSLATION (TR_MODULE, TR_KEY, TR_TEXT, TR_LANGUAGE) VALUES ('frontend', 'general.menu.tools.skin.bigfont', 'Groe Schrift', 'de-DE');
INSERT INTO OKM_TRANSLATION (TR_MODULE, TR_KEY, TR_TEXT, TR_LANGUAGE) VALUES ('frontend', 'general.menu.debug.console', 'Debug console', 'de-DE');
INSERT INTO OKM_TRANSLATION (TR_MODULE, TR_KEY, TR_TEXT, TR_LANGUAGE) VALUES ('frontend', 'general.menu.administration', 'Show administration', 'de-DE');
INSERT INTO OKM_TRANSLATION (TR_MODULE, TR_KEY, TR_TEXT, TR_LANGUAGE) VALUES ('frontend', 'general.menu.tools.preferences', 'Preferences', 'de-DE');
INSERT INTO OKM_TRANSLATION (TR_MODULE, TR_KEY, TR_TEXT, TR_LANGUAGE) VALUES ('frontend', 'general.menu.tools.user.preferences', 'User configuration', 'de-DE');
INSERT INTO OKM_TRANSLATION (TR_MODULE, TR_KEY, TR_TEXT, TR_LANGUAGE) VALUES ('frontend', 'general.menu.bookmark', 'Lesezeichen', 'de-DE');
INSERT INTO OKM_TRANSLATION (TR_MODULE, TR_KEY, TR_TEXT, TR_LANGUAGE) VALUES ('frontend', 'general.menu.bookmark.home', 'Startseite', 'de-DE');
INSERT INTO OKM_TRANSLATION (TR_MODULE, TR_KEY, TR_TEXT, TR_LANGUAGE) VALUES ('frontend', 'general.menu.bookmark.default.home', 'Startseite einstellen', 'de-DE');
INSERT INTO OKM_TRANSLATION (TR_MODULE, TR_KEY, TR_TEXT, TR_LANGUAGE) VALUES ('frontend', 'general.menu.bookmark.edit', 'Lesezeichen bearbeiten', 'de-DE');
INSERT INTO OKM_TRANSLATION (TR_MODULE, TR_KEY, TR_TEXT, TR_LANGUAGE) VALUES ('frontend', 'general.menu.help', 'Hilfe', 'de-DE');
INSERT INTO OKM_TRANSLATION (TR_MODULE, TR_KEY, TR_TEXT, TR_LANGUAGE) VALUES ('frontend', 'general.menu.bug.report', 'Fehler Bericht', 'de-DE');
INSERT INTO OKM_TRANSLATION (TR_MODULE, TR_KEY, TR_TEXT, TR_LANGUAGE) VALUES ('frontend', 'general.menu.support.request', 'Untersttzung anfordern', 'de-DE');
INSERT INTO OKM_TRANSLATION (TR_MODULE, TR_KEY, TR_TEXT, TR_LANGUAGE) VALUES ('frontend', 'general.menu.public.forum', 'ffentliches Forum', 'de-DE');
INSERT INTO OKM_TRANSLATION (TR_MODULE, TR_KEY, TR_TEXT, TR_LANGUAGE) VALUES ('frontend', 'general.menu.project.web', 'Projekt Webseite', 'de-DE');
INSERT INTO OKM_TRANSLATION (TR_MODULE, TR_KEY, TR_TEXT, TR_LANGUAGE) VALUES ('frontend', 'general.menu.version.changes', 'Versionsinformationen', 'de-DE');
INSERT INTO OKM_TRANSLATION (TR_MODULE, TR_KEY, TR_TEXT, TR_LANGUAGE) VALUES ('frontend', 'general.menu.documentation', 'Dokumentation', 'de-DE');
INSERT INTO OKM_TRANSLATION (TR_MODULE, TR_KEY, TR_TEXT, TR_LANGUAGE) VALUES ('frontend', 'general.menu.about', 'ber OpenKM', 'de-DE');
INSERT INTO OKM_TRANSLATION (TR_MODULE, TR_KEY, TR_TEXT, TR_LANGUAGE) VALUES ('frontend', 'general.connected', 'Angemeldet als', 'de-DE');
INSERT INTO OKM_TRANSLATION (TR_MODULE, TR_KEY, TR_TEXT, TR_LANGUAGE) VALUES ('frontend', 'filebrowser.name', 'Name', 'de-DE');
INSERT INTO OKM_TRANSLATION (TR_MODULE, TR_KEY, TR_TEXT, TR_LANGUAGE) VALUES ('frontend', 'filebrowser.date.update', 'Aktualisierungsdatum', 'de-DE');
INSERT INTO OKM_TRANSLATION (TR_MODULE, TR_KEY, TR_TEXT, TR_LANGUAGE) VALUES ('frontend', 'filebrowser.size', 'Gre', 'de-DE');
INSERT INTO OKM_TRANSLATION (TR_MODULE, TR_KEY, TR_TEXT, TR_LANGUAGE) VALUES ('frontend', 'filebrowser.path', 'Pfad', 'de-DE');
INSERT INTO OKM_TRANSLATION (TR_MODULE, TR_KEY, TR_TEXT, TR_LANGUAGE) VALUES ('frontend', 'filebrowser.author', 'Autor', 'de-DE');
INSERT INTO OKM_TRANSLATION (TR_MODULE, TR_KEY, TR_TEXT, TR_LANGUAGE) VALUES ('frontend', 'filebrowser.version', 'Version', 'de-DE');
INSERT INTO OKM_TRANSLATION (TR_MODULE, TR_KEY, TR_TEXT, TR_LANGUAGE) VALUES ('frontend', 'filebrowser.menu.checkout', 'Auschecken', 'de-DE');
INSERT INTO OKM_TRANSLATION (TR_MODULE, TR_KEY, TR_TEXT, TR_LANGUAGE) VALUES ('frontend', 'filebrowser.menu.checkin', 'Einchecken', 'de-DE');
INSERT INTO OKM_TRANSLATION (TR_MODULE, TR_KEY, TR_TEXT, TR_LANGUAGE) VALUES ('frontend', 'filebrowser.menu.delete', 'Lschen', 'de-DE');
INSERT INTO OKM_TRANSLATION (TR_MODULE, TR_KEY, TR_TEXT, TR_LANGUAGE) VALUES ('frontend', 'filebrowser.menu.rename', 'Umbenennen', 'de-DE');
INSERT INTO OKM_TRANSLATION (TR_MODULE, TR_KEY, TR_TEXT, TR_LANGUAGE) VALUES ('frontend', 'filebrowser.menu.checkout.cancel', 'Auschecken abbrechen', 'de-DE');
INSERT INTO OKM_TRANSLATION (TR_MODULE, TR_KEY, TR_TEXT, TR_LANGUAGE) VALUES ('frontend', 'filebrowser.menu.lock', 'Sperren', 'de-DE');
INSERT INTO OKM_TRANSLATION (TR_MODULE, TR_KEY, TR_TEXT, TR_LANGUAGE) VALUES ('frontend', 'filebrowser.menu.unlock', 'Sperre aufheben', 'de-DE');
INSERT INTO OKM_TRANSLATION (TR_MODULE, TR_KEY, TR_TEXT, TR_LANGUAGE) VALUES ('frontend', 'filebrowser.menu.download', 'Download', 'de-DE');
INSERT INTO OKM_TRANSLATION (TR_MODULE, TR_KEY, TR_TEXT, TR_LANGUAGE) VALUES ('frontend', 'filebrowser.menu.move', 'Verschieben', 'de-DE');
INSERT INTO OKM_TRANSLATION (TR_MODULE, TR_KEY, TR_TEXT, TR_LANGUAGE) VALUES ('frontend', 'filebrowser.menu.copy', 'Kopieren', 'de-DE');
INSERT INTO OKM_TRANSLATION (TR_MODULE, TR_KEY, TR_TEXT, TR_LANGUAGE) VALUES ('frontend', 'filebrowser.menu.create.from.template', 'Von Vorlage erzeugen', 'de-DE');
INSERT INTO OKM_TRANSLATION (TR_MODULE, TR_KEY, TR_TEXT, TR_LANGUAGE) VALUES ('frontend', 'filebrowser.menu.add.property.group', 'Eigenschaftengruppe hinzufgen', 'de-DE');
INSERT INTO OKM_TRANSLATION (TR_MODULE, TR_KEY, TR_TEXT, TR_LANGUAGE) VALUES ('frontend', 'filebrowser.menu.remove.property.group', 'Eigenschaftengruppe lschen', 'de-DE');
INSERT INTO OKM_TRANSLATION (TR_MODULE, TR_KEY, TR_TEXT, TR_LANGUAGE) VALUES ('frontend', 'filebrowser.menu.start.workflow', 'Start workflow', 'de-DE');
INSERT INTO OKM_TRANSLATION (TR_MODULE, TR_KEY, TR_TEXT, TR_LANGUAGE) VALUES ('frontend', 'filebrowser.menu.add.subscription', 'Abonnement hinzufgen', 'de-DE');
INSERT INTO OKM_TRANSLATION (TR_MODULE, TR_KEY, TR_TEXT, TR_LANGUAGE) VALUES ('frontend', 'filebrowser.menu.remove.subscription', 'Abonnement lschen', 'de-DE');
INSERT INTO OKM_TRANSLATION (TR_MODULE, TR_KEY, TR_TEXT, TR_LANGUAGE) VALUES ('frontend', 'filebrowser.menu.add.bookmark', 'Lesezeichen hinzufgen', 'de-DE');
INSERT INTO OKM_TRANSLATION (TR_MODULE, TR_KEY, TR_TEXT, TR_LANGUAGE) VALUES ('frontend', 'filebrowser.menu.set.home', 'Startseite einstellen', 'de-DE');
INSERT INTO OKM_TRANSLATION (TR_MODULE, TR_KEY, TR_TEXT, TR_LANGUAGE) VALUES ('frontend', 'filebrowser.menu.refresh', 'Auffrischen', 'de-DE');
INSERT INTO OKM_TRANSLATION (TR_MODULE, TR_KEY, TR_TEXT, TR_LANGUAGE) VALUES ('frontend', 'filebrowser.menu.export', 'In ZIP exportieren', 'de-DE');
INSERT INTO OKM_TRANSLATION (TR_MODULE, TR_KEY, TR_TEXT, TR_LANGUAGE) VALUES ('frontend', 'filebrowser.menu.play', 'Play', 'de-DE');
INSERT INTO OKM_TRANSLATION (TR_MODULE, TR_KEY, TR_TEXT, TR_LANGUAGE) VALUES ('frontend', 'filebrowser.menu.image.viewer', 'Image viewer', 'de-DE');
INSERT INTO OKM_TRANSLATION (TR_MODULE, TR_KEY, TR_TEXT, TR_LANGUAGE) VALUES ('frontend', 'filebrowser.status.refresh.folder', 'Frische Ordnerliste auf', 'de-DE');
INSERT INTO OKM_TRANSLATION (TR_MODULE, TR_KEY, TR_TEXT, TR_LANGUAGE) VALUES ('frontend', 'filebrowser.status.refresh.document', 'Frische Dokumentliste auf', 'de-DE');
INSERT INTO OKM_TRANSLATION (TR_MODULE, TR_KEY, TR_TEXT, TR_LANGUAGE) VALUES ('frontend', 'filebrowser.status.refresh.mail', 'Updating mail list', 'de-DE');
INSERT INTO OKM_TRANSLATION (TR_MODULE, TR_KEY, TR_TEXT, TR_LANGUAGE) VALUES ('frontend', 'filebrowser.status.refresh.delete.folder', 'Lsche Ordner', 'de-DE');
INSERT INTO OKM_TRANSLATION (TR_MODULE, TR_KEY, TR_TEXT, TR_LANGUAGE) VALUES ('frontend', 'filebrowser.status.refresh.delete.document', 'Lsche Dokument', 'de-DE');
INSERT INTO OKM_TRANSLATION (TR_MODULE, TR_KEY, TR_TEXT, TR_LANGUAGE) VALUES ('frontend', 'filebrowser.status.refresh.checkout', 'Checke Dokument aus', 'de-DE');
INSERT INTO OKM_TRANSLATION (TR_MODULE, TR_KEY, TR_TEXT, TR_LANGUAGE) VALUES ('frontend', 'filebrowser.status.refresh.lock', 'Sperre Dokument', 'de-DE');
INSERT INTO OKM_TRANSLATION (TR_MODULE, TR_KEY, TR_TEXT, TR_LANGUAGE) VALUES ('frontend', 'filebrowser.status.refresh.unlock', 'Entsperre Dokument', 'de-DE');
INSERT INTO OKM_TRANSLATION (TR_MODULE, TR_KEY, TR_TEXT, TR_LANGUAGE) VALUES ('frontend', 'filebrowser.status.refresh.document.rename', 'Benenne Dokument um', 'de-DE');
INSERT INTO OKM_TRANSLATION (TR_MODULE, TR_KEY, TR_TEXT, TR_LANGUAGE) VALUES ('frontend', 'filebrowser.status.refresh.folder.rename', 'Benenne Ordner um', 'de-DE');
INSERT INTO OKM_TRANSLATION (TR_MODULE, TR_KEY, TR_TEXT, TR_LANGUAGE) VALUES ('frontend', 'filebrowser.status.refresh.document.purge', 'Lsche Dokument', 'de-DE');
INSERT INTO OKM_TRANSLATION (TR_MODULE, TR_KEY, TR_TEXT, TR_LANGUAGE) VALUES ('frontend', 'filebrowser.status.refresh.folder.purge', 'Lsche Ordner', 'de-DE');
INSERT INTO OKM_TRANSLATION (TR_MODULE, TR_KEY, TR_TEXT, TR_LANGUAGE) VALUES ('frontend', 'filebrowser.status.refresh.folder.get', 'Aktualisiere Ordner', 'de-DE');
INSERT INTO OKM_TRANSLATION (TR_MODULE, TR_KEY, TR_TEXT, TR_LANGUAGE) VALUES ('frontend', 'filebrowser.status.refresh.document.get', 'Aktualisiere Dokument', 'de-DE');
INSERT INTO OKM_TRANSLATION (TR_MODULE, TR_KEY, TR_TEXT, TR_LANGUAGE) VALUES ('frontend', 'filebrowser.status.refresh.add.subscription', 'Fge Abonnement hinzu', 'de-DE');
INSERT INTO OKM_TRANSLATION (TR_MODULE, TR_KEY, TR_TEXT, TR_LANGUAGE) VALUES ('frontend', 'filebrowser.status.refresh.remove.subscription', 'Lsche Abonnement', 'de-DE');
INSERT INTO OKM_TRANSLATION (TR_MODULE, TR_KEY, TR_TEXT, TR_LANGUAGE) VALUES ('frontend', 'filebrowser.status.refresh.get.user.home', 'Hole Benutzerstartseite', 'de-DE');
INSERT INTO OKM_TRANSLATION (TR_MODULE, TR_KEY, TR_TEXT, TR_LANGUAGE) VALUES ('frontend', 'filebrowser.status.refresh.delete.mail', 'Deleting mail', 'de-DE');
INSERT INTO OKM_TRANSLATION (TR_MODULE, TR_KEY, TR_TEXT, TR_LANGUAGE) VALUES ('frontend', 'filebrowser.status.refresh.mail.purge', 'Deleting mail', 'de-DE');
INSERT INTO OKM_TRANSLATION (TR_MODULE, TR_KEY, TR_TEXT, TR_LANGUAGE) VALUES ('frontend', 'fileupload.send', 'Hochladen', 'de-DE');
INSERT INTO OKM_TRANSLATION (TR_MODULE, TR_KEY, TR_TEXT, TR_LANGUAGE) VALUES ('frontend', 'fileupload.status.sending', 'Lade Datei hoch...', 'de-DE');
INSERT INTO OKM_TRANSLATION (TR_MODULE, TR_KEY, TR_TEXT, TR_LANGUAGE) VALUES ('frontend', 'fileupload.status.indexing', 'Indexing file...', 'de-DE');
INSERT INTO OKM_TRANSLATION (TR_MODULE, TR_KEY, TR_TEXT, TR_LANGUAGE) VALUES ('frontend', 'fileupload.status.ok', 'Hochladen der Datei war erfolgreich', 'de-DE');
INSERT INTO OKM_TRANSLATION (TR_MODULE, TR_KEY, TR_TEXT, TR_LANGUAGE) VALUES ('frontend', 'fileupload.upload.status', 'Hochladen Status', 'de-DE');
INSERT INTO OKM_TRANSLATION (TR_MODULE, TR_KEY, TR_TEXT, TR_LANGUAGE) VALUES ('frontend', 'fileupload.upload.uploaded', 'Hochgeladen', 'de-DE');
INSERT INTO OKM_TRANSLATION (TR_MODULE, TR_KEY, TR_TEXT, TR_LANGUAGE) VALUES ('frontend', 'fileupload.upload.completed', 'Hochladen beendet', 'de-DE');
INSERT INTO OKM_TRANSLATION (TR_MODULE, TR_KEY, TR_TEXT, TR_LANGUAGE) VALUES ('frontend', 'fileupload.upload.runtime', 'Laufzeit', 'de-DE');
INSERT INTO OKM_TRANSLATION (TR_MODULE, TR_KEY, TR_TEXT, TR_LANGUAGE) VALUES ('frontend', 'fileupload.upload.remaining', 'Verbleiben', 'de-DE');
INSERT INTO OKM_TRANSLATION (TR_MODULE, TR_KEY, TR_TEXT, TR_LANGUAGE) VALUES ('frontend', 'fileupload.button.close', 'Schlieen', 'de-DE');
INSERT INTO OKM_TRANSLATION (TR_MODULE, TR_KEY, TR_TEXT, TR_LANGUAGE) VALUES ('frontend', 'fileupload.button.add.other.file', 'Weitere Dateien hochladen', 'de-DE');
INSERT INTO OKM_TRANSLATION (TR_MODULE, TR_KEY, TR_TEXT, TR_LANGUAGE) VALUES ('frontend', 'fileupload.status.move.file', 'Verschiebe Datei...', 'de-DE');
INSERT INTO OKM_TRANSLATION (TR_MODULE, TR_KEY, TR_TEXT, TR_LANGUAGE) VALUES ('frontend', 'fileupload.status.move.mail', 'Moving mail...', 'de-DE');
INSERT INTO OKM_TRANSLATION (TR_MODULE, TR_KEY, TR_TEXT, TR_LANGUAGE) VALUES ('frontend', 'fileupload.status.copy.file', 'Kopiere Datei...', 'de-DE');
INSERT INTO OKM_TRANSLATION (TR_MODULE, TR_KEY, TR_TEXT, TR_LANGUAGE) VALUES ('frontend', 'fileupload.status.copy.mail', 'Coping mail...', 'de-DE');
INSERT INTO OKM_TRANSLATION (TR_MODULE, TR_KEY, TR_TEXT, TR_LANGUAGE) VALUES ('frontend', 'fileupload.status.restore.file', 'Stelle Datei wieder her...', 'de-DE');
INSERT INTO OKM_TRANSLATION (TR_MODULE, TR_KEY, TR_TEXT, TR_LANGUAGE) VALUES ('frontend', 'fileupload.status.restore.mail', 'Restoring mail...', 'de-DE');
INSERT INTO OKM_TRANSLATION (TR_MODULE, TR_KEY, TR_TEXT, TR_LANGUAGE) VALUES ('frontend', 'fileupload.status.move.folder', 'Verschiebe Ordner...', 'de-DE');
INSERT INTO OKM_TRANSLATION (TR_MODULE, TR_KEY, TR_TEXT, TR_LANGUAGE) VALUES ('frontend', 'fileupload.status.copy.folder', 'Kopiere Ordner...', 'de-DE');
INSERT INTO OKM_TRANSLATION (TR_MODULE, TR_KEY, TR_TEXT, TR_LANGUAGE) VALUES ('frontend', 'fileupload.status.restore.folder', 'Stelle Ordner wieder her...', 'de-DE');
INSERT INTO OKM_TRANSLATION (TR_MODULE, TR_KEY, TR_TEXT, TR_LANGUAGE) VALUES ('frontend', 'fileupload.status.create.from.template', 'erzeuge Datei von einer Vorlage...', 'de-DE');
INSERT INTO OKM_TRANSLATION (TR_MODULE, TR_KEY, TR_TEXT, TR_LANGUAGE) VALUES ('frontend', 'fileupload.status.of', 'of', 'de-DE');
INSERT INTO OKM_TRANSLATION (TR_MODULE, TR_KEY, TR_TEXT, TR_LANGUAGE) VALUES ('frontend', 'fileupload.label.insert', 'Neue Dokumente Hinzufgen', 'de-DE');
INSERT INTO OKM_TRANSLATION (TR_MODULE, TR_KEY, TR_TEXT, TR_LANGUAGE) VALUES ('frontend', 'fileupload.label.update', 'Dokumente auffrischen', 'de-DE');
INSERT INTO OKM_TRANSLATION (TR_MODULE, TR_KEY, TR_TEXT, TR_LANGUAGE) VALUES ('frontend', 'fileupload.label.users.notify', 'Benutzer informieren', 'de-DE');
INSERT INTO OKM_TRANSLATION (TR_MODULE, TR_KEY, TR_TEXT, TR_LANGUAGE) VALUES ('frontend', 'fileupload.label.comment', 'Kommentar', 'de-DE');
INSERT INTO OKM_TRANSLATION (TR_MODULE, TR_KEY, TR_TEXT, TR_LANGUAGE) VALUES ('frontend', 'fileupload.label.users.to.notify"', '  "Zu Informierende Benutzer', 'de-DE');
INSERT INTO OKM_TRANSLATION (TR_MODULE, TR_KEY, TR_TEXT, TR_LANGUAGE) VALUES ('frontend', 'fileupload.label.users"', '  "Benutzer', 'de-DE');
INSERT INTO OKM_TRANSLATION (TR_MODULE, TR_KEY, TR_TEXT, TR_LANGUAGE) VALUES ('frontend', 'fileupload.label.groups.to.notify', 'Groups to notify', 'de-DE');
INSERT INTO OKM_TRANSLATION (TR_MODULE, TR_KEY, TR_TEXT, TR_LANGUAGE) VALUES ('frontend', 'fileupload.label.groups', 'Groups', 'de-DE');
INSERT INTO OKM_TRANSLATION (TR_MODULE, TR_KEY, TR_TEXT, TR_LANGUAGE) VALUES ('frontend', 'fileupload.label.must.select.users"', '  "Sie Mssen einen Benutzer auswhlen', 'de-DE');
INSERT INTO OKM_TRANSLATION (TR_MODULE, TR_KEY, TR_TEXT, TR_LANGUAGE) VALUES ('frontend', 'fileupload.label.importZip', 'Import Documents from ZIP', 'de-DE');
INSERT INTO OKM_TRANSLATION (TR_MODULE, TR_KEY, TR_TEXT, TR_LANGUAGE) VALUES ('frontend', 'fileupload.label.notify.comment', 'Notification message', 'de-DE');
INSERT INTO OKM_TRANSLATION (TR_MODULE, TR_KEY, TR_TEXT, TR_LANGUAGE) VALUES ('frontend', 'fileupload.label.error.importing.zip', 'Fehler beim Dateiimport', 'de-DE');
INSERT INTO OKM_TRANSLATION (TR_MODULE, TR_KEY, TR_TEXT, TR_LANGUAGE) VALUES ('frontend', 'fileupload.label.error.move.file', 'Fehler beim Verscheiben der Datei', 'de-DE');
INSERT INTO OKM_TRANSLATION (TR_MODULE, TR_KEY, TR_TEXT, TR_LANGUAGE) VALUES ('frontend', 'fileupload.label.error.move.mail', 'Error moving mail', 'de-DE');
INSERT INTO OKM_TRANSLATION (TR_MODULE, TR_KEY, TR_TEXT, TR_LANGUAGE) VALUES ('frontend', 'fileupload.label.error.copy.file', 'Fehler beim Kopieren der Datei', 'de-DE');
INSERT INTO OKM_TRANSLATION (TR_MODULE, TR_KEY, TR_TEXT, TR_LANGUAGE) VALUES ('frontend', 'fileupload.label.error.copy.mail', 'Error coping mail', 'de-DE');
INSERT INTO OKM_TRANSLATION (TR_MODULE, TR_KEY, TR_TEXT, TR_LANGUAGE) VALUES ('frontend', 'fileupload.label.error.restore.file', 'Fehler beim Wiederherstellen der Datei', 'de-DE');
INSERT INTO OKM_TRANSLATION (TR_MODULE, TR_KEY, TR_TEXT, TR_LANGUAGE) VALUES ('frontend', 'fileupload.label.error.restore.mail', 'Error restoring mail', 'de-DE');
INSERT INTO OKM_TRANSLATION (TR_MODULE, TR_KEY, TR_TEXT, TR_LANGUAGE) VALUES ('frontend', 'fileupload.label.error.move.folder', 'Fehler beim Verschieben des Ordners', 'de-DE');
INSERT INTO OKM_TRANSLATION (TR_MODULE, TR_KEY, TR_TEXT, TR_LANGUAGE) VALUES ('frontend', 'fileupload.label.error.copy.folder', 'Fehler beim Kopieren des Ordners', 'de-DE');
INSERT INTO OKM_TRANSLATION (TR_MODULE, TR_KEY, TR_TEXT, TR_LANGUAGE) VALUES ('frontend', 'fileupload.label.error.restore.folder', 'Fehler beim Wiederherstellen des Ordners', 'de-DE');
INSERT INTO OKM_TRANSLATION (TR_MODULE, TR_KEY, TR_TEXT, TR_LANGUAGE) VALUES ('frontend', 'fileupload.label.error.create.from.template', 'Fehler beim Erzeugen einer Datei von einer Vorlage', 'de-DE');
INSERT INTO OKM_TRANSLATION (TR_MODULE, TR_KEY, TR_TEXT, TR_LANGUAGE) VALUES ('frontend', 'fileupload.label.error.not.allowed.move.folder.child', 'Quell- oder Unterordner verscheiben nicht erlaubt', 'de-DE');
INSERT INTO OKM_TRANSLATION (TR_MODULE, TR_KEY, TR_TEXT, TR_LANGUAGE) VALUES ('frontend', 'fileupload.label.error.not.allowed.copy.same.folder', 'Quellordner verscheiben nicht erlaubt', 'de-DE');
INSERT INTO OKM_TRANSLATION (TR_MODULE, TR_KEY, TR_TEXT, TR_LANGUAGE) VALUES ('frontend', 'fileupload.label.error.not.allowed.create.from.template.same.folder', 'Erzeugen einer Datei im Quellordner nicht erlaubt', 'de-DE');
INSERT INTO OKM_TRANSLATION (TR_MODULE, TR_KEY, TR_TEXT, TR_LANGUAGE) VALUES ('frontend', 'tab.document.properties', 'Eigenschaften', 'de-DE');
INSERT INTO OKM_TRANSLATION (TR_MODULE, TR_KEY, TR_TEXT, TR_LANGUAGE) VALUES ('frontend', 'tab.document.notes', 'Notes', 'de-DE');
INSERT INTO OKM_TRANSLATION (TR_MODULE, TR_KEY, TR_TEXT, TR_LANGUAGE) VALUES ('frontend', 'tab.document.history', 'Historie', 'de-DE');
INSERT INTO OKM_TRANSLATION (TR_MODULE, TR_KEY, TR_TEXT, TR_LANGUAGE) VALUES ('frontend', 'tab.document.status.history', 'Aktualisiere Historie', 'de-DE');
INSERT INTO OKM_TRANSLATION (TR_MODULE, TR_KEY, TR_TEXT, TR_LANGUAGE) VALUES ('frontend', 'tab.status.security.role', 'Aktualisiere Sicherheit Rollen', 'de-DE');
INSERT INTO OKM_TRANSLATION (TR_MODULE, TR_KEY, TR_TEXT, TR_LANGUAGE) VALUES ('frontend', 'tab.status.security.user', 'Aktualisiere Sicherheit Benutzer', 'de-DE');
INSERT INTO OKM_TRANSLATION (TR_MODULE, TR_KEY, TR_TEXT, TR_LANGUAGE) VALUES ('frontend', 'tab.document.status.group.properties', 'Aktualisiere Eigenschaften Gruppe', 'de-DE');
INSERT INTO OKM_TRANSLATION (TR_MODULE, TR_KEY, TR_TEXT, TR_LANGUAGE) VALUES ('frontend', 'tab.document.status.set.keywords', 'Setze Schlagwrter', 'de-DE');
INSERT INTO OKM_TRANSLATION (TR_MODULE, TR_KEY, TR_TEXT, TR_LANGUAGE) VALUES ('frontend', 'tab.document.status.set.categories', 'Updating categories', 'de-DE');
INSERT INTO OKM_TRANSLATION (TR_MODULE, TR_KEY, TR_TEXT, TR_LANGUAGE) VALUES ('frontend', 'tab.document.status.get.version.history.size', 'Frische Gre der Dokumenthistorie auf', 'de-DE');
INSERT INTO OKM_TRANSLATION (TR_MODULE, TR_KEY, TR_TEXT, TR_LANGUAGE) VALUES ('frontend', 'tab.document.status.purge.version.history', 'Bereinige Dokumenthistorie', 'de-DE');
INSERT INTO OKM_TRANSLATION (TR_MODULE, TR_KEY, TR_TEXT, TR_LANGUAGE) VALUES ('frontend', 'tab.document.status.restore.version', 'Stelle Dokument Version wieder her', 'de-DE');
INSERT INTO OKM_TRANSLATION (TR_MODULE, TR_KEY, TR_TEXT, TR_LANGUAGE) VALUES ('frontend', 'tab.document.security', 'Sicherheit', 'de-DE');
INSERT INTO OKM_TRANSLATION (TR_MODULE, TR_KEY, TR_TEXT, TR_LANGUAGE) VALUES ('frontend', 'tab.document.preview', 'Preview', 'de-DE');
INSERT INTO OKM_TRANSLATION (TR_MODULE, TR_KEY, TR_TEXT, TR_LANGUAGE) VALUES ('frontend', 'tab.folder.properties', 'Eigenschaften', 'de-DE');
INSERT INTO OKM_TRANSLATION (TR_MODULE, TR_KEY, TR_TEXT, TR_LANGUAGE) VALUES ('frontend', 'tab.folder.security', 'Sicherheit', 'de-DE');
INSERT INTO OKM_TRANSLATION (TR_MODULE, TR_KEY, TR_TEXT, TR_LANGUAGE) VALUES ('frontend', 'tab.folder.notes', 'Notes', 'de-DE');
INSERT INTO OKM_TRANSLATION (TR_MODULE, TR_KEY, TR_TEXT, TR_LANGUAGE) VALUES ('frontend', 'tab.workspace.desktop', 'Arbeitsplatz', 'de-DE');
INSERT INTO OKM_TRANSLATION (TR_MODULE, TR_KEY, TR_TEXT, TR_LANGUAGE) VALUES ('frontend', 'tab.workspace.search', 'Suche', 'de-DE');
INSERT INTO OKM_TRANSLATION (TR_MODULE, TR_KEY, TR_TEXT, TR_LANGUAGE) VALUES ('frontend', 'tab.workspace.dashboard', 'DashBoard', 'de-DE');
INSERT INTO OKM_TRANSLATION (TR_MODULE, TR_KEY, TR_TEXT, TR_LANGUAGE) VALUES ('frontend', 'tab.workspace.administration', 'Administration', 'de-DE');
INSERT INTO OKM_TRANSLATION (TR_MODULE, TR_KEY, TR_TEXT, TR_LANGUAGE) VALUES ('frontend', 'document.uuid', 'UUID', 'de-DE');
INSERT INTO OKM_TRANSLATION (TR_MODULE, TR_KEY, TR_TEXT, TR_LANGUAGE) VALUES ('frontend', 'document.name', 'Name', 'de-DE');
INSERT INTO OKM_TRANSLATION (TR_MODULE, TR_KEY, TR_TEXT, TR_LANGUAGE) VALUES ('frontend', 'document.folder', 'Ordner', 'de-DE');
INSERT INTO OKM_TRANSLATION (TR_MODULE, TR_KEY, TR_TEXT, TR_LANGUAGE) VALUES ('frontend', 'document.size', 'Gre', 'de-DE');
INSERT INTO OKM_TRANSLATION (TR_MODULE, TR_KEY, TR_TEXT, TR_LANGUAGE) VALUES ('frontend', 'document.created', 'Erzeugt', 'de-DE');
INSERT INTO OKM_TRANSLATION (TR_MODULE, TR_KEY, TR_TEXT, TR_LANGUAGE) VALUES ('frontend', 'document.lastmodified', 'Gendert', 'de-DE');
INSERT INTO OKM_TRANSLATION (TR_MODULE, TR_KEY, TR_TEXT, TR_LANGUAGE) VALUES ('frontend', 'document.mimetype', 'MIME Type', 'de-DE');
INSERT INTO OKM_TRANSLATION (TR_MODULE, TR_KEY, TR_TEXT, TR_LANGUAGE) VALUES ('frontend', 'document.keywords', 'Schlagwrter', 'de-DE');
INSERT INTO OKM_TRANSLATION (TR_MODULE, TR_KEY, TR_TEXT, TR_LANGUAGE) VALUES ('frontend', 'document.by', 'von', 'de-DE');
INSERT INTO OKM_TRANSLATION (TR_MODULE, TR_KEY, TR_TEXT, TR_LANGUAGE) VALUES ('frontend', 'document.status', 'Status', 'de-DE');
INSERT INTO OKM_TRANSLATION (TR_MODULE, TR_KEY, TR_TEXT, TR_LANGUAGE) VALUES ('frontend', 'document.status.checkout', 'Ausgecheckt von', 'de-DE');
INSERT INTO OKM_TRANSLATION (TR_MODULE, TR_KEY, TR_TEXT, TR_LANGUAGE) VALUES ('frontend', 'document.status.locked', 'Gesperrt durch', 'de-DE');
INSERT INTO OKM_TRANSLATION (TR_MODULE, TR_KEY, TR_TEXT, TR_LANGUAGE) VALUES ('frontend', 'document.status.normal', 'Verfgbar', 'de-DE');
INSERT INTO OKM_TRANSLATION (TR_MODULE, TR_KEY, TR_TEXT, TR_LANGUAGE) VALUES ('frontend', 'document.subscribed', 'Abonniert', 'de-DE');
INSERT INTO OKM_TRANSLATION (TR_MODULE, TR_KEY, TR_TEXT, TR_LANGUAGE) VALUES ('frontend', 'document.subscribed.yes', 'Ja', 'de-DE');
INSERT INTO OKM_TRANSLATION (TR_MODULE, TR_KEY, TR_TEXT, TR_LANGUAGE) VALUES ('frontend', 'document.subscribed.no', 'Nein', 'de-DE');
INSERT INTO OKM_TRANSLATION (TR_MODULE, TR_KEY, TR_TEXT, TR_LANGUAGE) VALUES ('frontend', 'document.history.size', 'Gre Historie', 'de-DE');
INSERT INTO OKM_TRANSLATION (TR_MODULE, TR_KEY, TR_TEXT, TR_LANGUAGE) VALUES ('frontend', 'document.subscribed.users', 'Subscribed users', 'de-DE');
INSERT INTO OKM_TRANSLATION (TR_MODULE, TR_KEY, TR_TEXT, TR_LANGUAGE) VALUES ('frontend', 'document.url', 'URL', 'de-DE');
INSERT INTO OKM_TRANSLATION (TR_MODULE, TR_KEY, TR_TEXT, TR_LANGUAGE) VALUES ('frontend', 'document.webdav', 'WebDAV', 'de-DE');
INSERT INTO OKM_TRANSLATION (TR_MODULE, TR_KEY, TR_TEXT, TR_LANGUAGE) VALUES ('frontend', 'document.add.note', 'Add note', 'de-DE');
INSERT INTO OKM_TRANSLATION (TR_MODULE, TR_KEY, TR_TEXT, TR_LANGUAGE) VALUES ('frontend', 'document.keywords.cloud', 'Keywords cloud', 'de-DE');
INSERT INTO OKM_TRANSLATION (TR_MODULE, TR_KEY, TR_TEXT, TR_LANGUAGE) VALUES ('frontend', 'document.categories', 'Categories', 'de-DE');
INSERT INTO OKM_TRANSLATION (TR_MODULE, TR_KEY, TR_TEXT, TR_LANGUAGE) VALUES ('frontend', 'folder.uuid', 'UUID', 'de-DE');
INSERT INTO OKM_TRANSLATION (TR_MODULE, TR_KEY, TR_TEXT, TR_LANGUAGE) VALUES ('frontend', 'folder.name', 'Name', 'de-DE');
INSERT INTO OKM_TRANSLATION (TR_MODULE, TR_KEY, TR_TEXT, TR_LANGUAGE) VALUES ('frontend', 'folder.parent', 'Eltern', 'de-DE');
INSERT INTO OKM_TRANSLATION (TR_MODULE, TR_KEY, TR_TEXT, TR_LANGUAGE) VALUES ('frontend', 'folder.created', 'Erzeugt', 'de-DE');
INSERT INTO OKM_TRANSLATION (TR_MODULE, TR_KEY, TR_TEXT, TR_LANGUAGE) VALUES ('frontend', 'folder.by', 'von', 'de-DE');
INSERT INTO OKM_TRANSLATION (TR_MODULE, TR_KEY, TR_TEXT, TR_LANGUAGE) VALUES ('frontend', 'folder.subscribed', 'Abonniert', 'de-DE');
INSERT INTO OKM_TRANSLATION (TR_MODULE, TR_KEY, TR_TEXT, TR_LANGUAGE) VALUES ('frontend', 'folder.subscribed.yes', 'Ja', 'de-DE');
INSERT INTO OKM_TRANSLATION (TR_MODULE, TR_KEY, TR_TEXT, TR_LANGUAGE) VALUES ('frontend', 'folder.subscribed.no', 'Nein', 'de-DE');
INSERT INTO OKM_TRANSLATION (TR_MODULE, TR_KEY, TR_TEXT, TR_LANGUAGE) VALUES ('frontend', 'folder.subscribed.users', 'Subscribed users', 'de-DE');
INSERT INTO OKM_TRANSLATION (TR_MODULE, TR_KEY, TR_TEXT, TR_LANGUAGE) VALUES ('frontend', 'folder.url', 'URL', 'de-DE');
INSERT INTO OKM_TRANSLATION (TR_MODULE, TR_KEY, TR_TEXT, TR_LANGUAGE) VALUES ('frontend', 'folder.webdav', 'WebDAV', 'de-DE');
INSERT INTO OKM_TRANSLATION (TR_MODULE, TR_KEY, TR_TEXT, TR_LANGUAGE) VALUES ('frontend', 'folder.number.folders', 'Folders', 'de-DE');
INSERT INTO OKM_TRANSLATION (TR_MODULE, TR_KEY, TR_TEXT, TR_LANGUAGE) VALUES ('frontend', 'folder.number.documents', 'Documents', 'de-DE');
INSERT INTO OKM_TRANSLATION (TR_MODULE, TR_KEY, TR_TEXT, TR_LANGUAGE) VALUES ('frontend', 'folder.number.mails', 'Mails', 'de-DE');
INSERT INTO OKM_TRANSLATION (TR_MODULE, TR_KEY, TR_TEXT, TR_LANGUAGE) VALUES ('frontend', 'version.name', 'Version', 'de-DE');
INSERT INTO OKM_TRANSLATION (TR_MODULE, TR_KEY, TR_TEXT, TR_LANGUAGE) VALUES ('frontend', 'version.created', 'Datum', 'de-DE');
INSERT INTO OKM_TRANSLATION (TR_MODULE, TR_KEY, TR_TEXT, TR_LANGUAGE) VALUES ('frontend', 'version.author', 'Autor', 'de-DE');
INSERT INTO OKM_TRANSLATION (TR_MODULE, TR_KEY, TR_TEXT, TR_LANGUAGE) VALUES ('frontend', 'version.size', 'Gre', 'de-DE');
INSERT INTO OKM_TRANSLATION (TR_MODULE, TR_KEY, TR_TEXT, TR_LANGUAGE) VALUES ('frontend', 'version.purge.document', 'Bereinige Historie', 'de-DE');
INSERT INTO OKM_TRANSLATION (TR_MODULE, TR_KEY, TR_TEXT, TR_LANGUAGE) VALUES ('frontend', 'version.comment', 'Comment', 'de-DE');
INSERT INTO OKM_TRANSLATION (TR_MODULE, TR_KEY, TR_TEXT, TR_LANGUAGE) VALUES ('frontend', 'security.label', 'Sicherheit', 'de-DE');
INSERT INTO OKM_TRANSLATION (TR_MODULE, TR_KEY, TR_TEXT, TR_LANGUAGE) VALUES ('frontend', 'security.group.name', 'Gruppe', 'de-DE');
INSERT INTO OKM_TRANSLATION (TR_MODULE, TR_KEY, TR_TEXT, TR_LANGUAGE) VALUES ('frontend', 'security.group.permission.read', 'Lesen', 'de-DE');
INSERT INTO OKM_TRANSLATION (TR_MODULE, TR_KEY, TR_TEXT, TR_LANGUAGE) VALUES ('frontend', 'security.group.permission.write', 'Schreiben', 'de-DE');
INSERT INTO OKM_TRANSLATION (TR_MODULE, TR_KEY, TR_TEXT, TR_LANGUAGE) VALUES ('frontend', 'security.group.permission.delete', 'Delete', 'de-DE');
INSERT INTO OKM_TRANSLATION (TR_MODULE, TR_KEY, TR_TEXT, TR_LANGUAGE) VALUES ('frontend', 'security.group.permission.security', 'Security', 'de-DE');
INSERT INTO OKM_TRANSLATION (TR_MODULE, TR_KEY, TR_TEXT, TR_LANGUAGE) VALUES ('frontend', 'security.user.name', 'Benutzer', 'de-DE');
INSERT INTO OKM_TRANSLATION (TR_MODULE, TR_KEY, TR_TEXT, TR_LANGUAGE) VALUES ('frontend', 'security.user.permission.read', 'Lesen', 'de-DE');
INSERT INTO OKM_TRANSLATION (TR_MODULE, TR_KEY, TR_TEXT, TR_LANGUAGE) VALUES ('frontend', 'security.user.permission.write', 'Schreiben', 'de-DE');
INSERT INTO OKM_TRANSLATION (TR_MODULE, TR_KEY, TR_TEXT, TR_LANGUAGE) VALUES ('frontend', 'security.user.permission.delete', 'Delete', 'de-DE');
INSERT INTO OKM_TRANSLATION (TR_MODULE, TR_KEY, TR_TEXT, TR_LANGUAGE) VALUES ('frontend', 'security.user.permission.security', 'Security', 'de-DE');
INSERT INTO OKM_TRANSLATION (TR_MODULE, TR_KEY, TR_TEXT, TR_LANGUAGE) VALUES ('frontend', 'security.users', 'Benutzer', 'de-DE');
INSERT INTO OKM_TRANSLATION (TR_MODULE, TR_KEY, TR_TEXT, TR_LANGUAGE) VALUES ('frontend', 'security.groups', 'Gruppen', 'de-DE');
INSERT INTO OKM_TRANSLATION (TR_MODULE, TR_KEY, TR_TEXT, TR_LANGUAGE) VALUES ('frontend', 'security.recursive', 'Rekursive nderung der Berechtigungen', 'de-DE');
INSERT INTO OKM_TRANSLATION (TR_MODULE, TR_KEY, TR_TEXT, TR_LANGUAGE) VALUES ('frontend', 'secutiry.filter.by.users', 'Users filter', 'de-DE');
INSERT INTO OKM_TRANSLATION (TR_MODULE, TR_KEY, TR_TEXT, TR_LANGUAGE) VALUES ('frontend', 'secutiry.filter.by.groups', 'Groups filter', 'de-DE');
INSERT INTO OKM_TRANSLATION (TR_MODULE, TR_KEY, TR_TEXT, TR_LANGUAGE) VALUES ('frontend', 'security.status.updating', 'Updating security', 'de-DE');
INSERT INTO OKM_TRANSLATION (TR_MODULE, TR_KEY, TR_TEXT, TR_LANGUAGE) VALUES ('frontend', 'preview.unavailable', 'Preview unavailable', 'de-DE');
INSERT INTO OKM_TRANSLATION (TR_MODULE, TR_KEY, TR_TEXT, TR_LANGUAGE) VALUES ('frontend', 'mail.from', 'From', 'de-DE');
INSERT INTO OKM_TRANSLATION (TR_MODULE, TR_KEY, TR_TEXT, TR_LANGUAGE) VALUES ('frontend', 'mail.reply', 'Reply to', 'de-DE');
INSERT INTO OKM_TRANSLATION (TR_MODULE, TR_KEY, TR_TEXT, TR_LANGUAGE) VALUES ('frontend', 'mail.to', 'To', 'de-DE');
INSERT INTO OKM_TRANSLATION (TR_MODULE, TR_KEY, TR_TEXT, TR_LANGUAGE) VALUES ('frontend', 'mail.subject', 'Subject', 'de-DE');
INSERT INTO OKM_TRANSLATION (TR_MODULE, TR_KEY, TR_TEXT, TR_LANGUAGE) VALUES ('frontend', 'mail.attachment', 'Attachments', 'de-DE');
INSERT INTO OKM_TRANSLATION (TR_MODULE, TR_KEY, TR_TEXT, TR_LANGUAGE) VALUES ('frontend', 'error.label', 'Es ist ein Fehler aufgetreten :-(', 'de-DE');
INSERT INTO OKM_TRANSLATION (TR_MODULE, TR_KEY, TR_TEXT, TR_LANGUAGE) VALUES ('frontend', 'error.invocation', 'Fehler beim Kommunizieren mit dem Server', 'de-DE');
INSERT INTO OKM_TRANSLATION (TR_MODULE, TR_KEY, TR_TEXT, TR_LANGUAGE) VALUES ('frontend', 'about.label', 'ber OpenKM', 'de-DE');
INSERT INTO OKM_TRANSLATION (TR_MODULE, TR_KEY, TR_TEXT, TR_LANGUAGE) VALUES ('frontend', 'about.loading', 'Lade ...', 'de-DE');
INSERT INTO OKM_TRANSLATION (TR_MODULE, TR_KEY, TR_TEXT, TR_LANGUAGE) VALUES ('frontend', 'logout.label', 'Beenden', 'de-DE');
INSERT INTO OKM_TRANSLATION (TR_MODULE, TR_KEY, TR_TEXT, TR_LANGUAGE) VALUES ('frontend', 'logout.closed', 'OpenKM wurde erfolgreich beendet', 'de-DE');
INSERT INTO OKM_TRANSLATION (TR_MODULE, TR_KEY, TR_TEXT, TR_LANGUAGE) VALUES ('frontend', 'logout.logout', 'Melde OpenKM ab,  bitte warten', 'de-DE');
INSERT INTO OKM_TRANSLATION (TR_MODULE, TR_KEY, TR_TEXT, TR_LANGUAGE) VALUES ('frontend', 'confirm.label', 'Besttigung', 'de-DE');
INSERT INTO OKM_TRANSLATION (TR_MODULE, TR_KEY, TR_TEXT, TR_LANGUAGE) VALUES ('frontend', 'confirm.delete.folder', 'Sind Sie sicher,  dass der Ordner gelscht werden soll?', 'de-DE');
INSERT INTO OKM_TRANSLATION (TR_MODULE, TR_KEY, TR_TEXT, TR_LANGUAGE) VALUES ('frontend', 'confirm.delete.document', 'Sind Sie sicher,  dass das Dokument gelscht werden soll?', 'de-DE');
INSERT INTO OKM_TRANSLATION (TR_MODULE, TR_KEY, TR_TEXT, TR_LANGUAGE) VALUES ('frontend', 'confirm.delete.trash', 'Sind Sie sicher, dass der Papierkob geleert werden soll?', 'de-DE');
INSERT INTO OKM_TRANSLATION (TR_MODULE, TR_KEY, TR_TEXT, TR_LANGUAGE) VALUES ('frontend', 'confirm.purge.folder', 'Sind Sie sicher,  dass der Ordner gelscht werden soll?', 'de-DE');
INSERT INTO OKM_TRANSLATION (TR_MODULE, TR_KEY, TR_TEXT, TR_LANGUAGE) VALUES ('frontend', 'confirm.purge.document', 'Sind Sie sicher,  dass das Dokument gelscht werden soll?', 'de-DE');
INSERT INTO OKM_TRANSLATION (TR_MODULE, TR_KEY, TR_TEXT, TR_LANGUAGE) VALUES ('frontend', 'confirm.delete.propety.group', 'Sind Sie sicher,  dass die Eigenschaftengruppe gelscht werden soll?', 'de-DE');
INSERT INTO OKM_TRANSLATION (TR_MODULE, TR_KEY, TR_TEXT, TR_LANGUAGE) VALUES ('frontend', 'confirm.purge.version.history.document', 'Sind Sie sicher,  dass das die Dokument Historie gelscht werden soll?', 'de-DE');
INSERT INTO OKM_TRANSLATION (TR_MODULE, TR_KEY, TR_TEXT, TR_LANGUAGE) VALUES ('frontend', 'confirm.purge.restore.document', 'Sind Sie sicher,  dass diese Dokument Version wiederhergestellt werden soll?', 'de-DE');
INSERT INTO OKM_TRANSLATION (TR_MODULE, TR_KEY, TR_TEXT, TR_LANGUAGE) VALUES ('frontend', 'confirm.set.default.home', 'Sind Sie sicher,  dass die Startseite eingestellt werden soll?', 'de-DE');
INSERT INTO OKM_TRANSLATION (TR_MODULE, TR_KEY, TR_TEXT, TR_LANGUAGE) VALUES ('frontend', 'confirm.delete.saved.search', ' Do you really want to delete saved search ?', 'de-DE');
INSERT INTO OKM_TRANSLATION (TR_MODULE, TR_KEY, TR_TEXT, TR_LANGUAGE) VALUES ('frontend', 'confirm.delete.user.news', ' Do you really want to delete user news ?', 'de-DE');
INSERT INTO OKM_TRANSLATION (TR_MODULE, TR_KEY, TR_TEXT, TR_LANGUAGE) VALUES ('frontend', 'confirm.delete.mail', ' Do you really want to delete mail ?', 'de-DE');
INSERT INTO OKM_TRANSLATION (TR_MODULE, TR_KEY, TR_TEXT, TR_LANGUAGE) VALUES ('frontend', 'confirm.get.pooled.workflow.task', ' Do you want to assign this task to you ?', 'de-DE');
INSERT INTO OKM_TRANSLATION (TR_MODULE, TR_KEY, TR_TEXT, TR_LANGUAGE) VALUES ('frontend', 'confirm.force.unlock', 'Are you sure you want to force the document unlock ?', 'de-DE');
INSERT INTO OKM_TRANSLATION (TR_MODULE, TR_KEY, TR_TEXT, TR_LANGUAGE) VALUES ('frontend', 'confirm.force.cancel.checkout', 'Are you sure you want to force the document cancel checkout ?', 'de-DE');
INSERT INTO OKM_TRANSLATION (TR_MODULE, TR_KEY, TR_TEXT, TR_LANGUAGE) VALUES ('frontend', 'search.context', 'Kontext', 'de-DE');
INSERT INTO OKM_TRANSLATION (TR_MODULE, TR_KEY, TR_TEXT, TR_LANGUAGE) VALUES ('frontend', 'search.content', 'Inhalt', 'de-DE');
INSERT INTO OKM_TRANSLATION (TR_MODULE, TR_KEY, TR_TEXT, TR_LANGUAGE) VALUES ('frontend', 'search.name', 'Name', 'de-DE');
INSERT INTO OKM_TRANSLATION (TR_MODULE, TR_KEY, TR_TEXT, TR_LANGUAGE) VALUES ('frontend', 'search.keywords', 'Schlsselwrter', 'de-DE');
INSERT INTO OKM_TRANSLATION (TR_MODULE, TR_KEY, TR_TEXT, TR_LANGUAGE) VALUES ('frontend', 'search.folder', 'Folder', 'de-DE');
INSERT INTO OKM_TRANSLATION (TR_MODULE, TR_KEY, TR_TEXT, TR_LANGUAGE) VALUES ('frontend', 'search.category', 'Category', 'de-DE');
INSERT INTO OKM_TRANSLATION (TR_MODULE, TR_KEY, TR_TEXT, TR_LANGUAGE) VALUES ('frontend', 'search.results', 'Ergebnisse', 'de-DE');
INSERT INTO OKM_TRANSLATION (TR_MODULE, TR_KEY, TR_TEXT, TR_LANGUAGE) VALUES ('frontend', 'search.to', 'bis', 'de-DE');
INSERT INTO OKM_TRANSLATION (TR_MODULE, TR_KEY, TR_TEXT, TR_LANGUAGE) VALUES ('frontend', 'search.page.results', 'Seitenergebnisse', 'de-DE');
INSERT INTO OKM_TRANSLATION (TR_MODULE, TR_KEY, TR_TEXT, TR_LANGUAGE) VALUES ('frontend', 'search.add.property.group', 'Eigenschaftengruppe hinzufgen', 'de-DE');
INSERT INTO OKM_TRANSLATION (TR_MODULE, TR_KEY, TR_TEXT, TR_LANGUAGE) VALUES ('frontend', 'search.mimetype', 'Mime type', 'de-DE');
INSERT INTO OKM_TRANSLATION (TR_MODULE, TR_KEY, TR_TEXT, TR_LANGUAGE) VALUES ('frontend', 'search.type', 'Type', 'de-DE');
INSERT INTO OKM_TRANSLATION (TR_MODULE, TR_KEY, TR_TEXT, TR_LANGUAGE) VALUES ('frontend', 'search.type.document', 'Document', 'de-DE');
INSERT INTO OKM_TRANSLATION (TR_MODULE, TR_KEY, TR_TEXT, TR_LANGUAGE) VALUES ('frontend', 'search.type.folder', 'Folder', 'de-DE');
INSERT INTO OKM_TRANSLATION (TR_MODULE, TR_KEY, TR_TEXT, TR_LANGUAGE) VALUES ('frontend', 'search.type.mail', 'Mail', 'de-DE');
INSERT INTO OKM_TRANSLATION (TR_MODULE, TR_KEY, TR_TEXT, TR_LANGUAGE) VALUES ('frontend', 'search.advanced', 'Erweiterte Suche', 'de-DE');
INSERT INTO OKM_TRANSLATION (TR_MODULE, TR_KEY, TR_TEXT, TR_LANGUAGE) VALUES ('frontend', 'search.user', 'Benutzer', 'de-DE');
INSERT INTO OKM_TRANSLATION (TR_MODULE, TR_KEY, TR_TEXT, TR_LANGUAGE) VALUES ('frontend', 'search.date.and', 'and', 'de-DE');
INSERT INTO OKM_TRANSLATION (TR_MODULE, TR_KEY, TR_TEXT, TR_LANGUAGE) VALUES ('frontend', 'search.date.range', 'Date range between', 'de-DE');
INSERT INTO OKM_TRANSLATION (TR_MODULE, TR_KEY, TR_TEXT, TR_LANGUAGE) VALUES ('frontend', 'search.save.as.news', 'Save as user news', 'de-DE');
INSERT INTO OKM_TRANSLATION (TR_MODULE, TR_KEY, TR_TEXT, TR_LANGUAGE) VALUES ('frontend', 'search.folder.filter', 'Filter by folder', 'de-DE');
INSERT INTO OKM_TRANSLATION (TR_MODULE, TR_KEY, TR_TEXT, TR_LANGUAGE) VALUES ('frontend', 'search.category.filter', 'Filter by category', 'de-DE');
INSERT INTO OKM_TRANSLATION (TR_MODULE, TR_KEY, TR_TEXT, TR_LANGUAGE) VALUES ('frontend', 'search.result.name', 'Name', 'de-DE');
INSERT INTO OKM_TRANSLATION (TR_MODULE, TR_KEY, TR_TEXT, TR_LANGUAGE) VALUES ('frontend', 'search.result.score', 'Wertung', 'de-DE');
INSERT INTO OKM_TRANSLATION (TR_MODULE, TR_KEY, TR_TEXT, TR_LANGUAGE) VALUES ('frontend', 'search.result.size', 'Gre', 'de-DE');
INSERT INTO OKM_TRANSLATION (TR_MODULE, TR_KEY, TR_TEXT, TR_LANGUAGE) VALUES ('frontend', 'search.result.date.update', 'nderungsdatum', 'de-DE');
INSERT INTO OKM_TRANSLATION (TR_MODULE, TR_KEY, TR_TEXT, TR_LANGUAGE) VALUES ('frontend', 'search.result.author', 'Autor', 'de-DE');
INSERT INTO OKM_TRANSLATION (TR_MODULE, TR_KEY, TR_TEXT, TR_LANGUAGE) VALUES ('frontend', 'search.result.version', 'Version', 'de-DE');
INSERT INTO OKM_TRANSLATION (TR_MODULE, TR_KEY, TR_TEXT, TR_LANGUAGE) VALUES ('frontend', 'search.result.path', 'Pfad', 'de-DE');
INSERT INTO OKM_TRANSLATION (TR_MODULE, TR_KEY, TR_TEXT, TR_LANGUAGE) VALUES ('frontend', 'search.result.menu.download', 'Download', 'de-DE');
INSERT INTO OKM_TRANSLATION (TR_MODULE, TR_KEY, TR_TEXT, TR_LANGUAGE) VALUES ('frontend', 'search.result.menu.go.folder', 'Zum Ordner springen', 'de-DE');
INSERT INTO OKM_TRANSLATION (TR_MODULE, TR_KEY, TR_TEXT, TR_LANGUAGE) VALUES ('frontend', 'search.result.menu.go.document', 'Go to document', 'de-DE');
INSERT INTO OKM_TRANSLATION (TR_MODULE, TR_KEY, TR_TEXT, TR_LANGUAGE) VALUES ('frontend', 'search.result.status.findPaginated', 'Aktualisiere Suche', 'de-DE');
INSERT INTO OKM_TRANSLATION (TR_MODULE, TR_KEY, TR_TEXT, TR_LANGUAGE) VALUES ('frontend', 'search.result.status.runsearch', 'Aktualisiere gespeicherte Suche', 'de-DE');
INSERT INTO OKM_TRANSLATION (TR_MODULE, TR_KEY, TR_TEXT, TR_LANGUAGE) VALUES ('frontend', 'search.saved.run', 'Start', 'de-DE');
INSERT INTO OKM_TRANSLATION (TR_MODULE, TR_KEY, TR_TEXT, TR_LANGUAGE) VALUES ('frontend', 'search.saved.delete', 'Lschen', 'de-DE');
INSERT INTO OKM_TRANSLATION (TR_MODULE, TR_KEY, TR_TEXT, TR_LANGUAGE) VALUES ('frontend', 'search.saved.status.getsearchs', 'Frische gespeicherte Suchen auf', 'de-DE');
INSERT INTO OKM_TRANSLATION (TR_MODULE, TR_KEY, TR_TEXT, TR_LANGUAGE) VALUES ('frontend', 'search.saved.status.savesearch', 'Aktualisiere gespeicherte Suchen', 'de-DE');
INSERT INTO OKM_TRANSLATION (TR_MODULE, TR_KEY, TR_TEXT, TR_LANGUAGE) VALUES ('frontend', 'search.saved.status.deletesearch', 'Lsche gespeicherte Suchen', 'de-DE');
INSERT INTO OKM_TRANSLATION (TR_MODULE, TR_KEY, TR_TEXT, TR_LANGUAGE) VALUES ('frontend', 'search.saved.status.getusernews', 'Refreshing user news', 'de-DE');
INSERT INTO OKM_TRANSLATION (TR_MODULE, TR_KEY, TR_TEXT, TR_LANGUAGE) VALUES ('frontend', 'button.close', 'Schlieen', 'de-DE');
INSERT INTO OKM_TRANSLATION (TR_MODULE, TR_KEY, TR_TEXT, TR_LANGUAGE) VALUES ('frontend', 'button.logout', 'Abmelden', 'de-DE');
INSERT INTO OKM_TRANSLATION (TR_MODULE, TR_KEY, TR_TEXT, TR_LANGUAGE) VALUES ('frontend', 'button.update', 'Bearbeiten', 'de-DE');
INSERT INTO OKM_TRANSLATION (TR_MODULE, TR_KEY, TR_TEXT, TR_LANGUAGE) VALUES ('frontend', 'button.cancel', 'Abbruch', 'de-DE');
INSERT INTO OKM_TRANSLATION (TR_MODULE, TR_KEY, TR_TEXT, TR_LANGUAGE) VALUES ('frontend', 'button.accept', 'O.K.', 'de-DE');
INSERT INTO OKM_TRANSLATION (TR_MODULE, TR_KEY, TR_TEXT, TR_LANGUAGE) VALUES ('frontend', 'button.restore', 'Wiederherstellen', 'de-DE');
INSERT INTO OKM_TRANSLATION (TR_MODULE, TR_KEY, TR_TEXT, TR_LANGUAGE) VALUES ('frontend', 'button.move', 'Verschieben', 'de-DE');
INSERT INTO OKM_TRANSLATION (TR_MODULE, TR_KEY, TR_TEXT, TR_LANGUAGE) VALUES ('frontend', 'button.change', 'Bearbeiten', 'de-DE');
INSERT INTO OKM_TRANSLATION (TR_MODULE, TR_KEY, TR_TEXT, TR_LANGUAGE) VALUES ('frontend', 'button.search', 'Suchen', 'de-DE');
INSERT INTO OKM_TRANSLATION (TR_MODULE, TR_KEY, TR_TEXT, TR_LANGUAGE) VALUES ('frontend', 'button.save.search', 'Suche speichern', 'de-DE');
INSERT INTO OKM_TRANSLATION (TR_MODULE, TR_KEY, TR_TEXT, TR_LANGUAGE) VALUES ('frontend', 'button.view', 'Ansicht', 'de-DE');
INSERT INTO OKM_TRANSLATION (TR_MODULE, TR_KEY, TR_TEXT, TR_LANGUAGE) VALUES ('frontend', 'button.clean', 'Zurcksetzen', 'de-DE');
INSERT INTO OKM_TRANSLATION (TR_MODULE, TR_KEY, TR_TEXT, TR_LANGUAGE) VALUES ('frontend', 'button.add', 'Hinzufgen', 'de-DE');
INSERT INTO OKM_TRANSLATION (TR_MODULE, TR_KEY, TR_TEXT, TR_LANGUAGE) VALUES ('frontend', 'button.delete', 'Lschen', 'de-DE');
INSERT INTO OKM_TRANSLATION (TR_MODULE, TR_KEY, TR_TEXT, TR_LANGUAGE) VALUES ('frontend', 'button.copy', 'Kopieren', 'de-DE');
INSERT INTO OKM_TRANSLATION (TR_MODULE, TR_KEY, TR_TEXT, TR_LANGUAGE) VALUES ('frontend', 'button.create', 'Erzeugen', 'de-DE');
INSERT INTO OKM_TRANSLATION (TR_MODULE, TR_KEY, TR_TEXT, TR_LANGUAGE) VALUES ('frontend', 'button.show', 'Anzeigen', 'de-DE');
INSERT INTO OKM_TRANSLATION (TR_MODULE, TR_KEY, TR_TEXT, TR_LANGUAGE) VALUES ('frontend', 'button.memory', 'Speichern', 'de-DE');
INSERT INTO OKM_TRANSLATION (TR_MODULE, TR_KEY, TR_TEXT, TR_LANGUAGE) VALUES ('frontend', 'button.copy.clipboard', 'Copy to clipboard ', 'de-DE');
INSERT INTO OKM_TRANSLATION (TR_MODULE, TR_KEY, TR_TEXT, TR_LANGUAGE) VALUES ('frontend', 'button.start', 'Start', 'de-DE');
INSERT INTO OKM_TRANSLATION (TR_MODULE, TR_KEY, TR_TEXT, TR_LANGUAGE) VALUES ('frontend', 'button.select', 'Select', 'de-DE');
INSERT INTO OKM_TRANSLATION (TR_MODULE, TR_KEY, TR_TEXT, TR_LANGUAGE) VALUES ('frontend', 'button.test', 'Test', 'de-DE');
INSERT INTO OKM_TRANSLATION (TR_MODULE, TR_KEY, TR_TEXT, TR_LANGUAGE) VALUES ('frontend', 'button.next', 'Next', 'de-DE');
INSERT INTO OKM_TRANSLATION (TR_MODULE, TR_KEY, TR_TEXT, TR_LANGUAGE) VALUES ('frontend', 'group.label', 'Gruppeneigenschaft hinzufgen', 'de-DE');
INSERT INTO OKM_TRANSLATION (TR_MODULE, TR_KEY, TR_TEXT, TR_LANGUAGE) VALUES ('frontend', 'group.group', 'Gruppe', 'de-DE');
INSERT INTO OKM_TRANSLATION (TR_MODULE, TR_KEY, TR_TEXT, TR_LANGUAGE) VALUES ('frontend', 'group.property.group', 'Eigenschaft', 'de-DE');
INSERT INTO OKM_TRANSLATION (TR_MODULE, TR_KEY, TR_TEXT, TR_LANGUAGE) VALUES ('frontend', 'bookmark.label', 'Lesezeichen hinzufgen', 'de-DE');
INSERT INTO OKM_TRANSLATION (TR_MODULE, TR_KEY, TR_TEXT, TR_LANGUAGE) VALUES ('frontend', 'bookmark.name', 'Name', 'de-DE');
INSERT INTO OKM_TRANSLATION (TR_MODULE, TR_KEY, TR_TEXT, TR_LANGUAGE) VALUES ('frontend', 'bookmark.edit.label', 'Lesezeichen bearbeiten', 'de-DE');
INSERT INTO OKM_TRANSLATION (TR_MODULE, TR_KEY, TR_TEXT, TR_LANGUAGE) VALUES ('frontend', 'bookmark.path', 'Pfad', 'de-DE');
INSERT INTO OKM_TRANSLATION (TR_MODULE, TR_KEY, TR_TEXT, TR_LANGUAGE) VALUES ('frontend', 'bookmark.type', 'Typ', 'de-DE');
INSERT INTO OKM_TRANSLATION (TR_MODULE, TR_KEY, TR_TEXT, TR_LANGUAGE) VALUES ('frontend', 'bookmark.type.document', 'Dokument', 'de-DE');
INSERT INTO OKM_TRANSLATION (TR_MODULE, TR_KEY, TR_TEXT, TR_LANGUAGE) VALUES ('frontend', 'bookmark.type.folder', 'Ordner', 'de-DE');
INSERT INTO OKM_TRANSLATION (TR_MODULE, TR_KEY, TR_TEXT, TR_LANGUAGE) VALUES ('frontend', 'notify.label', 'Sending document link', 'de-DE');
INSERT INTO OKM_TRANSLATION (TR_MODULE, TR_KEY, TR_TEXT, TR_LANGUAGE) VALUES ('frontend', 'notify.label.attachment', 'Send document attachment', 'de-DE');
INSERT INTO OKM_TRANSLATION (TR_MODULE, TR_KEY, TR_TEXT, TR_LANGUAGE) VALUES ('frontend', 'status.document.copied', 'Dokument zum Kopieren markiert', 'de-DE');
INSERT INTO OKM_TRANSLATION (TR_MODULE, TR_KEY, TR_TEXT, TR_LANGUAGE) VALUES ('frontend', 'status.document.cut', 'Dokument zum Ausschneiden markiert', 'de-DE');
INSERT INTO OKM_TRANSLATION (TR_MODULE, TR_KEY, TR_TEXT, TR_LANGUAGE) VALUES ('frontend', 'status.folder.copied', 'Ordner zum Kopieren markiert', 'de-DE');
INSERT INTO OKM_TRANSLATION (TR_MODULE, TR_KEY, TR_TEXT, TR_LANGUAGE) VALUES ('frontend', 'status.folder.cut', 'Ordner zum Ausschneiden markiert', 'de-DE');
INSERT INTO OKM_TRANSLATION (TR_MODULE, TR_KEY, TR_TEXT, TR_LANGUAGE) VALUES ('frontend', 'status.keep.alive.error', 'Verlust der Verbindung zum Server(Lebenszeichen)', 'de-DE');
INSERT INTO OKM_TRANSLATION (TR_MODULE, TR_KEY, TR_TEXT, TR_LANGUAGE) VALUES ('frontend', 'status.debug.enabled', 'Debug enabled', 'de-DE');
INSERT INTO OKM_TRANSLATION (TR_MODULE, TR_KEY, TR_TEXT, TR_LANGUAGE) VALUES ('frontend', 'status.debug.disabled', 'Debug disabled', 'de-DE');
INSERT INTO OKM_TRANSLATION (TR_MODULE, TR_KEY, TR_TEXT, TR_LANGUAGE) VALUES ('frontend', 'status.network.error.detected', 'Network error detected', 'de-DE');
INSERT INTO OKM_TRANSLATION (TR_MODULE, TR_KEY, TR_TEXT, TR_LANGUAGE) VALUES ('frontend', 'calendar.day.sunday', 'Sunday', 'de-DE');
INSERT INTO OKM_TRANSLATION (TR_MODULE, TR_KEY, TR_TEXT, TR_LANGUAGE) VALUES ('frontend', 'calendar.day.monday', 'Monday', 'de-DE');
INSERT INTO OKM_TRANSLATION (TR_MODULE, TR_KEY, TR_TEXT, TR_LANGUAGE) VALUES ('frontend', 'calendar.day.tuesday', 'Tuesday', 'de-DE');
INSERT INTO OKM_TRANSLATION (TR_MODULE, TR_KEY, TR_TEXT, TR_LANGUAGE) VALUES ('frontend', 'calendar.day.wednesday', 'Wednesday', 'de-DE');
INSERT INTO OKM_TRANSLATION (TR_MODULE, TR_KEY, TR_TEXT, TR_LANGUAGE) VALUES ('frontend', 'calendar.day.thursday', 'Thursday', 'de-DE');
INSERT INTO OKM_TRANSLATION (TR_MODULE, TR_KEY, TR_TEXT, TR_LANGUAGE) VALUES ('frontend', 'calendar.day.friday', 'Friday', 'de-DE');
INSERT INTO OKM_TRANSLATION (TR_MODULE, TR_KEY, TR_TEXT, TR_LANGUAGE) VALUES ('frontend', 'calendar.day.saturday', 'Saturday', 'de-DE');
INSERT INTO OKM_TRANSLATION (TR_MODULE, TR_KEY, TR_TEXT, TR_LANGUAGE) VALUES ('frontend', 'calendar.month.january', 'January', 'de-DE');
INSERT INTO OKM_TRANSLATION (TR_MODULE, TR_KEY, TR_TEXT, TR_LANGUAGE) VALUES ('frontend', 'calendar.month.february', 'February', 'de-DE');
INSERT INTO OKM_TRANSLATION (TR_MODULE, TR_KEY, TR_TEXT, TR_LANGUAGE) VALUES ('frontend', 'calendar.month.march', 'March', 'de-DE');
INSERT INTO OKM_TRANSLATION (TR_MODULE, TR_KEY, TR_TEXT, TR_LANGUAGE) VALUES ('frontend', 'calendar.month.april', 'April', 'de-DE');
INSERT INTO OKM_TRANSLATION (TR_MODULE, TR_KEY, TR_TEXT, TR_LANGUAGE) VALUES ('frontend', 'calendar.month.may', 'May', 'de-DE');
INSERT INTO OKM_TRANSLATION (TR_MODULE, TR_KEY, TR_TEXT, TR_LANGUAGE) VALUES ('frontend', 'calendar.month.june', 'June', 'de-DE');
INSERT INTO OKM_TRANSLATION (TR_MODULE, TR_KEY, TR_TEXT, TR_LANGUAGE) VALUES ('frontend', 'calendar.month.july', 'July', 'de-DE');
INSERT INTO OKM_TRANSLATION (TR_MODULE, TR_KEY, TR_TEXT, TR_LANGUAGE) VALUES ('frontend', 'calendar.month.august', 'August', 'de-DE');
INSERT INTO OKM_TRANSLATION (TR_MODULE, TR_KEY, TR_TEXT, TR_LANGUAGE) VALUES ('frontend', 'calendar.month.september', 'September', 'de-DE');
INSERT INTO OKM_TRANSLATION (TR_MODULE, TR_KEY, TR_TEXT, TR_LANGUAGE) VALUES ('frontend', 'calendar.month.october', 'October', 'de-DE');
INSERT INTO OKM_TRANSLATION (TR_MODULE, TR_KEY, TR_TEXT, TR_LANGUAGE) VALUES ('frontend', 'calendar.month.november', 'November', 'de-DE');
INSERT INTO OKM_TRANSLATION (TR_MODULE, TR_KEY, TR_TEXT, TR_LANGUAGE) VALUES ('frontend', 'calendar.month.december', 'December', 'de-DE');
INSERT INTO OKM_TRANSLATION (TR_MODULE, TR_KEY, TR_TEXT, TR_LANGUAGE) VALUES ('frontend', 'media.player.label', 'Media player', 'de-DE');
INSERT INTO OKM_TRANSLATION (TR_MODULE, TR_KEY, TR_TEXT, TR_LANGUAGE) VALUES ('frontend', 'image.viewer.label', 'Image viewer', 'de-DE');
INSERT INTO OKM_TRANSLATION (TR_MODULE, TR_KEY, TR_TEXT, TR_LANGUAGE) VALUES ('frontend', 'image.viewer.zoom.in', 'Zoom in', 'de-DE');
INSERT INTO OKM_TRANSLATION (TR_MODULE, TR_KEY, TR_TEXT, TR_LANGUAGE) VALUES ('frontend', 'image.viewer.zoom.out', 'Zoom out', 'de-DE');
INSERT INTO OKM_TRANSLATION (TR_MODULE, TR_KEY, TR_TEXT, TR_LANGUAGE) VALUES ('frontend', 'debug.console.label', 'Debug console', 'de-DE');
INSERT INTO OKM_TRANSLATION (TR_MODULE, TR_KEY, TR_TEXT, TR_LANGUAGE) VALUES ('frontend', 'debug.enable.disable', 'CTRL+Z to enable or disable debug mode', 'de-DE');
INSERT INTO OKM_TRANSLATION (TR_MODULE, TR_KEY, TR_TEXT, TR_LANGUAGE) VALUES ('frontend', 'dashboard.tab.general', 'General', 'de-DE');
INSERT INTO OKM_TRANSLATION (TR_MODULE, TR_KEY, TR_TEXT, TR_LANGUAGE) VALUES ('frontend', 'dashboard.tab.news', 'News', 'de-DE');
INSERT INTO OKM_TRANSLATION (TR_MODULE, TR_KEY, TR_TEXT, TR_LANGUAGE) VALUES ('frontend', 'dashboard.tab.user', 'User', 'de-DE');
INSERT INTO OKM_TRANSLATION (TR_MODULE, TR_KEY, TR_TEXT, TR_LANGUAGE) VALUES ('frontend', 'dashboard.tab.workflow', 'Workflow', 'de-DE');
INSERT INTO OKM_TRANSLATION (TR_MODULE, TR_KEY, TR_TEXT, TR_LANGUAGE) VALUES ('frontend', 'dashboard.tab.mail', 'Mail', 'de-DE');
INSERT INTO OKM_TRANSLATION (TR_MODULE, TR_KEY, TR_TEXT, TR_LANGUAGE) VALUES ('frontend', 'dashboard.tab.keymap', 'Keyword map', 'de-DE');
INSERT INTO OKM_TRANSLATION (TR_MODULE, TR_KEY, TR_TEXT, TR_LANGUAGE) VALUES ('frontend', 'dashboard.new.items', 'New', 'de-DE');
INSERT INTO OKM_TRANSLATION (TR_MODULE, TR_KEY, TR_TEXT, TR_LANGUAGE) VALUES ('frontend', 'dashboard.user.locked.documents', 'Locked documents', 'de-DE');
INSERT INTO OKM_TRANSLATION (TR_MODULE, TR_KEY, TR_TEXT, TR_LANGUAGE) VALUES ('frontend', 'dashboard.user.checkout.documents', 'Checkout documents', 'de-DE');
INSERT INTO OKM_TRANSLATION (TR_MODULE, TR_KEY, TR_TEXT, TR_LANGUAGE) VALUES ('frontend', 'dashboard.user.last.modified.documents', 'Last modified documents', 'de-DE');
INSERT INTO OKM_TRANSLATION (TR_MODULE, TR_KEY, TR_TEXT, TR_LANGUAGE) VALUES ('frontend', 'dashboard.user.last.downloaded.documents', 'Last downloaded documents', 'de-DE');
INSERT INTO OKM_TRANSLATION (TR_MODULE, TR_KEY, TR_TEXT, TR_LANGUAGE) VALUES ('frontend', 'dashboard.user.subscribed.documents', 'Subscribed documents', 'de-DE');
INSERT INTO OKM_TRANSLATION (TR_MODULE, TR_KEY, TR_TEXT, TR_LANGUAGE) VALUES ('frontend', 'dashboard.user.subscribed.folders', 'Subscribed folders', 'de-DE');
INSERT INTO OKM_TRANSLATION (TR_MODULE, TR_KEY, TR_TEXT, TR_LANGUAGE) VALUES ('frontend', 'dashboard.user.last.uploaded.documents', 'Last uploaded documents', 'de-DE');
INSERT INTO OKM_TRANSLATION (TR_MODULE, TR_KEY, TR_TEXT, TR_LANGUAGE) VALUES ('frontend', 'dashboard.general.last.week.top.downloaded.documents', 'Last week top viewed documents', 'de-DE');
INSERT INTO OKM_TRANSLATION (TR_MODULE, TR_KEY, TR_TEXT, TR_LANGUAGE) VALUES ('frontend', 'dashboard.general.last.month.top.downloaded.documents', 'Last month top viewed documents', 'de-DE');
INSERT INTO OKM_TRANSLATION (TR_MODULE, TR_KEY, TR_TEXT, TR_LANGUAGE) VALUES ('frontend', 'dashboard.general.last.week.top.modified.documents', 'Last week top modified documents', 'de-DE');
INSERT INTO OKM_TRANSLATION (TR_MODULE, TR_KEY, TR_TEXT, TR_LANGUAGE) VALUES ('frontend', 'dashboard.general.last.month.top.modified.documents', 'Last month top viewed documents', 'de-DE');
INSERT INTO OKM_TRANSLATION (TR_MODULE, TR_KEY, TR_TEXT, TR_LANGUAGE) VALUES ('frontend', 'dashboard.general.last.uploaded.documents', 'Last uploaded documents', 'de-DE');
INSERT INTO OKM_TRANSLATION (TR_MODULE, TR_KEY, TR_TEXT, TR_LANGUAGE) VALUES ('frontend', 'dashboard.workflow.pending.tasks', 'Pending tasks', 'de-DE');
INSERT INTO OKM_TRANSLATION (TR_MODULE, TR_KEY, TR_TEXT, TR_LANGUAGE) VALUES ('frontend', 'dashboard.workflow.pending.tasks.unassigned', 'Unassigned pending tasks', 'de-DE');
INSERT INTO OKM_TRANSLATION (TR_MODULE, TR_KEY, TR_TEXT, TR_LANGUAGE) VALUES ('frontend', 'dashboard.workflow.task', 'Task', 'de-DE');
INSERT INTO OKM_TRANSLATION (TR_MODULE, TR_KEY, TR_TEXT, TR_LANGUAGE) VALUES ('frontend', 'dashboard.workflow.task.id', 'ID', 'de-DE');
INSERT INTO OKM_TRANSLATION (TR_MODULE, TR_KEY, TR_TEXT, TR_LANGUAGE) VALUES ('frontend', 'dashboard.workflow.task.name', 'Name', 'de-DE');
INSERT INTO OKM_TRANSLATION (TR_MODULE, TR_KEY, TR_TEXT, TR_LANGUAGE) VALUES ('frontend', 'dashboard.workflow.task.created', 'Creation date', 'de-DE');
INSERT INTO OKM_TRANSLATION (TR_MODULE, TR_KEY, TR_TEXT, TR_LANGUAGE) VALUES ('frontend', 'dashboard.workflow.task.start', 'Start date', 'de-DE');
INSERT INTO OKM_TRANSLATION (TR_MODULE, TR_KEY, TR_TEXT, TR_LANGUAGE) VALUES ('frontend', 'dashboard.workflow.task.duedate', 'Due date', 'de-DE');
INSERT INTO OKM_TRANSLATION (TR_MODULE, TR_KEY, TR_TEXT, TR_LANGUAGE) VALUES ('frontend', 'dashboard.workflow.task.end', 'End date', 'de-DE');
INSERT INTO OKM_TRANSLATION (TR_MODULE, TR_KEY, TR_TEXT, TR_LANGUAGE) VALUES ('frontend', 'dashboard.workflow.task.description', 'Description', 'de-DE');
INSERT INTO OKM_TRANSLATION (TR_MODULE, TR_KEY, TR_TEXT, TR_LANGUAGE) VALUES ('frontend', 'dashboard.workflow.task.process.instance', 'Process instance', 'de-DE');
INSERT INTO OKM_TRANSLATION (TR_MODULE, TR_KEY, TR_TEXT, TR_LANGUAGE) VALUES ('frontend', 'dashboard.workflow.task.process.id', 'ID', 'de-DE');
INSERT INTO OKM_TRANSLATION (TR_MODULE, TR_KEY, TR_TEXT, TR_LANGUAGE) VALUES ('frontend', 'dashboard.workflow.task.process.version', 'Version', 'de-DE');
INSERT INTO OKM_TRANSLATION (TR_MODULE, TR_KEY, TR_TEXT, TR_LANGUAGE) VALUES ('frontend', 'dashboard.workflow.task.process.name', 'Name', 'de-DE');
INSERT INTO OKM_TRANSLATION (TR_MODULE, TR_KEY, TR_TEXT, TR_LANGUAGE) VALUES ('frontend', 'dashboard.workflow.task.process.description', 'Description', 'de-DE');
INSERT INTO OKM_TRANSLATION (TR_MODULE, TR_KEY, TR_TEXT, TR_LANGUAGE) VALUES ('frontend', 'dashboard.workflow.task.process.data', 'Data', 'de-DE');
INSERT INTO OKM_TRANSLATION (TR_MODULE, TR_KEY, TR_TEXT, TR_LANGUAGE) VALUES ('frontend', 'dashboard.workflow.comments', 'Comments', 'de-DE');
INSERT INTO OKM_TRANSLATION (TR_MODULE, TR_KEY, TR_TEXT, TR_LANGUAGE) VALUES ('frontend', 'dashboard.workflow.task.process.forms', 'Form', 'de-DE');
INSERT INTO OKM_TRANSLATION (TR_MODULE, TR_KEY, TR_TEXT, TR_LANGUAGE) VALUES ('frontend', 'dashboard.workflow.add.comment', 'Add comment', 'de-DE');
INSERT INTO OKM_TRANSLATION (TR_MODULE, TR_KEY, TR_TEXT, TR_LANGUAGE) VALUES ('frontend', 'dashboard.workflow.task.process.definition', 'Process definition', 'de-DE');
INSERT INTO OKM_TRANSLATION (TR_MODULE, TR_KEY, TR_TEXT, TR_LANGUAGE) VALUES ('frontend', 'dashboard.workflow.task.process.path', 'Path', 'de-DE');
INSERT INTO OKM_TRANSLATION (TR_MODULE, TR_KEY, TR_TEXT, TR_LANGUAGE) VALUES ('frontend', 'dashboard.refreshing', 'Refreshing', 'de-DE');
INSERT INTO OKM_TRANSLATION (TR_MODULE, TR_KEY, TR_TEXT, TR_LANGUAGE) VALUES ('frontend', 'dashboard.keyword', 'Keywords', 'de-DE');
INSERT INTO OKM_TRANSLATION (TR_MODULE, TR_KEY, TR_TEXT, TR_LANGUAGE) VALUES ('frontend', 'dashboard.keyword.suggest', 'Type the keyword', 'de-DE');
INSERT INTO OKM_TRANSLATION (TR_MODULE, TR_KEY, TR_TEXT, TR_LANGUAGE) VALUES ('frontend', 'dashboard.keyword.all', 'All keywords', 'de-DE');
INSERT INTO OKM_TRANSLATION (TR_MODULE, TR_KEY, TR_TEXT, TR_LANGUAGE) VALUES ('frontend', 'dashboard.keyword.top', 'Top keywords', 'de-DE');
INSERT INTO OKM_TRANSLATION (TR_MODULE, TR_KEY, TR_TEXT, TR_LANGUAGE) VALUES ('frontend', 'dashboard.keyword.related', 'Related keywords', 'de-DE');
INSERT INTO OKM_TRANSLATION (TR_MODULE, TR_KEY, TR_TEXT, TR_LANGUAGE) VALUES ('frontend', 'dashboard.keyword.goto.document', 'Go to document', 'de-DE');
INSERT INTO OKM_TRANSLATION (TR_MODULE, TR_KEY, TR_TEXT, TR_LANGUAGE) VALUES ('frontend', 'dashboard.keyword.clean.keywords', 'Clean keywords', 'de-DE');
INSERT INTO OKM_TRANSLATION (TR_MODULE, TR_KEY, TR_TEXT, TR_LANGUAGE) VALUES ('frontend', 'dashboard.mail.last.imported.mails', 'Electronic mails', 'de-DE');
INSERT INTO OKM_TRANSLATION (TR_MODULE, TR_KEY, TR_TEXT, TR_LANGUAGE) VALUES ('frontend', 'dashboard.mail.last.imported.attached.documents', 'Attachments', 'de-DE');
INSERT INTO OKM_TRANSLATION (TR_MODULE, TR_KEY, TR_TEXT, TR_LANGUAGE) VALUES ('frontend', 'workflow.label', 'Start workflow', 'de-DE');
INSERT INTO OKM_TRANSLATION (TR_MODULE, TR_KEY, TR_TEXT, TR_LANGUAGE) VALUES ('frontend', 'user.preferences.label', 'User configuration', 'de-DE');
INSERT INTO OKM_TRANSLATION (TR_MODULE, TR_KEY, TR_TEXT, TR_LANGUAGE) VALUES ('frontend', 'user.preferences.user', 'User', 'de-DE');
INSERT INTO OKM_TRANSLATION (TR_MODULE, TR_KEY, TR_TEXT, TR_LANGUAGE) VALUES ('frontend', 'user.preferences.password', 'Password', 'de-DE');
INSERT INTO OKM_TRANSLATION (TR_MODULE, TR_KEY, TR_TEXT, TR_LANGUAGE) VALUES ('frontend', 'user.preferences.mail', 'E-mail', 'de-DE');
INSERT INTO OKM_TRANSLATION (TR_MODULE, TR_KEY, TR_TEXT, TR_LANGUAGE) VALUES ('frontend', 'user.preferences.roles', 'Roles', 'de-DE');
INSERT INTO OKM_TRANSLATION (TR_MODULE, TR_KEY, TR_TEXT, TR_LANGUAGE) VALUES ('frontend', 'user.preferences.imap.host', 'IMAP server', 'de-DE');
INSERT INTO OKM_TRANSLATION (TR_MODULE, TR_KEY, TR_TEXT, TR_LANGUAGE) VALUES ('frontend', 'user.preferences.imap.user', 'IMAP user name', 'de-DE');
INSERT INTO OKM_TRANSLATION (TR_MODULE, TR_KEY, TR_TEXT, TR_LANGUAGE) VALUES ('frontend', 'user.preferences.imap.user.password', 'IMAP user password', 'de-DE');
INSERT INTO OKM_TRANSLATION (TR_MODULE, TR_KEY, TR_TEXT, TR_LANGUAGE) VALUES ('frontend', 'user.preferences.imap.folder', 'IMAP folder', 'de-DE');
INSERT INTO OKM_TRANSLATION (TR_MODULE, TR_KEY, TR_TEXT, TR_LANGUAGE) VALUES ('frontend', 'user.preferences.password.error', 'Error: passwords are diferent', 'de-DE');
INSERT INTO OKM_TRANSLATION (TR_MODULE, TR_KEY, TR_TEXT, TR_LANGUAGE) VALUES ('frontend', 'user.preferences.user.data', 'User account', 'de-DE');
INSERT INTO OKM_TRANSLATION (TR_MODULE, TR_KEY, TR_TEXT, TR_LANGUAGE) VALUES ('frontend', 'user.preferences.mail.data', 'Mail account', 'de-DE');
INSERT INTO OKM_TRANSLATION (TR_MODULE, TR_KEY, TR_TEXT, TR_LANGUAGE) VALUES ('frontend', 'user.preferences.imap.error', 'All fields are obligatory to set the mail configurations', 'de-DE');
INSERT INTO OKM_TRANSLATION (TR_MODULE, TR_KEY, TR_TEXT, TR_LANGUAGE) VALUES ('frontend', 'user.preferences.imap.password.error.void', 'Password must not be empty on IMAP mail creation', 'de-DE');
INSERT INTO OKM_TRANSLATION (TR_MODULE, TR_KEY, TR_TEXT, TR_LANGUAGE) VALUES ('frontend', 'user.preferences.imap.test.error', 'IMAP configuration error', 'de-DE');
INSERT INTO OKM_TRANSLATION (TR_MODULE, TR_KEY, TR_TEXT, TR_LANGUAGE) VALUES ('frontend', 'user.preferences.imap.test.ok', 'IMAP configuration ok', 'de-DE');
INSERT INTO OKM_TRANSLATION (TR_MODULE, TR_KEY, TR_TEXT, TR_LANGUAGE) VALUES ('frontend', 'thesaurus.directory.select.label', 'Add thesaurus keyword', 'de-DE');
INSERT INTO OKM_TRANSLATION (TR_MODULE, TR_KEY, TR_TEXT, TR_LANGUAGE) VALUES ('frontend', 'thesaurus.tab.tree', 'Tree', 'de-DE');
INSERT INTO OKM_TRANSLATION (TR_MODULE, TR_KEY, TR_TEXT, TR_LANGUAGE) VALUES ('frontend', 'thesaurus.tab.keywords', 'Keywords', 'de-DE');
INSERT INTO OKM_TRANSLATION (TR_MODULE, TR_KEY, TR_TEXT, TR_LANGUAGE) VALUES ('frontend', 'categories.folder.select.label', 'Add category', 'de-DE');
INSERT INTO OKM_TRANSLATION (TR_MODULE, TR_KEY, TR_TEXT, TR_LANGUAGE) VALUES ('frontend', 'categories.folder.error.delete', 'Cannot delete category with documents', 'de-DE');
INSERT INTO OKM_TRANSLATION (TR_MODULE, TR_KEY, TR_TEXT, TR_LANGUAGE) VALUES ('frontend', 'wizard.document.uploading', 'Document wizard', 'de-DE');
INSERT INTO OKM_TRANSLATION (TR_MODULE, TR_KEY, TR_TEXT, TR_LANGUAGE) VALUES ('frontend', 'user.info.chat.connect', 'Connect to chat', 'de-DE');
INSERT INTO OKM_TRANSLATION (TR_MODULE, TR_KEY, TR_TEXT, TR_LANGUAGE) VALUES ('frontend', 'user.info.chat.disconnect', 'Disconnet chat', 'de-DE');
INSERT INTO OKM_TRANSLATION (TR_MODULE, TR_KEY, TR_TEXT, TR_LANGUAGE) VALUES ('frontend', 'user.info.chat.new.room', 'Net chat room', 'de-DE');
INSERT INTO OKM_TRANSLATION (TR_MODULE, TR_KEY, TR_TEXT, TR_LANGUAGE) VALUES ('frontend', 'user.info.locked.actual', 'Locked documents', 'de-DE');
INSERT INTO OKM_TRANSLATION (TR_MODULE, TR_KEY, TR_TEXT, TR_LANGUAGE) VALUES ('frontend', 'user.info.checkout.actual', 'Checkout documents', 'de-DE');
INSERT INTO OKM_TRANSLATION (TR_MODULE, TR_KEY, TR_TEXT, TR_LANGUAGE) VALUES ('frontend', 'user.info.subscription.actual', 'Actual subscriptions', 'de-DE');
INSERT INTO OKM_TRANSLATION (TR_MODULE, TR_KEY, TR_TEXT, TR_LANGUAGE) VALUES ('frontend', 'user.info.news.new', 'News', 'de-DE');
INSERT INTO OKM_TRANSLATION (TR_MODULE, TR_KEY, TR_TEXT, TR_LANGUAGE) VALUES ('frontend', 'user.info.workflow.pending', 'Pending workflows', 'de-DE');
INSERT INTO OKM_TRANSLATION (TR_MODULE, TR_KEY, TR_TEXT, TR_LANGUAGE) VALUES ('frontend', 'user.info.user.quota', 'Used quota', 'de-DE');
INSERT INTO OKM_TRANSLATION (TR_MODULE, TR_KEY, TR_TEXT, TR_LANGUAGE) VALUES ('frontend', 'user.online', 'Users online', 'de-DE');
INSERT INTO OKM_TRANSLATION (TR_MODULE, TR_KEY, TR_TEXT, TR_LANGUAGE) VALUES ('frontend', 'chat.room', 'Chat', 'de-DE');
INSERT INTO OKM_TRANSLATION (TR_MODULE, TR_KEY, TR_TEXT, TR_LANGUAGE) VALUES ('frontend', 'chat.users.in.room', 'Users', 'de-DE');
INSERT INTO OKM_TRANSLATION (TR_MODULE, TR_KEY, TR_TEXT, TR_LANGUAGE) VALUES ('frontend', 'OKM-017009', 'Zugriff auf Dokument verweigert', 'de-DE');
INSERT INTO OKM_TRANSLATION (TR_MODULE, TR_KEY, TR_TEXT, TR_LANGUAGE) VALUES ('frontend', 'OKM-017004', 'Dokument sperren verweigert', 'de-DE');
INSERT INTO OKM_TRANSLATION (TR_MODULE, TR_KEY, TR_TEXT, TR_LANGUAGE) VALUES ('frontend', 'OKM-017001', 'Interner Repositoriefehler', 'de-DE');
INSERT INTO OKM_TRANSLATION (TR_MODULE, TR_KEY, TR_TEXT, TR_LANGUAGE) VALUES ('frontend', 'OKM-017015', 'Dokumentpfad nicht gefunden', 'de-DE');
INSERT INTO OKM_TRANSLATION (TR_MODULE, TR_KEY, TR_TEXT, TR_LANGUAGE) VALUES ('frontend', 'OKM-017016', 'Version error', 'de-DE');
INSERT INTO OKM_TRANSLATION (TR_MODULE, TR_KEY, TR_TEXT, TR_LANGUAGE) VALUES ('frontend', 'OKM-002009', 'Zugriff auf Dokument verweigert', 'de-DE');
INSERT INTO OKM_TRANSLATION (TR_MODULE, TR_KEY, TR_TEXT, TR_LANGUAGE) VALUES ('frontend', 'OKM-002002', 'Dokument nicht gefunden', 'de-DE');
INSERT INTO OKM_TRANSLATION (TR_MODULE, TR_KEY, TR_TEXT, TR_LANGUAGE) VALUES ('frontend', 'OKM-002003', 'Dokument existiert bereits', 'de-DE');
INSERT INTO OKM_TRANSLATION (TR_MODULE, TR_KEY, TR_TEXT, TR_LANGUAGE) VALUES ('frontend', 'OKM-002004', 'Dokument sperren verweigert', 'de-DE');
INSERT INTO OKM_TRANSLATION (TR_MODULE, TR_KEY, TR_TEXT, TR_LANGUAGE) VALUES ('frontend', 'OKM-002004', 'Dokument Entsperen gewnscht', 'de-DE');
INSERT INTO OKM_TRANSLATION (TR_MODULE, TR_KEY, TR_TEXT, TR_LANGUAGE) VALUES ('frontend', 'OKM-002001', 'Interner Repositoriefehler', 'de-DE');
INSERT INTO OKM_TRANSLATION (TR_MODULE, TR_KEY, TR_TEXT, TR_LANGUAGE) VALUES ('frontend', 'OKM-002006', 'Interner Anwendungsfehler', 'de-DE');
INSERT INTO OKM_TRANSLATION (TR_MODULE, TR_KEY, TR_TEXT, TR_LANGUAGE) VALUES ('frontend', 'OKM-002015', 'Dokumentpfad nicht gefunden', 'de-DE');
INSERT INTO OKM_TRANSLATION (TR_MODULE, TR_KEY, TR_TEXT, TR_LANGUAGE) VALUES ('frontend', 'OKM-002024', 'Database error', 'de-DE');
INSERT INTO OKM_TRANSLATION (TR_MODULE, TR_KEY, TR_TEXT, TR_LANGUAGE) VALUES ('frontend', 'OKM-001009', 'Zugriff auf Ordner verweigert', 'de-DE');
INSERT INTO OKM_TRANSLATION (TR_MODULE, TR_KEY, TR_TEXT, TR_LANGUAGE) VALUES ('frontend', 'OKM-001002', 'Ordner nicht gefunden', 'de-DE');
INSERT INTO OKM_TRANSLATION (TR_MODULE, TR_KEY, TR_TEXT, TR_LANGUAGE) VALUES ('frontend', 'OKM-001003', 'Ordner existiert bereits', 'de-DE');
INSERT INTO OKM_TRANSLATION (TR_MODULE, TR_KEY, TR_TEXT, TR_LANGUAGE) VALUES ('frontend', 'OKM-001001', 'Interner Repositoriefehler', 'de-DE');
INSERT INTO OKM_TRANSLATION (TR_MODULE, TR_KEY, TR_TEXT, TR_LANGUAGE) VALUES ('frontend', 'OKM-001006', 'Interner Anwendungsfehler', 'de-DE');
INSERT INTO OKM_TRANSLATION (TR_MODULE, TR_KEY, TR_TEXT, TR_LANGUAGE) VALUES ('frontend', 'OKM-001015', 'Ordnerpfad nicht gefunden', 'de-DE');
INSERT INTO OKM_TRANSLATION (TR_MODULE, TR_KEY, TR_TEXT, TR_LANGUAGE) VALUES ('frontend', 'OKM-001024', 'Database error', 'de-DE');
INSERT INTO OKM_TRANSLATION (TR_MODULE, TR_KEY, TR_TEXT, TR_LANGUAGE) VALUES ('frontend', 'OKM-007009', 'Zugriff auf Element verweigert', 'de-DE');
INSERT INTO OKM_TRANSLATION (TR_MODULE, TR_KEY, TR_TEXT, TR_LANGUAGE) VALUES ('frontend', 'OKM-007002', 'Element nicht gefunden', 'de-DE');
INSERT INTO OKM_TRANSLATION (TR_MODULE, TR_KEY, TR_TEXT, TR_LANGUAGE) VALUES ('frontend', 'OKM-007001', 'Interner Repositoriefehler', 'de-DE');
INSERT INTO OKM_TRANSLATION (TR_MODULE, TR_KEY, TR_TEXT, TR_LANGUAGE) VALUES ('frontend', 'OKM-007006', 'Interner Anwendungsfehler ', 'de-DE');
INSERT INTO OKM_TRANSLATION (TR_MODULE, TR_KEY, TR_TEXT, TR_LANGUAGE) VALUES ('frontend', 'OKM-007024', 'Database error', 'de-DE');
INSERT INTO OKM_TRANSLATION (TR_MODULE, TR_KEY, TR_TEXT, TR_LANGUAGE) VALUES ('frontend', 'OKM-009002', 'Dokument nicht gefunden', 'de-DE');
INSERT INTO OKM_TRANSLATION (TR_MODULE, TR_KEY, TR_TEXT, TR_LANGUAGE) VALUES ('frontend', 'OKM-009006', 'Interner Anwendungsfehler', 'de-DE');
INSERT INTO OKM_TRANSLATION (TR_MODULE, TR_KEY, TR_TEXT, TR_LANGUAGE) VALUES ('frontend', 'OKM-005010', 'Nicht untersttztes Dateiformat', 'de-DE');
INSERT INTO OKM_TRANSLATION (TR_MODULE, TR_KEY, TR_TEXT, TR_LANGUAGE) VALUES ('frontend', 'OKM-005003', 'Dokument existiert bereits', 'de-DE');
INSERT INTO OKM_TRANSLATION (TR_MODULE, TR_KEY, TR_TEXT, TR_LANGUAGE) VALUES ('frontend', 'OKM-005011', 'zulssige maximale Dokumentgre berschritten', 'de-DE');
INSERT INTO OKM_TRANSLATION (TR_MODULE, TR_KEY, TR_TEXT, TR_LANGUAGE) VALUES ('frontend', 'OKM-005027', 'Document name is diferent', 'de-DE');
INSERT INTO OKM_TRANSLATION (TR_MODULE, TR_KEY, TR_TEXT, TR_LANGUAGE) VALUES ('frontend', 'OKM-004001', 'Sitzung geschlossen', 'de-DE');
INSERT INTO OKM_TRANSLATION (TR_MODULE, TR_KEY, TR_TEXT, TR_LANGUAGE) VALUES ('frontend', 'OKM-004024', 'Database error', 'de-DE');
INSERT INTO OKM_TRANSLATION (TR_MODULE, TR_KEY, TR_TEXT, TR_LANGUAGE) VALUES ('frontend', 'OKM-008001', 'Generic error executing query', 'de-DE');
INSERT INTO OKM_TRANSLATION (TR_MODULE, TR_KEY, TR_TEXT, TR_LANGUAGE) VALUES ('frontend', 'OKM-008003', 'Der Name der gespeicherten Suche mu eindeutig sein.', 'de-DE');
INSERT INTO OKM_TRANSLATION (TR_MODULE, TR_KEY, TR_TEXT, TR_LANGUAGE) VALUES ('frontend', 'OKM-008024', 'Database error', 'de-DE');
INSERT INTO OKM_TRANSLATION (TR_MODULE, TR_KEY, TR_TEXT, TR_LANGUAGE) VALUES ('frontend', 'OKM-011003', 'Der Name des Lesezeichens mu eindeutig sein.', 'de-DE');
INSERT INTO OKM_TRANSLATION (TR_MODULE, TR_KEY, TR_TEXT, TR_LANGUAGE) VALUES ('frontend', 'OKM-003017', 'Session lost', 'de-DE');
INSERT INTO OKM_TRANSLATION (TR_MODULE, TR_KEY, TR_TEXT, TR_LANGUAGE) VALUES ('frontend', 'OKM-013001', 'Interner Repositoriefehler', 'de-DE');
INSERT INTO OKM_TRANSLATION (TR_MODULE, TR_KEY, TR_TEXT, TR_LANGUAGE) VALUES ('frontend', 'OKM-013024', 'Database error', 'de-DE');
INSERT INTO OKM_TRANSLATION (TR_MODULE, TR_KEY, TR_TEXT, TR_LANGUAGE) VALUES ('frontend', 'OKM-014001', 'Interner Repositoriefehler', 'de-DE');
INSERT INTO OKM_TRANSLATION (TR_MODULE, TR_KEY, TR_TEXT, TR_LANGUAGE) VALUES ('frontend', 'OKM-014013', 'Error on I/O', 'de-DE');
INSERT INTO OKM_TRANSLATION (TR_MODULE, TR_KEY, TR_TEXT, TR_LANGUAGE) VALUES ('frontend', 'OKM-015001', 'Interner Repositoriefehler', 'de-DE');
INSERT INTO OKM_TRANSLATION (TR_MODULE, TR_KEY, TR_TEXT, TR_LANGUAGE) VALUES ('frontend', 'OKM-015024', 'Database error', 'de-DE');
INSERT INTO OKM_TRANSLATION (TR_MODULE, TR_KEY, TR_TEXT, TR_LANGUAGE) VALUES ('frontend', 'OKM-018022', 'Error in browser configuration', 'de-DE');
INSERT INTO OKM_TRANSLATION (TR_MODULE, TR_KEY, TR_TEXT, TR_LANGUAGE) VALUES ('frontend', 'OKM-018023', 'Error user quota exceed,  contact with adminitrator ', 'de-DE');
INSERT INTO OKM_TRANSLATION (TR_MODULE, TR_KEY, TR_TEXT, TR_LANGUAGE) VALUES ('frontend', 'OKM-016009', 'Document access denied', 'de-DE');
INSERT INTO OKM_TRANSLATION (TR_MODULE, TR_KEY, TR_TEXT, TR_LANGUAGE) VALUES ('frontend', 'OKM-016002', 'Document not found', 'de-DE');
INSERT INTO OKM_TRANSLATION (TR_MODULE, TR_KEY, TR_TEXT, TR_LANGUAGE) VALUES ('frontend', 'OKM-016003', 'Document already exists', 'de-DE');
INSERT INTO OKM_TRANSLATION (TR_MODULE, TR_KEY, TR_TEXT, TR_LANGUAGE) VALUES ('frontend', 'OKM-016004', 'Document lock denied', 'de-DE');
INSERT INTO OKM_TRANSLATION (TR_MODULE, TR_KEY, TR_TEXT, TR_LANGUAGE) VALUES ('frontend', 'OKM-016001', 'Repository internal error', 'de-DE');
INSERT INTO OKM_TRANSLATION (TR_MODULE, TR_KEY, TR_TEXT, TR_LANGUAGE) VALUES ('frontend', 'OKM-016006', 'Application internal error', 'de-DE');
INSERT INTO OKM_TRANSLATION (TR_MODULE, TR_KEY, TR_TEXT, TR_LANGUAGE) VALUES ('frontend', 'OKM-016015', 'Document path not found', 'de-DE');
INSERT INTO OKM_TRANSLATION (TR_MODULE, TR_KEY, TR_TEXT, TR_LANGUAGE) VALUES ('frontend', 'OKM-016024', 'Database error', 'de-DE');
INSERT INTO OKM_TRANSLATION (TR_MODULE, TR_KEY, TR_TEXT, TR_LANGUAGE) VALUES ('frontend', 'OKM-010015', 'Path not found', 'de-DE');
INSERT INTO OKM_TRANSLATION (TR_MODULE, TR_KEY, TR_TEXT, TR_LANGUAGE) VALUES ('frontend', 'OKM-010009', 'Access denied', 'de-DE');
INSERT INTO OKM_TRANSLATION (TR_MODULE, TR_KEY, TR_TEXT, TR_LANGUAGE) VALUES ('frontend', 'OKM-010001', 'Repository internal error', 'de-DE');
INSERT INTO OKM_TRANSLATION (TR_MODULE, TR_KEY, TR_TEXT, TR_LANGUAGE) VALUES ('frontend', 'OKM-010024', 'Database error', 'de-DE');
INSERT INTO OKM_TRANSLATION (TR_MODULE, TR_KEY, TR_TEXT, TR_LANGUAGE) VALUES ('frontend', 'OKM-010006', 'Application internal error ', 'de-DE');
INSERT INTO OKM_TRANSLATION (TR_MODULE, TR_KEY, TR_TEXT, TR_LANGUAGE) VALUES ('frontend', 'OKM-009004', 'Locked', 'de-DE');
INSERT INTO OKM_TRANSLATION (TR_MODULE, TR_KEY, TR_TEXT, TR_LANGUAGE) VALUES ('frontend', 'OKM-009015', 'Path not exist', 'de-DE');
INSERT INTO OKM_TRANSLATION (TR_MODULE, TR_KEY, TR_TEXT, TR_LANGUAGE) VALUES ('frontend', 'OKM-009009', 'Access denied', 'de-DE');
INSERT INTO OKM_TRANSLATION (TR_MODULE, TR_KEY, TR_TEXT, TR_LANGUAGE) VALUES ('frontend', 'OKM-009001', 'Repository internal error', 'de-DE');
INSERT INTO OKM_TRANSLATION (TR_MODULE, TR_KEY, TR_TEXT, TR_LANGUAGE) VALUES ('frontend', 'OKM-009024', 'Database error', 'de-DE');
INSERT INTO OKM_TRANSLATION (TR_MODULE, TR_KEY, TR_TEXT, TR_LANGUAGE) VALUES ('frontend', 'OKM-009006', 'Application internal error', 'de-DE');
INSERT INTO OKM_TRANSLATION (TR_MODULE, TR_KEY, TR_TEXT, TR_LANGUAGE) VALUES ('frontend', 'OKM-009012', 'Group not exists', 'de-DE');
INSERT INTO OKM_TRANSLATION (TR_MODULE, TR_KEY, TR_TEXT, TR_LANGUAGE) VALUES ('frontend', 'OKM-009014', 'Property not exists', 'de-DE');
INSERT INTO OKM_TRANSLATION (TR_MODULE, TR_KEY, TR_TEXT, TR_LANGUAGE) VALUES ('frontend', 'OKM-009013', 'Error on I/O', 'de-DE');
INSERT INTO OKM_TRANSLATION (TR_MODULE, TR_KEY, TR_TEXT, TR_LANGUAGE) VALUES ('frontend', 'OKM-012001', 'Repository internal error', 'de-DE');
INSERT INTO OKM_TRANSLATION (TR_MODULE, TR_KEY, TR_TEXT, TR_LANGUAGE) VALUES ('frontend', 'OKM-012006', 'Application internal error', 'de-DE');
INSERT INTO OKM_TRANSLATION (TR_MODULE, TR_KEY, TR_TEXT, TR_LANGUAGE) VALUES ('frontend', 'OKM-012015', 'Path not exist', 'de-DE');
INSERT INTO OKM_TRANSLATION (TR_MODULE, TR_KEY, TR_TEXT, TR_LANGUAGE) VALUES ('frontend', 'OKM-012024', 'Database error', 'de-DE');
INSERT INTO OKM_TRANSLATION (TR_MODULE, TR_KEY, TR_TEXT, TR_LANGUAGE) VALUES ('frontend', 'OKM-012009', 'Access denied', 'de-DE');
INSERT INTO OKM_TRANSLATION (TR_MODULE, TR_KEY, TR_TEXT, TR_LANGUAGE) VALUES ('frontend', 'OKM-019001', 'Repository internal error', 'de-DE');
INSERT INTO OKM_TRANSLATION (TR_MODULE, TR_KEY, TR_TEXT, TR_LANGUAGE) VALUES ('frontend', 'OKM-019006', 'Application internal error', 'de-DE');
INSERT INTO OKM_TRANSLATION (TR_MODULE, TR_KEY, TR_TEXT, TR_LANGUAGE) VALUES ('frontend', 'OKM-019024', 'Database error', 'de-DE');
insert into OKM_LANGUAGE (LG_ID, LG_NAME, LG_IMAGE_CONTENT, LG_IMAGE_MIME) values ('nl-BE', 'Dutch', 'R0lGODlhEAALANUAAAABdP7+/jRusgAhj/picxZYp/UAAPLy8vr6+vj4+Pb29v56iVqKw/1da0V7ujpytSpmrusAAGSSx/pCUftUZP11gwAAR/96hgAAWe7v7yFgq0J3tw1Rokt/vAAAPFCCv1SFwS9qrtHR0fk8Tf6CkdXV1ftqevcxQvg3Rz52uPxMWvVWavZabv8VMflXaP5ZZ3eezv6XpC5qsvYsPPv7+/pQX/5/j/htfvlIV/T19fxwgPX19fz8/P0AAPT09P8AACH5BAAAAAAALAAAAAAQAAsAAAaFwJ/w1ysWDUhkJPJbLC6Vis5kIhAaLkqNeWk0XloVbjJCnWa4SCtGsjmltyqBtbpFDoE8j0dDIBIJCjs+OyUZenx+gII+Bzkih3t9f4GDBwc+IgMwDCAfHQ4bDwIhEBAaGxYAEg4pozKnGgUFHBwhHqsMnZ+hrgKkELgAwxjFxRbIHsoeQQA7', 'image/gif');
INSERT INTO OKM_TRANSLATION (TR_MODULE, TR_KEY, TR_TEXT, TR_LANGUAGE) VALUES ('frontend', 'general.date.pattern', 'dd/MM/yyyy hh:mm:ss', 'nl-BE');
INSERT INTO OKM_TRANSLATION (TR_MODULE, TR_KEY, TR_TEXT, TR_LANGUAGE) VALUES ('frontend', 'general.day.pattern', 'dd/MM/yyyy', 'nl-BE');
INSERT INTO OKM_TRANSLATION (TR_MODULE, TR_KEY, TR_TEXT, TR_LANGUAGE) VALUES ('frontend', 'general.hour.pattern', 'HH:mm:ss', 'nl-BE');
INSERT INTO OKM_TRANSLATION (TR_MODULE, TR_KEY, TR_TEXT, TR_LANGUAGE) VALUES ('frontend', 'startup.openkm', 'OpenKM laden', 'nl-BE');
INSERT INTO OKM_TRANSLATION (TR_MODULE, TR_KEY, TR_TEXT, TR_LANGUAGE) VALUES ('frontend', 'startup.starting.loading', 'Starten met laden van OpenKM', 'nl-BE');
INSERT INTO OKM_TRANSLATION (TR_MODULE, TR_KEY, TR_TEXT, TR_LANGUAGE) VALUES ('frontend', 'startup.taxonomy', 'Taxonomie root node ophalen', 'nl-BE');
INSERT INTO OKM_TRANSLATION (TR_MODULE, TR_KEY, TR_TEXT, TR_LANGUAGE) VALUES ('frontend', 'startup.categories', 'Getting categories root node', 'nl-BE');
INSERT INTO OKM_TRANSLATION (TR_MODULE, TR_KEY, TR_TEXT, TR_LANGUAGE) VALUES ('frontend', 'startup.thesaurus', 'Getting thesaurus root node', 'nl-BE');
INSERT INTO OKM_TRANSLATION (TR_MODULE, TR_KEY, TR_TEXT, TR_LANGUAGE) VALUES ('frontend', 'startup.template', 'Template root node ophalen', 'nl-BE');
INSERT INTO OKM_TRANSLATION (TR_MODULE, TR_KEY, TR_TEXT, TR_LANGUAGE) VALUES ('frontend', 'startup.personal', 'Persoonlijke root node ophalen', 'nl-BE');
INSERT INTO OKM_TRANSLATION (TR_MODULE, TR_KEY, TR_TEXT, TR_LANGUAGE) VALUES ('frontend', 'startup.mail', 'e-mail root node ophalen', 'nl-BE');
INSERT INTO OKM_TRANSLATION (TR_MODULE, TR_KEY, TR_TEXT, TR_LANGUAGE) VALUES ('frontend', 'startup.trash', 'Prullenbak root node ophalen', 'nl-BE');
INSERT INTO OKM_TRANSLATION (TR_MODULE, TR_KEY, TR_TEXT, TR_LANGUAGE) VALUES ('frontend', 'startup.user.home', 'Gebruiker thuis node ophalen', 'nl-BE');
INSERT INTO OKM_TRANSLATION (TR_MODULE, TR_KEY, TR_TEXT, TR_LANGUAGE) VALUES ('frontend', 'startup.bookmarks', 'Favorieten ophalen', 'nl-BE');
INSERT INTO OKM_TRANSLATION (TR_MODULE, TR_KEY, TR_TEXT, TR_LANGUAGE) VALUES ('frontend', 'startup.loading.taxonomy', 'Taxonomie laden', 'nl-BE');
INSERT INTO OKM_TRANSLATION (TR_MODULE, TR_KEY, TR_TEXT, TR_LANGUAGE) VALUES ('frontend', 'startup.loading.taxonomy.getting.folders', 'Taxonomie - Mappen ophalen', 'nl-BE');
INSERT INTO OKM_TRANSLATION (TR_MODULE, TR_KEY, TR_TEXT, TR_LANGUAGE) VALUES ('frontend', 'startup.loading.taxonomy.eval.params', 'Taxonomie - Browser params evalueren', 'nl-BE');
INSERT INTO OKM_TRANSLATION (TR_MODULE, TR_KEY, TR_TEXT, TR_LANGUAGE) VALUES ('frontend', 'startup.loading.taxonomy.open.path', 'Taxonomie - Paden openen', 'nl-BE');
INSERT INTO OKM_TRANSLATION (TR_MODULE, TR_KEY, TR_TEXT, TR_LANGUAGE) VALUES ('frontend', 'startup.loading.taxonomy.getting.filebrowser.folders', 'Taxonomie - Bestandsbrowser mappen ophalen', 'nl-BE');
INSERT INTO OKM_TRANSLATION (TR_MODULE, TR_KEY, TR_TEXT, TR_LANGUAGE) VALUES ('frontend', 'startup.loading.taxonomy.getting.filebrowser.documents', 'Taxonomie - Bestandsbrowser documenten ophalen', 'nl-BE');
INSERT INTO OKM_TRANSLATION (TR_MODULE, TR_KEY, TR_TEXT, TR_LANGUAGE) VALUES ('frontend', 'startup.loading.taxonomy.getting.filebrowser.mails', 'Taxonomie - e-mails ophalen', 'nl-BE');
INSERT INTO OKM_TRANSLATION (TR_MODULE, TR_KEY, TR_TEXT, TR_LANGUAGE) VALUES ('frontend', 'startup.loading.personal', 'Persoonlijk laden', 'nl-BE');
INSERT INTO OKM_TRANSLATION (TR_MODULE, TR_KEY, TR_TEXT, TR_LANGUAGE) VALUES ('frontend', 'startup.loading.mail', 'e-mails laden', 'nl-BE');
INSERT INTO OKM_TRANSLATION (TR_MODULE, TR_KEY, TR_TEXT, TR_LANGUAGE) VALUES ('frontend', 'startup.loading.categories', 'Loading categories', 'nl-BE');
INSERT INTO OKM_TRANSLATION (TR_MODULE, TR_KEY, TR_TEXT, TR_LANGUAGE) VALUES ('frontend', 'startup.loading.thesaurus', 'Loading thesaurus', 'nl-BE');
INSERT INTO OKM_TRANSLATION (TR_MODULE, TR_KEY, TR_TEXT, TR_LANGUAGE) VALUES ('frontend', 'startup.loading.templates', 'Templates laden', 'nl-BE');
INSERT INTO OKM_TRANSLATION (TR_MODULE, TR_KEY, TR_TEXT, TR_LANGUAGE) VALUES ('frontend', 'startup.loading.trash', 'Prullenbak laden', 'nl-BE');
INSERT INTO OKM_TRANSLATION (TR_MODULE, TR_KEY, TR_TEXT, TR_LANGUAGE) VALUES ('frontend', 'startup.loading.history.search', 'Historische zoekopdrachten laden', 'nl-BE');
INSERT INTO OKM_TRANSLATION (TR_MODULE, TR_KEY, TR_TEXT, TR_LANGUAGE) VALUES ('frontend', 'startup.loading.user.values', 'Gebruikers waarden laden', 'nl-BE');
INSERT INTO OKM_TRANSLATION (TR_MODULE, TR_KEY, TR_TEXT, TR_LANGUAGE) VALUES ('frontend', 'startup.keep.alive', 'keep alive laden', 'nl-BE');
INSERT INTO OKM_TRANSLATION (TR_MODULE, TR_KEY, TR_TEXT, TR_LANGUAGE) VALUES ('frontend', 'openkm.update.available', 'OpenKM update beschikbaar', 'nl-BE');
INSERT INTO OKM_TRANSLATION (TR_MODULE, TR_KEY, TR_TEXT, TR_LANGUAGE) VALUES ('frontend', 'leftpanel.label.taxonomy', 'Taxonomie', 'nl-BE');
INSERT INTO OKM_TRANSLATION (TR_MODULE, TR_KEY, TR_TEXT, TR_LANGUAGE) VALUES ('frontend', 'leftpanel.label.trash', 'Prullenbak', 'nl-BE');
INSERT INTO OKM_TRANSLATION (TR_MODULE, TR_KEY, TR_TEXT, TR_LANGUAGE) VALUES ('frontend', 'leftpanel.label.mail', 'E-mail', 'nl-BE');
INSERT INTO OKM_TRANSLATION (TR_MODULE, TR_KEY, TR_TEXT, TR_LANGUAGE) VALUES ('frontend', 'leftpanel.label.stored.search', 'Opgeslagen zoekopdrachten', 'nl-BE');
INSERT INTO OKM_TRANSLATION (TR_MODULE, TR_KEY, TR_TEXT, TR_LANGUAGE) VALUES ('frontend', 'leftpanel.label.categories', 'Categories', 'nl-BE');
INSERT INTO OKM_TRANSLATION (TR_MODULE, TR_KEY, TR_TEXT, TR_LANGUAGE) VALUES ('frontend', 'leftpanel.label.thesaurus', 'Thesaurus', 'nl-BE');
INSERT INTO OKM_TRANSLATION (TR_MODULE, TR_KEY, TR_TEXT, TR_LANGUAGE) VALUES ('frontend', 'leftpanel.label.templates', 'Templates', 'nl-BE');
INSERT INTO OKM_TRANSLATION (TR_MODULE, TR_KEY, TR_TEXT, TR_LANGUAGE) VALUES ('frontend', 'leftpanel.label.my.documents', 'Mijn documenten', 'nl-BE');
INSERT INTO OKM_TRANSLATION (TR_MODULE, TR_KEY, TR_TEXT, TR_LANGUAGE) VALUES ('frontend', 'leftpanel.label.user.search', 'Gebruiker zoeken', 'nl-BE');
INSERT INTO OKM_TRANSLATION (TR_MODULE, TR_KEY, TR_TEXT, TR_LANGUAGE) VALUES ('frontend', 'leftpanel.label.all.repository', 'Alle repositories', 'nl-BE');
INSERT INTO OKM_TRANSLATION (TR_MODULE, TR_KEY, TR_TEXT, TR_LANGUAGE) VALUES ('frontend', 'tree.menu.directory.create', 'Maak map', 'nl-BE');
INSERT INTO OKM_TRANSLATION (TR_MODULE, TR_KEY, TR_TEXT, TR_LANGUAGE) VALUES ('frontend', 'tree.menu.directory.remove', 'Verwijder', 'nl-BE');
INSERT INTO OKM_TRANSLATION (TR_MODULE, TR_KEY, TR_TEXT, TR_LANGUAGE) VALUES ('frontend', 'tree.menu.directory.rename', 'Hernoem', 'nl-BE');
INSERT INTO OKM_TRANSLATION (TR_MODULE, TR_KEY, TR_TEXT, TR_LANGUAGE) VALUES ('frontend', 'tree.menu.directory.refresh', 'Ververs', 'nl-BE');
INSERT INTO OKM_TRANSLATION (TR_MODULE, TR_KEY, TR_TEXT, TR_LANGUAGE) VALUES ('frontend', 'tree.menu.directory.move', 'Verplaats', 'nl-BE');
INSERT INTO OKM_TRANSLATION (TR_MODULE, TR_KEY, TR_TEXT, TR_LANGUAGE) VALUES ('frontend', 'tree.menu.directory.copy', 'Kopier', 'nl-BE');
INSERT INTO OKM_TRANSLATION (TR_MODULE, TR_KEY, TR_TEXT, TR_LANGUAGE) VALUES ('frontend', 'tree.menu.directory.add.document', 'Bestand toevoegen', 'nl-BE');
INSERT INTO OKM_TRANSLATION (TR_MODULE, TR_KEY, TR_TEXT, TR_LANGUAGE) VALUES ('frontend', 'tree.menu.add.bookmark', 'Add bookmark', 'nl-BE');
INSERT INTO OKM_TRANSLATION (TR_MODULE, TR_KEY, TR_TEXT, TR_LANGUAGE) VALUES ('frontend', 'tree.menu.set.home', 'Set default home', 'nl-BE');
INSERT INTO OKM_TRANSLATION (TR_MODULE, TR_KEY, TR_TEXT, TR_LANGUAGE) VALUES ('frontend', 'tree.menu.export', 'Export to file', 'nl-BE');
INSERT INTO OKM_TRANSLATION (TR_MODULE, TR_KEY, TR_TEXT, TR_LANGUAGE) VALUES ('frontend', 'tree.status.refresh.folder', 'Boomstructuur verversen', 'nl-BE');
INSERT INTO OKM_TRANSLATION (TR_MODULE, TR_KEY, TR_TEXT, TR_LANGUAGE) VALUES ('frontend', 'tree.status.refresh.create', 'Map aanmaken', 'nl-BE');
INSERT INTO OKM_TRANSLATION (TR_MODULE, TR_KEY, TR_TEXT, TR_LANGUAGE) VALUES ('frontend', 'tree.status.refresh.delete', 'Map wissen', 'nl-BE');
INSERT INTO OKM_TRANSLATION (TR_MODULE, TR_KEY, TR_TEXT, TR_LANGUAGE) VALUES ('frontend', 'tree.status.refresh.rename', 'Map hernoemen', 'nl-BE');
INSERT INTO OKM_TRANSLATION (TR_MODULE, TR_KEY, TR_TEXT, TR_LANGUAGE) VALUES ('frontend', 'tree.status.refresh.restore', 'Map terugplaatsen', 'nl-BE');
INSERT INTO OKM_TRANSLATION (TR_MODULE, TR_KEY, TR_TEXT, TR_LANGUAGE) VALUES ('frontend', 'tree.status.refresh.purge', 'Map verwijderen', 'nl-BE');
INSERT INTO OKM_TRANSLATION (TR_MODULE, TR_KEY, TR_TEXT, TR_LANGUAGE) VALUES ('frontend', 'tree.status.refresh.get', 'Map verversen', 'nl-BE');
INSERT INTO OKM_TRANSLATION (TR_MODULE, TR_KEY, TR_TEXT, TR_LANGUAGE) VALUES ('frontend', 'tree.folder.new', 'Nieuwe map', 'nl-BE');
INSERT INTO OKM_TRANSLATION (TR_MODULE, TR_KEY, TR_TEXT, TR_LANGUAGE) VALUES ('frontend', 'tree.status.refresh.add.subscription', 'Adding subscription', 'nl-BE');
INSERT INTO OKM_TRANSLATION (TR_MODULE, TR_KEY, TR_TEXT, TR_LANGUAGE) VALUES ('frontend', 'tree.status.refresh.remove.subscription', 'Deleting subscription', 'nl-BE');
INSERT INTO OKM_TRANSLATION (TR_MODULE, TR_KEY, TR_TEXT, TR_LANGUAGE) VALUES ('frontend', 'tree.status.refresh.get.root', 'Refreshing root folder', 'nl-BE');
INSERT INTO OKM_TRANSLATION (TR_MODULE, TR_KEY, TR_TEXT, TR_LANGUAGE) VALUES ('frontend', 'tree.status.refresh.get.keywords', 'Refreshing keywords', 'nl-BE');
INSERT INTO OKM_TRANSLATION (TR_MODULE, TR_KEY, TR_TEXT, TR_LANGUAGE) VALUES ('frontend', 'tree.status.refresh.get.user.home', 'Getting user home', 'nl-BE');
INSERT INTO OKM_TRANSLATION (TR_MODULE, TR_KEY, TR_TEXT, TR_LANGUAGE) VALUES ('frontend', 'tree.status.refresh.purge.trash', 'Cleaning trash', 'nl-BE');
INSERT INTO OKM_TRANSLATION (TR_MODULE, TR_KEY, TR_TEXT, TR_LANGUAGE) VALUES ('frontend', 'tree.menu.directory.find.folder', 'Find folder', 'nl-BE');
INSERT INTO OKM_TRANSLATION (TR_MODULE, TR_KEY, TR_TEXT, TR_LANGUAGE) VALUES ('frontend', 'trash.menu.directory.restore', 'Terugplaatsen', 'nl-BE');
INSERT INTO OKM_TRANSLATION (TR_MODULE, TR_KEY, TR_TEXT, TR_LANGUAGE) VALUES ('frontend', 'trash.menu.directory.purge', 'Verwijderen', 'nl-BE');
INSERT INTO OKM_TRANSLATION (TR_MODULE, TR_KEY, TR_TEXT, TR_LANGUAGE) VALUES ('frontend', 'trash.menu.directory.purge.trash', 'Prullenbak leegmaken', 'nl-BE');
INSERT INTO OKM_TRANSLATION (TR_MODULE, TR_KEY, TR_TEXT, TR_LANGUAGE) VALUES ('frontend', 'trash.directory.select.label', 'Kies te verplaatsen map', 'nl-BE');
INSERT INTO OKM_TRANSLATION (TR_MODULE, TR_KEY, TR_TEXT, TR_LANGUAGE) VALUES ('frontend', 'general.menu.file', 'Bestand', 'nl-BE');
INSERT INTO OKM_TRANSLATION (TR_MODULE, TR_KEY, TR_TEXT, TR_LANGUAGE) VALUES ('frontend', 'general.menu.file.exit', 'Afsluiten', 'nl-BE');
INSERT INTO OKM_TRANSLATION (TR_MODULE, TR_KEY, TR_TEXT, TR_LANGUAGE) VALUES ('frontend', 'general.menu.file.purge.trash', 'Prullenbak leegmaken', 'nl-BE');
INSERT INTO OKM_TRANSLATION (TR_MODULE, TR_KEY, TR_TEXT, TR_LANGUAGE) VALUES ('frontend', 'general.menu.edit', 'Bewerken', 'nl-BE');
INSERT INTO OKM_TRANSLATION (TR_MODULE, TR_KEY, TR_TEXT, TR_LANGUAGE) VALUES ('frontend', 'general.menu.file.create.directory', 'Maak map', 'nl-BE');
INSERT INTO OKM_TRANSLATION (TR_MODULE, TR_KEY, TR_TEXT, TR_LANGUAGE) VALUES ('frontend', 'general.menu.file.download.document', 'Download document', 'nl-BE');
INSERT INTO OKM_TRANSLATION (TR_MODULE, TR_KEY, TR_TEXT, TR_LANGUAGE) VALUES ('frontend', 'general.menu.file.download.document.pdf', 'Download document als PDF', 'nl-BE');
INSERT INTO OKM_TRANSLATION (TR_MODULE, TR_KEY, TR_TEXT, TR_LANGUAGE) VALUES ('frontend', 'general.menu.file.send.link', 'Verstuur document link', 'nl-BE');
INSERT INTO OKM_TRANSLATION (TR_MODULE, TR_KEY, TR_TEXT, TR_LANGUAGE) VALUES ('frontend', 'general.menu.file.send.attachment', 'Send document attachment', 'nl-BE');
INSERT INTO OKM_TRANSLATION (TR_MODULE, TR_KEY, TR_TEXT, TR_LANGUAGE) VALUES ('frontend', 'general.menu.file.lock', 'Bescherm', 'nl-BE');
INSERT INTO OKM_TRANSLATION (TR_MODULE, TR_KEY, TR_TEXT, TR_LANGUAGE) VALUES ('frontend', 'general.menu.file.unlock', 'Vrijgeven', 'nl-BE');
INSERT INTO OKM_TRANSLATION (TR_MODULE, TR_KEY, TR_TEXT, TR_LANGUAGE) VALUES ('frontend', 'general.menu.file.add.document', 'Bestand toevoegen', 'nl-BE');
INSERT INTO OKM_TRANSLATION (TR_MODULE, TR_KEY, TR_TEXT, TR_LANGUAGE) VALUES ('frontend', 'general.menu.file.checkout', 'Uithalen', 'nl-BE');
INSERT INTO OKM_TRANSLATION (TR_MODULE, TR_KEY, TR_TEXT, TR_LANGUAGE) VALUES ('frontend', 'general.menu.file.checkin', 'Inleveren', 'nl-BE');
INSERT INTO OKM_TRANSLATION (TR_MODULE, TR_KEY, TR_TEXT, TR_LANGUAGE) VALUES ('frontend', 'general.menu.file.cancel.checkout', 'Uithalen annuleren', 'nl-BE');
INSERT INTO OKM_TRANSLATION (TR_MODULE, TR_KEY, TR_TEXT, TR_LANGUAGE) VALUES ('frontend', 'general.menu.file.delete', 'Wis', 'nl-BE');
INSERT INTO OKM_TRANSLATION (TR_MODULE, TR_KEY, TR_TEXT, TR_LANGUAGE) VALUES ('frontend', 'general.menu.file.refresh', 'Ververs', 'nl-BE');
INSERT INTO OKM_TRANSLATION (TR_MODULE, TR_KEY, TR_TEXT, TR_LANGUAGE) VALUES ('frontend', 'general.menu.file.scanner', 'Scanner', 'nl-BE');
INSERT INTO OKM_TRANSLATION (TR_MODULE, TR_KEY, TR_TEXT, TR_LANGUAGE) VALUES ('frontend', 'general.menu.file.uploader', 'File uploader', 'nl-BE');
INSERT INTO OKM_TRANSLATION (TR_MODULE, TR_KEY, TR_TEXT, TR_LANGUAGE) VALUES ('frontend', 'general.menu.tools', 'Gereedschappen', 'nl-BE');
INSERT INTO OKM_TRANSLATION (TR_MODULE, TR_KEY, TR_TEXT, TR_LANGUAGE) VALUES ('frontend', 'general.menu.tools.languages', 'Talen', 'nl-BE');
INSERT INTO OKM_TRANSLATION (TR_MODULE, TR_KEY, TR_TEXT, TR_LANGUAGE) VALUES ('frontend', 'general.menu.tools.skin', 'Huid', 'nl-BE');
INSERT INTO OKM_TRANSLATION (TR_MODULE, TR_KEY, TR_TEXT, TR_LANGUAGE) VALUES ('frontend', 'general.menu.tools.skin.default', 'Standaard', 'nl-BE');
INSERT INTO OKM_TRANSLATION (TR_MODULE, TR_KEY, TR_TEXT, TR_LANGUAGE) VALUES ('frontend', 'general.menu.tools.skin.default2', 'Standaard 2', 'nl-BE');
INSERT INTO OKM_TRANSLATION (TR_MODULE, TR_KEY, TR_TEXT, TR_LANGUAGE) VALUES ('frontend', 'general.menu.tools.skin.mediumfont', 'Medium font', 'nl-BE');
INSERT INTO OKM_TRANSLATION (TR_MODULE, TR_KEY, TR_TEXT, TR_LANGUAGE) VALUES ('frontend', 'general.menu.tools.skin.bigfont', 'Big font', 'nl-BE');
INSERT INTO OKM_TRANSLATION (TR_MODULE, TR_KEY, TR_TEXT, TR_LANGUAGE) VALUES ('frontend', 'general.menu.debug.console', 'Debug console', 'nl-BE');
INSERT INTO OKM_TRANSLATION (TR_MODULE, TR_KEY, TR_TEXT, TR_LANGUAGE) VALUES ('frontend', 'general.menu.administration', 'Administratie tonen', 'nl-BE');
INSERT INTO OKM_TRANSLATION (TR_MODULE, TR_KEY, TR_TEXT, TR_LANGUAGE) VALUES ('frontend', 'general.menu.tools.preferences', 'Voorkeuren', 'nl-BE');
INSERT INTO OKM_TRANSLATION (TR_MODULE, TR_KEY, TR_TEXT, TR_LANGUAGE) VALUES ('frontend', 'general.menu.tools.user.preferences', 'User configuration', 'nl-BE');
INSERT INTO OKM_TRANSLATION (TR_MODULE, TR_KEY, TR_TEXT, TR_LANGUAGE) VALUES ('frontend', 'general.menu.bookmark', 'Bookmarks', 'nl-BE');
INSERT INTO OKM_TRANSLATION (TR_MODULE, TR_KEY, TR_TEXT, TR_LANGUAGE) VALUES ('frontend', 'general.menu.bookmark.home', 'Home', 'nl-BE');
INSERT INTO OKM_TRANSLATION (TR_MODULE, TR_KEY, TR_TEXT, TR_LANGUAGE) VALUES ('frontend', 'general.menu.bookmark.default.home', 'Standaard thuismap zetten', 'nl-BE');
INSERT INTO OKM_TRANSLATION (TR_MODULE, TR_KEY, TR_TEXT, TR_LANGUAGE) VALUES ('frontend', 'general.menu.bookmark.edit', 'Bookmarks bewerken', 'nl-BE');
INSERT INTO OKM_TRANSLATION (TR_MODULE, TR_KEY, TR_TEXT, TR_LANGUAGE) VALUES ('frontend', 'general.menu.help', 'Help', 'nl-BE');
INSERT INTO OKM_TRANSLATION (TR_MODULE, TR_KEY, TR_TEXT, TR_LANGUAGE) VALUES ('frontend', 'general.menu.bug.report', 'Fout melden', 'nl-BE');
INSERT INTO OKM_TRANSLATION (TR_MODULE, TR_KEY, TR_TEXT, TR_LANGUAGE) VALUES ('frontend', 'general.menu.support.request', 'Ondersteuningsaanvraag', 'nl-BE');
INSERT INTO OKM_TRANSLATION (TR_MODULE, TR_KEY, TR_TEXT, TR_LANGUAGE) VALUES ('frontend', 'general.menu.public.forum', 'Publiek forum', 'nl-BE');
INSERT INTO OKM_TRANSLATION (TR_MODULE, TR_KEY, TR_TEXT, TR_LANGUAGE) VALUES ('frontend', 'general.menu.project.web', 'Project op het web', 'nl-BE');
INSERT INTO OKM_TRANSLATION (TR_MODULE, TR_KEY, TR_TEXT, TR_LANGUAGE) VALUES ('frontend', 'general.menu.version.changes', 'Versie notities', 'nl-BE');
INSERT INTO OKM_TRANSLATION (TR_MODULE, TR_KEY, TR_TEXT, TR_LANGUAGE) VALUES ('frontend', 'general.menu.documentation', 'Documentatie', 'nl-BE');
INSERT INTO OKM_TRANSLATION (TR_MODULE, TR_KEY, TR_TEXT, TR_LANGUAGE) VALUES ('frontend', 'general.menu.about', 'Over OpenKM', 'nl-BE');
INSERT INTO OKM_TRANSLATION (TR_MODULE, TR_KEY, TR_TEXT, TR_LANGUAGE) VALUES ('frontend', 'general.connected', 'Aangemeld als', 'nl-BE');
INSERT INTO OKM_TRANSLATION (TR_MODULE, TR_KEY, TR_TEXT, TR_LANGUAGE) VALUES ('frontend', '', '', 'nl-BE');
INSERT INTO OKM_TRANSLATION (TR_MODULE, TR_KEY, TR_TEXT, TR_LANGUAGE) VALUES ('frontend', '// File Browser', '', 'nl-BE');
INSERT INTO OKM_TRANSLATION (TR_MODULE, TR_KEY, TR_TEXT, TR_LANGUAGE) VALUES ('frontend', 'filebrowser.name', 'Naam', 'nl-BE');
INSERT INTO OKM_TRANSLATION (TR_MODULE, TR_KEY, TR_TEXT, TR_LANGUAGE) VALUES ('frontend', 'filebrowser.date.update', 'Laatst bijgewerkt', 'nl-BE');
INSERT INTO OKM_TRANSLATION (TR_MODULE, TR_KEY, TR_TEXT, TR_LANGUAGE) VALUES ('frontend', 'filebrowser.size', 'Grootte', 'nl-BE');
INSERT INTO OKM_TRANSLATION (TR_MODULE, TR_KEY, TR_TEXT, TR_LANGUAGE) VALUES ('frontend', 'filebrowser.path', 'Pad', 'nl-BE');
INSERT INTO OKM_TRANSLATION (TR_MODULE, TR_KEY, TR_TEXT, TR_LANGUAGE) VALUES ('frontend', 'filebrowser.author', 'Auteur', 'nl-BE');
INSERT INTO OKM_TRANSLATION (TR_MODULE, TR_KEY, TR_TEXT, TR_LANGUAGE) VALUES ('frontend', 'filebrowser.version', 'Versie', 'nl-BE');
INSERT INTO OKM_TRANSLATION (TR_MODULE, TR_KEY, TR_TEXT, TR_LANGUAGE) VALUES ('frontend', 'filebrowser.menu.checkout', 'Uithalen', 'nl-BE');
INSERT INTO OKM_TRANSLATION (TR_MODULE, TR_KEY, TR_TEXT, TR_LANGUAGE) VALUES ('frontend', 'filebrowser.menu.checkin', 'Inleveren', 'nl-BE');
INSERT INTO OKM_TRANSLATION (TR_MODULE, TR_KEY, TR_TEXT, TR_LANGUAGE) VALUES ('frontend', 'filebrowser.menu.delete', 'Wis', 'nl-BE');
INSERT INTO OKM_TRANSLATION (TR_MODULE, TR_KEY, TR_TEXT, TR_LANGUAGE) VALUES ('frontend', 'filebrowser.menu.rename', 'Hernoem', 'nl-BE');
INSERT INTO OKM_TRANSLATION (TR_MODULE, TR_KEY, TR_TEXT, TR_LANGUAGE) VALUES ('frontend', 'filebrowser.menu.checkout.cancel', 'Uithalen annuleren', 'nl-BE');
INSERT INTO OKM_TRANSLATION (TR_MODULE, TR_KEY, TR_TEXT, TR_LANGUAGE) VALUES ('frontend', 'filebrowser.menu.lock', 'Bescherm', 'nl-BE');
INSERT INTO OKM_TRANSLATION (TR_MODULE, TR_KEY, TR_TEXT, TR_LANGUAGE) VALUES ('frontend', 'filebrowser.menu.unlock', 'Vrijgeven', 'nl-BE');
INSERT INTO OKM_TRANSLATION (TR_MODULE, TR_KEY, TR_TEXT, TR_LANGUAGE) VALUES ('frontend', 'filebrowser.menu.download', 'Download', 'nl-BE');
INSERT INTO OKM_TRANSLATION (TR_MODULE, TR_KEY, TR_TEXT, TR_LANGUAGE) VALUES ('frontend', 'filebrowser.menu.move', 'Verplaats', 'nl-BE');
INSERT INTO OKM_TRANSLATION (TR_MODULE, TR_KEY, TR_TEXT, TR_LANGUAGE) VALUES ('frontend', 'filebrowser.menu.copy', 'Kopie', 'nl-BE');
INSERT INTO OKM_TRANSLATION (TR_MODULE, TR_KEY, TR_TEXT, TR_LANGUAGE) VALUES ('frontend', 'filebrowser.menu.create.from.template', 'Aanmaken vanuit template', 'nl-BE');
INSERT INTO OKM_TRANSLATION (TR_MODULE, TR_KEY, TR_TEXT, TR_LANGUAGE) VALUES ('frontend', 'filebrowser.menu.add.property.group', 'Property group toevoegen', 'nl-BE');
INSERT INTO OKM_TRANSLATION (TR_MODULE, TR_KEY, TR_TEXT, TR_LANGUAGE) VALUES ('frontend', 'filebrowser.menu.remove.property.group', 'Property group verwijderen', 'nl-BE');
INSERT INTO OKM_TRANSLATION (TR_MODULE, TR_KEY, TR_TEXT, TR_LANGUAGE) VALUES ('frontend', 'filebrowser.menu.start.workflow', 'Start workflow', 'nl-BE');
INSERT INTO OKM_TRANSLATION (TR_MODULE, TR_KEY, TR_TEXT, TR_LANGUAGE) VALUES ('frontend', 'filebrowser.menu.add.subscription', 'Inschrijving toevoegen', 'nl-BE');
INSERT INTO OKM_TRANSLATION (TR_MODULE, TR_KEY, TR_TEXT, TR_LANGUAGE) VALUES ('frontend', 'filebrowser.menu.remove.subscription', 'Inschrijving verwijderen', 'nl-BE');
INSERT INTO OKM_TRANSLATION (TR_MODULE, TR_KEY, TR_TEXT, TR_LANGUAGE) VALUES ('frontend', 'filebrowser.menu.add.bookmark', 'Bookmark toevoegen', 'nl-BE');
INSERT INTO OKM_TRANSLATION (TR_MODULE, TR_KEY, TR_TEXT, TR_LANGUAGE) VALUES ('frontend', 'filebrowser.menu.set.home', 'Thuismap zetten', 'nl-BE');
INSERT INTO OKM_TRANSLATION (TR_MODULE, TR_KEY, TR_TEXT, TR_LANGUAGE) VALUES ('frontend', 'filebrowser.menu.refresh', 'Ververs', 'nl-BE');
INSERT INTO OKM_TRANSLATION (TR_MODULE, TR_KEY, TR_TEXT, TR_LANGUAGE) VALUES ('frontend', 'filebrowser.menu.export', 'Export naar ZIP', 'nl-BE');
INSERT INTO OKM_TRANSLATION (TR_MODULE, TR_KEY, TR_TEXT, TR_LANGUAGE) VALUES ('frontend', 'filebrowser.menu.play', 'Afspelen', 'nl-BE');
INSERT INTO OKM_TRANSLATION (TR_MODULE, TR_KEY, TR_TEXT, TR_LANGUAGE) VALUES ('frontend', 'filebrowser.menu.image.viewer', 'Afbeelding viewer', 'nl-BE');
INSERT INTO OKM_TRANSLATION (TR_MODULE, TR_KEY, TR_TEXT, TR_LANGUAGE) VALUES ('frontend', 'filebrowser.status.refresh.folder', 'Maplijst verversen', 'nl-BE');
INSERT INTO OKM_TRANSLATION (TR_MODULE, TR_KEY, TR_TEXT, TR_LANGUAGE) VALUES ('frontend', 'filebrowser.status.refresh.document', 'Bestandslijst verversen', 'nl-BE');
INSERT INTO OKM_TRANSLATION (TR_MODULE, TR_KEY, TR_TEXT, TR_LANGUAGE) VALUES ('frontend', 'filebrowser.status.refresh.mail', 'Mail lijst updaten', 'nl-BE');
INSERT INTO OKM_TRANSLATION (TR_MODULE, TR_KEY, TR_TEXT, TR_LANGUAGE) VALUES ('frontend', 'filebrowser.status.refresh.delete.folder', 'Map wissen', 'nl-BE');
INSERT INTO OKM_TRANSLATION (TR_MODULE, TR_KEY, TR_TEXT, TR_LANGUAGE) VALUES ('frontend', 'filebrowser.status.refresh.delete.document', 'Bestand wissen', 'nl-BE');
INSERT INTO OKM_TRANSLATION (TR_MODULE, TR_KEY, TR_TEXT, TR_LANGUAGE) VALUES ('frontend', 'filebrowser.status.refresh.checkout', 'Bestand uithalen', 'nl-BE');
INSERT INTO OKM_TRANSLATION (TR_MODULE, TR_KEY, TR_TEXT, TR_LANGUAGE) VALUES ('frontend', 'filebrowser.status.refresh.lock', 'Bestand beschermen', 'nl-BE');
INSERT INTO OKM_TRANSLATION (TR_MODULE, TR_KEY, TR_TEXT, TR_LANGUAGE) VALUES ('frontend', 'filebrowser.status.refresh.unlock', 'Bestand vrijgeven', 'nl-BE');
INSERT INTO OKM_TRANSLATION (TR_MODULE, TR_KEY, TR_TEXT, TR_LANGUAGE) VALUES ('frontend', 'filebrowser.status.refresh.document.rename', 'Bestand hernoemen', 'nl-BE');
INSERT INTO OKM_TRANSLATION (TR_MODULE, TR_KEY, TR_TEXT, TR_LANGUAGE) VALUES ('frontend', 'filebrowser.status.refresh.folder.rename', 'Map hernoemen', 'nl-BE');
INSERT INTO OKM_TRANSLATION (TR_MODULE, TR_KEY, TR_TEXT, TR_LANGUAGE) VALUES ('frontend', 'filebrowser.status.refresh.document.purge', 'Bestand verwijderen', 'nl-BE');
INSERT INTO OKM_TRANSLATION (TR_MODULE, TR_KEY, TR_TEXT, TR_LANGUAGE) VALUES ('frontend', 'filebrowser.status.refresh.folder.purge', 'Map verwijderen', 'nl-BE');
INSERT INTO OKM_TRANSLATION (TR_MODULE, TR_KEY, TR_TEXT, TR_LANGUAGE) VALUES ('frontend', 'filebrowser.status.refresh.folder.get', 'Map verversen', 'nl-BE');
INSERT INTO OKM_TRANSLATION (TR_MODULE, TR_KEY, TR_TEXT, TR_LANGUAGE) VALUES ('frontend', 'filebrowser.status.refresh.document.get', 'Bestand verversen', 'nl-BE');
INSERT INTO OKM_TRANSLATION (TR_MODULE, TR_KEY, TR_TEXT, TR_LANGUAGE) VALUES ('frontend', 'filebrowser.status.refresh.add.subscription', 'Inschrijving toevoegen', 'nl-BE');
INSERT INTO OKM_TRANSLATION (TR_MODULE, TR_KEY, TR_TEXT, TR_LANGUAGE) VALUES ('frontend', 'filebrowser.status.refresh.remove.subscription', 'Inschrijving verwijderen', 'nl-BE');
INSERT INTO OKM_TRANSLATION (TR_MODULE, TR_KEY, TR_TEXT, TR_LANGUAGE) VALUES ('frontend', 'filebrowser.status.refresh.get.user.home', 'Gebruiker thuismap ophalen', 'nl-BE');
INSERT INTO OKM_TRANSLATION (TR_MODULE, TR_KEY, TR_TEXT, TR_LANGUAGE) VALUES ('frontend', 'filebrowser.status.refresh.delete.mail', 'Mail verwijderen', 'nl-BE');
INSERT INTO OKM_TRANSLATION (TR_MODULE, TR_KEY, TR_TEXT, TR_LANGUAGE) VALUES ('frontend', 'filebrowser.status.refresh.mail.purge', 'Mail verwijderen', 'nl-BE');
INSERT INTO OKM_TRANSLATION (TR_MODULE, TR_KEY, TR_TEXT, TR_LANGUAGE) VALUES ('frontend', '', '', 'nl-BE');
INSERT INTO OKM_TRANSLATION (TR_MODULE, TR_KEY, TR_TEXT, TR_LANGUAGE) VALUES ('frontend', '// File Upload', '', 'nl-BE');
INSERT INTO OKM_TRANSLATION (TR_MODULE, TR_KEY, TR_TEXT, TR_LANGUAGE) VALUES ('frontend', 'fileupload.send', 'Verzend', 'nl-BE');
INSERT INTO OKM_TRANSLATION (TR_MODULE, TR_KEY, TR_TEXT, TR_LANGUAGE) VALUES ('frontend', 'fileupload.status.sending', 'Bestand laden...', 'nl-BE');
INSERT INTO OKM_TRANSLATION (TR_MODULE, TR_KEY, TR_TEXT, TR_LANGUAGE) VALUES ('frontend', 'fileupload.status.indexing', 'Bestand indexeren...', 'nl-BE');
INSERT INTO OKM_TRANSLATION (TR_MODULE, TR_KEY, TR_TEXT, TR_LANGUAGE) VALUES ('frontend', 'fileupload.status.ok', 'Bestand correct geladen', 'nl-BE');
INSERT INTO OKM_TRANSLATION (TR_MODULE, TR_KEY, TR_TEXT, TR_LANGUAGE) VALUES ('frontend', 'fileupload.upload.status', 'Laad-status', 'nl-BE');
INSERT INTO OKM_TRANSLATION (TR_MODULE, TR_KEY, TR_TEXT, TR_LANGUAGE) VALUES ('frontend', 'fileupload.upload.uploaded', 'Geladen', 'nl-BE');
INSERT INTO OKM_TRANSLATION (TR_MODULE, TR_KEY, TR_TEXT, TR_LANGUAGE) VALUES ('frontend', 'fileupload.upload.completed', 'Laden gedaan', 'nl-BE');
INSERT INTO OKM_TRANSLATION (TR_MODULE, TR_KEY, TR_TEXT, TR_LANGUAGE) VALUES ('frontend', 'fileupload.upload.runtime', 'Looptijd', 'nl-BE');
INSERT INTO OKM_TRANSLATION (TR_MODULE, TR_KEY, TR_TEXT, TR_LANGUAGE) VALUES ('frontend', 'fileupload.upload.remaining', 'Resterend', 'nl-BE');
INSERT INTO OKM_TRANSLATION (TR_MODULE, TR_KEY, TR_TEXT, TR_LANGUAGE) VALUES ('frontend', 'fileupload.button.close', 'Sluiten', 'nl-BE');
INSERT INTO OKM_TRANSLATION (TR_MODULE, TR_KEY, TR_TEXT, TR_LANGUAGE) VALUES ('frontend', 'fileupload.button.add.other.file', 'Nog een document toevoegen', 'nl-BE');
INSERT INTO OKM_TRANSLATION (TR_MODULE, TR_KEY, TR_TEXT, TR_LANGUAGE) VALUES ('frontend', 'fileupload.status.move.file', 'Bestand verplaatsen...', 'nl-BE');
INSERT INTO OKM_TRANSLATION (TR_MODULE, TR_KEY, TR_TEXT, TR_LANGUAGE) VALUES ('frontend', 'fileupload.status.move.mail', 'Mail verplaatsen...', 'nl-BE');
INSERT INTO OKM_TRANSLATION (TR_MODULE, TR_KEY, TR_TEXT, TR_LANGUAGE) VALUES ('frontend', 'fileupload.status.copy.file', 'Bestand kopieren...', 'nl-BE');
INSERT INTO OKM_TRANSLATION (TR_MODULE, TR_KEY, TR_TEXT, TR_LANGUAGE) VALUES ('frontend', 'fileupload.status.copy.mail', 'Mail kopieren...', 'nl-BE');
INSERT INTO OKM_TRANSLATION (TR_MODULE, TR_KEY, TR_TEXT, TR_LANGUAGE) VALUES ('frontend', 'fileupload.status.restore.file', 'Bestand terughalen...', 'nl-BE');
INSERT INTO OKM_TRANSLATION (TR_MODULE, TR_KEY, TR_TEXT, TR_LANGUAGE) VALUES ('frontend', 'fileupload.status.restore.mail', 'Mail terughalen...', 'nl-BE');
INSERT INTO OKM_TRANSLATION (TR_MODULE, TR_KEY, TR_TEXT, TR_LANGUAGE) VALUES ('frontend', 'fileupload.status.move.folder', 'Map verplaatsen...', 'nl-BE');
INSERT INTO OKM_TRANSLATION (TR_MODULE, TR_KEY, TR_TEXT, TR_LANGUAGE) VALUES ('frontend', 'fileupload.status.copy.folder', 'Map kopieren...', 'nl-BE');
INSERT INTO OKM_TRANSLATION (TR_MODULE, TR_KEY, TR_TEXT, TR_LANGUAGE) VALUES ('frontend', 'fileupload.status.restore.folder', 'Map terughalen...', 'nl-BE');
INSERT INTO OKM_TRANSLATION (TR_MODULE, TR_KEY, TR_TEXT, TR_LANGUAGE) VALUES ('frontend', 'fileupload.status.create.from.template', 'Bestand maken vanuit template...', 'nl-BE');
INSERT INTO OKM_TRANSLATION (TR_MODULE, TR_KEY, TR_TEXT, TR_LANGUAGE) VALUES ('frontend', 'fileupload.status.of', 'of', 'nl-BE');
INSERT INTO OKM_TRANSLATION (TR_MODULE, TR_KEY, TR_TEXT, TR_LANGUAGE) VALUES ('frontend', 'fileupload.label.insert', 'Nieuwe bestanden toevoegen', 'nl-BE');
INSERT INTO OKM_TRANSLATION (TR_MODULE, TR_KEY, TR_TEXT, TR_LANGUAGE) VALUES ('frontend', 'fileupload.label.update', 'Bestanden bijwerken', 'nl-BE');
INSERT INTO OKM_TRANSLATION (TR_MODULE, TR_KEY, TR_TEXT, TR_LANGUAGE) VALUES ('frontend', 'fileupload.label.users.notify', 'Melden bij gebruikers', 'nl-BE');
INSERT INTO OKM_TRANSLATION (TR_MODULE, TR_KEY, TR_TEXT, TR_LANGUAGE) VALUES ('frontend', 'fileupload.label.comment', 'Commentaar', 'nl-BE');
INSERT INTO OKM_TRANSLATION (TR_MODULE, TR_KEY, TR_TEXT, TR_LANGUAGE) VALUES ('frontend', 'fileupload.label.users.to.notify"', '  "Gebruikers voor notificatie', 'nl-BE');
INSERT INTO OKM_TRANSLATION (TR_MODULE, TR_KEY, TR_TEXT, TR_LANGUAGE) VALUES ('frontend', 'fileupload.label.users"', '  "Gebruikers', 'nl-BE');
INSERT INTO OKM_TRANSLATION (TR_MODULE, TR_KEY, TR_TEXT, TR_LANGUAGE) VALUES ('frontend', 'fileupload.label.groups.to.notify', 'Groups to notify', 'nl-BE');
INSERT INTO OKM_TRANSLATION (TR_MODULE, TR_KEY, TR_TEXT, TR_LANGUAGE) VALUES ('frontend', 'fileupload.label.groups', 'Groups', 'nl-BE');
INSERT INTO OKM_TRANSLATION (TR_MODULE, TR_KEY, TR_TEXT, TR_LANGUAGE) VALUES ('frontend', 'fileupload.label.must.select.users"', '  "U moet een gebruiker selecteren voor notificatie', 'nl-BE');
INSERT INTO OKM_TRANSLATION (TR_MODULE, TR_KEY, TR_TEXT, TR_LANGUAGE) VALUES ('frontend', 'fileupload.label.importZip', 'Import Documenten vanuit ZIP', 'nl-BE');
INSERT INTO OKM_TRANSLATION (TR_MODULE, TR_KEY, TR_TEXT, TR_LANGUAGE) VALUES ('frontend', 'fileupload.label.notify.comment', 'Notificatie bericht', 'nl-BE');
INSERT INTO OKM_TRANSLATION (TR_MODULE, TR_KEY, TR_TEXT, TR_LANGUAGE) VALUES ('frontend', 'fileupload.label.error.importing.zip', 'Fout bij importeren bestand', 'nl-BE');
INSERT INTO OKM_TRANSLATION (TR_MODULE, TR_KEY, TR_TEXT, TR_LANGUAGE) VALUES ('frontend', 'fileupload.label.error.move.file', 'Fout bij verplaatsen bestand', 'nl-BE');
INSERT INTO OKM_TRANSLATION (TR_MODULE, TR_KEY, TR_TEXT, TR_LANGUAGE) VALUES ('frontend', 'fileupload.label.error.move.mail', 'Fout bij verplaatsen mail', 'nl-BE');
INSERT INTO OKM_TRANSLATION (TR_MODULE, TR_KEY, TR_TEXT, TR_LANGUAGE) VALUES ('frontend', 'fileupload.label.error.copy.file', 'Fout bij kopieren bestand', 'nl-BE');
INSERT INTO OKM_TRANSLATION (TR_MODULE, TR_KEY, TR_TEXT, TR_LANGUAGE) VALUES ('frontend', 'fileupload.label.error.copy.mail', 'Fout bij kopieren mail', 'nl-BE');
INSERT INTO OKM_TRANSLATION (TR_MODULE, TR_KEY, TR_TEXT, TR_LANGUAGE) VALUES ('frontend', 'fileupload.label.error.copy.file', 'Fout bij kopieren bestand', 'nl-BE');
INSERT INTO OKM_TRANSLATION (TR_MODULE, TR_KEY, TR_TEXT, TR_LANGUAGE) VALUES ('frontend', 'fileupload.label.error.restore.file', 'Fout bij terughalen bestand', 'nl-BE');
INSERT INTO OKM_TRANSLATION (TR_MODULE, TR_KEY, TR_TEXT, TR_LANGUAGE) VALUES ('frontend', 'fileupload.label.error.move.folder', 'Fout bij verplaatsen map', 'nl-BE');
INSERT INTO OKM_TRANSLATION (TR_MODULE, TR_KEY, TR_TEXT, TR_LANGUAGE) VALUES ('frontend', 'fileupload.label.error.copy.folder', 'Fout bij kopieren map', 'nl-BE');
INSERT INTO OKM_TRANSLATION (TR_MODULE, TR_KEY, TR_TEXT, TR_LANGUAGE) VALUES ('frontend', 'fileupload.label.error.restore.folder', 'Fout bij terugplaatsen map', 'nl-BE');
INSERT INTO OKM_TRANSLATION (TR_MODULE, TR_KEY, TR_TEXT, TR_LANGUAGE) VALUES ('frontend', 'fileupload.label.error.create.from.template', 'Fout: kan geen bestand maken van template', 'nl-BE');
INSERT INTO OKM_TRANSLATION (TR_MODULE, TR_KEY, TR_TEXT, TR_LANGUAGE) VALUES ('frontend', 'fileupload.label.error.not.allowed.move.folder.child', 'Verplaatsen naar zelfde of sub map niet toegestaan', 'nl-BE');
INSERT INTO OKM_TRANSLATION (TR_MODULE, TR_KEY, TR_TEXT, TR_LANGUAGE) VALUES ('frontend', 'fileupload.label.error.not.allowed.copy.same.folder', 'Verplaatsen naar selfde map niet toegestaan', 'nl-BE');
INSERT INTO OKM_TRANSLATION (TR_MODULE, TR_KEY, TR_TEXT, TR_LANGUAGE) VALUES ('frontend', 'fileupload.label.error.not.allowed.create.from.template.same.folder', 'Bestand creeren op zelfde map niet toegestaan', 'nl-BE');
INSERT INTO OKM_TRANSLATION (TR_MODULE, TR_KEY, TR_TEXT, TR_LANGUAGE) VALUES ('frontend', 'tab.document.properties', 'Eigenschappen', 'nl-BE');
INSERT INTO OKM_TRANSLATION (TR_MODULE, TR_KEY, TR_TEXT, TR_LANGUAGE) VALUES ('frontend', 'tab.document.notes', 'Notes', 'nl-BE');
INSERT INTO OKM_TRANSLATION (TR_MODULE, TR_KEY, TR_TEXT, TR_LANGUAGE) VALUES ('frontend', 'tab.document.history', 'Geschiedenis', 'nl-BE');
INSERT INTO OKM_TRANSLATION (TR_MODULE, TR_KEY, TR_TEXT, TR_LANGUAGE) VALUES ('frontend', 'tab.document.status.history', 'Geschiedenis bijwerken', 'nl-BE');
INSERT INTO OKM_TRANSLATION (TR_MODULE, TR_KEY, TR_TEXT, TR_LANGUAGE) VALUES ('frontend', 'tab.document.security', 'Beveiliging bestanden', 'nl-BE');
INSERT INTO OKM_TRANSLATION (TR_MODULE, TR_KEY, TR_TEXT, TR_LANGUAGE) VALUES ('frontend', 'tab.document.preview', 'Preview', 'nl-BE');
INSERT INTO OKM_TRANSLATION (TR_MODULE, TR_KEY, TR_TEXT, TR_LANGUAGE) VALUES ('frontend', 'tab.status.security.role', 'Beveiliging: groepen bijwerken', 'nl-BE');
INSERT INTO OKM_TRANSLATION (TR_MODULE, TR_KEY, TR_TEXT, TR_LANGUAGE) VALUES ('frontend', 'tab.status.security.user', 'Beveiliging: gebruikers bijwerken', 'nl-BE');
INSERT INTO OKM_TRANSLATION (TR_MODULE, TR_KEY, TR_TEXT, TR_LANGUAGE) VALUES ('frontend', 'tab.document.status.group.properties', 'Property group bijwerken', 'nl-BE');
INSERT INTO OKM_TRANSLATION (TR_MODULE, TR_KEY, TR_TEXT, TR_LANGUAGE) VALUES ('frontend', 'tab.document.status.set.keywords', 'Keywords opslaan', 'nl-BE');
INSERT INTO OKM_TRANSLATION (TR_MODULE, TR_KEY, TR_TEXT, TR_LANGUAGE) VALUES ('frontend', 'tab.document.status.set.categories', 'Updating categories', 'nl-BE');
INSERT INTO OKM_TRANSLATION (TR_MODULE, TR_KEY, TR_TEXT, TR_LANGUAGE) VALUES ('frontend', 'tab.document.status.get.version.history.size', 'Verversen document history grootte', 'nl-BE');
INSERT INTO OKM_TRANSLATION (TR_MODULE, TR_KEY, TR_TEXT, TR_LANGUAGE) VALUES ('frontend', 'tab.document.status.purge.version.history', 'Comprimeren document historie', 'nl-BE');
INSERT INTO OKM_TRANSLATION (TR_MODULE, TR_KEY, TR_TEXT, TR_LANGUAGE) VALUES ('frontend', 'tab.document.status.restore.version', 'Terughalen document versie', 'nl-BE');
INSERT INTO OKM_TRANSLATION (TR_MODULE, TR_KEY, TR_TEXT, TR_LANGUAGE) VALUES ('frontend', 'tab.folder.properties', 'Eigenschappen', 'nl-BE');
INSERT INTO OKM_TRANSLATION (TR_MODULE, TR_KEY, TR_TEXT, TR_LANGUAGE) VALUES ('frontend', 'tab.folder.security', 'Beveiliging mappen', 'nl-BE');
INSERT INTO OKM_TRANSLATION (TR_MODULE, TR_KEY, TR_TEXT, TR_LANGUAGE) VALUES ('frontend', 'tab.folder.notes', 'Notes', 'nl-BE');
INSERT INTO OKM_TRANSLATION (TR_MODULE, TR_KEY, TR_TEXT, TR_LANGUAGE) VALUES ('frontend', 'tab.workspace.desktop', 'Bureaublad', 'nl-BE');
INSERT INTO OKM_TRANSLATION (TR_MODULE, TR_KEY, TR_TEXT, TR_LANGUAGE) VALUES ('frontend', 'tab.workspace.search', 'Zoek', 'nl-BE');
INSERT INTO OKM_TRANSLATION (TR_MODULE, TR_KEY, TR_TEXT, TR_LANGUAGE) VALUES ('frontend', 'tab.workspace.dashboard', 'DashBoard', 'nl-BE');
INSERT INTO OKM_TRANSLATION (TR_MODULE, TR_KEY, TR_TEXT, TR_LANGUAGE) VALUES ('frontend', 'tab.workspace.administration', 'Administration', 'nl-BE');
INSERT INTO OKM_TRANSLATION (TR_MODULE, TR_KEY, TR_TEXT, TR_LANGUAGE) VALUES ('frontend', 'document.uuid', 'UUID', 'nl-BE');
INSERT INTO OKM_TRANSLATION (TR_MODULE, TR_KEY, TR_TEXT, TR_LANGUAGE) VALUES ('frontend', 'document.name', 'Naam', 'nl-BE');
INSERT INTO OKM_TRANSLATION (TR_MODULE, TR_KEY, TR_TEXT, TR_LANGUAGE) VALUES ('frontend', 'document.folder', 'Map', 'nl-BE');
INSERT INTO OKM_TRANSLATION (TR_MODULE, TR_KEY, TR_TEXT, TR_LANGUAGE) VALUES ('frontend', 'document.size', 'Grootte', 'nl-BE');
INSERT INTO OKM_TRANSLATION (TR_MODULE, TR_KEY, TR_TEXT, TR_LANGUAGE) VALUES ('frontend', 'document.created', 'Gemaakt', 'nl-BE');
INSERT INTO OKM_TRANSLATION (TR_MODULE, TR_KEY, TR_TEXT, TR_LANGUAGE) VALUES ('frontend', 'document.lastmodified', 'Gewijzigd', 'nl-BE');
INSERT INTO OKM_TRANSLATION (TR_MODULE, TR_KEY, TR_TEXT, TR_LANGUAGE) VALUES ('frontend', 'document.mimetype', 'MIME type', 'nl-BE');
INSERT INTO OKM_TRANSLATION (TR_MODULE, TR_KEY, TR_TEXT, TR_LANGUAGE) VALUES ('frontend', 'document.keywords', 'Sleutelwoorden', 'nl-BE');
INSERT INTO OKM_TRANSLATION (TR_MODULE, TR_KEY, TR_TEXT, TR_LANGUAGE) VALUES ('frontend', 'document.by', 'door', 'nl-BE');
INSERT INTO OKM_TRANSLATION (TR_MODULE, TR_KEY, TR_TEXT, TR_LANGUAGE) VALUES ('frontend', 'document.status', 'Status', 'nl-BE');
INSERT INTO OKM_TRANSLATION (TR_MODULE, TR_KEY, TR_TEXT, TR_LANGUAGE) VALUES ('frontend', 'document.status.checkout', 'Bewerkt door', 'nl-BE');
INSERT INTO OKM_TRANSLATION (TR_MODULE, TR_KEY, TR_TEXT, TR_LANGUAGE) VALUES ('frontend', 'document.status.locked', 'Beschermd door', 'nl-BE');
INSERT INTO OKM_TRANSLATION (TR_MODULE, TR_KEY, TR_TEXT, TR_LANGUAGE) VALUES ('frontend', 'document.status.normal', 'Beschikbaar', 'nl-BE');
INSERT INTO OKM_TRANSLATION (TR_MODULE, TR_KEY, TR_TEXT, TR_LANGUAGE) VALUES ('frontend', 'document.subscribed', 'Subscribed', 'nl-BE');
INSERT INTO OKM_TRANSLATION (TR_MODULE, TR_KEY, TR_TEXT, TR_LANGUAGE) VALUES ('frontend', 'document.subscribed.yes', 'Yes', 'nl-BE');
INSERT INTO OKM_TRANSLATION (TR_MODULE, TR_KEY, TR_TEXT, TR_LANGUAGE) VALUES ('frontend', 'document.subscribed.no', 'No', 'nl-BE');
INSERT INTO OKM_TRANSLATION (TR_MODULE, TR_KEY, TR_TEXT, TR_LANGUAGE) VALUES ('frontend', 'document.history.size', 'History size', 'nl-BE');
INSERT INTO OKM_TRANSLATION (TR_MODULE, TR_KEY, TR_TEXT, TR_LANGUAGE) VALUES ('frontend', 'document.subscribed.users', 'Ingeschreven gebruikers', 'nl-BE');
INSERT INTO OKM_TRANSLATION (TR_MODULE, TR_KEY, TR_TEXT, TR_LANGUAGE) VALUES ('frontend', 'document.url', 'URL', 'nl-BE');
INSERT INTO OKM_TRANSLATION (TR_MODULE, TR_KEY, TR_TEXT, TR_LANGUAGE) VALUES ('frontend', 'document.webdav', 'WebDAV', 'nl-BE');
INSERT INTO OKM_TRANSLATION (TR_MODULE, TR_KEY, TR_TEXT, TR_LANGUAGE) VALUES ('frontend', 'document.add.note', 'Add note', 'nl-BE');
INSERT INTO OKM_TRANSLATION (TR_MODULE, TR_KEY, TR_TEXT, TR_LANGUAGE) VALUES ('frontend', 'document.keywords.cloud', 'Keywords wolk', 'nl-BE');
INSERT INTO OKM_TRANSLATION (TR_MODULE, TR_KEY, TR_TEXT, TR_LANGUAGE) VALUES ('frontend', 'document.categories', 'Categories', 'nl-BE');
INSERT INTO OKM_TRANSLATION (TR_MODULE, TR_KEY, TR_TEXT, TR_LANGUAGE) VALUES ('frontend', 'folder.uuid', 'UUID', 'nl-BE');
INSERT INTO OKM_TRANSLATION (TR_MODULE, TR_KEY, TR_TEXT, TR_LANGUAGE) VALUES ('frontend', 'folder.name', 'Naam', 'nl-BE');
INSERT INTO OKM_TRANSLATION (TR_MODULE, TR_KEY, TR_TEXT, TR_LANGUAGE) VALUES ('frontend', 'folder.parent', 'Bovenliggend', 'nl-BE');
INSERT INTO OKM_TRANSLATION (TR_MODULE, TR_KEY, TR_TEXT, TR_LANGUAGE) VALUES ('frontend', 'folder.created', 'Gemaakt', 'nl-BE');
INSERT INTO OKM_TRANSLATION (TR_MODULE, TR_KEY, TR_TEXT, TR_LANGUAGE) VALUES ('frontend', 'folder.by', 'door', 'nl-BE');
INSERT INTO OKM_TRANSLATION (TR_MODULE, TR_KEY, TR_TEXT, TR_LANGUAGE) VALUES ('frontend', 'folder.subscribed', 'Subscribed', 'nl-BE');
INSERT INTO OKM_TRANSLATION (TR_MODULE, TR_KEY, TR_TEXT, TR_LANGUAGE) VALUES ('frontend', 'folder.subscribed.yes', 'Yes', 'nl-BE');
INSERT INTO OKM_TRANSLATION (TR_MODULE, TR_KEY, TR_TEXT, TR_LANGUAGE) VALUES ('frontend', 'folder.subscribed.no', 'No', 'nl-BE');
INSERT INTO OKM_TRANSLATION (TR_MODULE, TR_KEY, TR_TEXT, TR_LANGUAGE) VALUES ('frontend', 'folder.subscribed.users', 'Subscribed users', 'nl-BE');
INSERT INTO OKM_TRANSLATION (TR_MODULE, TR_KEY, TR_TEXT, TR_LANGUAGE) VALUES ('frontend', 'folder.url', 'URL', 'nl-BE');
INSERT INTO OKM_TRANSLATION (TR_MODULE, TR_KEY, TR_TEXT, TR_LANGUAGE) VALUES ('frontend', 'folder.webdav', 'WebDAV', 'nl-BE');
INSERT INTO OKM_TRANSLATION (TR_MODULE, TR_KEY, TR_TEXT, TR_LANGUAGE) VALUES ('frontend', 'folder.number.folders', 'Folders', 'nl-BE');
INSERT INTO OKM_TRANSLATION (TR_MODULE, TR_KEY, TR_TEXT, TR_LANGUAGE) VALUES ('frontend', 'folder.number.documents', 'Documents', 'nl-BE');
INSERT INTO OKM_TRANSLATION (TR_MODULE, TR_KEY, TR_TEXT, TR_LANGUAGE) VALUES ('frontend', 'folder.number.mails', 'Mails', 'nl-BE');
INSERT INTO OKM_TRANSLATION (TR_MODULE, TR_KEY, TR_TEXT, TR_LANGUAGE) VALUES ('frontend', 'version.name', 'Versie', 'nl-BE');
INSERT INTO OKM_TRANSLATION (TR_MODULE, TR_KEY, TR_TEXT, TR_LANGUAGE) VALUES ('frontend', 'version.created', 'Datum', 'nl-BE');
INSERT INTO OKM_TRANSLATION (TR_MODULE, TR_KEY, TR_TEXT, TR_LANGUAGE) VALUES ('frontend', 'version.author', 'Auteur', 'nl-BE');
INSERT INTO OKM_TRANSLATION (TR_MODULE, TR_KEY, TR_TEXT, TR_LANGUAGE) VALUES ('frontend', 'version.size', 'Grootte', 'nl-BE');
INSERT INTO OKM_TRANSLATION (TR_MODULE, TR_KEY, TR_TEXT, TR_LANGUAGE) VALUES ('frontend', 'version.purge.document', 'Compact history', 'nl-BE');
INSERT INTO OKM_TRANSLATION (TR_MODULE, TR_KEY, TR_TEXT, TR_LANGUAGE) VALUES ('frontend', 'version.comment', 'Comment', 'nl-BE');
INSERT INTO OKM_TRANSLATION (TR_MODULE, TR_KEY, TR_TEXT, TR_LANGUAGE) VALUES ('frontend', 'security.label', 'Beveiliging', 'nl-BE');
INSERT INTO OKM_TRANSLATION (TR_MODULE, TR_KEY, TR_TEXT, TR_LANGUAGE) VALUES ('frontend', 'security.group.name', 'Groep', 'nl-BE');
INSERT INTO OKM_TRANSLATION (TR_MODULE, TR_KEY, TR_TEXT, TR_LANGUAGE) VALUES ('frontend', 'security.group.permission.read', 'Lees', 'nl-BE');
INSERT INTO OKM_TRANSLATION (TR_MODULE, TR_KEY, TR_TEXT, TR_LANGUAGE) VALUES ('frontend', 'security.group.permission.write', 'Schrijf', 'nl-BE');
INSERT INTO OKM_TRANSLATION (TR_MODULE, TR_KEY, TR_TEXT, TR_LANGUAGE) VALUES ('frontend', 'security.group.permission.delete', 'Delete', 'nl-BE');
INSERT INTO OKM_TRANSLATION (TR_MODULE, TR_KEY, TR_TEXT, TR_LANGUAGE) VALUES ('frontend', 'security.group.permission.security', 'Security', 'nl-BE');
INSERT INTO OKM_TRANSLATION (TR_MODULE, TR_KEY, TR_TEXT, TR_LANGUAGE) VALUES ('frontend', 'security.user.name', 'Gebruiker', 'nl-BE');
INSERT INTO OKM_TRANSLATION (TR_MODULE, TR_KEY, TR_TEXT, TR_LANGUAGE) VALUES ('frontend', 'security.user.permission.read', 'Lees', 'nl-BE');
INSERT INTO OKM_TRANSLATION (TR_MODULE, TR_KEY, TR_TEXT, TR_LANGUAGE) VALUES ('frontend', 'security.user.permission.write', 'Schrijf', 'nl-BE');
INSERT INTO OKM_TRANSLATION (TR_MODULE, TR_KEY, TR_TEXT, TR_LANGUAGE) VALUES ('frontend', 'security.user.permission.delete', 'Delete', 'nl-BE');
INSERT INTO OKM_TRANSLATION (TR_MODULE, TR_KEY, TR_TEXT, TR_LANGUAGE) VALUES ('frontend', 'security.user.permission.security', 'Security', 'nl-BE');
INSERT INTO OKM_TRANSLATION (TR_MODULE, TR_KEY, TR_TEXT, TR_LANGUAGE) VALUES ('frontend', 'security.users', 'Gebruikers', 'nl-BE');
INSERT INTO OKM_TRANSLATION (TR_MODULE, TR_KEY, TR_TEXT, TR_LANGUAGE) VALUES ('frontend', 'security.groups', 'Groepen', 'nl-BE');
INSERT INTO OKM_TRANSLATION (TR_MODULE, TR_KEY, TR_TEXT, TR_LANGUAGE) VALUES ('frontend', 'security.recursive', 'Overerfbare rechten', 'nl-BE');
INSERT INTO OKM_TRANSLATION (TR_MODULE, TR_KEY, TR_TEXT, TR_LANGUAGE) VALUES ('frontend', 'secutiry.filter.by.users', 'Users filter', 'nl-BE');
INSERT INTO OKM_TRANSLATION (TR_MODULE, TR_KEY, TR_TEXT, TR_LANGUAGE) VALUES ('frontend', 'secutiry.filter.by.groups', 'Groups filter', 'nl-BE');
INSERT INTO OKM_TRANSLATION (TR_MODULE, TR_KEY, TR_TEXT, TR_LANGUAGE) VALUES ('frontend', 'security.status.updating', 'Updating security', 'nl-BE');
INSERT INTO OKM_TRANSLATION (TR_MODULE, TR_KEY, TR_TEXT, TR_LANGUAGE) VALUES ('frontend', 'preview.unavailable', 'Preview unavailable', 'nl-BE');
INSERT INTO OKM_TRANSLATION (TR_MODULE, TR_KEY, TR_TEXT, TR_LANGUAGE) VALUES ('frontend', 'mail.from', 'Van', 'nl-BE');
INSERT INTO OKM_TRANSLATION (TR_MODULE, TR_KEY, TR_TEXT, TR_LANGUAGE) VALUES ('frontend', 'mail.reply', 'Beantwoorden', 'nl-BE');
INSERT INTO OKM_TRANSLATION (TR_MODULE, TR_KEY, TR_TEXT, TR_LANGUAGE) VALUES ('frontend', 'mail.to', 'Aan', 'nl-BE');
INSERT INTO OKM_TRANSLATION (TR_MODULE, TR_KEY, TR_TEXT, TR_LANGUAGE) VALUES ('frontend', 'mail.subject', 'Onderwerp', 'nl-BE');
INSERT INTO OKM_TRANSLATION (TR_MODULE, TR_KEY, TR_TEXT, TR_LANGUAGE) VALUES ('frontend', 'mail.attachment', 'Bijlagen', 'nl-BE');
INSERT INTO OKM_TRANSLATION (TR_MODULE, TR_KEY, TR_TEXT, TR_LANGUAGE) VALUES ('frontend', 'error.label', 'Het systeem heeft een fout gemaakt', 'nl-BE');
INSERT INTO OKM_TRANSLATION (TR_MODULE, TR_KEY, TR_TEXT, TR_LANGUAGE) VALUES ('frontend', 'error.invocation', 'Communicatiefout met server', 'nl-BE');
INSERT INTO OKM_TRANSLATION (TR_MODULE, TR_KEY, TR_TEXT, TR_LANGUAGE) VALUES ('frontend', 'about.label', 'Over OpenKM', 'nl-BE');
INSERT INTO OKM_TRANSLATION (TR_MODULE, TR_KEY, TR_TEXT, TR_LANGUAGE) VALUES ('frontend', 'about.loading', 'Laden ...', 'nl-BE');
INSERT INTO OKM_TRANSLATION (TR_MODULE, TR_KEY, TR_TEXT, TR_LANGUAGE) VALUES ('frontend', 'logout.label', 'Afsluiten', 'nl-BE');
INSERT INTO OKM_TRANSLATION (TR_MODULE, TR_KEY, TR_TEXT, TR_LANGUAGE) VALUES ('frontend', 'logout.closed', 'OpenKM werd correct afgesloten.', 'nl-BE');
INSERT INTO OKM_TRANSLATION (TR_MODULE, TR_KEY, TR_TEXT, TR_LANGUAGE) VALUES ('frontend', 'logout.logout', 'OpenKM is bezig met uitloggen,  aub geduld', 'nl-BE');
INSERT INTO OKM_TRANSLATION (TR_MODULE, TR_KEY, TR_TEXT, TR_LANGUAGE) VALUES ('frontend', 'confirm.label', 'Bevestigen', 'nl-BE');
INSERT INTO OKM_TRANSLATION (TR_MODULE, TR_KEY, TR_TEXT, TR_LANGUAGE) VALUES ('frontend', 'confirm.delete.folder', 'Wilt u echt deze map wissen ?', 'nl-BE');
INSERT INTO OKM_TRANSLATION (TR_MODULE, TR_KEY, TR_TEXT, TR_LANGUAGE) VALUES ('frontend', 'confirm.delete.document', 'Wilt u echt dit bestand wissen ?', 'nl-BE');
INSERT INTO OKM_TRANSLATION (TR_MODULE, TR_KEY, TR_TEXT, TR_LANGUAGE) VALUES ('frontend', 'confirm.delete.trash', 'Wilt u echt de prullenbak leegmaken ?', 'nl-BE');
INSERT INTO OKM_TRANSLATION (TR_MODULE, TR_KEY, TR_TEXT, TR_LANGUAGE) VALUES ('frontend', 'confirm.purge.folder', 'Wilt u echt deze map verwijderen ?', 'nl-BE');
INSERT INTO OKM_TRANSLATION (TR_MODULE, TR_KEY, TR_TEXT, TR_LANGUAGE) VALUES ('frontend', 'confirm.purge.document', 'Wilt u echt dit bestand verwijderen ?', 'nl-BE');
INSERT INTO OKM_TRANSLATION (TR_MODULE, TR_KEY, TR_TEXT, TR_LANGUAGE) VALUES ('frontend', 'confirm.delete.propety.group', ' Wilt u echt deze property groep verwijderen ?', 'nl-BE');
INSERT INTO OKM_TRANSLATION (TR_MODULE, TR_KEY, TR_TEXT, TR_LANGUAGE) VALUES ('frontend', 'confirm.purge.version.history.document', ' Wilt u echt deze document geschiedenis verwijderen ?', 'nl-BE');
INSERT INTO OKM_TRANSLATION (TR_MODULE, TR_KEY, TR_TEXT, TR_LANGUAGE) VALUES ('frontend', 'confirm.purge.restore.document', ' Wilt u echt deze document geschiedenis terughalen ?', 'nl-BE');
INSERT INTO OKM_TRANSLATION (TR_MODULE, TR_KEY, TR_TEXT, TR_LANGUAGE) VALUES ('frontend', 'confirm.set.default.home', ' Wilt u echt de standaard thuismap veranderen ?', 'nl-BE');
INSERT INTO OKM_TRANSLATION (TR_MODULE, TR_KEY, TR_TEXT, TR_LANGUAGE) VALUES ('frontend', 'confirm.delete.saved.search', ' Wilt u echt deze opgeslagen zoekopdracht verwijderen ?', 'nl-BE');
INSERT INTO OKM_TRANSLATION (TR_MODULE, TR_KEY, TR_TEXT, TR_LANGUAGE) VALUES ('frontend', 'confirm.delete.user.news', ' Wilt u echt dit gebruikers nieuws verwijderen ?', 'nl-BE');
INSERT INTO OKM_TRANSLATION (TR_MODULE, TR_KEY, TR_TEXT, TR_LANGUAGE) VALUES ('frontend', 'confirm.delete.mail', ' Wilt u echt deze mail verwijderen ?', 'nl-BE');
INSERT INTO OKM_TRANSLATION (TR_MODULE, TR_KEY, TR_TEXT, TR_LANGUAGE) VALUES ('frontend', 'confirm.get.pooled.workflow.task', 'Do you want to assign this task to you ?', 'nl-BE');
INSERT INTO OKM_TRANSLATION (TR_MODULE, TR_KEY, TR_TEXT, TR_LANGUAGE) VALUES ('frontend', 'confirm.force.unlock', 'Do you really want to force the document unlock ?', 'nl-BE');
INSERT INTO OKM_TRANSLATION (TR_MODULE, TR_KEY, TR_TEXT, TR_LANGUAGE) VALUES ('frontend', 'confirm.force.cancel.checkout', 'Do you really want to force the document cancel checkout ?', 'nl-BE');
INSERT INTO OKM_TRANSLATION (TR_MODULE, TR_KEY, TR_TEXT, TR_LANGUAGE) VALUES ('frontend', 'search.context', 'Context', 'nl-BE');
INSERT INTO OKM_TRANSLATION (TR_MODULE, TR_KEY, TR_TEXT, TR_LANGUAGE) VALUES ('frontend', 'search.content', 'Inhoud', 'nl-BE');
INSERT INTO OKM_TRANSLATION (TR_MODULE, TR_KEY, TR_TEXT, TR_LANGUAGE) VALUES ('frontend', 'search.name', 'Naam', 'nl-BE');
INSERT INTO OKM_TRANSLATION (TR_MODULE, TR_KEY, TR_TEXT, TR_LANGUAGE) VALUES ('frontend', 'search.keywords', 'Sleutelwoorden', 'nl-BE');
INSERT INTO OKM_TRANSLATION (TR_MODULE, TR_KEY, TR_TEXT, TR_LANGUAGE) VALUES ('frontend', 'search.folder', 'Map', 'nl-BE');
INSERT INTO OKM_TRANSLATION (TR_MODULE, TR_KEY, TR_TEXT, TR_LANGUAGE) VALUES ('frontend', 'search.category', 'Category', 'nl-BE');
INSERT INTO OKM_TRANSLATION (TR_MODULE, TR_KEY, TR_TEXT, TR_LANGUAGE) VALUES ('frontend', 'search.results', 'Resultaten', 'nl-BE');
INSERT INTO OKM_TRANSLATION (TR_MODULE, TR_KEY, TR_TEXT, TR_LANGUAGE) VALUES ('frontend', 'search.to', 'aan', 'nl-BE');
INSERT INTO OKM_TRANSLATION (TR_MODULE, TR_KEY, TR_TEXT, TR_LANGUAGE) VALUES ('frontend', 'search.page.results', 'Page results', 'nl-BE');
INSERT INTO OKM_TRANSLATION (TR_MODULE, TR_KEY, TR_TEXT, TR_LANGUAGE) VALUES ('frontend', 'search.add.property.group', 'Property groep toevoegen', 'nl-BE');
INSERT INTO OKM_TRANSLATION (TR_MODULE, TR_KEY, TR_TEXT, TR_LANGUAGE) VALUES ('frontend', 'search.mimetype', 'Mime type', 'nl-BE');
INSERT INTO OKM_TRANSLATION (TR_MODULE, TR_KEY, TR_TEXT, TR_LANGUAGE) VALUES ('frontend', 'search.type', 'Type', 'nl-BE');
INSERT INTO OKM_TRANSLATION (TR_MODULE, TR_KEY, TR_TEXT, TR_LANGUAGE) VALUES ('frontend', 'search.type.document', 'Dokument', 'nl-BE');
INSERT INTO OKM_TRANSLATION (TR_MODULE, TR_KEY, TR_TEXT, TR_LANGUAGE) VALUES ('frontend', 'search.type.folder', 'Map', 'nl-BE');
INSERT INTO OKM_TRANSLATION (TR_MODULE, TR_KEY, TR_TEXT, TR_LANGUAGE) VALUES ('frontend', 'search.type.mail', 'Mail', 'nl-BE');
INSERT INTO OKM_TRANSLATION (TR_MODULE, TR_KEY, TR_TEXT, TR_LANGUAGE) VALUES ('frontend', 'search.advanced', 'Uitgebreide zoekopdracht', 'nl-BE');
INSERT INTO OKM_TRANSLATION (TR_MODULE, TR_KEY, TR_TEXT, TR_LANGUAGE) VALUES ('frontend', 'search.user', 'Gebruiker', 'nl-BE');
INSERT INTO OKM_TRANSLATION (TR_MODULE, TR_KEY, TR_TEXT, TR_LANGUAGE) VALUES ('frontend', 'search.date.and', 'and', 'nl-BE');
INSERT INTO OKM_TRANSLATION (TR_MODULE, TR_KEY, TR_TEXT, TR_LANGUAGE) VALUES ('frontend', 'search.date.range', 'Datum tussen', 'nl-BE');
INSERT INTO OKM_TRANSLATION (TR_MODULE, TR_KEY, TR_TEXT, TR_LANGUAGE) VALUES ('frontend', 'search.save.as.news', 'Opslaan als gebruiker nieuws', 'nl-BE');
INSERT INTO OKM_TRANSLATION (TR_MODULE, TR_KEY, TR_TEXT, TR_LANGUAGE) VALUES ('frontend', 'search.folder.filter', 'Filter op map', 'nl-BE');
INSERT INTO OKM_TRANSLATION (TR_MODULE, TR_KEY, TR_TEXT, TR_LANGUAGE) VALUES ('frontend', 'search.category.filter', 'Filter by category', 'nl-BE');
INSERT INTO OKM_TRANSLATION (TR_MODULE, TR_KEY, TR_TEXT, TR_LANGUAGE) VALUES ('frontend', 'search.result.name', 'Naam', 'nl-BE');
INSERT INTO OKM_TRANSLATION (TR_MODULE, TR_KEY, TR_TEXT, TR_LANGUAGE) VALUES ('frontend', 'search.result.score', 'Relevance', 'nl-BE');
INSERT INTO OKM_TRANSLATION (TR_MODULE, TR_KEY, TR_TEXT, TR_LANGUAGE) VALUES ('frontend', 'search.result.size', 'Grootte', 'nl-BE');
INSERT INTO OKM_TRANSLATION (TR_MODULE, TR_KEY, TR_TEXT, TR_LANGUAGE) VALUES ('frontend', 'search.result.date.update', 'Datum bijwerken', 'nl-BE');
INSERT INTO OKM_TRANSLATION (TR_MODULE, TR_KEY, TR_TEXT, TR_LANGUAGE) VALUES ('frontend', 'search.result.author', 'Auteur', 'nl-BE');
INSERT INTO OKM_TRANSLATION (TR_MODULE, TR_KEY, TR_TEXT, TR_LANGUAGE) VALUES ('frontend', 'search.result.version', 'Versie', 'nl-BE');
INSERT INTO OKM_TRANSLATION (TR_MODULE, TR_KEY, TR_TEXT, TR_LANGUAGE) VALUES ('frontend', 'search.result.path', 'Pad', 'nl-BE');
INSERT INTO OKM_TRANSLATION (TR_MODULE, TR_KEY, TR_TEXT, TR_LANGUAGE) VALUES ('frontend', 'search.result.menu.download', 'Download', 'nl-BE');
INSERT INTO OKM_TRANSLATION (TR_MODULE, TR_KEY, TR_TEXT, TR_LANGUAGE) VALUES ('frontend', 'search.result.menu.go.folder', 'Ga naar map', 'nl-BE');
INSERT INTO OKM_TRANSLATION (TR_MODULE, TR_KEY, TR_TEXT, TR_LANGUAGE) VALUES ('frontend', 'search.result.menu.go.document', 'Ga naar document', 'nl-BE');
INSERT INTO OKM_TRANSLATION (TR_MODULE, TR_KEY, TR_TEXT, TR_LANGUAGE) VALUES ('frontend', 'search.result.status.findPaginated', 'Zoek op', 'nl-BE');
INSERT INTO OKM_TRANSLATION (TR_MODULE, TR_KEY, TR_TEXT, TR_LANGUAGE) VALUES ('frontend', 'search.result.status.runsearch', 'Werk opgeslagen zoekopdracht bij', 'nl-BE');
INSERT INTO OKM_TRANSLATION (TR_MODULE, TR_KEY, TR_TEXT, TR_LANGUAGE) VALUES ('frontend', 'search.saved.run', 'Uitvoeren', 'nl-BE');
INSERT INTO OKM_TRANSLATION (TR_MODULE, TR_KEY, TR_TEXT, TR_LANGUAGE) VALUES ('frontend', 'search.saved.delete', 'Wissen', 'nl-BE');
INSERT INTO OKM_TRANSLATION (TR_MODULE, TR_KEY, TR_TEXT, TR_LANGUAGE) VALUES ('frontend', 'search.saved.status.getsearchs', 'Opgeslagen zoekopdrachten verversen', 'nl-BE');
INSERT INTO OKM_TRANSLATION (TR_MODULE, TR_KEY, TR_TEXT, TR_LANGUAGE) VALUES ('frontend', 'search.saved.status.savesearch', 'Opgeslagen zoekopdracht bijwerken', 'nl-BE');
INSERT INTO OKM_TRANSLATION (TR_MODULE, TR_KEY, TR_TEXT, TR_LANGUAGE) VALUES ('frontend', 'search.saved.status.deletesearch', 'Opgeslagen zoekopdracht wissen', 'nl-BE');
INSERT INTO OKM_TRANSLATION (TR_MODULE, TR_KEY, TR_TEXT, TR_LANGUAGE) VALUES ('frontend', 'search.saved.status.getusernews', 'Refreshing user news', 'nl-BE');
INSERT INTO OKM_TRANSLATION (TR_MODULE, TR_KEY, TR_TEXT, TR_LANGUAGE) VALUES ('frontend', 'button.close', 'Sluit', 'nl-BE');
INSERT INTO OKM_TRANSLATION (TR_MODULE, TR_KEY, TR_TEXT, TR_LANGUAGE) VALUES ('frontend', 'button.logout', 'Afmelden', 'nl-BE');
INSERT INTO OKM_TRANSLATION (TR_MODULE, TR_KEY, TR_TEXT, TR_LANGUAGE) VALUES ('frontend', 'button.update', 'Bewerk', 'nl-BE');
INSERT INTO OKM_TRANSLATION (TR_MODULE, TR_KEY, TR_TEXT, TR_LANGUAGE) VALUES ('frontend', 'button.cancel', 'Annuleer', 'nl-BE');
INSERT INTO OKM_TRANSLATION (TR_MODULE, TR_KEY, TR_TEXT, TR_LANGUAGE) VALUES ('frontend', 'button.accept', 'Accepteer', 'nl-BE');
INSERT INTO OKM_TRANSLATION (TR_MODULE, TR_KEY, TR_TEXT, TR_LANGUAGE) VALUES ('frontend', 'button.restore', 'Plaats terug', 'nl-BE');
INSERT INTO OKM_TRANSLATION (TR_MODULE, TR_KEY, TR_TEXT, TR_LANGUAGE) VALUES ('frontend', 'button.move', 'Verplaats', 'nl-BE');
INSERT INTO OKM_TRANSLATION (TR_MODULE, TR_KEY, TR_TEXT, TR_LANGUAGE) VALUES ('frontend', 'button.change', 'Verander', 'nl-BE');
INSERT INTO OKM_TRANSLATION (TR_MODULE, TR_KEY, TR_TEXT, TR_LANGUAGE) VALUES ('frontend', 'button.search', 'Zoek', 'nl-BE');
INSERT INTO OKM_TRANSLATION (TR_MODULE, TR_KEY, TR_TEXT, TR_LANGUAGE) VALUES ('frontend', 'button.save.search', 'Zoekopdracht bewaren', 'nl-BE');
INSERT INTO OKM_TRANSLATION (TR_MODULE, TR_KEY, TR_TEXT, TR_LANGUAGE) VALUES ('frontend', 'button.view', 'Bekijk', 'nl-BE');
INSERT INTO OKM_TRANSLATION (TR_MODULE, TR_KEY, TR_TEXT, TR_LANGUAGE) VALUES ('frontend', 'button.clean', 'Opschonen', 'nl-BE');
INSERT INTO OKM_TRANSLATION (TR_MODULE, TR_KEY, TR_TEXT, TR_LANGUAGE) VALUES ('frontend', 'button.add', 'Voeg toe', 'nl-BE');
INSERT INTO OKM_TRANSLATION (TR_MODULE, TR_KEY, TR_TEXT, TR_LANGUAGE) VALUES ('frontend', 'button.delete', 'Verwijder', 'nl-BE');
INSERT INTO OKM_TRANSLATION (TR_MODULE, TR_KEY, TR_TEXT, TR_LANGUAGE) VALUES ('frontend', 'button.copy', 'Kopieer', 'nl-BE');
INSERT INTO OKM_TRANSLATION (TR_MODULE, TR_KEY, TR_TEXT, TR_LANGUAGE) VALUES ('frontend', 'button.create', 'Aanmaken', 'nl-BE');
INSERT INTO OKM_TRANSLATION (TR_MODULE, TR_KEY, TR_TEXT, TR_LANGUAGE) VALUES ('frontend', 'button.show', 'Toon', 'nl-BE');
INSERT INTO OKM_TRANSLATION (TR_MODULE, TR_KEY, TR_TEXT, TR_LANGUAGE) VALUES ('frontend', 'button.memory', 'Bewerk', 'nl-BE');
INSERT INTO OKM_TRANSLATION (TR_MODULE, TR_KEY, TR_TEXT, TR_LANGUAGE) VALUES ('frontend', 'button.copy.clipboard', 'Kopieren naar klembord', 'nl-BE');
INSERT INTO OKM_TRANSLATION (TR_MODULE, TR_KEY, TR_TEXT, TR_LANGUAGE) VALUES ('frontend', 'button.start', 'Start', 'nl-BE');
INSERT INTO OKM_TRANSLATION (TR_MODULE, TR_KEY, TR_TEXT, TR_LANGUAGE) VALUES ('frontend', 'button.select', 'Selecteer', 'nl-BE');
INSERT INTO OKM_TRANSLATION (TR_MODULE, TR_KEY, TR_TEXT, TR_LANGUAGE) VALUES ('frontend', 'button.test', 'Test', 'nl-BE');
INSERT INTO OKM_TRANSLATION (TR_MODULE, TR_KEY, TR_TEXT, TR_LANGUAGE) VALUES ('frontend', 'button.next', 'Next', 'nl-BE');
INSERT INTO OKM_TRANSLATION (TR_MODULE, TR_KEY, TR_TEXT, TR_LANGUAGE) VALUES ('frontend', 'group.label', 'Property groep toevoegen', 'nl-BE');
INSERT INTO OKM_TRANSLATION (TR_MODULE, TR_KEY, TR_TEXT, TR_LANGUAGE) VALUES ('frontend', 'group.group', 'Groep', 'nl-BE');
INSERT INTO OKM_TRANSLATION (TR_MODULE, TR_KEY, TR_TEXT, TR_LANGUAGE) VALUES ('frontend', 'group.property.group', 'Eigenschap', 'nl-BE');
INSERT INTO OKM_TRANSLATION (TR_MODULE, TR_KEY, TR_TEXT, TR_LANGUAGE) VALUES ('frontend', 'bookmark.label', 'Favoriet toevoegen', 'nl-BE');
INSERT INTO OKM_TRANSLATION (TR_MODULE, TR_KEY, TR_TEXT, TR_LANGUAGE) VALUES ('frontend', 'bookmark.name', 'Naam', 'nl-BE');
INSERT INTO OKM_TRANSLATION (TR_MODULE, TR_KEY, TR_TEXT, TR_LANGUAGE) VALUES ('frontend', 'bookmark.edit.label', 'Favoriet bewerken', 'nl-BE');
INSERT INTO OKM_TRANSLATION (TR_MODULE, TR_KEY, TR_TEXT, TR_LANGUAGE) VALUES ('frontend', 'bookmark.path', 'Pad', 'nl-BE');
INSERT INTO OKM_TRANSLATION (TR_MODULE, TR_KEY, TR_TEXT, TR_LANGUAGE) VALUES ('frontend', 'bookmark.type', 'Type', 'nl-BE');
INSERT INTO OKM_TRANSLATION (TR_MODULE, TR_KEY, TR_TEXT, TR_LANGUAGE) VALUES ('frontend', 'bookmark.type.document', 'Document', 'nl-BE');
INSERT INTO OKM_TRANSLATION (TR_MODULE, TR_KEY, TR_TEXT, TR_LANGUAGE) VALUES ('frontend', 'bookmark.type.folder', 'Map', 'nl-BE');
INSERT INTO OKM_TRANSLATION (TR_MODULE, TR_KEY, TR_TEXT, TR_LANGUAGE) VALUES ('frontend', 'notify.label', 'Document link versturen', 'nl-BE');
INSERT INTO OKM_TRANSLATION (TR_MODULE, TR_KEY, TR_TEXT, TR_LANGUAGE) VALUES ('frontend', 'notify.label.attachment', 'Send document attachment', 'nl-BE');
INSERT INTO OKM_TRANSLATION (TR_MODULE, TR_KEY, TR_TEXT, TR_LANGUAGE) VALUES ('frontend', 'status.document.copied', 'Document gemarkeerd voor kopieren', 'nl-BE');
INSERT INTO OKM_TRANSLATION (TR_MODULE, TR_KEY, TR_TEXT, TR_LANGUAGE) VALUES ('frontend', 'status.document.cut', 'Document gemarkeerd voor knippen', 'nl-BE');
INSERT INTO OKM_TRANSLATION (TR_MODULE, TR_KEY, TR_TEXT, TR_LANGUAGE) VALUES ('frontend', 'status.folder.copied', 'Map gemarkeerd voor kopieren', 'nl-BE');
INSERT INTO OKM_TRANSLATION (TR_MODULE, TR_KEY, TR_TEXT, TR_LANGUAGE) VALUES ('frontend', 'status.folder.cut', 'Map gemarkeerd voor knippen', 'nl-BE');
INSERT INTO OKM_TRANSLATION (TR_MODULE, TR_KEY, TR_TEXT, TR_LANGUAGE) VALUES ('frontend', 'status.keep.alive.error', 'Verloren verbinding naar de server gedetecteerd (keep alive)', 'nl-BE');
INSERT INTO OKM_TRANSLATION (TR_MODULE, TR_KEY, TR_TEXT, TR_LANGUAGE) VALUES ('frontend', 'status.debug.enabled', 'Debug Ingeschakeld', 'nl-BE');
INSERT INTO OKM_TRANSLATION (TR_MODULE, TR_KEY, TR_TEXT, TR_LANGUAGE) VALUES ('frontend', 'status.debug.disabled', 'Debug Uitgeschakeld', 'nl-BE');
INSERT INTO OKM_TRANSLATION (TR_MODULE, TR_KEY, TR_TEXT, TR_LANGUAGE) VALUES ('frontend', 'status.network.error.detected', 'Network error detected', 'nl-BE');
INSERT INTO OKM_TRANSLATION (TR_MODULE, TR_KEY, TR_TEXT, TR_LANGUAGE) VALUES ('frontend', 'calendar.day.sunday', 'Zondag', 'nl-BE');
INSERT INTO OKM_TRANSLATION (TR_MODULE, TR_KEY, TR_TEXT, TR_LANGUAGE) VALUES ('frontend', 'calendar.day.monday', 'Maandag', 'nl-BE');
INSERT INTO OKM_TRANSLATION (TR_MODULE, TR_KEY, TR_TEXT, TR_LANGUAGE) VALUES ('frontend', 'calendar.day.tuesday', 'Dinsdag', 'nl-BE');
INSERT INTO OKM_TRANSLATION (TR_MODULE, TR_KEY, TR_TEXT, TR_LANGUAGE) VALUES ('frontend', 'calendar.day.wednesday', 'Woensdag', 'nl-BE');
INSERT INTO OKM_TRANSLATION (TR_MODULE, TR_KEY, TR_TEXT, TR_LANGUAGE) VALUES ('frontend', 'calendar.day.thursday', 'Donderdag', 'nl-BE');
INSERT INTO OKM_TRANSLATION (TR_MODULE, TR_KEY, TR_TEXT, TR_LANGUAGE) VALUES ('frontend', 'calendar.day.friday', 'Vrijdag', 'nl-BE');
INSERT INTO OKM_TRANSLATION (TR_MODULE, TR_KEY, TR_TEXT, TR_LANGUAGE) VALUES ('frontend', 'calendar.day.saturday', 'Zaterdag', 'nl-BE');
INSERT INTO OKM_TRANSLATION (TR_MODULE, TR_KEY, TR_TEXT, TR_LANGUAGE) VALUES ('frontend', 'calendar.month.january', 'Januari', 'nl-BE');
INSERT INTO OKM_TRANSLATION (TR_MODULE, TR_KEY, TR_TEXT, TR_LANGUAGE) VALUES ('frontend', 'calendar.month.february', 'Februari', 'nl-BE');
INSERT INTO OKM_TRANSLATION (TR_MODULE, TR_KEY, TR_TEXT, TR_LANGUAGE) VALUES ('frontend', 'calendar.month.march', 'Maart', 'nl-BE');
INSERT INTO OKM_TRANSLATION (TR_MODULE, TR_KEY, TR_TEXT, TR_LANGUAGE) VALUES ('frontend', 'calendar.month.april', 'April', 'nl-BE');
INSERT INTO OKM_TRANSLATION (TR_MODULE, TR_KEY, TR_TEXT, TR_LANGUAGE) VALUES ('frontend', 'calendar.month.may', 'Mei', 'nl-BE');
INSERT INTO OKM_TRANSLATION (TR_MODULE, TR_KEY, TR_TEXT, TR_LANGUAGE) VALUES ('frontend', 'calendar.month.june', 'Juni', 'nl-BE');
INSERT INTO OKM_TRANSLATION (TR_MODULE, TR_KEY, TR_TEXT, TR_LANGUAGE) VALUES ('frontend', 'calendar.month.july', 'July', 'nl-BE');
INSERT INTO OKM_TRANSLATION (TR_MODULE, TR_KEY, TR_TEXT, TR_LANGUAGE) VALUES ('frontend', 'calendar.month.august', 'Augustus', 'nl-BE');
INSERT INTO OKM_TRANSLATION (TR_MODULE, TR_KEY, TR_TEXT, TR_LANGUAGE) VALUES ('frontend', 'calendar.month.september', 'September', 'nl-BE');
INSERT INTO OKM_TRANSLATION (TR_MODULE, TR_KEY, TR_TEXT, TR_LANGUAGE) VALUES ('frontend', 'calendar.month.october', 'Oktober', 'nl-BE');
INSERT INTO OKM_TRANSLATION (TR_MODULE, TR_KEY, TR_TEXT, TR_LANGUAGE) VALUES ('frontend', 'calendar.month.november', 'November', 'nl-BE');
INSERT INTO OKM_TRANSLATION (TR_MODULE, TR_KEY, TR_TEXT, TR_LANGUAGE) VALUES ('frontend', 'calendar.month.december', 'December', 'nl-BE');
INSERT INTO OKM_TRANSLATION (TR_MODULE, TR_KEY, TR_TEXT, TR_LANGUAGE) VALUES ('frontend', 'media.player.label', 'Media speler', 'nl-BE');
INSERT INTO OKM_TRANSLATION (TR_MODULE, TR_KEY, TR_TEXT, TR_LANGUAGE) VALUES ('frontend', 'image.viewer.label', 'Afbeelding viewer', 'nl-BE');
INSERT INTO OKM_TRANSLATION (TR_MODULE, TR_KEY, TR_TEXT, TR_LANGUAGE) VALUES ('frontend', 'image.viewer.zoom.in', 'Zoom in', 'nl-BE');
INSERT INTO OKM_TRANSLATION (TR_MODULE, TR_KEY, TR_TEXT, TR_LANGUAGE) VALUES ('frontend', 'image.viewer.zoom.out', 'Zoom uit', 'nl-BE');
INSERT INTO OKM_TRANSLATION (TR_MODULE, TR_KEY, TR_TEXT, TR_LANGUAGE) VALUES ('frontend', 'debug.console.label', 'Debug console', 'nl-BE');
INSERT INTO OKM_TRANSLATION (TR_MODULE, TR_KEY, TR_TEXT, TR_LANGUAGE) VALUES ('frontend', 'debug.enable.disable', 'CTRL+Z om debug modus aan/uit te zetten', 'nl-BE');
INSERT INTO OKM_TRANSLATION (TR_MODULE, TR_KEY, TR_TEXT, TR_LANGUAGE) VALUES ('frontend', 'dashboard.tab.general', 'Algemeen', 'nl-BE');
INSERT INTO OKM_TRANSLATION (TR_MODULE, TR_KEY, TR_TEXT, TR_LANGUAGE) VALUES ('frontend', 'dashboard.tab.news', 'Nieuws', 'nl-BE');
INSERT INTO OKM_TRANSLATION (TR_MODULE, TR_KEY, TR_TEXT, TR_LANGUAGE) VALUES ('frontend', 'dashboard.tab.user', 'User', 'nl-BE');
INSERT INTO OKM_TRANSLATION (TR_MODULE, TR_KEY, TR_TEXT, TR_LANGUAGE) VALUES ('frontend', 'dashboard.tab.workflow', 'Workflow', 'nl-BE');
INSERT INTO OKM_TRANSLATION (TR_MODULE, TR_KEY, TR_TEXT, TR_LANGUAGE) VALUES ('frontend', 'dashboard.tab.mail', 'Mail', 'nl-BE');
INSERT INTO OKM_TRANSLATION (TR_MODULE, TR_KEY, TR_TEXT, TR_LANGUAGE) VALUES ('frontend', 'dashboard.tab.keymap', 'Sleutelwoord mapping', 'nl-BE');
INSERT INTO OKM_TRANSLATION (TR_MODULE, TR_KEY, TR_TEXT, TR_LANGUAGE) VALUES ('frontend', 'dashboard.new.items', 'New', 'nl-BE');
INSERT INTO OKM_TRANSLATION (TR_MODULE, TR_KEY, TR_TEXT, TR_LANGUAGE) VALUES ('frontend', 'dashboard.user.locked.documents', 'Gelockte documenten', 'nl-BE');
INSERT INTO OKM_TRANSLATION (TR_MODULE, TR_KEY, TR_TEXT, TR_LANGUAGE) VALUES ('frontend', 'dashboard.user.checkout.documents', 'Check-out documenten', 'nl-BE');
INSERT INTO OKM_TRANSLATION (TR_MODULE, TR_KEY, TR_TEXT, TR_LANGUAGE) VALUES ('frontend', 'dashboard.user.last.modified.documents', 'Laatst bewerkte documenten', 'nl-BE');
INSERT INTO OKM_TRANSLATION (TR_MODULE, TR_KEY, TR_TEXT, TR_LANGUAGE) VALUES ('frontend', 'dashboard.user.last.downloaded.documents', 'Laatst gedownloade documenten', 'nl-BE');
INSERT INTO OKM_TRANSLATION (TR_MODULE, TR_KEY, TR_TEXT, TR_LANGUAGE) VALUES ('frontend', 'dashboard.user.subscribed.documents', 'Ingeschreven documenten', 'nl-BE');
INSERT INTO OKM_TRANSLATION (TR_MODULE, TR_KEY, TR_TEXT, TR_LANGUAGE) VALUES ('frontend', 'dashboard.user.subscribed.folders', 'Ingeschreven mappen', 'nl-BE');
INSERT INTO OKM_TRANSLATION (TR_MODULE, TR_KEY, TR_TEXT, TR_LANGUAGE) VALUES ('frontend', 'dashboard.user.last.uploaded.documents', 'Documenten laast ge-upload', 'nl-BE');
INSERT INTO OKM_TRANSLATION (TR_MODULE, TR_KEY, TR_TEXT, TR_LANGUAGE) VALUES ('frontend', 'dashboard.general.last.week.top.downloaded.documents', 'Vorige week top gedownloade documenten', 'nl-BE');
INSERT INTO OKM_TRANSLATION (TR_MODULE, TR_KEY, TR_TEXT, TR_LANGUAGE) VALUES ('frontend', 'dashboard.general.last.month.top.downloaded.documents', 'Vorige maand top gedownloade documenten', 'nl-BE');
INSERT INTO OKM_TRANSLATION (TR_MODULE, TR_KEY, TR_TEXT, TR_LANGUAGE) VALUES ('frontend', 'dashboard.general.last.week.top.modified.documents', 'Vorige week top bewerkte documenten', 'nl-BE');
INSERT INTO OKM_TRANSLATION (TR_MODULE, TR_KEY, TR_TEXT, TR_LANGUAGE) VALUES ('frontend', 'dashboard.general.last.month.top.modified.documents', 'Vorige maand top bekeken documenten', 'nl-BE');
INSERT INTO OKM_TRANSLATION (TR_MODULE, TR_KEY, TR_TEXT, TR_LANGUAGE) VALUES ('frontend', 'dashboard.general.last.uploaded.documents', 'Documenten laatst ge-upload', 'nl-BE');
INSERT INTO OKM_TRANSLATION (TR_MODULE, TR_KEY, TR_TEXT, TR_LANGUAGE) VALUES ('frontend', 'dashboard.workflow.pending.tasks', 'Wachtende opdrachten', 'nl-BE');
INSERT INTO OKM_TRANSLATION (TR_MODULE, TR_KEY, TR_TEXT, TR_LANGUAGE) VALUES ('frontend', 'dashboard.workflow.pending.tasks.unassigned', 'Unassigned pending tasks', 'nl-BE');
INSERT INTO OKM_TRANSLATION (TR_MODULE, TR_KEY, TR_TEXT, TR_LANGUAGE) VALUES ('frontend', 'dashboard.workflow.task', 'Opdracht', 'nl-BE');
INSERT INTO OKM_TRANSLATION (TR_MODULE, TR_KEY, TR_TEXT, TR_LANGUAGE) VALUES ('frontend', 'dashboard.workflow.task.id', 'ID', 'nl-BE');
INSERT INTO OKM_TRANSLATION (TR_MODULE, TR_KEY, TR_TEXT, TR_LANGUAGE) VALUES ('frontend', 'dashboard.workflow.task.name', 'Naam', 'nl-BE');
INSERT INTO OKM_TRANSLATION (TR_MODULE, TR_KEY, TR_TEXT, TR_LANGUAGE) VALUES ('frontend', 'dashboard.workflow.task.created', 'Creation date', 'nl-BE');
INSERT INTO OKM_TRANSLATION (TR_MODULE, TR_KEY, TR_TEXT, TR_LANGUAGE) VALUES ('frontend', 'dashboard.workflow.task.start', 'Start datum', 'nl-BE');
INSERT INTO OKM_TRANSLATION (TR_MODULE, TR_KEY, TR_TEXT, TR_LANGUAGE) VALUES ('frontend', 'dashboard.workflow.task.duedate', 'Due date', 'nl-BE');
INSERT INTO OKM_TRANSLATION (TR_MODULE, TR_KEY, TR_TEXT, TR_LANGUAGE) VALUES ('frontend', 'dashboard.workflow.task.end', 'Eind datum', 'nl-BE');
INSERT INTO OKM_TRANSLATION (TR_MODULE, TR_KEY, TR_TEXT, TR_LANGUAGE) VALUES ('frontend', 'dashboard.workflow.task.description', 'Description', 'nl-BE');
INSERT INTO OKM_TRANSLATION (TR_MODULE, TR_KEY, TR_TEXT, TR_LANGUAGE) VALUES ('frontend', 'dashboard.workflow.task.process.instance', 'Process instance', 'nl-BE');
INSERT INTO OKM_TRANSLATION (TR_MODULE, TR_KEY, TR_TEXT, TR_LANGUAGE) VALUES ('frontend', 'dashboard.workflow.task.process.id', 'ID', 'nl-BE');
INSERT INTO OKM_TRANSLATION (TR_MODULE, TR_KEY, TR_TEXT, TR_LANGUAGE) VALUES ('frontend', 'dashboard.workflow.task.process.version', 'Versie', 'nl-BE');
INSERT INTO OKM_TRANSLATION (TR_MODULE, TR_KEY, TR_TEXT, TR_LANGUAGE) VALUES ('frontend', 'dashboard.workflow.task.process.name', 'Naam', 'nl-BE');
INSERT INTO OKM_TRANSLATION (TR_MODULE, TR_KEY, TR_TEXT, TR_LANGUAGE) VALUES ('frontend', 'dashboard.workflow.task.process.description', 'Omschrijving', 'nl-BE');
INSERT INTO OKM_TRANSLATION (TR_MODULE, TR_KEY, TR_TEXT, TR_LANGUAGE) VALUES ('frontend', 'dashboard.workflow.task.process.data', 'Data', 'nl-BE');
INSERT INTO OKM_TRANSLATION (TR_MODULE, TR_KEY, TR_TEXT, TR_LANGUAGE) VALUES ('frontend', 'dashboard.workflow.comments', 'Comments', 'nl-BE');
INSERT INTO OKM_TRANSLATION (TR_MODULE, TR_KEY, TR_TEXT, TR_LANGUAGE) VALUES ('frontend', 'dashboard.workflow.task.process.forms', 'Form', 'nl-BE');
INSERT INTO OKM_TRANSLATION (TR_MODULE, TR_KEY, TR_TEXT, TR_LANGUAGE) VALUES ('frontend', 'dashboard.workflow.add.comment', 'Add comment', 'nl-BE');
INSERT INTO OKM_TRANSLATION (TR_MODULE, TR_KEY, TR_TEXT, TR_LANGUAGE) VALUES ('frontend', 'dashboard.workflow.task.process.definition', 'Proces definitie', 'nl-BE');
INSERT INTO OKM_TRANSLATION (TR_MODULE, TR_KEY, TR_TEXT, TR_LANGUAGE) VALUES ('frontend', 'dashboard.workflow.task.process.path', 'Pad', 'nl-BE');
INSERT INTO OKM_TRANSLATION (TR_MODULE, TR_KEY, TR_TEXT, TR_LANGUAGE) VALUES ('frontend', 'dashboard.refreshing', 'Refreshing', 'nl-BE');
INSERT INTO OKM_TRANSLATION (TR_MODULE, TR_KEY, TR_TEXT, TR_LANGUAGE) VALUES ('frontend', 'dashboard.keyword', 'Sleutelwoorden', 'nl-BE');
INSERT INTO OKM_TRANSLATION (TR_MODULE, TR_KEY, TR_TEXT, TR_LANGUAGE) VALUES ('frontend', 'dashboard.keyword.suggest', 'Tik het sleutelwoord', 'nl-BE');
INSERT INTO OKM_TRANSLATION (TR_MODULE, TR_KEY, TR_TEXT, TR_LANGUAGE) VALUES ('frontend', 'dashboard.keyword.all', 'Alle sleutelwoorden', 'nl-BE');
INSERT INTO OKM_TRANSLATION (TR_MODULE, TR_KEY, TR_TEXT, TR_LANGUAGE) VALUES ('frontend', 'dashboard.keyword.top', 'Top sleutelwoorden', 'nl-BE');
INSERT INTO OKM_TRANSLATION (TR_MODULE, TR_KEY, TR_TEXT, TR_LANGUAGE) VALUES ('frontend', 'dashboard.keyword.related', 'Gerelateerde sleutelwoorden', 'nl-BE');
INSERT INTO OKM_TRANSLATION (TR_MODULE, TR_KEY, TR_TEXT, TR_LANGUAGE) VALUES ('frontend', 'dashboard.keyword.goto.document', 'Go naar document', 'nl-BE');
INSERT INTO OKM_TRANSLATION (TR_MODULE, TR_KEY, TR_TEXT, TR_LANGUAGE) VALUES ('frontend', 'dashboard.keyword.clean.keywords', 'Sleutelwoorden opruimen', 'nl-BE');
INSERT INTO OKM_TRANSLATION (TR_MODULE, TR_KEY, TR_TEXT, TR_LANGUAGE) VALUES ('frontend', 'dashboard.mail.last.imported.mails', 'Electronic mails', 'nl-BE');
INSERT INTO OKM_TRANSLATION (TR_MODULE, TR_KEY, TR_TEXT, TR_LANGUAGE) VALUES ('frontend', 'dashboard.mail.last.imported.attached.documents', 'Attachments', 'nl-BE');
INSERT INTO OKM_TRANSLATION (TR_MODULE, TR_KEY, TR_TEXT, TR_LANGUAGE) VALUES ('frontend', 'workflow.label', 'Start workflow', 'nl-BE');
INSERT INTO OKM_TRANSLATION (TR_MODULE, TR_KEY, TR_TEXT, TR_LANGUAGE) VALUES ('frontend', 'user.preferences.label', 'User configuration', 'nl-BE');
INSERT INTO OKM_TRANSLATION (TR_MODULE, TR_KEY, TR_TEXT, TR_LANGUAGE) VALUES ('frontend', 'user.preferences.user', 'User', 'nl-BE');
INSERT INTO OKM_TRANSLATION (TR_MODULE, TR_KEY, TR_TEXT, TR_LANGUAGE) VALUES ('frontend', 'user.preferences.password', 'Password', 'nl-BE');
INSERT INTO OKM_TRANSLATION (TR_MODULE, TR_KEY, TR_TEXT, TR_LANGUAGE) VALUES ('frontend', 'user.preferences.mail', 'E-mail', 'nl-BE');
INSERT INTO OKM_TRANSLATION (TR_MODULE, TR_KEY, TR_TEXT, TR_LANGUAGE) VALUES ('frontend', 'user.preferences.roles', 'Roles', 'nl-BE');
INSERT INTO OKM_TRANSLATION (TR_MODULE, TR_KEY, TR_TEXT, TR_LANGUAGE) VALUES ('frontend', 'user.preferences.imap.host', 'IMAP server', 'nl-BE');
INSERT INTO OKM_TRANSLATION (TR_MODULE, TR_KEY, TR_TEXT, TR_LANGUAGE) VALUES ('frontend', 'user.preferences.imap.user', 'IMAP user name', 'nl-BE');
INSERT INTO OKM_TRANSLATION (TR_MODULE, TR_KEY, TR_TEXT, TR_LANGUAGE) VALUES ('frontend', 'user.preferences.imap.user.password', 'IMAP user password', 'nl-BE');
INSERT INTO OKM_TRANSLATION (TR_MODULE, TR_KEY, TR_TEXT, TR_LANGUAGE) VALUES ('frontend', 'user.preferences.imap.folder', 'IMAP folder', 'nl-BE');
INSERT INTO OKM_TRANSLATION (TR_MODULE, TR_KEY, TR_TEXT, TR_LANGUAGE) VALUES ('frontend', 'user.preferences.password.error', 'Error: passwords are diferent', 'nl-BE');
INSERT INTO OKM_TRANSLATION (TR_MODULE, TR_KEY, TR_TEXT, TR_LANGUAGE) VALUES ('frontend', 'user.preferences.user.data', 'User account', 'nl-BE');
INSERT INTO OKM_TRANSLATION (TR_MODULE, TR_KEY, TR_TEXT, TR_LANGUAGE) VALUES ('frontend', 'user.preferences.mail.data', 'Mail account', 'nl-BE');
INSERT INTO OKM_TRANSLATION (TR_MODULE, TR_KEY, TR_TEXT, TR_LANGUAGE) VALUES ('frontend', 'user.preferences.imap.error', 'All fields are obligatory to set the mail configurations', 'nl-BE');
INSERT INTO OKM_TRANSLATION (TR_MODULE, TR_KEY, TR_TEXT, TR_LANGUAGE) VALUES ('frontend', 'user.preferences.imap.password.error.void', 'Password must not be empty on IMAP mail creation', 'nl-BE');
INSERT INTO OKM_TRANSLATION (TR_MODULE, TR_KEY, TR_TEXT, TR_LANGUAGE) VALUES ('frontend', 'user.preferences.imap.test.error', 'IMAP configuration error', 'nl-BE');
INSERT INTO OKM_TRANSLATION (TR_MODULE, TR_KEY, TR_TEXT, TR_LANGUAGE) VALUES ('frontend', 'user.preferences.imap.test.ok', 'IMAP configuration ok', 'nl-BE');
INSERT INTO OKM_TRANSLATION (TR_MODULE, TR_KEY, TR_TEXT, TR_LANGUAGE) VALUES ('frontend', 'thesaurus.directory.select.label', 'Add thesaurus keyword', 'nl-BE');
INSERT INTO OKM_TRANSLATION (TR_MODULE, TR_KEY, TR_TEXT, TR_LANGUAGE) VALUES ('frontend', 'thesaurus.tab.tree', 'Tree', 'nl-BE');
INSERT INTO OKM_TRANSLATION (TR_MODULE, TR_KEY, TR_TEXT, TR_LANGUAGE) VALUES ('frontend', 'thesaurus.tab.keywords', 'Keywords', 'nl-BE');
INSERT INTO OKM_TRANSLATION (TR_MODULE, TR_KEY, TR_TEXT, TR_LANGUAGE) VALUES ('frontend', 'categories.folder.select.label', 'Add category', 'nl-BE');
INSERT INTO OKM_TRANSLATION (TR_MODULE, TR_KEY, TR_TEXT, TR_LANGUAGE) VALUES ('frontend', 'categories.folder.error.delete', 'Cannot delete category with documents', 'nl-BE');
INSERT INTO OKM_TRANSLATION (TR_MODULE, TR_KEY, TR_TEXT, TR_LANGUAGE) VALUES ('frontend', 'wizard.document.uploading', 'Document wizard', 'nl-BE');
INSERT INTO OKM_TRANSLATION (TR_MODULE, TR_KEY, TR_TEXT, TR_LANGUAGE) VALUES ('frontend', 'user.info.chat.connect', 'Connect to chat', 'nl-BE');
INSERT INTO OKM_TRANSLATION (TR_MODULE, TR_KEY, TR_TEXT, TR_LANGUAGE) VALUES ('frontend', 'user.info.chat.disconnect', 'Disconnet chat', 'nl-BE');
INSERT INTO OKM_TRANSLATION (TR_MODULE, TR_KEY, TR_TEXT, TR_LANGUAGE) VALUES ('frontend', 'user.info.chat.new.room', 'Net chat room', 'nl-BE');
INSERT INTO OKM_TRANSLATION (TR_MODULE, TR_KEY, TR_TEXT, TR_LANGUAGE) VALUES ('frontend', 'user.info.locked.actual', 'Locked documents', 'nl-BE');
INSERT INTO OKM_TRANSLATION (TR_MODULE, TR_KEY, TR_TEXT, TR_LANGUAGE) VALUES ('frontend', 'user.info.checkout.actual', 'Checkout documents', 'nl-BE');
INSERT INTO OKM_TRANSLATION (TR_MODULE, TR_KEY, TR_TEXT, TR_LANGUAGE) VALUES ('frontend', 'user.info.subscription.actual', 'Actual subscriptions', 'nl-BE');
INSERT INTO OKM_TRANSLATION (TR_MODULE, TR_KEY, TR_TEXT, TR_LANGUAGE) VALUES ('frontend', 'user.info.news.new', 'News', 'nl-BE');
INSERT INTO OKM_TRANSLATION (TR_MODULE, TR_KEY, TR_TEXT, TR_LANGUAGE) VALUES ('frontend', 'user.info.workflow.pending', 'Pending workflows', 'nl-BE');
INSERT INTO OKM_TRANSLATION (TR_MODULE, TR_KEY, TR_TEXT, TR_LANGUAGE) VALUES ('frontend', 'user.info.user.quota', 'Used quota', 'nl-BE');
INSERT INTO OKM_TRANSLATION (TR_MODULE, TR_KEY, TR_TEXT, TR_LANGUAGE) VALUES ('frontend', 'user.online', 'Users online', 'nl-BE');
INSERT INTO OKM_TRANSLATION (TR_MODULE, TR_KEY, TR_TEXT, TR_LANGUAGE) VALUES ('frontend', 'chat.room', 'Chat', 'nl-BE');
INSERT INTO OKM_TRANSLATION (TR_MODULE, TR_KEY, TR_TEXT, TR_LANGUAGE) VALUES ('frontend', 'chat.users.in.room', 'Users', 'nl-BE');
INSERT INTO OKM_TRANSLATION (TR_MODULE, TR_KEY, TR_TEXT, TR_LANGUAGE) VALUES ('frontend', 'OKM-017009', 'Bestand toegang geweigerd', 'nl-BE');
INSERT INTO OKM_TRANSLATION (TR_MODULE, TR_KEY, TR_TEXT, TR_LANGUAGE) VALUES ('frontend', 'OKM-017004', 'Bestand beschermen geweigerd', 'nl-BE');
INSERT INTO OKM_TRANSLATION (TR_MODULE, TR_KEY, TR_TEXT, TR_LANGUAGE) VALUES ('frontend', 'OKM-017001', 'Interne fout met bestand', 'nl-BE');
INSERT INTO OKM_TRANSLATION (TR_MODULE, TR_KEY, TR_TEXT, TR_LANGUAGE) VALUES ('frontend', 'OKM-017015', 'Document path not found', 'nl-BE');
INSERT INTO OKM_TRANSLATION (TR_MODULE, TR_KEY, TR_TEXT, TR_LANGUAGE) VALUES ('frontend', 'OKM-017016', 'Version error', 'nl-BE');
INSERT INTO OKM_TRANSLATION (TR_MODULE, TR_KEY, TR_TEXT, TR_LANGUAGE) VALUES ('frontend', 'OKM-002009', 'Bestand toegang geweigerd', 'nl-BE');
INSERT INTO OKM_TRANSLATION (TR_MODULE, TR_KEY, TR_TEXT, TR_LANGUAGE) VALUES ('frontend', 'OKM-002002', 'Bestand niet gevonden', 'nl-BE');
INSERT INTO OKM_TRANSLATION (TR_MODULE, TR_KEY, TR_TEXT, TR_LANGUAGE) VALUES ('frontend', 'OKM-002003', 'Bestand bestaat reeds', 'nl-BE');
INSERT INTO OKM_TRANSLATION (TR_MODULE, TR_KEY, TR_TEXT, TR_LANGUAGE) VALUES ('frontend', 'OKM-002004', 'Bestand beschermen geweigerd', 'nl-BE');
INSERT INTO OKM_TRANSLATION (TR_MODULE, TR_KEY, TR_TEXT, TR_LANGUAGE) VALUES ('frontend', 'OKM-002004', 'Bestand vrijgeven gewenst', 'nl-BE');
INSERT INTO OKM_TRANSLATION (TR_MODULE, TR_KEY, TR_TEXT, TR_LANGUAGE) VALUES ('frontend', 'OKM-002001', 'Interne fout met bestand', 'nl-BE');
INSERT INTO OKM_TRANSLATION (TR_MODULE, TR_KEY, TR_TEXT, TR_LANGUAGE) VALUES ('frontend', 'OKM-002006', 'Algemene fout met bestand', 'nl-BE');
INSERT INTO OKM_TRANSLATION (TR_MODULE, TR_KEY, TR_TEXT, TR_LANGUAGE) VALUES ('frontend', 'OKM-002015', 'Document path not found', 'nl-BE');
INSERT INTO OKM_TRANSLATION (TR_MODULE, TR_KEY, TR_TEXT, TR_LANGUAGE) VALUES ('frontend', 'OKM-002024', 'Database error', 'nl-BE');
INSERT INTO OKM_TRANSLATION (TR_MODULE, TR_KEY, TR_TEXT, TR_LANGUAGE) VALUES ('frontend', 'OKM-001009', 'Map toegang geweigerd', 'nl-BE');
INSERT INTO OKM_TRANSLATION (TR_MODULE, TR_KEY, TR_TEXT, TR_LANGUAGE) VALUES ('frontend', 'OKM-001002', 'Map niet gevonden', 'nl-BE');
INSERT INTO OKM_TRANSLATION (TR_MODULE, TR_KEY, TR_TEXT, TR_LANGUAGE) VALUES ('frontend', 'OKM-001003', 'Map bestaat reeds', 'nl-BE');
INSERT INTO OKM_TRANSLATION (TR_MODULE, TR_KEY, TR_TEXT, TR_LANGUAGE) VALUES ('frontend', 'OKM-001001', 'Interne fout met map', 'nl-BE');
INSERT INTO OKM_TRANSLATION (TR_MODULE, TR_KEY, TR_TEXT, TR_LANGUAGE) VALUES ('frontend', 'OKM-001006', 'Algemene fout met map', 'nl-BE');
INSERT INTO OKM_TRANSLATION (TR_MODULE, TR_KEY, TR_TEXT, TR_LANGUAGE) VALUES ('frontend', 'OKM-001015', 'Folder path not found', 'nl-BE');
INSERT INTO OKM_TRANSLATION (TR_MODULE, TR_KEY, TR_TEXT, TR_LANGUAGE) VALUES ('frontend', 'OKM-001024', 'Database error', 'nl-BE');
INSERT INTO OKM_TRANSLATION (TR_MODULE, TR_KEY, TR_TEXT, TR_LANGUAGE) VALUES ('frontend', 'OKM-007009', 'Toegang geweigerd', 'nl-BE');
INSERT INTO OKM_TRANSLATION (TR_MODULE, TR_KEY, TR_TEXT, TR_LANGUAGE) VALUES ('frontend', 'OKM-007002', 'Niet gevonden', 'nl-BE');
INSERT INTO OKM_TRANSLATION (TR_MODULE, TR_KEY, TR_TEXT, TR_LANGUAGE) VALUES ('frontend', 'OKM-007001', 'Interne fout', 'nl-BE');
INSERT INTO OKM_TRANSLATION (TR_MODULE, TR_KEY, TR_TEXT, TR_LANGUAGE) VALUES ('frontend', 'OKM-007006', 'Algemene fout', 'nl-BE');
INSERT INTO OKM_TRANSLATION (TR_MODULE, TR_KEY, TR_TEXT, TR_LANGUAGE) VALUES ('frontend', 'OKM-007024', 'Database error', 'nl-BE');
INSERT INTO OKM_TRANSLATION (TR_MODULE, TR_KEY, TR_TEXT, TR_LANGUAGE) VALUES ('frontend', 'OKM-009002', 'Bestand niet gevonden', 'nl-BE');
INSERT INTO OKM_TRANSLATION (TR_MODULE, TR_KEY, TR_TEXT, TR_LANGUAGE) VALUES ('frontend', 'OKM-009006', 'Algemene fout', 'nl-BE');
INSERT INTO OKM_TRANSLATION (TR_MODULE, TR_KEY, TR_TEXT, TR_LANGUAGE) VALUES ('frontend', 'OKM-005010', 'Bestandsformaat niet ondersteund', 'nl-BE');
INSERT INTO OKM_TRANSLATION (TR_MODULE, TR_KEY, TR_TEXT, TR_LANGUAGE) VALUES ('frontend', 'OKM-005003', 'Bestand bestaat reeds', 'nl-BE');
INSERT INTO OKM_TRANSLATION (TR_MODULE, TR_KEY, TR_TEXT, TR_LANGUAGE) VALUES ('frontend', 'OKM-005011', 'Bestandsgrootte overschreden', 'nl-BE');
INSERT INTO OKM_TRANSLATION (TR_MODULE, TR_KEY, TR_TEXT, TR_LANGUAGE) VALUES ('frontend', 'OKM-005027', 'Document name is diferent', 'nl-BE');
INSERT INTO OKM_TRANSLATION (TR_MODULE, TR_KEY, TR_TEXT, TR_LANGUAGE) VALUES ('frontend', 'OKM-004001', 'Sessie afgesloten', 'nl-BE');
INSERT INTO OKM_TRANSLATION (TR_MODULE, TR_KEY, TR_TEXT, TR_LANGUAGE) VALUES ('frontend', 'OKM-004024', 'Database error', 'nl-BE');
INSERT INTO OKM_TRANSLATION (TR_MODULE, TR_KEY, TR_TEXT, TR_LANGUAGE) VALUES ('frontend', 'OKM-008001', 'Algemene fout bij uitvoeren query', 'nl-BE');
INSERT INTO OKM_TRANSLATION (TR_MODULE, TR_KEY, TR_TEXT, TR_LANGUAGE) VALUES ('frontend', 'OKM-008003', 'De opgeslagen zoekopdracht naam moet uniek zijn', 'nl-BE');
INSERT INTO OKM_TRANSLATION (TR_MODULE, TR_KEY, TR_TEXT, TR_LANGUAGE) VALUES ('frontend', 'OKM-008024', 'Database error', 'nl-BE');
INSERT INTO OKM_TRANSLATION (TR_MODULE, TR_KEY, TR_TEXT, TR_LANGUAGE) VALUES ('frontend', 'OKM-011003', 'De favoriet naam moet uniek zijn', 'nl-BE');
INSERT INTO OKM_TRANSLATION (TR_MODULE, TR_KEY, TR_TEXT, TR_LANGUAGE) VALUES ('frontend', 'OKM-003017', 'Session lost', 'nl-BE');
INSERT INTO OKM_TRANSLATION (TR_MODULE, TR_KEY, TR_TEXT, TR_LANGUAGE) VALUES ('frontend', 'OKM-013001', 'Interne fout met map', 'nl-BE');
INSERT INTO OKM_TRANSLATION (TR_MODULE, TR_KEY, TR_TEXT, TR_LANGUAGE) VALUES ('frontend', 'OKM-013024', 'Database error', 'nl-BE');
INSERT INTO OKM_TRANSLATION (TR_MODULE, TR_KEY, TR_TEXT, TR_LANGUAGE) VALUES ('frontend', 'OKM-014001', 'Interne fout met map', 'nl-BE');
INSERT INTO OKM_TRANSLATION (TR_MODULE, TR_KEY, TR_TEXT, TR_LANGUAGE) VALUES ('frontend', 'OKM-014013', 'Error on I/O', 'nl-BE');
INSERT INTO OKM_TRANSLATION (TR_MODULE, TR_KEY, TR_TEXT, TR_LANGUAGE) VALUES ('frontend', 'OKM-015001', 'Interne fout met map', 'nl-BE');
INSERT INTO OKM_TRANSLATION (TR_MODULE, TR_KEY, TR_TEXT, TR_LANGUAGE) VALUES ('frontend', 'OKM-015024', 'Database error', 'nl-BE');
INSERT INTO OKM_TRANSLATION (TR_MODULE, TR_KEY, TR_TEXT, TR_LANGUAGE) VALUES ('frontend', 'OKM-018022', 'Error in browser configuration', 'nl-BE');
INSERT INTO OKM_TRANSLATION (TR_MODULE, TR_KEY, TR_TEXT, TR_LANGUAGE) VALUES ('frontend', 'OKM-018023', 'Error user quota exceed,  contact with adminitrator', 'nl-BE');
INSERT INTO OKM_TRANSLATION (TR_MODULE, TR_KEY, TR_TEXT, TR_LANGUAGE) VALUES ('frontend', 'OKM-016009', 'Document access denied', 'nl-BE');
INSERT INTO OKM_TRANSLATION (TR_MODULE, TR_KEY, TR_TEXT, TR_LANGUAGE) VALUES ('frontend', 'OKM-016002', 'Document not found', 'nl-BE');
INSERT INTO OKM_TRANSLATION (TR_MODULE, TR_KEY, TR_TEXT, TR_LANGUAGE) VALUES ('frontend', 'OKM-016003', 'Document already exists', 'nl-BE');
INSERT INTO OKM_TRANSLATION (TR_MODULE, TR_KEY, TR_TEXT, TR_LANGUAGE) VALUES ('frontend', 'OKM-016004', 'Document lock denied', 'nl-BE');
INSERT INTO OKM_TRANSLATION (TR_MODULE, TR_KEY, TR_TEXT, TR_LANGUAGE) VALUES ('frontend', 'OKM-016001', 'Repository internal error', 'nl-BE');
INSERT INTO OKM_TRANSLATION (TR_MODULE, TR_KEY, TR_TEXT, TR_LANGUAGE) VALUES ('frontend', 'OKM-016006', 'Application internal error', 'nl-BE');
INSERT INTO OKM_TRANSLATION (TR_MODULE, TR_KEY, TR_TEXT, TR_LANGUAGE) VALUES ('frontend', 'OKM-016015', 'Document path not found', 'nl-BE');
INSERT INTO OKM_TRANSLATION (TR_MODULE, TR_KEY, TR_TEXT, TR_LANGUAGE) VALUES ('frontend', 'OKM-016024', 'Database error', 'nl-BE');
INSERT INTO OKM_TRANSLATION (TR_MODULE, TR_KEY, TR_TEXT, TR_LANGUAGE) VALUES ('frontend', 'OKM-010015', 'Path not found', 'nl-BE');
INSERT INTO OKM_TRANSLATION (TR_MODULE, TR_KEY, TR_TEXT, TR_LANGUAGE) VALUES ('frontend', 'OKM-010009', 'Access denied', 'nl-BE');
INSERT INTO OKM_TRANSLATION (TR_MODULE, TR_KEY, TR_TEXT, TR_LANGUAGE) VALUES ('frontend', 'OKM-010001', 'Repository internal error', 'nl-BE');
INSERT INTO OKM_TRANSLATION (TR_MODULE, TR_KEY, TR_TEXT, TR_LANGUAGE) VALUES ('frontend', 'OKM-010024', 'Database error', 'nl-BE');
INSERT INTO OKM_TRANSLATION (TR_MODULE, TR_KEY, TR_TEXT, TR_LANGUAGE) VALUES ('frontend', 'OKM-010006', 'Application internal error ', 'nl-BE');
INSERT INTO OKM_TRANSLATION (TR_MODULE, TR_KEY, TR_TEXT, TR_LANGUAGE) VALUES ('frontend', 'OKM-009004', 'Locked', 'nl-BE');
INSERT INTO OKM_TRANSLATION (TR_MODULE, TR_KEY, TR_TEXT, TR_LANGUAGE) VALUES ('frontend', 'OKM-009015', 'Path not exist', 'nl-BE');
INSERT INTO OKM_TRANSLATION (TR_MODULE, TR_KEY, TR_TEXT, TR_LANGUAGE) VALUES ('frontend', 'OKM-009009', 'Access denied', 'nl-BE');
INSERT INTO OKM_TRANSLATION (TR_MODULE, TR_KEY, TR_TEXT, TR_LANGUAGE) VALUES ('frontend', 'OKM-009001', 'Repository internal error', 'nl-BE');
INSERT INTO OKM_TRANSLATION (TR_MODULE, TR_KEY, TR_TEXT, TR_LANGUAGE) VALUES ('frontend', 'OKM-009024', 'Database error', 'nl-BE');
INSERT INTO OKM_TRANSLATION (TR_MODULE, TR_KEY, TR_TEXT, TR_LANGUAGE) VALUES ('frontend', 'OKM-009006', 'Application internal error', 'nl-BE');
INSERT INTO OKM_TRANSLATION (TR_MODULE, TR_KEY, TR_TEXT, TR_LANGUAGE) VALUES ('frontend', 'OKM-009012', 'Group not exists', 'nl-BE');
INSERT INTO OKM_TRANSLATION (TR_MODULE, TR_KEY, TR_TEXT, TR_LANGUAGE) VALUES ('frontend', 'OKM-009014', 'Property not exists', 'nl-BE');
INSERT INTO OKM_TRANSLATION (TR_MODULE, TR_KEY, TR_TEXT, TR_LANGUAGE) VALUES ('frontend', 'OKM-009013', 'Error on I/O', 'nl-BE');
INSERT INTO OKM_TRANSLATION (TR_MODULE, TR_KEY, TR_TEXT, TR_LANGUAGE) VALUES ('frontend', 'OKM-012001', 'Repository internal error', 'nl-BE');
INSERT INTO OKM_TRANSLATION (TR_MODULE, TR_KEY, TR_TEXT, TR_LANGUAGE) VALUES ('frontend', 'OKM-012006', 'Application internal error', 'nl-BE');
INSERT INTO OKM_TRANSLATION (TR_MODULE, TR_KEY, TR_TEXT, TR_LANGUAGE) VALUES ('frontend', 'OKM-012015', 'Path not exist', 'nl-BE');
INSERT INTO OKM_TRANSLATION (TR_MODULE, TR_KEY, TR_TEXT, TR_LANGUAGE) VALUES ('frontend', 'OKM-012024', 'Database error', 'nl-BE');
INSERT INTO OKM_TRANSLATION (TR_MODULE, TR_KEY, TR_TEXT, TR_LANGUAGE) VALUES ('frontend', 'OKM-012009', 'Access denied', 'nl-BE');
INSERT INTO OKM_TRANSLATION (TR_MODULE, TR_KEY, TR_TEXT, TR_LANGUAGE) VALUES ('frontend', 'OKM-019001', 'Repository internal error', 'nl-BE');
INSERT INTO OKM_TRANSLATION (TR_MODULE, TR_KEY, TR_TEXT, TR_LANGUAGE) VALUES ('frontend', 'OKM-019006', 'Application internal error', 'nl-BE');
INSERT INTO OKM_TRANSLATION (TR_MODULE, TR_KEY, TR_TEXT, TR_LANGUAGE) VALUES ('frontend', 'OKM-019024', 'Database error', 'nl-BE');
insert into OKM_LANGUAGE (LG_ID, LG_NAME, LG_IMAGE_CONTENT, LG_IMAGE_MIME) values ('zh-CN', 'Chinese simple', 'R0lGODlhEAALAOeGAJ0AAJ8AAKEAAKMAAKUAAKcAAKkAAKsAAK8AALMAALcAALkAAL0AAMEAAMMAAMcAAMsAAM0AAM8AANEAANMAANUAANcAANALC9EPDtEQENMTE9MUFNQZGdUZGdUaGtUeHtYfH9cfH9cgINcjI9gkJNklJdkmJtkpKdkqKtkrK9YsLNorK9ssLNYvL9cvL9suLtsvL9swMNgyMtwxMdg1Ndw0NN00NNg2Nt01Nd02Nt43Nt43N9o5Odo7O946Ot47Ot47O947PN48PNs9Pd88Pdw/P+A/P99AQOVFANxCQuBBQuBCQuFCQd1EROFERN1GRuFFReFHR99JSeNJSeNKSd9LS+FOTuNPT+RPT+FQUORSS+JTU+VTU+JUVeRUVONXV+ZXVONYWOZYWORcXOdcWeRdXeZgYOZhYudlZehmZuhpaehqauhvbelvb+pyc+x5dup/R+1/e+2Eee2JUO6JeeyQRu2SRu2WTO+YWfCbVPGoUfKld/W/cfXLS/XMS/bPUfnadPrce/rdevriXPvmXP3zX////////////////////////////////////////////////////////////////////////////////////////////////////////////////////////////////////////////////////////////////////////////////////////////////////////////////////////////////////////////////////////////////////////////////////////////////////////////////////////////////////////////////////////////////////////////////////////////////////////////////////////////////////////////////////////////////////////////////////////////////////////yH+EUNyZWF0ZWQgd2l0aCBHSU1QACwAAAAAEAALAAAIwQAtVKBQoQISCRIiQHjwwEEDBgwqxAkkZw8gPmzUoDEz5ssWKwooCCo0iEyeP3eiLCGyYwYLKQko0CGEx4uePnCUCNExY4WJJggovBEDZo6fOkyC5IixooSIIgcmuOFyRYudI0CWpigRwkOPAhLaYKEC5cgPHDBQkADRYcMNAhHWTIFixIeNtGvbZpAhAEIaJ3VrvDgx4gMHDRguuBDw4EyZMF2yVHmSZAgPGjJaqADQ8OECBQkQHDBQYICAAAAEBAQAOw==', 'image/gif');
INSERT INTO OKM_TRANSLATION (TR_MODULE, TR_KEY, TR_TEXT, TR_LANGUAGE) VALUES ('frontend', 'general.date.pattern', 'yyyy-MM-dd HH:mm:ss', 'zh-CN');
INSERT INTO OKM_TRANSLATION (TR_MODULE, TR_KEY, TR_TEXT, TR_LANGUAGE) VALUES ('frontend', 'general.day.pattern', 'yyyy-MM-dd', 'zh-CN');
INSERT INTO OKM_TRANSLATION (TR_MODULE, TR_KEY, TR_TEXT, TR_LANGUAGE) VALUES ('frontend', 'general.hour.pattern', 'HH:mm:ss', 'zh-CN');
INSERT INTO OKM_TRANSLATION (TR_MODULE, TR_KEY, TR_TEXT, TR_LANGUAGE) VALUES ('frontend', 'startup.openkm', 'OpenKM', 'zh-CN');
INSERT INTO OKM_TRANSLATION (TR_MODULE, TR_KEY, TR_TEXT, TR_LANGUAGE) VALUES ('frontend', 'startup.starting.loading', 'OpenKM', 'zh-CN');
INSERT INTO OKM_TRANSLATION (TR_MODULE, TR_KEY, TR_TEXT, TR_LANGUAGE) VALUES ('frontend', 'startup.taxonomy', '', 'zh-CN');
INSERT INTO OKM_TRANSLATION (TR_MODULE, TR_KEY, TR_TEXT, TR_LANGUAGE) VALUES ('frontend', 'startup.categories', '', 'zh-CN');
INSERT INTO OKM_TRANSLATION (TR_MODULE, TR_KEY, TR_TEXT, TR_LANGUAGE) VALUES ('frontend', 'startup.template', '', 'zh-CN');
INSERT INTO OKM_TRANSLATION (TR_MODULE, TR_KEY, TR_TEXT, TR_LANGUAGE) VALUES ('frontend', 'startup.personal', '', 'zh-CN');
INSERT INTO OKM_TRANSLATION (TR_MODULE, TR_KEY, TR_TEXT, TR_LANGUAGE) VALUES ('frontend', 'startup.mail', ' e-mail', 'zh-CN');
INSERT INTO OKM_TRANSLATION (TR_MODULE, TR_KEY, TR_TEXT, TR_LANGUAGE) VALUES ('frontend', 'startup.trash', '', 'zh-CN');
INSERT INTO OKM_TRANSLATION (TR_MODULE, TR_KEY, TR_TEXT, TR_LANGUAGE) VALUES ('frontend', 'startup.user.home', '', 'zh-CN');
INSERT INTO OKM_TRANSLATION (TR_MODULE, TR_KEY, TR_TEXT, TR_LANGUAGE) VALUES ('frontend', 'startup.bookmarks', '', 'zh-CN');
INSERT INTO OKM_TRANSLATION (TR_MODULE, TR_KEY, TR_TEXT, TR_LANGUAGE) VALUES ('frontend', 'startup.loading.taxonomy', '', 'zh-CN');
INSERT INTO OKM_TRANSLATION (TR_MODULE, TR_KEY, TR_TEXT, TR_LANGUAGE) VALUES ('frontend', 'startup.loading.taxonomy.getting.folders', '- ', 'zh-CN');
INSERT INTO OKM_TRANSLATION (TR_MODULE, TR_KEY, TR_TEXT, TR_LANGUAGE) VALUES ('frontend', 'startup.loading.taxonomy.eval.params', '- eval ', 'zh-CN');
INSERT INTO OKM_TRANSLATION (TR_MODULE, TR_KEY, TR_TEXT, TR_LANGUAGE) VALUES ('frontend', 'startup.loading.taxonomy.open.path', '- ', 'zh-CN');
INSERT INTO OKM_TRANSLATION (TR_MODULE, TR_KEY, TR_TEXT, TR_LANGUAGE) VALUES ('frontend', 'startup.loading.taxonomy.getting.filebrowser.folders', '- ', 'zh-CN');
INSERT INTO OKM_TRANSLATION (TR_MODULE, TR_KEY, TR_TEXT, TR_LANGUAGE) VALUES ('frontend', 'startup.loading.taxonomy.getting.filebrowser.documents', '- ', 'zh-CN');
INSERT INTO OKM_TRANSLATION (TR_MODULE, TR_KEY, TR_TEXT, TR_LANGUAGE) VALUES ('frontend', 'startup.loading.taxonomy.getting.filebrowser.mails', ' - ', 'zh-CN');
INSERT INTO OKM_TRANSLATION (TR_MODULE, TR_KEY, TR_TEXT, TR_LANGUAGE) VALUES ('frontend', 'startup.loading.personal', '', 'zh-CN');
INSERT INTO OKM_TRANSLATION (TR_MODULE, TR_KEY, TR_TEXT, TR_LANGUAGE) VALUES ('frontend', 'startup.loading.mail', '', 'zh-CN');
INSERT INTO OKM_TRANSLATION (TR_MODULE, TR_KEY, TR_TEXT, TR_LANGUAGE) VALUES ('frontend', 'startup.loading.templates', '', 'zh-CN');
INSERT INTO OKM_TRANSLATION (TR_MODULE, TR_KEY, TR_TEXT, TR_LANGUAGE) VALUES ('frontend', 'startup.loading.mail', '', 'zh-CN');
INSERT INTO OKM_TRANSLATION (TR_MODULE, TR_KEY, TR_TEXT, TR_LANGUAGE) VALUES ('frontend', 'startup.loading.categories', '', 'zh-CN');
INSERT INTO OKM_TRANSLATION (TR_MODULE, TR_KEY, TR_TEXT, TR_LANGUAGE) VALUES ('frontend', 'startup.loading.thesaurus', '', 'zh-CN');
INSERT INTO OKM_TRANSLATION (TR_MODULE, TR_KEY, TR_TEXT, TR_LANGUAGE) VALUES ('frontend', 'startup.loading.trash', '', 'zh-CN');
INSERT INTO OKM_TRANSLATION (TR_MODULE, TR_KEY, TR_TEXT, TR_LANGUAGE) VALUES ('frontend', 'startup.loading.history.search', '', 'zh-CN');
INSERT INTO OKM_TRANSLATION (TR_MODULE, TR_KEY, TR_TEXT, TR_LANGUAGE) VALUES ('frontend', 'startup.loading.user.values', '', 'zh-CN');
INSERT INTO OKM_TRANSLATION (TR_MODULE, TR_KEY, TR_TEXT, TR_LANGUAGE) VALUES ('frontend', 'startup.keep.alive', '', 'zh-CN');
INSERT INTO OKM_TRANSLATION (TR_MODULE, TR_KEY, TR_TEXT, TR_LANGUAGE) VALUES ('frontend', 'openkm.update.available', 'OpenKM ', 'zh-CN');
INSERT INTO OKM_TRANSLATION (TR_MODULE, TR_KEY, TR_TEXT, TR_LANGUAGE) VALUES ('frontend', 'leftpanel.label.taxonomy', '', 'zh-CN');
INSERT INTO OKM_TRANSLATION (TR_MODULE, TR_KEY, TR_TEXT, TR_LANGUAGE) VALUES ('frontend', 'leftpanel.label.trash', '', 'zh-CN');
INSERT INTO OKM_TRANSLATION (TR_MODULE, TR_KEY, TR_TEXT, TR_LANGUAGE) VALUES ('frontend', 'leftpanel.label.mail', '', 'zh-CN');
INSERT INTO OKM_TRANSLATION (TR_MODULE, TR_KEY, TR_TEXT, TR_LANGUAGE) VALUES ('frontend', 'leftpanel.label.stored.search', '', 'zh-CN');
INSERT INTO OKM_TRANSLATION (TR_MODULE, TR_KEY, TR_TEXT, TR_LANGUAGE) VALUES ('frontend', 'leftpanel.label.categories', '', 'zh-CN');
INSERT INTO OKM_TRANSLATION (TR_MODULE, TR_KEY, TR_TEXT, TR_LANGUAGE) VALUES ('frontend', 'leftpanel.label.thesaurus', '', 'zh-CN');
INSERT INTO OKM_TRANSLATION (TR_MODULE, TR_KEY, TR_TEXT, TR_LANGUAGE) VALUES ('frontend', 'leftpanel.label.templates', '', 'zh-CN');
INSERT INTO OKM_TRANSLATION (TR_MODULE, TR_KEY, TR_TEXT, TR_LANGUAGE) VALUES ('frontend', 'leftpanel.label.my.documents', '', 'zh-CN');
INSERT INTO OKM_TRANSLATION (TR_MODULE, TR_KEY, TR_TEXT, TR_LANGUAGE) VALUES ('frontend', 'leftpanel.label.user.search', '', 'zh-CN');
INSERT INTO OKM_TRANSLATION (TR_MODULE, TR_KEY, TR_TEXT, TR_LANGUAGE) VALUES ('frontend', 'leftpanel.label.all.repository', '', 'zh-CN');
INSERT INTO OKM_TRANSLATION (TR_MODULE, TR_KEY, TR_TEXT, TR_LANGUAGE) VALUES ('frontend', 'tree.menu.directory.create', '', 'zh-CN');
INSERT INTO OKM_TRANSLATION (TR_MODULE, TR_KEY, TR_TEXT, TR_LANGUAGE) VALUES ('frontend', 'tree.menu.directory.remove', '', 'zh-CN');
INSERT INTO OKM_TRANSLATION (TR_MODULE, TR_KEY, TR_TEXT, TR_LANGUAGE) VALUES ('frontend', 'tree.menu.directory.rename', '', 'zh-CN');
INSERT INTO OKM_TRANSLATION (TR_MODULE, TR_KEY, TR_TEXT, TR_LANGUAGE) VALUES ('frontend', 'tree.menu.directory.refresh', '', 'zh-CN');
INSERT INTO OKM_TRANSLATION (TR_MODULE, TR_KEY, TR_TEXT, TR_LANGUAGE) VALUES ('frontend', 'tree.menu.directory.move', '', 'zh-CN');
INSERT INTO OKM_TRANSLATION (TR_MODULE, TR_KEY, TR_TEXT, TR_LANGUAGE) VALUES ('frontend', 'tree.menu.directory.copy', '', 'zh-CN');
INSERT INTO OKM_TRANSLATION (TR_MODULE, TR_KEY, TR_TEXT, TR_LANGUAGE) VALUES ('frontend', 'tree.menu.directory.add.document', '', 'zh-CN');
INSERT INTO OKM_TRANSLATION (TR_MODULE, TR_KEY, TR_TEXT, TR_LANGUAGE) VALUES ('frontend', 'tree.menu.add.bookmark', '', 'zh-CN');
INSERT INTO OKM_TRANSLATION (TR_MODULE, TR_KEY, TR_TEXT, TR_LANGUAGE) VALUES ('frontend', 'tree.menu.set.home', '', 'zh-CN');
INSERT INTO OKM_TRANSLATION (TR_MODULE, TR_KEY, TR_TEXT, TR_LANGUAGE) VALUES ('frontend', 'tree.menu.export', '', 'zh-CN');
INSERT INTO OKM_TRANSLATION (TR_MODULE, TR_KEY, TR_TEXT, TR_LANGUAGE) VALUES ('frontend', 'tree.status.refresh.folder', '', 'zh-CN');
INSERT INTO OKM_TRANSLATION (TR_MODULE, TR_KEY, TR_TEXT, TR_LANGUAGE) VALUES ('frontend', 'tree.status.refresh.create', '', 'zh-CN');
INSERT INTO OKM_TRANSLATION (TR_MODULE, TR_KEY, TR_TEXT, TR_LANGUAGE) VALUES ('frontend', 'tree.status.refresh.delete', '', 'zh-CN');
INSERT INTO OKM_TRANSLATION (TR_MODULE, TR_KEY, TR_TEXT, TR_LANGUAGE) VALUES ('frontend', 'tree.status.refresh.rename', '', 'zh-CN');
INSERT INTO OKM_TRANSLATION (TR_MODULE, TR_KEY, TR_TEXT, TR_LANGUAGE) VALUES ('frontend', 'tree.status.refresh.restore', '', 'zh-CN');
INSERT INTO OKM_TRANSLATION (TR_MODULE, TR_KEY, TR_TEXT, TR_LANGUAGE) VALUES ('frontend', 'tree.status.refresh.purge', '', 'zh-CN');
INSERT INTO OKM_TRANSLATION (TR_MODULE, TR_KEY, TR_TEXT, TR_LANGUAGE) VALUES ('frontend', 'tree.status.refresh.get', '', 'zh-CN');
INSERT INTO OKM_TRANSLATION (TR_MODULE, TR_KEY, TR_TEXT, TR_LANGUAGE) VALUES ('frontend', 'tree.folder.new', '', 'zh-CN');
INSERT INTO OKM_TRANSLATION (TR_MODULE, TR_KEY, TR_TEXT, TR_LANGUAGE) VALUES ('frontend', 'tree.status.refresh.add.subscription', '', 'zh-CN');
INSERT INTO OKM_TRANSLATION (TR_MODULE, TR_KEY, TR_TEXT, TR_LANGUAGE) VALUES ('frontend', 'tree.status.refresh.remove.subscription', '', 'zh-CN');
INSERT INTO OKM_TRANSLATION (TR_MODULE, TR_KEY, TR_TEXT, TR_LANGUAGE) VALUES ('frontend', 'tree.status.refresh.get.root', '', 'zh-CN');
INSERT INTO OKM_TRANSLATION (TR_MODULE, TR_KEY, TR_TEXT, TR_LANGUAGE) VALUES ('frontend', 'tree.status.refresh.get.keywords', '', 'zh-CN');
INSERT INTO OKM_TRANSLATION (TR_MODULE, TR_KEY, TR_TEXT, TR_LANGUAGE) VALUES ('frontend', 'tree.status.refresh.get.user.home', '', 'zh-CN');
INSERT INTO OKM_TRANSLATION (TR_MODULE, TR_KEY, TR_TEXT, TR_LANGUAGE) VALUES ('frontend', 'tree.status.refresh.purge.trash', '', 'zh-CN');
INSERT INTO OKM_TRANSLATION (TR_MODULE, TR_KEY, TR_TEXT, TR_LANGUAGE) VALUES ('frontend', 'tree.menu.directory.find.folder', '...', 'zh-CN');
INSERT INTO OKM_TRANSLATION (TR_MODULE, TR_KEY, TR_TEXT, TR_LANGUAGE) VALUES ('frontend', 'trash.menu.directory.restore', '', 'zh-CN');
INSERT INTO OKM_TRANSLATION (TR_MODULE, TR_KEY, TR_TEXT, TR_LANGUAGE) VALUES ('frontend', 'trash.menu.directory.purge', '', 'zh-CN');
INSERT INTO OKM_TRANSLATION (TR_MODULE, TR_KEY, TR_TEXT, TR_LANGUAGE) VALUES ('frontend', 'trash.menu.directory.purge.trash', '', 'zh-CN');
INSERT INTO OKM_TRANSLATION (TR_MODULE, TR_KEY, TR_TEXT, TR_LANGUAGE) VALUES ('frontend', 'trash.directory.select.label', '', 'zh-CN');
INSERT INTO OKM_TRANSLATION (TR_MODULE, TR_KEY, TR_TEXT, TR_LANGUAGE) VALUES ('frontend', 'general.menu.file', '', 'zh-CN');
INSERT INTO OKM_TRANSLATION (TR_MODULE, TR_KEY, TR_TEXT, TR_LANGUAGE) VALUES ('frontend', 'general.menu.file.exit', '', 'zh-CN');
INSERT INTO OKM_TRANSLATION (TR_MODULE, TR_KEY, TR_TEXT, TR_LANGUAGE) VALUES ('frontend', 'general.menu.file.purge.trash', '', 'zh-CN');
INSERT INTO OKM_TRANSLATION (TR_MODULE, TR_KEY, TR_TEXT, TR_LANGUAGE) VALUES ('frontend', 'general.menu.edit', '', 'zh-CN');
INSERT INTO OKM_TRANSLATION (TR_MODULE, TR_KEY, TR_TEXT, TR_LANGUAGE) VALUES ('frontend', 'general.menu.file.create.directory', '', 'zh-CN');
INSERT INTO OKM_TRANSLATION (TR_MODULE, TR_KEY, TR_TEXT, TR_LANGUAGE) VALUES ('frontend', 'general.menu.file.download.document', '', 'zh-CN');
INSERT INTO OKM_TRANSLATION (TR_MODULE, TR_KEY, TR_TEXT, TR_LANGUAGE) VALUES ('frontend', 'general.menu.file.download.document.pdf', 'pdf', 'zh-CN');
INSERT INTO OKM_TRANSLATION (TR_MODULE, TR_KEY, TR_TEXT, TR_LANGUAGE) VALUES ('frontend', 'general.menu.file.send.link', '', 'zh-CN');
INSERT INTO OKM_TRANSLATION (TR_MODULE, TR_KEY, TR_TEXT, TR_LANGUAGE) VALUES ('frontend', 'general.menu.file.send.attachment', '', 'zh-CN');
INSERT INTO OKM_TRANSLATION (TR_MODULE, TR_KEY, TR_TEXT, TR_LANGUAGE) VALUES ('frontend', 'general.menu.file.lock', '', 'zh-CN');
INSERT INTO OKM_TRANSLATION (TR_MODULE, TR_KEY, TR_TEXT, TR_LANGUAGE) VALUES ('frontend', 'general.menu.file.unlock', '', 'zh-CN');
INSERT INTO OKM_TRANSLATION (TR_MODULE, TR_KEY, TR_TEXT, TR_LANGUAGE) VALUES ('frontend', 'general.menu.file.add.document', '', 'zh-CN');
INSERT INTO OKM_TRANSLATION (TR_MODULE, TR_KEY, TR_TEXT, TR_LANGUAGE) VALUES ('frontend', 'general.menu.file.checkout', '', 'zh-CN');
INSERT INTO OKM_TRANSLATION (TR_MODULE, TR_KEY, TR_TEXT, TR_LANGUAGE) VALUES ('frontend', 'general.menu.file.checkin', '', 'zh-CN');
INSERT INTO OKM_TRANSLATION (TR_MODULE, TR_KEY, TR_TEXT, TR_LANGUAGE) VALUES ('frontend', 'general.menu.file.cancel.checkout', '', 'zh-CN');
INSERT INTO OKM_TRANSLATION (TR_MODULE, TR_KEY, TR_TEXT, TR_LANGUAGE) VALUES ('frontend', 'general.menu.file.delete', '', 'zh-CN');
INSERT INTO OKM_TRANSLATION (TR_MODULE, TR_KEY, TR_TEXT, TR_LANGUAGE) VALUES ('frontend', 'general.menu.file.refresh', '', 'zh-CN');
INSERT INTO OKM_TRANSLATION (TR_MODULE, TR_KEY, TR_TEXT, TR_LANGUAGE) VALUES ('frontend', 'general.menu.file.scanner', '', 'zh-CN');
INSERT INTO OKM_TRANSLATION (TR_MODULE, TR_KEY, TR_TEXT, TR_LANGUAGE) VALUES ('frontend', 'general.menu.file.uploader', '', 'zh-CN');
INSERT INTO OKM_TRANSLATION (TR_MODULE, TR_KEY, TR_TEXT, TR_LANGUAGE) VALUES ('frontend', 'general.menu.tools', '', 'zh-CN');
INSERT INTO OKM_TRANSLATION (TR_MODULE, TR_KEY, TR_TEXT, TR_LANGUAGE) VALUES ('frontend', 'general.menu.tools.languages', '', 'zh-CN');
INSERT INTO OKM_TRANSLATION (TR_MODULE, TR_KEY, TR_TEXT, TR_LANGUAGE) VALUES ('frontend', 'general.menu.tools.skin', '', 'zh-CN');
INSERT INTO OKM_TRANSLATION (TR_MODULE, TR_KEY, TR_TEXT, TR_LANGUAGE) VALUES ('frontend', 'general.menu.tools.skin.default', '', 'zh-CN');
INSERT INTO OKM_TRANSLATION (TR_MODULE, TR_KEY, TR_TEXT, TR_LANGUAGE) VALUES ('frontend', 'general.menu.tools.skin.default2', '2', 'zh-CN');
INSERT INTO OKM_TRANSLATION (TR_MODULE, TR_KEY, TR_TEXT, TR_LANGUAGE) VALUES ('frontend', 'general.menu.tools.skin.mediumfont', '', 'zh-CN');
INSERT INTO OKM_TRANSLATION (TR_MODULE, TR_KEY, TR_TEXT, TR_LANGUAGE) VALUES ('frontend', 'general.menu.tools.skin.bigfont', '', 'zh-CN');
INSERT INTO OKM_TRANSLATION (TR_MODULE, TR_KEY, TR_TEXT, TR_LANGUAGE) VALUES ('frontend', 'general.menu.debug.console', '', 'zh-CN');
INSERT INTO OKM_TRANSLATION (TR_MODULE, TR_KEY, TR_TEXT, TR_LANGUAGE) VALUES ('frontend', 'general.menu.administration', '', 'zh-CN');
INSERT INTO OKM_TRANSLATION (TR_MODULE, TR_KEY, TR_TEXT, TR_LANGUAGE) VALUES ('frontend', 'general.menu.tools.preferences', 'Preferences', 'zh-CN');
INSERT INTO OKM_TRANSLATION (TR_MODULE, TR_KEY, TR_TEXT, TR_LANGUAGE) VALUES ('frontend', 'general.menu.tools.user.preferences', '', 'zh-CN');
INSERT INTO OKM_TRANSLATION (TR_MODULE, TR_KEY, TR_TEXT, TR_LANGUAGE) VALUES ('frontend', 'general.menu.bookmark', '', 'zh-CN');
INSERT INTO OKM_TRANSLATION (TR_MODULE, TR_KEY, TR_TEXT, TR_LANGUAGE) VALUES ('frontend', 'general.menu.bookmark.home', '', 'zh-CN');
INSERT INTO OKM_TRANSLATION (TR_MODULE, TR_KEY, TR_TEXT, TR_LANGUAGE) VALUES ('frontend', 'general.menu.bookmark.default.home', '', 'zh-CN');
INSERT INTO OKM_TRANSLATION (TR_MODULE, TR_KEY, TR_TEXT, TR_LANGUAGE) VALUES ('frontend', 'general.menu.bookmark.edit', '', 'zh-CN');
INSERT INTO OKM_TRANSLATION (TR_MODULE, TR_KEY, TR_TEXT, TR_LANGUAGE) VALUES ('frontend', 'general.menu.help', '', 'zh-CN');
INSERT INTO OKM_TRANSLATION (TR_MODULE, TR_KEY, TR_TEXT, TR_LANGUAGE) VALUES ('frontend', 'general.menu.bug.report', '', 'zh-CN');
INSERT INTO OKM_TRANSLATION (TR_MODULE, TR_KEY, TR_TEXT, TR_LANGUAGE) VALUES ('frontend', 'general.menu.support.request', '', 'zh-CN');
INSERT INTO OKM_TRANSLATION (TR_MODULE, TR_KEY, TR_TEXT, TR_LANGUAGE) VALUES ('frontend', 'general.menu.public.forum', '', 'zh-CN');
INSERT INTO OKM_TRANSLATION (TR_MODULE, TR_KEY, TR_TEXT, TR_LANGUAGE) VALUES ('frontend', 'general.menu.project.web', '', 'zh-CN');
INSERT INTO OKM_TRANSLATION (TR_MODULE, TR_KEY, TR_TEXT, TR_LANGUAGE) VALUES ('frontend', 'general.menu.version.changes', '', 'zh-CN');
INSERT INTO OKM_TRANSLATION (TR_MODULE, TR_KEY, TR_TEXT, TR_LANGUAGE) VALUES ('frontend', 'general.menu.documentation', '', 'zh-CN');
INSERT INTO OKM_TRANSLATION (TR_MODULE, TR_KEY, TR_TEXT, TR_LANGUAGE) VALUES ('frontend', 'general.menu.about', 'OpenKM', 'zh-CN');
INSERT INTO OKM_TRANSLATION (TR_MODULE, TR_KEY, TR_TEXT, TR_LANGUAGE) VALUES ('frontend', 'general.connected', '', 'zh-CN');
INSERT INTO OKM_TRANSLATION (TR_MODULE, TR_KEY, TR_TEXT, TR_LANGUAGE) VALUES ('frontend', 'filebrowser.name', '', 'zh-CN');
INSERT INTO OKM_TRANSLATION (TR_MODULE, TR_KEY, TR_TEXT, TR_LANGUAGE) VALUES ('frontend', 'filebrowser.date.update', '', 'zh-CN');
INSERT INTO OKM_TRANSLATION (TR_MODULE, TR_KEY, TR_TEXT, TR_LANGUAGE) VALUES ('frontend', 'filebrowser.size', '', 'zh-CN');
INSERT INTO OKM_TRANSLATION (TR_MODULE, TR_KEY, TR_TEXT, TR_LANGUAGE) VALUES ('frontend', 'filebrowser.path', '', 'zh-CN');
INSERT INTO OKM_TRANSLATION (TR_MODULE, TR_KEY, TR_TEXT, TR_LANGUAGE) VALUES ('frontend', 'filebrowser.author', '', 'zh-CN');
INSERT INTO OKM_TRANSLATION (TR_MODULE, TR_KEY, TR_TEXT, TR_LANGUAGE) VALUES ('frontend', 'filebrowser.version', '', 'zh-CN');
INSERT INTO OKM_TRANSLATION (TR_MODULE, TR_KEY, TR_TEXT, TR_LANGUAGE) VALUES ('frontend', 'filebrowser.menu.checkout', '', 'zh-CN');
INSERT INTO OKM_TRANSLATION (TR_MODULE, TR_KEY, TR_TEXT, TR_LANGUAGE) VALUES ('frontend', 'filebrowser.menu.checkin', '', 'zh-CN');
INSERT INTO OKM_TRANSLATION (TR_MODULE, TR_KEY, TR_TEXT, TR_LANGUAGE) VALUES ('frontend', 'filebrowser.menu.delete', '', 'zh-CN');
INSERT INTO OKM_TRANSLATION (TR_MODULE, TR_KEY, TR_TEXT, TR_LANGUAGE) VALUES ('frontend', 'filebrowser.menu.rename', '', 'zh-CN');
INSERT INTO OKM_TRANSLATION (TR_MODULE, TR_KEY, TR_TEXT, TR_LANGUAGE) VALUES ('frontend', 'filebrowser.menu.checkout.cancel', '', 'zh-CN');
INSERT INTO OKM_TRANSLATION (TR_MODULE, TR_KEY, TR_TEXT, TR_LANGUAGE) VALUES ('frontend', 'filebrowser.menu.lock', '', 'zh-CN');
INSERT INTO OKM_TRANSLATION (TR_MODULE, TR_KEY, TR_TEXT, TR_LANGUAGE) VALUES ('frontend', 'filebrowser.menu.unlock', '', 'zh-CN');
INSERT INTO OKM_TRANSLATION (TR_MODULE, TR_KEY, TR_TEXT, TR_LANGUAGE) VALUES ('frontend', 'filebrowser.menu.download', '', 'zh-CN');
INSERT INTO OKM_TRANSLATION (TR_MODULE, TR_KEY, TR_TEXT, TR_LANGUAGE) VALUES ('frontend', 'filebrowser.menu.move', '', 'zh-CN');
INSERT INTO OKM_TRANSLATION (TR_MODULE, TR_KEY, TR_TEXT, TR_LANGUAGE) VALUES ('frontend', 'filebrowser.menu.copy', '', 'zh-CN');
INSERT INTO OKM_TRANSLATION (TR_MODULE, TR_KEY, TR_TEXT, TR_LANGUAGE) VALUES ('frontend', 'filebrowser.menu.create.from.template', '', 'zh-CN');
INSERT INTO OKM_TRANSLATION (TR_MODULE, TR_KEY, TR_TEXT, TR_LANGUAGE) VALUES ('frontend', 'filebrowser.menu.add.property.group', '', 'zh-CN');
INSERT INTO OKM_TRANSLATION (TR_MODULE, TR_KEY, TR_TEXT, TR_LANGUAGE) VALUES ('frontend', 'filebrowser.menu.remove.property.group', '', 'zh-CN');
INSERT INTO OKM_TRANSLATION (TR_MODULE, TR_KEY, TR_TEXT, TR_LANGUAGE) VALUES ('frontend', 'filebrowser.menu.start.workflow', '', 'zh-CN');
INSERT INTO OKM_TRANSLATION (TR_MODULE, TR_KEY, TR_TEXT, TR_LANGUAGE) VALUES ('frontend', 'filebrowser.menu.add.subscription', '', 'zh-CN');
INSERT INTO OKM_TRANSLATION (TR_MODULE, TR_KEY, TR_TEXT, TR_LANGUAGE) VALUES ('frontend', 'filebrowser.menu.remove.subscription', '', 'zh-CN');
INSERT INTO OKM_TRANSLATION (TR_MODULE, TR_KEY, TR_TEXT, TR_LANGUAGE) VALUES ('frontend', 'filebrowser.menu.add.bookmark', '', 'zh-CN');
INSERT INTO OKM_TRANSLATION (TR_MODULE, TR_KEY, TR_TEXT, TR_LANGUAGE) VALUES ('frontend', 'filebrowser.menu.set.home', '', 'zh-CN');
INSERT INTO OKM_TRANSLATION (TR_MODULE, TR_KEY, TR_TEXT, TR_LANGUAGE) VALUES ('frontend', 'filebrowser.menu.refresh', '', 'zh-CN');
INSERT INTO OKM_TRANSLATION (TR_MODULE, TR_KEY, TR_TEXT, TR_LANGUAGE) VALUES ('frontend', 'filebrowser.menu.export', '', 'zh-CN');
INSERT INTO OKM_TRANSLATION (TR_MODULE, TR_KEY, TR_TEXT, TR_LANGUAGE) VALUES ('frontend', 'filebrowser.menu.play', '', 'zh-CN');
INSERT INTO OKM_TRANSLATION (TR_MODULE, TR_KEY, TR_TEXT, TR_LANGUAGE) VALUES ('frontend', 'filebrowser.menu.image.viewer', '', 'zh-CN');
INSERT INTO OKM_TRANSLATION (TR_MODULE, TR_KEY, TR_TEXT, TR_LANGUAGE) VALUES ('frontend', 'filebrowser.status.refresh.folder', '', 'zh-CN');
INSERT INTO OKM_TRANSLATION (TR_MODULE, TR_KEY, TR_TEXT, TR_LANGUAGE) VALUES ('frontend', 'filebrowser.status.refresh.document', '', 'zh-CN');
INSERT INTO OKM_TRANSLATION (TR_MODULE, TR_KEY, TR_TEXT, TR_LANGUAGE) VALUES ('frontend', 'filebrowser.status.refresh.mail', '', 'zh-CN');
INSERT INTO OKM_TRANSLATION (TR_MODULE, TR_KEY, TR_TEXT, TR_LANGUAGE) VALUES ('frontend', 'filebrowser.status.refresh.delete.folder', '', 'zh-CN');
INSERT INTO OKM_TRANSLATION (TR_MODULE, TR_KEY, TR_TEXT, TR_LANGUAGE) VALUES ('frontend', 'filebrowser.status.refresh.delete.document', '', 'zh-CN');
INSERT INTO OKM_TRANSLATION (TR_MODULE, TR_KEY, TR_TEXT, TR_LANGUAGE) VALUES ('frontend', 'filebrowser.status.refresh.checkout', '', 'zh-CN');
INSERT INTO OKM_TRANSLATION (TR_MODULE, TR_KEY, TR_TEXT, TR_LANGUAGE) VALUES ('frontend', 'filebrowser.status.refresh.lock', '', 'zh-CN');
INSERT INTO OKM_TRANSLATION (TR_MODULE, TR_KEY, TR_TEXT, TR_LANGUAGE) VALUES ('frontend', 'filebrowser.status.refresh.unlock', '', 'zh-CN');
INSERT INTO OKM_TRANSLATION (TR_MODULE, TR_KEY, TR_TEXT, TR_LANGUAGE) VALUES ('frontend', 'filebrowser.status.refresh.document.rename', '', 'zh-CN');
INSERT INTO OKM_TRANSLATION (TR_MODULE, TR_KEY, TR_TEXT, TR_LANGUAGE) VALUES ('frontend', 'filebrowser.status.refresh.folder.rename', '', 'zh-CN');
INSERT INTO OKM_TRANSLATION (TR_MODULE, TR_KEY, TR_TEXT, TR_LANGUAGE) VALUES ('frontend', 'filebrowser.status.refresh.document.purge', '', 'zh-CN');
INSERT INTO OKM_TRANSLATION (TR_MODULE, TR_KEY, TR_TEXT, TR_LANGUAGE) VALUES ('frontend', 'filebrowser.status.refresh.folder.purge', '', 'zh-CN');
INSERT INTO OKM_TRANSLATION (TR_MODULE, TR_KEY, TR_TEXT, TR_LANGUAGE) VALUES ('frontend', 'filebrowser.status.refresh.folder.get', '', 'zh-CN');
INSERT INTO OKM_TRANSLATION (TR_MODULE, TR_KEY, TR_TEXT, TR_LANGUAGE) VALUES ('frontend', 'filebrowser.status.refresh.document.get', '', 'zh-CN');
INSERT INTO OKM_TRANSLATION (TR_MODULE, TR_KEY, TR_TEXT, TR_LANGUAGE) VALUES ('frontend', 'filebrowser.status.refresh.add.subscription', '', 'zh-CN');
INSERT INTO OKM_TRANSLATION (TR_MODULE, TR_KEY, TR_TEXT, TR_LANGUAGE) VALUES ('frontend', 'filebrowser.status.refresh.remove.subscription', '', 'zh-CN');
INSERT INTO OKM_TRANSLATION (TR_MODULE, TR_KEY, TR_TEXT, TR_LANGUAGE) VALUES ('frontend', 'filebrowser.status.refresh.get.user.home', '', 'zh-CN');
INSERT INTO OKM_TRANSLATION (TR_MODULE, TR_KEY, TR_TEXT, TR_LANGUAGE) VALUES ('frontend', 'filebrowser.status.refresh.delete.mail', '', 'zh-CN');
INSERT INTO OKM_TRANSLATION (TR_MODULE, TR_KEY, TR_TEXT, TR_LANGUAGE) VALUES ('frontend', 'filebrowser.status.refresh.mail.purge', '', 'zh-CN');
INSERT INTO OKM_TRANSLATION (TR_MODULE, TR_KEY, TR_TEXT, TR_LANGUAGE) VALUES ('frontend', 'fileupload.send', '', 'zh-CN');
INSERT INTO OKM_TRANSLATION (TR_MODULE, TR_KEY, TR_TEXT, TR_LANGUAGE) VALUES ('frontend', 'fileupload.status.sending', '...', 'zh-CN');
INSERT INTO OKM_TRANSLATION (TR_MODULE, TR_KEY, TR_TEXT, TR_LANGUAGE) VALUES ('frontend', 'fileupload.status.indexing', '...', 'zh-CN');
INSERT INTO OKM_TRANSLATION (TR_MODULE, TR_KEY, TR_TEXT, TR_LANGUAGE) VALUES ('frontend', 'fileupload.status.ok', '', 'zh-CN');
INSERT INTO OKM_TRANSLATION (TR_MODULE, TR_KEY, TR_TEXT, TR_LANGUAGE) VALUES ('frontend', 'fileupload.upload.status', '', 'zh-CN');
INSERT INTO OKM_TRANSLATION (TR_MODULE, TR_KEY, TR_TEXT, TR_LANGUAGE) VALUES ('frontend', 'fileupload.upload.uploaded', '', 'zh-CN');
INSERT INTO OKM_TRANSLATION (TR_MODULE, TR_KEY, TR_TEXT, TR_LANGUAGE) VALUES ('frontend', 'fileupload.upload.completed', '', 'zh-CN');
INSERT INTO OKM_TRANSLATION (TR_MODULE, TR_KEY, TR_TEXT, TR_LANGUAGE) VALUES ('frontend', 'fileupload.upload.runtime', '', 'zh-CN');
INSERT INTO OKM_TRANSLATION (TR_MODULE, TR_KEY, TR_TEXT, TR_LANGUAGE) VALUES ('frontend', 'fileupload.upload.remaining', '', 'zh-CN');
INSERT INTO OKM_TRANSLATION (TR_MODULE, TR_KEY, TR_TEXT, TR_LANGUAGE) VALUES ('frontend', 'fileupload.button.close', '', 'zh-CN');
INSERT INTO OKM_TRANSLATION (TR_MODULE, TR_KEY, TR_TEXT, TR_LANGUAGE) VALUES ('frontend', 'fileupload.button.add.other.file', '', 'zh-CN');
INSERT INTO OKM_TRANSLATION (TR_MODULE, TR_KEY, TR_TEXT, TR_LANGUAGE) VALUES ('frontend', 'fileupload.status.move.file', '...', 'zh-CN');
INSERT INTO OKM_TRANSLATION (TR_MODULE, TR_KEY, TR_TEXT, TR_LANGUAGE) VALUES ('frontend', 'fileupload.status.move.mail', '...', 'zh-CN');
INSERT INTO OKM_TRANSLATION (TR_MODULE, TR_KEY, TR_TEXT, TR_LANGUAGE) VALUES ('frontend', 'fileupload.status.copy.file', '...', 'zh-CN');
INSERT INTO OKM_TRANSLATION (TR_MODULE, TR_KEY, TR_TEXT, TR_LANGUAGE) VALUES ('frontend', 'fileupload.status.copy.mail', '...', 'zh-CN');
INSERT INTO OKM_TRANSLATION (TR_MODULE, TR_KEY, TR_TEXT, TR_LANGUAGE) VALUES ('frontend', 'fileupload.status.restore.file', '...', 'zh-CN');
INSERT INTO OKM_TRANSLATION (TR_MODULE, TR_KEY, TR_TEXT, TR_LANGUAGE) VALUES ('frontend', 'fileupload.status.restore.mail', '...', 'zh-CN');
INSERT INTO OKM_TRANSLATION (TR_MODULE, TR_KEY, TR_TEXT, TR_LANGUAGE) VALUES ('frontend', 'fileupload.status.move.folder', '...', 'zh-CN');
INSERT INTO OKM_TRANSLATION (TR_MODULE, TR_KEY, TR_TEXT, TR_LANGUAGE) VALUES ('frontend', 'fileupload.status.copy.folder', '...', 'zh-CN');
INSERT INTO OKM_TRANSLATION (TR_MODULE, TR_KEY, TR_TEXT, TR_LANGUAGE) VALUES ('frontend', 'fileupload.status.restore.folder', '...', 'zh-CN');
INSERT INTO OKM_TRANSLATION (TR_MODULE, TR_KEY, TR_TEXT, TR_LANGUAGE) VALUES ('frontend', 'fileupload.status.create.from.template', '...', 'zh-CN');
INSERT INTO OKM_TRANSLATION (TR_MODULE, TR_KEY, TR_TEXT, TR_LANGUAGE) VALUES ('frontend', 'fileupload.status.of', '', 'zh-CN');
INSERT INTO OKM_TRANSLATION (TR_MODULE, TR_KEY, TR_TEXT, TR_LANGUAGE) VALUES ('frontend', 'fileupload.label.insert', '', 'zh-CN');
INSERT INTO OKM_TRANSLATION (TR_MODULE, TR_KEY, TR_TEXT, TR_LANGUAGE) VALUES ('frontend', 'fileupload.label.update', '', 'zh-CN');
INSERT INTO OKM_TRANSLATION (TR_MODULE, TR_KEY, TR_TEXT, TR_LANGUAGE) VALUES ('frontend', 'fileupload.label.users.notify', '', 'zh-CN');
INSERT INTO OKM_TRANSLATION (TR_MODULE, TR_KEY, TR_TEXT, TR_LANGUAGE) VALUES ('frontend', 'fileupload.label.comment', '', 'zh-CN');
INSERT INTO OKM_TRANSLATION (TR_MODULE, TR_KEY, TR_TEXT, TR_LANGUAGE) VALUES ('frontend', 'fileupload.label.users.to.notify', '', 'zh-CN');
INSERT INTO OKM_TRANSLATION (TR_MODULE, TR_KEY, TR_TEXT, TR_LANGUAGE) VALUES ('frontend', 'fileupload.label.users', '', 'zh-CN');
INSERT INTO OKM_TRANSLATION (TR_MODULE, TR_KEY, TR_TEXT, TR_LANGUAGE) VALUES ('frontend', 'fileupload.label.groups.to.notify', '', 'zh-CN');
INSERT INTO OKM_TRANSLATION (TR_MODULE, TR_KEY, TR_TEXT, TR_LANGUAGE) VALUES ('frontend', 'fileupload.label.groups', '', 'zh-CN');
INSERT INTO OKM_TRANSLATION (TR_MODULE, TR_KEY, TR_TEXT, TR_LANGUAGE) VALUES ('frontend', 'fileupload.label.must.select.users', '', 'zh-CN');
INSERT INTO OKM_TRANSLATION (TR_MODULE, TR_KEY, TR_TEXT, TR_LANGUAGE) VALUES ('frontend', 'fileupload.label.importZip', 'zip', 'zh-CN');
INSERT INTO OKM_TRANSLATION (TR_MODULE, TR_KEY, TR_TEXT, TR_LANGUAGE) VALUES ('frontend', 'fileupload.label.notify.comment', '', 'zh-CN');
INSERT INTO OKM_TRANSLATION (TR_MODULE, TR_KEY, TR_TEXT, TR_LANGUAGE) VALUES ('frontend', 'fileupload.label.error.importing.zip', '', 'zh-CN');
INSERT INTO OKM_TRANSLATION (TR_MODULE, TR_KEY, TR_TEXT, TR_LANGUAGE) VALUES ('frontend', 'fileupload.label.error.move.file', '', 'zh-CN');
INSERT INTO OKM_TRANSLATION (TR_MODULE, TR_KEY, TR_TEXT, TR_LANGUAGE) VALUES ('frontend', 'fileupload.label.error.move.mail', '', 'zh-CN');
INSERT INTO OKM_TRANSLATION (TR_MODULE, TR_KEY, TR_TEXT, TR_LANGUAGE) VALUES ('frontend', 'fileupload.label.error.copy.file', '', 'zh-CN');
INSERT INTO OKM_TRANSLATION (TR_MODULE, TR_KEY, TR_TEXT, TR_LANGUAGE) VALUES ('frontend', 'fileupload.label.error.copy.mail', '', 'zh-CN');
INSERT INTO OKM_TRANSLATION (TR_MODULE, TR_KEY, TR_TEXT, TR_LANGUAGE) VALUES ('frontend', 'fileupload.label.error.restore.file', '', 'zh-CN');
INSERT INTO OKM_TRANSLATION (TR_MODULE, TR_KEY, TR_TEXT, TR_LANGUAGE) VALUES ('frontend', 'fileupload.label.error.restore.mail', '', 'zh-CN');
INSERT INTO OKM_TRANSLATION (TR_MODULE, TR_KEY, TR_TEXT, TR_LANGUAGE) VALUES ('frontend', 'fileupload.label.error.move.folder', '', 'zh-CN');
INSERT INTO OKM_TRANSLATION (TR_MODULE, TR_KEY, TR_TEXT, TR_LANGUAGE) VALUES ('frontend', 'fileupload.label.error.copy.folder', '', 'zh-CN');
INSERT INTO OKM_TRANSLATION (TR_MODULE, TR_KEY, TR_TEXT, TR_LANGUAGE) VALUES ('frontend', 'fileupload.label.error.restore.folder', '', 'zh-CN');
INSERT INTO OKM_TRANSLATION (TR_MODULE, TR_KEY, TR_TEXT, TR_LANGUAGE) VALUES ('frontend', 'fileupload.label.error.create.from.template', '', 'zh-CN');
INSERT INTO OKM_TRANSLATION (TR_MODULE, TR_KEY, TR_TEXT, TR_LANGUAGE) VALUES ('frontend', 'fileupload.label.error.not.allowed.move.folder.child', '', 'zh-CN');
INSERT INTO OKM_TRANSLATION (TR_MODULE, TR_KEY, TR_TEXT, TR_LANGUAGE) VALUES ('frontend', 'fileupload.label.error.not.allowed.copy.same.folder', '', 'zh-CN');
INSERT INTO OKM_TRANSLATION (TR_MODULE, TR_KEY, TR_TEXT, TR_LANGUAGE) VALUES ('frontend', 'fileupload.label.error.not.allowed.create.from.template.same.folder', '', 'zh-CN');
INSERT INTO OKM_TRANSLATION (TR_MODULE, TR_KEY, TR_TEXT, TR_LANGUAGE) VALUES ('frontend', 'tab.document.properties', '', 'zh-CN');
INSERT INTO OKM_TRANSLATION (TR_MODULE, TR_KEY, TR_TEXT, TR_LANGUAGE) VALUES ('frontend', 'tab.document.notes', '', 'zh-CN');
INSERT INTO OKM_TRANSLATION (TR_MODULE, TR_KEY, TR_TEXT, TR_LANGUAGE) VALUES ('frontend', 'tab.document.history', '', 'zh-CN');
INSERT INTO OKM_TRANSLATION (TR_MODULE, TR_KEY, TR_TEXT, TR_LANGUAGE) VALUES ('frontend', 'tab.document.status.history', '', 'zh-CN');
INSERT INTO OKM_TRANSLATION (TR_MODULE, TR_KEY, TR_TEXT, TR_LANGUAGE) VALUES ('frontend', 'tab.status.security.role', '', 'zh-CN');
INSERT INTO OKM_TRANSLATION (TR_MODULE, TR_KEY, TR_TEXT, TR_LANGUAGE) VALUES ('frontend', 'tab.status.security.user', '', 'zh-CN');
INSERT INTO OKM_TRANSLATION (TR_MODULE, TR_KEY, TR_TEXT, TR_LANGUAGE) VALUES ('frontend', 'tab.document.status.group.properties', '', 'zh-CN');
INSERT INTO OKM_TRANSLATION (TR_MODULE, TR_KEY, TR_TEXT, TR_LANGUAGE) VALUES ('frontend', 'tab.document.status.set.keywords', '', 'zh-CN');
INSERT INTO OKM_TRANSLATION (TR_MODULE, TR_KEY, TR_TEXT, TR_LANGUAGE) VALUES ('frontend', 'tab.document.status.set.categories', '', 'zh-CN');
INSERT INTO OKM_TRANSLATION (TR_MODULE, TR_KEY, TR_TEXT, TR_LANGUAGE) VALUES ('frontend', 'tab.document.status.get.version.history.size', '', 'zh-CN');
INSERT INTO OKM_TRANSLATION (TR_MODULE, TR_KEY, TR_TEXT, TR_LANGUAGE) VALUES ('frontend', 'tab.document.status.purge.version.history', '', 'zh-CN');
INSERT INTO OKM_TRANSLATION (TR_MODULE, TR_KEY, TR_TEXT, TR_LANGUAGE) VALUES ('frontend', 'tab.document.status.restore.version', '', 'zh-CN');
INSERT INTO OKM_TRANSLATION (TR_MODULE, TR_KEY, TR_TEXT, TR_LANGUAGE) VALUES ('frontend', 'tab.document.security', '', 'zh-CN');
INSERT INTO OKM_TRANSLATION (TR_MODULE, TR_KEY, TR_TEXT, TR_LANGUAGE) VALUES ('frontend', 'tab.document.preview', '', 'zh-CN');
INSERT INTO OKM_TRANSLATION (TR_MODULE, TR_KEY, TR_TEXT, TR_LANGUAGE) VALUES ('frontend', 'tab.folder.properties', '', 'zh-CN');
INSERT INTO OKM_TRANSLATION (TR_MODULE, TR_KEY, TR_TEXT, TR_LANGUAGE) VALUES ('frontend', 'tab.folder.security', '', 'zh-CN');
INSERT INTO OKM_TRANSLATION (TR_MODULE, TR_KEY, TR_TEXT, TR_LANGUAGE) VALUES ('frontend', 'tab.folder.notes', '', 'zh-CN');
INSERT INTO OKM_TRANSLATION (TR_MODULE, TR_KEY, TR_TEXT, TR_LANGUAGE) VALUES ('frontend', 'tab.workspace.desktop', '', 'zh-CN');
INSERT INTO OKM_TRANSLATION (TR_MODULE, TR_KEY, TR_TEXT, TR_LANGUAGE) VALUES ('frontend', 'tab.workspace.search', '', 'zh-CN');
INSERT INTO OKM_TRANSLATION (TR_MODULE, TR_KEY, TR_TEXT, TR_LANGUAGE) VALUES ('frontend', 'tab.workspace.dashboard', '', 'zh-CN');
INSERT INTO OKM_TRANSLATION (TR_MODULE, TR_KEY, TR_TEXT, TR_LANGUAGE) VALUES ('frontend', 'tab.workspace.administration', '', 'zh-CN');
INSERT INTO OKM_TRANSLATION (TR_MODULE, TR_KEY, TR_TEXT, TR_LANGUAGE) VALUES ('frontend', 'document.uuid', 'UUID', 'zh-CN');
INSERT INTO OKM_TRANSLATION (TR_MODULE, TR_KEY, TR_TEXT, TR_LANGUAGE) VALUES ('frontend', 'document.name', '', 'zh-CN');
INSERT INTO OKM_TRANSLATION (TR_MODULE, TR_KEY, TR_TEXT, TR_LANGUAGE) VALUES ('frontend', 'document.folder', '', 'zh-CN');
INSERT INTO OKM_TRANSLATION (TR_MODULE, TR_KEY, TR_TEXT, TR_LANGUAGE) VALUES ('frontend', 'document.size', '', 'zh-CN');
INSERT INTO OKM_TRANSLATION (TR_MODULE, TR_KEY, TR_TEXT, TR_LANGUAGE) VALUES ('frontend', 'document.created', '', 'zh-CN');
INSERT INTO OKM_TRANSLATION (TR_MODULE, TR_KEY, TR_TEXT, TR_LANGUAGE) VALUES ('frontend', 'document.lastmodified', '', 'zh-CN');
INSERT INTO OKM_TRANSLATION (TR_MODULE, TR_KEY, TR_TEXT, TR_LANGUAGE) VALUES ('frontend', 'document.mimetype', 'MIME ', 'zh-CN');
INSERT INTO OKM_TRANSLATION (TR_MODULE, TR_KEY, TR_TEXT, TR_LANGUAGE) VALUES ('frontend', 'document.keywords', '', 'zh-CN');
INSERT INTO OKM_TRANSLATION (TR_MODULE, TR_KEY, TR_TEXT, TR_LANGUAGE) VALUES ('frontend', 'document.by', '', 'zh-CN');
INSERT INTO OKM_TRANSLATION (TR_MODULE, TR_KEY, TR_TEXT, TR_LANGUAGE) VALUES ('frontend', 'document.status', '', 'zh-CN');
INSERT INTO OKM_TRANSLATION (TR_MODULE, TR_KEY, TR_TEXT, TR_LANGUAGE) VALUES ('frontend', 'document.status.checkout', '', 'zh-CN');
INSERT INTO OKM_TRANSLATION (TR_MODULE, TR_KEY, TR_TEXT, TR_LANGUAGE) VALUES ('frontend', 'document.status.locked', '', 'zh-CN');
INSERT INTO OKM_TRANSLATION (TR_MODULE, TR_KEY, TR_TEXT, TR_LANGUAGE) VALUES ('frontend', 'document.status.normal', '', 'zh-CN');
INSERT INTO OKM_TRANSLATION (TR_MODULE, TR_KEY, TR_TEXT, TR_LANGUAGE) VALUES ('frontend', 'document.subscribed', '', 'zh-CN');
INSERT INTO OKM_TRANSLATION (TR_MODULE, TR_KEY, TR_TEXT, TR_LANGUAGE) VALUES ('frontend', 'document.subscribed.yes', '', 'zh-CN');
INSERT INTO OKM_TRANSLATION (TR_MODULE, TR_KEY, TR_TEXT, TR_LANGUAGE) VALUES ('frontend', 'document.subscribed.no', '', 'zh-CN');
INSERT INTO OKM_TRANSLATION (TR_MODULE, TR_KEY, TR_TEXT, TR_LANGUAGE) VALUES ('frontend', 'document.history.size', '', 'zh-CN');
INSERT INTO OKM_TRANSLATION (TR_MODULE, TR_KEY, TR_TEXT, TR_LANGUAGE) VALUES ('frontend', 'document.subscribed.users', '', 'zh-CN');
INSERT INTO OKM_TRANSLATION (TR_MODULE, TR_KEY, TR_TEXT, TR_LANGUAGE) VALUES ('frontend', 'document.url', 'URL', 'zh-CN');
INSERT INTO OKM_TRANSLATION (TR_MODULE, TR_KEY, TR_TEXT, TR_LANGUAGE) VALUES ('frontend', 'document.webdav', 'WebDAV', 'zh-CN');
INSERT INTO OKM_TRANSLATION (TR_MODULE, TR_KEY, TR_TEXT, TR_LANGUAGE) VALUES ('frontend', 'document.add.note', '', 'zh-CN');
INSERT INTO OKM_TRANSLATION (TR_MODULE, TR_KEY, TR_TEXT, TR_LANGUAGE) VALUES ('frontend', 'document.keywords.cloud', '', 'zh-CN');
INSERT INTO OKM_TRANSLATION (TR_MODULE, TR_KEY, TR_TEXT, TR_LANGUAGE) VALUES ('frontend', 'document.categories', '', 'zh-CN');
INSERT INTO OKM_TRANSLATION (TR_MODULE, TR_KEY, TR_TEXT, TR_LANGUAGE) VALUES ('frontend', 'folder.uuid', 'UUID', 'zh-CN');
INSERT INTO OKM_TRANSLATION (TR_MODULE, TR_KEY, TR_TEXT, TR_LANGUAGE) VALUES ('frontend', 'folder.name', '', 'zh-CN');
INSERT INTO OKM_TRANSLATION (TR_MODULE, TR_KEY, TR_TEXT, TR_LANGUAGE) VALUES ('frontend', 'folder.parent', '', 'zh-CN');
INSERT INTO OKM_TRANSLATION (TR_MODULE, TR_KEY, TR_TEXT, TR_LANGUAGE) VALUES ('frontend', 'folder.created', '', 'zh-CN');
INSERT INTO OKM_TRANSLATION (TR_MODULE, TR_KEY, TR_TEXT, TR_LANGUAGE) VALUES ('frontend', 'folder.by', '', 'zh-CN');
INSERT INTO OKM_TRANSLATION (TR_MODULE, TR_KEY, TR_TEXT, TR_LANGUAGE) VALUES ('frontend', 'folder.subscribed', '', 'zh-CN');
INSERT INTO OKM_TRANSLATION (TR_MODULE, TR_KEY, TR_TEXT, TR_LANGUAGE) VALUES ('frontend', 'folder.subscribed.yes', '', 'zh-CN');
INSERT INTO OKM_TRANSLATION (TR_MODULE, TR_KEY, TR_TEXT, TR_LANGUAGE) VALUES ('frontend', 'folder.subscribed.no', '', 'zh-CN');
INSERT INTO OKM_TRANSLATION (TR_MODULE, TR_KEY, TR_TEXT, TR_LANGUAGE) VALUES ('frontend', 'folder.subscribed.users', '', 'zh-CN');
INSERT INTO OKM_TRANSLATION (TR_MODULE, TR_KEY, TR_TEXT, TR_LANGUAGE) VALUES ('frontend', 'folder.url', 'URL', 'zh-CN');
INSERT INTO OKM_TRANSLATION (TR_MODULE, TR_KEY, TR_TEXT, TR_LANGUAGE) VALUES ('frontend', 'folder.webdav', 'WebDAV', 'zh-CN');
INSERT INTO OKM_TRANSLATION (TR_MODULE, TR_KEY, TR_TEXT, TR_LANGUAGE) VALUES ('frontend', 'folder.number.folders', '', 'zh-CN');
INSERT INTO OKM_TRANSLATION (TR_MODULE, TR_KEY, TR_TEXT, TR_LANGUAGE) VALUES ('frontend', 'folder.number.documents', '', 'zh-CN');
INSERT INTO OKM_TRANSLATION (TR_MODULE, TR_KEY, TR_TEXT, TR_LANGUAGE) VALUES ('frontend', 'folder.number.mails', '', 'zh-CN');
INSERT INTO OKM_TRANSLATION (TR_MODULE, TR_KEY, TR_TEXT, TR_LANGUAGE) VALUES ('frontend', 'version.name', '', 'zh-CN');
INSERT INTO OKM_TRANSLATION (TR_MODULE, TR_KEY, TR_TEXT, TR_LANGUAGE) VALUES ('frontend', 'version.created', '', 'zh-CN');
INSERT INTO OKM_TRANSLATION (TR_MODULE, TR_KEY, TR_TEXT, TR_LANGUAGE) VALUES ('frontend', 'version.author', '', 'zh-CN');
INSERT INTO OKM_TRANSLATION (TR_MODULE, TR_KEY, TR_TEXT, TR_LANGUAGE) VALUES ('frontend', 'version.size', '', 'zh-CN');
INSERT INTO OKM_TRANSLATION (TR_MODULE, TR_KEY, TR_TEXT, TR_LANGUAGE) VALUES ('frontend', 'version.purge.document', '', 'zh-CN');
INSERT INTO OKM_TRANSLATION (TR_MODULE, TR_KEY, TR_TEXT, TR_LANGUAGE) VALUES ('frontend', 'version.comment', '', 'zh-CN');
INSERT INTO OKM_TRANSLATION (TR_MODULE, TR_KEY, TR_TEXT, TR_LANGUAGE) VALUES ('frontend', 'security.label', '', 'zh-CN');
INSERT INTO OKM_TRANSLATION (TR_MODULE, TR_KEY, TR_TEXT, TR_LANGUAGE) VALUES ('frontend', 'security.group.name', '', 'zh-CN');
INSERT INTO OKM_TRANSLATION (TR_MODULE, TR_KEY, TR_TEXT, TR_LANGUAGE) VALUES ('frontend', 'security.group.permission.read', '', 'zh-CN');
INSERT INTO OKM_TRANSLATION (TR_MODULE, TR_KEY, TR_TEXT, TR_LANGUAGE) VALUES ('frontend', 'security.group.permission.write', '', 'zh-CN');
INSERT INTO OKM_TRANSLATION (TR_MODULE, TR_KEY, TR_TEXT, TR_LANGUAGE) VALUES ('frontend', 'security.group.permission.delete', '', 'zh-CN');
INSERT INTO OKM_TRANSLATION (TR_MODULE, TR_KEY, TR_TEXT, TR_LANGUAGE) VALUES ('frontend', 'security.group.permission.security', '', 'zh-CN');
INSERT INTO OKM_TRANSLATION (TR_MODULE, TR_KEY, TR_TEXT, TR_LANGUAGE) VALUES ('frontend', 'security.user.name', '', 'zh-CN');
INSERT INTO OKM_TRANSLATION (TR_MODULE, TR_KEY, TR_TEXT, TR_LANGUAGE) VALUES ('frontend', 'security.user.permission.read', '', 'zh-CN');
INSERT INTO OKM_TRANSLATION (TR_MODULE, TR_KEY, TR_TEXT, TR_LANGUAGE) VALUES ('frontend', 'security.user.permission.write', '', 'zh-CN');
INSERT INTO OKM_TRANSLATION (TR_MODULE, TR_KEY, TR_TEXT, TR_LANGUAGE) VALUES ('frontend', 'security.user.permission.delete', '', 'zh-CN');
INSERT INTO OKM_TRANSLATION (TR_MODULE, TR_KEY, TR_TEXT, TR_LANGUAGE) VALUES ('frontend', 'security.user.permission.security', '', 'zh-CN');
INSERT INTO OKM_TRANSLATION (TR_MODULE, TR_KEY, TR_TEXT, TR_LANGUAGE) VALUES ('frontend', 'security.users', '', 'zh-CN');
INSERT INTO OKM_TRANSLATION (TR_MODULE, TR_KEY, TR_TEXT, TR_LANGUAGE) VALUES ('frontend', 'security.groups', '', 'zh-CN');
INSERT INTO OKM_TRANSLATION (TR_MODULE, TR_KEY, TR_TEXT, TR_LANGUAGE) VALUES ('frontend', 'security.recursive', '', 'zh-CN');
INSERT INTO OKM_TRANSLATION (TR_MODULE, TR_KEY, TR_TEXT, TR_LANGUAGE) VALUES ('frontend', 'secutiry.filter.by.users', '', 'zh-CN');
INSERT INTO OKM_TRANSLATION (TR_MODULE, TR_KEY, TR_TEXT, TR_LANGUAGE) VALUES ('frontend', 'secutiry.filter.by.groups', '', 'zh-CN');
INSERT INTO OKM_TRANSLATION (TR_MODULE, TR_KEY, TR_TEXT, TR_LANGUAGE) VALUES ('frontend', 'security.status.updating', '...', 'zh-CN');
INSERT INTO OKM_TRANSLATION (TR_MODULE, TR_KEY, TR_TEXT, TR_LANGUAGE) VALUES ('frontend', 'preview.unavailable', '', 'zh-CN');
INSERT INTO OKM_TRANSLATION (TR_MODULE, TR_KEY, TR_TEXT, TR_LANGUAGE) VALUES ('frontend', 'mail.from', '(From)', 'zh-CN');
INSERT INTO OKM_TRANSLATION (TR_MODULE, TR_KEY, TR_TEXT, TR_LANGUAGE) VALUES ('frontend', 'mail.reply', '(Reply to)', 'zh-CN');
INSERT INTO OKM_TRANSLATION (TR_MODULE, TR_KEY, TR_TEXT, TR_LANGUAGE) VALUES ('frontend', 'mail.to', '(To)', 'zh-CN');
INSERT INTO OKM_TRANSLATION (TR_MODULE, TR_KEY, TR_TEXT, TR_LANGUAGE) VALUES ('frontend', 'mail.subject', '(Subject)', 'zh-CN');
INSERT INTO OKM_TRANSLATION (TR_MODULE, TR_KEY, TR_TEXT, TR_LANGUAGE) VALUES ('frontend', 'error.label', '', 'zh-CN');
INSERT INTO OKM_TRANSLATION (TR_MODULE, TR_KEY, TR_TEXT, TR_LANGUAGE) VALUES ('frontend', 'error.invocation', '', 'zh-CN');
INSERT INTO OKM_TRANSLATION (TR_MODULE, TR_KEY, TR_TEXT, TR_LANGUAGE) VALUES ('frontend', 'about.label', 'OpenKM', 'zh-CN');
INSERT INTO OKM_TRANSLATION (TR_MODULE, TR_KEY, TR_TEXT, TR_LANGUAGE) VALUES ('frontend', 'about.loading', '...', 'zh-CN');
INSERT INTO OKM_TRANSLATION (TR_MODULE, TR_KEY, TR_TEXT, TR_LANGUAGE) VALUES ('frontend', 'logout.label', '', 'zh-CN');
INSERT INTO OKM_TRANSLATION (TR_MODULE, TR_KEY, TR_TEXT, TR_LANGUAGE) VALUES ('frontend', 'logout.closed', 'OpenKM .', 'zh-CN');
INSERT INTO OKM_TRANSLATION (TR_MODULE, TR_KEY, TR_TEXT, TR_LANGUAGE) VALUES ('frontend', 'logout.logout', 'OpenKM ,  ', 'zh-CN');
INSERT INTO OKM_TRANSLATION (TR_MODULE, TR_KEY, TR_TEXT, TR_LANGUAGE) VALUES ('frontend', 'confirm.label', '', 'zh-CN');
INSERT INTO OKM_TRANSLATION (TR_MODULE, TR_KEY, TR_TEXT, TR_LANGUAGE) VALUES ('frontend', 'confirm.delete.folder', '?', 'zh-CN');
INSERT INTO OKM_TRANSLATION (TR_MODULE, TR_KEY, TR_TEXT, TR_LANGUAGE) VALUES ('frontend', 'confirm.delete.document', '?', 'zh-CN');
INSERT INTO OKM_TRANSLATION (TR_MODULE, TR_KEY, TR_TEXT, TR_LANGUAGE) VALUES ('frontend', 'confirm.delete.trash', '?', 'zh-CN');
INSERT INTO OKM_TRANSLATION (TR_MODULE, TR_KEY, TR_TEXT, TR_LANGUAGE) VALUES ('frontend', 'confirm.purge.folder', '?', 'zh-CN');
INSERT INTO OKM_TRANSLATION (TR_MODULE, TR_KEY, TR_TEXT, TR_LANGUAGE) VALUES ('frontend', 'confirm.purge.document', '?', 'zh-CN');
INSERT INTO OKM_TRANSLATION (TR_MODULE, TR_KEY, TR_TEXT, TR_LANGUAGE) VALUES ('frontend', 'confirm.delete.propety.group', '?', 'zh-CN');
INSERT INTO OKM_TRANSLATION (TR_MODULE, TR_KEY, TR_TEXT, TR_LANGUAGE) VALUES ('frontend', 'confirm.purge.version.history.document', '?', 'zh-CN');
INSERT INTO OKM_TRANSLATION (TR_MODULE, TR_KEY, TR_TEXT, TR_LANGUAGE) VALUES ('frontend', 'confirm.purge.restore.document', '?', 'zh-CN');
INSERT INTO OKM_TRANSLATION (TR_MODULE, TR_KEY, TR_TEXT, TR_LANGUAGE) VALUES ('frontend', 'confirm.set.default.home', '?', 'zh-CN');
INSERT INTO OKM_TRANSLATION (TR_MODULE, TR_KEY, TR_TEXT, TR_LANGUAGE) VALUES ('frontend', 'confirm.delete.saved.search', '', 'zh-CN');
INSERT INTO OKM_TRANSLATION (TR_MODULE, TR_KEY, TR_TEXT, TR_LANGUAGE) VALUES ('frontend', 'confirm.delete.user.news', '', 'zh-CN');
INSERT INTO OKM_TRANSLATION (TR_MODULE, TR_KEY, TR_TEXT, TR_LANGUAGE) VALUES ('frontend', 'confirm.delete.mail', '', 'zh-CN');
INSERT INTO OKM_TRANSLATION (TR_MODULE, TR_KEY, TR_TEXT, TR_LANGUAGE) VALUES ('frontend', 'confirm.get.pooled.workflow.task', '', 'zh-CN');
INSERT INTO OKM_TRANSLATION (TR_MODULE, TR_KEY, TR_TEXT, TR_LANGUAGE) VALUES ('frontend', 'confirm.force.unlock', '', 'zh-CN');
INSERT INTO OKM_TRANSLATION (TR_MODULE, TR_KEY, TR_TEXT, TR_LANGUAGE) VALUES ('frontend', 'confirm.force.cancel.checkout', '', 'zh-CN');
INSERT INTO OKM_TRANSLATION (TR_MODULE, TR_KEY, TR_TEXT, TR_LANGUAGE) VALUES ('frontend', 'search.context', '', 'zh-CN');
INSERT INTO OKM_TRANSLATION (TR_MODULE, TR_KEY, TR_TEXT, TR_LANGUAGE) VALUES ('frontend', 'search.content', '', 'zh-CN');
INSERT INTO OKM_TRANSLATION (TR_MODULE, TR_KEY, TR_TEXT, TR_LANGUAGE) VALUES ('frontend', 'search.name', '', 'zh-CN');
INSERT INTO OKM_TRANSLATION (TR_MODULE, TR_KEY, TR_TEXT, TR_LANGUAGE) VALUES ('frontend', 'search.keywords', '', 'zh-CN');
INSERT INTO OKM_TRANSLATION (TR_MODULE, TR_KEY, TR_TEXT, TR_LANGUAGE) VALUES ('frontend', 'search.folder', '', 'zh-CN');
INSERT INTO OKM_TRANSLATION (TR_MODULE, TR_KEY, TR_TEXT, TR_LANGUAGE) VALUES ('frontend', 'search.category', '', 'zh-CN');
INSERT INTO OKM_TRANSLATION (TR_MODULE, TR_KEY, TR_TEXT, TR_LANGUAGE) VALUES ('frontend', 'search.results', '', 'zh-CN');
INSERT INTO OKM_TRANSLATION (TR_MODULE, TR_KEY, TR_TEXT, TR_LANGUAGE) VALUES ('frontend', 'search.to', '', 'zh-CN');
INSERT INTO OKM_TRANSLATION (TR_MODULE, TR_KEY, TR_TEXT, TR_LANGUAGE) VALUES ('frontend', 'search.page.results', '', 'zh-CN');
INSERT INTO OKM_TRANSLATION (TR_MODULE, TR_KEY, TR_TEXT, TR_LANGUAGE) VALUES ('frontend', 'search.add.property.group', '', 'zh-CN');
INSERT INTO OKM_TRANSLATION (TR_MODULE, TR_KEY, TR_TEXT, TR_LANGUAGE) VALUES ('frontend', 'search.mimetype', 'Mime ', 'zh-CN');
INSERT INTO OKM_TRANSLATION (TR_MODULE, TR_KEY, TR_TEXT, TR_LANGUAGE) VALUES ('frontend', 'search.type', '', 'zh-CN');
INSERT INTO OKM_TRANSLATION (TR_MODULE, TR_KEY, TR_TEXT, TR_LANGUAGE) VALUES ('frontend', 'search.type.document', '', 'zh-CN');
INSERT INTO OKM_TRANSLATION (TR_MODULE, TR_KEY, TR_TEXT, TR_LANGUAGE) VALUES ('frontend', 'search.type.folder', '', 'zh-CN');
INSERT INTO OKM_TRANSLATION (TR_MODULE, TR_KEY, TR_TEXT, TR_LANGUAGE) VALUES ('frontend', 'search.type.mail', '', 'zh-CN');
INSERT INTO OKM_TRANSLATION (TR_MODULE, TR_KEY, TR_TEXT, TR_LANGUAGE) VALUES ('frontend', 'search.advanced', '', 'zh-CN');
INSERT INTO OKM_TRANSLATION (TR_MODULE, TR_KEY, TR_TEXT, TR_LANGUAGE) VALUES ('frontend', 'search.user', '', 'zh-CN');
INSERT INTO OKM_TRANSLATION (TR_MODULE, TR_KEY, TR_TEXT, TR_LANGUAGE) VALUES ('frontend', 'search.date.and', '', 'zh-CN');
INSERT INTO OKM_TRANSLATION (TR_MODULE, TR_KEY, TR_TEXT, TR_LANGUAGE) VALUES ('frontend', 'search.date.range', '', 'zh-CN');
INSERT INTO OKM_TRANSLATION (TR_MODULE, TR_KEY, TR_TEXT, TR_LANGUAGE) VALUES ('frontend', 'search.save.as.news', '', 'zh-CN');
INSERT INTO OKM_TRANSLATION (TR_MODULE, TR_KEY, TR_TEXT, TR_LANGUAGE) VALUES ('frontend', 'search.folder.filter', '', 'zh-CN');
INSERT INTO OKM_TRANSLATION (TR_MODULE, TR_KEY, TR_TEXT, TR_LANGUAGE) VALUES ('frontend', 'search.category.filter', '', 'zh-CN');
INSERT INTO OKM_TRANSLATION (TR_MODULE, TR_KEY, TR_TEXT, TR_LANGUAGE) VALUES ('frontend', 'search.result.name', '', 'zh-CN');
INSERT INTO OKM_TRANSLATION (TR_MODULE, TR_KEY, TR_TEXT, TR_LANGUAGE) VALUES ('frontend', 'search.result.score', '', 'zh-CN');
INSERT INTO OKM_TRANSLATION (TR_MODULE, TR_KEY, TR_TEXT, TR_LANGUAGE) VALUES ('frontend', 'search.result.size', '', 'zh-CN');
INSERT INTO OKM_TRANSLATION (TR_MODULE, TR_KEY, TR_TEXT, TR_LANGUAGE) VALUES ('frontend', 'search.result.date.update', '', 'zh-CN');
INSERT INTO OKM_TRANSLATION (TR_MODULE, TR_KEY, TR_TEXT, TR_LANGUAGE) VALUES ('frontend', 'search.result.author', '', 'zh-CN');
INSERT INTO OKM_TRANSLATION (TR_MODULE, TR_KEY, TR_TEXT, TR_LANGUAGE) VALUES ('frontend', 'search.result.version', '', 'zh-CN');
INSERT INTO OKM_TRANSLATION (TR_MODULE, TR_KEY, TR_TEXT, TR_LANGUAGE) VALUES ('frontend', 'search.result.path', '', 'zh-CN');
INSERT INTO OKM_TRANSLATION (TR_MODULE, TR_KEY, TR_TEXT, TR_LANGUAGE) VALUES ('frontend', 'search.result.menu.download', '', 'zh-CN');
INSERT INTO OKM_TRANSLATION (TR_MODULE, TR_KEY, TR_TEXT, TR_LANGUAGE) VALUES ('frontend', 'search.result.menu.go.folder', '', 'zh-CN');
INSERT INTO OKM_TRANSLATION (TR_MODULE, TR_KEY, TR_TEXT, TR_LANGUAGE) VALUES ('frontend', 'search.result.menu.go.document', '', 'zh-CN');
INSERT INTO OKM_TRANSLATION (TR_MODULE, TR_KEY, TR_TEXT, TR_LANGUAGE) VALUES ('frontend', 'search.result.status.findPaginated', '', 'zh-CN');
INSERT INTO OKM_TRANSLATION (TR_MODULE, TR_KEY, TR_TEXT, TR_LANGUAGE) VALUES ('frontend', 'search.result.status.runsearch', '', 'zh-CN');
INSERT INTO OKM_TRANSLATION (TR_MODULE, TR_KEY, TR_TEXT, TR_LANGUAGE) VALUES ('frontend', 'search.saved.run', '', 'zh-CN');
INSERT INTO OKM_TRANSLATION (TR_MODULE, TR_KEY, TR_TEXT, TR_LANGUAGE) VALUES ('frontend', 'search.saved.delete', '', 'zh-CN');
INSERT INTO OKM_TRANSLATION (TR_MODULE, TR_KEY, TR_TEXT, TR_LANGUAGE) VALUES ('frontend', 'search.saved.status.getsearchs', '', 'zh-CN');
INSERT INTO OKM_TRANSLATION (TR_MODULE, TR_KEY, TR_TEXT, TR_LANGUAGE) VALUES ('frontend', 'search.saved.status.savesearch', '', 'zh-CN');
INSERT INTO OKM_TRANSLATION (TR_MODULE, TR_KEY, TR_TEXT, TR_LANGUAGE) VALUES ('frontend', 'search.saved.status.deletesearch', '', 'zh-CN');
INSERT INTO OKM_TRANSLATION (TR_MODULE, TR_KEY, TR_TEXT, TR_LANGUAGE) VALUES ('frontend', 'search.saved.status.getusernews', '', 'zh-CN');
INSERT INTO OKM_TRANSLATION (TR_MODULE, TR_KEY, TR_TEXT, TR_LANGUAGE) VALUES ('frontend', 'button.close', '', 'zh-CN');
INSERT INTO OKM_TRANSLATION (TR_MODULE, TR_KEY, TR_TEXT, TR_LANGUAGE) VALUES ('frontend', 'button.logout', '', 'zh-CN');
INSERT INTO OKM_TRANSLATION (TR_MODULE, TR_KEY, TR_TEXT, TR_LANGUAGE) VALUES ('frontend', 'button.update', '', 'zh-CN');
INSERT INTO OKM_TRANSLATION (TR_MODULE, TR_KEY, TR_TEXT, TR_LANGUAGE) VALUES ('frontend', 'button.cancel', '', 'zh-CN');
INSERT INTO OKM_TRANSLATION (TR_MODULE, TR_KEY, TR_TEXT, TR_LANGUAGE) VALUES ('frontend', 'button.accept', '', 'zh-CN');
INSERT INTO OKM_TRANSLATION (TR_MODULE, TR_KEY, TR_TEXT, TR_LANGUAGE) VALUES ('frontend', 'button.restore', '', 'zh-CN');
INSERT INTO OKM_TRANSLATION (TR_MODULE, TR_KEY, TR_TEXT, TR_LANGUAGE) VALUES ('frontend', 'button.move', '', 'zh-CN');
INSERT INTO OKM_TRANSLATION (TR_MODULE, TR_KEY, TR_TEXT, TR_LANGUAGE) VALUES ('frontend', 'button.change', '', 'zh-CN');
INSERT INTO OKM_TRANSLATION (TR_MODULE, TR_KEY, TR_TEXT, TR_LANGUAGE) VALUES ('frontend', 'button.search', '', 'zh-CN');
INSERT INTO OKM_TRANSLATION (TR_MODULE, TR_KEY, TR_TEXT, TR_LANGUAGE) VALUES ('frontend', 'button.save.search', '', 'zh-CN');
INSERT INTO OKM_TRANSLATION (TR_MODULE, TR_KEY, TR_TEXT, TR_LANGUAGE) VALUES ('frontend', 'button.view', '', 'zh-CN');
INSERT INTO OKM_TRANSLATION (TR_MODULE, TR_KEY, TR_TEXT, TR_LANGUAGE) VALUES ('frontend', 'button.clean', '', 'zh-CN');
INSERT INTO OKM_TRANSLATION (TR_MODULE, TR_KEY, TR_TEXT, TR_LANGUAGE) VALUES ('frontend', 'button.add', '', 'zh-CN');
INSERT INTO OKM_TRANSLATION (TR_MODULE, TR_KEY, TR_TEXT, TR_LANGUAGE) VALUES ('frontend', 'button.delete', '', 'zh-CN');
INSERT INTO OKM_TRANSLATION (TR_MODULE, TR_KEY, TR_TEXT, TR_LANGUAGE) VALUES ('frontend', 'button.copy', '', 'zh-CN');
INSERT INTO OKM_TRANSLATION (TR_MODULE, TR_KEY, TR_TEXT, TR_LANGUAGE) VALUES ('frontend', 'button.create', '', 'zh-CN');
INSERT INTO OKM_TRANSLATION (TR_MODULE, TR_KEY, TR_TEXT, TR_LANGUAGE) VALUES ('frontend', 'button.show', '', 'zh-CN');
INSERT INTO OKM_TRANSLATION (TR_MODULE, TR_KEY, TR_TEXT, TR_LANGUAGE) VALUES ('frontend', 'button.memory', '', 'zh-CN');
INSERT INTO OKM_TRANSLATION (TR_MODULE, TR_KEY, TR_TEXT, TR_LANGUAGE) VALUES ('frontend', 'button.copy.clipboard', '', 'zh-CN');
INSERT INTO OKM_TRANSLATION (TR_MODULE, TR_KEY, TR_TEXT, TR_LANGUAGE) VALUES ('frontend', 'button.start', '', 'zh-CN');
INSERT INTO OKM_TRANSLATION (TR_MODULE, TR_KEY, TR_TEXT, TR_LANGUAGE) VALUES ('frontend', 'button.select', '', 'zh-CN');
INSERT INTO OKM_TRANSLATION (TR_MODULE, TR_KEY, TR_TEXT, TR_LANGUAGE) VALUES ('frontend', 'button.test', '', 'zh-CN');
INSERT INTO OKM_TRANSLATION (TR_MODULE, TR_KEY, TR_TEXT, TR_LANGUAGE) VALUES ('frontend', 'button.next', '', 'zh-CN');
INSERT INTO OKM_TRANSLATION (TR_MODULE, TR_KEY, TR_TEXT, TR_LANGUAGE) VALUES ('frontend', 'group.label', '', 'zh-CN');
INSERT INTO OKM_TRANSLATION (TR_MODULE, TR_KEY, TR_TEXT, TR_LANGUAGE) VALUES ('frontend', 'group.group', '', 'zh-CN');
INSERT INTO OKM_TRANSLATION (TR_MODULE, TR_KEY, TR_TEXT, TR_LANGUAGE) VALUES ('frontend', 'group.property.group', '', 'zh-CN');
INSERT INTO OKM_TRANSLATION (TR_MODULE, TR_KEY, TR_TEXT, TR_LANGUAGE) VALUES ('frontend', 'bookmark.label', '', 'zh-CN');
INSERT INTO OKM_TRANSLATION (TR_MODULE, TR_KEY, TR_TEXT, TR_LANGUAGE) VALUES ('frontend', 'bookmark.name', '', 'zh-CN');
INSERT INTO OKM_TRANSLATION (TR_MODULE, TR_KEY, TR_TEXT, TR_LANGUAGE) VALUES ('frontend', 'bookmark.edit.label', '', 'zh-CN');
INSERT INTO OKM_TRANSLATION (TR_MODULE, TR_KEY, TR_TEXT, TR_LANGUAGE) VALUES ('frontend', 'bookmark.path', '', 'zh-CN');
INSERT INTO OKM_TRANSLATION (TR_MODULE, TR_KEY, TR_TEXT, TR_LANGUAGE) VALUES ('frontend', 'bookmark.type', '', 'zh-CN');
INSERT INTO OKM_TRANSLATION (TR_MODULE, TR_KEY, TR_TEXT, TR_LANGUAGE) VALUES ('frontend', 'bookmark.type.document', '', 'zh-CN');
INSERT INTO OKM_TRANSLATION (TR_MODULE, TR_KEY, TR_TEXT, TR_LANGUAGE) VALUES ('frontend', 'bookmark.type.folder', '', 'zh-CN');
INSERT INTO OKM_TRANSLATION (TR_MODULE, TR_KEY, TR_TEXT, TR_LANGUAGE) VALUES ('frontend', 'notify.label', '', 'zh-CN');
INSERT INTO OKM_TRANSLATION (TR_MODULE, TR_KEY, TR_TEXT, TR_LANGUAGE) VALUES ('frontend', 'notify.label.attachment', '', 'zh-CN');
INSERT INTO OKM_TRANSLATION (TR_MODULE, TR_KEY, TR_TEXT, TR_LANGUAGE) VALUES ('frontend', 'status.document.copied', '', 'zh-CN');
INSERT INTO OKM_TRANSLATION (TR_MODULE, TR_KEY, TR_TEXT, TR_LANGUAGE) VALUES ('frontend', 'status.document.cut', '', 'zh-CN');
INSERT INTO OKM_TRANSLATION (TR_MODULE, TR_KEY, TR_TEXT, TR_LANGUAGE) VALUES ('frontend', 'status.folder.copied', '', 'zh-CN');
INSERT INTO OKM_TRANSLATION (TR_MODULE, TR_KEY, TR_TEXT, TR_LANGUAGE) VALUES ('frontend', 'status.folder.cut', '', 'zh-CN');
INSERT INTO OKM_TRANSLATION (TR_MODULE, TR_KEY, TR_TEXT, TR_LANGUAGE) VALUES ('frontend', 'status.keep.alive.error', '()', 'zh-CN');
INSERT INTO OKM_TRANSLATION (TR_MODULE, TR_KEY, TR_TEXT, TR_LANGUAGE) VALUES ('frontend', 'status.debug.enabled', '', 'zh-CN');
INSERT INTO OKM_TRANSLATION (TR_MODULE, TR_KEY, TR_TEXT, TR_LANGUAGE) VALUES ('frontend', 'status.debug.disabled', '', 'zh-CN');
INSERT INTO OKM_TRANSLATION (TR_MODULE, TR_KEY, TR_TEXT, TR_LANGUAGE) VALUES ('frontend', 'status.network.error.detected', '', 'zh-CN');
INSERT INTO OKM_TRANSLATION (TR_MODULE, TR_KEY, TR_TEXT, TR_LANGUAGE) VALUES ('frontend', 'calendar.day.sunday', '', 'zh-CN');
INSERT INTO OKM_TRANSLATION (TR_MODULE, TR_KEY, TR_TEXT, TR_LANGUAGE) VALUES ('frontend', 'calendar.day.monday', '', 'zh-CN');
INSERT INTO OKM_TRANSLATION (TR_MODULE, TR_KEY, TR_TEXT, TR_LANGUAGE) VALUES ('frontend', 'calendar.day.tuesday', '', 'zh-CN');
INSERT INTO OKM_TRANSLATION (TR_MODULE, TR_KEY, TR_TEXT, TR_LANGUAGE) VALUES ('frontend', 'calendar.day.wednesday', '', 'zh-CN');
INSERT INTO OKM_TRANSLATION (TR_MODULE, TR_KEY, TR_TEXT, TR_LANGUAGE) VALUES ('frontend', 'calendar.day.thursday', '', 'zh-CN');
INSERT INTO OKM_TRANSLATION (TR_MODULE, TR_KEY, TR_TEXT, TR_LANGUAGE) VALUES ('frontend', 'calendar.day.friday', '', 'zh-CN');
INSERT INTO OKM_TRANSLATION (TR_MODULE, TR_KEY, TR_TEXT, TR_LANGUAGE) VALUES ('frontend', 'calendar.day.saturday', '', 'zh-CN');
INSERT INTO OKM_TRANSLATION (TR_MODULE, TR_KEY, TR_TEXT, TR_LANGUAGE) VALUES ('frontend', 'calendar.month.january', '', 'zh-CN');
INSERT INTO OKM_TRANSLATION (TR_MODULE, TR_KEY, TR_TEXT, TR_LANGUAGE) VALUES ('frontend', 'calendar.month.february', '', 'zh-CN');
INSERT INTO OKM_TRANSLATION (TR_MODULE, TR_KEY, TR_TEXT, TR_LANGUAGE) VALUES ('frontend', 'calendar.month.march', '', 'zh-CN');
INSERT INTO OKM_TRANSLATION (TR_MODULE, TR_KEY, TR_TEXT, TR_LANGUAGE) VALUES ('frontend', 'calendar.month.april', '', 'zh-CN');
INSERT INTO OKM_TRANSLATION (TR_MODULE, TR_KEY, TR_TEXT, TR_LANGUAGE) VALUES ('frontend', 'calendar.month.may', '', 'zh-CN');
INSERT INTO OKM_TRANSLATION (TR_MODULE, TR_KEY, TR_TEXT, TR_LANGUAGE) VALUES ('frontend', 'calendar.month.june', '', 'zh-CN');
INSERT INTO OKM_TRANSLATION (TR_MODULE, TR_KEY, TR_TEXT, TR_LANGUAGE) VALUES ('frontend', 'calendar.month.july', '', 'zh-CN');
INSERT INTO OKM_TRANSLATION (TR_MODULE, TR_KEY, TR_TEXT, TR_LANGUAGE) VALUES ('frontend', 'calendar.month.august', '', 'zh-CN');
INSERT INTO OKM_TRANSLATION (TR_MODULE, TR_KEY, TR_TEXT, TR_LANGUAGE) VALUES ('frontend', 'calendar.month.september', '', 'zh-CN');
INSERT INTO OKM_TRANSLATION (TR_MODULE, TR_KEY, TR_TEXT, TR_LANGUAGE) VALUES ('frontend', 'calendar.month.october', '', 'zh-CN');
INSERT INTO OKM_TRANSLATION (TR_MODULE, TR_KEY, TR_TEXT, TR_LANGUAGE) VALUES ('frontend', 'calendar.month.november', '', 'zh-CN');
INSERT INTO OKM_TRANSLATION (TR_MODULE, TR_KEY, TR_TEXT, TR_LANGUAGE) VALUES ('frontend', 'calendar.month.december', '', 'zh-CN');
INSERT INTO OKM_TRANSLATION (TR_MODULE, TR_KEY, TR_TEXT, TR_LANGUAGE) VALUES ('frontend', 'media.player.label', '', 'zh-CN');
INSERT INTO OKM_TRANSLATION (TR_MODULE, TR_KEY, TR_TEXT, TR_LANGUAGE) VALUES ('frontend', 'image.viewer.label', '', 'zh-CN');
INSERT INTO OKM_TRANSLATION (TR_MODULE, TR_KEY, TR_TEXT, TR_LANGUAGE) VALUES ('frontend', 'image.viewer.zoom.in', '', 'zh-CN');
INSERT INTO OKM_TRANSLATION (TR_MODULE, TR_KEY, TR_TEXT, TR_LANGUAGE) VALUES ('frontend', 'image.viewer.zoom.out', '', 'zh-CN');
INSERT INTO OKM_TRANSLATION (TR_MODULE, TR_KEY, TR_TEXT, TR_LANGUAGE) VALUES ('frontend', 'debug.console.label', '', 'zh-CN');
INSERT INTO OKM_TRANSLATION (TR_MODULE, TR_KEY, TR_TEXT, TR_LANGUAGE) VALUES ('frontend', 'debug.enable.disable', 'CTRL+Z ', 'zh-CN');
INSERT INTO OKM_TRANSLATION (TR_MODULE, TR_KEY, TR_TEXT, TR_LANGUAGE) VALUES ('frontend', 'dashboard.tab.general', '', 'zh-CN');
INSERT INTO OKM_TRANSLATION (TR_MODULE, TR_KEY, TR_TEXT, TR_LANGUAGE) VALUES ('frontend', 'dashboard.tab.news', '', 'zh-CN');
INSERT INTO OKM_TRANSLATION (TR_MODULE, TR_KEY, TR_TEXT, TR_LANGUAGE) VALUES ('frontend', 'dashboard.tab.user', '', 'zh-CN');
INSERT INTO OKM_TRANSLATION (TR_MODULE, TR_KEY, TR_TEXT, TR_LANGUAGE) VALUES ('frontend', 'dashboard.tab.workflow', '', 'zh-CN');
INSERT INTO OKM_TRANSLATION (TR_MODULE, TR_KEY, TR_TEXT, TR_LANGUAGE) VALUES ('frontend', 'dashboard.tab.mail', '', 'zh-CN');
INSERT INTO OKM_TRANSLATION (TR_MODULE, TR_KEY, TR_TEXT, TR_LANGUAGE) VALUES ('frontend', 'dashboard.tab.keymap', '', 'zh-CN');
INSERT INTO OKM_TRANSLATION (TR_MODULE, TR_KEY, TR_TEXT, TR_LANGUAGE) VALUES ('frontend', 'dashboard.new.items', ' ', 'zh-CN');
INSERT INTO OKM_TRANSLATION (TR_MODULE, TR_KEY, TR_TEXT, TR_LANGUAGE) VALUES ('frontend', 'dashboard.user.locked.documents', '', 'zh-CN');
INSERT INTO OKM_TRANSLATION (TR_MODULE, TR_KEY, TR_TEXT, TR_LANGUAGE) VALUES ('frontend', 'dashboard.user.checkout.documents', '', 'zh-CN');
INSERT INTO OKM_TRANSLATION (TR_MODULE, TR_KEY, TR_TEXT, TR_LANGUAGE) VALUES ('frontend', 'dashboard.user.last.modified.documents', '', 'zh-CN');
INSERT INTO OKM_TRANSLATION (TR_MODULE, TR_KEY, TR_TEXT, TR_LANGUAGE) VALUES ('frontend', 'dashboard.user.last.downloaded.documents', '', 'zh-CN');
INSERT INTO OKM_TRANSLATION (TR_MODULE, TR_KEY, TR_TEXT, TR_LANGUAGE) VALUES ('frontend', 'dashboard.user.subscribed.documents', '', 'zh-CN');
INSERT INTO OKM_TRANSLATION (TR_MODULE, TR_KEY, TR_TEXT, TR_LANGUAGE) VALUES ('frontend', 'dashboard.user.subscribed.folders', '', 'zh-CN');
INSERT INTO OKM_TRANSLATION (TR_MODULE, TR_KEY, TR_TEXT, TR_LANGUAGE) VALUES ('frontend', 'dashboard.user.last.uploaded.documents', '', 'zh-CN');
INSERT INTO OKM_TRANSLATION (TR_MODULE, TR_KEY, TR_TEXT, TR_LANGUAGE) VALUES ('frontend', 'dashboard.general.last.week.top.downloaded.documents', '', 'zh-CN');
INSERT INTO OKM_TRANSLATION (TR_MODULE, TR_KEY, TR_TEXT, TR_LANGUAGE) VALUES ('frontend', 'dashboard.general.last.month.top.downloaded.documents', '', 'zh-CN');
INSERT INTO OKM_TRANSLATION (TR_MODULE, TR_KEY, TR_TEXT, TR_LANGUAGE) VALUES ('frontend', 'dashboard.general.last.week.top.modified.documents', '', 'zh-CN');
INSERT INTO OKM_TRANSLATION (TR_MODULE, TR_KEY, TR_TEXT, TR_LANGUAGE) VALUES ('frontend', 'dashboard.general.last.month.top.modified.documents', '', 'zh-CN');
INSERT INTO OKM_TRANSLATION (TR_MODULE, TR_KEY, TR_TEXT, TR_LANGUAGE) VALUES ('frontend', 'dashboard.general.last.uploaded.documents', '', 'zh-CN');
INSERT INTO OKM_TRANSLATION (TR_MODULE, TR_KEY, TR_TEXT, TR_LANGUAGE) VALUES ('frontend', 'dashboard.workflow.pending.tasks', '', 'zh-CN');
INSERT INTO OKM_TRANSLATION (TR_MODULE, TR_KEY, TR_TEXT, TR_LANGUAGE) VALUES ('frontend', 'dashboard.workflow.pending.tasks.unassigned', '', 'zh-CN');
INSERT INTO OKM_TRANSLATION (TR_MODULE, TR_KEY, TR_TEXT, TR_LANGUAGE) VALUES ('frontend', 'dashboard.workflow.task', '', 'zh-CN');
INSERT INTO OKM_TRANSLATION (TR_MODULE, TR_KEY, TR_TEXT, TR_LANGUAGE) VALUES ('frontend', 'dashboard.workflow.task.id', 'ID', 'zh-CN');
INSERT INTO OKM_TRANSLATION (TR_MODULE, TR_KEY, TR_TEXT, TR_LANGUAGE) VALUES ('frontend', 'dashboard.workflow.task.name', '', 'zh-CN');
INSERT INTO OKM_TRANSLATION (TR_MODULE, TR_KEY, TR_TEXT, TR_LANGUAGE) VALUES ('frontend', 'dashboard.workflow.task.created', '', 'zh-CN');
INSERT INTO OKM_TRANSLATION (TR_MODULE, TR_KEY, TR_TEXT, TR_LANGUAGE) VALUES ('frontend', 'dashboard.workflow.task.start', '', 'zh-CN');
INSERT INTO OKM_TRANSLATION (TR_MODULE, TR_KEY, TR_TEXT, TR_LANGUAGE) VALUES ('frontend', 'dashboard.workflow.task.duedate', '', 'zh-CN');
INSERT INTO OKM_TRANSLATION (TR_MODULE, TR_KEY, TR_TEXT, TR_LANGUAGE) VALUES ('frontend', 'dashboard.workflow.task.end', '', 'zh-CN');
INSERT INTO OKM_TRANSLATION (TR_MODULE, TR_KEY, TR_TEXT, TR_LANGUAGE) VALUES ('frontend', 'dashboard.workflow.task.description', '', 'zh-CN');
INSERT INTO OKM_TRANSLATION (TR_MODULE, TR_KEY, TR_TEXT, TR_LANGUAGE) VALUES ('frontend', 'dashboard.workflow.task.process.instance', '', 'zh-CN');
INSERT INTO OKM_TRANSLATION (TR_MODULE, TR_KEY, TR_TEXT, TR_LANGUAGE) VALUES ('frontend', 'dashboard.workflow.task.process.id', 'ID', 'zh-CN');
INSERT INTO OKM_TRANSLATION (TR_MODULE, TR_KEY, TR_TEXT, TR_LANGUAGE) VALUES ('frontend', 'dashboard.workflow.task.process.version', '', 'zh-CN');
INSERT INTO OKM_TRANSLATION (TR_MODULE, TR_KEY, TR_TEXT, TR_LANGUAGE) VALUES ('frontend', 'dashboard.workflow.task.process.name', '', 'zh-CN');
INSERT INTO OKM_TRANSLATION (TR_MODULE, TR_KEY, TR_TEXT, TR_LANGUAGE) VALUES ('frontend', 'dashboard.workflow.task.process.description', '', 'zh-CN');
INSERT INTO OKM_TRANSLATION (TR_MODULE, TR_KEY, TR_TEXT, TR_LANGUAGE) VALUES ('frontend', 'dashboard.workflow.task.process.data', '', 'zh-CN');
INSERT INTO OKM_TRANSLATION (TR_MODULE, TR_KEY, TR_TEXT, TR_LANGUAGE) VALUES ('frontend', 'dashboard.workflow.comments', '', 'zh-CN');
INSERT INTO OKM_TRANSLATION (TR_MODULE, TR_KEY, TR_TEXT, TR_LANGUAGE) VALUES ('frontend', 'dashboard.workflow.task.process.forms', '', 'zh-CN');
INSERT INTO OKM_TRANSLATION (TR_MODULE, TR_KEY, TR_TEXT, TR_LANGUAGE) VALUES ('frontend', 'dashboard.workflow.add.comment', '', 'zh-CN');
INSERT INTO OKM_TRANSLATION (TR_MODULE, TR_KEY, TR_TEXT, TR_LANGUAGE) VALUES ('frontend', 'dashboard.workflow.task.process.definition', '', 'zh-CN');
INSERT INTO OKM_TRANSLATION (TR_MODULE, TR_KEY, TR_TEXT, TR_LANGUAGE) VALUES ('frontend', 'dashboard.workflow.task.process.path', '', 'zh-CN');
INSERT INTO OKM_TRANSLATION (TR_MODULE, TR_KEY, TR_TEXT, TR_LANGUAGE) VALUES ('frontend', 'dashboard.refreshing', '', 'zh-CN');
INSERT INTO OKM_TRANSLATION (TR_MODULE, TR_KEY, TR_TEXT, TR_LANGUAGE) VALUES ('frontend', 'dashboard.keyword', '', 'zh-CN');
INSERT INTO OKM_TRANSLATION (TR_MODULE, TR_KEY, TR_TEXT, TR_LANGUAGE) VALUES ('frontend', 'dashboard.keyword.suggest', '', 'zh-CN');
INSERT INTO OKM_TRANSLATION (TR_MODULE, TR_KEY, TR_TEXT, TR_LANGUAGE) VALUES ('frontend', 'dashboard.keyword.all', '', 'zh-CN');
INSERT INTO OKM_TRANSLATION (TR_MODULE, TR_KEY, TR_TEXT, TR_LANGUAGE) VALUES ('frontend', 'dashboard.keyword.top', '', 'zh-CN');
INSERT INTO OKM_TRANSLATION (TR_MODULE, TR_KEY, TR_TEXT, TR_LANGUAGE) VALUES ('frontend', 'dashboard.keyword.related', '', 'zh-CN');
INSERT INTO OKM_TRANSLATION (TR_MODULE, TR_KEY, TR_TEXT, TR_LANGUAGE) VALUES ('frontend', 'dashboard.keyword.goto.document', '', 'zh-CN');
INSERT INTO OKM_TRANSLATION (TR_MODULE, TR_KEY, TR_TEXT, TR_LANGUAGE) VALUES ('frontend', 'dashboard.keyword.clean.keywords', '', 'zh-CN');
INSERT INTO OKM_TRANSLATION (TR_MODULE, TR_KEY, TR_TEXT, TR_LANGUAGE) VALUES ('frontend', 'dashboard.mail.last.imported.mails', '', 'zh-CN');
INSERT INTO OKM_TRANSLATION (TR_MODULE, TR_KEY, TR_TEXT, TR_LANGUAGE) VALUES ('frontend', 'dashboard.mail.last.imported.attached.documents', '', 'zh-CN');
INSERT INTO OKM_TRANSLATION (TR_MODULE, TR_KEY, TR_TEXT, TR_LANGUAGE) VALUES ('frontend', 'workflow.label', '', 'zh-CN');
INSERT INTO OKM_TRANSLATION (TR_MODULE, TR_KEY, TR_TEXT, TR_LANGUAGE) VALUES ('frontend', 'user.preferences.label', '', 'zh-CN');
INSERT INTO OKM_TRANSLATION (TR_MODULE, TR_KEY, TR_TEXT, TR_LANGUAGE) VALUES ('frontend', 'user.preferences.user', '', 'zh-CN');
INSERT INTO OKM_TRANSLATION (TR_MODULE, TR_KEY, TR_TEXT, TR_LANGUAGE) VALUES ('frontend', 'user.preferences.password', '', 'zh-CN');
INSERT INTO OKM_TRANSLATION (TR_MODULE, TR_KEY, TR_TEXT, TR_LANGUAGE) VALUES ('frontend', 'user.preferences.mail', '', 'zh-CN');
INSERT INTO OKM_TRANSLATION (TR_MODULE, TR_KEY, TR_TEXT, TR_LANGUAGE) VALUES ('frontend', 'user.preferences.roles', '', 'zh-CN');
INSERT INTO OKM_TRANSLATION (TR_MODULE, TR_KEY, TR_TEXT, TR_LANGUAGE) VALUES ('frontend', 'user.preferences.imap.host', 'IMAP', 'zh-CN');
INSERT INTO OKM_TRANSLATION (TR_MODULE, TR_KEY, TR_TEXT, TR_LANGUAGE) VALUES ('frontend', 'user.preferences.imap.user', 'IMAP', 'zh-CN');
INSERT INTO OKM_TRANSLATION (TR_MODULE, TR_KEY, TR_TEXT, TR_LANGUAGE) VALUES ('frontend', 'user.preferences.imap.user.password', 'IMAP', 'zh-CN');
INSERT INTO OKM_TRANSLATION (TR_MODULE, TR_KEY, TR_TEXT, TR_LANGUAGE) VALUES ('frontend', 'user.preferences.imap.folder', 'IMAP', 'zh-CN');
INSERT INTO OKM_TRANSLATION (TR_MODULE, TR_KEY, TR_TEXT, TR_LANGUAGE) VALUES ('frontend', 'user.preferences.password.error', '', 'zh-CN');
INSERT INTO OKM_TRANSLATION (TR_MODULE, TR_KEY, TR_TEXT, TR_LANGUAGE) VALUES ('frontend', 'user.preferences.user.data', '', 'zh-CN');
INSERT INTO OKM_TRANSLATION (TR_MODULE, TR_KEY, TR_TEXT, TR_LANGUAGE) VALUES ('frontend', 'user.preferences.mail.data', '', 'zh-CN');
INSERT INTO OKM_TRANSLATION (TR_MODULE, TR_KEY, TR_TEXT, TR_LANGUAGE) VALUES ('frontend', 'user.preferences.imap.error', '', 'zh-CN');
INSERT INTO OKM_TRANSLATION (TR_MODULE, TR_KEY, TR_TEXT, TR_LANGUAGE) VALUES ('frontend', 'user.preferences.imap.password.error.void', 'IMAP', 'zh-CN');
INSERT INTO OKM_TRANSLATION (TR_MODULE, TR_KEY, TR_TEXT, TR_LANGUAGE) VALUES ('frontend', 'user.preferences.imap.test.error', 'IMAP ', 'zh-CN');
INSERT INTO OKM_TRANSLATION (TR_MODULE, TR_KEY, TR_TEXT, TR_LANGUAGE) VALUES ('frontend', 'user.preferences.imap.test.ok', 'IMAP ', 'zh-CN');
INSERT INTO OKM_TRANSLATION (TR_MODULE, TR_KEY, TR_TEXT, TR_LANGUAGE) VALUES ('frontend', 'thesaurus.directory.select.label', '', 'zh-CN');
INSERT INTO OKM_TRANSLATION (TR_MODULE, TR_KEY, TR_TEXT, TR_LANGUAGE) VALUES ('frontend', 'thesaurus.tab.tree', '', 'zh-CN');
INSERT INTO OKM_TRANSLATION (TR_MODULE, TR_KEY, TR_TEXT, TR_LANGUAGE) VALUES ('frontend', 'thesaurus.tab.keywords', '', 'zh-CN');
INSERT INTO OKM_TRANSLATION (TR_MODULE, TR_KEY, TR_TEXT, TR_LANGUAGE) VALUES ('frontend', 'categories.folder.select.label', '', 'zh-CN');
INSERT INTO OKM_TRANSLATION (TR_MODULE, TR_KEY, TR_TEXT, TR_LANGUAGE) VALUES ('frontend', 'categories.folder.error.delete', '', 'zh-CN');
INSERT INTO OKM_TRANSLATION (TR_MODULE, TR_KEY, TR_TEXT, TR_LANGUAGE) VALUES ('frontend', 'wizard.document.uploading', '', 'zh-CN');
INSERT INTO OKM_TRANSLATION (TR_MODULE, TR_KEY, TR_TEXT, TR_LANGUAGE) VALUES ('frontend', 'user.info.chat.connect', '', 'zh-CN');
INSERT INTO OKM_TRANSLATION (TR_MODULE, TR_KEY, TR_TEXT, TR_LANGUAGE) VALUES ('frontend', 'user.info.chat.disconnect', '', 'zh-CN');
INSERT INTO OKM_TRANSLATION (TR_MODULE, TR_KEY, TR_TEXT, TR_LANGUAGE) VALUES ('frontend', 'user.info.chat.new.room', '', 'zh-CN');
INSERT INTO OKM_TRANSLATION (TR_MODULE, TR_KEY, TR_TEXT, TR_LANGUAGE) VALUES ('frontend', 'user.info.locked.actual', '', 'zh-CN');
INSERT INTO OKM_TRANSLATION (TR_MODULE, TR_KEY, TR_TEXT, TR_LANGUAGE) VALUES ('frontend', 'user.info.checkout.actual', '', 'zh-CN');
INSERT INTO OKM_TRANSLATION (TR_MODULE, TR_KEY, TR_TEXT, TR_LANGUAGE) VALUES ('frontend', 'user.info.subscription.actual', '', 'zh-CN');
INSERT INTO OKM_TRANSLATION (TR_MODULE, TR_KEY, TR_TEXT, TR_LANGUAGE) VALUES ('frontend', 'user.info.news.new', '', 'zh-CN');
INSERT INTO OKM_TRANSLATION (TR_MODULE, TR_KEY, TR_TEXT, TR_LANGUAGE) VALUES ('frontend', 'user.info.workflow.pending', '', 'zh-CN');
INSERT INTO OKM_TRANSLATION (TR_MODULE, TR_KEY, TR_TEXT, TR_LANGUAGE) VALUES ('frontend', 'user.info.user.quota', '', 'zh-CN');
INSERT INTO OKM_TRANSLATION (TR_MODULE, TR_KEY, TR_TEXT, TR_LANGUAGE) VALUES ('frontend', 'user.online', '', 'zh-CN');
INSERT INTO OKM_TRANSLATION (TR_MODULE, TR_KEY, TR_TEXT, TR_LANGUAGE) VALUES ('frontend', 'chat.room', '', 'zh-CN');
INSERT INTO OKM_TRANSLATION (TR_MODULE, TR_KEY, TR_TEXT, TR_LANGUAGE) VALUES ('frontend', 'chat.users.in.room', '', 'zh-CN');
INSERT INTO OKM_TRANSLATION (TR_MODULE, TR_KEY, TR_TEXT, TR_LANGUAGE) VALUES ('frontend', 'OKM-017009', '', 'zh-CN');
INSERT INTO OKM_TRANSLATION (TR_MODULE, TR_KEY, TR_TEXT, TR_LANGUAGE) VALUES ('frontend', 'OKM-017004', '', 'zh-CN');
INSERT INTO OKM_TRANSLATION (TR_MODULE, TR_KEY, TR_TEXT, TR_LANGUAGE) VALUES ('frontend', 'OKM-017001', '', 'zh-CN');
INSERT INTO OKM_TRANSLATION (TR_MODULE, TR_KEY, TR_TEXT, TR_LANGUAGE) VALUES ('frontend', 'OKM-017015', '', 'zh-CN');
INSERT INTO OKM_TRANSLATION (TR_MODULE, TR_KEY, TR_TEXT, TR_LANGUAGE) VALUES ('frontend', 'OKM-017016', '', 'zh-CN');
INSERT INTO OKM_TRANSLATION (TR_MODULE, TR_KEY, TR_TEXT, TR_LANGUAGE) VALUES ('frontend', 'OKM-002009', '', 'zh-CN');
INSERT INTO OKM_TRANSLATION (TR_MODULE, TR_KEY, TR_TEXT, TR_LANGUAGE) VALUES ('frontend', 'OKM-002002', '', 'zh-CN');
INSERT INTO OKM_TRANSLATION (TR_MODULE, TR_KEY, TR_TEXT, TR_LANGUAGE) VALUES ('frontend', 'OKM-002003', '', 'zh-CN');
INSERT INTO OKM_TRANSLATION (TR_MODULE, TR_KEY, TR_TEXT, TR_LANGUAGE) VALUES ('frontend', 'OKM-002004', '', 'zh-CN');
INSERT INTO OKM_TRANSLATION (TR_MODULE, TR_KEY, TR_TEXT, TR_LANGUAGE) VALUES ('frontend', 'OKM-002004', '', 'zh-CN');
INSERT INTO OKM_TRANSLATION (TR_MODULE, TR_KEY, TR_TEXT, TR_LANGUAGE) VALUES ('frontend', 'OKM-002001', '', 'zh-CN');
INSERT INTO OKM_TRANSLATION (TR_MODULE, TR_KEY, TR_TEXT, TR_LANGUAGE) VALUES ('frontend', 'OKM-002006', '', 'zh-CN');
INSERT INTO OKM_TRANSLATION (TR_MODULE, TR_KEY, TR_TEXT, TR_LANGUAGE) VALUES ('frontend', 'OKM-002015', '', 'zh-CN');
INSERT INTO OKM_TRANSLATION (TR_MODULE, TR_KEY, TR_TEXT, TR_LANGUAGE) VALUES ('frontend', 'OKM-002024', '', 'zh-CN');
INSERT INTO OKM_TRANSLATION (TR_MODULE, TR_KEY, TR_TEXT, TR_LANGUAGE) VALUES ('frontend', 'OKM-001009', '', 'zh-CN');
INSERT INTO OKM_TRANSLATION (TR_MODULE, TR_KEY, TR_TEXT, TR_LANGUAGE) VALUES ('frontend', 'OKM-001002', '', 'zh-CN');
INSERT INTO OKM_TRANSLATION (TR_MODULE, TR_KEY, TR_TEXT, TR_LANGUAGE) VALUES ('frontend', 'OKM-001003', '', 'zh-CN');
INSERT INTO OKM_TRANSLATION (TR_MODULE, TR_KEY, TR_TEXT, TR_LANGUAGE) VALUES ('frontend', 'OKM-001001', '', 'zh-CN');
INSERT INTO OKM_TRANSLATION (TR_MODULE, TR_KEY, TR_TEXT, TR_LANGUAGE) VALUES ('frontend', 'OKM-001006', '', 'zh-CN');
INSERT INTO OKM_TRANSLATION (TR_MODULE, TR_KEY, TR_TEXT, TR_LANGUAGE) VALUES ('frontend', 'OKM-001015', '', 'zh-CN');
INSERT INTO OKM_TRANSLATION (TR_MODULE, TR_KEY, TR_TEXT, TR_LANGUAGE) VALUES ('frontend', 'OKM-001024', '', 'zh-CN');
INSERT INTO OKM_TRANSLATION (TR_MODULE, TR_KEY, TR_TEXT, TR_LANGUAGE) VALUES ('frontend', 'OKM-007009', '', 'zh-CN');
INSERT INTO OKM_TRANSLATION (TR_MODULE, TR_KEY, TR_TEXT, TR_LANGUAGE) VALUES ('frontend', 'OKM-007002', '', 'zh-CN');
INSERT INTO OKM_TRANSLATION (TR_MODULE, TR_KEY, TR_TEXT, TR_LANGUAGE) VALUES ('frontend', 'OKM-007001', '', 'zh-CN');
INSERT INTO OKM_TRANSLATION (TR_MODULE, TR_KEY, TR_TEXT, TR_LANGUAGE) VALUES ('frontend', 'OKM-007006', '', 'zh-CN');
INSERT INTO OKM_TRANSLATION (TR_MODULE, TR_KEY, TR_TEXT, TR_LANGUAGE) VALUES ('frontend', 'OKM-007024', '', 'zh-CN');
INSERT INTO OKM_TRANSLATION (TR_MODULE, TR_KEY, TR_TEXT, TR_LANGUAGE) VALUES ('frontend', 'OKM-009002', '', 'zh-CN');
INSERT INTO OKM_TRANSLATION (TR_MODULE, TR_KEY, TR_TEXT, TR_LANGUAGE) VALUES ('frontend', 'OKM-009006', '', 'zh-CN');
INSERT INTO OKM_TRANSLATION (TR_MODULE, TR_KEY, TR_TEXT, TR_LANGUAGE) VALUES ('frontend', 'OKM-005010', '', 'zh-CN');
INSERT INTO OKM_TRANSLATION (TR_MODULE, TR_KEY, TR_TEXT, TR_LANGUAGE) VALUES ('frontend', 'OKM-005003', '', 'zh-CN');
INSERT INTO OKM_TRANSLATION (TR_MODULE, TR_KEY, TR_TEXT, TR_LANGUAGE) VALUES ('frontend', 'OKM-005011', '', 'zh-CN');
INSERT INTO OKM_TRANSLATION (TR_MODULE, TR_KEY, TR_TEXT, TR_LANGUAGE) VALUES ('frontend', 'OKM-005027', '', 'zh-CN');
INSERT INTO OKM_TRANSLATION (TR_MODULE, TR_KEY, TR_TEXT, TR_LANGUAGE) VALUES ('frontend', 'OKM-004001', '', 'zh-CN');
INSERT INTO OKM_TRANSLATION (TR_MODULE, TR_KEY, TR_TEXT, TR_LANGUAGE) VALUES ('frontend', 'OKM-004024', '', 'zh-CN');
INSERT INTO OKM_TRANSLATION (TR_MODULE, TR_KEY, TR_TEXT, TR_LANGUAGE) VALUES ('frontend', 'OKM-008001', '', 'zh-CN');
INSERT INTO OKM_TRANSLATION (TR_MODULE, TR_KEY, TR_TEXT, TR_LANGUAGE) VALUES ('frontend', 'OKM-008003', '', 'zh-CN');
INSERT INTO OKM_TRANSLATION (TR_MODULE, TR_KEY, TR_TEXT, TR_LANGUAGE) VALUES ('frontend', 'OKM-008024', '', 'zh-CN');
INSERT INTO OKM_TRANSLATION (TR_MODULE, TR_KEY, TR_TEXT, TR_LANGUAGE) VALUES ('frontend', 'OKM-011003', '', 'zh-CN');
INSERT INTO OKM_TRANSLATION (TR_MODULE, TR_KEY, TR_TEXT, TR_LANGUAGE) VALUES ('frontend', 'OKM-003017', '', 'zh-CN');
INSERT INTO OKM_TRANSLATION (TR_MODULE, TR_KEY, TR_TEXT, TR_LANGUAGE) VALUES ('frontend', 'OKM-013001', '', 'zh-CN');
INSERT INTO OKM_TRANSLATION (TR_MODULE, TR_KEY, TR_TEXT, TR_LANGUAGE) VALUES ('frontend', 'OKM-013024', '', 'zh-CN');
INSERT INTO OKM_TRANSLATION (TR_MODULE, TR_KEY, TR_TEXT, TR_LANGUAGE) VALUES ('frontend', 'OKM-014001', 'I/O', 'zh-CN');
INSERT INTO OKM_TRANSLATION (TR_MODULE, TR_KEY, TR_TEXT, TR_LANGUAGE) VALUES ('frontend', 'OKM-014013', '', 'zh-CN');
INSERT INTO OKM_TRANSLATION (TR_MODULE, TR_KEY, TR_TEXT, TR_LANGUAGE) VALUES ('frontend', 'OKM-015001', '', 'zh-CN');
INSERT INTO OKM_TRANSLATION (TR_MODULE, TR_KEY, TR_TEXT, TR_LANGUAGE) VALUES ('frontend', 'OKM-015024', '', 'zh-CN');
INSERT INTO OKM_TRANSLATION (TR_MODULE, TR_KEY, TR_TEXT, TR_LANGUAGE) VALUES ('frontend', 'OKM-018022', '', 'zh-CN');
INSERT INTO OKM_TRANSLATION (TR_MODULE, TR_KEY, TR_TEXT, TR_LANGUAGE) VALUES ('frontend', 'OKM-018023', '', 'zh-CN');
INSERT INTO OKM_TRANSLATION (TR_MODULE, TR_KEY, TR_TEXT, TR_LANGUAGE) VALUES ('frontend', 'OKM-016009', '', 'zh-CN');
INSERT INTO OKM_TRANSLATION (TR_MODULE, TR_KEY, TR_TEXT, TR_LANGUAGE) VALUES ('frontend', 'OKM-016002', '', 'zh-CN');
INSERT INTO OKM_TRANSLATION (TR_MODULE, TR_KEY, TR_TEXT, TR_LANGUAGE) VALUES ('frontend', 'OKM-016003', '', 'zh-CN');
INSERT INTO OKM_TRANSLATION (TR_MODULE, TR_KEY, TR_TEXT, TR_LANGUAGE) VALUES ('frontend', 'OKM-016004', '', 'zh-CN');
INSERT INTO OKM_TRANSLATION (TR_MODULE, TR_KEY, TR_TEXT, TR_LANGUAGE) VALUES ('frontend', 'OKM-016001', '', 'zh-CN');
INSERT INTO OKM_TRANSLATION (TR_MODULE, TR_KEY, TR_TEXT, TR_LANGUAGE) VALUES ('frontend', 'OKM-016006', '', 'zh-CN');
INSERT INTO OKM_TRANSLATION (TR_MODULE, TR_KEY, TR_TEXT, TR_LANGUAGE) VALUES ('frontend', 'OKM-016015', '', 'zh-CN');
INSERT INTO OKM_TRANSLATION (TR_MODULE, TR_KEY, TR_TEXT, TR_LANGUAGE) VALUES ('frontend', 'OKM-016024', '', 'zh-CN');
INSERT INTO OKM_TRANSLATION (TR_MODULE, TR_KEY, TR_TEXT, TR_LANGUAGE) VALUES ('frontend', 'OKM-010015', '', 'zh-CN');
INSERT INTO OKM_TRANSLATION (TR_MODULE, TR_KEY, TR_TEXT, TR_LANGUAGE) VALUES ('frontend', 'OKM-010009', '', 'zh-CN');
INSERT INTO OKM_TRANSLATION (TR_MODULE, TR_KEY, TR_TEXT, TR_LANGUAGE) VALUES ('frontend', 'OKM-010001', '', 'zh-CN');
INSERT INTO OKM_TRANSLATION (TR_MODULE, TR_KEY, TR_TEXT, TR_LANGUAGE) VALUES ('frontend', 'OKM-010024', ' ', 'zh-CN');
insert into OKM_LANGUAGE (LG_ID, LG_NAME, LG_IMAGE_CONTENT, LG_IMAGE_MIME) values ('zh-TW', 'Chinese traditional', 'R0lGODlhEAALAOeGAJ0AAJ8AAKEAAKMAAKUAAKcAAKkAAKsAAK8AALMAALcAALkAAL0AAMEAAMMAAMcAAMsAAM0AAM8AANEAANMAANUAANcAANALC9EPDtEQENMTE9MUFNQZGdUZGdUaGtUeHtYfH9cfH9cgINcjI9gkJNklJdkmJtkpKdkqKtkrK9YsLNorK9ssLNYvL9cvL9suLtsvL9swMNgyMtwxMdg1Ndw0NN00NNg2Nt01Nd02Nt43Nt43N9o5Odo7O946Ot47Ot47O947PN48PNs9Pd88Pdw/P+A/P99AQOVFANxCQuBBQuBCQuFCQd1EROFERN1GRuFFReFHR99JSeNJSeNKSd9LS+FOTuNPT+RPT+FQUORSS+JTU+VTU+JUVeRUVONXV+ZXVONYWOZYWORcXOdcWeRdXeZgYOZhYudlZehmZuhpaehqauhvbelvb+pyc+x5dup/R+1/e+2Eee2JUO6JeeyQRu2SRu2WTO+YWfCbVPGoUfKld/W/cfXLS/XMS/bPUfnadPrce/rdevriXPvmXP3zX////////////////////////////////////////////////////////////////////////////////////////////////////////////////////////////////////////////////////////////////////////////////////////////////////////////////////////////////////////////////////////////////////////////////////////////////////////////////////////////////////////////////////////////////////////////////////////////////////////////////////////////////////////////////////////////////////////////////////////////////////////yH+EUNyZWF0ZWQgd2l0aCBHSU1QACwAAAAAEAALAAAIwQAtVKBQoQISCRIiQHjwwEEDBgwqxAkkZw8gPmzUoDEz5ssWKwooCCo0iEyeP3eiLCGyYwYLKQko0CGEx4uePnCUCNExY4WJJggovBEDZo6fOkyC5IixooSIIgcmuOFyRYudI0CWpigRwkOPAhLaYKEC5cgPHDBQkADRYcMNAhHWTIFixIeNtGvbZpAhAEIaJ3VrvDgx4gMHDRguuBDw4EyZMF2yVHmSZAgPGjJaqADQ8OECBQkQHDBQYICAAAAEBAQAOw==', 'image/gif');
INSERT INTO OKM_TRANSLATION (TR_MODULE, TR_KEY, TR_TEXT, TR_LANGUAGE) VALUES ('frontend', 'general.date.pattern', 'yyyy-MM-dd hh:mm:ss', 'zh-TW');
INSERT INTO OKM_TRANSLATION (TR_MODULE, TR_KEY, TR_TEXT, TR_LANGUAGE) VALUES ('frontend', 'general.day.pattern', 'yyyy-MM-dd', 'zh-TW');
INSERT INTO OKM_TRANSLATION (TR_MODULE, TR_KEY, TR_TEXT, TR_LANGUAGE) VALUES ('frontend', 'general.hour.pattern', 'HH:mm:ss', 'zh-TW');
INSERT INTO OKM_TRANSLATION (TR_MODULE, TR_KEY, TR_TEXT, TR_LANGUAGE) VALUES ('frontend', 'startup.openkm', 'OpenKM', 'zh-TW');
INSERT INTO OKM_TRANSLATION (TR_MODULE, TR_KEY, TR_TEXT, TR_LANGUAGE) VALUES ('frontend', 'startup.starting.loading', 'OpenKM', 'zh-TW');
INSERT INTO OKM_TRANSLATION (TR_MODULE, TR_KEY, TR_TEXT, TR_LANGUAGE) VALUES ('frontend', 'startup.taxonomy', '', 'zh-TW');
INSERT INTO OKM_TRANSLATION (TR_MODULE, TR_KEY, TR_TEXT, TR_LANGUAGE) VALUES ('frontend', 'startup.categories', 'categories', 'zh-TW');
INSERT INTO OKM_TRANSLATION (TR_MODULE, TR_KEY, TR_TEXT, TR_LANGUAGE) VALUES ('frontend', 'startup.thesaurus', 'thesaurus', 'zh-TW');
INSERT INTO OKM_TRANSLATION (TR_MODULE, TR_KEY, TR_TEXT, TR_LANGUAGE) VALUES ('frontend', 'startup.template', '', 'zh-TW');
INSERT INTO OKM_TRANSLATION (TR_MODULE, TR_KEY, TR_TEXT, TR_LANGUAGE) VALUES ('frontend', 'startup.personal', '', 'zh-TW');
INSERT INTO OKM_TRANSLATION (TR_MODULE, TR_KEY, TR_TEXT, TR_LANGUAGE) VALUES ('frontend', 'startup.mail', '', 'zh-TW');
INSERT INTO OKM_TRANSLATION (TR_MODULE, TR_KEY, TR_TEXT, TR_LANGUAGE) VALUES ('frontend', 'startup.trash', '', 'zh-TW');
INSERT INTO OKM_TRANSLATION (TR_MODULE, TR_KEY, TR_TEXT, TR_LANGUAGE) VALUES ('frontend', 'startup.user.home', '', 'zh-TW');
INSERT INTO OKM_TRANSLATION (TR_MODULE, TR_KEY, TR_TEXT, TR_LANGUAGE) VALUES ('frontend', 'startup.bookmarks', '', 'zh-TW');
INSERT INTO OKM_TRANSLATION (TR_MODULE, TR_KEY, TR_TEXT, TR_LANGUAGE) VALUES ('frontend', 'startup.loading.taxonomy', '', 'zh-TW');
INSERT INTO OKM_TRANSLATION (TR_MODULE, TR_KEY, TR_TEXT, TR_LANGUAGE) VALUES ('frontend', 'startup.loading.taxonomy.getting.folders', ' - ', 'zh-TW');
INSERT INTO OKM_TRANSLATION (TR_MODULE, TR_KEY, TR_TEXT, TR_LANGUAGE) VALUES ('frontend', 'startup.loading.taxonomy.eval.params', ' - ', 'zh-TW');
INSERT INTO OKM_TRANSLATION (TR_MODULE, TR_KEY, TR_TEXT, TR_LANGUAGE) VALUES ('frontend', 'startup.loading.taxonomy.open.path', ' - ', 'zh-TW');
INSERT INTO OKM_TRANSLATION (TR_MODULE, TR_KEY, TR_TEXT, TR_LANGUAGE) VALUES ('frontend', 'startup.loading.taxonomy.getting.filebrowser.folders', ' - ', 'zh-TW');
INSERT INTO OKM_TRANSLATION (TR_MODULE, TR_KEY, TR_TEXT, TR_LANGUAGE) VALUES ('frontend', 'startup.loading.taxonomy.getting.filebrowser.documents', ' - ', 'zh-TW');
INSERT INTO OKM_TRANSLATION (TR_MODULE, TR_KEY, TR_TEXT, TR_LANGUAGE) VALUES ('frontend', 'startup.loading.taxonomy.getting.filebrowser.mails', ' - ', 'zh-TW');
INSERT INTO OKM_TRANSLATION (TR_MODULE, TR_KEY, TR_TEXT, TR_LANGUAGE) VALUES ('frontend', 'startup.loading.personal', '', 'zh-TW');
INSERT INTO OKM_TRANSLATION (TR_MODULE, TR_KEY, TR_TEXT, TR_LANGUAGE) VALUES ('frontend', 'startup.loading.mail', '', 'zh-TW');
INSERT INTO OKM_TRANSLATION (TR_MODULE, TR_KEY, TR_TEXT, TR_LANGUAGE) VALUES ('frontend', 'startup.loading.categories', 'categories', 'zh-TW');
INSERT INTO OKM_TRANSLATION (TR_MODULE, TR_KEY, TR_TEXT, TR_LANGUAGE) VALUES ('frontend', 'startup.loading.thesaurus', 'thesaurus', 'zh-TW');
INSERT INTO OKM_TRANSLATION (TR_MODULE, TR_KEY, TR_TEXT, TR_LANGUAGE) VALUES ('frontend', 'startup.loading.templates', '', 'zh-TW');
INSERT INTO OKM_TRANSLATION (TR_MODULE, TR_KEY, TR_TEXT, TR_LANGUAGE) VALUES ('frontend', 'startup.loading.trash', '', 'zh-TW');
INSERT INTO OKM_TRANSLATION (TR_MODULE, TR_KEY, TR_TEXT, TR_LANGUAGE) VALUES ('frontend', 'startup.loading.history.search', '', 'zh-TW');
INSERT INTO OKM_TRANSLATION (TR_MODULE, TR_KEY, TR_TEXT, TR_LANGUAGE) VALUES ('frontend', 'startup.loading.user.values', '', 'zh-TW');
INSERT INTO OKM_TRANSLATION (TR_MODULE, TR_KEY, TR_TEXT, TR_LANGUAGE) VALUES ('frontend', 'startup.keep.alive', 'keep alive', 'zh-TW');
INSERT INTO OKM_TRANSLATION (TR_MODULE, TR_KEY, TR_TEXT, TR_LANGUAGE) VALUES ('frontend', 'openkm.update.available', 'OpenKM', 'zh-TW');
INSERT INTO OKM_TRANSLATION (TR_MODULE, TR_KEY, TR_TEXT, TR_LANGUAGE) VALUES ('frontend', 'leftpanel.label.taxonomy', '', 'zh-TW');
INSERT INTO OKM_TRANSLATION (TR_MODULE, TR_KEY, TR_TEXT, TR_LANGUAGE) VALUES ('frontend', 'leftpanel.label.trash', '', 'zh-TW');
INSERT INTO OKM_TRANSLATION (TR_MODULE, TR_KEY, TR_TEXT, TR_LANGUAGE) VALUES ('frontend', 'leftpanel.label.mail', '', 'zh-TW');
INSERT INTO OKM_TRANSLATION (TR_MODULE, TR_KEY, TR_TEXT, TR_LANGUAGE) VALUES ('frontend', 'leftpanel.label.stored.search', '', 'zh-TW');
INSERT INTO OKM_TRANSLATION (TR_MODULE, TR_KEY, TR_TEXT, TR_LANGUAGE) VALUES ('frontend', 'leftpanel.label.categories', 'Categories', 'zh-TW');
INSERT INTO OKM_TRANSLATION (TR_MODULE, TR_KEY, TR_TEXT, TR_LANGUAGE) VALUES ('frontend', 'leftpanel.label.thesaurus', 'Thesaurus', 'zh-TW');
INSERT INTO OKM_TRANSLATION (TR_MODULE, TR_KEY, TR_TEXT, TR_LANGUAGE) VALUES ('frontend', 'leftpanel.label.templates', '', 'zh-TW');
INSERT INTO OKM_TRANSLATION (TR_MODULE, TR_KEY, TR_TEXT, TR_LANGUAGE) VALUES ('frontend', 'leftpanel.label.my.documents', '', 'zh-TW');
INSERT INTO OKM_TRANSLATION (TR_MODULE, TR_KEY, TR_TEXT, TR_LANGUAGE) VALUES ('frontend', 'leftpanel.label.user.search', '', 'zh-TW');
INSERT INTO OKM_TRANSLATION (TR_MODULE, TR_KEY, TR_TEXT, TR_LANGUAGE) VALUES ('frontend', 'leftpanel.label.all.repository', '', 'zh-TW');
INSERT INTO OKM_TRANSLATION (TR_MODULE, TR_KEY, TR_TEXT, TR_LANGUAGE) VALUES ('frontend', 'tree.menu.directory.create', '', 'zh-TW');
INSERT INTO OKM_TRANSLATION (TR_MODULE, TR_KEY, TR_TEXT, TR_LANGUAGE) VALUES ('frontend', 'tree.menu.directory.remove', '', 'zh-TW');
INSERT INTO OKM_TRANSLATION (TR_MODULE, TR_KEY, TR_TEXT, TR_LANGUAGE) VALUES ('frontend', 'tree.menu.directory.rename', '', 'zh-TW');
INSERT INTO OKM_TRANSLATION (TR_MODULE, TR_KEY, TR_TEXT, TR_LANGUAGE) VALUES ('frontend', 'tree.menu.directory.refresh', '', 'zh-TW');
INSERT INTO OKM_TRANSLATION (TR_MODULE, TR_KEY, TR_TEXT, TR_LANGUAGE) VALUES ('frontend', 'tree.menu.directory.move', '', 'zh-TW');
INSERT INTO OKM_TRANSLATION (TR_MODULE, TR_KEY, TR_TEXT, TR_LANGUAGE) VALUES ('frontend', 'tree.menu.directory.copy', '', 'zh-TW');
INSERT INTO OKM_TRANSLATION (TR_MODULE, TR_KEY, TR_TEXT, TR_LANGUAGE) VALUES ('frontend', 'tree.menu.directory.add.document', '', 'zh-TW');
INSERT INTO OKM_TRANSLATION (TR_MODULE, TR_KEY, TR_TEXT, TR_LANGUAGE) VALUES ('frontend', 'tree.menu.add.bookmark', '', 'zh-TW');
INSERT INTO OKM_TRANSLATION (TR_MODULE, TR_KEY, TR_TEXT, TR_LANGUAGE) VALUES ('frontend', 'tree.menu.set.home', '', 'zh-TW');
INSERT INTO OKM_TRANSLATION (TR_MODULE, TR_KEY, TR_TEXT, TR_LANGUAGE) VALUES ('frontend', 'tree.menu.export', '', 'zh-TW');
INSERT INTO OKM_TRANSLATION (TR_MODULE, TR_KEY, TR_TEXT, TR_LANGUAGE) VALUES ('frontend', 'tree.status.refresh.folder', '', 'zh-TW');
INSERT INTO OKM_TRANSLATION (TR_MODULE, TR_KEY, TR_TEXT, TR_LANGUAGE) VALUES ('frontend', 'tree.status.refresh.create', '', 'zh-TW');
INSERT INTO OKM_TRANSLATION (TR_MODULE, TR_KEY, TR_TEXT, TR_LANGUAGE) VALUES ('frontend', 'tree.status.refresh.delete', '', 'zh-TW');
INSERT INTO OKM_TRANSLATION (TR_MODULE, TR_KEY, TR_TEXT, TR_LANGUAGE) VALUES ('frontend', 'tree.status.refresh.rename', '', 'zh-TW');
INSERT INTO OKM_TRANSLATION (TR_MODULE, TR_KEY, TR_TEXT, TR_LANGUAGE) VALUES ('frontend', 'tree.status.refresh.restore', '', 'zh-TW');
INSERT INTO OKM_TRANSLATION (TR_MODULE, TR_KEY, TR_TEXT, TR_LANGUAGE) VALUES ('frontend', 'tree.status.refresh.purge', '', 'zh-TW');
INSERT INTO OKM_TRANSLATION (TR_MODULE, TR_KEY, TR_TEXT, TR_LANGUAGE) VALUES ('frontend', 'tree.status.refresh.get', '', 'zh-TW');
INSERT INTO OKM_TRANSLATION (TR_MODULE, TR_KEY, TR_TEXT, TR_LANGUAGE) VALUES ('frontend', 'tree.folder.new', '', 'zh-TW');
INSERT INTO OKM_TRANSLATION (TR_MODULE, TR_KEY, TR_TEXT, TR_LANGUAGE) VALUES ('frontend', 'tree.status.refresh.add.subscription', '', 'zh-TW');
INSERT INTO OKM_TRANSLATION (TR_MODULE, TR_KEY, TR_TEXT, TR_LANGUAGE) VALUES ('frontend', 'tree.status.refresh.remove.subscription', '', 'zh-TW');
INSERT INTO OKM_TRANSLATION (TR_MODULE, TR_KEY, TR_TEXT, TR_LANGUAGE) VALUES ('frontend', 'tree.status.refresh.get.root', '', 'zh-TW');
INSERT INTO OKM_TRANSLATION (TR_MODULE, TR_KEY, TR_TEXT, TR_LANGUAGE) VALUES ('frontend', 'tree.status.refresh.get.keywords', '', 'zh-TW');
INSERT INTO OKM_TRANSLATION (TR_MODULE, TR_KEY, TR_TEXT, TR_LANGUAGE) VALUES ('frontend', 'tree.status.refresh.get.user.home', '', 'zh-TW');
INSERT INTO OKM_TRANSLATION (TR_MODULE, TR_KEY, TR_TEXT, TR_LANGUAGE) VALUES ('frontend', 'tree.status.refresh.purge.trash', '', 'zh-TW');
INSERT INTO OKM_TRANSLATION (TR_MODULE, TR_KEY, TR_TEXT, TR_LANGUAGE) VALUES ('frontend', 'tree.menu.directory.find.folder', '', 'zh-TW');
INSERT INTO OKM_TRANSLATION (TR_MODULE, TR_KEY, TR_TEXT, TR_LANGUAGE) VALUES ('frontend', 'trash.menu.directory.restore', '', 'zh-TW');
INSERT INTO OKM_TRANSLATION (TR_MODULE, TR_KEY, TR_TEXT, TR_LANGUAGE) VALUES ('frontend', 'trash.menu.directory.purge', '', 'zh-TW');
INSERT INTO OKM_TRANSLATION (TR_MODULE, TR_KEY, TR_TEXT, TR_LANGUAGE) VALUES ('frontend', 'trash.menu.directory.purge.trash', '', 'zh-TW');
INSERT INTO OKM_TRANSLATION (TR_MODULE, TR_KEY, TR_TEXT, TR_LANGUAGE) VALUES ('frontend', 'trash.directory.select.label', '', 'zh-TW');
INSERT INTO OKM_TRANSLATION (TR_MODULE, TR_KEY, TR_TEXT, TR_LANGUAGE) VALUES ('frontend', 'general.menu.file', '', 'zh-TW');
INSERT INTO OKM_TRANSLATION (TR_MODULE, TR_KEY, TR_TEXT, TR_LANGUAGE) VALUES ('frontend', 'general.menu.file.exit', '', 'zh-TW');
INSERT INTO OKM_TRANSLATION (TR_MODULE, TR_KEY, TR_TEXT, TR_LANGUAGE) VALUES ('frontend', 'general.menu.file.purge.trash', '', 'zh-TW');
INSERT INTO OKM_TRANSLATION (TR_MODULE, TR_KEY, TR_TEXT, TR_LANGUAGE) VALUES ('frontend', 'general.menu.edit', '', 'zh-TW');
INSERT INTO OKM_TRANSLATION (TR_MODULE, TR_KEY, TR_TEXT, TR_LANGUAGE) VALUES ('frontend', 'general.menu.file.create.directory', '', 'zh-TW');
INSERT INTO OKM_TRANSLATION (TR_MODULE, TR_KEY, TR_TEXT, TR_LANGUAGE) VALUES ('frontend', 'general.menu.file.download.document', '', 'zh-TW');
INSERT INTO OKM_TRANSLATION (TR_MODULE, TR_KEY, TR_TEXT, TR_LANGUAGE) VALUES ('frontend', 'general.menu.file.download.document.pdf', 'PDF', 'zh-TW');
INSERT INTO OKM_TRANSLATION (TR_MODULE, TR_KEY, TR_TEXT, TR_LANGUAGE) VALUES ('frontend', 'general.menu.file.send.link', '', 'zh-TW');
INSERT INTO OKM_TRANSLATION (TR_MODULE, TR_KEY, TR_TEXT, TR_LANGUAGE) VALUES ('frontend', 'general.menu.file.send.attachment', '', 'zh-TW');
INSERT INTO OKM_TRANSLATION (TR_MODULE, TR_KEY, TR_TEXT, TR_LANGUAGE) VALUES ('frontend', 'general.menu.file.lock', '', 'zh-TW');
INSERT INTO OKM_TRANSLATION (TR_MODULE, TR_KEY, TR_TEXT, TR_LANGUAGE) VALUES ('frontend', 'general.menu.file.unlock', '', 'zh-TW');
INSERT INTO OKM_TRANSLATION (TR_MODULE, TR_KEY, TR_TEXT, TR_LANGUAGE) VALUES ('frontend', 'general.menu.file.add.document', '', 'zh-TW');
INSERT INTO OKM_TRANSLATION (TR_MODULE, TR_KEY, TR_TEXT, TR_LANGUAGE) VALUES ('frontend', 'general.menu.file.checkout', '', 'zh-TW');
INSERT INTO OKM_TRANSLATION (TR_MODULE, TR_KEY, TR_TEXT, TR_LANGUAGE) VALUES ('frontend', 'general.menu.file.checkin', '', 'zh-TW');
INSERT INTO OKM_TRANSLATION (TR_MODULE, TR_KEY, TR_TEXT, TR_LANGUAGE) VALUES ('frontend', 'general.menu.file.cancel.checkout', '', 'zh-TW');
INSERT INTO OKM_TRANSLATION (TR_MODULE, TR_KEY, TR_TEXT, TR_LANGUAGE) VALUES ('frontend', 'general.menu.file.delete', '', 'zh-TW');
INSERT INTO OKM_TRANSLATION (TR_MODULE, TR_KEY, TR_TEXT, TR_LANGUAGE) VALUES ('frontend', 'general.menu.file.refresh', '', 'zh-TW');
INSERT INTO OKM_TRANSLATION (TR_MODULE, TR_KEY, TR_TEXT, TR_LANGUAGE) VALUES ('frontend', 'general.menu.file.scanner', '', 'zh-TW');
INSERT INTO OKM_TRANSLATION (TR_MODULE, TR_KEY, TR_TEXT, TR_LANGUAGE) VALUES ('frontend', 'general.menu.file.uploader', '', 'zh-TW');
INSERT INTO OKM_TRANSLATION (TR_MODULE, TR_KEY, TR_TEXT, TR_LANGUAGE) VALUES ('frontend', 'general.menu.tools', '', 'zh-TW');
INSERT INTO OKM_TRANSLATION (TR_MODULE, TR_KEY, TR_TEXT, TR_LANGUAGE) VALUES ('frontend', 'general.menu.tools.languages', '', 'zh-TW');
INSERT INTO OKM_TRANSLATION (TR_MODULE, TR_KEY, TR_TEXT, TR_LANGUAGE) VALUES ('frontend', 'general.menu.tools.skin', '', 'zh-TW');
INSERT INTO OKM_TRANSLATION (TR_MODULE, TR_KEY, TR_TEXT, TR_LANGUAGE) VALUES ('frontend', 'general.menu.tools.skin.default', '', 'zh-TW');
INSERT INTO OKM_TRANSLATION (TR_MODULE, TR_KEY, TR_TEXT, TR_LANGUAGE) VALUES ('frontend', 'general.menu.tools.skin.default2', '2', 'zh-TW');
INSERT INTO OKM_TRANSLATION (TR_MODULE, TR_KEY, TR_TEXT, TR_LANGUAGE) VALUES ('frontend', 'general.menu.tools.skin.mediumfont', '', 'zh-TW');
INSERT INTO OKM_TRANSLATION (TR_MODULE, TR_KEY, TR_TEXT, TR_LANGUAGE) VALUES ('frontend', 'general.menu.tools.skin.bigfont', '', 'zh-TW');
INSERT INTO OKM_TRANSLATION (TR_MODULE, TR_KEY, TR_TEXT, TR_LANGUAGE) VALUES ('frontend', 'general.menu.debug.console', '', 'zh-TW');
INSERT INTO OKM_TRANSLATION (TR_MODULE, TR_KEY, TR_TEXT, TR_LANGUAGE) VALUES ('frontend', 'general.menu.administration', '', 'zh-TW');
INSERT INTO OKM_TRANSLATION (TR_MODULE, TR_KEY, TR_TEXT, TR_LANGUAGE) VALUES ('frontend', 'general.menu.tools.preferences', '', 'zh-TW');
INSERT INTO OKM_TRANSLATION (TR_MODULE, TR_KEY, TR_TEXT, TR_LANGUAGE) VALUES ('frontend', 'general.menu.bookmark', '', 'zh-TW');
INSERT INTO OKM_TRANSLATION (TR_MODULE, TR_KEY, TR_TEXT, TR_LANGUAGE) VALUES ('frontend', 'general.menu.bookmark.home', '', 'zh-TW');
INSERT INTO OKM_TRANSLATION (TR_MODULE, TR_KEY, TR_TEXT, TR_LANGUAGE) VALUES ('frontend', 'general.menu.bookmark.default.home', '', 'zh-TW');
INSERT INTO OKM_TRANSLATION (TR_MODULE, TR_KEY, TR_TEXT, TR_LANGUAGE) VALUES ('frontend', 'general.menu.bookmark.edit', '', 'zh-TW');
INSERT INTO OKM_TRANSLATION (TR_MODULE, TR_KEY, TR_TEXT, TR_LANGUAGE) VALUES ('frontend', 'general.menu.help', '', 'zh-TW');
INSERT INTO OKM_TRANSLATION (TR_MODULE, TR_KEY, TR_TEXT, TR_LANGUAGE) VALUES ('frontend', 'general.menu.bug.report', '', 'zh-TW');
INSERT INTO OKM_TRANSLATION (TR_MODULE, TR_KEY, TR_TEXT, TR_LANGUAGE) VALUES ('frontend', 'general.menu.support.request', '', 'zh-TW');
INSERT INTO OKM_TRANSLATION (TR_MODULE, TR_KEY, TR_TEXT, TR_LANGUAGE) VALUES ('frontend', 'general.menu.public.forum', '', 'zh-TW');
INSERT INTO OKM_TRANSLATION (TR_MODULE, TR_KEY, TR_TEXT, TR_LANGUAGE) VALUES ('frontend', 'general.menu.project.web', 'OpenKM', 'zh-TW');
INSERT INTO OKM_TRANSLATION (TR_MODULE, TR_KEY, TR_TEXT, TR_LANGUAGE) VALUES ('frontend', 'general.menu.version.changes', '', 'zh-TW');
INSERT INTO OKM_TRANSLATION (TR_MODULE, TR_KEY, TR_TEXT, TR_LANGUAGE) VALUES ('frontend', 'general.menu.documentation', '', 'zh-TW');
INSERT INTO OKM_TRANSLATION (TR_MODULE, TR_KEY, TR_TEXT, TR_LANGUAGE) VALUES ('frontend', 'general.menu.about', 'OpenKM', 'zh-TW');
INSERT INTO OKM_TRANSLATION (TR_MODULE, TR_KEY, TR_TEXT, TR_LANGUAGE) VALUES ('frontend', 'general.connected', '', 'zh-TW');
INSERT INTO OKM_TRANSLATION (TR_MODULE, TR_KEY, TR_TEXT, TR_LANGUAGE) VALUES ('frontend', 'filebrowser.name', '', 'zh-TW');
INSERT INTO OKM_TRANSLATION (TR_MODULE, TR_KEY, TR_TEXT, TR_LANGUAGE) VALUES ('frontend', 'filebrowser.date.update', '', 'zh-TW');
INSERT INTO OKM_TRANSLATION (TR_MODULE, TR_KEY, TR_TEXT, TR_LANGUAGE) VALUES ('frontend', 'filebrowser.size', '', 'zh-TW');
INSERT INTO OKM_TRANSLATION (TR_MODULE, TR_KEY, TR_TEXT, TR_LANGUAGE) VALUES ('frontend', 'filebrowser.path', '', 'zh-TW');
INSERT INTO OKM_TRANSLATION (TR_MODULE, TR_KEY, TR_TEXT, TR_LANGUAGE) VALUES ('frontend', 'filebrowser.author', '', 'zh-TW');
INSERT INTO OKM_TRANSLATION (TR_MODULE, TR_KEY, TR_TEXT, TR_LANGUAGE) VALUES ('frontend', 'filebrowser.version', '', 'zh-TW');
INSERT INTO OKM_TRANSLATION (TR_MODULE, TR_KEY, TR_TEXT, TR_LANGUAGE) VALUES ('frontend', 'filebrowser.menu.checkout', '', 'zh-TW');
INSERT INTO OKM_TRANSLATION (TR_MODULE, TR_KEY, TR_TEXT, TR_LANGUAGE) VALUES ('frontend', 'filebrowser.menu.checkin', '', 'zh-TW');
INSERT INTO OKM_TRANSLATION (TR_MODULE, TR_KEY, TR_TEXT, TR_LANGUAGE) VALUES ('frontend', 'filebrowser.menu.delete', '', 'zh-TW');
INSERT INTO OKM_TRANSLATION (TR_MODULE, TR_KEY, TR_TEXT, TR_LANGUAGE) VALUES ('frontend', 'filebrowser.menu.rename', '', 'zh-TW');
INSERT INTO OKM_TRANSLATION (TR_MODULE, TR_KEY, TR_TEXT, TR_LANGUAGE) VALUES ('frontend', 'filebrowser.menu.checkout.cancel', '', 'zh-TW');
INSERT INTO OKM_TRANSLATION (TR_MODULE, TR_KEY, TR_TEXT, TR_LANGUAGE) VALUES ('frontend', 'filebrowser.menu.lock', '', 'zh-TW');
INSERT INTO OKM_TRANSLATION (TR_MODULE, TR_KEY, TR_TEXT, TR_LANGUAGE) VALUES ('frontend', 'filebrowser.menu.unlock', '', 'zh-TW');
INSERT INTO OKM_TRANSLATION (TR_MODULE, TR_KEY, TR_TEXT, TR_LANGUAGE) VALUES ('frontend', 'filebrowser.menu.download', '', 'zh-TW');
INSERT INTO OKM_TRANSLATION (TR_MODULE, TR_KEY, TR_TEXT, TR_LANGUAGE) VALUES ('frontend', 'filebrowser.menu.move', '', 'zh-TW');
INSERT INTO OKM_TRANSLATION (TR_MODULE, TR_KEY, TR_TEXT, TR_LANGUAGE) VALUES ('frontend', 'filebrowser.menu.copy', '', 'zh-TW');
INSERT INTO OKM_TRANSLATION (TR_MODULE, TR_KEY, TR_TEXT, TR_LANGUAGE) VALUES ('frontend', 'filebrowser.menu.create.from.template', '', 'zh-TW');
INSERT INTO OKM_TRANSLATION (TR_MODULE, TR_KEY, TR_TEXT, TR_LANGUAGE) VALUES ('frontend', 'filebrowser.menu.add.property.group', '', 'zh-TW');
INSERT INTO OKM_TRANSLATION (TR_MODULE, TR_KEY, TR_TEXT, TR_LANGUAGE) VALUES ('frontend', 'filebrowser.menu.remove.property.group', '', 'zh-TW');
INSERT INTO OKM_TRANSLATION (TR_MODULE, TR_KEY, TR_TEXT, TR_LANGUAGE) VALUES ('frontend', 'filebrowser.menu.start.workflow', '', 'zh-TW');
INSERT INTO OKM_TRANSLATION (TR_MODULE, TR_KEY, TR_TEXT, TR_LANGUAGE) VALUES ('frontend', 'filebrowser.menu.add.subscription', '', 'zh-TW');
INSERT INTO OKM_TRANSLATION (TR_MODULE, TR_KEY, TR_TEXT, TR_LANGUAGE) VALUES ('frontend', 'filebrowser.menu.remove.subscription', '', 'zh-TW');
INSERT INTO OKM_TRANSLATION (TR_MODULE, TR_KEY, TR_TEXT, TR_LANGUAGE) VALUES ('frontend', 'filebrowser.menu.add.bookmark', '', 'zh-TW');
INSERT INTO OKM_TRANSLATION (TR_MODULE, TR_KEY, TR_TEXT, TR_LANGUAGE) VALUES ('frontend', 'filebrowser.menu.set.home', '', 'zh-TW');
INSERT INTO OKM_TRANSLATION (TR_MODULE, TR_KEY, TR_TEXT, TR_LANGUAGE) VALUES ('frontend', 'filebrowser.menu.refresh', '', 'zh-TW');
INSERT INTO OKM_TRANSLATION (TR_MODULE, TR_KEY, TR_TEXT, TR_LANGUAGE) VALUES ('frontend', 'filebrowser.menu.export', 'ZIP', 'zh-TW');
INSERT INTO OKM_TRANSLATION (TR_MODULE, TR_KEY, TR_TEXT, TR_LANGUAGE) VALUES ('frontend', 'filebrowser.menu.play', '', 'zh-TW');
INSERT INTO OKM_TRANSLATION (TR_MODULE, TR_KEY, TR_TEXT, TR_LANGUAGE) VALUES ('frontend', 'filebrowser.menu.image.viewer', '', 'zh-TW');
INSERT INTO OKM_TRANSLATION (TR_MODULE, TR_KEY, TR_TEXT, TR_LANGUAGE) VALUES ('frontend', 'filebrowser.status.refresh.folder', '', 'zh-TW');
INSERT INTO OKM_TRANSLATION (TR_MODULE, TR_KEY, TR_TEXT, TR_LANGUAGE) VALUES ('frontend', 'filebrowser.status.refresh.document', '', 'zh-TW');
INSERT INTO OKM_TRANSLATION (TR_MODULE, TR_KEY, TR_TEXT, TR_LANGUAGE) VALUES ('frontend', 'filebrowser.status.refresh.mail', '', 'zh-TW');
INSERT INTO OKM_TRANSLATION (TR_MODULE, TR_KEY, TR_TEXT, TR_LANGUAGE) VALUES ('frontend', 'filebrowser.status.refresh.delete.folder', '', 'zh-TW');
INSERT INTO OKM_TRANSLATION (TR_MODULE, TR_KEY, TR_TEXT, TR_LANGUAGE) VALUES ('frontend', 'filebrowser.status.refresh.delete.document', '', 'zh-TW');
INSERT INTO OKM_TRANSLATION (TR_MODULE, TR_KEY, TR_TEXT, TR_LANGUAGE) VALUES ('frontend', 'filebrowser.status.refresh.checkout', '', 'zh-TW');
INSERT INTO OKM_TRANSLATION (TR_MODULE, TR_KEY, TR_TEXT, TR_LANGUAGE) VALUES ('frontend', 'filebrowser.status.refresh.lock', '', 'zh-TW');
INSERT INTO OKM_TRANSLATION (TR_MODULE, TR_KEY, TR_TEXT, TR_LANGUAGE) VALUES ('frontend', 'filebrowser.status.refresh.unlock', '', 'zh-TW');
INSERT INTO OKM_TRANSLATION (TR_MODULE, TR_KEY, TR_TEXT, TR_LANGUAGE) VALUES ('frontend', 'filebrowser.status.refresh.document.rename', '', 'zh-TW');
INSERT INTO OKM_TRANSLATION (TR_MODULE, TR_KEY, TR_TEXT, TR_LANGUAGE) VALUES ('frontend', 'filebrowser.status.refresh.folder.rename', '', 'zh-TW');
INSERT INTO OKM_TRANSLATION (TR_MODULE, TR_KEY, TR_TEXT, TR_LANGUAGE) VALUES ('frontend', 'filebrowser.status.refresh.document.purge', '', 'zh-TW');
INSERT INTO OKM_TRANSLATION (TR_MODULE, TR_KEY, TR_TEXT, TR_LANGUAGE) VALUES ('frontend', 'filebrowser.status.refresh.folder.purge', '', 'zh-TW');
INSERT INTO OKM_TRANSLATION (TR_MODULE, TR_KEY, TR_TEXT, TR_LANGUAGE) VALUES ('frontend', 'filebrowser.status.refresh.folder.get', '', 'zh-TW');
INSERT INTO OKM_TRANSLATION (TR_MODULE, TR_KEY, TR_TEXT, TR_LANGUAGE) VALUES ('frontend', 'filebrowser.status.refresh.document.get', '', 'zh-TW');
INSERT INTO OKM_TRANSLATION (TR_MODULE, TR_KEY, TR_TEXT, TR_LANGUAGE) VALUES ('frontend', 'filebrowser.status.refresh.add.subscription', '', 'zh-TW');
INSERT INTO OKM_TRANSLATION (TR_MODULE, TR_KEY, TR_TEXT, TR_LANGUAGE) VALUES ('frontend', 'filebrowser.status.refresh.remove.subscription', '', 'zh-TW');
INSERT INTO OKM_TRANSLATION (TR_MODULE, TR_KEY, TR_TEXT, TR_LANGUAGE) VALUES ('frontend', 'filebrowser.status.refresh.get.user.home', '', 'zh-TW');
INSERT INTO OKM_TRANSLATION (TR_MODULE, TR_KEY, TR_TEXT, TR_LANGUAGE) VALUES ('frontend', 'filebrowser.status.refresh.delete.mail', '', 'zh-TW');
INSERT INTO OKM_TRANSLATION (TR_MODULE, TR_KEY, TR_TEXT, TR_LANGUAGE) VALUES ('frontend', 'filebrowser.status.refresh.mail.purge', '', 'zh-TW');
INSERT INTO OKM_TRANSLATION (TR_MODULE, TR_KEY, TR_TEXT, TR_LANGUAGE) VALUES ('frontend', 'fileupload.send', '', 'zh-TW');
INSERT INTO OKM_TRANSLATION (TR_MODULE, TR_KEY, TR_TEXT, TR_LANGUAGE) VALUES ('frontend', 'fileupload.status.sending', '...', 'zh-TW');
INSERT INTO OKM_TRANSLATION (TR_MODULE, TR_KEY, TR_TEXT, TR_LANGUAGE) VALUES ('frontend', 'fileupload.status.indexing', '...', 'zh-TW');
INSERT INTO OKM_TRANSLATION (TR_MODULE, TR_KEY, TR_TEXT, TR_LANGUAGE) VALUES ('frontend', 'fileupload.status.ok', '', 'zh-TW');
INSERT INTO OKM_TRANSLATION (TR_MODULE, TR_KEY, TR_TEXT, TR_LANGUAGE) VALUES ('frontend', 'fileupload.upload.status', '', 'zh-TW');
INSERT INTO OKM_TRANSLATION (TR_MODULE, TR_KEY, TR_TEXT, TR_LANGUAGE) VALUES ('frontend', 'fileupload.upload.uploaded', '', 'zh-TW');
INSERT INTO OKM_TRANSLATION (TR_MODULE, TR_KEY, TR_TEXT, TR_LANGUAGE) VALUES ('frontend', 'fileupload.upload.completed', '', 'zh-TW');
INSERT INTO OKM_TRANSLATION (TR_MODULE, TR_KEY, TR_TEXT, TR_LANGUAGE) VALUES ('frontend', 'fileupload.upload.runtime', '', 'zh-TW');
INSERT INTO OKM_TRANSLATION (TR_MODULE, TR_KEY, TR_TEXT, TR_LANGUAGE) VALUES ('frontend', 'fileupload.upload.remaining', '', 'zh-TW');
INSERT INTO OKM_TRANSLATION (TR_MODULE, TR_KEY, TR_TEXT, TR_LANGUAGE) VALUES ('frontend', 'fileupload.button.close', '', 'zh-TW');
INSERT INTO OKM_TRANSLATION (TR_MODULE, TR_KEY, TR_TEXT, TR_LANGUAGE) VALUES ('frontend', 'fileupload.button.add.other.file', '', 'zh-TW');
INSERT INTO OKM_TRANSLATION (TR_MODULE, TR_KEY, TR_TEXT, TR_LANGUAGE) VALUES ('frontend', 'fileupload.status.move.file', '...', 'zh-TW');
INSERT INTO OKM_TRANSLATION (TR_MODULE, TR_KEY, TR_TEXT, TR_LANGUAGE) VALUES ('frontend', 'fileupload.status.move.mail', '...', 'zh-TW');
INSERT INTO OKM_TRANSLATION (TR_MODULE, TR_KEY, TR_TEXT, TR_LANGUAGE) VALUES ('frontend', 'fileupload.status.copy.file', '...', 'zh-TW');
INSERT INTO OKM_TRANSLATION (TR_MODULE, TR_KEY, TR_TEXT, TR_LANGUAGE) VALUES ('frontend', 'fileupload.status.copy.mail', '...', 'zh-TW');
INSERT INTO OKM_TRANSLATION (TR_MODULE, TR_KEY, TR_TEXT, TR_LANGUAGE) VALUES ('frontend', 'fileupload.status.restore.file', '...', 'zh-TW');
INSERT INTO OKM_TRANSLATION (TR_MODULE, TR_KEY, TR_TEXT, TR_LANGUAGE) VALUES ('frontend', 'fileupload.status.restore.mail', '...', 'zh-TW');
INSERT INTO OKM_TRANSLATION (TR_MODULE, TR_KEY, TR_TEXT, TR_LANGUAGE) VALUES ('frontend', 'fileupload.status.move.folder', '...', 'zh-TW');
INSERT INTO OKM_TRANSLATION (TR_MODULE, TR_KEY, TR_TEXT, TR_LANGUAGE) VALUES ('frontend', 'fileupload.status.copy.folder', '...', 'zh-TW');
INSERT INTO OKM_TRANSLATION (TR_MODULE, TR_KEY, TR_TEXT, TR_LANGUAGE) VALUES ('frontend', 'fileupload.status.restore.folder', '...', 'zh-TW');
INSERT INTO OKM_TRANSLATION (TR_MODULE, TR_KEY, TR_TEXT, TR_LANGUAGE) VALUES ('frontend', 'fileupload.status.create.from.template', '...', 'zh-TW');
INSERT INTO OKM_TRANSLATION (TR_MODULE, TR_KEY, TR_TEXT, TR_LANGUAGE) VALUES ('frontend', 'fileupload.status.of', '', 'zh-TW');
INSERT INTO OKM_TRANSLATION (TR_MODULE, TR_KEY, TR_TEXT, TR_LANGUAGE) VALUES ('frontend', 'fileupload.label.insert', '', 'zh-TW');
INSERT INTO OKM_TRANSLATION (TR_MODULE, TR_KEY, TR_TEXT, TR_LANGUAGE) VALUES ('frontend', 'fileupload.label.update', '', 'zh-TW');
INSERT INTO OKM_TRANSLATION (TR_MODULE, TR_KEY, TR_TEXT, TR_LANGUAGE) VALUES ('frontend', 'fileupload.label.users.notify', '', 'zh-TW');
INSERT INTO OKM_TRANSLATION (TR_MODULE, TR_KEY, TR_TEXT, TR_LANGUAGE) VALUES ('frontend', 'fileupload.label.comment', '', 'zh-TW');
INSERT INTO OKM_TRANSLATION (TR_MODULE, TR_KEY, TR_TEXT, TR_LANGUAGE) VALUES ('frontend', 'fileupload.label.users.to.notify"', '  "', 'zh-TW');
INSERT INTO OKM_TRANSLATION (TR_MODULE, TR_KEY, TR_TEXT, TR_LANGUAGE) VALUES ('frontend', 'fileupload.label.users"', '  "', 'zh-TW');
INSERT INTO OKM_TRANSLATION (TR_MODULE, TR_KEY, TR_TEXT, TR_LANGUAGE) VALUES ('frontend', 'fileupload.label.groups.to.notify', '', 'zh-TW');
INSERT INTO OKM_TRANSLATION (TR_MODULE, TR_KEY, TR_TEXT, TR_LANGUAGE) VALUES ('frontend', 'fileupload.label.groups', '', 'zh-TW');
INSERT INTO OKM_TRANSLATION (TR_MODULE, TR_KEY, TR_TEXT, TR_LANGUAGE) VALUES ('frontend', 'fileupload.label.must.select.users"', '  "', 'zh-TW');
INSERT INTO OKM_TRANSLATION (TR_MODULE, TR_KEY, TR_TEXT, TR_LANGUAGE) VALUES ('frontend', 'fileupload.label.importZip', 'ZIP', 'zh-TW');
INSERT INTO OKM_TRANSLATION (TR_MODULE, TR_KEY, TR_TEXT, TR_LANGUAGE) VALUES ('frontend', 'fileupload.label.notify.comment', '', 'zh-TW');
INSERT INTO OKM_TRANSLATION (TR_MODULE, TR_KEY, TR_TEXT, TR_LANGUAGE) VALUES ('frontend', 'fileupload.label.error.importing.zip', '', 'zh-TW');
INSERT INTO OKM_TRANSLATION (TR_MODULE, TR_KEY, TR_TEXT, TR_LANGUAGE) VALUES ('frontend', 'fileupload.label.error.move.file', '', 'zh-TW');
INSERT INTO OKM_TRANSLATION (TR_MODULE, TR_KEY, TR_TEXT, TR_LANGUAGE) VALUES ('frontend', 'fileupload.label.error.move.mail', '', 'zh-TW');
INSERT INTO OKM_TRANSLATION (TR_MODULE, TR_KEY, TR_TEXT, TR_LANGUAGE) VALUES ('frontend', 'fileupload.label.error.copy.file', '', 'zh-TW');
INSERT INTO OKM_TRANSLATION (TR_MODULE, TR_KEY, TR_TEXT, TR_LANGUAGE) VALUES ('frontend', 'fileupload.label.error.copy.mail', '', 'zh-TW');
INSERT INTO OKM_TRANSLATION (TR_MODULE, TR_KEY, TR_TEXT, TR_LANGUAGE) VALUES ('frontend', 'fileupload.label.error.restore.file', '', 'zh-TW');
INSERT INTO OKM_TRANSLATION (TR_MODULE, TR_KEY, TR_TEXT, TR_LANGUAGE) VALUES ('frontend', 'fileupload.label.error.restore.mail', '', 'zh-TW');
INSERT INTO OKM_TRANSLATION (TR_MODULE, TR_KEY, TR_TEXT, TR_LANGUAGE) VALUES ('frontend', 'fileupload.label.error.move.folder', '', 'zh-TW');
INSERT INTO OKM_TRANSLATION (TR_MODULE, TR_KEY, TR_TEXT, TR_LANGUAGE) VALUES ('frontend', 'fileupload.label.error.copy.folder', '', 'zh-TW');
INSERT INTO OKM_TRANSLATION (TR_MODULE, TR_KEY, TR_TEXT, TR_LANGUAGE) VALUES ('frontend', 'fileupload.label.error.restore.folder', '', 'zh-TW');
INSERT INTO OKM_TRANSLATION (TR_MODULE, TR_KEY, TR_TEXT, TR_LANGUAGE) VALUES ('frontend', 'fileupload.label.error.create.from.template', '', 'zh-TW');
INSERT INTO OKM_TRANSLATION (TR_MODULE, TR_KEY, TR_TEXT, TR_LANGUAGE) VALUES ('frontend', 'fileupload.label.error.not.allowed.move.folder.child', '', 'zh-TW');
INSERT INTO OKM_TRANSLATION (TR_MODULE, TR_KEY, TR_TEXT, TR_LANGUAGE) VALUES ('frontend', 'fileupload.label.error.not.allowed.copy.same.folder', '', 'zh-TW');
INSERT INTO OKM_TRANSLATION (TR_MODULE, TR_KEY, TR_TEXT, TR_LANGUAGE) VALUES ('frontend', 'fileupload.label.error.not.allowed.create.from.template.same.folder', '', 'zh-TW');
INSERT INTO OKM_TRANSLATION (TR_MODULE, TR_KEY, TR_TEXT, TR_LANGUAGE) VALUES ('frontend', 'tab.document.properties', '', 'zh-TW');
INSERT INTO OKM_TRANSLATION (TR_MODULE, TR_KEY, TR_TEXT, TR_LANGUAGE) VALUES ('frontend', 'tab.document.notes', '', 'zh-TW');
INSERT INTO OKM_TRANSLATION (TR_MODULE, TR_KEY, TR_TEXT, TR_LANGUAGE) VALUES ('frontend', 'tab.document.history', '', 'zh-TW');
INSERT INTO OKM_TRANSLATION (TR_MODULE, TR_KEY, TR_TEXT, TR_LANGUAGE) VALUES ('frontend', 'tab.document.status.history', '', 'zh-TW');
INSERT INTO OKM_TRANSLATION (TR_MODULE, TR_KEY, TR_TEXT, TR_LANGUAGE) VALUES ('frontend', 'tab.status.security.role', '', 'zh-TW');
INSERT INTO OKM_TRANSLATION (TR_MODULE, TR_KEY, TR_TEXT, TR_LANGUAGE) VALUES ('frontend', 'tab.status.security.user', '', 'zh-TW');
INSERT INTO OKM_TRANSLATION (TR_MODULE, TR_KEY, TR_TEXT, TR_LANGUAGE) VALUES ('frontend', 'tab.document.status.group.properties', '', 'zh-TW');
INSERT INTO OKM_TRANSLATION (TR_MODULE, TR_KEY, TR_TEXT, TR_LANGUAGE) VALUES ('frontend', 'tab.document.status.set.keywords', '', 'zh-TW');
INSERT INTO OKM_TRANSLATION (TR_MODULE, TR_KEY, TR_TEXT, TR_LANGUAGE) VALUES ('frontend', 'tab.document.status.set.categories', 'categories', 'zh-TW');
INSERT INTO OKM_TRANSLATION (TR_MODULE, TR_KEY, TR_TEXT, TR_LANGUAGE) VALUES ('frontend', 'tab.document.status.get.version.history.size', '', 'zh-TW');
INSERT INTO OKM_TRANSLATION (TR_MODULE, TR_KEY, TR_TEXT, TR_LANGUAGE) VALUES ('frontend', 'tab.document.status.purge.version.history', '', 'zh-TW');
INSERT INTO OKM_TRANSLATION (TR_MODULE, TR_KEY, TR_TEXT, TR_LANGUAGE) VALUES ('frontend', 'tab.document.status.restore.version', '', 'zh-TW');
INSERT INTO OKM_TRANSLATION (TR_MODULE, TR_KEY, TR_TEXT, TR_LANGUAGE) VALUES ('frontend', 'tab.document.security', '', 'zh-TW');
INSERT INTO OKM_TRANSLATION (TR_MODULE, TR_KEY, TR_TEXT, TR_LANGUAGE) VALUES ('frontend', 'tab.document.preview', '', 'zh-TW');
INSERT INTO OKM_TRANSLATION (TR_MODULE, TR_KEY, TR_TEXT, TR_LANGUAGE) VALUES ('frontend', 'tab.folder.properties', '', 'zh-TW');
INSERT INTO OKM_TRANSLATION (TR_MODULE, TR_KEY, TR_TEXT, TR_LANGUAGE) VALUES ('frontend', 'tab.folder.security', '', 'zh-TW');
INSERT INTO OKM_TRANSLATION (TR_MODULE, TR_KEY, TR_TEXT, TR_LANGUAGE) VALUES ('frontend', 'tab.folder.notes', '', 'zh-TW');
INSERT INTO OKM_TRANSLATION (TR_MODULE, TR_KEY, TR_TEXT, TR_LANGUAGE) VALUES ('frontend', 'tab.workspace.desktop', '', 'zh-TW');
INSERT INTO OKM_TRANSLATION (TR_MODULE, TR_KEY, TR_TEXT, TR_LANGUAGE) VALUES ('frontend', 'tab.workspace.search', '', 'zh-TW');
INSERT INTO OKM_TRANSLATION (TR_MODULE, TR_KEY, TR_TEXT, TR_LANGUAGE) VALUES ('frontend', 'tab.workspace.dashboard', '', 'zh-TW');
INSERT INTO OKM_TRANSLATION (TR_MODULE, TR_KEY, TR_TEXT, TR_LANGUAGE) VALUES ('frontend', 'tab.workspace.administration', '', 'zh-TW');
INSERT INTO OKM_TRANSLATION (TR_MODULE, TR_KEY, TR_TEXT, TR_LANGUAGE) VALUES ('frontend', 'document.uuid', 'UUID', 'zh-TW');
INSERT INTO OKM_TRANSLATION (TR_MODULE, TR_KEY, TR_TEXT, TR_LANGUAGE) VALUES ('frontend', 'document.name', '', 'zh-TW');
INSERT INTO OKM_TRANSLATION (TR_MODULE, TR_KEY, TR_TEXT, TR_LANGUAGE) VALUES ('frontend', 'document.folder', '', 'zh-TW');
INSERT INTO OKM_TRANSLATION (TR_MODULE, TR_KEY, TR_TEXT, TR_LANGUAGE) VALUES ('frontend', 'document.size', '', 'zh-TW');
INSERT INTO OKM_TRANSLATION (TR_MODULE, TR_KEY, TR_TEXT, TR_LANGUAGE) VALUES ('frontend', 'document.created', '', 'zh-TW');
INSERT INTO OKM_TRANSLATION (TR_MODULE, TR_KEY, TR_TEXT, TR_LANGUAGE) VALUES ('frontend', 'document.lastmodified', '', 'zh-TW');
INSERT INTO OKM_TRANSLATION (TR_MODULE, TR_KEY, TR_TEXT, TR_LANGUAGE) VALUES ('frontend', 'document.mimetype', 'MIME ', 'zh-TW');
INSERT INTO OKM_TRANSLATION (TR_MODULE, TR_KEY, TR_TEXT, TR_LANGUAGE) VALUES ('frontend', 'document.keywords', '', 'zh-TW');
INSERT INTO OKM_TRANSLATION (TR_MODULE, TR_KEY, TR_TEXT, TR_LANGUAGE) VALUES ('frontend', 'document.by', '', 'zh-TW');
INSERT INTO OKM_TRANSLATION (TR_MODULE, TR_KEY, TR_TEXT, TR_LANGUAGE) VALUES ('frontend', 'document.status', '', 'zh-TW');
INSERT INTO OKM_TRANSLATION (TR_MODULE, TR_KEY, TR_TEXT, TR_LANGUAGE) VALUES ('frontend', 'document.status.checkout', '', 'zh-TW');
INSERT INTO OKM_TRANSLATION (TR_MODULE, TR_KEY, TR_TEXT, TR_LANGUAGE) VALUES ('frontend', 'document.status.locked', '', 'zh-TW');
INSERT INTO OKM_TRANSLATION (TR_MODULE, TR_KEY, TR_TEXT, TR_LANGUAGE) VALUES ('frontend', 'document.status.normal', '', 'zh-TW');
INSERT INTO OKM_TRANSLATION (TR_MODULE, TR_KEY, TR_TEXT, TR_LANGUAGE) VALUES ('frontend', 'document.subscribed', '', 'zh-TW');
INSERT INTO OKM_TRANSLATION (TR_MODULE, TR_KEY, TR_TEXT, TR_LANGUAGE) VALUES ('frontend', 'document.subscribed.yes', '', 'zh-TW');
INSERT INTO OKM_TRANSLATION (TR_MODULE, TR_KEY, TR_TEXT, TR_LANGUAGE) VALUES ('frontend', 'document.subscribed.no', '', 'zh-TW');
INSERT INTO OKM_TRANSLATION (TR_MODULE, TR_KEY, TR_TEXT, TR_LANGUAGE) VALUES ('frontend', 'document.history.size', '', 'zh-TW');
INSERT INTO OKM_TRANSLATION (TR_MODULE, TR_KEY, TR_TEXT, TR_LANGUAGE) VALUES ('frontend', 'document.subscribed.users', '', 'zh-TW');
INSERT INTO OKM_TRANSLATION (TR_MODULE, TR_KEY, TR_TEXT, TR_LANGUAGE) VALUES ('frontend', 'document.url', '', 'zh-TW');
INSERT INTO OKM_TRANSLATION (TR_MODULE, TR_KEY, TR_TEXT, TR_LANGUAGE) VALUES ('frontend', 'document.webdav', 'WebDAV', 'zh-TW');
INSERT INTO OKM_TRANSLATION (TR_MODULE, TR_KEY, TR_TEXT, TR_LANGUAGE) VALUES ('frontend', 'document.add.note', '', 'zh-TW');
INSERT INTO OKM_TRANSLATION (TR_MODULE, TR_KEY, TR_TEXT, TR_LANGUAGE) VALUES ('frontend', 'document.keywords.cloud', '', 'zh-TW');
INSERT INTO OKM_TRANSLATION (TR_MODULE, TR_KEY, TR_TEXT, TR_LANGUAGE) VALUES ('frontend', 'document.categories', 'Categories', 'zh-TW');
INSERT INTO OKM_TRANSLATION (TR_MODULE, TR_KEY, TR_TEXT, TR_LANGUAGE) VALUES ('frontend', 'folder.uuid', 'UUID', 'zh-TW');
INSERT INTO OKM_TRANSLATION (TR_MODULE, TR_KEY, TR_TEXT, TR_LANGUAGE) VALUES ('frontend', 'folder.name', '', 'zh-TW');
INSERT INTO OKM_TRANSLATION (TR_MODULE, TR_KEY, TR_TEXT, TR_LANGUAGE) VALUES ('frontend', 'folder.parent', '', 'zh-TW');
INSERT INTO OKM_TRANSLATION (TR_MODULE, TR_KEY, TR_TEXT, TR_LANGUAGE) VALUES ('frontend', 'folder.created', '', 'zh-TW');
INSERT INTO OKM_TRANSLATION (TR_MODULE, TR_KEY, TR_TEXT, TR_LANGUAGE) VALUES ('frontend', 'folder.by', '', 'zh-TW');
INSERT INTO OKM_TRANSLATION (TR_MODULE, TR_KEY, TR_TEXT, TR_LANGUAGE) VALUES ('frontend', 'folder.subscribed', '', 'zh-TW');
INSERT INTO OKM_TRANSLATION (TR_MODULE, TR_KEY, TR_TEXT, TR_LANGUAGE) VALUES ('frontend', 'folder.subscribed.yes', '', 'zh-TW');
INSERT INTO OKM_TRANSLATION (TR_MODULE, TR_KEY, TR_TEXT, TR_LANGUAGE) VALUES ('frontend', 'folder.subscribed.no', '', 'zh-TW');
INSERT INTO OKM_TRANSLATION (TR_MODULE, TR_KEY, TR_TEXT, TR_LANGUAGE) VALUES ('frontend', 'folder.subscribed.users', '', 'zh-TW');
INSERT INTO OKM_TRANSLATION (TR_MODULE, TR_KEY, TR_TEXT, TR_LANGUAGE) VALUES ('frontend', 'folder.url', 'URL', 'zh-TW');
INSERT INTO OKM_TRANSLATION (TR_MODULE, TR_KEY, TR_TEXT, TR_LANGUAGE) VALUES ('frontend', 'folder.webdav', 'WebDAV', 'zh-TW');
INSERT INTO OKM_TRANSLATION (TR_MODULE, TR_KEY, TR_TEXT, TR_LANGUAGE) VALUES ('frontend', 'folder.number.folders', '', 'zh-TW');
INSERT INTO OKM_TRANSLATION (TR_MODULE, TR_KEY, TR_TEXT, TR_LANGUAGE) VALUES ('frontend', 'folder.number.documents', '', 'zh-TW');
INSERT INTO OKM_TRANSLATION (TR_MODULE, TR_KEY, TR_TEXT, TR_LANGUAGE) VALUES ('frontend', 'folder.number.mails', '', 'zh-TW');
INSERT INTO OKM_TRANSLATION (TR_MODULE, TR_KEY, TR_TEXT, TR_LANGUAGE) VALUES ('frontend', 'version.name', '', 'zh-TW');
INSERT INTO OKM_TRANSLATION (TR_MODULE, TR_KEY, TR_TEXT, TR_LANGUAGE) VALUES ('frontend', 'version.created', '', 'zh-TW');
INSERT INTO OKM_TRANSLATION (TR_MODULE, TR_KEY, TR_TEXT, TR_LANGUAGE) VALUES ('frontend', 'version.author', '', 'zh-TW');
INSERT INTO OKM_TRANSLATION (TR_MODULE, TR_KEY, TR_TEXT, TR_LANGUAGE) VALUES ('frontend', 'version.size', 'Size', 'zh-TW');
INSERT INTO OKM_TRANSLATION (TR_MODULE, TR_KEY, TR_TEXT, TR_LANGUAGE) VALUES ('frontend', 'version.purge.document', '', 'zh-TW');
INSERT INTO OKM_TRANSLATION (TR_MODULE, TR_KEY, TR_TEXT, TR_LANGUAGE) VALUES ('frontend', 'version.comment', '', 'zh-TW');
INSERT INTO OKM_TRANSLATION (TR_MODULE, TR_KEY, TR_TEXT, TR_LANGUAGE) VALUES ('frontend', 'security.label', '', 'zh-TW');
INSERT INTO OKM_TRANSLATION (TR_MODULE, TR_KEY, TR_TEXT, TR_LANGUAGE) VALUES ('frontend', 'security.group.name', '', 'zh-TW');
INSERT INTO OKM_TRANSLATION (TR_MODULE, TR_KEY, TR_TEXT, TR_LANGUAGE) VALUES ('frontend', 'security.group.permission.read', '', 'zh-TW');
INSERT INTO OKM_TRANSLATION (TR_MODULE, TR_KEY, TR_TEXT, TR_LANGUAGE) VALUES ('frontend', 'security.group.permission.write', '', 'zh-TW');
INSERT INTO OKM_TRANSLATION (TR_MODULE, TR_KEY, TR_TEXT, TR_LANGUAGE) VALUES ('frontend', 'security.group.permission.delete', '', 'zh-TW');
INSERT INTO OKM_TRANSLATION (TR_MODULE, TR_KEY, TR_TEXT, TR_LANGUAGE) VALUES ('frontend', 'security.group.permission.security', '', 'zh-TW');
INSERT INTO OKM_TRANSLATION (TR_MODULE, TR_KEY, TR_TEXT, TR_LANGUAGE) VALUES ('frontend', 'security.user.name', '', 'zh-TW');
INSERT INTO OKM_TRANSLATION (TR_MODULE, TR_KEY, TR_TEXT, TR_LANGUAGE) VALUES ('frontend', 'security.user.permission.read', '', 'zh-TW');
INSERT INTO OKM_TRANSLATION (TR_MODULE, TR_KEY, TR_TEXT, TR_LANGUAGE) VALUES ('frontend', 'security.user.permission.write', '', 'zh-TW');
INSERT INTO OKM_TRANSLATION (TR_MODULE, TR_KEY, TR_TEXT, TR_LANGUAGE) VALUES ('frontend', 'security.user.permission.delete', '', 'zh-TW');
INSERT INTO OKM_TRANSLATION (TR_MODULE, TR_KEY, TR_TEXT, TR_LANGUAGE) VALUES ('frontend', 'security.user.permission.security', '', 'zh-TW');
INSERT INTO OKM_TRANSLATION (TR_MODULE, TR_KEY, TR_TEXT, TR_LANGUAGE) VALUES ('frontend', 'security.user.permission.security', '', 'zh-TW');
INSERT INTO OKM_TRANSLATION (TR_MODULE, TR_KEY, TR_TEXT, TR_LANGUAGE) VALUES ('frontend', 'security.users', '', 'zh-TW');
INSERT INTO OKM_TRANSLATION (TR_MODULE, TR_KEY, TR_TEXT, TR_LANGUAGE) VALUES ('frontend', 'security.groups', '', 'zh-TW');
INSERT INTO OKM_TRANSLATION (TR_MODULE, TR_KEY, TR_TEXT, TR_LANGUAGE) VALUES ('frontend', 'security.recursive', '', 'zh-TW');
INSERT INTO OKM_TRANSLATION (TR_MODULE, TR_KEY, TR_TEXT, TR_LANGUAGE) VALUES ('frontend', 'secutiry.filter.by.users', '', 'zh-TW');
INSERT INTO OKM_TRANSLATION (TR_MODULE, TR_KEY, TR_TEXT, TR_LANGUAGE) VALUES ('frontend', 'secutiry.filter.by.groups', '', 'zh-TW');
INSERT INTO OKM_TRANSLATION (TR_MODULE, TR_KEY, TR_TEXT, TR_LANGUAGE) VALUES ('frontend', 'security.status.updating', '', 'zh-TW');
INSERT INTO OKM_TRANSLATION (TR_MODULE, TR_KEY, TR_TEXT, TR_LANGUAGE) VALUES ('frontend', 'preview.unavailable', '', 'zh-TW');
INSERT INTO OKM_TRANSLATION (TR_MODULE, TR_KEY, TR_TEXT, TR_LANGUAGE) VALUES ('frontend', 'mail.from', '', 'zh-TW');
INSERT INTO OKM_TRANSLATION (TR_MODULE, TR_KEY, TR_TEXT, TR_LANGUAGE) VALUES ('frontend', 'mail.reply', '', 'zh-TW');
INSERT INTO OKM_TRANSLATION (TR_MODULE, TR_KEY, TR_TEXT, TR_LANGUAGE) VALUES ('frontend', 'mail.to', '', 'zh-TW');
INSERT INTO OKM_TRANSLATION (TR_MODULE, TR_KEY, TR_TEXT, TR_LANGUAGE) VALUES ('frontend', 'mail.subject', '', 'zh-TW');
INSERT INTO OKM_TRANSLATION (TR_MODULE, TR_KEY, TR_TEXT, TR_LANGUAGE) VALUES ('frontend', 'error.label', '', 'zh-TW');
INSERT INTO OKM_TRANSLATION (TR_MODULE, TR_KEY, TR_TEXT, TR_LANGUAGE) VALUES ('frontend', 'error.invocation', '', 'zh-TW');
INSERT INTO OKM_TRANSLATION (TR_MODULE, TR_KEY, TR_TEXT, TR_LANGUAGE) VALUES ('frontend', 'about.label', 'OpenKM', 'zh-TW');
INSERT INTO OKM_TRANSLATION (TR_MODULE, TR_KEY, TR_TEXT, TR_LANGUAGE) VALUES ('frontend', 'about.loading', ' ...', 'zh-TW');
INSERT INTO OKM_TRANSLATION (TR_MODULE, TR_KEY, TR_TEXT, TR_LANGUAGE) VALUES ('frontend', 'logout.label', '', 'zh-TW');
INSERT INTO OKM_TRANSLATION (TR_MODULE, TR_KEY, TR_TEXT, TR_LANGUAGE) VALUES ('frontend', 'logout.closed', 'OpenKM', 'zh-TW');
INSERT INTO OKM_TRANSLATION (TR_MODULE, TR_KEY, TR_TEXT, TR_LANGUAGE) VALUES ('frontend', 'logout.logout', 'OpenKM', 'zh-TW');
INSERT INTO OKM_TRANSLATION (TR_MODULE, TR_KEY, TR_TEXT, TR_LANGUAGE) VALUES ('frontend', 'confirm.label', '', 'zh-TW');
INSERT INTO OKM_TRANSLATION (TR_MODULE, TR_KEY, TR_TEXT, TR_LANGUAGE) VALUES ('frontend', 'confirm.delete.folder', '?', 'zh-TW');
INSERT INTO OKM_TRANSLATION (TR_MODULE, TR_KEY, TR_TEXT, TR_LANGUAGE) VALUES ('frontend', 'confirm.delete.document', '?', 'zh-TW');
INSERT INTO OKM_TRANSLATION (TR_MODULE, TR_KEY, TR_TEXT, TR_LANGUAGE) VALUES ('frontend', 'confirm.delete.trash', '?', 'zh-TW');
INSERT INTO OKM_TRANSLATION (TR_MODULE, TR_KEY, TR_TEXT, TR_LANGUAGE) VALUES ('frontend', 'confirm.purge.folder', '??', 'zh-TW');
INSERT INTO OKM_TRANSLATION (TR_MODULE, TR_KEY, TR_TEXT, TR_LANGUAGE) VALUES ('frontend', 'confirm.purge.document', '?', 'zh-TW');
INSERT INTO OKM_TRANSLATION (TR_MODULE, TR_KEY, TR_TEXT, TR_LANGUAGE) VALUES ('frontend', 'confirm.delete.propety.group', '?', 'zh-TW');
INSERT INTO OKM_TRANSLATION (TR_MODULE, TR_KEY, TR_TEXT, TR_LANGUAGE) VALUES ('frontend', 'confirm.purge.version.history.document', '?', 'zh-TW');
INSERT INTO OKM_TRANSLATION (TR_MODULE, TR_KEY, TR_TEXT, TR_LANGUAGE) VALUES ('frontend', 'confirm.purge.restore.document', '?', 'zh-TW');
INSERT INTO OKM_TRANSLATION (TR_MODULE, TR_KEY, TR_TEXT, TR_LANGUAGE) VALUES ('frontend', 'confirm.set.default.home', '?', 'zh-TW');
INSERT INTO OKM_TRANSLATION (TR_MODULE, TR_KEY, TR_TEXT, TR_LANGUAGE) VALUES ('frontend', 'confirm.delete.saved.search', '?', 'zh-TW');
INSERT INTO OKM_TRANSLATION (TR_MODULE, TR_KEY, TR_TEXT, TR_LANGUAGE) VALUES ('frontend', 'confirm.delete.user.news', '?', 'zh-TW');
INSERT INTO OKM_TRANSLATION (TR_MODULE, TR_KEY, TR_TEXT, TR_LANGUAGE) VALUES ('frontend', 'confirm.delete.mail', '', 'zh-TW');
INSERT INTO OKM_TRANSLATION (TR_MODULE, TR_KEY, TR_TEXT, TR_LANGUAGE) VALUES ('frontend', 'confirm.get.pooled.workflow.task', '', 'zh-TW');
INSERT INTO OKM_TRANSLATION (TR_MODULE, TR_KEY, TR_TEXT, TR_LANGUAGE) VALUES ('frontend', 'confirm.force.unlock', '', 'zh-TW');
INSERT INTO OKM_TRANSLATION (TR_MODULE, TR_KEY, TR_TEXT, TR_LANGUAGE) VALUES ('frontend', 'confirm.force.cancel.checkout', '', 'zh-TW');
INSERT INTO OKM_TRANSLATION (TR_MODULE, TR_KEY, TR_TEXT, TR_LANGUAGE) VALUES ('frontend', 'search.context', '', 'zh-TW');
INSERT INTO OKM_TRANSLATION (TR_MODULE, TR_KEY, TR_TEXT, TR_LANGUAGE) VALUES ('frontend', 'search.content', '', 'zh-TW');
INSERT INTO OKM_TRANSLATION (TR_MODULE, TR_KEY, TR_TEXT, TR_LANGUAGE) VALUES ('frontend', 'search.name', '', 'zh-TW');
INSERT INTO OKM_TRANSLATION (TR_MODULE, TR_KEY, TR_TEXT, TR_LANGUAGE) VALUES ('frontend', 'search.keywords', '', 'zh-TW');
INSERT INTO OKM_TRANSLATION (TR_MODULE, TR_KEY, TR_TEXT, TR_LANGUAGE) VALUES ('frontend', 'search.folder', '', 'zh-TW');
INSERT INTO OKM_TRANSLATION (TR_MODULE, TR_KEY, TR_TEXT, TR_LANGUAGE) VALUES ('frontend', 'search.category', 'Category', 'zh-TW');
INSERT INTO OKM_TRANSLATION (TR_MODULE, TR_KEY, TR_TEXT, TR_LANGUAGE) VALUES ('frontend', 'search.results', '', 'zh-TW');
INSERT INTO OKM_TRANSLATION (TR_MODULE, TR_KEY, TR_TEXT, TR_LANGUAGE) VALUES ('frontend', 'search.to', '', 'zh-TW');
INSERT INTO OKM_TRANSLATION (TR_MODULE, TR_KEY, TR_TEXT, TR_LANGUAGE) VALUES ('frontend', 'search.page.results', '', 'zh-TW');
INSERT INTO OKM_TRANSLATION (TR_MODULE, TR_KEY, TR_TEXT, TR_LANGUAGE) VALUES ('frontend', 'search.add.property.group', '', 'zh-TW');
INSERT INTO OKM_TRANSLATION (TR_MODULE, TR_KEY, TR_TEXT, TR_LANGUAGE) VALUES ('frontend', 'search.mimetype', 'Mime ', 'zh-TW');
INSERT INTO OKM_TRANSLATION (TR_MODULE, TR_KEY, TR_TEXT, TR_LANGUAGE) VALUES ('frontend', 'search.type', '', 'zh-TW');
INSERT INTO OKM_TRANSLATION (TR_MODULE, TR_KEY, TR_TEXT, TR_LANGUAGE) VALUES ('frontend', 'search.type.document', '', 'zh-TW');
INSERT INTO OKM_TRANSLATION (TR_MODULE, TR_KEY, TR_TEXT, TR_LANGUAGE) VALUES ('frontend', 'search.type.folder', '', 'zh-TW');
INSERT INTO OKM_TRANSLATION (TR_MODULE, TR_KEY, TR_TEXT, TR_LANGUAGE) VALUES ('frontend', 'search.type.mail', '', 'zh-TW');
INSERT INTO OKM_TRANSLATION (TR_MODULE, TR_KEY, TR_TEXT, TR_LANGUAGE) VALUES ('frontend', 'search.advanced', '', 'zh-TW');
INSERT INTO OKM_TRANSLATION (TR_MODULE, TR_KEY, TR_TEXT, TR_LANGUAGE) VALUES ('frontend', 'search.user', '', 'zh-TW');
INSERT INTO OKM_TRANSLATION (TR_MODULE, TR_KEY, TR_TEXT, TR_LANGUAGE) VALUES ('frontend', 'search.date.and', '', 'zh-TW');
INSERT INTO OKM_TRANSLATION (TR_MODULE, TR_KEY, TR_TEXT, TR_LANGUAGE) VALUES ('frontend', 'search.date.range', '', 'zh-TW');
INSERT INTO OKM_TRANSLATION (TR_MODULE, TR_KEY, TR_TEXT, TR_LANGUAGE) VALUES ('frontend', 'search.save.as.news', '', 'zh-TW');
INSERT INTO OKM_TRANSLATION (TR_MODULE, TR_KEY, TR_TEXT, TR_LANGUAGE) VALUES ('frontend', 'search.folder.filter', '', 'zh-TW');
INSERT INTO OKM_TRANSLATION (TR_MODULE, TR_KEY, TR_TEXT, TR_LANGUAGE) VALUES ('frontend', 'search.category.filter', 'category', 'zh-TW');
INSERT INTO OKM_TRANSLATION (TR_MODULE, TR_KEY, TR_TEXT, TR_LANGUAGE) VALUES ('frontend', 'search.result.name', '', 'zh-TW');
INSERT INTO OKM_TRANSLATION (TR_MODULE, TR_KEY, TR_TEXT, TR_LANGUAGE) VALUES ('frontend', 'search.result.score', '', 'zh-TW');
INSERT INTO OKM_TRANSLATION (TR_MODULE, TR_KEY, TR_TEXT, TR_LANGUAGE) VALUES ('frontend', 'search.result.size', '', 'zh-TW');
INSERT INTO OKM_TRANSLATION (TR_MODULE, TR_KEY, TR_TEXT, TR_LANGUAGE) VALUES ('frontend', 'search.result.date.update', '', 'zh-TW');
INSERT INTO OKM_TRANSLATION (TR_MODULE, TR_KEY, TR_TEXT, TR_LANGUAGE) VALUES ('frontend', 'search.result.author', '', 'zh-TW');
INSERT INTO OKM_TRANSLATION (TR_MODULE, TR_KEY, TR_TEXT, TR_LANGUAGE) VALUES ('frontend', 'search.result.version', '', 'zh-TW');
INSERT INTO OKM_TRANSLATION (TR_MODULE, TR_KEY, TR_TEXT, TR_LANGUAGE) VALUES ('frontend', 'search.result.path', '', 'zh-TW');
INSERT INTO OKM_TRANSLATION (TR_MODULE, TR_KEY, TR_TEXT, TR_LANGUAGE) VALUES ('frontend', 'search.result.menu.download', '', 'zh-TW');
INSERT INTO OKM_TRANSLATION (TR_MODULE, TR_KEY, TR_TEXT, TR_LANGUAGE) VALUES ('frontend', 'search.result.menu.go.folder', '', 'zh-TW');
INSERT INTO OKM_TRANSLATION (TR_MODULE, TR_KEY, TR_TEXT, TR_LANGUAGE) VALUES ('frontend', 'search.result.menu.go.document', '', 'zh-TW');
INSERT INTO OKM_TRANSLATION (TR_MODULE, TR_KEY, TR_TEXT, TR_LANGUAGE) VALUES ('frontend', 'search.result.status.findPaginated', '', 'zh-TW');
INSERT INTO OKM_TRANSLATION (TR_MODULE, TR_KEY, TR_TEXT, TR_LANGUAGE) VALUES ('frontend', 'search.result.status.runsearch', '', 'zh-TW');
INSERT INTO OKM_TRANSLATION (TR_MODULE, TR_KEY, TR_TEXT, TR_LANGUAGE) VALUES ('frontend', 'search.saved.run', '', 'zh-TW');
INSERT INTO OKM_TRANSLATION (TR_MODULE, TR_KEY, TR_TEXT, TR_LANGUAGE) VALUES ('frontend', 'search.saved.delete', '', 'zh-TW');
INSERT INTO OKM_TRANSLATION (TR_MODULE, TR_KEY, TR_TEXT, TR_LANGUAGE) VALUES ('frontend', 'search.saved.status.getsearchs', '', 'zh-TW');
INSERT INTO OKM_TRANSLATION (TR_MODULE, TR_KEY, TR_TEXT, TR_LANGUAGE) VALUES ('frontend', 'search.saved.status.savesearch', '', 'zh-TW');
INSERT INTO OKM_TRANSLATION (TR_MODULE, TR_KEY, TR_TEXT, TR_LANGUAGE) VALUES ('frontend', 'search.saved.status.deletesearch', '', 'zh-TW');
INSERT INTO OKM_TRANSLATION (TR_MODULE, TR_KEY, TR_TEXT, TR_LANGUAGE) VALUES ('frontend', 'search.saved.status.getusernews', '', 'zh-TW');
INSERT INTO OKM_TRANSLATION (TR_MODULE, TR_KEY, TR_TEXT, TR_LANGUAGE) VALUES ('frontend', 'button.close', '', 'zh-TW');
INSERT INTO OKM_TRANSLATION (TR_MODULE, TR_KEY, TR_TEXT, TR_LANGUAGE) VALUES ('frontend', 'button.logout', '', 'zh-TW');
INSERT INTO OKM_TRANSLATION (TR_MODULE, TR_KEY, TR_TEXT, TR_LANGUAGE) VALUES ('frontend', 'button.update', '', 'zh-TW');
INSERT INTO OKM_TRANSLATION (TR_MODULE, TR_KEY, TR_TEXT, TR_LANGUAGE) VALUES ('frontend', 'button.cancel', '', 'zh-TW');
INSERT INTO OKM_TRANSLATION (TR_MODULE, TR_KEY, TR_TEXT, TR_LANGUAGE) VALUES ('frontend', 'button.accept', '', 'zh-TW');
INSERT INTO OKM_TRANSLATION (TR_MODULE, TR_KEY, TR_TEXT, TR_LANGUAGE) VALUES ('frontend', 'button.restore', '', 'zh-TW');
INSERT INTO OKM_TRANSLATION (TR_MODULE, TR_KEY, TR_TEXT, TR_LANGUAGE) VALUES ('frontend', 'button.move', '', 'zh-TW');
INSERT INTO OKM_TRANSLATION (TR_MODULE, TR_KEY, TR_TEXT, TR_LANGUAGE) VALUES ('frontend', 'button.change', '', 'zh-TW');
INSERT INTO OKM_TRANSLATION (TR_MODULE, TR_KEY, TR_TEXT, TR_LANGUAGE) VALUES ('frontend', 'button.search', '', 'zh-TW');
INSERT INTO OKM_TRANSLATION (TR_MODULE, TR_KEY, TR_TEXT, TR_LANGUAGE) VALUES ('frontend', 'button.save.search', '', 'zh-TW');
INSERT INTO OKM_TRANSLATION (TR_MODULE, TR_KEY, TR_TEXT, TR_LANGUAGE) VALUES ('frontend', 'button.view', '', 'zh-TW');
INSERT INTO OKM_TRANSLATION (TR_MODULE, TR_KEY, TR_TEXT, TR_LANGUAGE) VALUES ('frontend', 'button.clean', '', 'zh-TW');
INSERT INTO OKM_TRANSLATION (TR_MODULE, TR_KEY, TR_TEXT, TR_LANGUAGE) VALUES ('frontend', 'button.add', '', 'zh-TW');
INSERT INTO OKM_TRANSLATION (TR_MODULE, TR_KEY, TR_TEXT, TR_LANGUAGE) VALUES ('frontend', 'button.delete', '', 'zh-TW');
INSERT INTO OKM_TRANSLATION (TR_MODULE, TR_KEY, TR_TEXT, TR_LANGUAGE) VALUES ('frontend', 'button.copy', '', 'zh-TW');
INSERT INTO OKM_TRANSLATION (TR_MODULE, TR_KEY, TR_TEXT, TR_LANGUAGE) VALUES ('frontend', 'button.create', '', 'zh-TW');
INSERT INTO OKM_TRANSLATION (TR_MODULE, TR_KEY, TR_TEXT, TR_LANGUAGE) VALUES ('frontend', 'button.show', '', 'zh-TW');
INSERT INTO OKM_TRANSLATION (TR_MODULE, TR_KEY, TR_TEXT, TR_LANGUAGE) VALUES ('frontend', 'button.memory', '', 'zh-TW');
INSERT INTO OKM_TRANSLATION (TR_MODULE, TR_KEY, TR_TEXT, TR_LANGUAGE) VALUES ('frontend', 'button.copy.clipboard', '', 'zh-TW');
INSERT INTO OKM_TRANSLATION (TR_MODULE, TR_KEY, TR_TEXT, TR_LANGUAGE) VALUES ('frontend', 'button.start', '', 'zh-TW');
INSERT INTO OKM_TRANSLATION (TR_MODULE, TR_KEY, TR_TEXT, TR_LANGUAGE) VALUES ('frontend', 'button.select', '', 'zh-TW');
INSERT INTO OKM_TRANSLATION (TR_MODULE, TR_KEY, TR_TEXT, TR_LANGUAGE) VALUES ('frontend', 'button.test', '', 'zh-TW');
INSERT INTO OKM_TRANSLATION (TR_MODULE, TR_KEY, TR_TEXT, TR_LANGUAGE) VALUES ('frontend', 'button.next', '', 'zh-TW');
INSERT INTO OKM_TRANSLATION (TR_MODULE, TR_KEY, TR_TEXT, TR_LANGUAGE) VALUES ('frontend', 'group.label', '', 'zh-TW');
INSERT INTO OKM_TRANSLATION (TR_MODULE, TR_KEY, TR_TEXT, TR_LANGUAGE) VALUES ('frontend', 'group.group', '', 'zh-TW');
INSERT INTO OKM_TRANSLATION (TR_MODULE, TR_KEY, TR_TEXT, TR_LANGUAGE) VALUES ('frontend', 'group.property.group', '', 'zh-TW');
INSERT INTO OKM_TRANSLATION (TR_MODULE, TR_KEY, TR_TEXT, TR_LANGUAGE) VALUES ('frontend', 'bookmark.label', '', 'zh-TW');
INSERT INTO OKM_TRANSLATION (TR_MODULE, TR_KEY, TR_TEXT, TR_LANGUAGE) VALUES ('frontend', 'bookmark.name', '', 'zh-TW');
INSERT INTO OKM_TRANSLATION (TR_MODULE, TR_KEY, TR_TEXT, TR_LANGUAGE) VALUES ('frontend', 'bookmark.edit.label', '', 'zh-TW');
INSERT INTO OKM_TRANSLATION (TR_MODULE, TR_KEY, TR_TEXT, TR_LANGUAGE) VALUES ('frontend', 'bookmark.path', '', 'zh-TW');
INSERT INTO OKM_TRANSLATION (TR_MODULE, TR_KEY, TR_TEXT, TR_LANGUAGE) VALUES ('frontend', 'bookmark.type', '', 'zh-TW');
INSERT INTO OKM_TRANSLATION (TR_MODULE, TR_KEY, TR_TEXT, TR_LANGUAGE) VALUES ('frontend', 'bookmark.type.document', '', 'zh-TW');
INSERT INTO OKM_TRANSLATION (TR_MODULE, TR_KEY, TR_TEXT, TR_LANGUAGE) VALUES ('frontend', 'bookmark.type.folder', '', 'zh-TW');
INSERT INTO OKM_TRANSLATION (TR_MODULE, TR_KEY, TR_TEXT, TR_LANGUAGE) VALUES ('frontend', 'notify.label', '', 'zh-TW');
INSERT INTO OKM_TRANSLATION (TR_MODULE, TR_KEY, TR_TEXT, TR_LANGUAGE) VALUES ('frontend', 'notify.label.attachment', '', 'zh-TW');
INSERT INTO OKM_TRANSLATION (TR_MODULE, TR_KEY, TR_TEXT, TR_LANGUAGE) VALUES ('frontend', 'status.document.copied', '', 'zh-TW');
INSERT INTO OKM_TRANSLATION (TR_MODULE, TR_KEY, TR_TEXT, TR_LANGUAGE) VALUES ('frontend', 'status.document.cut', '', 'zh-TW');
INSERT INTO OKM_TRANSLATION (TR_MODULE, TR_KEY, TR_TEXT, TR_LANGUAGE) VALUES ('frontend', 'status.folder.copied', '', 'zh-TW');
INSERT INTO OKM_TRANSLATION (TR_MODULE, TR_KEY, TR_TEXT, TR_LANGUAGE) VALUES ('frontend', 'status.folder.cut', '', 'zh-TW');
INSERT INTO OKM_TRANSLATION (TR_MODULE, TR_KEY, TR_TEXT, TR_LANGUAGE) VALUES ('frontend', 'status.keep.alive.error', '', 'zh-TW');
INSERT INTO OKM_TRANSLATION (TR_MODULE, TR_KEY, TR_TEXT, TR_LANGUAGE) VALUES ('frontend', 'status.debug.enabled', '', 'zh-TW');
INSERT INTO OKM_TRANSLATION (TR_MODULE, TR_KEY, TR_TEXT, TR_LANGUAGE) VALUES ('frontend', 'status.debug.disabled', '', 'zh-TW');
INSERT INTO OKM_TRANSLATION (TR_MODULE, TR_KEY, TR_TEXT, TR_LANGUAGE) VALUES ('frontend', 'status.network.error.detected', '', 'zh-TW');
INSERT INTO OKM_TRANSLATION (TR_MODULE, TR_KEY, TR_TEXT, TR_LANGUAGE) VALUES ('frontend', 'calendar.day.sunday', '', 'zh-TW');
INSERT INTO OKM_TRANSLATION (TR_MODULE, TR_KEY, TR_TEXT, TR_LANGUAGE) VALUES ('frontend', 'calendar.day.monday', '', 'zh-TW');
INSERT INTO OKM_TRANSLATION (TR_MODULE, TR_KEY, TR_TEXT, TR_LANGUAGE) VALUES ('frontend', 'calendar.day.tuesday', '', 'zh-TW');
INSERT INTO OKM_TRANSLATION (TR_MODULE, TR_KEY, TR_TEXT, TR_LANGUAGE) VALUES ('frontend', 'calendar.day.wednesday', '', 'zh-TW');
INSERT INTO OKM_TRANSLATION (TR_MODULE, TR_KEY, TR_TEXT, TR_LANGUAGE) VALUES ('frontend', 'calendar.day.thursday', '', 'zh-TW');
INSERT INTO OKM_TRANSLATION (TR_MODULE, TR_KEY, TR_TEXT, TR_LANGUAGE) VALUES ('frontend', 'calendar.day.friday', '', 'zh-TW');
INSERT INTO OKM_TRANSLATION (TR_MODULE, TR_KEY, TR_TEXT, TR_LANGUAGE) VALUES ('frontend', 'calendar.day.saturday', '', 'zh-TW');
INSERT INTO OKM_TRANSLATION (TR_MODULE, TR_KEY, TR_TEXT, TR_LANGUAGE) VALUES ('frontend', 'calendar.month.january', '', 'zh-TW');
INSERT INTO OKM_TRANSLATION (TR_MODULE, TR_KEY, TR_TEXT, TR_LANGUAGE) VALUES ('frontend', 'calendar.month.february', '', 'zh-TW');
INSERT INTO OKM_TRANSLATION (TR_MODULE, TR_KEY, TR_TEXT, TR_LANGUAGE) VALUES ('frontend', 'calendar.month.march', '', 'zh-TW');
INSERT INTO OKM_TRANSLATION (TR_MODULE, TR_KEY, TR_TEXT, TR_LANGUAGE) VALUES ('frontend', 'calendar.month.april', '', 'zh-TW');
INSERT INTO OKM_TRANSLATION (TR_MODULE, TR_KEY, TR_TEXT, TR_LANGUAGE) VALUES ('frontend', 'calendar.month.may', '', 'zh-TW');
INSERT INTO OKM_TRANSLATION (TR_MODULE, TR_KEY, TR_TEXT, TR_LANGUAGE) VALUES ('frontend', 'calendar.month.june', '', 'zh-TW');
INSERT INTO OKM_TRANSLATION (TR_MODULE, TR_KEY, TR_TEXT, TR_LANGUAGE) VALUES ('frontend', 'calendar.month.july', '', 'zh-TW');
INSERT INTO OKM_TRANSLATION (TR_MODULE, TR_KEY, TR_TEXT, TR_LANGUAGE) VALUES ('frontend', 'calendar.month.august', '', 'zh-TW');
INSERT INTO OKM_TRANSLATION (TR_MODULE, TR_KEY, TR_TEXT, TR_LANGUAGE) VALUES ('frontend', 'calendar.month.september', '', 'zh-TW');
INSERT INTO OKM_TRANSLATION (TR_MODULE, TR_KEY, TR_TEXT, TR_LANGUAGE) VALUES ('frontend', 'calendar.month.october', '', 'zh-TW');
INSERT INTO OKM_TRANSLATION (TR_MODULE, TR_KEY, TR_TEXT, TR_LANGUAGE) VALUES ('frontend', 'calendar.month.november', '', 'zh-TW');
INSERT INTO OKM_TRANSLATION (TR_MODULE, TR_KEY, TR_TEXT, TR_LANGUAGE) VALUES ('frontend', 'calendar.month.december', '', 'zh-TW');
INSERT INTO OKM_TRANSLATION (TR_MODULE, TR_KEY, TR_TEXT, TR_LANGUAGE) VALUES ('frontend', 'media.player.label', '', 'zh-TW');
INSERT INTO OKM_TRANSLATION (TR_MODULE, TR_KEY, TR_TEXT, TR_LANGUAGE) VALUES ('frontend', 'image.viewer.label', '', 'zh-TW');
INSERT INTO OKM_TRANSLATION (TR_MODULE, TR_KEY, TR_TEXT, TR_LANGUAGE) VALUES ('frontend', 'image.viewer.zoom.in', '', 'zh-TW');
INSERT INTO OKM_TRANSLATION (TR_MODULE, TR_KEY, TR_TEXT, TR_LANGUAGE) VALUES ('frontend', 'image.viewer.zoom.out', '', 'zh-TW');
INSERT INTO OKM_TRANSLATION (TR_MODULE, TR_KEY, TR_TEXT, TR_LANGUAGE) VALUES ('frontend', 'debug.console.label', '', 'zh-TW');
INSERT INTO OKM_TRANSLATION (TR_MODULE, TR_KEY, TR_TEXT, TR_LANGUAGE) VALUES ('frontend', 'debug.enable.disable', 'CTRL+Z', 'zh-TW');
INSERT INTO OKM_TRANSLATION (TR_MODULE, TR_KEY, TR_TEXT, TR_LANGUAGE) VALUES ('frontend', 'dashboard.tab.general', '', 'zh-TW');
INSERT INTO OKM_TRANSLATION (TR_MODULE, TR_KEY, TR_TEXT, TR_LANGUAGE) VALUES ('frontend', 'dashboard.tab.news', '', 'zh-TW');
INSERT INTO OKM_TRANSLATION (TR_MODULE, TR_KEY, TR_TEXT, TR_LANGUAGE) VALUES ('frontend', 'dashboard.tab.user', '', 'zh-TW');
INSERT INTO OKM_TRANSLATION (TR_MODULE, TR_KEY, TR_TEXT, TR_LANGUAGE) VALUES ('frontend', 'dashboard.tab.workflow', '', 'zh-TW');
INSERT INTO OKM_TRANSLATION (TR_MODULE, TR_KEY, TR_TEXT, TR_LANGUAGE) VALUES ('frontend', 'dashboard.tab.mail', '', 'zh-TW');
INSERT INTO OKM_TRANSLATION (TR_MODULE, TR_KEY, TR_TEXT, TR_LANGUAGE) VALUES ('frontend', 'dashboard.tab.keymap', '', 'zh-TW');
INSERT INTO OKM_TRANSLATION (TR_MODULE, TR_KEY, TR_TEXT, TR_LANGUAGE) VALUES ('frontend', 'dashboard.new.items', '', 'zh-TW');
INSERT INTO OKM_TRANSLATION (TR_MODULE, TR_KEY, TR_TEXT, TR_LANGUAGE) VALUES ('frontend', 'dashboard.user.locked.documents', '', 'zh-TW');
INSERT INTO OKM_TRANSLATION (TR_MODULE, TR_KEY, TR_TEXT, TR_LANGUAGE) VALUES ('frontend', 'dashboard.user.checkout.documents', '', 'zh-TW');
INSERT INTO OKM_TRANSLATION (TR_MODULE, TR_KEY, TR_TEXT, TR_LANGUAGE) VALUES ('frontend', 'dashboard.user.last.modified.documents', '', 'zh-TW');
INSERT INTO OKM_TRANSLATION (TR_MODULE, TR_KEY, TR_TEXT, TR_LANGUAGE) VALUES ('frontend', 'dashboard.user.last.downloaded.documents', '', 'zh-TW');
INSERT INTO OKM_TRANSLATION (TR_MODULE, TR_KEY, TR_TEXT, TR_LANGUAGE) VALUES ('frontend', 'dashboard.user.subscribed.documents', '', 'zh-TW');
INSERT INTO OKM_TRANSLATION (TR_MODULE, TR_KEY, TR_TEXT, TR_LANGUAGE) VALUES ('frontend', 'dashboard.user.subscribed.folders', '', 'zh-TW');
INSERT INTO OKM_TRANSLATION (TR_MODULE, TR_KEY, TR_TEXT, TR_LANGUAGE) VALUES ('frontend', 'dashboard.user.last.uploaded.documents', '', 'zh-TW');
INSERT INTO OKM_TRANSLATION (TR_MODULE, TR_KEY, TR_TEXT, TR_LANGUAGE) VALUES ('frontend', 'dashboard.general.last.week.top.downloaded.documents', '', 'zh-TW');
INSERT INTO OKM_TRANSLATION (TR_MODULE, TR_KEY, TR_TEXT, TR_LANGUAGE) VALUES ('frontend', 'dashboard.general.last.month.top.downloaded.documents', '', 'zh-TW');
INSERT INTO OKM_TRANSLATION (TR_MODULE, TR_KEY, TR_TEXT, TR_LANGUAGE) VALUES ('frontend', 'dashboard.general.last.week.top.modified.documents', '', 'zh-TW');
INSERT INTO OKM_TRANSLATION (TR_MODULE, TR_KEY, TR_TEXT, TR_LANGUAGE) VALUES ('frontend', 'dashboard.general.last.month.top.modified.documents', '', 'zh-TW');
INSERT INTO OKM_TRANSLATION (TR_MODULE, TR_KEY, TR_TEXT, TR_LANGUAGE) VALUES ('frontend', 'dashboard.general.last.uploaded.documents', '', 'zh-TW');
INSERT INTO OKM_TRANSLATION (TR_MODULE, TR_KEY, TR_TEXT, TR_LANGUAGE) VALUES ('frontend', 'dashboard.workflow.pending.tasks', 'Pending', 'zh-TW');
INSERT INTO OKM_TRANSLATION (TR_MODULE, TR_KEY, TR_TEXT, TR_LANGUAGE) VALUES ('frontend', 'dashboard.workflow.pending.tasks.unassigned', '', 'zh-TW');
INSERT INTO OKM_TRANSLATION (TR_MODULE, TR_KEY, TR_TEXT, TR_LANGUAGE) VALUES ('frontend', 'dashboard.workflow.task', '', 'zh-TW');
INSERT INTO OKM_TRANSLATION (TR_MODULE, TR_KEY, TR_TEXT, TR_LANGUAGE) VALUES ('frontend', 'dashboard.workflow.task.id', 'ID', 'zh-TW');
INSERT INTO OKM_TRANSLATION (TR_MODULE, TR_KEY, TR_TEXT, TR_LANGUAGE) VALUES ('frontend', 'dashboard.workflow.task.name', '', 'zh-TW');
INSERT INTO OKM_TRANSLATION (TR_MODULE, TR_KEY, TR_TEXT, TR_LANGUAGE) VALUES ('frontend', 'dashboard.workflow.task.created', '', 'zh-TW');
INSERT INTO OKM_TRANSLATION (TR_MODULE, TR_KEY, TR_TEXT, TR_LANGUAGE) VALUES ('frontend', 'dashboard.workflow.task.start', '', 'zh-TW');
INSERT INTO OKM_TRANSLATION (TR_MODULE, TR_KEY, TR_TEXT, TR_LANGUAGE) VALUES ('frontend', 'dashboard.workflow.task.duedate', '', 'zh-TW');
INSERT INTO OKM_TRANSLATION (TR_MODULE, TR_KEY, TR_TEXT, TR_LANGUAGE) VALUES ('frontend', 'dashboard.workflow.task.end', '', 'zh-TW');
INSERT INTO OKM_TRANSLATION (TR_MODULE, TR_KEY, TR_TEXT, TR_LANGUAGE) VALUES ('frontend', 'dashboard.workflow.task.description', '', 'zh-TW');
INSERT INTO OKM_TRANSLATION (TR_MODULE, TR_KEY, TR_TEXT, TR_LANGUAGE) VALUES ('frontend', 'dashboard.workflow.task.process.instance', '', 'zh-TW');
INSERT INTO OKM_TRANSLATION (TR_MODULE, TR_KEY, TR_TEXT, TR_LANGUAGE) VALUES ('frontend', 'dashboard.workflow.task.process.id', 'ID', 'zh-TW');
INSERT INTO OKM_TRANSLATION (TR_MODULE, TR_KEY, TR_TEXT, TR_LANGUAGE) VALUES ('frontend', 'dashboard.workflow.task.process.version', '', 'zh-TW');
INSERT INTO OKM_TRANSLATION (TR_MODULE, TR_KEY, TR_TEXT, TR_LANGUAGE) VALUES ('frontend', 'dashboard.workflow.task.process.name', '', 'zh-TW');
INSERT INTO OKM_TRANSLATION (TR_MODULE, TR_KEY, TR_TEXT, TR_LANGUAGE) VALUES ('frontend', 'dashboard.workflow.task.process.description', '', 'zh-TW');
INSERT INTO OKM_TRANSLATION (TR_MODULE, TR_KEY, TR_TEXT, TR_LANGUAGE) VALUES ('frontend', 'dashboard.workflow.task.process.data', '', 'zh-TW');
INSERT INTO OKM_TRANSLATION (TR_MODULE, TR_KEY, TR_TEXT, TR_LANGUAGE) VALUES ('frontend', 'dashboard.workflow.comments', '', 'zh-TW');
INSERT INTO OKM_TRANSLATION (TR_MODULE, TR_KEY, TR_TEXT, TR_LANGUAGE) VALUES ('frontend', 'dashboard.workflow.task.process.forms', '', 'zh-TW');
INSERT INTO OKM_TRANSLATION (TR_MODULE, TR_KEY, TR_TEXT, TR_LANGUAGE) VALUES ('frontend', 'dashboard.workflow.add.comment', '', 'zh-TW');
INSERT INTO OKM_TRANSLATION (TR_MODULE, TR_KEY, TR_TEXT, TR_LANGUAGE) VALUES ('frontend', 'dashboard.workflow.task.process.definition', '', 'zh-TW');
INSERT INTO OKM_TRANSLATION (TR_MODULE, TR_KEY, TR_TEXT, TR_LANGUAGE) VALUES ('frontend', 'dashboard.workflow.task.process.path', '', 'zh-TW');
INSERT INTO OKM_TRANSLATION (TR_MODULE, TR_KEY, TR_TEXT, TR_LANGUAGE) VALUES ('frontend', 'dashboard.refreshing', '', 'zh-TW');
INSERT INTO OKM_TRANSLATION (TR_MODULE, TR_KEY, TR_TEXT, TR_LANGUAGE) VALUES ('frontend', 'dashboard.keyword', '', 'zh-TW');
INSERT INTO OKM_TRANSLATION (TR_MODULE, TR_KEY, TR_TEXT, TR_LANGUAGE) VALUES ('frontend', 'dashboard.keyword.suggest', '', 'zh-TW');
INSERT INTO OKM_TRANSLATION (TR_MODULE, TR_KEY, TR_TEXT, TR_LANGUAGE) VALUES ('frontend', 'dashboard.keyword.all', '', 'zh-TW');
INSERT INTO OKM_TRANSLATION (TR_MODULE, TR_KEY, TR_TEXT, TR_LANGUAGE) VALUES ('frontend', 'dashboard.keyword.top', '', 'zh-TW');
INSERT INTO OKM_TRANSLATION (TR_MODULE, TR_KEY, TR_TEXT, TR_LANGUAGE) VALUES ('frontend', 'dashboard.keyword.related', '', 'zh-TW');
INSERT INTO OKM_TRANSLATION (TR_MODULE, TR_KEY, TR_TEXT, TR_LANGUAGE) VALUES ('frontend', 'dashboard.keyword.goto.document', '', 'zh-TW');
INSERT INTO OKM_TRANSLATION (TR_MODULE, TR_KEY, TR_TEXT, TR_LANGUAGE) VALUES ('frontend', 'dashboard.keyword.clean.keywords', '', 'zh-TW');
INSERT INTO OKM_TRANSLATION (TR_MODULE, TR_KEY, TR_TEXT, TR_LANGUAGE) VALUES ('frontend', 'dashboard.mail.last.imported.mails', '', 'zh-TW');
INSERT INTO OKM_TRANSLATION (TR_MODULE, TR_KEY, TR_TEXT, TR_LANGUAGE) VALUES ('frontend', 'dashboard.mail.last.imported.attached.documents', '', 'zh-TW');
INSERT INTO OKM_TRANSLATION (TR_MODULE, TR_KEY, TR_TEXT, TR_LANGUAGE) VALUES ('frontend', 'workflow.label', '', 'zh-TW');
INSERT INTO OKM_TRANSLATION (TR_MODULE, TR_KEY, TR_TEXT, TR_LANGUAGE) VALUES ('frontend', 'user.preferences.label', '', 'zh-TW');
INSERT INTO OKM_TRANSLATION (TR_MODULE, TR_KEY, TR_TEXT, TR_LANGUAGE) VALUES ('frontend', 'user.preferences.user', '', 'zh-TW');
INSERT INTO OKM_TRANSLATION (TR_MODULE, TR_KEY, TR_TEXT, TR_LANGUAGE) VALUES ('frontend', 'user.preferences.password', '', 'zh-TW');
INSERT INTO OKM_TRANSLATION (TR_MODULE, TR_KEY, TR_TEXT, TR_LANGUAGE) VALUES ('frontend', 'user.preferences.mail', '', 'zh-TW');
INSERT INTO OKM_TRANSLATION (TR_MODULE, TR_KEY, TR_TEXT, TR_LANGUAGE) VALUES ('frontend', 'user.preferences.roles', '', 'zh-TW');
INSERT INTO OKM_TRANSLATION (TR_MODULE, TR_KEY, TR_TEXT, TR_LANGUAGE) VALUES ('frontend', 'user.preferences.imap.host', 'IMAP', 'zh-TW');
INSERT INTO OKM_TRANSLATION (TR_MODULE, TR_KEY, TR_TEXT, TR_LANGUAGE) VALUES ('frontend', 'user.preferences.imap.user', 'IMAP', 'zh-TW');
INSERT INTO OKM_TRANSLATION (TR_MODULE, TR_KEY, TR_TEXT, TR_LANGUAGE) VALUES ('frontend', 'user.preferences.imap.user.password', 'IMAP', 'zh-TW');
INSERT INTO OKM_TRANSLATION (TR_MODULE, TR_KEY, TR_TEXT, TR_LANGUAGE) VALUES ('frontend', 'user.preferences.imap.folder', 'IMAP', 'zh-TW');
INSERT INTO OKM_TRANSLATION (TR_MODULE, TR_KEY, TR_TEXT, TR_LANGUAGE) VALUES ('frontend', 'user.preferences.password.error', ':', 'zh-TW');
INSERT INTO OKM_TRANSLATION (TR_MODULE, TR_KEY, TR_TEXT, TR_LANGUAGE) VALUES ('frontend', 'user.preferences.user.data', '', 'zh-TW');
INSERT INTO OKM_TRANSLATION (TR_MODULE, TR_KEY, TR_TEXT, TR_LANGUAGE) VALUES ('frontend', 'user.preferences.mail.data', '', 'zh-TW');
INSERT INTO OKM_TRANSLATION (TR_MODULE, TR_KEY, TR_TEXT, TR_LANGUAGE) VALUES ('frontend', 'user.preferences.imap.error', '', 'zh-TW');
INSERT INTO OKM_TRANSLATION (TR_MODULE, TR_KEY, TR_TEXT, TR_LANGUAGE) VALUES ('frontend', 'user.preferences.imap.password.error.void', 'IMAP', 'zh-TW');
INSERT INTO OKM_TRANSLATION (TR_MODULE, TR_KEY, TR_TEXT, TR_LANGUAGE) VALUES ('frontend', 'user.preferences.imap.test.error', 'IMAP', 'zh-TW');
INSERT INTO OKM_TRANSLATION (TR_MODULE, TR_KEY, TR_TEXT, TR_LANGUAGE) VALUES ('frontend', 'user.preferences.imap.test.ok', 'IMAP', 'zh-TW');
INSERT INTO OKM_TRANSLATION (TR_MODULE, TR_KEY, TR_TEXT, TR_LANGUAGE) VALUES ('frontend', 'thesaurus.directory.select.label', 'thesaurus', 'zh-TW');
INSERT INTO OKM_TRANSLATION (TR_MODULE, TR_KEY, TR_TEXT, TR_LANGUAGE) VALUES ('frontend', 'thesaurus.tab.tree', '', 'zh-TW');
INSERT INTO OKM_TRANSLATION (TR_MODULE, TR_KEY, TR_TEXT, TR_LANGUAGE) VALUES ('frontend', 'thesaurus.tab.keywords', '', 'zh-TW');
INSERT INTO OKM_TRANSLATION (TR_MODULE, TR_KEY, TR_TEXT, TR_LANGUAGE) VALUES ('frontend', 'categories.folder.select.label', 'category', 'zh-TW');
INSERT INTO OKM_TRANSLATION (TR_MODULE, TR_KEY, TR_TEXT, TR_LANGUAGE) VALUES ('frontend', 'categories.folder.error.delete', 'category', 'zh-TW');
INSERT INTO OKM_TRANSLATION (TR_MODULE, TR_KEY, TR_TEXT, TR_LANGUAGE) VALUES ('frontend', 'wizard.document.uploading', '', 'zh-TW');
INSERT INTO OKM_TRANSLATION (TR_MODULE, TR_KEY, TR_TEXT, TR_LANGUAGE) VALUES ('frontend', 'user.info.chat.connect', '', 'zh-TW');
INSERT INTO OKM_TRANSLATION (TR_MODULE, TR_KEY, TR_TEXT, TR_LANGUAGE) VALUES ('frontend', 'user.info.chat.disconnect', '', 'zh-TW');
INSERT INTO OKM_TRANSLATION (TR_MODULE, TR_KEY, TR_TEXT, TR_LANGUAGE) VALUES ('frontend', 'user.info.chat.new.room', '', 'zh-TW');
INSERT INTO OKM_TRANSLATION (TR_MODULE, TR_KEY, TR_TEXT, TR_LANGUAGE) VALUES ('frontend', 'user.info.locked.actual', '', 'zh-TW');
INSERT INTO OKM_TRANSLATION (TR_MODULE, TR_KEY, TR_TEXT, TR_LANGUAGE) VALUES ('frontend', 'user.info.checkout.actual', '', 'zh-TW');
INSERT INTO OKM_TRANSLATION (TR_MODULE, TR_KEY, TR_TEXT, TR_LANGUAGE) VALUES ('frontend', 'user.info.subscription.actual', '', 'zh-TW');
INSERT INTO OKM_TRANSLATION (TR_MODULE, TR_KEY, TR_TEXT, TR_LANGUAGE) VALUES ('frontend', 'user.info.news.new', '', 'zh-TW');
INSERT INTO OKM_TRANSLATION (TR_MODULE, TR_KEY, TR_TEXT, TR_LANGUAGE) VALUES ('frontend', 'user.info.workflow.pending', '', 'zh-TW');
INSERT INTO OKM_TRANSLATION (TR_MODULE, TR_KEY, TR_TEXT, TR_LANGUAGE) VALUES ('frontend', 'user.info.user.quota', '', 'zh-TW');
INSERT INTO OKM_TRANSLATION (TR_MODULE, TR_KEY, TR_TEXT, TR_LANGUAGE) VALUES ('frontend', 'user.online', '', 'zh-TW');
INSERT INTO OKM_TRANSLATION (TR_MODULE, TR_KEY, TR_TEXT, TR_LANGUAGE) VALUES ('frontend', 'chat.room', '', 'zh-TW');
INSERT INTO OKM_TRANSLATION (TR_MODULE, TR_KEY, TR_TEXT, TR_LANGUAGE) VALUES ('frontend', 'chat.users.in.room', '', 'zh-TW');
INSERT INTO OKM_TRANSLATION (TR_MODULE, TR_KEY, TR_TEXT, TR_LANGUAGE) VALUES ('frontend', 'OKM-017009', '', 'zh-TW');
INSERT INTO OKM_TRANSLATION (TR_MODULE, TR_KEY, TR_TEXT, TR_LANGUAGE) VALUES ('frontend', 'OKM-017004', '', 'zh-TW');
INSERT INTO OKM_TRANSLATION (TR_MODULE, TR_KEY, TR_TEXT, TR_LANGUAGE) VALUES ('frontend', 'OKM-017001', '', 'zh-TW');
INSERT INTO OKM_TRANSLATION (TR_MODULE, TR_KEY, TR_TEXT, TR_LANGUAGE) VALUES ('frontend', 'OKM-017015', '', 'zh-TW');
INSERT INTO OKM_TRANSLATION (TR_MODULE, TR_KEY, TR_TEXT, TR_LANGUAGE) VALUES ('frontend', 'OKM-017016', '', 'zh-TW');
INSERT INTO OKM_TRANSLATION (TR_MODULE, TR_KEY, TR_TEXT, TR_LANGUAGE) VALUES ('frontend', 'OKM-002009', '', 'zh-TW');
INSERT INTO OKM_TRANSLATION (TR_MODULE, TR_KEY, TR_TEXT, TR_LANGUAGE) VALUES ('frontend', 'OKM-002002', '', 'zh-TW');
INSERT INTO OKM_TRANSLATION (TR_MODULE, TR_KEY, TR_TEXT, TR_LANGUAGE) VALUES ('frontend', 'OKM-002003', '', 'zh-TW');
INSERT INTO OKM_TRANSLATION (TR_MODULE, TR_KEY, TR_TEXT, TR_LANGUAGE) VALUES ('frontend', 'OKM-002004', '', 'zh-TW');
INSERT INTO OKM_TRANSLATION (TR_MODULE, TR_KEY, TR_TEXT, TR_LANGUAGE) VALUES ('frontend', 'OKM-002004', '', 'zh-TW');
INSERT INTO OKM_TRANSLATION (TR_MODULE, TR_KEY, TR_TEXT, TR_LANGUAGE) VALUES ('frontend', 'OKM-002001', '', 'zh-TW');
INSERT INTO OKM_TRANSLATION (TR_MODULE, TR_KEY, TR_TEXT, TR_LANGUAGE) VALUES ('frontend', 'OKM-002006', '', 'zh-TW');
INSERT INTO OKM_TRANSLATION (TR_MODULE, TR_KEY, TR_TEXT, TR_LANGUAGE) VALUES ('frontend', 'OKM-002015', '', 'zh-TW');
INSERT INTO OKM_TRANSLATION (TR_MODULE, TR_KEY, TR_TEXT, TR_LANGUAGE) VALUES ('frontend', 'OKM-002024', '', 'zh-TW');
INSERT INTO OKM_TRANSLATION (TR_MODULE, TR_KEY, TR_TEXT, TR_LANGUAGE) VALUES ('frontend', 'OKM-001009', '', 'zh-TW');
INSERT INTO OKM_TRANSLATION (TR_MODULE, TR_KEY, TR_TEXT, TR_LANGUAGE) VALUES ('frontend', 'OKM-001002', '', 'zh-TW');
INSERT INTO OKM_TRANSLATION (TR_MODULE, TR_KEY, TR_TEXT, TR_LANGUAGE) VALUES ('frontend', 'OKM-001003', '', 'zh-TW');
INSERT INTO OKM_TRANSLATION (TR_MODULE, TR_KEY, TR_TEXT, TR_LANGUAGE) VALUES ('frontend', 'OKM-001001', '', 'zh-TW');
INSERT INTO OKM_TRANSLATION (TR_MODULE, TR_KEY, TR_TEXT, TR_LANGUAGE) VALUES ('frontend', 'OKM-001006', '', 'zh-TW');
INSERT INTO OKM_TRANSLATION (TR_MODULE, TR_KEY, TR_TEXT, TR_LANGUAGE) VALUES ('frontend', 'OKM-001015', '', 'zh-TW');
INSERT INTO OKM_TRANSLATION (TR_MODULE, TR_KEY, TR_TEXT, TR_LANGUAGE) VALUES ('frontend', 'OKM-001024', '', 'zh-TW');
INSERT INTO OKM_TRANSLATION (TR_MODULE, TR_KEY, TR_TEXT, TR_LANGUAGE) VALUES ('frontend', 'OKM-007009', '', 'zh-TW');
INSERT INTO OKM_TRANSLATION (TR_MODULE, TR_KEY, TR_TEXT, TR_LANGUAGE) VALUES ('frontend', 'OKM-007002', '', 'zh-TW');
INSERT INTO OKM_TRANSLATION (TR_MODULE, TR_KEY, TR_TEXT, TR_LANGUAGE) VALUES ('frontend', 'OKM-007001', '', 'zh-TW');
INSERT INTO OKM_TRANSLATION (TR_MODULE, TR_KEY, TR_TEXT, TR_LANGUAGE) VALUES ('frontend', 'OKM-007006', '', 'zh-TW');
INSERT INTO OKM_TRANSLATION (TR_MODULE, TR_KEY, TR_TEXT, TR_LANGUAGE) VALUES ('frontend', 'OKM-007024', '', 'zh-TW');
INSERT INTO OKM_TRANSLATION (TR_MODULE, TR_KEY, TR_TEXT, TR_LANGUAGE) VALUES ('frontend', 'OKM-009002', '', 'zh-TW');
INSERT INTO OKM_TRANSLATION (TR_MODULE, TR_KEY, TR_TEXT, TR_LANGUAGE) VALUES ('frontend', 'OKM-009006', 'Session', 'zh-TW');
INSERT INTO OKM_TRANSLATION (TR_MODULE, TR_KEY, TR_TEXT, TR_LANGUAGE) VALUES ('frontend', 'OKM-005010', '', 'zh-TW');
INSERT INTO OKM_TRANSLATION (TR_MODULE, TR_KEY, TR_TEXT, TR_LANGUAGE) VALUES ('frontend', 'OKM-005003', '', 'zh-TW');
INSERT INTO OKM_TRANSLATION (TR_MODULE, TR_KEY, TR_TEXT, TR_LANGUAGE) VALUES ('frontend', 'OKM-005011', '', 'zh-TW');
INSERT INTO OKM_TRANSLATION (TR_MODULE, TR_KEY, TR_TEXT, TR_LANGUAGE) VALUES ('frontend', 'OKM-005027', '', 'zh-TW');
INSERT INTO OKM_TRANSLATION (TR_MODULE, TR_KEY, TR_TEXT, TR_LANGUAGE) VALUES ('frontend', 'OKM-004001', 'Session', 'zh-TW');
INSERT INTO OKM_TRANSLATION (TR_MODULE, TR_KEY, TR_TEXT, TR_LANGUAGE) VALUES ('frontend', 'OKM-004024', '', 'zh-TW');
INSERT INTO OKM_TRANSLATION (TR_MODULE, TR_KEY, TR_TEXT, TR_LANGUAGE) VALUES ('frontend', 'OKM-008001', '', 'zh-TW');
INSERT INTO OKM_TRANSLATION (TR_MODULE, TR_KEY, TR_TEXT, TR_LANGUAGE) VALUES ('frontend', 'OKM-008003', '', 'zh-TW');
INSERT INTO OKM_TRANSLATION (TR_MODULE, TR_KEY, TR_TEXT, TR_LANGUAGE) VALUES ('frontend', 'OKM-008024', 'I/O', 'zh-TW');
INSERT INTO OKM_TRANSLATION (TR_MODULE, TR_KEY, TR_TEXT, TR_LANGUAGE) VALUES ('frontend', 'OKM-011003', '', 'zh-TW');
INSERT INTO OKM_TRANSLATION (TR_MODULE, TR_KEY, TR_TEXT, TR_LANGUAGE) VALUES ('frontend', 'OKM-003017', '', 'zh-TW');
INSERT INTO OKM_TRANSLATION (TR_MODULE, TR_KEY, TR_TEXT, TR_LANGUAGE) VALUES ('frontend', 'OKM-013001', '', 'zh-TW');
INSERT INTO OKM_TRANSLATION (TR_MODULE, TR_KEY, TR_TEXT, TR_LANGUAGE) VALUES ('frontend', 'OKM-013024', ',  ', 'zh-TW');
INSERT INTO OKM_TRANSLATION (TR_MODULE, TR_KEY, TR_TEXT, TR_LANGUAGE) VALUES ('frontend', 'OKM-014001', '', 'zh-TW');
INSERT INTO OKM_TRANSLATION (TR_MODULE, TR_KEY, TR_TEXT, TR_LANGUAGE) VALUES ('frontend', 'OKM-014013', '', 'zh-TW');
INSERT INTO OKM_TRANSLATION (TR_MODULE, TR_KEY, TR_TEXT, TR_LANGUAGE) VALUES ('frontend', 'OKM-015001', '', 'zh-TW');
INSERT INTO OKM_TRANSLATION (TR_MODULE, TR_KEY, TR_TEXT, TR_LANGUAGE) VALUES ('frontend', 'OKM-015024', '', 'zh-TW');
INSERT INTO OKM_TRANSLATION (TR_MODULE, TR_KEY, TR_TEXT, TR_LANGUAGE) VALUES ('frontend', 'OKM-018022', '', 'zh-TW');
INSERT INTO OKM_TRANSLATION (TR_MODULE, TR_KEY, TR_TEXT, TR_LANGUAGE) VALUES ('frontend', 'OKM-018023', '', 'zh-TW');
INSERT INTO OKM_TRANSLATION (TR_MODULE, TR_KEY, TR_TEXT, TR_LANGUAGE) VALUES ('frontend', 'OKM-016009', '', 'zh-TW');
INSERT INTO OKM_TRANSLATION (TR_MODULE, TR_KEY, TR_TEXT, TR_LANGUAGE) VALUES ('frontend', 'OKM-016002', '', 'zh-TW');
INSERT INTO OKM_TRANSLATION (TR_MODULE, TR_KEY, TR_TEXT, TR_LANGUAGE) VALUES ('frontend', 'OKM-016003', '', 'zh-TW');
INSERT INTO OKM_TRANSLATION (TR_MODULE, TR_KEY, TR_TEXT, TR_LANGUAGE) VALUES ('frontend', 'OKM-016004', '', 'zh-TW');
INSERT INTO OKM_TRANSLATION (TR_MODULE, TR_KEY, TR_TEXT, TR_LANGUAGE) VALUES ('frontend', 'OKM-016001', '', 'zh-TW');
INSERT INTO OKM_TRANSLATION (TR_MODULE, TR_KEY, TR_TEXT, TR_LANGUAGE) VALUES ('frontend', 'OKM-016006', '', 'zh-TW');
INSERT INTO OKM_TRANSLATION (TR_MODULE, TR_KEY, TR_TEXT, TR_LANGUAGE) VALUES ('frontend', 'OKM-016015', ' ', 'zh-TW');

